total_score,complex_normalized,dG_cross,dG_cross/dSASAx100,dG_separated,dG_separated/dSASAx100,dSASA_hphobic,dSASA_int,dSASA_polar,delta_unsatHbonds,dslf_fa13,fa_atr,fa_dun,fa_elec,fa_intra_rep,fa_intra_sol_xover4,fa_rep,fa_sol,hbond_E_fraction,hbond_bb_sc,hbond_lr_bb,hbond_sc,hbond_sr_bb,hbonds_int,lk_ball_wtd,nres_all,nres_int,omega,p_aa_pp,packstat,per_residue_energy_int,pro_close,rama_prepro,ref,sc_value,side1_normalized,side1_score,side2_normalized,side2_score,yhh_planarity,description,mutation,score_file
-155.933,-0.645,59.433,2.469,95.101,3.951,1215.991,2407.156,1191.165,32.0,-1.995,-1327.618,257.231,-291.816,1.96,32.207,301.032,777.39,-0.046,-32.107,-49.521,-20.556,-51.523,7.0,-33.429,269.0,83.0,92.414,-45.788,0.768,0.602,1.946,58.96,174.685,0.677,1.327,51.765,-0.041,-1.821,0.597,g0_00_0001,run1_g0_g0_00,single-objective/run1/g0/g0_00.pdb.sc
116.251,0.326,65.119,2.715,352.574,14.701,1200.803,2398.357,1197.554,29.0,-1.995,-1328.734,257.151,-294.451,1.944,32.76,571.458,789.896,-0.014,-32.591,-49.521,-20.556,-51.523,8.0,-34.274,269.0,83.0,92.414,-46.69,0.625,3.721,1.946,57.761,170.674,0.671,1.409,54.937,5.771,253.934,0.585,g0_01_0001,run1_g0_g0_01,single-objective/run1/g0/g0_01.pdb.sc
387.53,0.476,346.076,14.139,385.235,15.739,1223.966,2447.616,1223.651,37.0,-1.995,-1323.936,253.043,-274.168,1.959,31.588,818.876,776.106,-0.006,-29.622,-49.521,-18.817,-51.523,4.0,-34.2,269.0,85.0,91.945,-43.174,0.696,4.163,1.946,61.077,177.35,0.609,4.931,202.151,3.447,151.687,0.597,g0_02_0001,run1_g0_g0_02,single-objective/run1/g0/g0_02.pdb.sc
23.824,0.015,228.853,9.294,261.058,10.601,1247.959,2462.468,1214.509,33.0,-1.995,-1320.075,256.609,-290.479,1.969,32.681,470.35,772.407,-0.016,-32.107,-49.521,-20.556,-51.523,6.0,-32.467,269.0,83.0,92.347,-43.389,0.675,2.74,1.946,60.884,176.146,0.663,3.421,133.408,2.136,93.988,0.597,g0_03_0001,run1_g0_g0_03,single-objective/run1/g0/g0_03.pdb.sc
654.019,1.986,286.58,11.671,319.912,13.028,1252.084,2455.484,1203.4,29.0,-1.995,-1336.55,258.873,-291.466,1.986,31.984,1008.381,778.306,-0.011,-32.107,-47.916,-17.189,-51.523,5.0,-33.736,269.0,85.0,91.484,-40.523,0.694,6.113,99.83,62.542,173.042,0.673,4.085,167.502,8.002,352.105,0.597,g0_04_0001,run1_g0_g0_04,single-objective/run1/g0/g0_04.pdb.sc
737.097,2.483,641.636,26.299,665.651,27.283,1291.666,2439.779,1148.113,32.0,-1.995,-1339.421,253.36,-289.514,1.963,31.502,1041.584,769.783,-0.004,-32.107,-49.521,-18.488,-50.988,5.0,-33.16,269.0,83.0,92.673,-41.166,0.724,9.802,156.168,70.937,174.891,0.638,8.721,340.122,10.759,473.412,0.597,g0_05_0001,run1_g0_g0_05,single-objective/run1/g0/g0_05.pdb.sc
1069.88,3.063,1036.457,41.074,1084.582,42.981,1275.549,2523.396,1247.847,41.0,-1.995,-1331.046,256.01,-282.688,1.954,31.989,1512.822,777.574,-0.002,-29.622,-49.521,-20.556,-51.523,4.0,-34.517,269.0,85.0,91.987,-43.674,0.689,12.357,1.946,60.219,179.935,0.598,13.274,544.235,11.503,506.119,0.585,g0_06_0001,run1_g0_g0_06,single-objective/run1/g0/g0_06.pdb.sc
737.97,1.086,510.457,20.319,552.982,22.012,1228.458,2512.211,1283.753,36.0,-1.995,-1352.335,264.072,-297.016,2.028,33.786,1195.456,804.651,-0.007,-32.107,-49.521,-21.293,-51.523,6.0,-34.555,269.0,84.0,92.829,-46.024,0.706,6.117,1.946,58.425,170.551,0.646,6.896,275.858,5.408,237.947,0.597,g0_07_0001,run1_g0_g0_07,single-objective/run1/g0/g0_07.pdb.sc
-155.938,-0.638,55.811,2.332,88.978,3.718,1256.445,2393.309,1136.865,34.0,-1.995,-1315.647,252.962,-276.025,1.946,31.178,293.116,753.971,-0.043,-29.622,-49.521,-18.6,-51.523,6.0,-33.559,269.0,83.0,92.414,-45.16,0.713,0.632,1.946,59.422,178.171,0.666,1.287,50.207,0.051,2.245,0.588,g0_08_0001,run1_g0_g0_08,single-objective/run1/g0/g0_08.pdb.sc
30.753,-0.031,215.668,9.008,252.217,10.535,1190.419,2394.172,1203.754,32.0,-1.995,-1331.326,255.505,-288.752,1.972,32.776,483.279,779.63,-0.016,-32.107,-49.521,-18.271,-51.523,6.0,-32.725,269.0,83.0,92.414,-45.066,0.729,2.577,1.946,59.708,174.213,0.63,3.324,129.631,1.914,84.23,0.597,g0_09_0001,run1_g0_g0_09,single-objective/run1/g0/g0_09.pdb.sc
-155.483,-0.644,56.672,2.35,92.844,3.851,1226.409,2411.17,1184.761,29.0,-1.995,-1322.913,255.186,-292.125,1.939,32.346,298.412,780.781,-0.048,-32.107,-49.521,-20.556,-51.523,7.0,-34.186,269.0,83.0,92.414,-45.926,0.684,0.592,1.946,59.392,172.36,0.689,1.294,50.481,-0.031,-1.362,0.596,g0_10_0001,run1_g0_g0_10,single-objective/run1/g0/g0_10.pdb.sc
-108.871,-0.465,104.441,4.261,136.85,5.583,1208.862,2451.267,1242.405,35.0,-1.995,-1333.355,257.424,-296.658,1.951,32.337,343.223,791.98,-0.022,-32.109,-49.521,-20.556,-51.523,7.0,-32.757,269.0,83.0,92.414,-45.555,0.692,1.158,1.946,58.86,174.427,0.678,1.874,73.098,0.522,22.984,0.596,g0_11_0001,run1_g0_g0_11,single-objective/run1/g0/g0_11.pdb.sc
-156.899,-0.642,58.415,2.476,90.903,3.853,1236.337,2359.252,1122.915,28.0,-1.995,-1322.71,255.063,-286.857,1.931,32.221,295.524,773.559,-0.04,-32.107,-49.521,-18.6,-51.523,7.0,-34.164,269.0,83.0,92.414,-45.935,0.712,0.6,1.946,59.036,174.232,0.665,1.332,51.965,-0.05,-2.194,0.588,g0_12_0001,run1_g0_g0_12,single-objective/run1/g0/g0_12.pdb.sc
501.658,1.475,620.731,24.563,661.84,26.19,1291.637,2527.059,1235.421,35.0,-1.995,-1354.13,261.005,-288.783,2.001,32.81,955.669,796.847,-0.007,-32.109,-49.521,-20.556,-51.523,8.0,-31.23,269.0,83.0,92.414,-45.749,0.738,7.461,1.946,59.015,174.952,0.661,8.506,331.751,6.534,287.502,0.597,g0_13_0001,run1_g0_g0_13,single-objective/run1/g0/g0_13.pdb.sc
680.226,2.27,589.354,24.069,621.538,25.384,1264.376,2448.568,1184.192,33.0,-1.995,-1341.288,257.156,-293.152,1.975,32.244,1141.642,774.154,-0.007,-32.107,-49.521,-20.227,-51.523,6.0,-32.866,269.0,83.0,92.363,-42.852,0.711,9.223,1.946,65.355,178.327,0.648,8.051,313.987,10.262,451.507,0.596,g0_14_0001,run1_g0_g0_14,single-objective/run1/g0/g0_14.pdb.sc
886.469,1.121,222.555,9.423,289.341,12.251,1145.214,2361.794,1216.579,32.0,-1.995,-1325.403,256.124,-289.21,1.938,32.023,1103.539,776.916,-0.012,-32.107,-49.064,-20.227,-51.523,6.0,-33.071,269.0,84.0,92.83,-42.59,0.706,6.228,231.137,65.196,171.371,0.637,3.165,126.589,9.013,396.591,0.585,g0_15_0001,run1_g0_g0_15,single-objective/run1/g0/g0_15.pdb.sc
313.777,0.293,262.728,10.841,332.241,13.709,1241.486,2423.501,1182.015,33.0,-1.995,-1331.67,254.777,-282.335,1.966,31.741,767.074,774.84,-0.009,-30.764,-49.521,-20.556,-51.523,6.0,-33.132,269.0,84.0,92.829,-45.796,0.724,3.589,1.946,58.405,176.894,0.652,3.799,151.947,3.399,149.535,0.597,g0_16_0001,run1_g0_g0_16,single-objective/run1/g0/g0_16.pdb.sc
338.834,0.788,428.889,17.962,468.086,19.603,1225.37,2387.771,1162.4,30.0,-1.995,-1320.914,254.51,-289.117,1.992,31.562,787.781,769.006,-0.008,-32.107,-49.521,-18.6,-51.523,5.0,-33.098,269.0,85.0,91.987,-42.228,0.72,5.18,1.946,61.658,176.901,0.66,5.773,236.702,4.627,203.577,0.597,g0_17_0001,run1_g0_g0_17,single-objective/run1/g0/g0_17.pdb.sc
0.607,-0.319,92.934,3.862,124.035,5.154,1204.962,2406.643,1201.682,34.0,-1.995,-1327.457,256.563,-291.825,1.959,32.168,457.397,770.281,-0.022,-32.107,-49.365,-20.227,-51.523,5.0,-32.962,269.0,83.0,92.512,-43.578,0.714,1.662,1.946,61.927,176.299,0.679,1.825,71.192,1.517,66.75,0.597,g0_18_0001,run1_g0_g0_18,single-objective/run1/g0/g0_18.pdb.sc
1271.448,4.165,1326.201,52.756,1365.277,54.31,1214.16,2513.852,1299.691,39.0,-1.995,-1351.223,255.776,-287.299,1.965,32.477,1719.417,797.913,-0.003,-32.107,-49.521,-18.271,-51.523,6.0,-32.618,269.0,84.0,92.829,-44.523,0.719,15.984,1.946,61.625,175.985,0.615,17.009,680.373,15.052,662.303,0.597,g0_19_0001,run1_g0_g0_19,single-objective/run1/g0/g0_19.pdb.sc
1262.916,3.287,1098.05,42.94,1143.846,44.731,1305.078,2557.174,1252.095,41.0,-1.995,-1350.352,260.746,-294.522,1.983,32.881,1724.622,795.426,-0.003,-32.107,-49.521,-20.556,-51.523,4.0,-35.509,269.0,86.0,92.402,-45.062,0.705,12.9,1.946,59.141,174.318,0.616,13.738,576.995,12.101,532.448,0.597,g0_20_0001,run1_g0_g0_20,single-objective/run1/g0/g0_20.pdb.sc
-21.017,-0.234,145.141,6.06,175.948,7.346,1186.885,2395.01,1208.125,33.0,-1.995,-1331.351,258.77,-291.773,1.979,32.415,431.269,778.367,-0.021,-32.107,-49.521,-18.751,-51.523,6.0,-34.444,269.0,83.0,92.167,-44.258,0.761,1.76,1.946,60.813,176.395,0.638,2.343,91.375,1.244,54.722,0.585,g0_21_0001,run1_g0_g0_21,single-objective/run1/g0/g0_21.pdb.sc
-123.733,-0.527,90.388,3.755,123.177,5.118,1178.236,2406.856,1228.621,32.0,-1.995,-1315.64,253.835,-285.678,1.928,31.566,321.578,772.636,-0.036,-32.107,-49.521,-18.6,-51.523,7.0,-32.849,269.0,83.0,92.414,-45.206,0.723,0.976,1.946,59.087,173.813,0.669,1.672,65.195,0.359,15.799,0.585,g0_22_0001,run1_g0_g0_22,single-objective/run1/g0/g0_22.pdb.sc
477.761,1.534,602.907,25.528,634.896,26.882,1223.444,2361.77,1138.326,34.0,-1.995,-1334.356,256.222,-282.329,1.957,31.78,929.58,766.899,-0.006,-30.909,-49.521,-20.227,-51.523,6.0,-33.345,269.0,83.0,92.414,-43.568,0.766,7.668,1.946,64.035,180.114,0.645,8.237,321.239,7.163,315.173,0.588,g0_23_0001,run1_g0_g0_23,single-objective/run1/g0/g0_23.pdb.sc
-153.476,-0.641,56.408,2.331,95.001,3.926,1248.8,2419.705,1170.906,34.0,-1.995,-1330.374,257.411,-287.134,1.948,31.726,303.83,775.671,-0.052,-32.673,-49.521,-18.6,-51.523,9.0,-33.243,269.0,83.0,92.414,-46.203,0.683,0.613,1.946,57.77,174.479,0.703,1.292,50.376,0.011,0.496,0.597,g0_24_0001,run1_g0_g0_24,single-objective/run1/g0/g0_24.pdb.sc
-155.938,-0.638,55.811,2.332,88.978,3.718,1256.445,2393.309,1136.865,34.0,-1.995,-1315.647,252.962,-276.025,1.946,31.178,293.116,753.971,-0.043,-29.622,-49.521,-18.6,-51.523,6.0,-33.559,269.0,83.0,92.414,-45.16,0.713,0.632,1.946,59.422,178.171,0.666,1.287,50.207,0.051,2.245,0.588,g0_08_0001,run1_g1_g1_0,single-objective/run1/g1/g1_0.pdb.sc
-155.483,-0.644,56.672,2.35,92.844,3.851,1226.409,2411.17,1184.761,29.0,-1.995,-1322.913,255.186,-292.125,1.939,32.346,298.412,780.781,-0.048,-32.107,-49.521,-20.556,-51.523,7.0,-34.186,269.0,83.0,92.414,-45.926,0.684,0.592,1.946,59.392,172.36,0.689,1.294,50.481,-0.031,-1.362,0.596,g0_10_0001,run1_g1_g1_1,single-objective/run1/g1/g1_1.pdb.sc
-18.788,-0.128,54.926,2.329,89.064,3.776,1265.125,2358.748,1093.623,28.0,-1.995,-1327.685,258.814,-283.028,1.957,32.575,317.633,771.497,-0.05,-32.107,-49.521,-16.971,-51.523,7.0,-34.106,269.0,83.0,90.996,-37.879,0.693,1.484,91.744,76.635,173.59,0.672,1.305,50.905,1.643,72.282,0.588,temp_g1_12_0001,run1_g1_g1_10,single-objective/run1/g1/g1_10.pdb.sc
116.251,0.326,65.119,2.715,352.574,14.701,1200.803,2398.357,1197.554,29.0,-1.995,-1328.734,257.151,-294.451,1.944,32.76,571.458,789.896,-0.014,-32.591,-49.521,-20.556,-51.523,8.0,-34.274,269.0,83.0,92.414,-46.69,0.625,3.721,1.946,57.761,170.674,0.671,1.409,54.937,5.771,253.934,0.585,g0_01_0001,run1_g1_g1_11,single-objective/run1/g1/g1_11.pdb.sc
-126.012,-0.518,87.992,3.656,124.416,5.169,1269.268,2407.01,1137.742,31.0,-1.995,-1320.569,250.095,-272.997,1.951,31.375,325.532,758.23,-0.033,-30.106,-49.521,-18.6,-51.523,8.0,-32.526,269.0,83.0,92.414,-46.207,0.727,1.012,1.946,58.212,177.689,0.673,1.695,66.118,0.406,17.869,0.588,temp_g1_08_0001,run1_g1_g1_12,single-objective/run1/g1/g1_12.pdb.sc
-123.733,-0.527,90.388,3.755,123.177,5.118,1178.236,2406.856,1228.621,32.0,-1.995,-1315.64,253.835,-285.678,1.928,31.566,321.578,772.636,-0.036,-32.107,-49.521,-18.6,-51.523,7.0,-32.849,269.0,83.0,92.414,-45.206,0.723,0.976,1.946,59.087,173.813,0.669,1.672,65.195,0.359,15.799,0.585,g0_22_0001,run1_g1_g1_13,single-objective/run1/g1/g1_13.pdb.sc
118.31,-0.015,139.512,5.518,177.434,7.018,1288.872,2528.285,1239.413,34.0,-1.995,-1341.681,261.96,-289.474,2.054,33.206,572.279,772.335,-0.019,-32.107,-49.365,-19.483,-51.523,6.0,-32.679,269.0,83.0,92.265,-43.184,0.689,2.47,1.946,65.01,178.151,0.681,2.451,95.603,2.487,109.431,0.597,temp_g1_18_0001,run1_g1_g1_14,single-objective/run1/g1/g1_14.pdb.sc
0.607,-0.319,92.934,3.862,124.035,5.154,1204.962,2406.643,1201.682,34.0,-1.995,-1327.457,256.563,-291.825,1.959,32.168,457.397,770.281,-0.022,-32.107,-49.365,-20.227,-51.523,5.0,-32.962,269.0,83.0,92.512,-43.578,0.714,1.662,1.946,61.927,176.299,0.679,1.825,71.192,1.517,66.75,0.597,g0_18_0001,run1_g1_g1_15,single-objective/run1/g1/g1_15.pdb.sc
75.332,-0.219,128.992,5.352,196.746,8.164,1206.26,2409.951,1203.691,32.0,-1.995,-1323.133,257.982,-293.881,1.934,33.1,521.106,788.754,-0.019,-32.591,-49.521,-20.556,-51.523,7.0,-34.115,269.0,84.0,93.626,-46.392,0.692,1.944,1.946,58.601,171.405,0.658,2.06,82.394,1.838,80.886,0.585,temp_g1_01_0001,run1_g1_g1_16,single-objective/run1/g1/g1_16.pdb.sc
-108.871,-0.465,104.441,4.261,136.85,5.583,1208.862,2451.267,1242.405,35.0,-1.995,-1333.355,257.424,-296.658,1.951,32.337,343.223,791.98,-0.022,-32.109,-49.521,-20.556,-51.523,7.0,-32.757,269.0,83.0,92.414,-45.555,0.692,1.158,1.946,58.86,174.427,0.678,1.874,73.098,0.522,22.984,0.596,g0_11_0001,run1_g1_g1_17,single-objective/run1/g1/g1_17.pdb.sc
-132.729,-0.558,68.525,2.901,111.379,4.716,1185.992,2361.745,1175.753,31.0,-1.995,-1312.438,255.478,-285.989,1.938,31.684,309.159,768.472,-0.034,-32.107,-49.521,-16.971,-51.523,6.0,-33.155,269.0,83.0,92.414,-44.276,0.732,0.849,1.946,59.789,173.78,0.67,1.37,53.434,0.388,17.066,0.585,temp_g1_22_0001,run1_g1_g1_18,single-objective/run1/g1/g1_18.pdb.sc
423.509,0.613,370.323,14.652,411.925,16.298,1244.931,2527.472,1282.541,41.0,-1.995,-1334.328,253.545,-269.027,2.031,31.874,857.309,774.529,-0.008,-29.622,-49.521,-17.421,-51.523,4.0,-34.766,269.0,85.0,91.945,-42.202,0.67,4.572,1.946,61.66,178.479,0.616,5.247,215.118,3.943,173.503,0.597,temp_g1_02_0001,run1_g1_g1_19,single-objective/run1/g1/g1_19.pdb.sc
-155.938,-0.638,55.811,2.332,88.978,3.718,1256.445,2393.309,1136.865,34.0,-1.995,-1315.647,252.962,-276.025,1.946,31.178,293.116,753.971,-0.043,-29.622,-49.521,-18.6,-51.523,6.0,-33.559,269.0,83.0,92.414,-45.16,0.713,0.632,1.946,59.422,178.171,0.666,1.287,50.207,0.051,2.245,0.588,g0_08_0001,run1_g1_g1_2,single-objective/run1/g1/g1_2.pdb.sc
-156.899,-0.642,58.415,2.476,90.903,3.853,1236.337,2359.252,1122.915,28.0,-1.995,-1322.71,255.063,-286.857,1.931,32.221,295.524,773.559,-0.04,-32.107,-49.521,-18.6,-51.523,7.0,-34.164,269.0,83.0,92.414,-45.935,0.712,0.6,1.946,59.036,174.232,0.665,1.332,51.965,-0.05,-2.194,0.588,g0_12_0001,run1_g1_g1_20,single-objective/run1/g1/g1_20.pdb.sc
448.572,0.696,404.878,16.279,449.99,18.093,1282.78,2487.076,1204.296,34.0,-1.995,-1335.84,254.842,-280.519,2.0,32.734,894.947,779.603,-0.007,-32.107,-49.521,-18.6,-51.523,5.0,-33.709,269.0,85.0,91.987,-44.167,0.658,4.864,1.946,60.156,177.741,0.619,5.679,232.842,4.105,180.612,0.597,temp_g1_00_0001,run1_g1_g1_21,single-objective/run1/g1/g1_21.pdb.sc
1343.655,2.038,491.551,20.079,529.092,21.612,1200.957,2448.132,1247.175,28.0,-1.995,-1342.839,260.124,-297.412,1.948,32.762,1564.432,799.151,-0.008,-32.107,-49.064,-20.227,-51.523,6.0,-34.713,269.0,84.0,92.83,-42.216,0.714,9.15,231.137,66.094,166.679,0.657,6.619,264.768,11.45,503.791,0.596,temp_g1_10_0001,run1_g1_g1_22,single-objective/run1/g1/g1_22.pdb.sc
524.268,1.229,466.205,19.474,527.667,22.042,1236.223,2393.953,1157.729,28.0,-1.995,-1327.761,251.118,-288.472,1.995,30.982,964.657,776.464,-0.006,-32.107,-49.521,-16.861,-51.523,4.0,-32.833,269.0,85.0,92.13,-38.617,0.728,6.578,1.946,65.767,178.305,0.652,6.339,259.897,6.801,299.243,0.597,temp_g1_17_0001,run1_g1_g1_23,single-objective/run1/g1/g1_23.pdb.sc
-155.483,-0.644,56.672,2.35,92.844,3.851,1226.409,2411.17,1184.761,29.0,-1.995,-1322.913,255.186,-292.125,1.939,32.346,298.412,780.781,-0.048,-32.107,-49.521,-20.556,-51.523,7.0,-34.186,269.0,83.0,92.414,-45.926,0.684,0.592,1.946,59.392,172.36,0.689,1.294,50.481,-0.031,-1.362,0.596,g0_10_0001,run1_g1_g1_24,single-objective/run1/g1/g1_24.pdb.sc
654.019,1.986,286.58,11.671,319.912,13.028,1252.084,2455.484,1203.4,29.0,-1.995,-1336.55,258.873,-291.466,1.986,31.984,1008.381,778.306,-0.011,-32.107,-47.916,-17.189,-51.523,5.0,-33.736,269.0,85.0,91.484,-40.523,0.694,6.113,99.83,62.542,173.042,0.673,4.085,167.502,8.002,352.105,0.597,g0_04_0001,run1_g1_g1_3,single-objective/run1/g1/g1_3.pdb.sc
141.55,0.328,310.129,12.669,343.404,14.028,1272.875,2448.02,1175.144,31.0,-1.995,-1322.058,255.094,-284.725,1.97,33.218,581.527,774.07,-0.01,-32.107,-49.521,-18.6,-51.523,6.0,-33.284,269.0,83.0,92.347,-43.84,0.672,3.75,1.946,60.544,177.899,0.645,4.477,174.617,3.106,136.668,0.588,temp_g1_03_0001,run1_g1_g1_4,single-objective/run1/g1/g1_4.pdb.sc
-153.476,-0.641,56.408,2.331,95.001,3.926,1248.8,2419.705,1170.906,34.0,-1.995,-1330.374,257.411,-287.134,1.948,31.726,303.83,775.671,-0.052,-32.673,-49.521,-18.6,-51.523,9.0,-33.243,269.0,83.0,92.414,-46.203,0.683,0.613,1.946,57.77,174.479,0.703,1.292,50.376,0.011,0.496,0.597,g0_24_0001,run1_g1_g1_5,single-objective/run1/g1/g1_5.pdb.sc
501.658,1.475,620.731,24.563,661.84,26.19,1291.637,2527.059,1235.421,35.0,-1.995,-1354.13,261.005,-288.783,2.001,32.81,955.669,796.847,-0.007,-32.109,-49.521,-20.556,-51.523,8.0,-31.23,269.0,83.0,92.414,-45.749,0.738,7.461,1.946,59.015,174.952,0.661,8.506,331.751,6.534,287.502,0.597,g0_13_0001,run1_g1_g1_6,single-objective/run1/g1/g1_6.pdb.sc
482.671,1.557,605.926,25.851,635.183,27.099,1225.354,2343.897,1118.542,35.0,-1.995,-1323.653,251.069,-282.524,1.918,31.826,926.158,768.227,-0.006,-30.909,-49.521,-20.227,-51.523,5.0,-33.821,269.0,83.0,92.414,-42.28,0.715,7.706,1.946,65.015,179.973,0.641,8.287,323.196,7.191,316.42,0.576,temp_g1_23_0001,run1_g1_g1_7,single-objective/run1/g1/g1_7.pdb.sc
-155.933,-0.645,59.433,2.469,95.101,3.951,1215.991,2407.156,1191.165,32.0,-1.995,-1327.618,257.231,-291.816,1.96,32.207,301.032,777.39,-0.046,-32.107,-49.521,-20.556,-51.523,7.0,-33.429,269.0,83.0,92.414,-45.788,0.768,0.602,1.946,58.96,174.685,0.677,1.327,51.765,-0.041,-1.821,0.597,g0_00_0001,run1_g1_g1_8,single-objective/run1/g1/g1_8.pdb.sc
338.834,0.788,428.889,17.962,468.086,19.603,1225.37,2387.771,1162.4,30.0,-1.995,-1320.914,254.51,-289.117,1.992,31.562,787.781,769.006,-0.008,-32.107,-49.521,-18.6,-51.523,5.0,-33.098,269.0,85.0,91.987,-42.228,0.72,5.18,1.946,61.658,176.901,0.66,5.773,236.702,4.627,203.577,0.597,g0_17_0001,run1_g1_g1_9,single-objective/run1/g1/g1_9.pdb.sc
-84.558,-0.435,31.649,1.292,61.261,2.501,1285.255,2449.246,1163.991,32.0,-1.995,-1295.36,249.717,-284.859,1.98,32.456,328.106,756.878,-0.076,-32.107,-48.639,-17.969,-51.523,7.0,-31.913,269.0,83.0,93.067,-39.174,0.661,1.151,18.397,65.345,172.452,0.65,0.874,34.081,1.397,61.458,0.585,temp_g8_17_0001,run1_g10_g10_0,single-objective/run1/g10/g10_0.pdb.sc
-84.558,-0.435,31.649,1.292,61.261,2.501,1285.255,2449.246,1163.991,32.0,-1.995,-1295.36,249.717,-284.859,1.98,32.456,328.106,756.878,-0.076,-32.107,-48.639,-17.969,-51.523,7.0,-31.913,269.0,83.0,93.067,-39.174,0.661,1.151,18.397,65.345,172.452,0.65,0.874,34.081,1.397,61.458,0.585,temp_g8_17_0001,run1_g10_g10_1,single-objective/run1/g10/g10_1.pdb.sc
-87.322,-0.372,93.801,3.907,131.543,5.478,1323.04,2401.12,1078.08,36.0,-1.995,-1325.197,253.8,-274.601,1.976,31.316,362.333,752.268,-0.038,-30.188,-49.521,-16.971,-51.523,9.0,-32.437,269.0,83.0,92.167,-44.425,0.737,1.321,1.946,59.282,183.86,0.69,1.785,69.62,0.91,40.021,0.588,temp_g10_07_0001,run1_g10_g10_10,single-objective/run1/g10/g10_10.pdb.sc
43.358,0.08,33.17,1.377,68.808,2.856,1239.418,2409.506,1170.088,36.0,-1.995,-1297.757,251.493,-271.54,1.917,32.098,342.53,750.648,-0.059,-29.622,-48.639,-17.64,-51.523,6.0,-32.656,269.0,83.0,91.052,-33.432,0.693,2.136,108.196,80.454,169.188,0.684,0.96,37.455,3.177,139.8,0.585,temp_g8_06_0001,run1_g10_g10_11,single-objective/run1/g10/g10_11.pdb.sc
34.469,0.051,38.373,1.585,67.628,2.793,1247.171,2421.025,1173.854,32.0,-1.995,-1301.304,253.39,-287.994,1.923,32.544,343.653,766.881,-0.052,-32.107,-48.639,-19.596,-51.523,5.0,-32.465,269.0,83.0,91.052,-34.941,0.745,2.043,108.196,79.422,167.388,0.672,1.012,39.472,2.957,130.102,0.585,temp_g6_07_0001,run1_g10_g10_12,single-objective/run1/g10/g10_12.pdb.sc
34.469,0.051,38.373,1.585,67.628,2.793,1247.171,2421.025,1173.854,32.0,-1.995,-1301.304,253.39,-287.994,1.923,32.544,343.653,766.881,-0.052,-32.107,-48.639,-19.596,-51.523,5.0,-32.465,269.0,83.0,91.052,-34.941,0.745,2.043,108.196,79.422,167.388,0.672,1.012,39.472,2.957,130.102,0.585,temp_g6_07_0001,run1_g10_g10_13,single-objective/run1/g10/g10_13.pdb.sc
34.469,0.051,38.373,1.585,67.628,2.793,1247.171,2421.025,1173.854,32.0,-1.995,-1301.304,253.39,-287.994,1.923,32.544,343.653,766.881,-0.052,-32.107,-48.639,-19.596,-51.523,5.0,-32.465,269.0,83.0,91.052,-34.941,0.745,2.043,108.196,79.422,167.388,0.672,1.012,39.472,2.957,130.102,0.585,temp_g6_07_0001,run1_g10_g10_14,single-objective/run1/g10/g10_14.pdb.sc
-80.606,-0.393,37.675,1.55,69.111,2.844,1235.277,2430.357,1195.081,34.0,-1.995,-1292.732,245.876,-285.066,1.978,31.782,324.13,756.396,-0.059,-32.107,-48.639,-16.971,-51.523,6.0,-31.542,269.0,83.0,93.634,-36.952,0.728,1.288,18.397,68.639,175.505,0.637,0.983,38.332,1.558,68.541,0.585,temp_g9_10_0001,run1_g10_g10_15,single-objective/run1/g10/g10_15.pdb.sc
-134.107,-0.558,53.2,2.206,91.458,3.792,1286.55,2411.572,1125.021,34.0,-1.995,-1331.161,259.696,-285.276,1.983,31.758,320.921,770.673,-0.055,-32.673,-49.521,-16.971,-51.523,9.0,-33.78,269.0,83.0,92.167,-45.619,0.68,0.715,1.946,58.415,176.267,0.699,1.266,49.363,0.227,9.987,0.588,temp_g7_17_0001,run1_g10_g10_16,single-objective/run1/g10/g10_16.pdb.sc
252.329,0.865,43.495,1.796,69.026,2.85,1264.239,2422.314,1158.075,29.0,-1.995,-1301.477,250.587,-276.267,1.921,32.032,382.586,756.451,-0.048,-29.622,-48.639,-19.925,-51.523,6.0,-31.733,269.0,83.0,90.881,-25.147,0.671,4.672,261.405,94.318,167.891,0.647,1.046,40.795,7.886,346.991,0.585,temp_g5_14_0001,run1_g10_g10_17,single-objective/run1/g10/g10_17.pdb.sc
47.0,0.1,49.28,2.033,77.525,3.198,1257.271,2424.318,1167.048,29.0,-1.995,-1306.609,254.059,-288.79,1.925,32.583,353.215,772.107,-0.043,-32.107,-48.639,-19.925,-51.523,6.0,-32.477,269.0,83.0,91.097,-32.843,0.685,2.204,108.196,81.842,166.3,0.663,1.12,43.687,3.164,139.213,0.585,temp_g4_04_0001,run1_g10_g10_18,single-objective/run1/g10/g10_18.pdb.sc
171.592,0.407,243.659,10.048,346.846,14.304,1273.136,2424.853,1151.716,33.0,-1.995,-1288.141,248.182,-280.178,1.978,32.812,594.367,754.889,-0.015,-29.622,-49.499,-17.969,-51.523,9.0,-29.809,269.0,83.0,92.356,-44.027,0.681,3.927,1.946,60.974,176.265,0.625,3.669,143.075,4.155,182.836,0.585,temp_g10_00_0001,run1_g10_g10_19,single-objective/run1/g10/g10_19.pdb.sc
181.582,0.6,39.93,1.681,73.211,3.082,1279.206,2375.63,1096.424,31.0,-1.995,-1287.366,247.909,-271.683,1.901,31.338,325.204,743.822,-0.056,-29.622,-49.499,-17.969,-51.523,6.0,-31.964,269.0,83.0,90.781,-29.389,0.7,3.839,244.954,93.719,172.387,0.649,1.016,39.634,6.342,279.042,0.576,temp_g8_01_0001,run1_g10_g10_2,single-objective/run1/g10/g10_2.pdb.sc
60.816,0.148,56.481,2.346,83.029,3.448,1251.258,2407.743,1156.485,32.0,-1.995,-1297.769,248.331,-277.801,1.928,31.828,363.792,757.986,-0.033,-30.909,-48.639,-17.858,-51.523,5.0,-32.49,269.0,82.0,91.077,-34.24,0.698,2.375,108.196,79.986,170.332,0.658,1.245,48.56,3.399,146.161,0.585,temp_g10_08_0001,run1_g10_g10_20,single-objective/run1/g10/g10_20.pdb.sc
110.135,0.295,96.808,4.004,128.903,5.332,1239.887,2417.661,1177.774,32.0,-1.995,-1312.948,248.726,-281.012,1.935,32.126,411.109,773.956,-0.032,-32.107,-48.639,-16.971,-51.523,6.0,-32.285,269.0,83.0,91.097,-32.401,0.708,2.826,108.196,81.486,170.802,0.656,1.714,66.848,3.812,167.709,0.585,temp_g10_21_0001,run1_g10_g10_21,single-objective/run1/g10/g10_21.pdb.sc
34.469,0.051,38.373,1.585,67.628,2.793,1247.171,2421.025,1173.854,32.0,-1.995,-1301.304,253.39,-287.994,1.923,32.544,343.653,766.881,-0.052,-32.107,-48.639,-19.596,-51.523,5.0,-32.465,269.0,83.0,91.052,-34.941,0.745,2.043,108.196,79.422,167.388,0.672,1.012,39.472,2.957,130.102,0.585,temp_g6_07_0001,run1_g10_g10_22,single-objective/run1/g10/g10_22.pdb.sc
47.0,0.1,49.28,2.033,77.525,3.198,1257.271,2424.318,1167.048,29.0,-1.995,-1306.609,254.059,-288.79,1.925,32.583,353.215,772.107,-0.043,-32.107,-48.639,-19.925,-51.523,6.0,-32.477,269.0,83.0,91.097,-32.843,0.685,2.204,108.196,81.842,166.3,0.663,1.12,43.687,3.164,139.213,0.585,temp_g4_04_0001,run1_g10_g10_23,single-objective/run1/g10/g10_23.pdb.sc
-84.558,-0.435,31.649,1.292,61.261,2.501,1285.255,2449.246,1163.991,32.0,-1.995,-1295.36,249.717,-284.859,1.98,32.456,328.106,756.878,-0.076,-32.107,-48.639,-17.969,-51.523,7.0,-31.913,269.0,83.0,93.067,-39.174,0.661,1.151,18.397,65.345,172.452,0.65,0.874,34.081,1.397,61.458,0.585,temp_g8_17_0001,run1_g10_g10_24,single-objective/run1/g10/g10_24.pdb.sc
116.3,0.371,36.117,1.563,60.821,2.632,1179.621,2310.877,1131.256,27.0,-1.995,-1294.94,252.536,-288.817,1.937,32.24,451.849,759.848,-0.055,-32.107,-49.499,-19.596,-51.523,6.0,-32.512,269.0,83.0,90.95,-40.267,0.719,2.276,91.744,74.441,171.435,0.665,0.996,38.856,3.411,150.071,0.576,temp_g10_09_0001,run1_g10_g10_3,single-objective/run1/g10/g10_3.pdb.sc
31.607,0.052,34.553,1.481,62.385,2.673,1195.6,2333.584,1137.985,34.0,-1.995,-1293.412,252.426,-285.134,1.893,32.472,333.361,761.832,-0.066,-32.107,-48.639,-16.642,-51.523,6.0,-33.004,269.0,83.0,91.052,-34.17,0.716,2.044,108.196,79.48,166.946,0.666,0.97,37.838,2.996,131.817,0.576,temp_g10_02_0001,run1_g10_g10_4,single-objective/run1/g10/g10_4.pdb.sc
470.21,1.541,43.559,1.831,71.19,2.992,1306.877,2379.168,1072.291,32.0,-1.995,-1296.624,248.838,-269.906,1.905,31.459,569.462,740.305,-0.057,-29.622,-48.639,-17.969,-51.523,6.0,-31.317,269.0,83.0,91.3,-24.029,0.689,6.835,279.114,109.196,169.68,0.65,1.09,42.525,11.926,524.749,0.576,temp_g10_22_0001,run1_g10_g10_5,single-objective/run1/g10/g10_5.pdb.sc
-146.036,-0.587,53.217,2.157,99.327,4.026,1265.179,2466.987,1201.809,29.0,-1.995,-1312.892,244.945,-282.461,1.953,31.29,308.074,759.737,-0.038,-30.764,-49.521,-16.861,-51.523,6.0,-32.593,269.0,83.0,92.414,-45.58,0.719,0.751,1.946,58.08,179.121,0.684,1.243,48.466,0.315,13.839,0.596,temp_g10_23_0001,run1_g10_g10_6,single-objective/run1/g10/g10_6.pdb.sc
-84.558,-0.435,31.649,1.292,61.261,2.501,1285.255,2449.246,1163.991,32.0,-1.995,-1295.36,249.717,-284.859,1.98,32.456,328.106,756.878,-0.076,-32.107,-48.639,-17.969,-51.523,7.0,-31.913,269.0,83.0,93.067,-39.174,0.661,1.151,18.397,65.345,172.452,0.65,0.874,34.081,1.397,61.458,0.585,temp_g8_17_0001,run1_g10_g10_7,single-objective/run1/g10/g10_7.pdb.sc
34.469,0.051,38.373,1.585,67.628,2.793,1247.171,2421.025,1173.854,32.0,-1.995,-1301.304,253.39,-287.994,1.923,32.544,343.653,766.881,-0.052,-32.107,-48.639,-19.596,-51.523,5.0,-32.465,269.0,83.0,91.052,-34.941,0.745,2.043,108.196,79.422,167.388,0.672,1.012,39.472,2.957,130.102,0.585,temp_g6_07_0001,run1_g10_g10_8,single-objective/run1/g10/g10_8.pdb.sc
252.329,0.865,43.495,1.796,69.026,2.85,1264.239,2422.314,1158.075,29.0,-1.995,-1301.477,250.587,-276.267,1.921,32.032,382.586,756.451,-0.048,-29.622,-48.639,-19.925,-51.523,6.0,-31.733,269.0,83.0,90.881,-25.147,0.671,4.672,261.405,94.318,167.891,0.647,1.046,40.795,7.886,346.991,0.585,temp_g5_14_0001,run1_g10_g10_9,single-objective/run1/g10/g10_9.pdb.sc
-84.558,-0.435,31.649,1.292,61.261,2.501,1285.255,2449.246,1163.991,32.0,-1.995,-1295.36,249.717,-284.859,1.98,32.456,328.106,756.878,-0.076,-32.107,-48.639,-17.969,-51.523,7.0,-31.913,269.0,83.0,93.067,-39.174,0.661,1.151,18.397,65.345,172.452,0.65,0.874,34.081,1.397,61.458,0.585,temp_g8_17_0001,run1_g11_g11_0,single-objective/run1/g11/g11_0.pdb.sc
-84.558,-0.435,31.649,1.292,61.261,2.501,1285.255,2449.246,1163.991,32.0,-1.995,-1295.36,249.717,-284.859,1.98,32.456,328.106,756.878,-0.076,-32.107,-48.639,-17.969,-51.523,7.0,-31.913,269.0,83.0,93.067,-39.174,0.661,1.151,18.397,65.345,172.452,0.65,0.874,34.081,1.397,61.458,0.585,temp_g8_17_0001,run1_g11_g11_1,single-objective/run1/g11/g11_1.pdb.sc
-80.606,-0.393,37.675,1.55,69.111,2.844,1235.277,2430.357,1195.081,34.0,-1.995,-1292.732,245.876,-285.066,1.978,31.782,324.13,756.396,-0.059,-32.107,-48.639,-16.971,-51.523,6.0,-31.542,269.0,83.0,93.634,-36.952,0.728,1.288,18.397,68.639,175.505,0.637,0.983,38.332,1.558,68.541,0.585,temp_g9_10_0001,run1_g11_g11_10,single-objective/run1/g11/g11_10.pdb.sc
47.0,0.1,49.28,2.033,77.525,3.198,1257.271,2424.318,1167.048,29.0,-1.995,-1306.609,254.059,-288.79,1.925,32.583,353.215,772.107,-0.043,-32.107,-48.639,-19.925,-51.523,6.0,-32.477,269.0,83.0,91.097,-32.843,0.685,2.204,108.196,81.842,166.3,0.663,1.12,43.687,3.164,139.213,0.585,temp_g4_04_0001,run1_g11_g11_11,single-objective/run1/g11/g11_11.pdb.sc
-10.206,-0.138,104.811,4.353,134.723,5.595,1252.157,2407.85,1155.694,36.0,-1.995,-1289.455,252.35,-282.946,1.957,33.353,386.922,759.628,-0.035,-32.107,-48.639,-17.969,-51.523,7.0,-31.634,269.0,83.0,93.067,-37.933,0.624,2.118,18.397,66.981,170.764,0.645,1.817,70.857,2.386,104.962,0.576,temp_g11_00_0001,run1_g11_g11_12,single-objective/run1/g11/g11_12.pdb.sc
31.438,0.041,35.53,1.472,66.393,2.751,1257.961,2413.653,1155.691,28.0,-1.995,-1304.121,250.039,-287.637,1.92,31.745,344.174,761.215,-0.05,-32.107,-48.639,-18.598,-51.523,6.0,-32.357,269.0,83.0,91.052,-33.912,0.652,2.019,108.196,79.806,173.598,0.674,0.977,38.088,2.944,129.527,0.585,temp_g11_13_0001,run1_g11_g11_13,single-objective/run1/g11/g11_13.pdb.sc
-84.558,-0.435,31.649,1.292,61.261,2.501,1285.255,2449.246,1163.991,32.0,-1.995,-1295.36,249.717,-284.859,1.98,32.456,328.106,756.878,-0.076,-32.107,-48.639,-17.969,-51.523,7.0,-31.913,269.0,83.0,93.067,-39.174,0.661,1.151,18.397,65.345,172.452,0.65,0.874,34.081,1.397,61.458,0.585,temp_g8_17_0001,run1_g11_g11_14,single-objective/run1/g11/g11_14.pdb.sc
252.329,0.865,43.495,1.796,69.026,2.85,1264.239,2422.314,1158.075,29.0,-1.995,-1301.477,250.587,-276.267,1.921,32.032,382.586,756.451,-0.048,-29.622,-48.639,-19.925,-51.523,6.0,-31.733,269.0,83.0,90.881,-25.147,0.671,4.672,261.405,94.318,167.891,0.647,1.046,40.795,7.886,346.991,0.585,temp_g5_14_0001,run1_g11_g11_15,single-objective/run1/g11/g11_15.pdb.sc
34.469,0.051,38.373,1.585,67.628,2.793,1247.171,2421.025,1173.854,32.0,-1.995,-1301.304,253.39,-287.994,1.923,32.544,343.653,766.881,-0.052,-32.107,-48.639,-19.596,-51.523,5.0,-32.465,269.0,83.0,91.052,-34.941,0.745,2.043,108.196,79.422,167.388,0.672,1.012,39.472,2.957,130.102,0.585,temp_g6_07_0001,run1_g11_g11_16,single-objective/run1/g11/g11_16.pdb.sc
34.469,0.051,38.373,1.585,67.628,2.793,1247.171,2421.025,1173.854,32.0,-1.995,-1301.304,253.39,-287.994,1.923,32.544,343.653,766.881,-0.052,-32.107,-48.639,-19.596,-51.523,5.0,-32.465,269.0,83.0,91.052,-34.941,0.745,2.043,108.196,79.422,167.388,0.672,1.012,39.472,2.957,130.102,0.585,temp_g6_07_0001,run1_g11_g11_17,single-objective/run1/g11/g11_17.pdb.sc
43.358,0.08,33.17,1.377,68.808,2.856,1239.418,2409.506,1170.088,36.0,-1.995,-1297.757,251.493,-271.54,1.917,32.098,342.53,750.648,-0.059,-29.622,-48.639,-17.64,-51.523,6.0,-32.656,269.0,83.0,91.052,-33.432,0.693,2.136,108.196,80.454,169.188,0.684,0.96,37.455,3.177,139.8,0.585,temp_g8_06_0001,run1_g11_g11_18,single-objective/run1/g11/g11_18.pdb.sc
47.0,0.1,49.28,2.033,77.525,3.198,1257.271,2424.318,1167.048,29.0,-1.995,-1306.609,254.059,-288.79,1.925,32.583,353.215,772.107,-0.043,-32.107,-48.639,-19.925,-51.523,6.0,-32.477,269.0,83.0,91.097,-32.843,0.685,2.204,108.196,81.842,166.3,0.663,1.12,43.687,3.164,139.213,0.585,temp_g4_04_0001,run1_g11_g11_19,single-objective/run1/g11/g11_19.pdb.sc
-84.558,-0.435,31.649,1.292,61.261,2.501,1285.255,2449.246,1163.991,32.0,-1.995,-1295.36,249.717,-284.859,1.98,32.456,328.106,756.878,-0.076,-32.107,-48.639,-17.969,-51.523,7.0,-31.913,269.0,83.0,93.067,-39.174,0.661,1.151,18.397,65.345,172.452,0.65,0.874,34.081,1.397,61.458,0.585,temp_g8_17_0001,run1_g11_g11_2,single-objective/run1/g11/g11_2.pdb.sc
34.469,0.051,38.373,1.585,67.628,2.793,1247.171,2421.025,1173.854,32.0,-1.995,-1301.304,253.39,-287.994,1.923,32.544,343.653,766.881,-0.052,-32.107,-48.639,-19.596,-51.523,5.0,-32.465,269.0,83.0,91.052,-34.941,0.745,2.043,108.196,79.422,167.388,0.672,1.012,39.472,2.957,130.102,0.585,temp_g6_07_0001,run1_g11_g11_20,single-objective/run1/g11/g11_20.pdb.sc
-84.558,-0.435,31.649,1.292,61.261,2.501,1285.255,2449.246,1163.991,32.0,-1.995,-1295.36,249.717,-284.859,1.98,32.456,328.106,756.878,-0.076,-32.107,-48.639,-17.969,-51.523,7.0,-31.913,269.0,83.0,93.067,-39.174,0.661,1.151,18.397,65.345,172.452,0.65,0.874,34.081,1.397,61.458,0.585,temp_g8_17_0001,run1_g11_g11_21,single-objective/run1/g11/g11_21.pdb.sc
216.427,-0.618,42.318,1.67,75.201,2.967,1368.828,2534.786,1165.958,36.0,-1.995,-1289.833,249.577,-275.848,2.014,31.986,645.094,743.505,-0.054,-29.622,-49.499,-17.969,-51.523,6.0,-31.583,269.0,83.0,92.923,-43.3,0.652,0.593,1.946,61.712,178.257,0.634,1.036,40.398,0.2,8.805,0.585,temp_g11_07_0001,run1_g11_g11_22,single-objective/run1/g11/g11_22.pdb.sc
34.469,0.051,38.373,1.585,67.628,2.793,1247.171,2421.025,1173.854,32.0,-1.995,-1301.304,253.39,-287.994,1.923,32.544,343.653,766.881,-0.052,-32.107,-48.639,-19.596,-51.523,5.0,-32.465,269.0,83.0,91.052,-34.941,0.745,2.043,108.196,79.422,167.388,0.672,1.012,39.472,2.957,130.102,0.585,temp_g6_07_0001,run1_g11_g11_23,single-objective/run1/g11/g11_23.pdb.sc
171.592,0.407,243.659,10.048,346.846,14.304,1273.136,2424.853,1151.716,33.0,-1.995,-1288.141,248.182,-280.178,1.978,32.812,594.367,754.889,-0.015,-29.622,-49.499,-17.969,-51.523,9.0,-29.809,269.0,83.0,92.356,-44.027,0.681,3.927,1.946,60.974,176.265,0.625,3.669,143.075,4.155,182.836,0.585,temp_g10_00_0001,run1_g11_g11_24,single-objective/run1/g11/g11_24.pdb.sc
199.438,0.187,55.936,2.309,-52.555,-2.17,1267.055,2422.196,1155.14,35.0,-1.995,-1307.551,245.634,-274.873,1.922,31.253,497.093,762.945,0.052,-30.764,-48.639,-15.233,-51.523,5.0,-31.909,269.0,83.0,91.097,-31.724,0.707,2.489,108.196,81.854,173.072,0.631,1.204,46.95,3.628,159.61,0.585,temp_g11_21_0001,run1_g11_g11_3,single-objective/run1/g11/g11_3.pdb.sc
31.607,0.052,34.553,1.481,62.385,2.673,1195.6,2333.584,1137.985,34.0,-1.995,-1293.412,252.426,-285.134,1.893,32.472,333.361,761.832,-0.066,-32.107,-48.639,-16.642,-51.523,6.0,-33.004,269.0,83.0,91.052,-34.17,0.716,2.044,108.196,79.48,166.946,0.666,0.97,37.838,2.996,131.817,0.576,temp_g10_02_0001,run1_g11_g11_4,single-objective/run1/g11/g11_4.pdb.sc
252.329,0.865,43.495,1.796,69.026,2.85,1264.239,2422.314,1158.075,29.0,-1.995,-1301.477,250.587,-276.267,1.921,32.032,382.586,756.451,-0.048,-29.622,-48.639,-19.925,-51.523,6.0,-31.733,269.0,83.0,90.881,-25.147,0.671,4.672,261.405,94.318,167.891,0.647,1.046,40.795,7.886,346.991,0.585,temp_g5_14_0001,run1_g11_g11_5,single-objective/run1/g11/g11_5.pdb.sc
36.624,0.06,39.18,1.618,67.295,2.78,1247.171,2421.025,1173.854,29.0,-1.995,-1299.32,253.662,-289.738,1.928,31.872,340.538,772.457,-0.05,-32.107,-48.639,-18.598,-51.523,6.0,-32.893,269.0,83.0,91.001,-35.793,0.696,2.047,108.196,78.601,168.389,0.667,1.023,39.913,2.954,129.982,0.585,temp_g11_22_0001,run1_g11_g11_6,single-objective/run1/g11/g11_6.pdb.sc
-84.558,-0.435,31.649,1.292,61.261,2.501,1285.255,2449.246,1163.991,32.0,-1.995,-1295.36,249.717,-284.859,1.98,32.456,328.106,756.878,-0.076,-32.107,-48.639,-17.969,-51.523,7.0,-31.913,269.0,83.0,93.067,-39.174,0.661,1.151,18.397,65.345,172.452,0.65,0.874,34.081,1.397,61.458,0.585,temp_g8_17_0001,run1_g11_g11_7,single-objective/run1/g11/g11_7.pdb.sc
116.3,0.371,36.117,1.563,60.821,2.632,1179.621,2310.877,1131.256,27.0,-1.995,-1294.94,252.536,-288.817,1.937,32.24,451.849,759.848,-0.055,-32.107,-49.499,-19.596,-51.523,6.0,-32.512,269.0,83.0,90.95,-40.267,0.719,2.276,91.744,74.441,171.435,0.665,0.996,38.856,3.411,150.071,0.576,temp_g10_09_0001,run1_g11_g11_8,single-objective/run1/g11/g11_8.pdb.sc
44.932,0.095,37.211,1.542,68.014,2.819,1258.151,2413.08,1154.929,34.0,-1.995,-1293.951,250.062,-275.469,1.92,32.119,341.214,751.88,-0.051,-29.622,-48.639,-19.449,-51.523,5.0,-31.936,269.0,83.0,91.01,-33.3,0.693,2.177,108.196,80.758,173.071,0.665,1.01,39.375,3.211,141.278,0.585,temp_g11_08_0001,run1_g11_g11_9,single-objective/run1/g11/g11_9.pdb.sc
199.438,0.187,55.936,2.309,-52.555,-2.17,1267.055,2422.196,1155.14,35.0,-1.995,-1307.551,245.634,-274.873,1.922,31.253,497.093,762.945,0.052,-30.764,-48.639,-15.233,-51.523,5.0,-31.909,269.0,83.0,91.097,-31.724,0.707,2.489,108.196,81.854,173.072,0.631,1.204,46.95,3.628,159.61,0.585,temp_g11_21_0001,run1_g12_g12_0,single-objective/run1/g12/g12_0.pdb.sc
-84.558,-0.435,31.649,1.292,61.261,2.501,1285.255,2449.246,1163.991,32.0,-1.995,-1295.36,249.717,-284.859,1.98,32.456,328.106,756.878,-0.076,-32.107,-48.639,-17.969,-51.523,7.0,-31.913,269.0,83.0,93.067,-39.174,0.661,1.151,18.397,65.345,172.452,0.65,0.874,34.081,1.397,61.458,0.585,temp_g8_17_0001,run1_g12_g12_1,single-objective/run1/g12/g12_1.pdb.sc
-80.606,-0.393,37.675,1.55,69.111,2.844,1235.277,2430.357,1195.081,34.0,-1.995,-1292.732,245.876,-285.066,1.978,31.782,324.13,756.396,-0.059,-32.107,-48.639,-16.971,-51.523,6.0,-31.542,269.0,83.0,93.634,-36.952,0.728,1.288,18.397,68.639,175.505,0.637,0.983,38.332,1.558,68.541,0.585,temp_g9_10_0001,run1_g12_g12_10,single-objective/run1/g12/g12_10.pdb.sc
421.16,0.103,241.117,9.656,269.735,10.802,1315.612,2497.049,1181.437,31.0,-1.995,-1275.443,245.225,-276.629,1.934,31.626,838.473,744.728,-0.011,-29.622,-49.499,-17.969,-51.523,6.0,-31.193,269.0,83.0,93.06,-42.898,0.689,2.949,1.946,62.352,178.003,0.607,3.603,140.518,2.37,104.287,0.585,temp_g12_22_0001,run1_g12_g12_11,single-objective/run1/g12/g12_11.pdb.sc
-84.558,-0.435,31.649,1.292,61.261,2.501,1285.255,2449.246,1163.991,32.0,-1.995,-1295.36,249.717,-284.859,1.98,32.456,328.106,756.878,-0.076,-32.107,-48.639,-17.969,-51.523,7.0,-31.913,269.0,83.0,93.067,-39.174,0.661,1.151,18.397,65.345,172.452,0.65,0.874,34.081,1.397,61.458,0.585,temp_g8_17_0001,run1_g12_g12_12,single-objective/run1/g12/g12_12.pdb.sc
43.358,0.08,33.17,1.377,68.808,2.856,1239.418,2409.506,1170.088,36.0,-1.995,-1297.757,251.493,-271.54,1.917,32.098,342.53,750.648,-0.059,-29.622,-48.639,-17.64,-51.523,6.0,-32.656,269.0,83.0,91.052,-33.432,0.693,2.136,108.196,80.454,169.188,0.684,0.96,37.455,3.177,139.8,0.585,temp_g8_06_0001,run1_g12_g12_13,single-objective/run1/g12/g12_13.pdb.sc
874.027,1.585,429.525,17.393,462.023,18.709,1245.05,2469.505,1224.456,35.0,-1.995,-1302.433,252.712,-282.572,1.918,31.789,1176.519,763.558,-0.009,-29.622,-48.639,-19.596,-51.523,6.0,-32.801,269.0,84.0,91.526,-33.184,0.657,6.907,108.196,80.116,169.474,0.657,5.859,234.353,7.859,345.813,0.585,temp_g12_23_0001,run1_g12_g12_14,single-objective/run1/g12/g12_14.pdb.sc
-84.558,-0.435,31.649,1.292,61.261,2.501,1285.255,2449.246,1163.991,32.0,-1.995,-1295.36,249.717,-284.859,1.98,32.456,328.106,756.878,-0.076,-32.107,-48.639,-17.969,-51.523,7.0,-31.913,269.0,83.0,93.067,-39.174,0.661,1.151,18.397,65.345,172.452,0.65,0.874,34.081,1.397,61.458,0.585,temp_g8_17_0001,run1_g12_g12_15,single-objective/run1/g12/g12_15.pdb.sc
34.469,0.051,38.373,1.585,67.628,2.793,1247.171,2421.025,1173.854,32.0,-1.995,-1301.304,253.39,-287.994,1.923,32.544,343.653,766.881,-0.052,-32.107,-48.639,-19.596,-51.523,5.0,-32.465,269.0,83.0,91.052,-34.941,0.745,2.043,108.196,79.422,167.388,0.672,1.012,39.472,2.957,130.102,0.585,temp_g6_07_0001,run1_g12_g12_16,single-objective/run1/g12/g12_16.pdb.sc
252.34,0.871,42.62,1.804,73.505,3.111,1239.089,2362.418,1123.329,32.0,-1.995,-1294.718,245.387,-272.438,1.901,31.637,379.794,751.07,-0.056,-29.622,-48.639,-17.969,-51.523,6.0,-31.032,269.0,83.0,90.881,-24.951,0.659,4.684,261.405,94.293,168.274,0.647,1.034,40.336,7.919,348.452,0.585,temp_g12_05_0001,run1_g12_g12_17,single-objective/run1/g12/g12_17.pdb.sc
-84.558,-0.435,31.649,1.292,61.261,2.501,1285.255,2449.246,1163.991,32.0,-1.995,-1295.36,249.717,-284.859,1.98,32.456,328.106,756.878,-0.076,-32.107,-48.639,-17.969,-51.523,7.0,-31.913,269.0,83.0,93.067,-39.174,0.661,1.151,18.397,65.345,172.452,0.65,0.874,34.081,1.397,61.458,0.585,temp_g8_17_0001,run1_g12_g12_18,single-objective/run1/g12/g12_18.pdb.sc
44.932,0.095,37.211,1.542,68.014,2.819,1258.151,2413.08,1154.929,34.0,-1.995,-1293.951,250.062,-275.469,1.92,32.119,341.214,751.88,-0.051,-29.622,-48.639,-19.449,-51.523,5.0,-31.936,269.0,83.0,91.01,-33.3,0.693,2.177,108.196,80.758,173.071,0.665,1.01,39.375,3.211,141.278,0.585,temp_g11_08_0001,run1_g12_g12_19,single-objective/run1/g12/g12_19.pdb.sc
-84.558,-0.435,31.649,1.292,61.261,2.501,1285.255,2449.246,1163.991,32.0,-1.995,-1295.36,249.717,-284.859,1.98,32.456,328.106,756.878,-0.076,-32.107,-48.639,-17.969,-51.523,7.0,-31.913,269.0,83.0,93.067,-39.174,0.661,1.151,18.397,65.345,172.452,0.65,0.874,34.081,1.397,61.458,0.585,temp_g8_17_0001,run1_g12_g12_2,single-objective/run1/g12/g12_2.pdb.sc
34.469,0.051,38.373,1.585,67.628,2.793,1247.171,2421.025,1173.854,32.0,-1.995,-1301.304,253.39,-287.994,1.923,32.544,343.653,766.881,-0.052,-32.107,-48.639,-19.596,-51.523,5.0,-32.465,269.0,83.0,91.052,-34.941,0.745,2.043,108.196,79.422,167.388,0.672,1.012,39.472,2.957,130.102,0.585,temp_g6_07_0001,run1_g12_g12_20,single-objective/run1/g12/g12_20.pdb.sc
19.92,-0.02,145.716,5.935,175.675,7.156,1242.554,2455.048,1212.494,33.0,-1.995,-1308.375,253.401,-283.908,1.92,32.247,434.741,770.294,-0.02,-32.107,-48.639,-17.969,-51.523,5.0,-33.236,269.0,83.0,92.515,-39.992,0.695,2.521,18.397,64.211,169.353,0.665,2.408,93.9,2.621,115.334,0.585,temp_g12_19_0001,run1_g12_g12_21,single-objective/run1/g12/g12_21.pdb.sc
448.967,1.461,38.4,1.588,60.661,2.509,1279.249,2418.202,1138.953,36.0,-1.995,-1307.223,253.588,-287.54,1.932,31.934,566.992,764.539,-0.067,-32.107,-48.639,-18.598,-51.523,6.0,-31.474,269.0,83.0,91.245,-29.568,0.677,6.583,279.114,100.409,167.296,0.666,1.021,39.827,11.512,506.522,0.585,temp_g12_06_0001,run1_g12_g12_22,single-objective/run1/g12/g12_22.pdb.sc
252.329,0.865,43.495,1.796,69.026,2.85,1264.239,2422.314,1158.075,29.0,-1.995,-1301.477,250.587,-276.267,1.921,32.032,382.586,756.451,-0.048,-29.622,-48.639,-19.925,-51.523,6.0,-31.733,269.0,83.0,90.881,-25.147,0.671,4.672,261.405,94.318,167.891,0.647,1.046,40.795,7.886,346.991,0.585,temp_g5_14_0001,run1_g12_g12_23,single-objective/run1/g12/g12_23.pdb.sc
-84.558,-0.435,31.649,1.292,61.261,2.501,1285.255,2449.246,1163.991,32.0,-1.995,-1295.36,249.717,-284.859,1.98,32.456,328.106,756.878,-0.076,-32.107,-48.639,-17.969,-51.523,7.0,-31.913,269.0,83.0,93.067,-39.174,0.661,1.151,18.397,65.345,172.452,0.65,0.874,34.081,1.397,61.458,0.585,temp_g8_17_0001,run1_g12_g12_24,single-objective/run1/g12/g12_24.pdb.sc
-84.558,-0.435,31.649,1.292,61.261,2.501,1285.255,2449.246,1163.991,32.0,-1.995,-1295.36,249.717,-284.859,1.98,32.456,328.106,756.878,-0.076,-32.107,-48.639,-17.969,-51.523,7.0,-31.913,269.0,83.0,93.067,-39.174,0.661,1.151,18.397,65.345,172.452,0.65,0.874,34.081,1.397,61.458,0.585,temp_g8_17_0001,run1_g12_g12_3,single-objective/run1/g12/g12_3.pdb.sc
34.469,0.051,38.373,1.585,67.628,2.793,1247.171,2421.025,1173.854,32.0,-1.995,-1301.304,253.39,-287.994,1.923,32.544,343.653,766.881,-0.052,-32.107,-48.639,-19.596,-51.523,5.0,-32.465,269.0,83.0,91.052,-34.941,0.745,2.043,108.196,79.422,167.388,0.672,1.012,39.472,2.957,130.102,0.585,temp_g6_07_0001,run1_g12_g12_4,single-objective/run1/g12/g12_4.pdb.sc
26.183,0.033,33.336,1.378,62.79,2.595,1294.154,2419.5,1125.347,35.0,-1.995,-1295.906,249.192,-287.66,1.918,31.747,338.886,756.57,-0.065,-32.107,-48.639,-18.598,-51.523,6.0,-32.047,269.0,83.0,90.823,-34.223,0.673,1.988,108.196,79.198,171.777,0.663,0.961,37.49,2.899,127.547,0.576,temp_g12_16_0001,run1_g12_g12_5,single-objective/run1/g12/g12_5.pdb.sc
265.803,0.433,37.811,1.649,-71.389,-3.113,1188.921,2293.285,1104.364,35.0,-1.995,-1289.147,249.754,-273.218,1.923,30.974,592.444,741.824,0.038,-29.622,-49.499,-15.902,-51.523,5.0,-33.029,269.0,83.0,90.95,-39.709,0.701,2.482,91.744,74.668,174.589,0.657,1.018,39.713,3.779,166.289,0.576,temp_g12_08_0001,run1_g12_g12_6,single-objective/run1/g12/g12_6.pdb.sc
250.232,0.879,44.883,1.93,73.181,3.147,1235.489,2325.433,1089.943,27.0,-1.995,-1283.275,247.07,-275.662,1.893,31.409,368.686,747.007,-0.037,-29.622,-48.639,-19.778,-51.523,5.0,-30.893,269.0,83.0,90.94,-24.16,0.691,4.714,261.405,94.895,171.896,0.652,1.076,41.968,7.938,349.277,0.576,temp_g12_15_0001,run1_g12_g12_7,single-objective/run1/g12/g12_7.pdb.sc
128.358,-0.065,54.804,2.271,-54.017,-2.238,1304.294,2413.55,1109.256,32.0,-1.995,-1307.981,248.709,-276.442,1.991,31.358,452.101,761.148,0.051,-30.764,-49.499,-15.233,-51.523,5.0,-32.327,269.0,83.0,90.996,-37.402,0.723,1.715,91.744,76.737,176.164,0.626,1.204,46.975,2.167,95.334,0.576,temp_g12_03_0001,run1_g12_g12_8,single-objective/run1/g12/g12_8.pdb.sc
116.3,0.371,36.117,1.563,60.821,2.632,1179.621,2310.877,1131.256,27.0,-1.995,-1294.94,252.536,-288.817,1.937,32.24,451.849,759.848,-0.055,-32.107,-49.499,-19.596,-51.523,6.0,-32.512,269.0,83.0,90.95,-40.267,0.719,2.276,91.744,74.441,171.435,0.665,0.996,38.856,3.411,150.071,0.576,temp_g10_09_0001,run1_g12_g12_9,single-objective/run1/g12/g12_9.pdb.sc
265.803,0.433,37.811,1.649,-71.389,-3.113,1188.921,2293.285,1104.364,35.0,-1.995,-1289.147,249.754,-273.218,1.923,30.974,592.444,741.824,0.038,-29.622,-49.499,-15.902,-51.523,5.0,-33.029,269.0,83.0,90.95,-39.709,0.701,2.482,91.744,74.668,174.589,0.657,1.018,39.713,3.779,166.289,0.576,temp_g12_08_0001,run1_g13_g13_0,single-objective/run1/g13/g13_0.pdb.sc
128.358,-0.065,54.804,2.271,-54.017,-2.238,1304.294,2413.55,1109.256,32.0,-1.995,-1307.981,248.709,-276.442,1.991,31.358,452.101,761.148,0.051,-30.764,-49.499,-15.233,-51.523,5.0,-32.327,269.0,83.0,90.996,-37.402,0.723,1.715,91.744,76.737,176.164,0.626,1.204,46.975,2.167,95.334,0.576,temp_g12_03_0001,run1_g13_g13_1,single-objective/run1/g13/g13_1.pdb.sc
34.469,0.051,38.373,1.585,67.628,2.793,1247.171,2421.025,1173.854,32.0,-1.995,-1301.304,253.39,-287.994,1.923,32.544,343.653,766.881,-0.052,-32.107,-48.639,-19.596,-51.523,5.0,-32.465,269.0,83.0,91.052,-34.941,0.745,2.043,108.196,79.422,167.388,0.672,1.012,39.472,2.957,130.102,0.585,temp_g6_07_0001,run1_g13_g13_10,single-objective/run1/g13/g13_10.pdb.sc
252.34,0.871,42.62,1.804,73.505,3.111,1239.089,2362.418,1123.329,32.0,-1.995,-1294.718,245.387,-272.438,1.901,31.637,379.794,751.07,-0.056,-29.622,-48.639,-17.969,-51.523,6.0,-31.032,269.0,83.0,90.881,-24.951,0.659,4.684,261.405,94.293,168.274,0.647,1.034,40.336,7.919,348.452,0.585,temp_g12_05_0001,run1_g13_g13_11,single-objective/run1/g13/g13_11.pdb.sc
-84.558,-0.435,31.649,1.292,61.261,2.501,1285.255,2449.246,1163.991,32.0,-1.995,-1295.36,249.717,-284.859,1.98,32.456,328.106,756.878,-0.076,-32.107,-48.639,-17.969,-51.523,7.0,-31.913,269.0,83.0,93.067,-39.174,0.661,1.151,18.397,65.345,172.452,0.65,0.874,34.081,1.397,61.458,0.585,temp_g8_17_0001,run1_g13_g13_12,single-objective/run1/g13/g13_12.pdb.sc
-84.558,-0.435,31.649,1.292,61.261,2.501,1285.255,2449.246,1163.991,32.0,-1.995,-1295.36,249.717,-284.859,1.98,32.456,328.106,756.878,-0.076,-32.107,-48.639,-17.969,-51.523,7.0,-31.913,269.0,83.0,93.067,-39.174,0.661,1.151,18.397,65.345,172.452,0.65,0.874,34.081,1.397,61.458,0.585,temp_g8_17_0001,run1_g13_g13_13,single-objective/run1/g13/g13_13.pdb.sc
200.634,0.191,54.12,2.246,-55.525,-2.305,1294.424,2409.295,1114.871,35.0,-1.995,-1298.72,244.242,-274.154,1.935,30.846,494.398,750.786,0.049,-30.764,-48.639,-15.233,-51.523,5.0,-31.032,269.0,83.0,91.156,-30.516,0.653,2.461,108.196,82.801,178.266,0.645,1.18,46.024,3.596,158.215,0.585,temp_g13_00_0001,run1_g13_g13_14,single-objective/run1/g13/g13_14.pdb.sc
250.232,0.879,44.883,1.93,73.181,3.147,1235.489,2325.433,1089.943,27.0,-1.995,-1283.275,247.07,-275.662,1.893,31.409,368.686,747.007,-0.037,-29.622,-48.639,-19.778,-51.523,5.0,-30.893,269.0,83.0,90.94,-24.16,0.691,4.714,261.405,94.895,171.896,0.652,1.076,41.968,7.938,349.277,0.576,temp_g12_15_0001,run1_g13_g13_15,single-objective/run1/g13/g13_15.pdb.sc
-84.558,-0.435,31.649,1.292,61.261,2.501,1285.255,2449.246,1163.991,32.0,-1.995,-1295.36,249.717,-284.859,1.98,32.456,328.106,756.878,-0.076,-32.107,-48.639,-17.969,-51.523,7.0,-31.913,269.0,83.0,93.067,-39.174,0.661,1.151,18.397,65.345,172.452,0.65,0.874,34.081,1.397,61.458,0.585,temp_g8_17_0001,run1_g13_g13_16,single-objective/run1/g13/g13_16.pdb.sc
306.173,0.341,83.414,3.449,1.502,0.062,1313.666,2418.727,1105.061,33.0,-1.995,-1310.108,246.378,-274.289,1.928,31.197,617.944,763.113,-2.638,-30.764,-49.499,-14.904,-51.523,6.0,-31.807,269.0,83.0,91.139,-33.392,0.693,3.053,91.744,83.406,177.03,0.633,1.688,65.825,4.263,187.579,0.576,temp_g13_08_0001,run1_g13_g13_17,single-objective/run1/g13/g13_17.pdb.sc
340.504,1.204,36.123,1.562,64.488,2.789,1174.233,2312.358,1138.125,27.0,-1.995,-1300.18,252.267,-286.785,1.948,32.38,680.812,756.148,-0.052,-32.107,-49.499,-17.202,-51.523,6.0,-33.392,269.0,83.0,90.9,-39.581,0.627,4.214,91.744,75.072,170.922,0.668,0.995,38.797,7.067,310.933,0.576,temp_g13_09_0001,run1_g13_g13_18,single-objective/run1/g13/g13_18.pdb.sc
19.92,-0.02,145.716,5.935,175.675,7.156,1242.554,2455.048,1212.494,33.0,-1.995,-1308.375,253.401,-283.908,1.92,32.247,434.741,770.294,-0.02,-32.107,-48.639,-17.969,-51.523,5.0,-33.236,269.0,83.0,92.515,-39.992,0.695,2.521,18.397,64.211,169.353,0.665,2.408,93.9,2.621,115.334,0.585,temp_g12_19_0001,run1_g13_g13_19,single-objective/run1/g13/g13_19.pdb.sc
265.803,0.433,37.811,1.649,-71.389,-3.113,1188.921,2293.285,1104.364,35.0,-1.995,-1289.147,249.754,-273.218,1.923,30.974,592.444,741.824,0.038,-29.622,-49.499,-15.902,-51.523,5.0,-33.029,269.0,83.0,90.95,-39.709,0.701,2.482,91.744,74.668,174.589,0.657,1.018,39.713,3.779,166.289,0.576,temp_g12_08_0001,run1_g13_g13_2,single-objective/run1/g13/g13_2.pdb.sc
-84.558,-0.435,31.649,1.292,61.261,2.501,1285.255,2449.246,1163.991,32.0,-1.995,-1295.36,249.717,-284.859,1.98,32.456,328.106,756.878,-0.076,-32.107,-48.639,-17.969,-51.523,7.0,-31.913,269.0,83.0,93.067,-39.174,0.661,1.151,18.397,65.345,172.452,0.65,0.874,34.081,1.397,61.458,0.585,temp_g8_17_0001,run1_g13_g13_20,single-objective/run1/g13/g13_20.pdb.sc
128.358,-0.065,54.804,2.271,-54.017,-2.238,1304.294,2413.55,1109.256,32.0,-1.995,-1307.981,248.709,-276.442,1.991,31.358,452.101,761.148,0.051,-30.764,-49.499,-15.233,-51.523,5.0,-32.327,269.0,83.0,90.996,-37.402,0.723,1.715,91.744,76.737,176.164,0.626,1.204,46.975,2.167,95.334,0.576,temp_g12_03_0001,run1_g13_g13_21,single-objective/run1/g13/g13_21.pdb.sc
400.436,1.368,108.647,4.405,135.458,5.492,1298.978,2466.33,1167.353,32.0,-1.995,-1304.248,251.684,-285.417,1.946,32.745,816.502,759.745,-0.034,-32.107,-48.639,-17.969,-51.523,7.0,-31.734,269.0,83.0,93.74,-39.555,0.657,5.471,18.397,65.156,173.123,0.653,1.861,72.596,8.67,381.494,0.585,temp_g13_15_0001,run1_g13_g13_22,single-objective/run1/g13/g13_22.pdb.sc
44.932,0.095,37.211,1.542,68.014,2.819,1258.151,2413.08,1154.929,34.0,-1.995,-1293.951,250.062,-275.469,1.92,32.119,341.214,751.88,-0.051,-29.622,-48.639,-19.449,-51.523,5.0,-31.936,269.0,83.0,91.01,-33.3,0.693,2.177,108.196,80.758,173.071,0.665,1.01,39.375,3.211,141.278,0.585,temp_g11_08_0001,run1_g13_g13_23,single-objective/run1/g13/g13_23.pdb.sc
43.358,0.08,33.17,1.377,68.808,2.856,1239.418,2409.506,1170.088,36.0,-1.995,-1297.757,251.493,-271.54,1.917,32.098,342.53,750.648,-0.059,-29.622,-48.639,-17.64,-51.523,6.0,-32.656,269.0,83.0,91.052,-33.432,0.693,2.136,108.196,80.454,169.188,0.684,0.96,37.455,3.177,139.8,0.585,temp_g8_06_0001,run1_g13_g13_24,single-objective/run1/g13/g13_24.pdb.sc
116.3,0.371,36.117,1.563,60.821,2.632,1179.621,2310.877,1131.256,27.0,-1.995,-1294.94,252.536,-288.817,1.937,32.24,451.849,759.848,-0.055,-32.107,-49.499,-19.596,-51.523,6.0,-32.512,269.0,83.0,90.95,-40.267,0.719,2.276,91.744,74.441,171.435,0.665,0.996,38.856,3.411,150.071,0.576,temp_g10_09_0001,run1_g13_g13_3,single-objective/run1/g13/g13_3.pdb.sc
199.438,0.187,55.936,2.309,-52.555,-2.17,1267.055,2422.196,1155.14,35.0,-1.995,-1307.551,245.634,-274.873,1.922,31.253,497.093,762.945,0.052,-30.764,-48.639,-15.233,-51.523,5.0,-31.909,269.0,83.0,91.097,-31.724,0.707,2.489,108.196,81.854,173.072,0.631,1.204,46.95,3.628,159.61,0.585,temp_g11_21_0001,run1_g13_g13_4,single-objective/run1/g13/g13_4.pdb.sc
26.183,0.033,33.336,1.378,62.79,2.595,1294.154,2419.5,1125.347,35.0,-1.995,-1295.906,249.192,-287.66,1.918,31.747,338.886,756.57,-0.065,-32.107,-48.639,-18.598,-51.523,6.0,-32.047,269.0,83.0,90.823,-34.223,0.673,1.988,108.196,79.198,171.777,0.663,0.961,37.49,2.899,127.547,0.576,temp_g12_16_0001,run1_g13_g13_5,single-objective/run1/g13/g13_5.pdb.sc
-84.558,-0.435,31.649,1.292,61.261,2.501,1285.255,2449.246,1163.991,32.0,-1.995,-1295.36,249.717,-284.859,1.98,32.456,328.106,756.878,-0.076,-32.107,-48.639,-17.969,-51.523,7.0,-31.913,269.0,83.0,93.067,-39.174,0.661,1.151,18.397,65.345,172.452,0.65,0.874,34.081,1.397,61.458,0.585,temp_g8_17_0001,run1_g13_g13_6,single-objective/run1/g13/g13_6.pdb.sc
448.967,1.461,38.4,1.588,60.661,2.509,1279.249,2418.202,1138.953,36.0,-1.995,-1307.223,253.588,-287.54,1.932,31.934,566.992,764.539,-0.067,-32.107,-48.639,-18.598,-51.523,6.0,-31.474,269.0,83.0,91.245,-29.568,0.677,6.583,279.114,100.409,167.296,0.666,1.021,39.827,11.512,506.522,0.585,temp_g12_06_0001,run1_g13_g13_7,single-objective/run1/g13/g13_7.pdb.sc
32.793,-0.006,125.815,5.055,165.122,6.635,1315.319,2488.796,1173.477,37.0,-1.995,-1307.105,252.296,-282.006,2.095,32.921,433.496,765.4,-0.025,-32.107,-48.639,-16.971,-51.523,6.0,-30.914,269.0,83.0,92.838,-36.265,0.67,2.537,18.397,68.223,174.069,0.641,2.128,82.989,2.899,127.563,0.585,temp_g13_10_0001,run1_g13_g13_8,single-objective/run1/g13/g13_8.pdb.sc
205.35,0.648,112.037,4.726,146.534,6.182,1265.268,2370.475,1105.207,37.0,-1.995,-1287.78,242.354,-269.765,1.905,31.232,439.782,741.583,-0.037,-29.622,-48.639,-17.969,-51.523,7.0,-30.584,269.0,83.0,92.851,-31.608,0.697,4.667,171.606,77.31,175.628,0.637,1.906,74.316,7.115,313.071,0.585,temp_g13_17_0001,run1_g13_g13_9,single-objective/run1/g13/g13_9.pdb.sc
265.803,0.433,37.811,1.649,-71.389,-3.113,1188.921,2293.285,1104.364,35.0,-1.995,-1289.147,249.754,-273.218,1.923,30.974,592.444,741.824,0.038,-29.622,-49.499,-15.902,-51.523,5.0,-33.029,269.0,83.0,90.95,-39.709,0.701,2.482,91.744,74.668,174.589,0.657,1.018,39.713,3.779,166.289,0.576,temp_g12_08_0001,run1_g14_g14_0,single-objective/run1/g14/g14_0.pdb.sc
265.803,0.433,37.811,1.649,-71.389,-3.113,1188.921,2293.285,1104.364,35.0,-1.995,-1289.147,249.754,-273.218,1.923,30.974,592.444,741.824,0.038,-29.622,-49.499,-15.902,-51.523,5.0,-33.029,269.0,83.0,90.95,-39.709,0.701,2.482,91.744,74.668,174.589,0.657,1.018,39.713,3.779,166.289,0.576,temp_g12_08_0001,run1_g14_g14_1,single-objective/run1/g14/g14_1.pdb.sc
187.295,0.141,45.875,1.921,-66.175,-2.772,1287.973,2387.587,1099.613,36.0,-1.995,-1288.533,242.099,-274.622,1.921,30.358,483.015,745.561,0.041,-30.764,-48.639,-14.904,-51.523,5.0,-30.512,269.0,83.0,91.11,-32.527,0.693,2.296,108.196,80.54,177.929,0.65,1.106,43.139,3.35,147.389,0.585,temp_g14_14_0001,run1_g14_g14_10,single-objective/run1/g14/g14_10.pdb.sc
200.634,0.191,54.12,2.246,-55.525,-2.305,1294.424,2409.295,1114.871,35.0,-1.995,-1298.72,244.242,-274.154,1.935,30.846,494.398,750.786,0.049,-30.764,-48.639,-15.233,-51.523,5.0,-31.032,269.0,83.0,91.156,-30.516,0.653,2.461,108.196,82.801,178.266,0.645,1.18,46.024,3.596,158.215,0.585,temp_g13_00_0001,run1_g14_g14_11,single-objective/run1/g14/g14_11.pdb.sc
341.223,1.152,350.951,14.148,444.419,17.916,1306.48,2480.526,1174.046,36.0,-1.995,-1323.085,252.87,-284.178,1.979,32.005,767.242,766.773,-0.008,-32.107,-48.639,-16.231,-51.523,5.0,-33.833,269.0,83.0,92.428,-38.747,0.711,6.325,18.397,64.776,174.505,0.647,5.049,196.895,7.456,328.066,0.585,temp_g14_19_0001,run1_g14_g14_12,single-objective/run1/g14/g14_12.pdb.sc
116.3,0.371,36.117,1.563,60.821,2.632,1179.621,2310.877,1131.256,27.0,-1.995,-1294.94,252.536,-288.817,1.937,32.24,451.849,759.848,-0.055,-32.107,-49.499,-19.596,-51.523,6.0,-32.512,269.0,83.0,90.95,-40.267,0.719,2.276,91.744,74.441,171.435,0.665,0.996,38.856,3.411,150.071,0.576,temp_g10_09_0001,run1_g14_g14_13,single-objective/run1/g14/g14_13.pdb.sc
-84.558,-0.435,31.649,1.292,61.261,2.501,1285.255,2449.246,1163.991,32.0,-1.995,-1295.36,249.717,-284.859,1.98,32.456,328.106,756.878,-0.076,-32.107,-48.639,-17.969,-51.523,7.0,-31.913,269.0,83.0,93.067,-39.174,0.661,1.151,18.397,65.345,172.452,0.65,0.874,34.081,1.397,61.458,0.585,temp_g8_17_0001,run1_g14_g14_14,single-objective/run1/g14/g14_14.pdb.sc
303.271,0.331,83.747,3.564,-1.88,-0.08,1313.25,2350.014,1036.764,32.0,-1.995,-1301.236,242.159,-272.782,1.903,30.556,612.085,755.95,1.704,-30.764,-49.499,-14.904,-51.523,6.0,-30.923,269.0,83.0,91.139,-32.11,0.744,3.01,91.744,84.274,178.622,0.637,1.693,66.014,4.177,183.807,0.576,temp_g14_17_0001,run1_g14_g14_15,single-objective/run1/g14/g14_15.pdb.sc
265.803,0.433,37.811,1.649,-71.389,-3.113,1188.921,2293.285,1104.364,35.0,-1.995,-1289.147,249.754,-273.218,1.923,30.974,592.444,741.824,0.038,-29.622,-49.499,-15.902,-51.523,5.0,-33.029,269.0,83.0,90.95,-39.709,0.701,2.482,91.744,74.668,174.589,0.657,1.018,39.713,3.779,166.289,0.576,temp_g12_08_0001,run1_g14_g14_16,single-objective/run1/g14/g14_16.pdb.sc
128.358,-0.065,54.804,2.271,-54.017,-2.238,1304.294,2413.55,1109.256,32.0,-1.995,-1307.981,248.709,-276.442,1.991,31.358,452.101,761.148,0.051,-30.764,-49.499,-15.233,-51.523,5.0,-32.327,269.0,83.0,90.996,-37.402,0.723,1.715,91.744,76.737,176.164,0.626,1.204,46.975,2.167,95.334,0.576,temp_g12_03_0001,run1_g14_g14_17,single-objective/run1/g14/g14_17.pdb.sc
306.173,0.341,83.414,3.449,1.502,0.062,1313.666,2418.727,1105.061,33.0,-1.995,-1310.108,246.378,-274.289,1.928,31.197,617.944,763.113,-2.638,-30.764,-49.499,-14.904,-51.523,6.0,-31.807,269.0,83.0,91.139,-33.392,0.693,3.053,91.744,83.406,177.03,0.633,1.688,65.825,4.263,187.579,0.576,temp_g13_08_0001,run1_g14_g14_18,single-objective/run1/g14/g14_18.pdb.sc
-84.558,-0.435,31.649,1.292,61.261,2.501,1285.255,2449.246,1163.991,32.0,-1.995,-1295.36,249.717,-284.859,1.98,32.456,328.106,756.878,-0.076,-32.107,-48.639,-17.969,-51.523,7.0,-31.913,269.0,83.0,93.067,-39.174,0.661,1.151,18.397,65.345,172.452,0.65,0.874,34.081,1.397,61.458,0.585,temp_g8_17_0001,run1_g14_g14_19,single-objective/run1/g14/g14_19.pdb.sc
44.932,0.095,37.211,1.542,68.014,2.819,1258.151,2413.08,1154.929,34.0,-1.995,-1293.951,250.062,-275.469,1.92,32.119,341.214,751.88,-0.051,-29.622,-48.639,-19.449,-51.523,5.0,-31.936,269.0,83.0,91.01,-33.3,0.693,2.177,108.196,80.758,173.071,0.665,1.01,39.375,3.211,141.278,0.585,temp_g11_08_0001,run1_g14_g14_2,single-objective/run1/g14/g14_2.pdb.sc
38.644,0.079,33.073,1.401,66.309,2.81,1210.117,2360.103,1149.986,35.0,-1.995,-1291.45,252.634,-273.548,1.887,32.567,329.624,756.449,-0.05,-29.622,-48.639,-17.64,-51.523,6.0,-33.128,269.0,83.0,91.001,-33.766,0.645,2.128,108.196,80.206,166.814,0.668,0.949,37.029,3.172,139.567,0.576,temp_g14_24_0001,run1_g14_g14_20,single-objective/run1/g14/g14_20.pdb.sc
265.803,0.433,37.811,1.649,-71.389,-3.113,1188.921,2293.285,1104.364,35.0,-1.995,-1289.147,249.754,-273.218,1.923,30.974,592.444,741.824,0.038,-29.622,-49.499,-15.902,-51.523,5.0,-33.029,269.0,83.0,90.95,-39.709,0.701,2.482,91.744,74.668,174.589,0.657,1.018,39.713,3.779,166.289,0.576,temp_g12_08_0001,run1_g14_g14_21,single-objective/run1/g14/g14_21.pdb.sc
199.438,0.187,55.936,2.309,-52.555,-2.17,1267.055,2422.196,1155.14,35.0,-1.995,-1307.551,245.634,-274.873,1.922,31.253,497.093,762.945,0.052,-30.764,-48.639,-15.233,-51.523,5.0,-31.909,269.0,83.0,91.097,-31.724,0.707,2.489,108.196,81.854,173.072,0.631,1.204,46.95,3.628,159.61,0.585,temp_g11_21_0001,run1_g14_g14_22,single-objective/run1/g14/g14_22.pdb.sc
-84.558,-0.435,31.649,1.292,61.261,2.501,1285.255,2449.246,1163.991,32.0,-1.995,-1295.36,249.717,-284.859,1.98,32.456,328.106,756.878,-0.076,-32.107,-48.639,-17.969,-51.523,7.0,-31.913,269.0,83.0,93.067,-39.174,0.661,1.151,18.397,65.345,172.452,0.65,0.874,34.081,1.397,61.458,0.585,temp_g8_17_0001,run1_g14_g14_23,single-objective/run1/g14/g14_23.pdb.sc
26.183,0.033,33.336,1.378,62.79,2.595,1294.154,2419.5,1125.347,35.0,-1.995,-1295.906,249.192,-287.66,1.918,31.747,338.886,756.57,-0.065,-32.107,-48.639,-18.598,-51.523,6.0,-32.047,269.0,83.0,90.823,-34.223,0.673,1.988,108.196,79.198,171.777,0.663,0.961,37.49,2.899,127.547,0.576,temp_g12_16_0001,run1_g14_g14_24,single-objective/run1/g14/g14_24.pdb.sc
128.358,-0.065,54.804,2.271,-54.017,-2.238,1304.294,2413.55,1109.256,32.0,-1.995,-1307.981,248.709,-276.442,1.991,31.358,452.101,761.148,0.051,-30.764,-49.499,-15.233,-51.523,5.0,-32.327,269.0,83.0,90.996,-37.402,0.723,1.715,91.744,76.737,176.164,0.626,1.204,46.975,2.167,95.334,0.576,temp_g12_03_0001,run1_g14_g14_3,single-objective/run1/g14/g14_3.pdb.sc
252.34,0.871,42.62,1.804,73.505,3.111,1239.089,2362.418,1123.329,32.0,-1.995,-1294.718,245.387,-272.438,1.901,31.637,379.794,751.07,-0.056,-29.622,-48.639,-17.969,-51.523,6.0,-31.032,269.0,83.0,90.881,-24.951,0.659,4.684,261.405,94.293,168.274,0.647,1.034,40.336,7.919,348.452,0.585,temp_g12_05_0001,run1_g14_g14_4,single-objective/run1/g14/g14_4.pdb.sc
126.958,0.353,31.7,1.294,61.318,2.504,1285.255,2449.246,1163.991,32.0,-1.995,-1295.678,248.697,-285.977,1.936,32.471,541.263,757.336,-0.076,-32.107,-48.639,-16.971,-51.523,7.0,-31.874,269.0,83.0,93.017,-38.86,0.68,2.911,18.397,65.876,171.004,0.65,0.875,34.107,4.716,207.497,0.585,temp_g14_12_0001,run1_g14_g14_5,single-objective/run1/g14/g14_5.pdb.sc
245.543,0.714,39.604,1.74,63.85,2.805,1157.853,2275.93,1118.078,31.0,-1.995,-1290.583,251.156,-283.213,1.885,31.689,522.322,758.303,-0.064,-32.107,-48.639,-17.64,-51.523,6.0,-32.837,269.0,83.0,91.469,-34.991,0.728,4.194,125.905,90.8,164.968,0.673,1.052,41.026,6.979,307.095,0.576,temp_g14_03_0001,run1_g14_g14_6,single-objective/run1/g14/g14_6.pdb.sc
-84.558,-0.435,31.649,1.292,61.261,2.501,1285.255,2449.246,1163.991,32.0,-1.995,-1295.36,249.717,-284.859,1.98,32.456,328.106,756.878,-0.076,-32.107,-48.639,-17.969,-51.523,7.0,-31.913,269.0,83.0,93.067,-39.174,0.661,1.151,18.397,65.345,172.452,0.65,0.874,34.081,1.397,61.458,0.585,temp_g8_17_0001,run1_g14_g14_7,single-objective/run1/g14/g14_7.pdb.sc
32.793,-0.006,125.815,5.055,165.122,6.635,1315.319,2488.796,1173.477,37.0,-1.995,-1307.105,252.296,-282.006,2.095,32.921,433.496,765.4,-0.025,-32.107,-48.639,-16.971,-51.523,6.0,-30.914,269.0,83.0,92.838,-36.265,0.67,2.537,18.397,68.223,174.069,0.641,2.128,82.989,2.899,127.563,0.585,temp_g13_10_0001,run1_g14_g14_8,single-objective/run1/g14/g14_8.pdb.sc
-84.558,-0.435,31.649,1.292,61.261,2.501,1285.255,2449.246,1163.991,32.0,-1.995,-1295.36,249.717,-284.859,1.98,32.456,328.106,756.878,-0.076,-32.107,-48.639,-17.969,-51.523,7.0,-31.913,269.0,83.0,93.067,-39.174,0.661,1.151,18.397,65.345,172.452,0.65,0.874,34.081,1.397,61.458,0.585,temp_g8_17_0001,run1_g14_g14_9,single-objective/run1/g14/g14_9.pdb.sc
265.803,0.433,37.811,1.649,-71.389,-3.113,1188.921,2293.285,1104.364,35.0,-1.995,-1289.147,249.754,-273.218,1.923,30.974,592.444,741.824,0.038,-29.622,-49.499,-15.902,-51.523,5.0,-33.029,269.0,83.0,90.95,-39.709,0.701,2.482,91.744,74.668,174.589,0.657,1.018,39.713,3.779,166.289,0.576,temp_g12_08_0001,run1_g15_g15_0,single-objective/run1/g15/g15_0.pdb.sc
265.803,0.433,37.811,1.649,-71.389,-3.113,1188.921,2293.285,1104.364,35.0,-1.995,-1289.147,249.754,-273.218,1.923,30.974,592.444,741.824,0.038,-29.622,-49.499,-15.902,-51.523,5.0,-33.029,269.0,83.0,90.95,-39.709,0.701,2.482,91.744,74.668,174.589,0.657,1.018,39.713,3.779,166.289,0.576,temp_g12_08_0001,run1_g15_g15_1,single-objective/run1/g15/g15_1.pdb.sc
440.013,1.069,37.795,1.546,65.981,2.699,1289.243,2444.58,1155.337,27.0,-1.995,-1305.779,249.229,-284.914,1.945,32.494,703.668,764.498,-0.082,-32.107,-49.499,-16.971,-51.523,7.0,-30.947,269.0,83.0,92.884,-34.691,0.689,5.284,155.155,76.626,171.358,0.651,0.919,35.852,9.153,402.724,0.585,temp_g15_05_0001,run1_g15_g15_10,single-objective/run1/g15/g15_10.pdb.sc
976.926,1.871,375.876,16.279,301.484,13.057,1198.118,2308.935,1110.816,36.0,-1.995,-1297.691,250.237,-274.433,1.927,31.102,1305.166,746.85,-0.01,-29.622,-49.499,-14.904,-51.523,4.0,-33.25,269.0,86.0,90.939,-38.97,0.707,6.918,91.744,75.204,175.067,0.638,5.02,210.841,8.729,384.075,0.576,temp_g15_01_0001,run1_g15_g15_11,single-objective/run1/g15/g15_11.pdb.sc
-84.558,-0.435,31.649,1.292,61.261,2.501,1285.255,2449.246,1163.991,32.0,-1.995,-1295.36,249.717,-284.859,1.98,32.456,328.106,756.878,-0.076,-32.107,-48.639,-17.969,-51.523,7.0,-31.913,269.0,83.0,93.067,-39.174,0.661,1.151,18.397,65.345,172.452,0.65,0.874,34.081,1.397,61.458,0.585,temp_g8_17_0001,run1_g15_g15_12,single-objective/run1/g15/g15_12.pdb.sc
179.007,0.109,39.061,1.638,-69.454,-2.912,1311.243,2385.185,1073.942,38.0,-1.995,-1283.566,238.023,-272.714,1.907,30.235,482.823,733.123,0.05,-30.764,-48.624,-14.904,-51.523,5.0,-30.354,269.0,83.0,91.11,-32.434,0.676,2.219,108.196,80.35,179.533,0.659,1.019,39.736,3.282,144.403,0.585,temp_g15_10_0001,run1_g15_g15_13,single-objective/run1/g15/g15_13.pdb.sc
128.358,-0.065,54.804,2.271,-54.017,-2.238,1304.294,2413.55,1109.256,32.0,-1.995,-1307.981,248.709,-276.442,1.991,31.358,452.101,761.148,0.051,-30.764,-49.499,-15.233,-51.523,5.0,-32.327,269.0,83.0,90.996,-37.402,0.723,1.715,91.744,76.737,176.164,0.626,1.204,46.975,2.167,95.334,0.576,temp_g12_03_0001,run1_g15_g15_14,single-objective/run1/g15/g15_14.pdb.sc
200.634,0.191,54.12,2.246,-55.525,-2.305,1294.424,2409.295,1114.871,35.0,-1.995,-1298.72,244.242,-274.154,1.935,30.846,494.398,750.786,0.049,-30.764,-48.639,-15.233,-51.523,5.0,-31.032,269.0,83.0,91.156,-30.516,0.653,2.461,108.196,82.801,178.266,0.645,1.18,46.024,3.596,158.215,0.585,temp_g13_00_0001,run1_g15_g15_15,single-objective/run1/g15/g15_15.pdb.sc
303.271,0.331,83.747,3.564,-1.88,-0.08,1313.25,2350.014,1036.764,32.0,-1.995,-1301.236,242.159,-272.782,1.903,30.556,612.085,755.95,1.704,-30.764,-49.499,-14.904,-51.523,6.0,-30.923,269.0,83.0,91.139,-32.11,0.744,3.01,91.744,84.274,178.622,0.637,1.693,66.014,4.177,183.807,0.576,temp_g14_17_0001,run1_g15_g15_16,single-objective/run1/g15/g15_16.pdb.sc
265.803,0.433,37.811,1.649,-71.389,-3.113,1188.921,2293.285,1104.364,35.0,-1.995,-1289.147,249.754,-273.218,1.923,30.974,592.444,741.824,0.038,-29.622,-49.499,-15.902,-51.523,5.0,-33.029,269.0,83.0,90.95,-39.709,0.701,2.482,91.744,74.668,174.589,0.657,1.018,39.713,3.779,166.289,0.576,temp_g12_08_0001,run1_g15_g15_17,single-objective/run1/g15/g15_17.pdb.sc
265.803,0.433,37.811,1.649,-71.389,-3.113,1188.921,2293.285,1104.364,35.0,-1.995,-1289.147,249.754,-273.218,1.923,30.974,592.444,741.824,0.038,-29.622,-49.499,-15.902,-51.523,5.0,-33.029,269.0,83.0,90.95,-39.709,0.701,2.482,91.744,74.668,174.589,0.657,1.018,39.713,3.779,166.289,0.576,temp_g12_08_0001,run1_g15_g15_18,single-objective/run1/g15/g15_18.pdb.sc
32.793,-0.006,125.815,5.055,165.122,6.635,1315.319,2488.796,1173.477,37.0,-1.995,-1307.105,252.296,-282.006,2.095,32.921,433.496,765.4,-0.025,-32.107,-48.639,-16.971,-51.523,6.0,-30.914,269.0,83.0,92.838,-36.265,0.67,2.537,18.397,68.223,174.069,0.641,2.128,82.989,2.899,127.563,0.585,temp_g13_10_0001,run1_g15_g15_19,single-objective/run1/g15/g15_19.pdb.sc
-84.558,-0.435,31.649,1.292,61.261,2.501,1285.255,2449.246,1163.991,32.0,-1.995,-1295.36,249.717,-284.859,1.98,32.456,328.106,756.878,-0.076,-32.107,-48.639,-17.969,-51.523,7.0,-31.913,269.0,83.0,93.067,-39.174,0.661,1.151,18.397,65.345,172.452,0.65,0.874,34.081,1.397,61.458,0.585,temp_g8_17_0001,run1_g15_g15_2,single-objective/run1/g15/g15_2.pdb.sc
473.023,1.219,100.282,4.317,-7.845,-0.338,1234.4,2323.0,1088.6,35.0,-1.995,-1302.421,243.362,-272.678,1.897,30.834,606.02,757.234,0.446,-30.764,-48.639,-15.233,-50.988,5.0,-31.554,269.0,83.0,91.357,-28.445,0.749,4.897,262.418,89.092,172.95,0.645,1.802,70.283,7.641,336.202,0.576,temp_g15_22_0001,run1_g15_g15_20,single-objective/run1/g15/g15_20.pdb.sc
499.133,0.884,148.185,6.414,39.305,1.701,1218.459,2310.28,1091.821,35.0,-1.995,-1299.635,246.618,-271.896,1.933,30.953,834.023,739.122,-0.089,-29.622,-49.499,-15.902,-51.523,5.0,-31.913,269.0,84.0,91.366,-39.87,0.681,3.874,91.744,73.983,180.67,0.668,2.348,93.917,5.262,231.533,0.576,temp_g15_16_0001,run1_g15_g15_21,single-objective/run1/g15/g15_21.pdb.sc
-32.085,-0.233,62.149,2.661,109.359,4.682,1196.27,2335.939,1139.669,30.0,-1.995,-1300.718,248.196,-282.154,1.969,31.792,374.312,763.347,-0.037,-32.107,-48.639,-16.971,-51.523,6.0,-32.038,269.0,83.0,92.287,-38.682,0.754,1.793,18.397,65.497,176.37,0.659,1.296,50.553,2.233,98.263,0.576,temp_g15_07_0001,run1_g15_g15_22,single-objective/run1/g15/g15_22.pdb.sc
-84.558,-0.435,31.649,1.292,61.261,2.501,1285.255,2449.246,1163.991,32.0,-1.995,-1295.36,249.717,-284.859,1.98,32.456,328.106,756.878,-0.076,-32.107,-48.639,-17.969,-51.523,7.0,-31.913,269.0,83.0,93.067,-39.174,0.661,1.151,18.397,65.345,172.452,0.65,0.874,34.081,1.397,61.458,0.585,temp_g8_17_0001,run1_g15_g15_23,single-objective/run1/g15/g15_23.pdb.sc
116.3,0.371,36.117,1.563,60.821,2.632,1179.621,2310.877,1131.256,27.0,-1.995,-1294.94,252.536,-288.817,1.937,32.24,451.849,759.848,-0.055,-32.107,-49.499,-19.596,-51.523,6.0,-32.512,269.0,83.0,90.95,-40.267,0.719,2.276,91.744,74.441,171.435,0.665,0.996,38.856,3.411,150.071,0.576,temp_g10_09_0001,run1_g15_g15_24,single-objective/run1/g15/g15_24.pdb.sc
369.91,0.773,33.394,1.413,-71.983,-3.046,1268.248,2363.219,1094.97,39.0,-1.995,-1301.351,249.791,-283.279,1.914,32.168,782.423,760.164,0.067,-32.107,-48.639,-16.231,-51.523,6.0,-31.749,269.0,83.0,93.017,-39.814,0.669,3.542,18.397,65.501,172.639,0.658,0.897,34.973,5.887,259.019,0.585,temp_g15_19_0001,run1_g15_g15_3,single-objective/run1/g15/g15_3.pdb.sc
265.803,0.433,37.811,1.649,-71.389,-3.113,1188.921,2293.285,1104.364,35.0,-1.995,-1289.147,249.754,-273.218,1.923,30.974,592.444,741.824,0.038,-29.622,-49.499,-15.902,-51.523,5.0,-33.029,269.0,83.0,90.95,-39.709,0.701,2.482,91.744,74.668,174.589,0.657,1.018,39.713,3.779,166.289,0.576,temp_g12_08_0001,run1_g15_g15_4,single-objective/run1/g15/g15_4.pdb.sc
265.803,0.433,37.811,1.649,-71.389,-3.113,1188.921,2293.285,1104.364,35.0,-1.995,-1289.147,249.754,-273.218,1.923,30.974,592.444,741.824,0.038,-29.622,-49.499,-15.902,-51.523,5.0,-33.029,269.0,83.0,90.95,-39.709,0.701,2.482,91.744,74.668,174.589,0.657,1.018,39.713,3.779,166.289,0.576,temp_g12_08_0001,run1_g15_g15_5,single-objective/run1/g15/g15_5.pdb.sc
199.438,0.187,55.936,2.309,-52.555,-2.17,1267.055,2422.196,1155.14,35.0,-1.995,-1307.551,245.634,-274.873,1.922,31.253,497.093,762.945,0.052,-30.764,-48.639,-15.233,-51.523,5.0,-31.909,269.0,83.0,91.097,-31.724,0.707,2.489,108.196,81.854,173.072,0.631,1.204,46.95,3.628,159.61,0.585,temp_g11_21_0001,run1_g15_g15_6,single-objective/run1/g15/g15_6.pdb.sc
178.867,0.606,76.622,3.253,111.526,4.735,1152.453,2355.176,1202.723,29.0,-1.995,-1306.2,258.733,-294.175,1.992,32.319,511.735,774.483,-0.037,-32.109,-49.499,-19.596,-51.523,7.0,-31.84,269.0,83.0,90.95,-40.545,0.723,2.984,91.744,73.71,170.108,0.679,1.496,58.34,4.304,189.362,0.576,temp_g15_13_0001,run1_g15_g15_7,single-objective/run1/g15/g15_7.pdb.sc
128.358,-0.065,54.804,2.271,-54.017,-2.238,1304.294,2413.55,1109.256,32.0,-1.995,-1307.981,248.709,-276.442,1.991,31.358,452.101,761.148,0.051,-30.764,-49.499,-15.233,-51.523,5.0,-32.327,269.0,83.0,90.996,-37.402,0.723,1.715,91.744,76.737,176.164,0.626,1.204,46.975,2.167,95.334,0.576,temp_g12_03_0001,run1_g15_g15_8,single-objective/run1/g15/g15_8.pdb.sc
416.669,0.752,323.311,13.077,241.718,9.777,1338.079,2472.389,1134.311,32.0,-1.995,-1309.441,246.053,-276.272,1.984,30.981,842.268,760.149,-0.014,-30.764,-49.499,-14.904,-51.523,5.0,-32.421,269.0,83.0,92.557,-40.306,0.701,5.106,1.946,66.53,180.749,0.636,4.785,186.597,5.392,237.232,0.576,temp_g15_18_0001,run1_g15_g15_9,single-objective/run1/g15/g15_9.pdb.sc
265.803,0.433,37.811,1.649,-71.389,-3.113,1188.921,2293.285,1104.364,35.0,-1.995,-1289.147,249.754,-273.218,1.923,30.974,592.444,741.824,0.038,-29.622,-49.499,-15.902,-51.523,5.0,-33.029,269.0,83.0,90.95,-39.709,0.701,2.482,91.744,74.668,174.589,0.657,1.018,39.713,3.779,166.289,0.576,temp_g12_08_0001,run1_g16_g16_0,single-objective/run1/g16/g16_0.pdb.sc
265.803,0.433,37.811,1.649,-71.389,-3.113,1188.921,2293.285,1104.364,35.0,-1.995,-1289.147,249.754,-273.218,1.923,30.974,592.444,741.824,0.038,-29.622,-49.499,-15.902,-51.523,5.0,-33.029,269.0,83.0,90.95,-39.709,0.701,2.482,91.744,74.668,174.589,0.657,1.018,39.713,3.779,166.289,0.576,temp_g12_08_0001,run1_g16_g16_1,single-objective/run1/g16/g16_1.pdb.sc
265.803,0.433,37.811,1.649,-71.389,-3.113,1188.921,2293.285,1104.364,35.0,-1.995,-1289.147,249.754,-273.218,1.923,30.974,592.444,741.824,0.038,-29.622,-49.499,-15.902,-51.523,5.0,-33.029,269.0,83.0,90.95,-39.709,0.701,2.482,91.744,74.668,174.589,0.657,1.018,39.713,3.779,166.289,0.576,temp_g12_08_0001,run1_g16_g16_10,single-objective/run1/g16/g16_10.pdb.sc
394.195,0.592,171.59,7.322,81.768,3.489,1151.445,2343.527,1192.082,35.0,-1.995,-1305.035,254.989,-273.804,1.945,32.297,815.942,758.862,-0.033,-29.622,-49.499,-15.902,-51.523,5.0,-32.5,269.0,83.0,92.66,-42.5,0.707,3.692,1.946,65.011,172.346,0.631,2.709,105.662,4.562,200.747,0.576,temp_g16_18_0001,run1_g16_g16_11,single-objective/run1/g16/g16_11.pdb.sc
269.221,0.446,190.022,8.345,88.421,3.883,1192.295,2277.178,1084.882,37.0,-1.995,-1296.553,246.773,-273.063,1.964,30.244,601.632,740.365,-0.031,-29.622,-49.499,-14.904,-51.523,5.0,-33.666,269.0,83.0,90.971,-38.501,0.699,3.393,91.744,76.042,178.233,0.675,2.973,115.933,3.765,165.647,0.576,temp_g16_00_0001,run1_g16_g16_12,single-objective/run1/g16/g16_12.pdb.sc
369.91,0.773,33.394,1.413,-71.983,-3.046,1268.248,2363.219,1094.97,39.0,-1.995,-1301.351,249.791,-283.279,1.914,32.168,782.423,760.164,0.067,-32.107,-48.639,-16.231,-51.523,6.0,-31.749,269.0,83.0,93.017,-39.814,0.669,3.542,18.397,65.501,172.639,0.658,0.897,34.973,5.887,259.019,0.585,temp_g15_19_0001,run1_g16_g16_13,single-objective/run1/g16/g16_13.pdb.sc
-84.558,-0.435,31.649,1.292,61.261,2.501,1285.255,2449.246,1163.991,32.0,-1.995,-1295.36,249.717,-284.859,1.98,32.456,328.106,756.878,-0.076,-32.107,-48.639,-17.969,-51.523,7.0,-31.913,269.0,83.0,93.067,-39.174,0.661,1.151,18.397,65.345,172.452,0.65,0.874,34.081,1.397,61.458,0.585,temp_g8_17_0001,run1_g16_g16_14,single-objective/run1/g16/g16_14.pdb.sc
-89.27,-0.456,22.32,0.962,55.809,2.405,1208.799,2320.454,1111.655,33.0,-1.995,-1287.484,247.84,-283.24,1.944,31.934,318.215,752.538,-0.116,-32.107,-48.639,-17.969,-51.523,8.0,-31.331,269.0,83.0,93.067,-38.992,0.68,1.063,18.397,65.209,174.282,0.656,0.744,29.014,1.346,59.234,0.585,temp_g16_12_0001,run1_g16_g16_15,single-objective/run1/g16/g16_15.pdb.sc
-32.085,-0.233,62.149,2.661,109.359,4.682,1196.27,2335.939,1139.669,30.0,-1.995,-1300.718,248.196,-282.154,1.969,31.792,374.312,763.347,-0.037,-32.107,-48.639,-16.971,-51.523,6.0,-32.038,269.0,83.0,92.287,-38.682,0.754,1.793,18.397,65.497,176.37,0.659,1.296,50.553,2.233,98.263,0.576,temp_g15_07_0001,run1_g16_g16_16,single-objective/run1/g16/g16_16.pdb.sc
278.177,0.484,44.308,1.955,-61.868,-2.729,1148.089,2266.944,1118.855,34.0,-1.995,-1273.904,247.549,-274.511,1.893,30.319,589.521,739.613,0.056,-29.622,-49.499,-16.258,-51.523,5.0,-32.126,269.0,83.0,91.054,-36.509,0.708,2.631,91.744,77.723,174.132,0.658,1.057,41.239,4.025,177.114,0.576,temp_g16_05_0001,run1_g16_g16_17,single-objective/run1/g16/g16_17.pdb.sc
200.634,0.191,54.12,2.246,-55.525,-2.305,1294.424,2409.295,1114.871,35.0,-1.995,-1298.72,244.242,-274.154,1.935,30.846,494.398,750.786,0.049,-30.764,-48.639,-15.233,-51.523,5.0,-31.032,269.0,83.0,91.156,-30.516,0.653,2.461,108.196,82.801,178.266,0.645,1.18,46.024,3.596,158.215,0.585,temp_g13_00_0001,run1_g16_g16_18,single-objective/run1/g16/g16_18.pdb.sc
440.013,1.069,37.795,1.546,65.981,2.699,1289.243,2444.58,1155.337,27.0,-1.995,-1305.779,249.229,-284.914,1.945,32.494,703.668,764.498,-0.082,-32.107,-49.499,-16.971,-51.523,7.0,-30.947,269.0,83.0,92.884,-34.691,0.689,5.284,155.155,76.626,171.358,0.651,0.919,35.852,9.153,402.724,0.585,temp_g15_05_0001,run1_g16_g16_19,single-objective/run1/g16/g16_19.pdb.sc
265.803,0.433,37.811,1.649,-71.389,-3.113,1188.921,2293.285,1104.364,35.0,-1.995,-1289.147,249.754,-273.218,1.923,30.974,592.444,741.824,0.038,-29.622,-49.499,-15.902,-51.523,5.0,-33.029,269.0,83.0,90.95,-39.709,0.701,2.482,91.744,74.668,174.589,0.657,1.018,39.713,3.779,166.289,0.576,temp_g12_08_0001,run1_g16_g16_2,single-objective/run1/g16/g16_2.pdb.sc
473.023,1.219,100.282,4.317,-7.845,-0.338,1234.4,2323.0,1088.6,35.0,-1.995,-1302.421,243.362,-272.678,1.897,30.834,606.02,757.234,0.446,-30.764,-48.639,-15.233,-50.988,5.0,-31.554,269.0,83.0,91.357,-28.445,0.749,4.897,262.418,89.092,172.95,0.645,1.802,70.283,7.641,336.202,0.576,temp_g15_22_0001,run1_g16_g16_20,single-objective/run1/g16/g16_20.pdb.sc
672.62,1.856,98.646,4.319,10.364,0.454,1162.786,2283.812,1121.026,39.0,-1.995,-1306.272,256.881,-274.595,1.942,31.936,992.522,758.008,-0.337,-29.622,-49.499,-16.205,-51.523,5.0,-32.571,269.0,83.0,90.945,-37.498,0.695,5.537,91.744,77.185,170.66,0.648,1.829,71.325,8.824,388.247,0.576,temp_g16_01_0001,run1_g16_g16_21,single-objective/run1/g16/g16_21.pdb.sc
499.133,0.884,148.185,6.414,39.305,1.701,1218.459,2310.28,1091.821,35.0,-1.995,-1299.635,246.618,-271.896,1.933,30.953,834.023,739.122,-0.089,-29.622,-49.499,-15.902,-51.523,5.0,-31.913,269.0,84.0,91.366,-39.87,0.681,3.874,91.744,73.983,180.67,0.668,2.348,93.917,5.262,231.533,0.576,temp_g15_16_0001,run1_g16_g16_22,single-objective/run1/g16/g16_22.pdb.sc
341.189,0.464,152.496,6.314,70.291,2.91,1276.367,2415.099,1138.732,34.0,-1.995,-1295.062,243.597,-276.645,1.92,30.595,758.35,757.167,-0.065,-30.764,-49.499,-14.904,-51.523,6.0,-31.926,269.0,83.0,93.28,-40.855,0.688,4.144,1.946,66.072,180.858,0.629,2.542,99.143,5.564,244.796,0.576,temp_g16_09_0001,run1_g16_g16_23,single-objective/run1/g16/g16_23.pdb.sc
371.174,0.569,93.285,3.822,-9.397,-0.385,1284.28,2441.01,1156.73,32.0,-1.995,-1315.445,248.008,-274.04,1.928,31.414,666.717,757.833,0.406,-30.764,-48.639,-15.571,-51.523,7.0,-31.448,269.0,83.0,91.24,-27.054,0.691,3.729,108.196,87.568,174.162,0.618,1.8,70.2,5.439,239.331,0.585,temp_g16_06_0001,run1_g16_g16_24,single-objective/run1/g16/g16_24.pdb.sc
116.3,0.371,36.117,1.563,60.821,2.632,1179.621,2310.877,1131.256,27.0,-1.995,-1294.94,252.536,-288.817,1.937,32.24,451.849,759.848,-0.055,-32.107,-49.499,-19.596,-51.523,6.0,-32.512,269.0,83.0,90.95,-40.267,0.719,2.276,91.744,74.441,171.435,0.665,0.996,38.856,3.411,150.071,0.576,temp_g10_09_0001,run1_g16_g16_3,single-objective/run1/g16/g16_3.pdb.sc
222.724,0.229,110.452,4.64,5.259,0.221,1281.97,2380.302,1098.332,38.0,-1.995,-1301.183,246.94,-284.045,1.925,31.826,640.505,756.904,-0.916,-32.107,-48.639,-16.231,-51.523,6.0,-31.78,269.0,83.0,93.79,-40.035,0.709,3.312,18.397,64.448,174.943,0.662,1.902,74.197,4.562,200.736,0.585,temp_g16_03_0001,run1_g16_g16_4,single-objective/run1/g16/g16_4.pdb.sc
265.803,0.433,37.811,1.649,-71.389,-3.113,1188.921,2293.285,1104.364,35.0,-1.995,-1289.147,249.754,-273.218,1.923,30.974,592.444,741.824,0.038,-29.622,-49.499,-15.902,-51.523,5.0,-33.029,269.0,83.0,90.95,-39.709,0.701,2.482,91.744,74.668,174.589,0.657,1.018,39.713,3.779,166.289,0.576,temp_g12_08_0001,run1_g16_g16_5,single-objective/run1/g16/g16_5.pdb.sc
259.469,0.426,32.425,1.426,-75.093,-3.303,1223.794,2273.278,1049.484,35.0,-1.995,-1270.194,237.908,-273.64,1.904,29.598,587.462,720.374,0.047,-29.622,-49.499,-14.904,-51.523,5.0,-31.054,269.0,83.0,90.78,-37.63,0.682,2.446,91.744,76.268,182.915,0.671,0.966,37.663,3.758,165.334,0.576,temp_g16_17_0001,run1_g16_g16_6,single-objective/run1/g16/g16_6.pdb.sc
265.803,0.433,37.811,1.649,-71.389,-3.113,1188.921,2293.285,1104.364,35.0,-1.995,-1289.147,249.754,-273.218,1.923,30.974,592.444,741.824,0.038,-29.622,-49.499,-15.902,-51.523,5.0,-33.029,269.0,83.0,90.95,-39.709,0.701,2.482,91.744,74.668,174.589,0.657,1.018,39.713,3.779,166.289,0.576,temp_g12_08_0001,run1_g16_g16_7,single-objective/run1/g16/g16_7.pdb.sc
128.358,-0.065,54.804,2.271,-54.017,-2.238,1304.294,2413.55,1109.256,32.0,-1.995,-1307.981,248.709,-276.442,1.991,31.358,452.101,761.148,0.051,-30.764,-49.499,-15.233,-51.523,5.0,-32.327,269.0,83.0,90.996,-37.402,0.723,1.715,91.744,76.737,176.164,0.626,1.204,46.975,2.167,95.334,0.576,temp_g12_03_0001,run1_g16_g16_8,single-objective/run1/g16/g16_8.pdb.sc
199.438,0.187,55.936,2.309,-52.555,-2.17,1267.055,2422.196,1155.14,35.0,-1.995,-1307.551,245.634,-274.873,1.922,31.253,497.093,762.945,0.052,-30.764,-48.639,-15.233,-51.523,5.0,-31.909,269.0,83.0,91.097,-31.724,0.707,2.489,108.196,81.854,173.072,0.631,1.204,46.95,3.628,159.61,0.585,temp_g11_21_0001,run1_g16_g16_9,single-objective/run1/g16/g16_9.pdb.sc
259.469,0.426,32.425,1.426,-75.093,-3.303,1223.794,2273.278,1049.484,35.0,-1.995,-1270.194,237.908,-273.64,1.904,29.598,587.462,720.374,0.047,-29.622,-49.499,-14.904,-51.523,5.0,-31.054,269.0,83.0,90.78,-37.63,0.682,2.446,91.744,76.268,182.915,0.671,0.966,37.663,3.758,165.334,0.576,temp_g16_17_0001,run1_g17_g17_0,single-objective/run1/g17/g17_0.pdb.sc
265.803,0.433,37.811,1.649,-71.389,-3.113,1188.921,2293.285,1104.364,35.0,-1.995,-1289.147,249.754,-273.218,1.923,30.974,592.444,741.824,0.038,-29.622,-49.499,-15.902,-51.523,5.0,-33.029,269.0,83.0,90.95,-39.709,0.701,2.482,91.744,74.668,174.589,0.657,1.018,39.713,3.779,166.289,0.576,temp_g12_08_0001,run1_g17_g17_1,single-objective/run1/g17/g17_1.pdb.sc
269.221,0.446,190.022,8.345,88.421,3.883,1192.295,2277.178,1084.882,37.0,-1.995,-1296.553,246.773,-273.063,1.964,30.244,601.632,740.365,-0.031,-29.622,-49.499,-14.904,-51.523,5.0,-33.666,269.0,83.0,90.971,-38.501,0.699,3.393,91.744,76.042,178.233,0.675,2.973,115.933,3.765,165.647,0.576,temp_g16_00_0001,run1_g17_g17_10,single-objective/run1/g17/g17_10.pdb.sc
278.177,0.484,44.308,1.955,-61.868,-2.729,1148.089,2266.944,1118.855,34.0,-1.995,-1273.904,247.549,-274.511,1.893,30.319,589.521,739.613,0.056,-29.622,-49.499,-16.258,-51.523,5.0,-32.126,269.0,83.0,91.054,-36.509,0.708,2.631,91.744,77.723,174.132,0.658,1.057,41.239,4.025,177.114,0.576,temp_g16_05_0001,run1_g17_g17_11,single-objective/run1/g17/g17_11.pdb.sc
265.803,0.433,37.811,1.649,-71.389,-3.113,1188.921,2293.285,1104.364,35.0,-1.995,-1289.147,249.754,-273.218,1.923,30.974,592.444,741.824,0.038,-29.622,-49.499,-15.902,-51.523,5.0,-33.029,269.0,83.0,90.95,-39.709,0.701,2.482,91.744,74.668,174.589,0.657,1.018,39.713,3.779,166.289,0.576,temp_g12_08_0001,run1_g17_g17_12,single-objective/run1/g17/g17_12.pdb.sc
265.803,0.433,37.811,1.649,-71.389,-3.113,1188.921,2293.285,1104.364,35.0,-1.995,-1289.147,249.754,-273.218,1.923,30.974,592.444,741.824,0.038,-29.622,-49.499,-15.902,-51.523,5.0,-33.029,269.0,83.0,90.95,-39.709,0.701,2.482,91.744,74.668,174.589,0.657,1.018,39.713,3.779,166.289,0.576,temp_g12_08_0001,run1_g17_g17_13,single-objective/run1/g17/g17_13.pdb.sc
394.195,0.592,171.59,7.322,81.768,3.489,1151.445,2343.527,1192.082,35.0,-1.995,-1305.035,254.989,-273.804,1.945,32.297,815.942,758.862,-0.033,-29.622,-49.499,-15.902,-51.523,5.0,-32.5,269.0,83.0,92.66,-42.5,0.707,3.692,1.946,65.011,172.346,0.631,2.709,105.662,4.562,200.747,0.576,temp_g16_18_0001,run1_g17_g17_14,single-objective/run1/g17/g17_14.pdb.sc
266.232,0.438,34.956,1.523,-72.066,-3.139,1197.14,2295.648,1098.507,36.0,-1.995,-1280.794,247.46,-273.406,1.915,30.545,589.38,735.984,0.048,-29.622,-49.499,-15.902,-51.523,5.0,-32.54,269.0,83.0,91.009,-38.605,0.672,2.485,91.744,75.413,176.091,0.677,0.999,38.978,3.802,167.274,0.576,temp_g17_07_0001,run1_g17_g17_15,single-objective/run1/g17/g17_15.pdb.sc
200.634,0.191,54.12,2.246,-55.525,-2.305,1294.424,2409.295,1114.871,35.0,-1.995,-1298.72,244.242,-274.154,1.935,30.846,494.398,750.786,0.049,-30.764,-48.639,-15.233,-51.523,5.0,-31.032,269.0,83.0,91.156,-30.516,0.653,2.461,108.196,82.801,178.266,0.645,1.18,46.024,3.596,158.215,0.585,temp_g13_00_0001,run1_g17_g17_16,single-objective/run1/g17/g17_16.pdb.sc
221.341,0.229,100.322,4.439,-4.733,-0.209,1202.719,2260.097,1057.378,36.0,-1.995,-1289.5,247.47,-284.186,1.944,31.306,626.914,752.005,1.238,-32.107,-48.639,-16.231,-51.523,7.0,-31.499,269.0,83.0,93.79,-39.128,0.677,3.289,18.397,64.434,179.313,0.651,1.756,68.495,4.647,204.483,0.576,temp_g17_15_0001,run1_g17_g17_17,single-objective/run1/g17/g17_17.pdb.sc
-84.558,-0.435,31.649,1.292,61.261,2.501,1285.255,2449.246,1163.991,32.0,-1.995,-1295.36,249.717,-284.859,1.98,32.456,328.106,756.878,-0.076,-32.107,-48.639,-17.969,-51.523,7.0,-31.913,269.0,83.0,93.067,-39.174,0.661,1.151,18.397,65.345,172.452,0.65,0.874,34.081,1.397,61.458,0.585,temp_g8_17_0001,run1_g17_g17_18,single-objective/run1/g17/g17_18.pdb.sc
265.803,0.433,37.811,1.649,-71.389,-3.113,1188.921,2293.285,1104.364,35.0,-1.995,-1289.147,249.754,-273.218,1.923,30.974,592.444,741.824,0.038,-29.622,-49.499,-15.902,-51.523,5.0,-33.029,269.0,83.0,90.95,-39.709,0.701,2.482,91.744,74.668,174.589,0.657,1.018,39.713,3.779,166.289,0.576,temp_g12_08_0001,run1_g17_g17_19,single-objective/run1/g17/g17_19.pdb.sc
672.62,1.856,98.646,4.319,10.364,0.454,1162.786,2283.812,1121.026,39.0,-1.995,-1306.272,256.881,-274.595,1.942,31.936,992.522,758.008,-0.337,-29.622,-49.499,-16.205,-51.523,5.0,-32.571,269.0,83.0,90.945,-37.498,0.695,5.537,91.744,77.185,170.66,0.648,1.829,71.325,8.824,388.247,0.576,temp_g16_01_0001,run1_g17_g17_2,single-objective/run1/g17/g17_2.pdb.sc
222.724,0.229,110.452,4.64,5.259,0.221,1281.97,2380.302,1098.332,38.0,-1.995,-1301.183,246.94,-284.045,1.925,31.826,640.505,756.904,-0.916,-32.107,-48.639,-16.231,-51.523,6.0,-31.78,269.0,83.0,93.79,-40.035,0.709,3.312,18.397,64.448,174.943,0.662,1.902,74.197,4.562,200.736,0.585,temp_g16_03_0001,run1_g17_g17_20,single-objective/run1/g17/g17_20.pdb.sc
174.83,0.107,37.713,1.644,-67.155,-2.928,1168.369,2293.569,1125.199,32.0,-1.995,-1285.545,249.07,-272.556,1.886,30.91,470.14,747.474,0.052,-29.622,-48.639,-15.902,-51.523,5.0,-33.309,269.0,83.0,91.052,-34.546,0.694,2.232,108.196,79.493,169.67,0.661,1.027,40.039,3.301,145.234,0.576,temp_g17_10_0001,run1_g17_g17_21,single-objective/run1/g17/g17_21.pdb.sc
369.91,0.773,33.394,1.413,-71.983,-3.046,1268.248,2363.219,1094.97,39.0,-1.995,-1301.351,249.791,-283.279,1.914,32.168,782.423,760.164,0.067,-32.107,-48.639,-16.231,-51.523,6.0,-31.749,269.0,83.0,93.017,-39.814,0.669,3.542,18.397,65.501,172.639,0.658,0.897,34.973,5.887,259.019,0.585,temp_g15_19_0001,run1_g17_g17_22,single-objective/run1/g17/g17_22.pdb.sc
265.803,0.433,37.811,1.649,-71.389,-3.113,1188.921,2293.285,1104.364,35.0,-1.995,-1289.147,249.754,-273.218,1.923,30.974,592.444,741.824,0.038,-29.622,-49.499,-15.902,-51.523,5.0,-33.029,269.0,83.0,90.95,-39.709,0.701,2.482,91.744,74.668,174.589,0.657,1.018,39.713,3.779,166.289,0.576,temp_g12_08_0001,run1_g17_g17_23,single-objective/run1/g17/g17_23.pdb.sc
-43.009,-0.267,59.979,2.567,106.211,4.546,1216.21,2336.369,1120.159,31.0,-1.995,-1290.68,243.03,-282.106,1.9,31.214,363.768,755.146,-0.037,-32.107,-48.639,-18.103,-51.523,6.0,-31.391,269.0,83.0,92.287,-38.132,0.707,1.702,18.397,65.977,179.374,0.65,1.332,51.959,2.029,89.275,0.576,temp_g17_16_0001,run1_g17_g17_24,single-objective/run1/g17/g17_24.pdb.sc
265.803,0.433,37.811,1.649,-71.389,-3.113,1188.921,2293.285,1104.364,35.0,-1.995,-1289.147,249.754,-273.218,1.923,30.974,592.444,741.824,0.038,-29.622,-49.499,-15.902,-51.523,5.0,-33.029,269.0,83.0,90.95,-39.709,0.701,2.482,91.744,74.668,174.589,0.657,1.018,39.713,3.779,166.289,0.576,temp_g12_08_0001,run1_g17_g17_3,single-objective/run1/g17/g17_3.pdb.sc
380.308,0.858,35.641,1.554,-71.429,-3.115,1188.921,2293.285,1104.364,35.0,-1.995,-1293.317,252.422,-273.078,1.926,31.257,704.911,745.454,0.049,-29.622,-49.499,-15.902,-51.523,5.0,-33.306,269.0,83.0,90.921,-40.024,0.656,3.171,91.744,75.116,174.246,0.661,0.991,38.632,5.104,224.576,0.576,temp_g17_05_0001,run1_g17_g17_4,single-objective/run1/g17/g17_4.pdb.sc
450.463,0.871,73.685,3.21,-28.178,-1.228,1187.477,2295.552,1108.075,36.0,-1.995,-1298.763,252.73,-274.354,1.973,31.15,775.904,739.716,0.124,-29.622,-49.499,-15.902,-51.523,5.0,-32.653,269.0,83.0,91.093,-35.052,0.695,3.862,91.744,80.161,174.777,0.663,1.61,62.78,5.858,257.773,0.576,temp_g17_00_0001,run1_g17_g17_5,single-objective/run1/g17/g17_5.pdb.sc
259.469,0.426,32.425,1.426,-75.093,-3.303,1223.794,2273.278,1049.484,35.0,-1.995,-1270.194,237.908,-273.64,1.904,29.598,587.462,720.374,0.047,-29.622,-49.499,-14.904,-51.523,5.0,-31.054,269.0,83.0,90.78,-37.63,0.682,2.446,91.744,76.268,182.915,0.671,0.966,37.663,3.758,165.334,0.576,temp_g16_17_0001,run1_g17_g17_6,single-objective/run1/g17/g17_6.pdb.sc
-89.27,-0.456,22.32,0.962,55.809,2.405,1208.799,2320.454,1111.655,33.0,-1.995,-1287.484,247.84,-283.24,1.944,31.934,318.215,752.538,-0.116,-32.107,-48.639,-17.969,-51.523,8.0,-31.331,269.0,83.0,93.067,-38.992,0.68,1.063,18.397,65.209,174.282,0.656,0.744,29.014,1.346,59.234,0.585,temp_g16_12_0001,run1_g17_g17_7,single-objective/run1/g17/g17_7.pdb.sc
448.03,0.899,106.806,4.694,-4.799,-0.211,1222.351,2275.546,1053.195,39.0,-1.995,-1277.804,238.602,-272.17,1.905,29.631,765.105,729.07,0.846,-29.622,-49.499,-14.904,-51.523,6.0,-30.568,269.0,83.0,90.923,-33.784,0.621,3.983,91.744,80.512,181.827,0.648,1.843,71.87,5.88,258.701,0.576,temp_g17_06_0001,run1_g17_g17_8,single-objective/run1/g17/g17_8.pdb.sc
313.962,0.515,147.293,6.267,60.842,2.589,1141.688,2350.252,1208.564,42.0,-1.995,-1312.978,260.21,-276.669,1.993,32.231,747.58,765.791,-0.065,-30.106,-49.499,-16.689,-51.523,6.0,-33.005,269.0,83.0,92.414,-45.107,0.649,3.397,1.946,58.343,170.448,0.643,2.481,96.757,4.209,185.177,0.576,temp_g17_21_0001,run1_g17_g17_9,single-objective/run1/g17/g17_9.pdb.sc
259.469,0.426,32.425,1.426,-75.093,-3.303,1223.794,2273.278,1049.484,35.0,-1.995,-1270.194,237.908,-273.64,1.904,29.598,587.462,720.374,0.047,-29.622,-49.499,-14.904,-51.523,5.0,-31.054,269.0,83.0,90.78,-37.63,0.682,2.446,91.744,76.268,182.915,0.671,0.966,37.663,3.758,165.334,0.576,temp_g16_17_0001,run1_g18_g18_0,single-objective/run1/g18/g18_0.pdb.sc
259.469,0.426,32.425,1.426,-75.093,-3.303,1223.794,2273.278,1049.484,35.0,-1.995,-1270.194,237.908,-273.64,1.904,29.598,587.462,720.374,0.047,-29.622,-49.499,-14.904,-51.523,5.0,-31.054,269.0,83.0,90.78,-37.63,0.682,2.446,91.744,76.268,182.915,0.671,0.966,37.663,3.758,165.334,0.576,temp_g16_17_0001,run1_g18_g18_1,single-objective/run1/g18/g18_1.pdb.sc
283.021,0.497,39.135,1.723,-72.183,-3.178,1183.135,2271.391,1088.256,34.0,-1.995,-1292.299,251.711,-272.833,1.976,31.181,609.883,738.722,0.038,-29.622,-49.499,-15.902,-51.523,5.0,-31.855,269.0,83.0,90.748,-39.54,0.673,2.647,91.744,74.768,176.779,0.606,1.035,40.373,4.075,179.293,0.576,temp_g18_01_0001,run1_g18_g18_10,single-objective/run1/g18/g18_10.pdb.sc
448.03,0.899,106.806,4.694,-4.799,-0.211,1222.351,2275.546,1053.195,39.0,-1.995,-1277.804,238.602,-272.17,1.905,29.631,765.105,729.07,0.846,-29.622,-49.499,-14.904,-51.523,6.0,-30.568,269.0,83.0,90.923,-33.784,0.621,3.983,91.744,80.512,181.827,0.648,1.843,71.87,5.88,258.701,0.576,temp_g17_06_0001,run1_g18_g18_11,single-objective/run1/g18/g18_11.pdb.sc
222.724,0.229,110.452,4.64,5.259,0.221,1281.97,2380.302,1098.332,38.0,-1.995,-1301.183,246.94,-284.045,1.925,31.826,640.505,756.904,-0.916,-32.107,-48.639,-16.231,-51.523,6.0,-31.78,269.0,83.0,93.79,-40.035,0.709,3.312,18.397,64.448,174.943,0.662,1.902,74.197,4.562,200.736,0.585,temp_g16_03_0001,run1_g18_g18_12,single-objective/run1/g18/g18_12.pdb.sc
263.974,0.428,34.47,1.498,-73.701,-3.203,1208.421,2301.171,1092.75,36.0,-1.995,-1280.033,246.44,-272.958,1.914,30.514,590.14,732.044,0.047,-29.622,-49.499,-15.902,-51.523,5.0,-32.121,269.0,83.0,91.009,-38.775,0.709,2.452,91.744,74.315,177.706,0.678,0.976,38.055,3.761,165.498,0.576,temp_g18_15_0001,run1_g18_g18_13,single-objective/run1/g18/g18_13.pdb.sc
171.956,0.088,40.083,1.765,-73.717,-3.246,1145.469,2270.84,1125.371,34.0,-1.995,-1270.175,243.199,-272.819,1.857,29.858,458.751,741.198,0.037,-29.622,-48.639,-14.904,-51.523,5.0,-32.666,269.0,83.0,90.823,-32.905,0.665,2.172,108.196,80.83,171.915,0.643,0.971,37.888,3.236,142.37,0.576,temp_g18_19_0001,run1_g18_g18_14,single-objective/run1/g18/g18_14.pdb.sc
265.803,0.433,37.811,1.649,-71.389,-3.113,1188.921,2293.285,1104.364,35.0,-1.995,-1289.147,249.754,-273.218,1.923,30.974,592.444,741.824,0.038,-29.622,-49.499,-15.902,-51.523,5.0,-33.029,269.0,83.0,90.95,-39.709,0.701,2.482,91.744,74.668,174.589,0.657,1.018,39.713,3.779,166.289,0.576,temp_g12_08_0001,run1_g18_g18_15,single-objective/run1/g18/g18_15.pdb.sc
265.803,0.433,37.811,1.649,-71.389,-3.113,1188.921,2293.285,1104.364,35.0,-1.995,-1289.147,249.754,-273.218,1.923,30.974,592.444,741.824,0.038,-29.622,-49.499,-15.902,-51.523,5.0,-33.029,269.0,83.0,90.95,-39.709,0.701,2.482,91.744,74.668,174.589,0.657,1.018,39.713,3.779,166.289,0.576,temp_g12_08_0001,run1_g18_g18_16,single-objective/run1/g18/g18_16.pdb.sc
278.177,0.484,44.308,1.955,-61.868,-2.729,1148.089,2266.944,1118.855,34.0,-1.995,-1273.904,247.549,-274.511,1.893,30.319,589.521,739.613,0.056,-29.622,-49.499,-16.258,-51.523,5.0,-32.126,269.0,83.0,91.054,-36.509,0.708,2.631,91.744,77.723,174.132,0.658,1.057,41.239,4.025,177.114,0.576,temp_g16_05_0001,run1_g18_g18_17,single-objective/run1/g18/g18_17.pdb.sc
507.487,0.978,365.343,15.736,276.518,11.91,1147.92,2321.76,1173.84,34.0,-1.995,-1294.63,250.87,-273.097,1.902,32.005,898.124,757.277,-0.012,-29.622,-48.639,-14.904,-51.523,5.0,-31.794,269.0,83.0,92.153,-36.392,0.702,5.743,18.397,69.116,169.661,0.614,5.198,202.724,6.225,273.912,0.576,temp_g18_14_0001,run1_g18_g18_18,single-objective/run1/g18/g18_18.pdb.sc
174.83,0.107,37.713,1.644,-67.155,-2.928,1168.369,2293.569,1125.199,32.0,-1.995,-1285.545,249.07,-272.556,1.886,30.91,470.14,747.474,0.052,-29.622,-48.639,-15.902,-51.523,5.0,-33.309,269.0,83.0,91.052,-34.546,0.694,2.232,108.196,79.493,169.67,0.661,1.027,40.039,3.301,145.234,0.576,temp_g17_10_0001,run1_g18_g18_19,single-objective/run1/g18/g18_19.pdb.sc
266.232,0.438,34.956,1.523,-72.066,-3.139,1197.14,2295.648,1098.507,36.0,-1.995,-1280.794,247.46,-273.406,1.915,30.545,589.38,735.984,0.048,-29.622,-49.499,-15.902,-51.523,5.0,-32.54,269.0,83.0,91.009,-38.605,0.672,2.485,91.744,75.413,176.091,0.677,0.999,38.978,3.802,167.274,0.576,temp_g17_07_0001,run1_g18_g18_2,single-objective/run1/g18/g18_2.pdb.sc
369.91,0.773,33.394,1.413,-71.983,-3.046,1268.248,2363.219,1094.97,39.0,-1.995,-1301.351,249.791,-283.279,1.914,32.168,782.423,760.164,0.067,-32.107,-48.639,-16.231,-51.523,6.0,-31.749,269.0,83.0,93.017,-39.814,0.669,3.542,18.397,65.501,172.639,0.658,0.897,34.973,5.887,259.019,0.585,temp_g15_19_0001,run1_g18_g18_20,single-objective/run1/g18/g18_20.pdb.sc
200.634,0.191,54.12,2.246,-55.525,-2.305,1294.424,2409.295,1114.871,35.0,-1.995,-1298.72,244.242,-274.154,1.935,30.846,494.398,750.786,0.049,-30.764,-48.639,-15.233,-51.523,5.0,-31.032,269.0,83.0,91.156,-30.516,0.653,2.461,108.196,82.801,178.266,0.645,1.18,46.024,3.596,158.215,0.585,temp_g13_00_0001,run1_g18_g18_21,single-objective/run1/g18/g18_21.pdb.sc
380.308,0.858,35.641,1.554,-71.429,-3.115,1188.921,2293.285,1104.364,35.0,-1.995,-1293.317,252.422,-273.078,1.926,31.257,704.911,745.454,0.049,-29.622,-49.499,-15.902,-51.523,5.0,-33.306,269.0,83.0,90.921,-40.024,0.656,3.171,91.744,75.116,174.246,0.661,0.991,38.632,5.104,224.576,0.576,temp_g17_05_0001,run1_g18_g18_22,single-objective/run1/g18/g18_22.pdb.sc
292.892,0.445,147.186,6.295,58.631,2.508,1165.809,2337.956,1172.146,40.0,-1.995,-1296.524,250.247,-275.104,1.934,31.584,725.933,749.947,-0.047,-29.622,-49.499,-16.205,-51.523,5.0,-32.067,269.0,83.0,92.414,-44.726,0.692,3.22,1.946,59.69,175.887,0.638,2.46,95.935,3.893,171.296,0.576,temp_g18_02_0001,run1_g18_g18_23,single-objective/run1/g18/g18_23.pdb.sc
220.649,-0.113,149.81,6.103,215.968,8.798,1278.667,2454.834,1176.167,35.0,-1.995,-1297.415,247.148,-287.101,1.982,31.689,660.879,760.065,-0.022,-32.107,-49.499,-16.971,-51.523,6.0,-32.321,269.0,84.0,93.381,-45.246,0.721,2.218,1.946,60.331,176.824,0.646,2.301,92.057,2.141,94.214,0.585,temp_g18_18_0001,run1_g18_g18_24,single-objective/run1/g18/g18_24.pdb.sc
275.957,0.487,32.407,1.426,-74.866,-3.293,1223.794,2273.278,1049.484,35.0,-1.995,-1274.271,240.884,-274.051,1.953,29.775,604.833,720.74,0.047,-29.622,-49.499,-14.904,-51.523,5.0,-31.131,269.0,83.0,90.78,-37.281,0.679,2.604,91.744,76.374,182.576,0.671,0.965,37.654,4.055,178.437,0.576,temp_g18_00_0001,run1_g18_g18_3,single-objective/run1/g18/g18_3.pdb.sc
277.67,0.487,49.66,2.191,-60.004,-2.647,1148.089,2266.944,1118.855,34.0,-1.995,-1273.636,245.08,-275.403,1.889,29.573,589.681,740.866,0.058,-29.622,-49.499,-15.26,-51.523,5.0,-32.252,269.0,83.0,91.054,-36.398,0.709,2.652,91.744,77.612,175.182,0.658,1.061,41.387,4.062,178.748,0.576,temp_g18_11_0001,run1_g18_g18_4,single-objective/run1/g18/g18_4.pdb.sc
265.803,0.433,37.811,1.649,-71.389,-3.113,1188.921,2293.285,1104.364,35.0,-1.995,-1289.147,249.754,-273.218,1.923,30.974,592.444,741.824,0.038,-29.622,-49.499,-15.902,-51.523,5.0,-33.029,269.0,83.0,90.95,-39.709,0.701,2.482,91.744,74.668,174.589,0.657,1.018,39.713,3.779,166.289,0.576,temp_g12_08_0001,run1_g18_g18_5,single-objective/run1/g18/g18_5.pdb.sc
259.469,0.426,32.425,1.426,-75.093,-3.303,1223.794,2273.278,1049.484,35.0,-1.995,-1270.194,237.908,-273.64,1.904,29.598,587.462,720.374,0.047,-29.622,-49.499,-14.904,-51.523,5.0,-31.054,269.0,83.0,90.78,-37.63,0.682,2.446,91.744,76.268,182.915,0.671,0.966,37.663,3.758,165.334,0.576,temp_g16_17_0001,run1_g18_g18_6,single-objective/run1/g18/g18_6.pdb.sc
446.046,0.862,68.823,3.022,-13.081,-0.574,1233.117,2277.514,1044.397,37.0,-1.995,-1277.068,237.583,-271.539,1.905,29.6,765.865,725.299,0.267,-29.622,-49.499,-14.904,-51.523,5.0,-30.203,269.0,83.0,90.923,-33.953,0.646,3.863,91.744,79.414,183.442,0.673,1.505,58.702,5.953,261.951,0.576,temp_g18_08_0001,run1_g18_g18_7,single-objective/run1/g18/g18_7.pdb.sc
259.469,0.426,32.425,1.426,-75.093,-3.303,1223.794,2273.278,1049.484,35.0,-1.995,-1270.194,237.908,-273.64,1.904,29.598,587.462,720.374,0.047,-29.622,-49.499,-14.904,-51.523,5.0,-31.054,269.0,83.0,90.78,-37.63,0.682,2.446,91.744,76.268,182.915,0.671,0.966,37.663,3.758,165.334,0.576,temp_g16_17_0001,run1_g18_g18_8,single-objective/run1/g18/g18_8.pdb.sc
265.803,0.433,37.811,1.649,-71.389,-3.113,1188.921,2293.285,1104.364,35.0,-1.995,-1289.147,249.754,-273.218,1.923,30.974,592.444,741.824,0.038,-29.622,-49.499,-15.902,-51.523,5.0,-33.029,269.0,83.0,90.95,-39.709,0.701,2.482,91.744,74.668,174.589,0.657,1.018,39.713,3.779,166.289,0.576,temp_g12_08_0001,run1_g18_g18_9,single-objective/run1/g18/g18_9.pdb.sc
259.469,0.426,32.425,1.426,-75.093,-3.303,1223.794,2273.278,1049.484,35.0,-1.995,-1270.194,237.908,-273.64,1.904,29.598,587.462,720.374,0.047,-29.622,-49.499,-14.904,-51.523,5.0,-31.054,269.0,83.0,90.78,-37.63,0.682,2.446,91.744,76.268,182.915,0.671,0.966,37.663,3.758,165.334,0.576,temp_g16_17_0001,run1_g19_g19_0,single-objective/run1/g19/g19_0.pdb.sc
259.469,0.426,32.425,1.426,-75.093,-3.303,1223.794,2273.278,1049.484,35.0,-1.995,-1270.194,237.908,-273.64,1.904,29.598,587.462,720.374,0.047,-29.622,-49.499,-14.904,-51.523,5.0,-31.054,269.0,83.0,90.78,-37.63,0.682,2.446,91.744,76.268,182.915,0.671,0.966,37.663,3.758,165.334,0.576,temp_g16_17_0001,run1_g19_g19_1,single-objective/run1/g19/g19_1.pdb.sc
370.844,0.779,36.024,1.524,-71.657,-3.032,1268.248,2363.665,1095.417,38.0,-1.995,-1300.282,250.368,-283.672,1.915,32.292,782.317,760.014,0.057,-32.107,-48.639,-16.231,-51.523,6.0,-32.106,269.0,83.0,93.017,-39.385,0.697,3.56,18.397,66.279,171.6,0.651,0.93,36.281,5.891,259.223,0.585,temp_g19_12_0001,run1_g19_g19_10,single-objective/run1/g19/g19_10.pdb.sc
259.469,0.426,32.425,1.426,-75.093,-3.303,1223.794,2273.278,1049.484,35.0,-1.995,-1270.194,237.908,-273.64,1.904,29.598,587.462,720.374,0.047,-29.622,-49.499,-14.904,-51.523,5.0,-31.054,269.0,83.0,90.78,-37.63,0.682,2.446,91.744,76.268,182.915,0.671,0.966,37.663,3.758,165.334,0.576,temp_g16_17_0001,run1_g19_g19_11,single-objective/run1/g19/g19_11.pdb.sc
277.564,0.495,36.363,1.6,-71.212,-3.133,1202.73,2273.05,1070.319,35.0,-1.995,-1274.88,242.448,-274.719,1.953,29.794,605.402,724.573,0.038,-29.622,-49.499,-14.904,-51.523,5.0,-31.397,269.0,83.0,90.78,-37.945,0.71,2.632,91.744,75.815,180.962,0.663,0.999,38.948,4.08,179.505,0.576,temp_g19_03_0001,run1_g19_g19_12,single-objective/run1/g19/g19_12.pdb.sc
275.957,0.487,32.407,1.426,-74.866,-3.293,1223.794,2273.278,1049.484,35.0,-1.995,-1274.271,240.884,-274.051,1.953,29.775,604.833,720.74,0.047,-29.622,-49.499,-14.904,-51.523,5.0,-31.131,269.0,83.0,90.78,-37.281,0.679,2.604,91.744,76.374,182.576,0.671,0.965,37.654,4.055,178.437,0.576,temp_g18_00_0001,run1_g19_g19_13,single-objective/run1/g19/g19_13.pdb.sc
265.305,0.433,34.049,1.492,-76.546,-3.355,1182.388,2281.354,1098.966,36.0,-1.995,-1277.797,246.44,-272.879,1.912,30.514,585.623,732.552,0.036,-29.622,-49.499,-15.902,-51.523,5.0,-32.336,269.0,83.0,91.255,-37.875,0.689,2.471,91.744,76.936,177.179,0.666,0.97,37.84,3.8,167.216,0.576,temp_g19_02_0001,run1_g19_g19_14,single-objective/run1/g19/g19_14.pdb.sc
371.187,0.75,95.367,4.213,8.108,0.358,1197.659,2263.805,1066.146,39.0,-1.995,-1280.301,241.354,-275.033,1.913,30.168,691.901,733.804,-0.431,-29.622,-49.499,-15.207,-51.523,5.0,-30.676,269.0,83.0,90.825,-35.513,0.625,3.485,91.744,78.299,179.971,0.656,1.786,69.645,4.991,219.621,0.576,temp_g19_00_0001,run1_g19_g19_15,single-objective/run1/g19/g19_15.pdb.sc
275.957,0.49,32.487,1.429,-73.402,-3.229,1223.794,2273.278,1049.484,35.0,-1.995,-1274.271,240.884,-274.051,1.953,29.775,604.833,720.74,0.048,-29.622,-49.499,-14.904,-51.523,5.0,-31.131,269.0,83.0,90.78,-37.281,0.693,2.611,91.744,76.374,182.576,0.671,0.981,38.276,4.056,178.478,0.576,temp_g19_08_0001,run1_g19_g19_16,single-objective/run1/g19/g19_16.pdb.sc
259.469,0.426,32.425,1.426,-75.093,-3.303,1223.794,2273.278,1049.484,35.0,-1.995,-1270.194,237.908,-273.64,1.904,29.598,587.462,720.374,0.047,-29.622,-49.499,-14.904,-51.523,5.0,-31.054,269.0,83.0,90.78,-37.63,0.682,2.446,91.744,76.268,182.915,0.671,0.966,37.663,3.758,165.334,0.576,temp_g16_17_0001,run1_g19_g19_17,single-objective/run1/g19/g19_17.pdb.sc
446.046,0.862,68.823,3.022,-13.081,-0.574,1233.117,2277.514,1044.397,37.0,-1.995,-1277.068,237.583,-271.539,1.905,29.6,765.865,725.299,0.267,-29.622,-49.499,-14.904,-51.523,5.0,-30.203,269.0,83.0,90.923,-33.953,0.646,3.863,91.744,79.414,183.442,0.673,1.505,58.702,5.953,261.951,0.576,temp_g18_08_0001,run1_g19_g19_18,single-objective/run1/g19/g19_18.pdb.sc
353.671,0.555,105.127,4.619,-5.149,-0.226,1222.863,2276.058,1053.195,40.0,-1.995,-1273.371,236.354,-270.584,1.868,29.549,640.182,730.75,0.789,-29.622,-48.639,-14.904,-51.523,6.0,-30.652,269.0,83.0,91.025,-27.957,0.692,3.68,108.196,85.895,178.523,0.648,1.821,71.03,5.327,234.39,0.576,temp_g19_11_0001,run1_g19_g19_19,single-objective/run1/g19/g19_19.pdb.sc
265.803,0.433,37.811,1.649,-71.389,-3.113,1188.921,2293.285,1104.364,35.0,-1.995,-1289.147,249.754,-273.218,1.923,30.974,592.444,741.824,0.038,-29.622,-49.499,-15.902,-51.523,5.0,-33.029,269.0,83.0,90.95,-39.709,0.701,2.482,91.744,74.668,174.589,0.657,1.018,39.713,3.779,166.289,0.576,temp_g12_08_0001,run1_g19_g19_2,single-objective/run1/g19/g19_2.pdb.sc
98.149,-0.186,34.916,1.522,-73.227,-3.191,1214.8,2294.7,1079.901,36.0,-1.995,-1273.469,245.428,-273.412,1.877,30.379,417.424,737.041,0.048,-29.622,-49.499,-15.902,-51.523,5.0,-32.736,269.0,83.0,90.95,-39.147,0.651,1.334,91.744,74.732,175.303,0.667,0.996,38.834,1.634,71.895,0.576,temp_g19_15_0001,run1_g19_g19_20,single-objective/run1/g19/g19_20.pdb.sc
97.259,-0.177,32.433,1.427,-74.957,-3.297,1223.794,2273.278,1049.484,35.0,-1.995,-1267.676,238.941,-273.53,1.871,29.558,418.575,723.274,0.047,-29.622,-49.499,-14.904,-51.523,5.0,-31.178,269.0,83.0,90.78,-37.479,0.7,1.36,91.744,76.435,182.911,0.67,0.963,37.569,1.712,75.31,0.576,temp_g19_01_0001,run1_g19_g19_21,single-objective/run1/g19/g19_21.pdb.sc
278.177,0.484,44.308,1.955,-61.868,-2.729,1148.089,2266.944,1118.855,34.0,-1.995,-1273.904,247.549,-274.511,1.893,30.319,589.521,739.613,0.056,-29.622,-49.499,-16.258,-51.523,5.0,-32.126,269.0,83.0,91.054,-36.509,0.708,2.631,91.744,77.723,174.132,0.658,1.057,41.239,4.025,177.114,0.576,temp_g16_05_0001,run1_g19_g19_22,single-objective/run1/g19/g19_22.pdb.sc
277.67,0.487,49.66,2.191,-60.004,-2.647,1148.089,2266.944,1118.855,34.0,-1.995,-1273.636,245.08,-275.403,1.889,29.573,589.681,740.866,0.058,-29.622,-49.499,-15.26,-51.523,5.0,-32.252,269.0,83.0,91.054,-36.398,0.709,2.652,91.744,77.612,175.182,0.658,1.061,41.387,4.062,178.748,0.576,temp_g18_11_0001,run1_g19_g19_23,single-objective/run1/g19/g19_23.pdb.sc
256.581,0.366,21.042,0.92,-87.802,-3.838,1242.575,2287.744,1045.169,38.0,-1.995,-1270.205,239.99,-272.532,1.908,30.345,582.631,721.898,0.04,-29.622,-49.499,-15.902,-51.523,5.0,-30.75,269.0,83.0,91.56,-38.252,0.66,2.247,91.744,74.979,181.228,0.668,0.784,30.581,3.543,155.9,0.576,temp_g19_13_0001,run1_g19_g19_24,single-objective/run1/g19/g19_24.pdb.sc
259.469,0.426,32.425,1.426,-75.093,-3.303,1223.794,2273.278,1049.484,35.0,-1.995,-1270.194,237.908,-273.64,1.904,29.598,587.462,720.374,0.047,-29.622,-49.499,-14.904,-51.523,5.0,-31.054,269.0,83.0,90.78,-37.63,0.682,2.446,91.744,76.268,182.915,0.671,0.966,37.663,3.758,165.334,0.576,temp_g16_17_0001,run1_g19_g19_3,single-objective/run1/g19/g19_3.pdb.sc
311.631,0.524,62.884,2.753,-49.527,-2.168,1160.769,2284.284,1123.515,35.0,-1.995,-1276.784,244.458,-273.682,1.901,30.324,623.218,741.343,0.071,-29.622,-49.499,-16.258,-51.523,5.0,-30.985,269.0,83.0,91.054,-36.513,0.711,2.755,91.744,77.731,176.142,0.667,1.214,47.341,4.122,181.354,0.576,temp_g19_17_0001,run1_g19_g19_4,single-objective/run1/g19/g19_4.pdb.sc
380.308,0.858,35.641,1.554,-71.429,-3.115,1188.921,2293.285,1104.364,35.0,-1.995,-1293.317,252.422,-273.078,1.926,31.257,704.911,745.454,0.049,-29.622,-49.499,-15.902,-51.523,5.0,-33.306,269.0,83.0,90.921,-40.024,0.656,3.171,91.744,75.116,174.246,0.661,0.991,38.632,5.104,224.576,0.576,temp_g17_05_0001,run1_g19_g19_5,single-objective/run1/g19/g19_5.pdb.sc
171.956,0.088,40.083,1.765,-73.717,-3.246,1145.469,2270.84,1125.371,34.0,-1.995,-1270.175,243.199,-272.819,1.857,29.858,458.751,741.198,0.037,-29.622,-48.639,-14.904,-51.523,5.0,-32.666,269.0,83.0,90.823,-32.905,0.665,2.172,108.196,80.83,171.915,0.643,0.971,37.888,3.236,142.37,0.576,temp_g18_19_0001,run1_g19_g19_6,single-objective/run1/g19/g19_6.pdb.sc
265.803,0.433,37.811,1.649,-71.389,-3.113,1188.921,2293.285,1104.364,35.0,-1.995,-1289.147,249.754,-273.218,1.923,30.974,592.444,741.824,0.038,-29.622,-49.499,-15.902,-51.523,5.0,-33.029,269.0,83.0,90.95,-39.709,0.701,2.482,91.744,74.668,174.589,0.657,1.018,39.713,3.779,166.289,0.576,temp_g12_08_0001,run1_g19_g19_7,single-objective/run1/g19/g19_7.pdb.sc
263.974,0.428,34.47,1.498,-73.701,-3.203,1208.421,2301.171,1092.75,36.0,-1.995,-1280.033,246.44,-272.958,1.914,30.514,590.14,732.044,0.047,-29.622,-49.499,-15.902,-51.523,5.0,-32.121,269.0,83.0,91.009,-38.775,0.709,2.452,91.744,74.315,177.706,0.678,0.976,38.055,3.761,165.498,0.576,temp_g18_15_0001,run1_g19_g19_8,single-objective/run1/g19/g19_8.pdb.sc
259.469,0.426,32.425,1.426,-75.093,-3.303,1223.794,2273.278,1049.484,35.0,-1.995,-1270.194,237.908,-273.64,1.904,29.598,587.462,720.374,0.047,-29.622,-49.499,-14.904,-51.523,5.0,-31.054,269.0,83.0,90.78,-37.63,0.682,2.446,91.744,76.268,182.915,0.671,0.966,37.663,3.758,165.334,0.576,temp_g16_17_0001,run1_g19_g19_9,single-objective/run1/g19/g19_9.pdb.sc
-155.938,-0.638,55.811,2.332,88.978,3.718,1256.445,2393.309,1136.865,34.0,-1.995,-1315.647,252.962,-276.025,1.946,31.178,293.116,753.971,-0.043,-29.622,-49.521,-18.6,-51.523,6.0,-33.559,269.0,83.0,92.414,-45.16,0.713,0.632,1.946,59.422,178.171,0.666,1.287,50.207,0.051,2.245,0.588,g0_08_0001,run1_g2_g2_0,single-objective/run1/g2/g2_0.pdb.sc
-155.938,-0.638,55.811,2.332,88.978,3.718,1256.445,2393.309,1136.865,34.0,-1.995,-1315.647,252.962,-276.025,1.946,31.178,293.116,753.971,-0.043,-29.622,-49.521,-18.6,-51.523,6.0,-33.559,269.0,83.0,92.414,-45.16,0.713,0.632,1.946,59.422,178.171,0.666,1.287,50.207,0.051,2.245,0.588,g0_08_0001,run1_g2_g2_1,single-objective/run1/g2/g2_1.pdb.sc
413.514,1.33,178.441,7.363,498.448,20.566,1268.003,2423.592,1155.589,37.0,-1.995,-1327.033,256.501,-291.418,1.941,32.204,728.842,777.523,-0.008,-31.823,-49.521,-20.227,-51.523,7.0,-31.878,269.0,85.0,92.636,-40.305,0.664,6.691,128.94,68.08,171.985,0.688,2.462,100.948,10.632,467.817,0.585,temp_g2_11_0001,run1_g2_g2_10,single-objective/run1/g2/g2_10.pdb.sc
-155.483,-0.644,56.672,2.35,92.844,3.851,1226.409,2411.17,1184.761,29.0,-1.995,-1322.913,255.186,-292.125,1.939,32.346,298.412,780.781,-0.048,-32.107,-49.521,-20.556,-51.523,7.0,-34.186,269.0,83.0,92.414,-45.926,0.684,0.592,1.946,59.392,172.36,0.689,1.294,50.481,-0.031,-1.362,0.596,g0_10_0001,run1_g2_g2_11,single-objective/run1/g2/g2_11.pdb.sc
-155.933,-0.645,59.433,2.469,95.101,3.951,1215.991,2407.156,1191.165,32.0,-1.995,-1327.618,257.231,-291.816,1.96,32.207,301.032,777.39,-0.046,-32.107,-49.521,-20.556,-51.523,7.0,-33.429,269.0,83.0,92.414,-45.788,0.768,0.602,1.946,58.96,174.685,0.677,1.327,51.765,-0.041,-1.821,0.597,g0_00_0001,run1_g2_g2_12,single-objective/run1/g2/g2_12.pdb.sc
654.019,1.986,286.58,11.671,319.912,13.028,1252.084,2455.484,1203.4,29.0,-1.995,-1336.55,258.873,-291.466,1.986,31.984,1008.381,778.306,-0.011,-32.107,-47.916,-17.189,-51.523,5.0,-33.736,269.0,85.0,91.484,-40.523,0.694,6.113,99.83,62.542,173.042,0.673,4.085,167.502,8.002,352.105,0.597,g0_04_0001,run1_g2_g2_13,single-objective/run1/g2/g2_13.pdb.sc
346.526,0.486,342.003,13.866,384.049,15.571,1272.32,2466.406,1194.086,31.0,-1.995,-1328.206,256.179,-293.253,1.966,32.533,797.162,780.177,-0.011,-32.107,-49.521,-20.227,-51.523,6.0,-32.892,269.0,83.0,92.243,-44.084,0.75,4.24,1.946,61.594,175.94,0.66,5.022,195.877,3.547,156.055,0.596,temp_g2_01_0001,run1_g2_g2_14,single-objective/run1/g2/g2_14.pdb.sc
193.899,0.259,204.357,8.087,240.348,9.512,1328.575,2526.842,1198.267,37.0,-1.995,-1340.704,255.302,-278.734,2.065,32.539,642.93,764.157,-0.011,-30.909,-49.365,-17.744,-51.523,5.0,-32.426,269.0,82.0,92.291,-42.616,0.718,3.389,1.946,65.552,182.537,0.673,3.316,129.324,3.456,148.615,0.597,temp_g2_14_0001,run1_g2_g2_15,single-objective/run1/g2/g2_15.pdb.sc
118.31,-0.015,139.512,5.518,177.434,7.018,1288.872,2528.285,1239.413,34.0,-1.995,-1341.681,261.96,-289.474,2.054,33.206,572.279,772.335,-0.019,-32.107,-49.365,-19.483,-51.523,6.0,-32.679,269.0,83.0,92.265,-43.184,0.689,2.47,1.946,65.01,178.151,0.681,2.451,95.603,2.487,109.431,0.597,temp_g1_18_0001,run1_g2_g2_16,single-objective/run1/g2/g2_16.pdb.sc
-153.476,-0.641,56.408,2.331,95.001,3.926,1248.8,2419.705,1170.906,34.0,-1.995,-1330.374,257.411,-287.134,1.948,31.726,303.83,775.671,-0.052,-32.673,-49.521,-18.6,-51.523,9.0,-33.243,269.0,83.0,92.414,-46.203,0.683,0.613,1.946,57.77,174.479,0.703,1.292,50.376,0.011,0.496,0.597,g0_24_0001,run1_g2_g2_17,single-objective/run1/g2/g2_17.pdb.sc
0.607,-0.319,92.934,3.862,124.035,5.154,1204.962,2406.643,1201.682,34.0,-1.995,-1327.457,256.563,-291.825,1.959,32.168,457.397,770.281,-0.022,-32.107,-49.365,-20.227,-51.523,5.0,-32.962,269.0,83.0,92.512,-43.578,0.714,1.662,1.946,61.927,176.299,0.679,1.825,71.192,1.517,66.75,0.597,g0_18_0001,run1_g2_g2_18,single-objective/run1/g2/g2_18.pdb.sc
-132.729,-0.558,68.525,2.901,111.379,4.716,1185.992,2361.745,1175.753,31.0,-1.995,-1312.438,255.478,-285.989,1.938,31.684,309.159,768.472,-0.034,-32.107,-49.521,-16.971,-51.523,6.0,-33.155,269.0,83.0,92.414,-44.276,0.732,0.849,1.946,59.789,173.78,0.67,1.37,53.434,0.388,17.066,0.585,temp_g1_22_0001,run1_g2_g2_19,single-objective/run1/g2/g2_19.pdb.sc
524.268,1.229,466.205,19.474,527.667,22.042,1236.223,2393.953,1157.729,28.0,-1.995,-1327.761,251.118,-288.472,1.995,30.982,964.657,776.464,-0.006,-32.107,-49.521,-16.861,-51.523,4.0,-32.833,269.0,85.0,92.13,-38.617,0.728,6.578,1.946,65.767,178.305,0.652,6.339,259.897,6.801,299.243,0.597,temp_g1_17_0001,run1_g2_g2_2,single-objective/run1/g2/g2_2.pdb.sc
-108.871,-0.465,104.441,4.261,136.85,5.583,1208.862,2451.267,1242.405,35.0,-1.995,-1333.355,257.424,-296.658,1.951,32.337,343.223,791.98,-0.022,-32.109,-49.521,-20.556,-51.523,7.0,-32.757,269.0,83.0,92.414,-45.555,0.692,1.158,1.946,58.86,174.427,0.678,1.874,73.098,0.522,22.984,0.596,g0_11_0001,run1_g2_g2_20,single-objective/run1/g2/g2_20.pdb.sc
-156.899,-0.642,58.415,2.476,90.903,3.853,1236.337,2359.252,1122.915,28.0,-1.995,-1322.71,255.063,-286.857,1.931,32.221,295.524,773.559,-0.04,-32.107,-49.521,-18.6,-51.523,7.0,-34.164,269.0,83.0,92.414,-45.935,0.712,0.6,1.946,59.036,174.232,0.665,1.332,51.965,-0.05,-2.194,0.588,g0_12_0001,run1_g2_g2_21,single-objective/run1/g2/g2_21.pdb.sc
-126.012,-0.518,87.992,3.656,124.416,5.169,1269.268,2407.01,1137.742,31.0,-1.995,-1320.569,250.095,-272.997,1.951,31.375,325.532,758.23,-0.033,-30.106,-49.521,-18.6,-51.523,8.0,-32.526,269.0,83.0,92.414,-46.207,0.727,1.012,1.946,58.212,177.689,0.673,1.695,66.118,0.406,17.869,0.588,temp_g1_08_0001,run1_g2_g2_22,single-objective/run1/g2/g2_22.pdb.sc
75.332,-0.219,128.992,5.352,196.746,8.164,1206.26,2409.951,1203.691,32.0,-1.995,-1323.133,257.982,-293.881,1.934,33.1,521.106,788.754,-0.019,-32.591,-49.521,-20.556,-51.523,7.0,-34.115,269.0,84.0,93.626,-46.392,0.692,1.944,1.946,58.601,171.405,0.658,2.06,82.394,1.838,80.886,0.585,temp_g1_01_0001,run1_g2_g2_23,single-objective/run1/g2/g2_23.pdb.sc
-123.733,-0.527,90.388,3.755,123.177,5.118,1178.236,2406.856,1228.621,32.0,-1.995,-1315.64,253.835,-285.678,1.928,31.566,321.578,772.636,-0.036,-32.107,-49.521,-18.6,-51.523,7.0,-32.849,269.0,83.0,92.414,-45.206,0.723,0.976,1.946,59.087,173.813,0.669,1.672,65.195,0.359,15.799,0.585,g0_22_0001,run1_g2_g2_24,single-objective/run1/g2/g2_24.pdb.sc
-155.483,-0.644,56.672,2.35,92.844,3.851,1226.409,2411.17,1184.761,29.0,-1.995,-1322.913,255.186,-292.125,1.939,32.346,298.412,780.781,-0.048,-32.107,-49.521,-20.556,-51.523,7.0,-34.186,269.0,83.0,92.414,-45.926,0.684,0.592,1.946,59.392,172.36,0.689,1.294,50.481,-0.031,-1.362,0.596,g0_10_0001,run1_g2_g2_3,single-objective/run1/g2/g2_3.pdb.sc
-155.938,-0.638,55.811,2.332,88.978,3.718,1256.445,2393.309,1136.865,34.0,-1.995,-1315.647,252.962,-276.025,1.946,31.178,293.116,753.971,-0.043,-29.622,-49.521,-18.6,-51.523,6.0,-33.559,269.0,83.0,92.414,-45.16,0.713,0.632,1.946,59.422,178.171,0.666,1.287,50.207,0.051,2.245,0.588,g0_08_0001,run1_g2_g2_4,single-objective/run1/g2/g2_4.pdb.sc
-16.518,-0.162,164.765,6.722,215.314,8.784,1336.656,2451.151,1114.494,34.0,-1.995,-1328.799,250.856,-275.908,1.989,31.388,442.571,754.343,-0.017,-29.622,-49.521,-18.6,-51.523,7.0,-32.837,269.0,83.0,92.414,-45.101,0.7,2.175,1.946,58.746,182.546,0.668,2.717,105.948,1.695,74.573,0.588,temp_g2_12_0001,run1_g2_g2_5,single-objective/run1/g2/g2_5.pdb.sc
-18.788,-0.128,54.926,2.329,89.064,3.776,1265.125,2358.748,1093.623,28.0,-1.995,-1327.685,258.814,-283.028,1.957,32.575,317.633,771.497,-0.05,-32.107,-49.521,-16.971,-51.523,7.0,-34.106,269.0,83.0,90.996,-37.879,0.693,1.484,91.744,76.635,173.59,0.672,1.305,50.905,1.643,72.282,0.588,temp_g1_12_0001,run1_g2_g2_6,single-objective/run1/g2/g2_6.pdb.sc
-155.938,-0.638,55.811,2.332,88.978,3.718,1256.445,2393.309,1136.865,34.0,-1.995,-1315.647,252.962,-276.025,1.946,31.178,293.116,753.971,-0.043,-29.622,-49.521,-18.6,-51.523,6.0,-33.559,269.0,83.0,92.414,-45.16,0.713,0.632,1.946,59.422,178.171,0.666,1.287,50.207,0.051,2.245,0.588,g0_08_0001,run1_g2_g2_7,single-objective/run1/g2/g2_7.pdb.sc
-19.466,-0.125,63.274,2.715,95.27,4.088,1229.649,2330.302,1100.653,31.0,-1.995,-1312.314,255.607,-283.668,1.939,32.02,311.78,764.491,-0.04,-32.107,-49.521,-16.971,-51.523,6.0,-33.244,269.0,83.0,90.996,-38.341,0.734,1.492,91.744,75.851,175.214,0.667,1.307,50.988,1.656,72.86,0.576,temp_g2_10_0001,run1_g2_g2_8,single-objective/run1/g2/g2_8.pdb.sc
1343.655,2.038,491.551,20.079,529.092,21.612,1200.957,2448.132,1247.175,28.0,-1.995,-1342.839,260.124,-297.412,1.948,32.762,1564.432,799.151,-0.008,-32.107,-49.064,-20.227,-51.523,6.0,-34.713,269.0,84.0,92.83,-42.216,0.714,9.15,231.137,66.094,166.679,0.657,6.619,264.768,11.45,503.791,0.596,temp_g1_10_0001,run1_g2_g2_9,single-objective/run1/g2/g2_9.pdb.sc
-155.938,-0.638,55.811,2.332,88.978,3.718,1256.445,2393.309,1136.865,34.0,-1.995,-1315.647,252.962,-276.025,1.946,31.178,293.116,753.971,-0.043,-29.622,-49.521,-18.6,-51.523,6.0,-33.559,269.0,83.0,92.414,-45.16,0.713,0.632,1.946,59.422,178.171,0.666,1.287,50.207,0.051,2.245,0.588,g0_08_0001,run1_g3_g3_0,single-objective/run1/g3/g3_0.pdb.sc
-155.938,-0.638,55.811,2.332,88.978,3.718,1256.445,2393.309,1136.865,34.0,-1.995,-1315.647,252.962,-276.025,1.946,31.178,293.116,753.971,-0.043,-29.622,-49.521,-18.6,-51.523,6.0,-33.559,269.0,83.0,92.414,-45.16,0.713,0.632,1.946,59.422,178.171,0.666,1.287,50.207,0.051,2.245,0.588,g0_08_0001,run1_g3_g3_1,single-objective/run1/g3/g3_1.pdb.sc
-155.938,-0.638,55.811,2.332,88.978,3.718,1256.445,2393.309,1136.865,34.0,-1.995,-1315.647,252.962,-276.025,1.946,31.178,293.116,753.971,-0.043,-29.622,-49.521,-18.6,-51.523,6.0,-33.559,269.0,83.0,92.414,-45.16,0.713,0.632,1.946,59.422,178.171,0.666,1.287,50.207,0.051,2.245,0.588,g0_08_0001,run1_g3_g3_10,single-objective/run1/g3/g3_10.pdb.sc
-132.729,-0.558,68.525,2.901,111.379,4.716,1185.992,2361.745,1175.753,31.0,-1.995,-1312.438,255.478,-285.989,1.938,31.684,309.159,768.472,-0.034,-32.107,-49.521,-16.971,-51.523,6.0,-33.155,269.0,83.0,92.414,-44.276,0.732,0.849,1.946,59.789,173.78,0.67,1.37,53.434,0.388,17.066,0.585,temp_g1_22_0001,run1_g3_g3_11,single-objective/run1/g3/g3_11.pdb.sc
-97.431,-0.435,108.092,4.373,144.957,5.865,1239.873,2471.537,1231.664,32.0,-1.995,-1322.216,254.786,-287.183,1.983,32.664,352.274,777.993,-0.03,-32.107,-49.521,-19.485,-51.523,7.0,-34.016,269.0,83.0,92.414,-45.622,0.716,1.246,1.946,59.636,171.946,0.693,1.95,76.044,0.622,27.361,0.596,temp_g3_11_0001,run1_g3_g3_12,single-objective/run1/g3/g3_12.pdb.sc
-155.938,-0.638,55.811,2.332,88.978,3.718,1256.445,2393.309,1136.865,34.0,-1.995,-1315.647,252.962,-276.025,1.946,31.178,293.116,753.971,-0.043,-29.622,-49.521,-18.6,-51.523,6.0,-33.559,269.0,83.0,92.414,-45.16,0.713,0.632,1.946,59.422,178.171,0.666,1.287,50.207,0.051,2.245,0.588,g0_08_0001,run1_g3_g3_13,single-objective/run1/g3/g3_13.pdb.sc
123.78,0.358,63.742,2.588,352.293,14.305,1264.833,2462.71,1197.878,37.0,-1.995,-1327.749,256.193,-282.883,1.963,31.668,575.496,767.697,-0.013,-29.704,-49.521,-20.556,-51.523,8.0,-32.675,269.0,83.0,92.414,-45.177,0.716,3.828,1.946,59.03,178.559,0.686,1.376,53.672,6.0,264.012,0.597,temp_g3_12_0001,run1_g3_g3_14,single-objective/run1/g3/g3_14.pdb.sc
-23.921,-0.146,57.514,2.448,87.829,3.738,1254.736,2349.772,1095.036,37.0,-1.995,-1315.87,251.019,-275.548,1.926,31.298,313.474,754.88,-0.044,-29.622,-49.521,-18.6,-51.523,6.0,-34.087,269.0,83.0,90.996,-37.195,0.689,1.522,91.744,76.326,177.801,0.657,1.305,50.876,1.715,75.443,0.577,temp_g3_04_0001,run1_g3_g3_15,single-objective/run1/g3/g3_15.pdb.sc
-133.192,-0.559,84.675,3.515,115.958,4.814,1221.544,2408.898,1187.354,32.0,-1.995,-1308.418,250.174,-284.159,1.92,31.071,316.016,758.685,-0.038,-32.107,-49.521,-18.6,-51.523,7.0,-31.967,269.0,83.0,92.414,-44.988,0.738,0.874,1.946,59.184,178.092,0.671,1.598,62.322,0.232,10.194,0.585,temp_g3_24_0001,run1_g3_g3_16,single-objective/run1/g3/g3_16.pdb.sc
387.378,0.9,277.839,11.291,307.16,12.482,1339.537,2460.779,1121.242,32.0,-1.995,-1311.921,254.997,-275.758,1.956,30.968,799.43,750.71,-0.013,-29.622,-49.521,-16.971,-51.523,6.0,-32.82,269.0,83.0,92.66,-42.854,0.671,5.591,19.655,72.937,176.462,0.651,4.159,162.213,6.859,301.815,0.588,temp_g3_07_0001,run1_g3_g3_17,single-objective/run1/g3/g3_17.pdb.sc
-155.933,-0.645,59.433,2.469,95.101,3.951,1215.991,2407.156,1191.165,32.0,-1.995,-1327.618,257.231,-291.816,1.96,32.207,301.032,777.39,-0.046,-32.107,-49.521,-20.556,-51.523,7.0,-33.429,269.0,83.0,92.414,-45.788,0.768,0.602,1.946,58.96,174.685,0.677,1.327,51.765,-0.041,-1.821,0.597,g0_00_0001,run1_g3_g3_18,single-objective/run1/g3/g3_18.pdb.sc
-18.788,-0.128,54.926,2.329,89.064,3.776,1265.125,2358.748,1093.623,28.0,-1.995,-1327.685,258.814,-283.028,1.957,32.575,317.633,771.497,-0.05,-32.107,-49.521,-16.971,-51.523,7.0,-34.106,269.0,83.0,90.996,-37.879,0.693,1.484,91.744,76.635,173.59,0.672,1.305,50.905,1.643,72.282,0.588,temp_g1_12_0001,run1_g3_g3_19,single-objective/run1/g3/g3_19.pdb.sc
-155.938,-0.638,55.811,2.332,88.978,3.718,1256.445,2393.309,1136.865,34.0,-1.995,-1315.647,252.962,-276.025,1.946,31.178,293.116,753.971,-0.043,-29.622,-49.521,-18.6,-51.523,6.0,-33.559,269.0,83.0,92.414,-45.16,0.713,0.632,1.946,59.422,178.171,0.666,1.287,50.207,0.051,2.245,0.588,g0_08_0001,run1_g3_g3_2,single-objective/run1/g3/g3_2.pdb.sc
-108.871,-0.465,104.441,4.261,136.85,5.583,1208.862,2451.267,1242.405,35.0,-1.995,-1333.355,257.424,-296.658,1.951,32.337,343.223,791.98,-0.022,-32.109,-49.521,-20.556,-51.523,7.0,-32.757,269.0,83.0,92.414,-45.555,0.692,1.158,1.946,58.86,174.427,0.678,1.874,73.098,0.522,22.984,0.596,g0_11_0001,run1_g3_g3_20,single-objective/run1/g3/g3_20.pdb.sc
-156.899,-0.642,58.415,2.476,90.903,3.853,1236.337,2359.252,1122.915,28.0,-1.995,-1322.71,255.063,-286.857,1.931,32.221,295.524,773.559,-0.04,-32.107,-49.521,-18.6,-51.523,7.0,-34.164,269.0,83.0,92.414,-45.935,0.712,0.6,1.946,59.036,174.232,0.665,1.332,51.965,-0.05,-2.194,0.588,g0_12_0001,run1_g3_g3_21,single-objective/run1/g3/g3_21.pdb.sc
-153.476,-0.641,56.408,2.331,95.001,3.926,1248.8,2419.705,1170.906,34.0,-1.995,-1330.374,257.411,-287.134,1.948,31.726,303.83,775.671,-0.052,-32.673,-49.521,-18.6,-51.523,9.0,-33.243,269.0,83.0,92.414,-46.203,0.683,0.613,1.946,57.77,174.479,0.703,1.292,50.376,0.011,0.496,0.597,g0_24_0001,run1_g3_g3_22,single-objective/run1/g3/g3_22.pdb.sc
-19.466,-0.125,63.274,2.715,95.27,4.088,1229.649,2330.302,1100.653,31.0,-1.995,-1312.314,255.607,-283.668,1.939,32.02,311.78,764.491,-0.04,-32.107,-49.521,-16.971,-51.523,6.0,-33.244,269.0,83.0,90.996,-38.341,0.734,1.492,91.744,75.851,175.214,0.667,1.307,50.988,1.656,72.86,0.576,temp_g2_10_0001,run1_g3_g3_23,single-objective/run1/g3/g3_23.pdb.sc
413.514,1.33,178.441,7.363,498.448,20.566,1268.003,2423.592,1155.589,37.0,-1.995,-1327.033,256.501,-291.418,1.941,32.204,728.842,777.523,-0.008,-31.823,-49.521,-20.227,-51.523,7.0,-31.878,269.0,85.0,92.636,-40.305,0.664,6.691,128.94,68.08,171.985,0.688,2.462,100.948,10.632,467.817,0.585,temp_g2_11_0001,run1_g3_g3_24,single-objective/run1/g3/g3_24.pdb.sc
1343.655,2.038,491.551,20.079,529.092,21.612,1200.957,2448.132,1247.175,28.0,-1.995,-1342.839,260.124,-297.412,1.948,32.762,1564.432,799.151,-0.008,-32.107,-49.064,-20.227,-51.523,6.0,-34.713,269.0,84.0,92.83,-42.216,0.714,9.15,231.137,66.094,166.679,0.657,6.619,264.768,11.45,503.791,0.596,temp_g1_10_0001,run1_g3_g3_3,single-objective/run1/g3/g3_3.pdb.sc
-75.544,-0.346,57.073,2.382,91.636,3.824,1225.719,2396.335,1170.616,29.0,-1.995,-1318.876,253.905,-288.413,1.933,32.021,349.214,774.707,-0.04,-32.107,-48.639,-18.927,-51.523,7.0,-33.533,269.0,83.0,92.515,-39.652,0.673,1.472,18.397,64.632,170.212,0.682,1.299,50.664,1.625,71.494,0.585,temp_g3_03_0001,run1_g3_g3_4,single-objective/run1/g3/g3_4.pdb.sc
-1.211,-0.337,80.937,3.337,116.679,4.81,1204.532,2425.532,1221.0,32.0,-1.995,-1305.245,254.312,-290.316,1.923,31.524,437.805,769.931,-0.035,-32.107,-49.365,-18.271,-51.523,6.0,-32.854,269.0,83.0,92.461,-44.231,0.704,1.591,1.946,61.519,172.68,0.662,1.675,65.313,1.517,66.735,0.597,temp_g3_18_0001,run1_g3_g3_5,single-objective/run1/g3/g3_5.pdb.sc
346.526,0.486,342.003,13.866,384.049,15.571,1272.32,2466.406,1194.086,31.0,-1.995,-1328.206,256.179,-293.253,1.966,32.533,797.162,780.177,-0.011,-32.107,-49.521,-20.227,-51.523,6.0,-32.892,269.0,83.0,92.243,-44.084,0.75,4.24,1.946,61.594,175.94,0.66,5.022,195.877,3.547,156.055,0.596,temp_g2_01_0001,run1_g3_g3_6,single-objective/run1/g3/g3_6.pdb.sc
394.524,1.104,204.291,8.142,241.39,9.621,1324.047,2508.988,1184.94,39.0,-1.995,-1329.097,251.341,-274.233,2.052,32.011,829.709,758.153,-0.011,-30.909,-49.365,-15.789,-51.523,5.0,-32.886,269.0,82.0,92.242,-40.279,0.687,5.276,1.946,70.974,181.577,0.679,3.316,129.318,7.054,303.308,0.596,temp_g3_15_0001,run1_g3_g3_7,single-objective/run1/g3/g3_7.pdb.sc
68.77,0.061,65.249,2.742,88.127,3.704,1221.308,2379.346,1158.038,33.0,-1.995,-1316.693,255.209,-278.877,1.92,30.948,487.026,763.584,-0.057,-31.33,-49.521,-18.6,-51.523,9.0,-32.744,269.0,83.0,92.831,-45.467,0.74,2.88,19.655,69.653,174.109,0.692,1.348,52.561,4.238,186.481,0.585,temp_g3_17_0001,run1_g3_g3_8,single-objective/run1/g3/g3_8.pdb.sc
-155.483,-0.644,56.672,2.35,92.844,3.851,1226.409,2411.17,1184.761,29.0,-1.995,-1322.913,255.186,-292.125,1.939,32.346,298.412,780.781,-0.048,-32.107,-49.521,-20.556,-51.523,7.0,-34.186,269.0,83.0,92.414,-45.926,0.684,0.592,1.946,59.392,172.36,0.689,1.294,50.481,-0.031,-1.362,0.596,g0_10_0001,run1_g3_g3_9,single-objective/run1/g3/g3_9.pdb.sc
68.77,0.061,65.249,2.742,88.127,3.704,1221.308,2379.346,1158.038,33.0,-1.995,-1316.693,255.209,-278.877,1.92,30.948,487.026,763.584,-0.057,-31.33,-49.521,-18.6,-51.523,9.0,-32.744,269.0,83.0,92.831,-45.467,0.74,2.88,19.655,69.653,174.109,0.692,1.348,52.561,4.238,186.481,0.585,temp_g3_17_0001,run1_g4_g4_0,single-objective/run1/g4/g4_0.pdb.sc
-155.938,-0.638,55.811,2.332,88.978,3.718,1256.445,2393.309,1136.865,34.0,-1.995,-1315.647,252.962,-276.025,1.946,31.178,293.116,753.971,-0.043,-29.622,-49.521,-18.6,-51.523,6.0,-33.559,269.0,83.0,92.414,-45.16,0.713,0.632,1.946,59.422,178.171,0.666,1.287,50.207,0.051,2.245,0.588,g0_08_0001,run1_g4_g4_1,single-objective/run1/g4/g4_1.pdb.sc
-75.544,-0.346,57.073,2.382,91.636,3.824,1225.719,2396.335,1170.616,29.0,-1.995,-1318.876,253.905,-288.413,1.933,32.021,349.214,774.707,-0.04,-32.107,-48.639,-18.927,-51.523,7.0,-33.533,269.0,83.0,92.515,-39.652,0.673,1.472,18.397,64.632,170.212,0.682,1.299,50.664,1.625,71.494,0.585,temp_g3_03_0001,run1_g4_g4_10,single-objective/run1/g4/g4_10.pdb.sc
-133.409,-0.558,62.65,2.586,107.183,4.424,1257.622,2422.597,1164.975,31.0,-1.995,-1302.155,250.698,-284.906,1.931,30.528,305.999,757.221,-0.036,-32.107,-49.521,-16.365,-51.523,6.0,-32.781,269.0,82.0,92.439,-43.751,0.708,0.842,1.946,62.875,177.474,0.682,1.33,51.878,0.4,17.185,0.585,temp_g4_11_0001,run1_g4_g4_11,single-objective/run1/g4/g4_11.pdb.sc
-19.466,-0.125,63.274,2.715,95.27,4.088,1229.649,2330.302,1100.653,31.0,-1.995,-1312.314,255.607,-283.668,1.939,32.02,311.78,764.491,-0.04,-32.107,-49.521,-16.971,-51.523,6.0,-33.244,269.0,83.0,90.996,-38.341,0.734,1.492,91.744,75.851,175.214,0.667,1.307,50.988,1.656,72.86,0.576,temp_g2_10_0001,run1_g4_g4_12,single-objective/run1/g4/g4_12.pdb.sc
-155.933,-0.645,59.433,2.469,95.101,3.951,1215.991,2407.156,1191.165,32.0,-1.995,-1327.618,257.231,-291.816,1.96,32.207,301.032,777.39,-0.046,-32.107,-49.521,-20.556,-51.523,7.0,-33.429,269.0,83.0,92.414,-45.788,0.768,0.602,1.946,58.96,174.685,0.677,1.327,51.765,-0.041,-1.821,0.597,g0_00_0001,run1_g4_g4_13,single-objective/run1/g4/g4_13.pdb.sc
47.0,0.1,49.28,2.033,77.525,3.198,1257.271,2424.318,1167.048,29.0,-1.995,-1306.609,254.059,-288.79,1.925,32.583,353.215,772.107,-0.043,-32.107,-48.639,-19.925,-51.523,6.0,-32.477,269.0,83.0,91.097,-32.843,0.685,2.204,108.196,81.842,166.3,0.663,1.12,43.687,3.164,139.213,0.585,temp_g4_04_0001,run1_g4_g4_14,single-objective/run1/g4/g4_14.pdb.sc
-155.938,-0.638,55.811,2.332,88.978,3.718,1256.445,2393.309,1136.865,34.0,-1.995,-1315.647,252.962,-276.025,1.946,31.178,293.116,753.971,-0.043,-29.622,-49.521,-18.6,-51.523,6.0,-33.559,269.0,83.0,92.414,-45.16,0.713,0.632,1.946,59.422,178.171,0.666,1.287,50.207,0.051,2.245,0.588,g0_08_0001,run1_g4_g4_15,single-objective/run1/g4/g4_15.pdb.sc
-155.938,-0.638,55.811,2.332,88.978,3.718,1256.445,2393.309,1136.865,34.0,-1.995,-1315.647,252.962,-276.025,1.946,31.178,293.116,753.971,-0.043,-29.622,-49.521,-18.6,-51.523,6.0,-33.559,269.0,83.0,92.414,-45.16,0.713,0.632,1.946,59.422,178.171,0.666,1.287,50.207,0.051,2.245,0.588,g0_08_0001,run1_g4_g4_16,single-objective/run1/g4/g4_16.pdb.sc
413.514,1.33,178.441,7.363,498.448,20.566,1268.003,2423.592,1155.589,37.0,-1.995,-1327.033,256.501,-291.418,1.941,32.204,728.842,777.523,-0.008,-31.823,-49.521,-20.227,-51.523,7.0,-31.878,269.0,85.0,92.636,-40.305,0.664,6.691,128.94,68.08,171.985,0.688,2.462,100.948,10.632,467.817,0.585,temp_g2_11_0001,run1_g4_g4_17,single-objective/run1/g4/g4_17.pdb.sc
-108.871,-0.465,104.441,4.261,136.85,5.583,1208.862,2451.267,1242.405,35.0,-1.995,-1333.355,257.424,-296.658,1.951,32.337,343.223,791.98,-0.022,-32.109,-49.521,-20.556,-51.523,7.0,-32.757,269.0,83.0,92.414,-45.555,0.692,1.158,1.946,58.86,174.427,0.678,1.874,73.098,0.522,22.984,0.596,g0_11_0001,run1_g4_g4_18,single-objective/run1/g4/g4_18.pdb.sc
525.576,0.979,339.371,13.628,378.595,15.203,1344.457,2490.298,1145.841,41.0,-1.995,-1342.121,262.246,-275.525,1.982,33.459,847.101,788.605,-0.01,-32.107,-49.521,-16.971,-51.523,5.0,-35.107,269.0,85.0,90.569,-36.318,0.762,4.981,91.744,78.147,172.324,0.639,4.868,199.574,5.087,223.846,0.588,temp_g4_19_0001,run1_g4_g4_19,single-objective/run1/g4/g4_19.pdb.sc
-155.938,-0.638,55.811,2.332,88.978,3.718,1256.445,2393.309,1136.865,34.0,-1.995,-1315.647,252.962,-276.025,1.946,31.178,293.116,753.971,-0.043,-29.622,-49.521,-18.6,-51.523,6.0,-33.559,269.0,83.0,92.414,-45.16,0.713,0.632,1.946,59.422,178.171,0.666,1.287,50.207,0.051,2.245,0.588,g0_08_0001,run1_g4_g4_2,single-objective/run1/g4/g4_2.pdb.sc
-153.476,-0.641,56.408,2.331,95.001,3.926,1248.8,2419.705,1170.906,34.0,-1.995,-1330.374,257.411,-287.134,1.948,31.726,303.83,775.671,-0.052,-32.673,-49.521,-18.6,-51.523,9.0,-33.243,269.0,83.0,92.414,-46.203,0.683,0.613,1.946,57.77,174.479,0.703,1.292,50.376,0.011,0.496,0.597,g0_24_0001,run1_g4_g4_20,single-objective/run1/g4/g4_20.pdb.sc
-132.729,-0.558,68.525,2.901,111.379,4.716,1185.992,2361.745,1175.753,31.0,-1.995,-1312.438,255.478,-285.989,1.938,31.684,309.159,768.472,-0.034,-32.107,-49.521,-16.971,-51.523,6.0,-33.155,269.0,83.0,92.414,-44.276,0.732,0.849,1.946,59.789,173.78,0.67,1.37,53.434,0.388,17.066,0.585,temp_g1_22_0001,run1_g4_g4_21,single-objective/run1/g4/g4_21.pdb.sc
-1.211,-0.337,80.937,3.337,116.679,4.81,1204.532,2425.532,1221.0,32.0,-1.995,-1305.245,254.312,-290.316,1.923,31.524,437.805,769.931,-0.035,-32.107,-49.365,-18.271,-51.523,6.0,-32.854,269.0,83.0,92.461,-44.231,0.704,1.591,1.946,61.519,172.68,0.662,1.675,65.313,1.517,66.735,0.597,temp_g3_18_0001,run1_g4_g4_22,single-objective/run1/g4/g4_22.pdb.sc
-135.076,-0.552,77.052,3.244,107.858,4.541,1214.199,2375.408,1161.209,33.0,-1.995,-1290.879,246.307,-273.744,1.889,30.777,301.32,741.882,-0.028,-29.622,-49.521,-18.6,-51.523,6.0,-32.408,269.0,83.0,92.372,-43.982,0.635,0.898,1.946,59.803,180.326,0.649,1.569,61.202,0.302,13.3,0.577,temp_g4_16_0001,run1_g4_g4_23,single-objective/run1/g4/g4_23.pdb.sc
-18.788,-0.128,54.926,2.329,89.064,3.776,1265.125,2358.748,1093.623,28.0,-1.995,-1327.685,258.814,-283.028,1.957,32.575,317.633,771.497,-0.05,-32.107,-49.521,-16.971,-51.523,7.0,-34.106,269.0,83.0,90.996,-37.879,0.693,1.484,91.744,76.635,173.59,0.672,1.305,50.905,1.643,72.282,0.588,temp_g1_12_0001,run1_g4_g4_24,single-objective/run1/g4/g4_24.pdb.sc
-156.899,-0.642,58.415,2.476,90.903,3.853,1236.337,2359.252,1122.915,28.0,-1.995,-1322.71,255.063,-286.857,1.931,32.221,295.524,773.559,-0.04,-32.107,-49.521,-18.6,-51.523,7.0,-34.164,269.0,83.0,92.414,-45.935,0.712,0.6,1.946,59.036,174.232,0.665,1.332,51.965,-0.05,-2.194,0.588,g0_12_0001,run1_g4_g4_3,single-objective/run1/g4/g4_3.pdb.sc
-23.921,-0.146,57.514,2.448,87.829,3.738,1254.736,2349.772,1095.036,37.0,-1.995,-1315.87,251.019,-275.548,1.926,31.298,313.474,754.88,-0.044,-29.622,-49.521,-18.6,-51.523,6.0,-34.087,269.0,83.0,90.996,-37.195,0.689,1.522,91.744,76.326,177.801,0.657,1.305,50.876,1.715,75.443,0.577,temp_g3_04_0001,run1_g4_g4_4,single-objective/run1/g4/g4_4.pdb.sc
68.77,0.061,65.249,2.742,88.127,3.704,1221.308,2379.346,1158.038,33.0,-1.995,-1316.693,255.209,-278.877,1.92,30.948,487.026,763.584,-0.057,-31.33,-49.521,-18.6,-51.523,9.0,-32.744,269.0,83.0,92.831,-45.467,0.74,2.88,19.655,69.653,174.109,0.692,1.348,52.561,4.238,186.481,0.585,temp_g3_17_0001,run1_g4_g4_5,single-objective/run1/g4/g4_5.pdb.sc
93.566,0.191,266.712,10.711,308.872,12.405,1246.43,2489.984,1243.553,37.0,-1.995,-1331.816,257.657,-287.427,1.975,33.126,539.998,787.46,-0.014,-32.189,-49.521,-19.156,-51.523,7.0,-34.123,269.0,83.0,92.414,-44.978,0.672,3.255,1.946,60.084,171.052,0.674,3.969,154.785,2.623,115.399,0.585,temp_g4_12_0001,run1_g4_g4_6,single-objective/run1/g4/g4_6.pdb.sc
-155.938,-0.638,55.811,2.332,88.978,3.718,1256.445,2393.309,1136.865,34.0,-1.995,-1315.647,252.962,-276.025,1.946,31.178,293.116,753.971,-0.043,-29.622,-49.521,-18.6,-51.523,6.0,-33.559,269.0,83.0,92.414,-45.16,0.713,0.632,1.946,59.422,178.171,0.666,1.287,50.207,0.051,2.245,0.588,g0_08_0001,run1_g4_g4_7,single-objective/run1/g4/g4_7.pdb.sc
-153.571,-0.626,54.128,2.289,89.081,3.768,1248.769,2364.379,1115.61,31.0,-1.995,-1315.273,254.415,-276.133,1.942,31.215,295.381,752.616,-0.05,-29.622,-49.521,-18.6,-51.523,7.0,-33.582,269.0,83.0,92.414,-45.199,0.68,0.67,1.946,59.299,178.071,0.665,1.295,50.486,0.116,5.09,0.577,temp_g4_01_0001,run1_g4_g4_8,single-objective/run1/g4/g4_8.pdb.sc
394.524,1.104,204.291,8.142,241.39,9.621,1324.047,2508.988,1184.94,39.0,-1.995,-1329.097,251.341,-274.233,2.052,32.011,829.709,758.153,-0.011,-30.909,-49.365,-15.789,-51.523,5.0,-32.886,269.0,82.0,92.242,-40.279,0.687,5.276,1.946,70.974,181.577,0.679,3.316,129.318,7.054,303.308,0.596,temp_g3_15_0001,run1_g4_g4_9,single-objective/run1/g4/g4_9.pdb.sc
47.0,0.1,49.28,2.033,77.525,3.198,1257.271,2424.318,1167.048,29.0,-1.995,-1306.609,254.059,-288.79,1.925,32.583,353.215,772.107,-0.043,-32.107,-48.639,-19.925,-51.523,6.0,-32.477,269.0,83.0,91.097,-32.843,0.685,2.204,108.196,81.842,166.3,0.663,1.12,43.687,3.164,139.213,0.585,temp_g4_04_0001,run1_g5_g5_0,single-objective/run1/g5/g5_0.pdb.sc
68.77,0.061,65.249,2.742,88.127,3.704,1221.308,2379.346,1158.038,33.0,-1.995,-1316.693,255.209,-278.877,1.92,30.948,487.026,763.584,-0.057,-31.33,-49.521,-18.6,-51.523,9.0,-32.744,269.0,83.0,92.831,-45.467,0.74,2.88,19.655,69.653,174.109,0.692,1.348,52.561,4.238,186.481,0.585,temp_g3_17_0001,run1_g5_g5_1,single-objective/run1/g5/g5_1.pdb.sc
68.77,0.061,65.249,2.742,88.127,3.704,1221.308,2379.346,1158.038,33.0,-1.995,-1316.693,255.209,-278.877,1.92,30.948,487.026,763.584,-0.057,-31.33,-49.521,-18.6,-51.523,9.0,-32.744,269.0,83.0,92.831,-45.467,0.74,2.88,19.655,69.653,174.109,0.692,1.348,52.561,4.238,186.481,0.585,temp_g3_17_0001,run1_g5_g5_10,single-objective/run1/g5/g5_10.pdb.sc
-1.211,-0.337,80.937,3.337,116.679,4.81,1204.532,2425.532,1221.0,32.0,-1.995,-1305.245,254.312,-290.316,1.923,31.524,437.805,769.931,-0.035,-32.107,-49.365,-18.271,-51.523,6.0,-32.854,269.0,83.0,92.461,-44.231,0.704,1.591,1.946,61.519,172.68,0.662,1.675,65.313,1.517,66.735,0.597,temp_g3_18_0001,run1_g5_g5_11,single-objective/run1/g5/g5_11.pdb.sc
394.524,1.104,204.291,8.142,241.39,9.621,1324.047,2508.988,1184.94,39.0,-1.995,-1329.097,251.341,-274.233,2.052,32.011,829.709,758.153,-0.011,-30.909,-49.365,-15.789,-51.523,5.0,-32.886,269.0,82.0,92.242,-40.279,0.687,5.276,1.946,70.974,181.577,0.679,3.316,129.318,7.054,303.308,0.596,temp_g3_15_0001,run1_g5_g5_12,single-objective/run1/g5/g5_12.pdb.sc
-133.409,-0.558,62.65,2.586,107.183,4.424,1257.622,2422.597,1164.975,31.0,-1.995,-1302.155,250.698,-284.906,1.931,30.528,305.999,757.221,-0.036,-32.107,-49.521,-16.365,-51.523,6.0,-32.781,269.0,82.0,92.439,-43.751,0.708,0.842,1.946,62.875,177.474,0.682,1.33,51.878,0.4,17.185,0.585,temp_g4_11_0001,run1_g5_g5_13,single-objective/run1/g5/g5_13.pdb.sc
221.734,-0.055,167.153,6.974,232.746,9.711,1235.673,2396.635,1160.962,32.0,-1.995,-1295.566,250.367,-278.11,1.91,30.712,654.098,756.153,-0.018,-29.622,-49.521,-18.6,-51.523,6.0,-32.65,269.0,84.0,92.829,-46.03,0.674,2.472,1.946,58.512,178.248,0.617,2.545,101.78,2.407,105.888,0.577,temp_g5_07_0001,run1_g5_g5_14,single-objective/run1/g5/g5_14.pdb.sc
-153.571,-0.626,54.128,2.289,89.081,3.768,1248.769,2364.379,1115.61,31.0,-1.995,-1315.273,254.415,-276.133,1.942,31.215,295.381,752.616,-0.05,-29.622,-49.521,-18.6,-51.523,7.0,-33.582,269.0,83.0,92.414,-45.199,0.68,0.67,1.946,59.299,178.071,0.665,1.295,50.486,0.116,5.09,0.577,temp_g4_01_0001,run1_g5_g5_15,single-objective/run1/g5/g5_15.pdb.sc
-155.933,-0.645,59.433,2.469,95.101,3.951,1215.991,2407.156,1191.165,32.0,-1.995,-1327.618,257.231,-291.816,1.96,32.207,301.032,777.39,-0.046,-32.107,-49.521,-20.556,-51.523,7.0,-33.429,269.0,83.0,92.414,-45.788,0.768,0.602,1.946,58.96,174.685,0.677,1.327,51.765,-0.041,-1.821,0.597,g0_00_0001,run1_g5_g5_16,single-objective/run1/g5/g5_16.pdb.sc
8.249,-0.302,84.916,3.473,120.768,4.939,1208.848,2445.238,1236.39,29.0,-1.995,-1311.187,258.838,-290.132,1.93,32.389,442.313,777.247,-0.033,-32.107,-49.408,-18.609,-51.523,7.0,-32.373,269.0,83.0,92.461,-43.375,0.69,1.687,1.946,62.1,169.138,0.657,1.726,67.333,1.652,72.684,0.597,temp_g5_22_0001,run1_g5_g5_17,single-objective/run1/g5/g5_17.pdb.sc
-75.544,-0.346,57.073,2.382,91.636,3.824,1225.719,2396.335,1170.616,29.0,-1.995,-1318.876,253.905,-288.413,1.933,32.021,349.214,774.707,-0.04,-32.107,-48.639,-18.927,-51.523,7.0,-33.533,269.0,83.0,92.515,-39.652,0.673,1.472,18.397,64.632,170.212,0.682,1.299,50.664,1.625,71.494,0.585,temp_g3_03_0001,run1_g5_g5_18,single-objective/run1/g5/g5_18.pdb.sc
-156.899,-0.642,58.415,2.476,90.903,3.853,1236.337,2359.252,1122.915,28.0,-1.995,-1322.71,255.063,-286.857,1.931,32.221,295.524,773.559,-0.04,-32.107,-49.521,-18.6,-51.523,7.0,-34.164,269.0,83.0,92.414,-45.935,0.712,0.6,1.946,59.036,174.232,0.665,1.332,51.965,-0.05,-2.194,0.588,g0_12_0001,run1_g5_g5_19,single-objective/run1/g5/g5_19.pdb.sc
-155.938,-0.638,55.811,2.332,88.978,3.718,1256.445,2393.309,1136.865,34.0,-1.995,-1315.647,252.962,-276.025,1.946,31.178,293.116,753.971,-0.043,-29.622,-49.521,-18.6,-51.523,6.0,-33.559,269.0,83.0,92.414,-45.16,0.713,0.632,1.946,59.422,178.171,0.666,1.287,50.207,0.051,2.245,0.588,g0_08_0001,run1_g5_g5_2,single-objective/run1/g5/g5_2.pdb.sc
-155.938,-0.638,55.811,2.332,88.978,3.718,1256.445,2393.309,1136.865,34.0,-1.995,-1315.647,252.962,-276.025,1.946,31.178,293.116,753.971,-0.043,-29.622,-49.521,-18.6,-51.523,6.0,-33.559,269.0,83.0,92.414,-45.16,0.713,0.632,1.946,59.422,178.171,0.666,1.287,50.207,0.051,2.245,0.588,g0_08_0001,run1_g5_g5_20,single-objective/run1/g5/g5_20.pdb.sc
476.567,1.274,247.918,9.703,289.589,11.334,1385.354,2555.053,1169.699,42.0,-1.995,-1338.43,250.842,-271.1,2.079,32.525,920.248,759.31,-0.012,-30.909,-49.365,-15.789,-51.523,5.0,-32.974,269.0,82.0,92.24,-42.006,0.755,5.865,1.946,66.736,184.135,0.687,3.859,150.492,7.685,330.442,0.596,temp_g5_09_0001,run1_g5_g5_21,single-objective/run1/g5/g5_21.pdb.sc
145.746,0.246,98.033,4.028,132.024,5.424,1270.427,2434.018,1163.591,36.0,-1.995,-1319.91,253.388,-277.918,1.923,30.993,562.112,764.257,-0.034,-30.846,-49.521,-16.971,-51.523,8.0,-32.273,269.0,83.0,92.831,-44.926,0.707,3.453,19.655,70.168,175.717,0.696,1.755,68.462,4.957,218.107,0.585,temp_g5_00_0001,run1_g5_g5_22,single-objective/run1/g5/g5_22.pdb.sc
-154.671,-0.616,58.27,2.404,93.446,3.856,1269.653,2423.575,1153.922,31.0,-1.995,-1321.096,251.62,-282.703,1.978,31.422,298.872,760.708,-0.041,-29.622,-49.521,-18.323,-51.523,6.0,-33.178,269.0,83.0,92.414,-45.362,0.651,0.697,1.946,59.062,180.053,0.667,1.307,50.958,0.157,6.888,0.577,temp_g5_16_0001,run1_g5_g5_23,single-objective/run1/g5/g5_23.pdb.sc
-141.016,-0.589,55.703,2.304,99.903,4.133,1234.19,2417.461,1183.271,32.0,-1.995,-1315.473,248.765,-281.536,1.934,31.632,308.727,762.286,-0.044,-30.764,-49.521,-18.6,-51.523,7.0,-32.325,269.0,83.0,92.414,-44.949,0.695,0.753,1.946,59.048,178.323,0.663,1.28,49.932,0.286,12.57,0.596,temp_g5_18_0001,run1_g5_g5_24,single-objective/run1/g5/g5_24.pdb.sc
-153.476,-0.641,56.408,2.331,95.001,3.926,1248.8,2419.705,1170.906,34.0,-1.995,-1330.374,257.411,-287.134,1.948,31.726,303.83,775.671,-0.052,-32.673,-49.521,-18.6,-51.523,9.0,-33.243,269.0,83.0,92.414,-46.203,0.683,0.613,1.946,57.77,174.479,0.703,1.292,50.376,0.011,0.496,0.597,g0_24_0001,run1_g5_g5_3,single-objective/run1/g5/g5_3.pdb.sc
-155.938,-0.638,55.811,2.332,88.978,3.718,1256.445,2393.309,1136.865,34.0,-1.995,-1315.647,252.962,-276.025,1.946,31.178,293.116,753.971,-0.043,-29.622,-49.521,-18.6,-51.523,6.0,-33.559,269.0,83.0,92.414,-45.16,0.713,0.632,1.946,59.422,178.171,0.666,1.287,50.207,0.051,2.245,0.588,g0_08_0001,run1_g5_g5_4,single-objective/run1/g5/g5_4.pdb.sc
252.329,0.865,43.495,1.796,69.026,2.85,1264.239,2422.314,1158.075,29.0,-1.995,-1301.477,250.587,-276.267,1.921,32.032,382.586,756.451,-0.048,-29.622,-48.639,-19.925,-51.523,6.0,-31.733,269.0,83.0,90.881,-25.147,0.671,4.672,261.405,94.318,167.891,0.647,1.046,40.795,7.886,346.991,0.585,temp_g5_14_0001,run1_g5_g5_5,single-objective/run1/g5/g5_5.pdb.sc
68.77,0.061,65.249,2.742,88.127,3.704,1221.308,2379.346,1158.038,33.0,-1.995,-1316.693,255.209,-278.877,1.92,30.948,487.026,763.584,-0.057,-31.33,-49.521,-18.6,-51.523,9.0,-32.744,269.0,83.0,92.831,-45.467,0.74,2.88,19.655,69.653,174.109,0.692,1.348,52.561,4.238,186.481,0.585,temp_g3_17_0001,run1_g5_g5_6,single-objective/run1/g5/g5_6.pdb.sc
47.0,0.1,49.28,2.033,77.525,3.198,1257.271,2424.318,1167.048,29.0,-1.995,-1306.609,254.059,-288.79,1.925,32.583,353.215,772.107,-0.043,-32.107,-48.639,-19.925,-51.523,6.0,-32.477,269.0,83.0,91.097,-32.843,0.685,2.204,108.196,81.842,166.3,0.663,1.12,43.687,3.164,139.213,0.585,temp_g4_04_0001,run1_g5_g5_7,single-objective/run1/g5/g5_7.pdb.sc
-23.921,-0.146,57.514,2.448,87.829,3.738,1254.736,2349.772,1095.036,37.0,-1.995,-1315.87,251.019,-275.548,1.926,31.298,313.474,754.88,-0.044,-29.622,-49.521,-18.6,-51.523,6.0,-34.087,269.0,83.0,90.996,-37.195,0.689,1.522,91.744,76.326,177.801,0.657,1.305,50.876,1.715,75.443,0.577,temp_g3_04_0001,run1_g5_g5_8,single-objective/run1/g5/g5_8.pdb.sc
-155.938,-0.638,55.811,2.332,88.978,3.718,1256.445,2393.309,1136.865,34.0,-1.995,-1315.647,252.962,-276.025,1.946,31.178,293.116,753.971,-0.043,-29.622,-49.521,-18.6,-51.523,6.0,-33.559,269.0,83.0,92.414,-45.16,0.713,0.632,1.946,59.422,178.171,0.666,1.287,50.207,0.051,2.245,0.588,g0_08_0001,run1_g5_g5_9,single-objective/run1/g5/g5_9.pdb.sc
252.329,0.865,43.495,1.796,69.026,2.85,1264.239,2422.314,1158.075,29.0,-1.995,-1301.477,250.587,-276.267,1.921,32.032,382.586,756.451,-0.048,-29.622,-48.639,-19.925,-51.523,6.0,-31.733,269.0,83.0,90.881,-25.147,0.671,4.672,261.405,94.318,167.891,0.647,1.046,40.795,7.886,346.991,0.585,temp_g5_14_0001,run1_g6_g6_0,single-objective/run1/g6/g6_0.pdb.sc
47.0,0.1,49.28,2.033,77.525,3.198,1257.271,2424.318,1167.048,29.0,-1.995,-1306.609,254.059,-288.79,1.925,32.583,353.215,772.107,-0.043,-32.107,-48.639,-19.925,-51.523,6.0,-32.477,269.0,83.0,91.097,-32.843,0.685,2.204,108.196,81.842,166.3,0.663,1.12,43.687,3.164,139.213,0.585,temp_g4_04_0001,run1_g6_g6_1,single-objective/run1/g6/g6_1.pdb.sc
-156.899,-0.642,58.415,2.476,90.903,3.853,1236.337,2359.252,1122.915,28.0,-1.995,-1322.71,255.063,-286.857,1.931,32.221,295.524,773.559,-0.04,-32.107,-49.521,-18.6,-51.523,7.0,-34.164,269.0,83.0,92.414,-45.935,0.712,0.6,1.946,59.036,174.232,0.665,1.332,51.965,-0.05,-2.194,0.588,g0_12_0001,run1_g6_g6_10,single-objective/run1/g6/g6_10.pdb.sc
68.77,0.061,65.249,2.742,88.127,3.704,1221.308,2379.346,1158.038,33.0,-1.995,-1316.693,255.209,-278.877,1.92,30.948,487.026,763.584,-0.057,-31.33,-49.521,-18.6,-51.523,9.0,-32.744,269.0,83.0,92.831,-45.467,0.74,2.88,19.655,69.653,174.109,0.692,1.348,52.561,4.238,186.481,0.585,temp_g3_17_0001,run1_g6_g6_11,single-objective/run1/g6/g6_11.pdb.sc
-99.298,-0.427,99.911,4.187,140.474,5.887,1228.955,2386.237,1157.282,34.0,-1.995,-1326.265,258.061,-284.917,1.951,32.663,345.536,775.747,-0.031,-32.107,-49.521,-18.6,-51.523,7.0,-33.853,269.0,83.0,92.414,-44.926,0.693,1.292,1.946,60.361,175.143,0.674,1.865,72.73,0.785,34.533,0.588,temp_g6_19_0001,run1_g6_g6_12,single-objective/run1/g6/g6_12.pdb.sc
252.329,0.865,43.495,1.796,69.026,2.85,1264.239,2422.314,1158.075,29.0,-1.995,-1301.477,250.587,-276.267,1.921,32.032,382.586,756.451,-0.048,-29.622,-48.639,-19.925,-51.523,6.0,-31.733,269.0,83.0,90.881,-25.147,0.671,4.672,261.405,94.318,167.891,0.647,1.046,40.795,7.886,346.991,0.585,temp_g5_14_0001,run1_g6_g6_13,single-objective/run1/g6/g6_13.pdb.sc
-155.938,-0.638,55.811,2.332,88.978,3.718,1256.445,2393.309,1136.865,34.0,-1.995,-1315.647,252.962,-276.025,1.946,31.178,293.116,753.971,-0.043,-29.622,-49.521,-18.6,-51.523,6.0,-33.559,269.0,83.0,92.414,-45.16,0.713,0.632,1.946,59.422,178.171,0.666,1.287,50.207,0.051,2.245,0.588,g0_08_0001,run1_g6_g6_14,single-objective/run1/g6/g6_14.pdb.sc
-155.933,-0.645,59.433,2.469,95.101,3.951,1215.991,2407.156,1191.165,32.0,-1.995,-1327.618,257.231,-291.816,1.96,32.207,301.032,777.39,-0.046,-32.107,-49.521,-20.556,-51.523,7.0,-33.429,269.0,83.0,92.414,-45.788,0.768,0.602,1.946,58.96,174.685,0.677,1.327,51.765,-0.041,-1.821,0.597,g0_00_0001,run1_g6_g6_15,single-objective/run1/g6/g6_15.pdb.sc
-155.725,-0.61,57.379,2.387,91.36,3.801,1297.793,2403.68,1105.887,29.0,-1.995,-1309.562,246.625,-275.233,1.972,30.862,293.705,742.082,-0.034,-29.622,-49.521,-15.233,-51.523,6.0,-32.781,269.0,83.0,92.414,-44.409,0.706,0.652,1.946,59.985,183.988,0.659,1.293,50.417,0.085,3.734,0.577,temp_g6_23_0001,run1_g6_g6_16,single-objective/run1/g6/g6_16.pdb.sc
-153.476,-0.641,56.408,2.331,95.001,3.926,1248.8,2419.705,1170.906,34.0,-1.995,-1330.374,257.411,-287.134,1.948,31.726,303.83,775.671,-0.052,-32.673,-49.521,-18.6,-51.523,9.0,-33.243,269.0,83.0,92.414,-46.203,0.683,0.613,1.946,57.77,174.479,0.703,1.292,50.376,0.011,0.496,0.597,g0_24_0001,run1_g6_g6_17,single-objective/run1/g6/g6_17.pdb.sc
553.371,1.592,118.174,4.98,155.165,6.539,1210.525,2372.759,1162.235,35.0,-1.995,-1316.413,257.069,-284.072,1.941,32.866,856.34,773.038,-0.023,-32.107,-48.639,-17.64,-51.523,5.0,-32.263,269.0,83.0,91.047,-31.582,0.716,5.483,108.196,83.015,165.511,0.654,2.066,80.574,8.512,374.528,0.585,temp_g6_00_0001,run1_g6_g6_18,single-objective/run1/g6/g6_18.pdb.sc
68.77,0.061,65.249,2.742,88.127,3.704,1221.308,2379.346,1158.038,33.0,-1.995,-1316.693,255.209,-278.877,1.92,30.948,487.026,763.584,-0.057,-31.33,-49.521,-18.6,-51.523,9.0,-32.744,269.0,83.0,92.831,-45.467,0.74,2.88,19.655,69.653,174.109,0.692,1.348,52.561,4.238,186.481,0.585,temp_g3_17_0001,run1_g6_g6_19,single-objective/run1/g6/g6_19.pdb.sc
-153.571,-0.626,54.128,2.289,89.081,3.768,1248.769,2364.379,1115.61,31.0,-1.995,-1315.273,254.415,-276.133,1.942,31.215,295.381,752.616,-0.05,-29.622,-49.521,-18.6,-51.523,7.0,-33.582,269.0,83.0,92.414,-45.199,0.68,0.67,1.946,59.299,178.071,0.665,1.295,50.486,0.116,5.09,0.577,temp_g4_01_0001,run1_g6_g6_2,single-objective/run1/g6/g6_2.pdb.sc
-23.921,-0.146,57.514,2.448,87.829,3.738,1254.736,2349.772,1095.036,37.0,-1.995,-1315.87,251.019,-275.548,1.926,31.298,313.474,754.88,-0.044,-29.622,-49.521,-18.6,-51.523,6.0,-34.087,269.0,83.0,90.996,-37.195,0.689,1.522,91.744,76.326,177.801,0.657,1.305,50.876,1.715,75.443,0.577,temp_g3_04_0001,run1_g6_g6_20,single-objective/run1/g6/g6_20.pdb.sc
22.145,-0.244,87.709,3.621,125.512,5.182,1196.591,2422.095,1225.504,29.0,-1.995,-1313.935,256.822,-290.543,1.917,32.538,448.939,779.839,-0.037,-32.107,-49.408,-18.609,-51.523,7.0,-32.669,269.0,83.0,92.507,-39.977,0.69,1.861,1.946,67.162,170.648,0.666,1.731,67.52,1.975,86.902,0.596,temp_g6_17_0001,run1_g6_g6_21,single-objective/run1/g6/g6_21.pdb.sc
-141.016,-0.589,55.703,2.304,99.903,4.133,1234.19,2417.461,1183.271,32.0,-1.995,-1315.473,248.765,-281.536,1.934,31.632,308.727,762.286,-0.044,-30.764,-49.521,-18.6,-51.523,7.0,-32.325,269.0,83.0,92.414,-44.949,0.695,0.753,1.946,59.048,178.323,0.663,1.28,49.932,0.286,12.57,0.596,temp_g5_18_0001,run1_g6_g6_22,single-objective/run1/g6/g6_22.pdb.sc
47.0,0.1,49.28,2.033,77.525,3.198,1257.271,2424.318,1167.048,29.0,-1.995,-1306.609,254.059,-288.79,1.925,32.583,353.215,772.107,-0.043,-32.107,-48.639,-19.925,-51.523,6.0,-32.477,269.0,83.0,91.097,-32.843,0.685,2.204,108.196,81.842,166.3,0.663,1.12,43.687,3.164,139.213,0.585,temp_g4_04_0001,run1_g6_g6_23,single-objective/run1/g6/g6_23.pdb.sc
47.0,0.1,49.28,2.033,77.525,3.198,1257.271,2424.318,1167.048,29.0,-1.995,-1306.609,254.059,-288.79,1.925,32.583,353.215,772.107,-0.043,-32.107,-48.639,-19.925,-51.523,6.0,-32.477,269.0,83.0,91.097,-32.843,0.685,2.204,108.196,81.842,166.3,0.663,1.12,43.687,3.164,139.213,0.585,temp_g4_04_0001,run1_g6_g6_24,single-objective/run1/g6/g6_24.pdb.sc
-155.938,-0.638,55.811,2.332,88.978,3.718,1256.445,2393.309,1136.865,34.0,-1.995,-1315.647,252.962,-276.025,1.946,31.178,293.116,753.971,-0.043,-29.622,-49.521,-18.6,-51.523,6.0,-33.559,269.0,83.0,92.414,-45.16,0.713,0.632,1.946,59.422,178.171,0.666,1.287,50.207,0.051,2.245,0.588,g0_08_0001,run1_g6_g6_3,single-objective/run1/g6/g6_3.pdb.sc
221.734,-0.055,167.153,6.974,232.746,9.711,1235.673,2396.635,1160.962,32.0,-1.995,-1295.566,250.367,-278.11,1.91,30.712,654.098,756.153,-0.018,-29.622,-49.521,-18.6,-51.523,6.0,-32.65,269.0,84.0,92.829,-46.03,0.674,2.472,1.946,58.512,178.248,0.617,2.545,101.78,2.407,105.888,0.577,temp_g5_07_0001,run1_g6_g6_4,single-objective/run1/g6/g6_4.pdb.sc
484.541,1.257,184.132,7.849,238.304,10.159,1254.529,2345.818,1091.289,36.0,-1.995,-1318.585,253.712,-275.591,1.98,30.945,760.516,753.872,-0.017,-29.255,-49.521,-18.6,-51.523,7.0,-31.816,269.0,85.0,93.083,-39.475,0.705,6.465,157.375,77.76,171.074,0.681,2.549,104.494,10.115,445.063,0.585,temp_g6_01_0001,run1_g6_g6_5,single-objective/run1/g6/g6_5.pdb.sc
300.423,0.246,197.88,8.071,317.085,12.933,1288.121,2451.738,1163.617,35.0,-1.995,-1307.31,253.954,-279.176,1.926,30.935,734.738,763.157,-0.013,-29.704,-49.521,-18.6,-51.523,7.0,-32.215,269.0,84.0,92.829,-45.73,0.703,3.431,1.946,58.581,177.552,0.614,2.926,117.031,3.891,171.212,0.577,temp_g6_14_0001,run1_g6_g6_6,single-objective/run1/g6/g6_6.pdb.sc
8.249,-0.302,84.916,3.473,120.768,4.939,1208.848,2445.238,1236.39,29.0,-1.995,-1311.187,258.838,-290.132,1.93,32.389,442.313,777.247,-0.033,-32.107,-49.408,-18.609,-51.523,7.0,-32.373,269.0,83.0,92.461,-43.375,0.69,1.687,1.946,62.1,169.138,0.657,1.726,67.333,1.652,72.684,0.597,temp_g5_22_0001,run1_g6_g6_7,single-objective/run1/g6/g6_7.pdb.sc
-155.938,-0.638,55.811,2.332,88.978,3.718,1256.445,2393.309,1136.865,34.0,-1.995,-1315.647,252.962,-276.025,1.946,31.178,293.116,753.971,-0.043,-29.622,-49.521,-18.6,-51.523,6.0,-33.559,269.0,83.0,92.414,-45.16,0.713,0.632,1.946,59.422,178.171,0.666,1.287,50.207,0.051,2.245,0.588,g0_08_0001,run1_g6_g6_8,single-objective/run1/g6/g6_8.pdb.sc
34.469,0.051,38.373,1.585,67.628,2.793,1247.171,2421.025,1173.854,32.0,-1.995,-1301.304,253.39,-287.994,1.923,32.544,343.653,766.881,-0.052,-32.107,-48.639,-19.596,-51.523,5.0,-32.465,269.0,83.0,91.052,-34.941,0.745,2.043,108.196,79.422,167.388,0.672,1.012,39.472,2.957,130.102,0.585,temp_g6_07_0001,run1_g6_g6_9,single-objective/run1/g6/g6_9.pdb.sc
34.469,0.051,38.373,1.585,67.628,2.793,1247.171,2421.025,1173.854,32.0,-1.995,-1301.304,253.39,-287.994,1.923,32.544,343.653,766.881,-0.052,-32.107,-48.639,-19.596,-51.523,5.0,-32.465,269.0,83.0,91.052,-34.941,0.745,2.043,108.196,79.422,167.388,0.672,1.012,39.472,2.957,130.102,0.585,temp_g6_07_0001,run1_g7_g7_0,single-objective/run1/g7/g7_0.pdb.sc
252.329,0.865,43.495,1.796,69.026,2.85,1264.239,2422.314,1158.075,29.0,-1.995,-1301.477,250.587,-276.267,1.921,32.032,382.586,756.451,-0.048,-29.622,-48.639,-19.925,-51.523,6.0,-31.733,269.0,83.0,90.881,-25.147,0.671,4.672,261.405,94.318,167.891,0.647,1.046,40.795,7.886,346.991,0.585,temp_g5_14_0001,run1_g7_g7_1,single-objective/run1/g7/g7_1.pdb.sc
-141.016,-0.589,55.703,2.304,99.903,4.133,1234.19,2417.461,1183.271,32.0,-1.995,-1315.473,248.765,-281.536,1.934,31.632,308.727,762.286,-0.044,-30.764,-49.521,-18.6,-51.523,7.0,-32.325,269.0,83.0,92.414,-44.949,0.695,0.753,1.946,59.048,178.323,0.663,1.28,49.932,0.286,12.57,0.596,temp_g5_18_0001,run1_g7_g7_10,single-objective/run1/g7/g7_10.pdb.sc
259.452,0.784,54.409,2.354,78.319,3.389,1190.412,2311.054,1120.641,31.0,-1.995,-1299.378,253.712,-288.003,1.906,32.461,532.45,770.996,-0.045,-32.107,-48.639,-19.778,-51.523,5.0,-32.203,269.0,83.0,91.514,-33.099,0.674,4.424,125.905,93.388,163.269,0.663,1.209,47.148,7.274,320.058,0.576,temp_g7_01_0001,run1_g7_g7_11,single-objective/run1/g7/g7_11.pdb.sc
252.329,0.865,43.495,1.796,69.026,2.85,1264.239,2422.314,1158.075,29.0,-1.995,-1301.477,250.587,-276.267,1.921,32.032,382.586,756.451,-0.048,-29.622,-48.639,-19.925,-51.523,6.0,-31.733,269.0,83.0,90.881,-25.147,0.671,4.672,261.405,94.318,167.891,0.647,1.046,40.795,7.886,346.991,0.585,temp_g5_14_0001,run1_g7_g7_12,single-objective/run1/g7/g7_12.pdb.sc
-155.938,-0.638,55.811,2.332,88.978,3.718,1256.445,2393.309,1136.865,34.0,-1.995,-1315.647,252.962,-276.025,1.946,31.178,293.116,753.971,-0.043,-29.622,-49.521,-18.6,-51.523,6.0,-33.559,269.0,83.0,92.414,-45.16,0.713,0.632,1.946,59.422,178.171,0.666,1.287,50.207,0.051,2.245,0.588,g0_08_0001,run1_g7_g7_13,single-objective/run1/g7/g7_13.pdb.sc
47.0,0.1,49.28,2.033,77.525,3.198,1257.271,2424.318,1167.048,29.0,-1.995,-1306.609,254.059,-288.79,1.925,32.583,353.215,772.107,-0.043,-32.107,-48.639,-19.925,-51.523,6.0,-32.477,269.0,83.0,91.097,-32.843,0.685,2.204,108.196,81.842,166.3,0.663,1.12,43.687,3.164,139.213,0.585,temp_g4_04_0001,run1_g7_g7_14,single-objective/run1/g7/g7_14.pdb.sc
22.145,-0.244,87.709,3.621,125.512,5.182,1196.591,2422.095,1225.504,29.0,-1.995,-1313.935,256.822,-290.543,1.917,32.538,448.939,779.839,-0.037,-32.107,-49.408,-18.609,-51.523,7.0,-32.669,269.0,83.0,92.507,-39.977,0.69,1.861,1.946,67.162,170.648,0.666,1.731,67.52,1.975,86.902,0.596,temp_g6_17_0001,run1_g7_g7_15,single-objective/run1/g7/g7_15.pdb.sc
8.249,-0.302,84.916,3.473,120.768,4.939,1208.848,2445.238,1236.39,29.0,-1.995,-1311.187,258.838,-290.132,1.93,32.389,442.313,777.247,-0.033,-32.107,-49.408,-18.609,-51.523,7.0,-32.373,269.0,83.0,92.461,-43.375,0.69,1.687,1.946,62.1,169.138,0.657,1.726,67.333,1.652,72.684,0.597,temp_g5_22_0001,run1_g7_g7_16,single-objective/run1/g7/g7_16.pdb.sc
47.0,0.1,49.28,2.033,77.525,3.198,1257.271,2424.318,1167.048,29.0,-1.995,-1306.609,254.059,-288.79,1.925,32.583,353.215,772.107,-0.043,-32.107,-48.639,-19.925,-51.523,6.0,-32.477,269.0,83.0,91.097,-32.843,0.685,2.204,108.196,81.842,166.3,0.663,1.12,43.687,3.164,139.213,0.585,temp_g4_04_0001,run1_g7_g7_17,single-objective/run1/g7/g7_17.pdb.sc
-153.476,-0.641,56.408,2.331,95.001,3.926,1248.8,2419.705,1170.906,34.0,-1.995,-1330.374,257.411,-287.134,1.948,31.726,303.83,775.671,-0.052,-32.673,-49.521,-18.6,-51.523,9.0,-33.243,269.0,83.0,92.414,-46.203,0.683,0.613,1.946,57.77,174.479,0.703,1.292,50.376,0.011,0.496,0.597,g0_24_0001,run1_g7_g7_18,single-objective/run1/g7/g7_18.pdb.sc
55.296,-0.106,126.155,5.234,162.365,6.736,1263.737,2410.477,1146.74,27.0,-1.995,-1306.43,248.618,-288.739,1.907,32.208,491.193,761.62,-0.025,-32.107,-49.408,-18.609,-51.523,6.0,-31.484,269.0,83.0,92.507,-40.123,0.724,2.312,1.946,66.704,178.414,0.684,2.239,87.338,2.376,104.56,0.596,temp_g7_21_0001,run1_g7_g7_19,single-objective/run1/g7/g7_19.pdb.sc
-99.298,-0.427,99.911,4.187,140.474,5.887,1228.955,2386.237,1157.282,34.0,-1.995,-1326.265,258.061,-284.917,1.951,32.663,345.536,775.747,-0.031,-32.107,-49.521,-18.6,-51.523,7.0,-33.853,269.0,83.0,92.414,-44.926,0.693,1.292,1.946,60.361,175.143,0.674,1.865,72.73,0.785,34.533,0.588,temp_g6_19_0001,run1_g7_g7_2,single-objective/run1/g7/g7_2.pdb.sc
-134.107,-0.558,53.2,2.206,91.458,3.792,1286.55,2411.572,1125.021,34.0,-1.995,-1331.161,259.696,-285.276,1.983,31.758,320.921,770.673,-0.055,-32.673,-49.521,-16.971,-51.523,9.0,-33.78,269.0,83.0,92.167,-45.619,0.68,0.715,1.946,58.415,176.267,0.699,1.266,49.363,0.227,9.987,0.588,temp_g7_17_0001,run1_g7_g7_20,single-objective/run1/g7/g7_20.pdb.sc
-110.033,-0.472,96.622,4.058,135.665,5.698,1214.57,2380.937,1166.366,35.0,-1.995,-1316.009,255.334,-284.87,1.927,32.417,336.467,768.826,-0.03,-32.107,-49.521,-18.271,-51.523,6.0,-34.483,269.0,83.0,92.368,-46.805,0.708,1.136,1.946,57.849,177.84,0.676,1.778,69.326,0.567,24.946,0.576,temp_g7_12_0001,run1_g7_g7_21,single-objective/run1/g7/g7_21.pdb.sc
512.604,0.429,224.168,9.299,208.162,8.635,1277.365,2410.55,1133.184,43.0,-1.995,-1309.561,253.193,-278.123,1.94,30.474,951.261,756.705,-0.011,-29.622,-49.521,-16.861,-51.523,4.0,-32.02,269.0,84.0,92.829,-45.967,0.693,4.008,1.946,58.319,180.554,0.58,3.521,140.853,4.451,195.837,0.577,temp_g7_06_0001,run1_g7_g7_22,single-objective/run1/g7/g7_22.pdb.sc
68.77,0.061,65.249,2.742,88.127,3.704,1221.308,2379.346,1158.038,33.0,-1.995,-1316.693,255.209,-278.877,1.92,30.948,487.026,763.584,-0.057,-31.33,-49.521,-18.6,-51.523,9.0,-32.744,269.0,83.0,92.831,-45.467,0.74,2.88,19.655,69.653,174.109,0.692,1.348,52.561,4.238,186.481,0.585,temp_g3_17_0001,run1_g7_g7_23,single-objective/run1/g7/g7_23.pdb.sc
221.734,-0.055,167.153,6.974,232.746,9.711,1235.673,2396.635,1160.962,32.0,-1.995,-1295.566,250.367,-278.11,1.91,30.712,654.098,756.153,-0.018,-29.622,-49.521,-18.6,-51.523,6.0,-32.65,269.0,84.0,92.829,-46.03,0.674,2.472,1.946,58.512,178.248,0.617,2.545,101.78,2.407,105.888,0.577,temp_g5_07_0001,run1_g7_g7_24,single-objective/run1/g7/g7_24.pdb.sc
47.0,0.1,49.28,2.033,77.525,3.198,1257.271,2424.318,1167.048,29.0,-1.995,-1306.609,254.059,-288.79,1.925,32.583,353.215,772.107,-0.043,-32.107,-48.639,-19.925,-51.523,6.0,-32.477,269.0,83.0,91.097,-32.843,0.685,2.204,108.196,81.842,166.3,0.663,1.12,43.687,3.164,139.213,0.585,temp_g4_04_0001,run1_g7_g7_3,single-objective/run1/g7/g7_3.pdb.sc
-155.933,-0.645,59.433,2.469,95.101,3.951,1215.991,2407.156,1191.165,32.0,-1.995,-1327.618,257.231,-291.816,1.96,32.207,301.032,777.39,-0.046,-32.107,-49.521,-20.556,-51.523,7.0,-33.429,269.0,83.0,92.414,-45.788,0.768,0.602,1.946,58.96,174.685,0.677,1.327,51.765,-0.041,-1.821,0.597,g0_00_0001,run1_g7_g7_4,single-objective/run1/g7/g7_4.pdb.sc
252.329,0.865,43.495,1.796,69.026,2.85,1264.239,2422.314,1158.075,29.0,-1.995,-1301.477,250.587,-276.267,1.921,32.032,382.586,756.451,-0.048,-29.622,-48.639,-19.925,-51.523,6.0,-31.733,269.0,83.0,90.881,-25.147,0.671,4.672,261.405,94.318,167.891,0.647,1.046,40.795,7.886,346.991,0.585,temp_g5_14_0001,run1_g7_g7_5,single-objective/run1/g7/g7_5.pdb.sc
34.469,0.051,38.373,1.585,67.628,2.793,1247.171,2421.025,1173.854,32.0,-1.995,-1301.304,253.39,-287.994,1.923,32.544,343.653,766.881,-0.052,-32.107,-48.639,-19.596,-51.523,5.0,-32.465,269.0,83.0,91.052,-34.941,0.745,2.043,108.196,79.422,167.388,0.672,1.012,39.472,2.957,130.102,0.585,temp_g6_07_0001,run1_g7_g7_6,single-objective/run1/g7/g7_6.pdb.sc
68.77,0.061,65.249,2.742,88.127,3.704,1221.308,2379.346,1158.038,33.0,-1.995,-1316.693,255.209,-278.877,1.92,30.948,487.026,763.584,-0.057,-31.33,-49.521,-18.6,-51.523,9.0,-32.744,269.0,83.0,92.831,-45.467,0.74,2.88,19.655,69.653,174.109,0.692,1.348,52.561,4.238,186.481,0.585,temp_g3_17_0001,run1_g7_g7_7,single-objective/run1/g7/g7_7.pdb.sc
-97.222,-0.438,34.436,1.421,67.783,2.797,1252.203,2423.119,1170.915,31.0,-1.995,-1291.951,251.96,-288.856,1.913,32.021,320.635,760.125,-0.06,-32.107,-48.639,-19.596,-51.523,6.0,-32.003,269.0,83.0,92.47,-41.962,0.675,1.161,18.397,61.897,171.407,0.675,0.962,37.526,1.337,58.81,0.585,temp_g7_23_0001,run1_g7_g7_8,single-objective/run1/g7/g7_8.pdb.sc
-156.899,-0.642,58.415,2.476,90.903,3.853,1236.337,2359.252,1122.915,28.0,-1.995,-1322.71,255.063,-286.857,1.931,32.221,295.524,773.559,-0.04,-32.107,-49.521,-18.6,-51.523,7.0,-34.164,269.0,83.0,92.414,-45.935,0.712,0.6,1.946,59.036,174.232,0.665,1.332,51.965,-0.05,-2.194,0.588,g0_12_0001,run1_g7_g7_9,single-objective/run1/g7/g7_9.pdb.sc
34.469,0.051,38.373,1.585,67.628,2.793,1247.171,2421.025,1173.854,32.0,-1.995,-1301.304,253.39,-287.994,1.923,32.544,343.653,766.881,-0.052,-32.107,-48.639,-19.596,-51.523,5.0,-32.465,269.0,83.0,91.052,-34.941,0.745,2.043,108.196,79.422,167.388,0.672,1.012,39.472,2.957,130.102,0.585,temp_g6_07_0001,run1_g8_g8_0,single-objective/run1/g8/g8_0.pdb.sc
34.469,0.051,38.373,1.585,67.628,2.793,1247.171,2421.025,1173.854,32.0,-1.995,-1301.304,253.39,-287.994,1.923,32.544,343.653,766.881,-0.052,-32.107,-48.639,-19.596,-51.523,5.0,-32.465,269.0,83.0,91.052,-34.941,0.745,2.043,108.196,79.422,167.388,0.672,1.012,39.472,2.957,130.102,0.585,temp_g6_07_0001,run1_g8_g8_1,single-objective/run1/g8/g8_1.pdb.sc
-84.558,-0.435,31.649,1.292,61.261,2.501,1285.255,2449.246,1163.991,32.0,-1.995,-1295.36,249.717,-284.859,1.98,32.456,328.106,756.878,-0.076,-32.107,-48.639,-17.969,-51.523,7.0,-31.913,269.0,83.0,93.067,-39.174,0.661,1.151,18.397,65.345,172.452,0.65,0.874,34.081,1.397,61.458,0.585,temp_g8_17_0001,run1_g8_g8_10,single-objective/run1/g8/g8_10.pdb.sc
252.329,0.865,43.495,1.796,69.026,2.85,1264.239,2422.314,1158.075,29.0,-1.995,-1301.477,250.587,-276.267,1.921,32.032,382.586,756.451,-0.048,-29.622,-48.639,-19.925,-51.523,6.0,-31.733,269.0,83.0,90.881,-25.147,0.671,4.672,261.405,94.318,167.891,0.647,1.046,40.795,7.886,346.991,0.585,temp_g5_14_0001,run1_g8_g8_11,single-objective/run1/g8/g8_11.pdb.sc
-132.131,-0.55,55.458,2.3,91.549,3.796,1286.55,2411.572,1125.021,32.0,-1.995,-1327.112,259.791,-285.449,1.962,31.726,319.677,772.707,-0.046,-32.673,-49.521,-16.971,-51.523,9.0,-33.954,269.0,83.0,92.117,-46.552,0.761,0.729,1.946,58.157,174.949,0.694,1.295,50.488,0.227,10.001,0.588,temp_g8_20_0001,run1_g8_g8_12,single-objective/run1/g8/g8_12.pdb.sc
252.329,0.865,43.495,1.796,69.026,2.85,1264.239,2422.314,1158.075,29.0,-1.995,-1301.477,250.587,-276.267,1.921,32.032,382.586,756.451,-0.048,-29.622,-48.639,-19.925,-51.523,6.0,-31.733,269.0,83.0,90.881,-25.147,0.671,4.672,261.405,94.318,167.891,0.647,1.046,40.795,7.886,346.991,0.585,temp_g5_14_0001,run1_g8_g8_13,single-objective/run1/g8/g8_13.pdb.sc
-155.938,-0.638,55.811,2.332,88.978,3.718,1256.445,2393.309,1136.865,34.0,-1.995,-1315.647,252.962,-276.025,1.946,31.178,293.116,753.971,-0.043,-29.622,-49.521,-18.6,-51.523,6.0,-33.559,269.0,83.0,92.414,-45.16,0.713,0.632,1.946,59.422,178.171,0.666,1.287,50.207,0.051,2.245,0.588,g0_08_0001,run1_g8_g8_14,single-objective/run1/g8/g8_14.pdb.sc
106.145,0.098,174.915,7.341,224.091,9.405,1232.45,2382.555,1150.105,32.0,-1.995,-1320.521,248.936,-283.288,1.926,32.089,551.251,761.455,-0.02,-30.764,-49.521,-18.6,-51.523,7.0,-31.837,269.0,83.0,92.557,-40.458,0.706,2.986,1.946,64.497,179.408,0.649,2.948,114.976,3.02,132.865,0.588,temp_g8_10_0001,run1_g8_g8_15,single-objective/run1/g8/g8_15.pdb.sc
47.0,0.1,49.28,2.033,77.525,3.198,1257.271,2424.318,1167.048,29.0,-1.995,-1306.609,254.059,-288.79,1.925,32.583,353.215,772.107,-0.043,-32.107,-48.639,-19.925,-51.523,6.0,-32.477,269.0,83.0,91.097,-32.843,0.685,2.204,108.196,81.842,166.3,0.663,1.12,43.687,3.164,139.213,0.585,temp_g4_04_0001,run1_g8_g8_16,single-objective/run1/g8/g8_16.pdb.sc
47.0,0.1,49.28,2.033,77.525,3.198,1257.271,2424.318,1167.048,29.0,-1.995,-1306.609,254.059,-288.79,1.925,32.583,353.215,772.107,-0.043,-32.107,-48.639,-19.925,-51.523,6.0,-32.477,269.0,83.0,91.097,-32.843,0.685,2.204,108.196,81.842,166.3,0.663,1.12,43.687,3.164,139.213,0.585,temp_g4_04_0001,run1_g8_g8_17,single-objective/run1/g8/g8_17.pdb.sc
173.17,0.259,123.835,5.114,175.638,7.253,1246.614,2421.549,1174.935,27.0,-1.995,-1303.479,252.911,-278.442,1.934,32.986,487.223,765.236,-0.023,-29.622,-49.499,-19.596,-51.523,6.0,-31.205,269.0,83.0,90.996,-36.066,0.658,2.751,91.744,80.679,170.304,0.649,2.093,81.618,3.335,146.736,0.585,temp_g8_00_0001,run1_g8_g8_18,single-objective/run1/g8/g8_18.pdb.sc
259.452,0.784,54.409,2.354,78.319,3.389,1190.412,2311.054,1120.641,31.0,-1.995,-1299.378,253.712,-288.003,1.906,32.461,532.45,770.996,-0.045,-32.107,-48.639,-19.778,-51.523,5.0,-32.203,269.0,83.0,91.514,-33.099,0.674,4.424,125.905,93.388,163.269,0.663,1.209,47.148,7.274,320.058,0.576,temp_g7_01_0001,run1_g8_g8_19,single-objective/run1/g8/g8_19.pdb.sc
34.469,0.051,38.373,1.585,67.628,2.793,1247.171,2421.025,1173.854,32.0,-1.995,-1301.304,253.39,-287.994,1.923,32.544,343.653,766.881,-0.052,-32.107,-48.639,-19.596,-51.523,5.0,-32.465,269.0,83.0,91.052,-34.941,0.745,2.043,108.196,79.422,167.388,0.672,1.012,39.472,2.957,130.102,0.585,temp_g6_07_0001,run1_g8_g8_2,single-objective/run1/g8/g8_2.pdb.sc
-134.107,-0.558,53.2,2.206,91.458,3.792,1286.55,2411.572,1125.021,34.0,-1.995,-1331.161,259.696,-285.276,1.983,31.758,320.921,770.673,-0.055,-32.673,-49.521,-16.971,-51.523,9.0,-33.78,269.0,83.0,92.167,-45.619,0.68,0.715,1.946,58.415,176.267,0.699,1.266,49.363,0.227,9.987,0.588,temp_g7_17_0001,run1_g8_g8_20,single-objective/run1/g8/g8_20.pdb.sc
252.329,0.865,43.495,1.796,69.026,2.85,1264.239,2422.314,1158.075,29.0,-1.995,-1301.477,250.587,-276.267,1.921,32.032,382.586,756.451,-0.048,-29.622,-48.639,-19.925,-51.523,6.0,-31.733,269.0,83.0,90.881,-25.147,0.671,4.672,261.405,94.318,167.891,0.647,1.046,40.795,7.886,346.991,0.585,temp_g5_14_0001,run1_g8_g8_21,single-objective/run1/g8/g8_21.pdb.sc
-141.016,-0.589,55.703,2.304,99.903,4.133,1234.19,2417.461,1183.271,32.0,-1.995,-1315.473,248.765,-281.536,1.934,31.632,308.727,762.286,-0.044,-30.764,-49.521,-18.6,-51.523,7.0,-32.325,269.0,83.0,92.414,-44.949,0.695,0.753,1.946,59.048,178.323,0.663,1.28,49.932,0.286,12.57,0.596,temp_g5_18_0001,run1_g8_g8_22,single-objective/run1/g8/g8_22.pdb.sc
-147.853,-0.609,59.033,2.457,91.443,3.805,1267.973,2403.002,1135.028,28.0,-1.995,-1310.936,251.794,-275.64,1.934,30.754,295.377,755.458,-0.04,-29.622,-49.521,-17.199,-51.523,7.0,-34.246,269.0,82.0,92.389,-44.781,0.723,0.716,1.946,59.601,177.768,0.655,1.33,51.888,0.158,6.787,0.588,temp_g8_13_0001,run1_g8_g8_23,single-objective/run1/g8/g8_23.pdb.sc
-97.222,-0.438,34.436,1.421,67.783,2.797,1252.203,2423.119,1170.915,31.0,-1.995,-1291.951,251.96,-288.856,1.913,32.021,320.635,760.125,-0.06,-32.107,-48.639,-19.596,-51.523,6.0,-32.003,269.0,83.0,92.47,-41.962,0.675,1.161,18.397,61.897,171.407,0.675,0.962,37.526,1.337,58.81,0.585,temp_g7_23_0001,run1_g8_g8_24,single-objective/run1/g8/g8_24.pdb.sc
181.582,0.6,39.93,1.681,73.211,3.082,1279.206,2375.63,1096.424,31.0,-1.995,-1287.366,247.909,-271.683,1.901,31.338,325.204,743.822,-0.056,-29.622,-49.499,-17.969,-51.523,6.0,-31.964,269.0,83.0,90.781,-29.389,0.7,3.839,244.954,93.719,172.387,0.649,1.016,39.634,6.342,279.042,0.576,temp_g8_01_0001,run1_g8_g8_3,single-objective/run1/g8/g8_3.pdb.sc
55.296,-0.106,126.155,5.234,162.365,6.736,1263.737,2410.477,1146.74,27.0,-1.995,-1306.43,248.618,-288.739,1.907,32.208,491.193,761.62,-0.025,-32.107,-49.408,-18.609,-51.523,6.0,-31.484,269.0,83.0,92.507,-40.123,0.724,2.312,1.946,66.704,178.414,0.684,2.239,87.338,2.376,104.56,0.596,temp_g7_21_0001,run1_g8_g8_4,single-objective/run1/g8/g8_4.pdb.sc
-156.899,-0.642,58.415,2.476,90.903,3.853,1236.337,2359.252,1122.915,28.0,-1.995,-1322.71,255.063,-286.857,1.931,32.221,295.524,773.559,-0.04,-32.107,-49.521,-18.6,-51.523,7.0,-34.164,269.0,83.0,92.414,-45.935,0.712,0.6,1.946,59.036,174.232,0.665,1.332,51.965,-0.05,-2.194,0.588,g0_12_0001,run1_g8_g8_5,single-objective/run1/g8/g8_5.pdb.sc
43.358,0.08,33.17,1.377,68.808,2.856,1239.418,2409.506,1170.088,36.0,-1.995,-1297.757,251.493,-271.54,1.917,32.098,342.53,750.648,-0.059,-29.622,-48.639,-17.64,-51.523,6.0,-32.656,269.0,83.0,91.052,-33.432,0.693,2.136,108.196,80.454,169.188,0.684,0.96,37.455,3.177,139.8,0.585,temp_g8_06_0001,run1_g8_g8_6,single-objective/run1/g8/g8_6.pdb.sc
47.0,0.1,49.28,2.033,77.525,3.198,1257.271,2424.318,1167.048,29.0,-1.995,-1306.609,254.059,-288.79,1.925,32.583,353.215,772.107,-0.043,-32.107,-48.639,-19.925,-51.523,6.0,-32.477,269.0,83.0,91.097,-32.843,0.685,2.204,108.196,81.842,166.3,0.663,1.12,43.687,3.164,139.213,0.585,temp_g4_04_0001,run1_g8_g8_7,single-objective/run1/g8/g8_7.pdb.sc
34.469,0.051,38.373,1.585,67.628,2.793,1247.171,2421.025,1173.854,32.0,-1.995,-1301.304,253.39,-287.994,1.923,32.544,343.653,766.881,-0.052,-32.107,-48.639,-19.596,-51.523,5.0,-32.465,269.0,83.0,91.052,-34.941,0.745,2.043,108.196,79.422,167.388,0.672,1.012,39.472,2.957,130.102,0.585,temp_g6_07_0001,run1_g8_g8_8,single-objective/run1/g8/g8_8.pdb.sc
-155.933,-0.645,59.433,2.469,95.101,3.951,1215.991,2407.156,1191.165,32.0,-1.995,-1327.618,257.231,-291.816,1.96,32.207,301.032,777.39,-0.046,-32.107,-49.521,-20.556,-51.523,7.0,-33.429,269.0,83.0,92.414,-45.788,0.768,0.602,1.946,58.96,174.685,0.677,1.327,51.765,-0.041,-1.821,0.597,g0_00_0001,run1_g8_g8_9,single-objective/run1/g8/g8_9.pdb.sc
-84.558,-0.435,31.649,1.292,61.261,2.501,1285.255,2449.246,1163.991,32.0,-1.995,-1295.36,249.717,-284.859,1.98,32.456,328.106,756.878,-0.076,-32.107,-48.639,-17.969,-51.523,7.0,-31.913,269.0,83.0,93.067,-39.174,0.661,1.151,18.397,65.345,172.452,0.65,0.874,34.081,1.397,61.458,0.585,temp_g8_17_0001,run1_g9_g9_0,single-objective/run1/g9/g9_0.pdb.sc
34.469,0.051,38.373,1.585,67.628,2.793,1247.171,2421.025,1173.854,32.0,-1.995,-1301.304,253.39,-287.994,1.923,32.544,343.653,766.881,-0.052,-32.107,-48.639,-19.596,-51.523,5.0,-32.465,269.0,83.0,91.052,-34.941,0.745,2.043,108.196,79.422,167.388,0.672,1.012,39.472,2.957,130.102,0.585,temp_g6_07_0001,run1_g9_g9_1,single-objective/run1/g9/g9_1.pdb.sc
-160.331,-0.668,50.701,2.108,80.892,3.363,1213.278,2405.142,1191.864,31.0,-1.995,-1308.887,252.203,-273.359,1.94,31.07,286.446,747.569,-0.041,-29.622,-49.521,-16.642,-51.523,6.0,-33.351,269.0,83.0,92.368,-46.147,0.752,0.499,1.946,57.79,178.796,0.669,1.192,46.472,-0.115,-5.08,0.588,temp_g9_14_0001,run1_g9_g9_10,single-objective/run1/g9/g9_10.pdb.sc
252.329,0.865,43.495,1.796,69.026,2.85,1264.239,2422.314,1158.075,29.0,-1.995,-1301.477,250.587,-276.267,1.921,32.032,382.586,756.451,-0.048,-29.622,-48.639,-19.925,-51.523,6.0,-31.733,269.0,83.0,90.881,-25.147,0.671,4.672,261.405,94.318,167.891,0.647,1.046,40.795,7.886,346.991,0.585,temp_g5_14_0001,run1_g9_g9_11,single-objective/run1/g9/g9_11.pdb.sc
47.0,0.1,49.28,2.033,77.525,3.198,1257.271,2424.318,1167.048,29.0,-1.995,-1306.609,254.059,-288.79,1.925,32.583,353.215,772.107,-0.043,-32.107,-48.639,-19.925,-51.523,6.0,-32.477,269.0,83.0,91.097,-32.843,0.685,2.204,108.196,81.842,166.3,0.663,1.12,43.687,3.164,139.213,0.585,temp_g4_04_0001,run1_g9_g9_12,single-objective/run1/g9/g9_12.pdb.sc
252.329,0.865,43.495,1.796,69.026,2.85,1264.239,2422.314,1158.075,29.0,-1.995,-1301.477,250.587,-276.267,1.921,32.032,382.586,756.451,-0.048,-29.622,-48.639,-19.925,-51.523,6.0,-31.733,269.0,83.0,90.881,-25.147,0.671,4.672,261.405,94.318,167.891,0.647,1.046,40.795,7.886,346.991,0.585,temp_g5_14_0001,run1_g9_g9_13,single-objective/run1/g9/g9_13.pdb.sc
-155.938,-0.638,55.811,2.332,88.978,3.718,1256.445,2393.309,1136.865,34.0,-1.995,-1315.647,252.962,-276.025,1.946,31.178,293.116,753.971,-0.043,-29.622,-49.521,-18.6,-51.523,6.0,-33.559,269.0,83.0,92.414,-45.16,0.713,0.632,1.946,59.422,178.171,0.666,1.287,50.207,0.051,2.245,0.588,g0_08_0001,run1_g9_g9_14,single-objective/run1/g9/g9_14.pdb.sc
-97.222,-0.438,34.436,1.421,67.783,2.797,1252.203,2423.119,1170.915,31.0,-1.995,-1291.951,251.96,-288.856,1.913,32.021,320.635,760.125,-0.06,-32.107,-48.639,-19.596,-51.523,6.0,-32.003,269.0,83.0,92.47,-41.962,0.675,1.161,18.397,61.897,171.407,0.675,0.962,37.526,1.337,58.81,0.585,temp_g7_23_0001,run1_g9_g9_15,single-objective/run1/g9/g9_15.pdb.sc
-84.558,-0.435,31.649,1.292,61.261,2.501,1285.255,2449.246,1163.991,32.0,-1.995,-1295.36,249.717,-284.859,1.98,32.456,328.106,756.878,-0.076,-32.107,-48.639,-17.969,-51.523,7.0,-31.913,269.0,83.0,93.067,-39.174,0.661,1.151,18.397,65.345,172.452,0.65,0.874,34.081,1.397,61.458,0.585,temp_g8_17_0001,run1_g9_g9_16,single-objective/run1/g9/g9_16.pdb.sc
173.17,0.259,123.835,5.114,175.638,7.253,1246.614,2421.549,1174.935,27.0,-1.995,-1303.479,252.911,-278.442,1.934,32.986,487.223,765.236,-0.023,-29.622,-49.499,-19.596,-51.523,6.0,-31.205,269.0,83.0,90.996,-36.066,0.658,2.751,91.744,80.679,170.304,0.649,2.093,81.618,3.335,146.736,0.585,temp_g8_00_0001,run1_g9_g9_17,single-objective/run1/g9/g9_17.pdb.sc
34.469,0.051,38.373,1.585,67.628,2.793,1247.171,2421.025,1173.854,32.0,-1.995,-1301.304,253.39,-287.994,1.923,32.544,343.653,766.881,-0.052,-32.107,-48.639,-19.596,-51.523,5.0,-32.465,269.0,83.0,91.052,-34.941,0.745,2.043,108.196,79.422,167.388,0.672,1.012,39.472,2.957,130.102,0.585,temp_g6_07_0001,run1_g9_g9_18,single-objective/run1/g9/g9_18.pdb.sc
-155.933,-0.645,59.433,2.469,95.101,3.951,1215.991,2407.156,1191.165,32.0,-1.995,-1327.618,257.231,-291.816,1.96,32.207,301.032,777.39,-0.046,-32.107,-49.521,-20.556,-51.523,7.0,-33.429,269.0,83.0,92.414,-45.788,0.768,0.602,1.946,58.96,174.685,0.677,1.327,51.765,-0.041,-1.821,0.597,g0_00_0001,run1_g9_g9_19,single-objective/run1/g9/g9_19.pdb.sc
34.469,0.051,38.373,1.585,67.628,2.793,1247.171,2421.025,1173.854,32.0,-1.995,-1301.304,253.39,-287.994,1.923,32.544,343.653,766.881,-0.052,-32.107,-48.639,-19.596,-51.523,5.0,-32.465,269.0,83.0,91.052,-34.941,0.745,2.043,108.196,79.422,167.388,0.672,1.012,39.472,2.957,130.102,0.585,temp_g6_07_0001,run1_g9_g9_2,single-objective/run1/g9/g9_2.pdb.sc
47.0,0.1,49.28,2.033,77.525,3.198,1257.271,2424.318,1167.048,29.0,-1.995,-1306.609,254.059,-288.79,1.925,32.583,353.215,772.107,-0.043,-32.107,-48.639,-19.925,-51.523,6.0,-32.477,269.0,83.0,91.097,-32.843,0.685,2.204,108.196,81.842,166.3,0.663,1.12,43.687,3.164,139.213,0.585,temp_g4_04_0001,run1_g9_g9_20,single-objective/run1/g9/g9_20.pdb.sc
47.0,0.1,49.28,2.033,77.525,3.198,1257.271,2424.318,1167.048,29.0,-1.995,-1306.609,254.059,-288.79,1.925,32.583,353.215,772.107,-0.043,-32.107,-48.639,-19.925,-51.523,6.0,-32.477,269.0,83.0,91.097,-32.843,0.685,2.204,108.196,81.842,166.3,0.663,1.12,43.687,3.164,139.213,0.585,temp_g4_04_0001,run1_g9_g9_21,single-objective/run1/g9/g9_21.pdb.sc
181.582,0.6,39.93,1.681,73.211,3.082,1279.206,2375.63,1096.424,31.0,-1.995,-1287.366,247.909,-271.683,1.901,31.338,325.204,743.822,-0.056,-29.622,-49.499,-17.969,-51.523,6.0,-31.964,269.0,83.0,90.781,-29.389,0.7,3.839,244.954,93.719,172.387,0.649,1.016,39.634,6.342,279.042,0.576,temp_g8_01_0001,run1_g9_g9_22,single-objective/run1/g9/g9_22.pdb.sc
-141.016,-0.589,55.703,2.304,99.903,4.133,1234.19,2417.461,1183.271,32.0,-1.995,-1315.473,248.765,-281.536,1.934,31.632,308.727,762.286,-0.044,-30.764,-49.521,-18.6,-51.523,7.0,-32.325,269.0,83.0,92.414,-44.949,0.695,0.753,1.946,59.048,178.323,0.663,1.28,49.932,0.286,12.57,0.596,temp_g5_18_0001,run1_g9_g9_23,single-objective/run1/g9/g9_23.pdb.sc
-80.606,-0.393,37.675,1.55,69.111,2.844,1235.277,2430.357,1195.081,34.0,-1.995,-1292.732,245.876,-285.066,1.978,31.782,324.13,756.396,-0.059,-32.107,-48.639,-16.971,-51.523,6.0,-31.542,269.0,83.0,93.634,-36.952,0.728,1.288,18.397,68.639,175.505,0.637,0.983,38.332,1.558,68.541,0.585,temp_g9_10_0001,run1_g9_g9_24,single-objective/run1/g9/g9_24.pdb.sc
259.452,0.784,54.409,2.354,78.319,3.389,1190.412,2311.054,1120.641,31.0,-1.995,-1299.378,253.712,-288.003,1.906,32.461,532.45,770.996,-0.045,-32.107,-48.639,-19.778,-51.523,5.0,-32.203,269.0,83.0,91.514,-33.099,0.674,4.424,125.905,93.388,163.269,0.663,1.209,47.148,7.274,320.058,0.576,temp_g7_01_0001,run1_g9_g9_3,single-objective/run1/g9/g9_3.pdb.sc
106.145,0.098,174.915,7.341,224.091,9.405,1232.45,2382.555,1150.105,32.0,-1.995,-1320.521,248.936,-283.288,1.926,32.089,551.251,761.455,-0.02,-30.764,-49.521,-18.6,-51.523,7.0,-31.837,269.0,83.0,92.557,-40.458,0.706,2.986,1.946,64.497,179.408,0.649,2.948,114.976,3.02,132.865,0.588,temp_g8_10_0001,run1_g9_g9_4,single-objective/run1/g9/g9_4.pdb.sc
252.329,0.865,43.495,1.796,69.026,2.85,1264.239,2422.314,1158.075,29.0,-1.995,-1301.477,250.587,-276.267,1.921,32.032,382.586,756.451,-0.048,-29.622,-48.639,-19.925,-51.523,6.0,-31.733,269.0,83.0,90.881,-25.147,0.671,4.672,261.405,94.318,167.891,0.647,1.046,40.795,7.886,346.991,0.585,temp_g5_14_0001,run1_g9_g9_5,single-objective/run1/g9/g9_5.pdb.sc
43.358,0.08,33.17,1.377,68.808,2.856,1239.418,2409.506,1170.088,36.0,-1.995,-1297.757,251.493,-271.54,1.917,32.098,342.53,750.648,-0.059,-29.622,-48.639,-17.64,-51.523,6.0,-32.656,269.0,83.0,91.052,-33.432,0.693,2.136,108.196,80.454,169.188,0.684,0.96,37.455,3.177,139.8,0.585,temp_g8_06_0001,run1_g9_g9_6,single-objective/run1/g9/g9_6.pdb.sc
-134.107,-0.558,53.2,2.206,91.458,3.792,1286.55,2411.572,1125.021,34.0,-1.995,-1331.161,259.696,-285.276,1.983,31.758,320.921,770.673,-0.055,-32.673,-49.521,-16.971,-51.523,9.0,-33.78,269.0,83.0,92.167,-45.619,0.68,0.715,1.946,58.415,176.267,0.699,1.266,49.363,0.227,9.987,0.588,temp_g7_17_0001,run1_g9_g9_7,single-objective/run1/g9/g9_7.pdb.sc
34.469,0.051,38.373,1.585,67.628,2.793,1247.171,2421.025,1173.854,32.0,-1.995,-1301.304,253.39,-287.994,1.923,32.544,343.653,766.881,-0.052,-32.107,-48.639,-19.596,-51.523,5.0,-32.465,269.0,83.0,91.052,-34.941,0.745,2.043,108.196,79.422,167.388,0.672,1.012,39.472,2.957,130.102,0.585,temp_g6_07_0001,run1_g9_g9_8,single-objective/run1/g9/g9_8.pdb.sc
34.469,0.051,38.373,1.585,67.628,2.793,1247.171,2421.025,1173.854,32.0,-1.995,-1301.304,253.39,-287.994,1.923,32.544,343.653,766.881,-0.052,-32.107,-48.639,-19.596,-51.523,5.0,-32.465,269.0,83.0,91.052,-34.941,0.745,2.043,108.196,79.422,167.388,0.672,1.012,39.472,2.957,130.102,0.585,temp_g6_07_0001,run1_g9_g9_9,single-objective/run1/g9/g9_9.pdb.sc
-155.933,-0.645,59.433,2.469,95.889,3.984,1215.991,2407.156,1191.165,32.0,-1.995,-1327.618,257.231,-291.816,1.96,32.207,301.032,777.39,-0.046,-32.107,-49.521,-20.556,-51.523,7.0,-33.429,269.0,83.0,92.414,-45.788,0.73,0.602,1.946,58.96,174.685,0.677,1.327,51.765,-0.041,-1.821,0.597,g0_00_0001,run2_g0_g0_00,single-objective/run2/g0/g0_00.pdb.sc
20.639,0.011,210.638,8.636,263.672,10.811,1262.23,2438.996,1176.766,38.0,-1.995,-1324.695,257.83,-289.511,2.167,32.331,471.657,772.285,-0.017,-32.107,-49.521,-18.927,-51.523,7.0,-33.636,269.0,83.0,92.614,-44.211,0.69,2.706,1.946,60.225,175.127,0.653,3.273,127.631,2.203,96.934,0.585,g0_01_0001,run2_g0_g0_01,single-objective/run2/g0/g0_01.pdb.sc
2.583,-0.052,206.465,8.537,247.434,10.231,1238.004,2418.387,1180.384,36.0,-1.995,-1316.165,252.159,-288.816,1.99,31.621,458.235,761.326,-0.017,-32.107,-49.521,-19.16,-51.523,6.0,-33.172,269.0,83.0,92.414,-44.359,0.705,2.524,1.946,60.049,179.066,0.675,3.136,122.303,1.982,87.194,0.597,g0_02_0001,run2_g0_g0_02,single-objective/run2/g0/g0_02.pdb.sc
168.475,0.561,106.063,4.41,134.402,5.589,1233.819,2404.849,1171.031,36.0,-1.995,-1334.246,260.423,-291.674,1.948,32.748,621.774,781.18,-0.033,-32.107,-49.521,-20.556,-51.523,7.0,-33.934,269.0,83.0,92.363,-45.202,0.719,2.968,1.946,59.906,176.361,0.67,1.919,74.839,3.899,171.545,0.585,g0_03_0001,run2_g0_g0_03,single-objective/run2/g0/g0_03.pdb.sc
135.925,0.428,109.218,4.53,148.07,6.141,1278.058,2411.013,1132.955,33.0,-1.995,-1328.537,255.768,-284.115,1.935,31.424,423.998,769.582,-0.03,-32.189,-49.521,-18.6,-50.988,8.0,-32.625,269.0,83.0,92.675,-41.634,0.692,3.105,156.168,70.161,173.822,0.703,1.968,76.757,4.112,180.925,0.597,g0_04_0001,run2_g0_g0_04,single-objective/run2/g0/g0_04.pdb.sc
2.576,-0.047,203.642,8.456,245.037,10.174,1256.8,2408.386,1151.586,35.0,-1.995,-1313.138,256.521,-292.795,1.984,32.059,448.316,773.047,-0.014,-32.107,-49.521,-20.556,-51.523,5.0,-33.121,269.0,83.0,92.363,-44.667,0.73,2.539,1.946,60.729,174.446,0.668,3.114,121.452,2.029,89.254,0.588,g0_05_0001,run2_g0_g0_05,single-objective/run2/g0/g0_05.pdb.sc
678.543,0.881,448.747,18.57,490.157,20.284,1184.107,2416.465,1232.358,37.0,-1.995,-1333.544,259.363,-287.232,1.945,32.326,1127.459,783.125,-0.009,-29.622,-49.521,-20.556,-51.523,7.0,-34.782,269.0,84.0,92.829,-45.042,0.709,5.473,1.946,59.029,173.749,0.636,6.137,245.491,4.869,214.254,0.588,g0_06_0001,run2_g0_g0_06,single-objective/run2/g0/g0_06.pdb.sc
-159.848,-0.661,57.175,2.374,91.49,3.799,1233.708,2408.036,1174.328,29.0,-1.995,-1319.764,252.203,-290.97,1.951,31.418,298.102,770.925,-0.042,-32.107,-49.521,-18.817,-51.523,6.0,-33.803,269.0,83.0,92.414,-46.017,0.72,0.558,1.946,59.207,175.908,0.685,1.301,50.729,-0.101,-4.433,0.597,g0_07_0001,run2_g0_g0_07,single-objective/run2/g0/g0_07.pdb.sc
-154.059,-0.618,61.157,2.594,94.389,4.003,1186.691,2357.753,1171.062,32.0,-1.995,-1313.135,255.735,-293.708,1.91,32.497,287.424,779.345,-0.032,-32.107,-49.521,-20.556,-51.523,6.0,-33.246,269.0,83.0,92.363,-45.333,0.712,0.671,1.946,60.1,175.156,0.663,1.345,52.436,0.073,3.228,0.588,g0_08_0001,run2_g0_g0_08,single-objective/run2/g0/g0_08.pdb.sc
-78.991,-0.691,53.109,2.176,84.888,3.477,1226.251,2441.077,1214.826,31.0,-1.995,-1329.862,257.58,-285.717,1.969,32.367,372.657,782.256,-0.032,-32.107,-49.521,-20.227,-51.523,5.0,-32.788,269.0,83.0,92.368,-47.916,0.725,0.449,1.946,57.021,173.906,0.683,1.201,46.852,-0.218,-9.61,0.597,g0_09_0001,run2_g0_g0_09,single-objective/run2/g0/g0_09.pdb.sc
47.721,-0.299,132.949,5.506,169.765,7.03,1245.028,2414.7,1169.672,30.0,-1.995,-1324.818,254.243,-281.725,1.956,31.626,503.126,761.184,-0.024,-30.764,-49.521,-20.227,-51.523,6.0,-33.579,269.0,84.0,92.829,-45.255,0.686,1.686,1.946,60.943,178.682,0.673,2.205,88.214,1.214,53.4,0.597,g0_10_0001,run2_g0_g0_10,single-objective/run2/g0/g0_10.pdb.sc
843.714,2.308,841.606,34.989,885.128,36.799,1245.377,2405.333,1159.956,37.0,-1.995,-1335.519,256.335,-282.101,1.952,32.345,1287.418,785.515,-0.004,-32.107,-49.521,-18.6,-51.523,5.0,-33.813,269.0,85.0,91.987,-44.018,0.727,9.965,1.946,60.621,174.196,0.634,10.98,450.19,9.019,396.853,0.597,g0_11_0001,run2_g0_g0_11,single-objective/run2/g0/g0_11.pdb.sc
33.989,0.055,205.415,8.5,247.218,10.23,1219.049,2416.52,1197.47,34.0,-1.995,-1320.661,256.49,-292.032,2.016,32.022,479.036,772.62,-0.017,-32.107,-49.521,-18.927,-51.523,6.0,-32.905,269.0,83.0,92.167,-43.539,0.741,2.682,1.946,61.353,178.952,0.672,3.123,121.789,2.291,100.796,0.596,g0_12_0001,run2_g0_g0_12,single-objective/run2/g0/g0_12.pdb.sc
-106.016,-0.456,102.408,4.205,140.033,5.751,1231.672,2435.111,1203.439,34.0,-1.995,-1318.774,254.345,-289.063,1.943,32.406,342.546,773.398,-0.032,-32.107,-49.521,-20.556,-51.523,7.0,-32.697,269.0,83.0,92.414,-44.415,0.724,1.185,1.946,59.614,175.427,0.683,1.878,73.248,0.571,25.128,0.596,g0_13_0001,run2_g0_g0_13,single-objective/run2/g0/g0_13.pdb.sc
46.086,-0.309,140.519,5.925,174.358,7.352,1224.106,2371.516,1147.41,26.0,-1.995,-1321.781,250.6,-287.006,1.942,30.99,507.564,764.853,-0.022,-32.107,-49.521,-16.861,-51.523,6.0,-33.78,269.0,84.0,92.829,-46.29,0.667,1.656,1.946,57.95,177.681,0.666,2.303,92.118,1.068,46.989,0.597,g0_14_0001,run2_g0_g0_14,single-objective/run2/g0/g0_14.pdb.sc
-148.88,-0.613,64.402,2.686,100.103,4.175,1200.73,2397.634,1196.904,35.0,-1.995,-1322.658,254.608,-286.72,1.933,32.271,301.919,772.228,-0.044,-32.107,-49.521,-17.531,-51.523,7.0,-35.186,269.0,83.0,92.414,-44.58,0.715,0.674,1.946,59.789,175.248,0.665,1.385,54.005,0.044,1.918,0.585,g0_15_0001,run2_g0_g0_15,single-objective/run2/g0/g0_15.pdb.sc
224.025,-0.024,178.174,7.536,248.723,10.52,1180.36,2364.206,1183.846,33.0,-1.995,-1329.263,260.279,-291.31,1.967,32.709,674.67,780.855,-0.012,-32.107,-49.521,-18.927,-51.523,6.0,-34.067,269.0,84.0,92.583,-45.932,0.697,2.518,1.946,58.868,174.205,0.653,2.747,109.877,2.309,101.603,0.588,g0_16_0001,run2_g0_g0_16,single-objective/run2/g0/g0_16.pdb.sc
125.772,0.363,67.332,2.771,356.918,14.688,1216.111,2430.001,1213.89,33.0,-1.995,-1329.323,257.983,-293.106,1.958,32.526,576.061,783.815,-0.014,-32.107,-49.521,-20.894,-51.523,8.0,-33.08,269.0,83.0,92.414,-45.155,0.714,3.832,1.946,59.507,175.67,0.677,1.421,55.412,5.968,262.607,0.596,g0_17_0001,run2_g0_g0_17,single-objective/run2/g0/g0_17.pdb.sc
943.873,2.192,731.409,29.312,842.189,33.752,1204.89,2495.237,1290.347,38.0,-1.995,-1355.263,266.001,-293.745,1.976,32.973,1375.889,821.094,-0.005,-32.109,-49.521,-20.556,-51.523,7.0,-33.009,269.0,86.0,92.402,-44.602,0.713,9.486,1.946,63.897,169.422,0.627,9.283,389.866,9.68,425.931,0.597,g0_18_0001,run2_g0_g0_18,single-objective/run2/g0/g0_18.pdb.sc
840.993,2.725,121.408,5.075,877.927,36.7,1213.906,2392.179,1178.273,39.0,-1.995,-1349.517,262.052,-279.757,1.978,33.555,1268.0,798.1,-0.005,-29.622,-49.521,-20.556,-51.523,7.0,-31.713,269.0,83.0,92.557,-40.092,0.73,11.516,1.946,65.298,171.219,0.67,2.238,87.279,19.739,868.529,0.585,g0_19_0001,run2_g0_g0_19,single-objective/run2/g0/g0_19.pdb.sc
548.078,1.467,538.579,23.095,577.692,24.773,1175.952,2331.987,1156.035,28.0,-1.995,-1326.587,259.396,-289.249,1.983,32.064,975.07,791.041,-0.008,-32.107,-49.521,-20.556,-51.523,7.0,-32.937,269.0,83.0,92.557,-40.827,0.647,7.453,1.946,63.88,174.856,0.61,7.353,286.748,7.541,331.811,0.588,g0_20_0001,run2_g0_g0_20,single-objective/run2/g0/g0_20.pdb.sc
28.766,-0.208,92.505,3.833,152.837,6.334,1244.485,2413.102,1168.616,31.0,-1.995,-1317.304,249.386,-285.466,1.948,31.638,472.651,763.405,-0.029,-32.107,-49.521,-18.6,-51.523,7.0,-31.78,269.0,83.0,92.615,-40.831,0.705,2.008,1.946,63.923,179.784,0.684,1.868,72.866,2.132,93.815,0.597,g0_21_0001,run2_g0_g0_21,single-objective/run2/g0/g0_21.pdb.sc
1503.885,3.477,885.61,36.563,928.047,38.315,1260.751,2422.13,1161.38,39.0,-1.995,-1345.99,260.112,-284.76,1.973,33.049,1716.597,790.87,-0.004,-32.107,-49.064,-20.227,-51.523,4.0,-34.127,269.0,85.0,91.987,-40.33,0.737,13.667,231.137,67.251,170.444,0.619,11.461,469.895,15.722,691.784,0.588,g0_22_0001,run2_g0_g0_22,single-objective/run2/g0/g0_22.pdb.sc
-72.01,-0.339,138.689,5.668,169.442,6.925,1246.222,2446.878,1200.656,31.0,-1.995,-1316.128,257.332,-291.85,1.979,31.99,372.117,774.838,-0.02,-32.107,-49.521,-18.927,-51.523,6.0,-32.684,269.0,83.0,92.167,-45.493,0.643,1.538,1.946,59.144,176.109,0.644,2.265,88.317,0.894,39.356,0.597,g0_23_0001,run2_g0_g0_23,single-objective/run2/g0/g0_23.pdb.sc
-95.713,-0.442,107.71,4.494,140.175,5.849,1221.085,2396.591,1175.507,33.0,-1.995,-1329.979,257.703,-294.689,1.959,32.294,360.233,776.223,-0.029,-32.107,-49.521,-20.227,-51.523,6.0,-32.639,269.0,83.0,92.414,-45.495,0.717,1.255,1.946,61.673,177.424,0.658,1.875,73.11,0.706,31.064,0.597,g0_24_0001,run2_g0_g0_24,single-objective/run2/g0/g0_24.pdb.sc
-78.991,-0.691,53.109,2.176,84.888,3.477,1226.251,2441.077,1214.826,31.0,-1.995,-1329.862,257.58,-285.717,1.969,32.367,372.657,782.256,-0.032,-32.107,-49.521,-20.227,-51.523,5.0,-32.788,269.0,83.0,92.368,-47.916,0.725,0.449,1.946,57.021,173.906,0.683,1.201,46.852,-0.218,-9.61,0.597,g0_09_0001,run2_g1_g1_0,single-objective/run2/g1/g1_0.pdb.sc
-155.933,-0.645,59.433,2.469,95.889,3.984,1215.991,2407.156,1191.165,32.0,-1.995,-1327.618,257.231,-291.816,1.96,32.207,301.032,777.39,-0.046,-32.107,-49.521,-20.556,-51.523,7.0,-33.429,269.0,83.0,92.414,-45.788,0.73,0.602,1.946,58.96,174.685,0.677,1.327,51.765,-0.041,-1.821,0.597,g0_00_0001,run2_g1_g1_1,single-objective/run2/g1/g1_1.pdb.sc
-95.713,-0.442,107.71,4.494,140.175,5.849,1221.085,2396.591,1175.507,33.0,-1.995,-1329.979,257.703,-294.689,1.959,32.294,360.233,776.223,-0.029,-32.107,-49.521,-20.227,-51.523,6.0,-32.639,269.0,83.0,92.414,-45.495,0.717,1.255,1.946,61.673,177.424,0.658,1.875,73.11,0.706,31.064,0.597,g0_24_0001,run2_g1_g1_10,single-objective/run2/g1/g1_10.pdb.sc
-148.88,-0.613,64.402,2.686,100.103,4.175,1200.73,2397.634,1196.904,35.0,-1.995,-1322.658,254.608,-286.72,1.933,32.271,301.919,772.228,-0.044,-32.107,-49.521,-17.531,-51.523,7.0,-35.186,269.0,83.0,92.414,-44.58,0.715,0.674,1.946,59.789,175.248,0.665,1.385,54.005,0.044,1.918,0.585,g0_15_0001,run2_g1_g1_11,single-objective/run2/g1/g1_11.pdb.sc
20.639,0.011,210.638,8.636,263.672,10.811,1262.23,2438.996,1176.766,38.0,-1.995,-1324.695,257.83,-289.511,2.167,32.331,471.657,772.285,-0.017,-32.107,-49.521,-18.927,-51.523,7.0,-33.636,269.0,83.0,92.614,-44.211,0.69,2.706,1.946,60.225,175.127,0.653,3.273,127.631,2.203,96.934,0.585,g0_01_0001,run2_g1_g1_12,single-objective/run2/g1/g1_12.pdb.sc
-154.059,-0.618,61.157,2.594,94.389,4.003,1186.691,2357.753,1171.062,32.0,-1.995,-1313.135,255.735,-293.708,1.91,32.497,287.424,779.345,-0.032,-32.107,-49.521,-20.556,-51.523,6.0,-33.246,269.0,83.0,92.363,-45.333,0.712,0.671,1.946,60.1,175.156,0.663,1.345,52.436,0.073,3.228,0.588,g0_08_0001,run2_g1_g1_13,single-objective/run2/g1/g1_13.pdb.sc
242.313,0.169,175.662,7.309,233.521,9.716,1228.838,2403.372,1174.535,31.0,-1.995,-1329.705,256.513,-279.197,1.959,31.827,679.214,769.72,-0.014,-30.764,-49.521,-18.598,-51.523,6.0,-34.068,269.0,84.0,92.726,-40.76,0.698,3.131,1.946,65.754,178.202,0.652,2.811,112.421,3.423,150.609,0.585,temp_g1_10_0001,run2_g1_g1_14,single-objective/run2/g1/g1_14.pdb.sc
697.137,1.718,406.788,16.828,438.386,18.135,1277.692,2417.285,1139.594,33.0,-1.995,-1339.934,259.755,-291.846,1.951,32.709,1157.296,773.432,-0.007,-32.107,-49.521,-20.227,-51.523,4.0,-34.153,269.0,86.0,92.352,-43.581,0.726,6.526,1.946,62.97,179.028,0.658,5.402,226.864,7.599,334.356,0.585,temp_g1_03_0001,run2_g1_g1_15,single-objective/run2/g1/g1_15.pdb.sc
217.12,-0.05,167.822,7.153,238.516,10.167,1204.882,2346.035,1141.152,33.0,-1.995,-1320.77,254.959,-293.32,1.963,32.112,667.402,774.662,-0.016,-32.107,-49.521,-17.189,-51.523,6.0,-32.97,269.0,84.0,92.686,-45.855,0.733,2.427,1.946,58.901,177.152,0.659,2.637,105.497,2.235,98.353,0.588,temp_g1_16_0001,run2_g1_g1_16,single-objective/run2/g1/g1_16.pdb.sc
367.847,0.412,338.424,14.496,377.164,16.156,1145.448,2334.566,1189.118,30.0,-1.995,-1316.497,252.559,-280.389,1.925,31.269,803.923,781.313,-0.008,-32.107,-49.521,-16.861,-51.523,4.0,-35.259,269.0,85.0,91.987,-45.035,0.674,3.975,1.946,60.052,171.472,0.654,4.867,199.558,3.144,138.32,0.588,temp_g1_07_0001,run2_g1_g1_17,single-objective/run2/g1/g1_17.pdb.sc
651.424,1.438,242.204,10.024,385.548,15.957,1270.188,2416.122,1145.934,36.0,-1.995,-1336.137,258.401,-277.29,1.941,32.273,926.232,778.306,-0.012,-29.704,-49.521,-16.971,-50.988,8.0,-31.992,269.0,84.0,93.091,-41.501,0.696,6.271,156.168,69.801,170.714,0.689,3.555,142.182,8.741,384.599,0.597,temp_g1_04_0001,run2_g1_g1_18,single-objective/run2/g1/g1_18.pdb.sc
46.086,-0.309,140.519,5.925,174.358,7.352,1224.106,2371.516,1147.41,26.0,-1.995,-1321.781,250.6,-287.006,1.942,30.99,507.564,764.853,-0.022,-32.107,-49.521,-16.861,-51.523,6.0,-33.78,269.0,84.0,92.829,-46.29,0.667,1.656,1.946,57.95,177.681,0.666,2.303,92.118,1.068,46.989,0.597,g0_14_0001,run2_g1_g1_19,single-objective/run2/g1/g1_19.pdb.sc
168.475,0.561,106.063,4.41,134.402,5.589,1233.819,2404.849,1171.031,36.0,-1.995,-1334.246,260.423,-291.674,1.948,32.748,621.774,781.18,-0.033,-32.107,-49.521,-20.556,-51.523,7.0,-33.934,269.0,83.0,92.363,-45.202,0.719,2.968,1.946,59.906,176.361,0.67,1.919,74.839,3.899,171.545,0.585,g0_03_0001,run2_g1_g1_2,single-objective/run2/g1/g1_2.pdb.sc
1.019,-0.051,199.852,8.409,236.249,9.94,1262.506,2376.656,1114.149,29.0,-1.995,-1305.772,249.583,-287.76,1.967,30.87,445.51,760.178,-0.012,-32.107,-49.521,-16.533,-51.523,5.0,-33.606,269.0,83.0,92.363,-44.403,0.743,2.525,1.946,62.877,178.357,0.657,3.07,119.714,2.043,89.885,0.588,temp_g1_05_0001,run2_g1_g1_20,single-objective/run2/g1/g1_20.pdb.sc
151.671,0.174,109.035,4.533,233.908,9.724,1263.313,2405.498,1142.185,35.0,-1.995,-1316.526,249.454,-277.853,1.957,31.884,582.125,762.513,-0.016,-29.622,-49.521,-15.233,-51.523,6.0,-30.829,269.0,83.0,92.615,-40.486,0.693,3.219,1.946,63.778,178.39,0.675,2.08,81.128,4.229,186.072,0.597,temp_g1_21_0001,run2_g1_g1_21,single-objective/run2/g1/g1_21.pdb.sc
-106.016,-0.456,102.408,4.205,140.033,5.751,1231.672,2435.111,1203.439,34.0,-1.995,-1318.774,254.345,-289.063,1.943,32.406,342.546,773.398,-0.032,-32.107,-49.521,-20.556,-51.523,7.0,-32.697,269.0,83.0,92.414,-44.415,0.724,1.185,1.946,59.614,175.427,0.683,1.878,73.248,0.571,25.128,0.596,g0_13_0001,run2_g1_g1_22,single-objective/run2/g1/g1_22.pdb.sc
135.925,0.428,109.218,4.53,148.07,6.141,1278.058,2411.013,1132.955,33.0,-1.995,-1328.537,255.768,-284.115,1.935,31.424,423.998,769.582,-0.03,-32.189,-49.521,-18.6,-50.988,8.0,-32.625,269.0,83.0,92.675,-41.634,0.692,3.105,156.168,70.161,173.822,0.703,1.968,76.757,4.112,180.925,0.597,g0_04_0001,run2_g1_g1_23,single-objective/run2/g1/g1_23.pdb.sc
-155.933,-0.645,59.433,2.469,95.889,3.984,1215.991,2407.156,1191.165,32.0,-1.995,-1327.618,257.231,-291.816,1.96,32.207,301.032,777.39,-0.046,-32.107,-49.521,-20.556,-51.523,7.0,-33.429,269.0,83.0,92.414,-45.788,0.73,0.602,1.946,58.96,174.685,0.677,1.327,51.765,-0.041,-1.821,0.597,g0_00_0001,run2_g1_g1_24,single-objective/run2/g1/g1_24.pdb.sc
-72.01,-0.339,138.689,5.668,169.442,6.925,1246.222,2446.878,1200.656,31.0,-1.995,-1316.128,257.332,-291.85,1.979,31.99,372.117,774.838,-0.02,-32.107,-49.521,-18.927,-51.523,6.0,-32.684,269.0,83.0,92.167,-45.493,0.643,1.538,1.946,59.144,176.109,0.644,2.265,88.317,0.894,39.356,0.597,g0_23_0001,run2_g1_g1_3,single-objective/run2/g1/g1_3.pdb.sc
224.025,-0.024,178.174,7.536,248.723,10.52,1180.36,2364.206,1183.846,33.0,-1.995,-1329.263,260.279,-291.31,1.967,32.709,674.67,780.855,-0.012,-32.107,-49.521,-18.927,-51.523,6.0,-34.067,269.0,84.0,92.583,-45.932,0.697,2.518,1.946,58.868,174.205,0.653,2.747,109.877,2.309,101.603,0.588,g0_16_0001,run2_g1_g1_4,single-objective/run2/g1/g1_4.pdb.sc
-94.892,-0.415,102.036,4.19,135.45,5.563,1251.915,2434.993,1183.078,33.0,-1.995,-1305.466,249.205,-277.472,1.937,31.767,338.739,754.044,-0.027,-29.622,-49.521,-20.556,-51.523,7.0,-32.234,269.0,83.0,92.391,-41.512,0.651,1.312,1.946,63.311,181.073,0.66,1.875,73.116,0.814,35.8,0.596,temp_g1_13_0001,run2_g1_g1_5,single-objective/run2/g1/g1_5.pdb.sc
2.583,-0.052,206.465,8.537,247.434,10.231,1238.004,2418.387,1180.384,36.0,-1.995,-1316.165,252.159,-288.816,1.99,31.621,458.235,761.326,-0.017,-32.107,-49.521,-19.16,-51.523,6.0,-33.172,269.0,83.0,92.414,-44.359,0.705,2.524,1.946,60.049,179.066,0.675,3.136,122.303,1.982,87.194,0.597,g0_02_0001,run2_g1_g1_6,single-objective/run2/g1/g1_6.pdb.sc
47.721,-0.299,132.949,5.506,169.765,7.03,1245.028,2414.7,1169.672,30.0,-1.995,-1324.818,254.243,-281.725,1.956,31.626,503.126,761.184,-0.024,-30.764,-49.521,-20.227,-51.523,6.0,-33.579,269.0,84.0,92.829,-45.255,0.686,1.686,1.946,60.943,178.682,0.673,2.205,88.214,1.214,53.4,0.597,g0_10_0001,run2_g1_g1_7,single-objective/run2/g1/g1_7.pdb.sc
-164.732,-0.671,49.951,2.143,84.981,3.645,1199.196,2331.226,1132.03,30.0,-1.995,-1314.441,248.378,-285.137,1.939,31.735,289.944,758.447,-0.052,-32.107,-49.521,-18.6,-51.523,7.0,-32.503,269.0,83.0,93.21,-45.092,0.707,0.522,1.946,60.377,179.616,0.669,1.222,47.648,-0.099,-4.351,0.597,temp_g1_00_0001,run2_g1_g1_8,single-objective/run2/g1/g1_8.pdb.sc
-92.136,-0.67,48.396,1.971,81.215,3.308,1267.396,2455.4,1188.003,39.0,-1.995,-1312.779,253.31,-272.77,1.954,31.338,351.579,756.306,-0.043,-29.622,-49.521,-18.271,-51.523,5.0,-33.958,269.0,83.0,92.326,-46.507,0.69,0.525,1.946,58.596,176.866,0.663,1.169,45.579,-0.045,-1.985,0.588,temp_g1_09_0001,run2_g1_g1_9,single-objective/run2/g1/g1_9.pdb.sc
55.744,-0.329,126.087,5.48,22.587,0.982,1181.539,2301.022,1119.483,37.0,-1.995,-1305.663,250.78,-273.293,1.917,30.958,492.625,756.399,-0.169,-30.764,-49.521,-16.861,-51.523,6.0,-33.246,269.0,83.0,92.414,-44.732,0.712,1.638,1.946,58.748,176.97,0.688,2.215,86.398,1.127,49.593,0.588,temp_g9_04_0001,run2_g10_g10_0,single-objective/run2/g10/g10_0.pdb.sc
65.268,-0.296,129.156,5.635,26.274,1.146,1167.268,2292.152,1124.884,37.0,-1.995,-1302.463,250.784,-273.909,1.902,30.918,491.153,764.18,-0.146,-30.764,-49.521,-16.861,-51.523,6.0,-33.028,269.0,83.0,92.414,-43.78,0.673,1.719,1.946,59.939,175.289,0.67,2.237,87.252,1.259,55.399,0.588,temp_g5_16_0001,run2_g10_g10_1,single-objective/run2/g10/g10_1.pdb.sc
65.268,-0.296,129.156,5.635,26.274,1.146,1167.268,2292.152,1124.884,37.0,-1.995,-1302.463,250.784,-273.909,1.902,30.918,491.153,764.18,-0.146,-30.764,-49.521,-16.861,-51.523,6.0,-33.028,269.0,83.0,92.414,-43.78,0.673,1.719,1.946,59.939,175.289,0.67,2.237,87.252,1.259,55.399,0.588,temp_g5_16_0001,run2_g10_g10_10,single-objective/run2/g10/g10_10.pdb.sc
65.268,-0.296,129.156,5.635,26.274,1.146,1167.268,2292.152,1124.884,37.0,-1.995,-1302.463,250.784,-273.909,1.902,30.918,491.153,764.18,-0.146,-30.764,-49.521,-16.861,-51.523,6.0,-33.028,269.0,83.0,92.414,-43.78,0.673,1.719,1.946,59.939,175.289,0.67,2.237,87.252,1.259,55.399,0.588,temp_g5_16_0001,run2_g10_g10_11,single-objective/run2/g10/g10_11.pdb.sc
61.922,-0.308,131.351,5.73,26.318,1.148,1167.268,2292.152,1124.884,35.0,-1.995,-1309.919,252.381,-273.7,1.924,31.097,494.587,762.128,-0.117,-30.764,-49.521,-16.861,-51.523,6.0,-33.019,269.0,83.0,92.414,-44.229,0.708,1.709,1.946,59.593,176.797,0.665,2.265,88.345,1.216,53.525,0.588,temp_g8_00_0001,run2_g10_g10_12,single-objective/run2/g10/g10_12.pdb.sc
55.744,-0.329,126.087,5.48,22.587,0.982,1181.539,2301.022,1119.483,37.0,-1.995,-1305.663,250.78,-273.293,1.917,30.958,492.625,756.399,-0.169,-30.764,-49.521,-16.861,-51.523,6.0,-33.246,269.0,83.0,92.414,-44.732,0.712,1.638,1.946,58.748,176.97,0.688,2.215,86.398,1.127,49.593,0.588,temp_g9_04_0001,run2_g10_g10_13,single-objective/run2/g10/g10_13.pdb.sc
65.268,-0.296,129.156,5.635,26.274,1.146,1167.268,2292.152,1124.884,37.0,-1.995,-1302.463,250.784,-273.909,1.902,30.918,491.153,764.18,-0.146,-30.764,-49.521,-16.861,-51.523,6.0,-33.028,269.0,83.0,92.414,-43.78,0.673,1.719,1.946,59.939,175.289,0.67,2.237,87.252,1.259,55.399,0.588,temp_g5_16_0001,run2_g10_g10_14,single-objective/run2/g10/g10_14.pdb.sc
57.964,-0.311,126.036,5.525,25.012,1.096,1191.171,2281.28,1090.109,36.0,-1.995,-1295.259,244.333,-273.501,1.897,30.748,488.744,752.958,-0.153,-30.764,-49.521,-16.861,-51.523,6.0,-31.737,269.0,83.0,92.414,-43.761,0.684,1.668,1.946,59.921,179.338,0.663,2.214,86.349,1.183,52.054,0.588,temp_g10_22_0001,run2_g10_g10_15,single-objective/run2/g10/g10_15.pdb.sc
-84.338,-0.636,48.643,1.974,81.379,3.302,1297.373,2464.252,1166.879,34.0,-1.995,-1308.117,249.303,-272.866,1.938,31.223,354.169,756.314,-0.043,-29.622,-49.521,-18.271,-51.523,5.0,-33.462,269.0,83.0,92.326,-45.53,0.644,0.59,1.946,59.223,179.539,0.667,1.202,46.887,0.048,2.099,0.588,temp_g5_00_0001,run2_g10_g10_16,single-objective/run2/g10/g10_16.pdb.sc
-92.937,-0.676,41.106,1.681,74.505,3.047,1223.457,2445.1,1221.643,35.0,-1.995,-1282.742,253.979,-272.949,1.916,31.536,325.46,753.995,-0.055,-29.622,-49.521,-17.64,-51.523,6.0,-32.972,269.0,83.0,92.326,-46.373,0.666,0.451,1.946,58.67,171.994,0.631,0.989,38.583,-0.027,-1.178,0.577,temp_g8_20_0001,run2_g10_g10_17,single-objective/run2/g10/g10_17.pdb.sc
261.495,0.436,102.317,4.486,-2.889,-0.127,1219.243,2281.003,1061.76,35.0,-1.995,-1300.665,245.689,-274.777,1.895,29.978,541.202,751.14,1.324,-30.764,-49.521,-16.861,-50.988,6.0,-33.025,269.0,83.0,92.673,-41.804,0.715,3.147,156.168,66.6,175.965,0.681,1.911,74.51,4.244,186.719,0.588,temp_g10_05_0001,run2_g10_g10_18,single-objective/run2/g10/g10_18.pdb.sc
55.069,0.153,43.908,1.87,82.158,3.498,1262.806,2348.653,1085.847,33.0,-1.995,-1292.438,251.411,-276.025,1.948,30.917,495.758,738.245,-0.05,-31.491,-49.507,-16.642,-51.523,6.0,-32.693,269.0,83.0,92.276,-45.164,0.708,2.3,1.946,59.11,180.36,0.645,1.116,43.534,3.349,147.335,0.577,temp_g9_20_0001,run2_g10_g10_19,single-objective/run2/g10/g10_19.pdb.sc
62.537,-0.296,130.859,5.735,27.468,1.204,1174.516,2281.662,1107.146,34.0,-1.995,-1301.617,247.832,-272.962,1.901,31.069,489.122,761.352,-0.112,-30.764,-49.521,-16.861,-51.523,6.0,-31.754,269.0,83.0,92.414,-43.595,0.688,1.719,1.946,60.232,176.673,0.656,2.258,88.077,1.241,54.615,0.588,temp_g10_02_0001,run2_g10_g10_2,single-objective/run2/g10/g10_2.pdb.sc
225.903,0.297,277.471,12.064,175.992,7.652,1167.767,2300.077,1132.311,37.0,-1.995,-1296.916,250.024,-275.074,1.941,30.811,647.197,761.905,-0.016,-30.764,-49.521,-16.861,-51.523,5.0,-32.609,269.0,83.0,92.414,-42.573,0.677,3.641,1.946,61.184,175.732,0.662,4.061,158.38,3.268,143.786,0.588,temp_g10_14_0001,run2_g10_g10_20,single-objective/run2/g10/g10_20.pdb.sc
230.847,0.071,169.743,7.398,70.147,3.057,1165.825,2294.42,1128.595,34.0,-1.995,-1315.102,252.381,-274.427,1.925,31.097,660.509,760.241,-0.044,-30.764,-49.521,-16.861,-51.523,6.0,-32.584,269.0,83.0,92.557,-39.92,0.703,2.94,1.946,64.979,177.324,0.665,2.874,112.082,2.999,131.942,0.588,temp_g10_17_0001,run2_g10_g10_21,single-objective/run2/g10/g10_21.pdb.sc
59.08,-0.319,126.012,5.476,22.402,0.974,1181.539,2301.022,1119.483,35.0,-1.995,-1298.207,249.183,-273.512,1.895,30.779,489.191,758.451,-0.171,-30.764,-49.521,-16.861,-51.523,6.0,-33.255,269.0,83.0,92.414,-44.283,0.755,1.645,1.946,59.094,175.462,0.687,2.197,85.681,1.157,50.891,0.588,temp_g10_09_0001,run2_g10_g10_22,single-objective/run2/g10/g10_22.pdb.sc
70.608,-0.279,129.114,5.633,25.59,1.116,1167.268,2292.152,1124.884,33.0,-1.995,-1300.627,254.026,-271.54,1.904,31.632,490.609,762.906,-0.149,-30.764,-49.521,-16.231,-51.523,6.0,-33.068,269.0,83.0,92.414,-43.344,0.698,1.736,1.946,60.4,172.797,0.67,2.237,87.231,1.293,56.894,0.588,temp_g7_05_0001,run2_g10_g10_23,single-objective/run2/g10/g10_23.pdb.sc
349.455,0.758,178.321,7.808,73.333,3.211,1190.588,2283.814,1093.226,35.0,-1.995,-1303.282,252.933,-269.733,1.9,31.581,611.191,760.759,-0.052,-30.764,-49.521,-16.231,-50.988,6.0,-32.951,269.0,83.0,92.673,-40.408,0.69,4.157,156.168,67.533,170.002,0.68,2.868,111.836,5.3,233.202,0.588,temp_g9_24_0001,run2_g10_g10_24,single-objective/run2/g10/g10_24.pdb.sc
-94.246,-0.685,42.12,1.733,76.997,3.168,1299.8,2430.363,1130.562,37.0,-1.995,-1303.306,249.669,-271.724,1.941,30.339,349.708,746.696,-0.045,-29.622,-49.521,-16.533,-51.523,5.0,-33.663,269.0,83.0,92.326,-46.586,0.635,0.462,1.946,58.441,178.572,0.658,1.101,42.933,-0.105,-4.615,0.588,temp_g9_05_0001,run2_g10_g10_3,single-objective/run2/g10/g10_3.pdb.sc
65.268,-0.296,129.156,5.635,26.274,1.146,1167.268,2292.152,1124.884,37.0,-1.995,-1302.463,250.784,-273.909,1.902,30.918,491.153,764.18,-0.146,-30.764,-49.521,-16.861,-51.523,6.0,-33.028,269.0,83.0,92.414,-43.78,0.673,1.719,1.946,59.939,175.289,0.67,2.237,87.252,1.259,55.399,0.588,temp_g5_16_0001,run2_g10_g10_4,single-objective/run2/g10/g10_4.pdb.sc
65.268,-0.296,129.156,5.635,26.274,1.146,1167.268,2292.152,1124.884,37.0,-1.995,-1302.463,250.784,-273.909,1.902,30.918,491.153,764.18,-0.146,-30.764,-49.521,-16.861,-51.523,6.0,-33.028,269.0,83.0,92.414,-43.78,0.673,1.719,1.946,59.939,175.289,0.67,2.237,87.252,1.259,55.399,0.588,temp_g5_16_0001,run2_g10_g10_5,single-objective/run2/g10/g10_5.pdb.sc
65.014,-0.312,123.398,5.408,17.186,0.753,1183.722,2281.952,1098.231,35.0,-1.995,-1297.554,252.403,-271.071,1.903,31.612,484.861,759.171,-0.222,-30.764,-49.521,-16.231,-51.523,6.0,-32.672,269.0,83.0,92.517,-43.141,0.698,1.63,1.946,60.6,173.885,0.672,2.162,84.314,1.159,50.985,0.588,temp_g10_18_0001,run2_g10_g10_6,single-objective/run2/g10/g10_6.pdb.sc
59.675,-0.328,125.672,5.507,16.363,0.717,1183.722,2281.952,1098.231,35.0,-1.995,-1299.39,249.161,-273.44,1.901,30.899,485.405,760.445,-0.187,-30.764,-49.521,-16.861,-51.523,6.0,-32.632,269.0,83.0,92.517,-43.577,0.652,1.616,1.946,60.14,176.377,0.667,2.191,85.447,1.105,48.64,0.588,temp_g10_00_0001,run2_g10_g10_7,single-objective/run2/g10/g10_7.pdb.sc
65.268,-0.296,129.156,5.635,26.274,1.146,1167.268,2292.152,1124.884,37.0,-1.995,-1302.463,250.784,-273.909,1.902,30.918,491.153,764.18,-0.146,-30.764,-49.521,-16.861,-51.523,6.0,-33.028,269.0,83.0,92.414,-43.78,0.673,1.719,1.946,59.939,175.289,0.67,2.237,87.252,1.259,55.399,0.588,temp_g5_16_0001,run2_g10_g10_8,single-objective/run2/g10/g10_8.pdb.sc
73.608,-0.252,134.519,5.889,29.061,1.272,1169.181,2284.353,1115.172,31.0,-1.995,-1295.214,250.48,-271.612,1.899,31.749,487.968,760.403,-0.106,-30.764,-49.521,-16.231,-51.523,6.0,-31.547,269.0,83.0,92.433,-42.322,0.723,1.82,1.946,62.409,174.464,0.653,2.293,89.446,1.4,61.585,0.588,temp_g9_19_0001,run2_g10_g10_9,single-objective/run2/g10/g10_9.pdb.sc
65.268,-0.296,129.156,5.635,26.274,1.146,1167.268,2292.152,1124.884,37.0,-1.995,-1302.463,250.784,-273.909,1.902,30.918,491.153,764.18,-0.146,-30.764,-49.521,-16.861,-51.523,6.0,-33.028,269.0,83.0,92.414,-43.78,0.673,1.719,1.946,59.939,175.289,0.67,2.237,87.252,1.259,55.399,0.588,temp_g5_16_0001,run2_g11_g11_0,single-objective/run2/g11/g11_0.pdb.sc
65.268,-0.296,129.156,5.635,26.274,1.146,1167.268,2292.152,1124.884,37.0,-1.995,-1302.463,250.784,-273.909,1.902,30.918,491.153,764.18,-0.146,-30.764,-49.521,-16.861,-51.523,6.0,-33.028,269.0,83.0,92.414,-43.78,0.673,1.719,1.946,59.939,175.289,0.67,2.237,87.252,1.259,55.399,0.588,temp_g5_16_0001,run2_g11_g11_1,single-objective/run2/g11/g11_1.pdb.sc
-84.338,-0.636,48.643,1.974,81.379,3.302,1297.373,2464.252,1166.879,34.0,-1.995,-1308.117,249.303,-272.866,1.938,31.223,354.169,756.314,-0.043,-29.622,-49.521,-18.271,-51.523,5.0,-33.462,269.0,83.0,92.326,-45.53,0.644,0.59,1.946,59.223,179.539,0.667,1.202,46.887,0.048,2.099,0.588,temp_g5_00_0001,run2_g11_g11_10,single-objective/run2/g11/g11_10.pdb.sc
55.744,-0.329,126.087,5.48,22.587,0.982,1181.539,2301.022,1119.483,37.0,-1.995,-1305.663,250.78,-273.293,1.917,30.958,492.625,756.399,-0.169,-30.764,-49.521,-16.861,-51.523,6.0,-33.246,269.0,83.0,92.414,-44.732,0.712,1.638,1.946,58.748,176.97,0.688,2.215,86.398,1.127,49.593,0.588,temp_g9_04_0001,run2_g11_g11_11,single-objective/run2/g11/g11_11.pdb.sc
55.744,-0.329,126.087,5.48,22.587,0.982,1181.539,2301.022,1119.483,37.0,-1.995,-1305.663,250.78,-273.293,1.917,30.958,492.625,756.399,-0.169,-30.764,-49.521,-16.861,-51.523,6.0,-33.246,269.0,83.0,92.414,-44.732,0.712,1.638,1.946,58.748,176.97,0.688,2.215,86.398,1.127,49.593,0.588,temp_g9_04_0001,run2_g11_g11_12,single-objective/run2/g11/g11_12.pdb.sc
59.675,-0.328,125.672,5.507,16.363,0.717,1183.722,2281.952,1098.231,35.0,-1.995,-1299.39,249.161,-273.44,1.901,30.899,485.405,760.445,-0.187,-30.764,-49.521,-16.861,-51.523,6.0,-32.632,269.0,83.0,92.517,-43.577,0.652,1.616,1.946,60.14,176.377,0.667,2.191,85.447,1.105,48.64,0.588,temp_g10_00_0001,run2_g11_g11_13,single-objective/run2/g11/g11_13.pdb.sc
57.129,-0.325,128.429,5.618,22.43,0.981,1180.849,2286.187,1105.338,37.0,-1.995,-1304.988,250.468,-273.319,1.914,30.935,494.82,754.486,-0.137,-30.764,-49.521,-16.861,-51.523,6.0,-33.061,269.0,83.0,92.414,-44.744,0.712,1.657,1.946,58.74,177.606,0.681,2.227,86.872,1.151,50.631,0.576,temp_g11_13_0001,run2_g11_g11_14,single-objective/run2/g11/g11_14.pdb.sc
65.268,-0.296,129.156,5.635,26.274,1.146,1167.268,2292.152,1124.884,37.0,-1.995,-1302.463,250.784,-273.909,1.902,30.918,491.153,764.18,-0.146,-30.764,-49.521,-16.861,-51.523,6.0,-33.028,269.0,83.0,92.414,-43.78,0.673,1.719,1.946,59.939,175.289,0.67,2.237,87.252,1.259,55.399,0.588,temp_g5_16_0001,run2_g11_g11_15,single-objective/run2/g11/g11_15.pdb.sc
57.964,-0.311,126.036,5.525,25.012,1.096,1191.171,2281.28,1090.109,36.0,-1.995,-1295.259,244.333,-273.501,1.897,30.748,488.744,752.958,-0.153,-30.764,-49.521,-16.861,-51.523,6.0,-31.737,269.0,83.0,92.414,-43.761,0.684,1.668,1.946,59.921,179.338,0.663,2.214,86.349,1.183,52.054,0.588,temp_g10_22_0001,run2_g11_g11_16,single-objective/run2/g11/g11_16.pdb.sc
65.014,-0.312,123.398,5.408,17.186,0.753,1183.722,2281.952,1098.231,35.0,-1.995,-1297.554,252.403,-271.071,1.903,31.612,484.861,759.171,-0.222,-30.764,-49.521,-16.231,-51.523,6.0,-32.672,269.0,83.0,92.517,-43.141,0.698,1.63,1.946,60.6,173.885,0.672,2.162,84.314,1.159,50.985,0.588,temp_g10_18_0001,run2_g11_g11_17,single-objective/run2/g11/g11_17.pdb.sc
230.847,0.071,169.743,7.398,70.147,3.057,1165.825,2294.42,1128.595,34.0,-1.995,-1315.102,252.381,-274.427,1.925,31.097,660.509,760.241,-0.044,-30.764,-49.521,-16.861,-51.523,6.0,-32.584,269.0,83.0,92.557,-39.92,0.703,2.94,1.946,64.979,177.324,0.665,2.874,112.082,2.999,131.942,0.588,temp_g10_17_0001,run2_g11_g11_18,single-objective/run2/g11/g11_18.pdb.sc
65.268,-0.296,129.156,5.635,26.274,1.146,1167.268,2292.152,1124.884,37.0,-1.995,-1302.463,250.784,-273.909,1.902,30.918,491.153,764.18,-0.146,-30.764,-49.521,-16.861,-51.523,6.0,-33.028,269.0,83.0,92.414,-43.78,0.673,1.719,1.946,59.939,175.289,0.67,2.237,87.252,1.259,55.399,0.588,temp_g5_16_0001,run2_g11_g11_19,single-objective/run2/g11/g11_19.pdb.sc
160.36,0.549,87.386,3.683,126.295,5.324,1264.131,2372.411,1108.28,38.0,-1.995,-1298.462,252.075,-273.635,1.947,31.287,596.753,742.489,-0.028,-31.491,-49.507,-14.904,-51.523,5.0,-33.085,269.0,83.0,92.276,-45.226,0.7,2.853,1.946,59.041,181.797,0.646,1.671,65.184,3.901,171.627,0.577,temp_g11_19_0001,run2_g11_g11_2,single-objective/run2/g11/g11_2.pdb.sc
103.244,-0.154,159.074,6.728,52.983,2.241,1193.997,2364.269,1170.272,38.0,-1.995,-1301.121,250.58,-269.801,1.909,31.926,517.336,762.937,-0.058,-30.764,-49.521,-16.231,-51.523,6.0,-31.285,269.0,83.0,92.433,-41.723,0.684,2.137,1.946,62.893,174.659,0.661,2.648,103.284,1.683,74.074,0.588,temp_g11_09_0001,run2_g11_g11_20,single-objective/run2/g11/g11_20.pdb.sc
-92.937,-0.676,41.106,1.681,74.505,3.047,1223.457,2445.1,1221.643,35.0,-1.995,-1282.742,253.979,-272.949,1.916,31.536,325.46,753.995,-0.055,-29.622,-49.521,-17.64,-51.523,6.0,-32.972,269.0,83.0,92.326,-46.373,0.666,0.451,1.946,58.67,171.994,0.631,0.989,38.583,-0.027,-1.178,0.577,temp_g8_20_0001,run2_g11_g11_21,single-objective/run2/g11/g11_21.pdb.sc
396.05,0.938,107.571,4.72,0.809,0.036,1225.478,2278.945,1053.467,31.0,-1.995,-1304.816,246.206,-274.289,1.896,30.089,566.683,753.939,-4.726,-30.764,-49.521,-16.861,-50.988,6.0,-33.001,269.0,83.0,91.255,-34.601,0.699,4.069,245.966,83.27,172.997,0.681,1.949,75.997,5.949,261.744,0.588,temp_g11_18_0001,run2_g11_g11_22,single-objective/run2/g11/g11_22.pdb.sc
61.922,-0.308,131.351,5.73,26.318,1.148,1167.268,2292.152,1124.884,35.0,-1.995,-1309.919,252.381,-273.7,1.924,31.097,494.587,762.128,-0.117,-30.764,-49.521,-16.861,-51.523,6.0,-33.019,269.0,83.0,92.414,-44.229,0.708,1.709,1.946,59.593,176.797,0.665,2.265,88.345,1.216,53.525,0.588,temp_g8_00_0001,run2_g11_g11_23,single-objective/run2/g11/g11_23.pdb.sc
62.73,-0.294,126.007,5.524,24.783,1.086,1191.171,2281.28,1090.109,34.0,-1.995,-1293.138,245.107,-272.009,1.894,30.716,488.36,752.937,-0.154,-30.764,-49.521,-15.233,-51.523,6.0,-32.0,269.0,83.0,92.414,-43.214,0.718,1.695,1.946,60.27,177.897,0.663,2.214,86.335,1.236,54.375,0.588,temp_g11_15_0001,run2_g11_g11_24,single-objective/run2/g11/g11_24.pdb.sc
70.608,-0.279,129.114,5.633,25.59,1.116,1167.268,2292.152,1124.884,33.0,-1.995,-1300.627,254.026,-271.54,1.904,31.632,490.609,762.906,-0.149,-30.764,-49.521,-16.231,-51.523,6.0,-33.068,269.0,83.0,92.414,-43.344,0.698,1.736,1.946,60.4,172.797,0.67,2.237,87.231,1.293,56.894,0.588,temp_g7_05_0001,run2_g11_g11_3,single-objective/run2/g11/g11_3.pdb.sc
59.08,-0.319,126.012,5.476,22.402,0.974,1181.539,2301.022,1119.483,35.0,-1.995,-1298.207,249.183,-273.512,1.895,30.779,489.191,758.451,-0.171,-30.764,-49.521,-16.861,-51.523,6.0,-33.255,269.0,83.0,92.414,-44.283,0.755,1.645,1.946,59.094,175.462,0.687,2.197,85.681,1.157,50.891,0.588,temp_g10_09_0001,run2_g11_g11_4,single-objective/run2/g11/g11_4.pdb.sc
65.268,-0.296,129.156,5.635,26.274,1.146,1167.268,2292.152,1124.884,37.0,-1.995,-1302.463,250.784,-273.909,1.902,30.918,491.153,764.18,-0.146,-30.764,-49.521,-16.861,-51.523,6.0,-33.028,269.0,83.0,92.414,-43.78,0.673,1.719,1.946,59.939,175.289,0.67,2.237,87.252,1.259,55.399,0.588,temp_g5_16_0001,run2_g11_g11_5,single-objective/run2/g11/g11_5.pdb.sc
65.268,-0.296,129.156,5.635,26.274,1.146,1167.268,2292.152,1124.884,37.0,-1.995,-1302.463,250.784,-273.909,1.902,30.918,491.153,764.18,-0.146,-30.764,-49.521,-16.861,-51.523,6.0,-33.028,269.0,83.0,92.414,-43.78,0.673,1.719,1.946,59.939,175.289,0.67,2.237,87.252,1.259,55.399,0.588,temp_g5_16_0001,run2_g11_g11_6,single-objective/run2/g11/g11_6.pdb.sc
70.686,-0.29,125.607,5.504,16.618,0.728,1183.722,2281.952,1098.231,33.0,-1.995,-1301.201,255.028,-271.263,1.965,31.766,490.893,759.747,-0.185,-30.764,-49.521,-16.231,-51.523,6.0,-32.727,269.0,83.0,92.517,-42.793,0.691,1.68,1.946,60.706,173.546,0.667,2.19,85.415,1.228,54.04,0.588,temp_g11_06_0001,run2_g11_g11_7,single-objective/run2/g11/g11_7.pdb.sc
44.293,-0.396,107.905,4.626,3.417,0.147,1169.026,2332.487,1163.46,36.0,-1.995,-1305.523,250.983,-276.991,1.907,30.451,478.035,765.546,-1.119,-30.764,-49.521,-16.861,-51.523,6.0,-33.713,269.0,83.0,92.414,-44.652,0.665,1.393,1.946,59.258,174.71,0.679,1.983,77.346,0.87,38.289,0.588,temp_g11_11_0001,run2_g11_g11_8,single-objective/run2/g11/g11_8.pdb.sc
55.069,0.153,43.908,1.87,82.158,3.498,1262.806,2348.653,1085.847,33.0,-1.995,-1292.438,251.411,-276.025,1.948,30.917,495.758,738.245,-0.05,-31.491,-49.507,-16.642,-51.523,6.0,-32.693,269.0,83.0,92.276,-45.164,0.708,2.3,1.946,59.11,180.36,0.645,1.116,43.534,3.349,147.335,0.577,temp_g9_20_0001,run2_g11_g11_9,single-objective/run2/g11/g11_9.pdb.sc
65.268,-0.296,129.156,5.635,26.274,1.146,1167.268,2292.152,1124.884,37.0,-1.995,-1302.463,250.784,-273.909,1.902,30.918,491.153,764.18,-0.146,-30.764,-49.521,-16.861,-51.523,6.0,-33.028,269.0,83.0,92.414,-43.78,0.673,1.719,1.946,59.939,175.289,0.67,2.237,87.252,1.259,55.399,0.588,temp_g5_16_0001,run2_g12_g12_0,single-objective/run2/g12/g12_0.pdb.sc
65.268,-0.296,129.156,5.635,26.274,1.146,1167.268,2292.152,1124.884,37.0,-1.995,-1302.463,250.784,-273.909,1.902,30.918,491.153,764.18,-0.146,-30.764,-49.521,-16.861,-51.523,6.0,-33.028,269.0,83.0,92.414,-43.78,0.673,1.719,1.946,59.939,175.289,0.67,2.237,87.252,1.259,55.399,0.588,temp_g5_16_0001,run2_g12_g12_1,single-objective/run2/g12/g12_1.pdb.sc
208.233,0.211,107.829,4.623,2.588,0.111,1169.026,2332.487,1163.46,35.0,-1.995,-1314.897,253.219,-276.75,1.946,30.614,651.037,761.607,-1.478,-30.764,-49.521,-16.861,-51.523,6.0,-33.517,269.0,83.0,92.414,-45.015,0.7,2.508,1.946,59.046,176.661,0.678,1.964,76.61,2.989,131.525,0.588,temp_g12_08_0001,run2_g12_g12_10,single-objective/run2/g12/g12_10.pdb.sc
65.268,-0.296,129.156,5.635,26.274,1.146,1167.268,2292.152,1124.884,37.0,-1.995,-1302.463,250.784,-273.909,1.902,30.918,491.153,764.18,-0.146,-30.764,-49.521,-16.861,-51.523,6.0,-33.028,269.0,83.0,92.414,-43.78,0.673,1.719,1.946,59.939,175.289,0.67,2.237,87.252,1.259,55.399,0.588,temp_g5_16_0001,run2_g12_g12_11,single-objective/run2/g12/g12_11.pdb.sc
59.675,-0.328,125.672,5.507,16.363,0.717,1183.722,2281.952,1098.231,35.0,-1.995,-1299.39,249.161,-273.44,1.901,30.899,485.405,760.445,-0.187,-30.764,-49.521,-16.861,-51.523,6.0,-32.632,269.0,83.0,92.517,-43.577,0.652,1.616,1.946,60.14,176.377,0.667,2.191,85.447,1.105,48.64,0.588,temp_g10_00_0001,run2_g12_g12_12,single-objective/run2/g12/g12_12.pdb.sc
44.293,-0.396,107.905,4.626,3.417,0.147,1169.026,2332.487,1163.46,36.0,-1.995,-1305.523,250.983,-276.991,1.907,30.451,478.035,765.546,-1.119,-30.764,-49.521,-16.861,-51.523,6.0,-33.713,269.0,83.0,92.414,-44.652,0.665,1.393,1.946,59.258,174.71,0.679,1.983,77.346,0.87,38.289,0.588,temp_g11_11_0001,run2_g12_g12_13,single-objective/run2/g12/g12_13.pdb.sc
55.744,-0.329,126.087,5.48,22.587,0.982,1181.539,2301.022,1119.483,37.0,-1.995,-1305.663,250.78,-273.293,1.917,30.958,492.625,756.399,-0.169,-30.764,-49.521,-16.861,-51.523,6.0,-33.246,269.0,83.0,92.414,-44.732,0.712,1.638,1.946,58.748,176.97,0.688,2.215,86.398,1.127,49.593,0.588,temp_g9_04_0001,run2_g12_g12_14,single-objective/run2/g12/g12_14.pdb.sc
55.744,-0.329,126.087,5.48,22.587,0.982,1181.539,2301.022,1119.483,37.0,-1.995,-1305.663,250.78,-273.293,1.917,30.958,492.625,756.399,-0.169,-30.764,-49.521,-16.861,-51.523,6.0,-33.246,269.0,83.0,92.414,-44.732,0.712,1.638,1.946,58.748,176.97,0.688,2.215,86.398,1.127,49.593,0.588,temp_g9_04_0001,run2_g12_g12_15,single-objective/run2/g12/g12_15.pdb.sc
62.898,-0.294,131.343,5.724,29.628,1.291,1171.816,2294.798,1122.982,37.0,-1.995,-1303.383,249.573,-273.82,1.906,30.908,492.806,761.05,-0.103,-30.764,-49.521,-16.861,-51.523,6.0,-33.162,269.0,83.0,92.414,-43.757,0.677,1.724,1.946,59.932,176.563,0.666,2.264,88.293,1.246,54.832,0.588,temp_g12_19_0001,run2_g12_g12_16,single-objective/run2/g12/g12_16.pdb.sc
57.129,-0.325,128.429,5.618,22.43,0.981,1180.849,2286.187,1105.338,37.0,-1.995,-1304.988,250.468,-273.319,1.914,30.935,494.82,754.486,-0.137,-30.764,-49.521,-16.861,-51.523,6.0,-33.061,269.0,83.0,92.414,-44.744,0.712,1.657,1.946,58.74,177.606,0.681,2.227,86.872,1.151,50.631,0.576,temp_g11_13_0001,run2_g12_g12_17,single-objective/run2/g12/g12_17.pdb.sc
396.05,0.938,107.571,4.72,0.809,0.036,1225.478,2278.945,1053.467,31.0,-1.995,-1304.816,246.206,-274.289,1.896,30.089,566.683,753.939,-4.726,-30.764,-49.521,-16.861,-50.988,6.0,-33.001,269.0,83.0,91.255,-34.601,0.699,4.069,245.966,83.27,172.997,0.681,1.949,75.997,5.949,261.744,0.588,temp_g11_18_0001,run2_g12_g12_18,single-objective/run2/g12/g12_18.pdb.sc
65.268,-0.296,129.156,5.635,26.274,1.146,1167.268,2292.152,1124.884,37.0,-1.995,-1302.463,250.784,-273.909,1.902,30.918,491.153,764.18,-0.146,-30.764,-49.521,-16.861,-51.523,6.0,-33.028,269.0,83.0,92.414,-43.78,0.673,1.719,1.946,59.939,175.289,0.67,2.237,87.252,1.259,55.399,0.588,temp_g5_16_0001,run2_g12_g12_19,single-objective/run2/g12/g12_19.pdb.sc
52.751,-0.351,120.531,5.265,15.592,0.681,1157.682,2289.372,1131.69,36.0,-1.995,-1297.157,250.115,-273.1,1.9,30.879,481.591,758.954,-0.224,-30.764,-49.521,-16.533,-51.523,5.0,-33.015,269.0,83.0,92.368,-45.878,0.699,1.54,1.946,57.519,176.377,0.675,2.089,81.471,1.054,46.37,0.588,temp_g12_00_0001,run2_g12_g12_2,single-objective/run2/g12/g12_2.pdb.sc
70.113,-0.291,123.388,5.407,17.176,0.753,1183.722,2281.952,1098.231,35.0,-1.995,-1300.916,252.559,-272.14,1.961,31.021,491.053,761.0,-0.223,-30.764,-49.521,-15.233,-51.523,6.0,-32.95,269.0,83.0,92.517,-42.681,0.683,1.687,1.946,60.595,174.597,0.672,2.162,84.309,1.266,55.716,0.588,temp_g12_07_0001,run2_g12_g12_20,single-objective/run2/g12/g12_20.pdb.sc
400.501,0.954,109.767,4.817,1.24,0.054,1225.478,2278.945,1053.467,31.0,-1.995,-1303.214,248.657,-272.098,1.903,30.291,566.138,752.41,-2.473,-30.764,-49.521,-15.233,-50.988,6.0,-33.027,269.0,83.0,91.255,-34.317,0.699,4.092,245.966,83.319,171.13,0.676,1.977,77.091,5.967,262.566,0.588,temp_g12_22_0001,run2_g12_g12_21,single-objective/run2/g12/g12_21.pdb.sc
70.608,-0.279,129.114,5.633,25.59,1.116,1167.268,2292.152,1124.884,33.0,-1.995,-1300.627,254.026,-271.54,1.904,31.632,490.609,762.906,-0.149,-30.764,-49.521,-16.231,-51.523,6.0,-33.068,269.0,83.0,92.414,-43.344,0.698,1.736,1.946,60.4,172.797,0.67,2.237,87.231,1.293,56.894,0.588,temp_g7_05_0001,run2_g12_g12_22,single-objective/run2/g12/g12_22.pdb.sc
-92.937,-0.676,41.106,1.681,74.505,3.047,1223.457,2445.1,1221.643,35.0,-1.995,-1282.742,253.979,-272.949,1.916,31.536,325.46,753.995,-0.055,-29.622,-49.521,-17.64,-51.523,6.0,-32.972,269.0,83.0,92.326,-46.373,0.666,0.451,1.946,58.67,171.994,0.631,0.989,38.583,-0.027,-1.178,0.577,temp_g8_20_0001,run2_g12_g12_23,single-objective/run2/g12/g12_23.pdb.sc
283.734,0.521,130.979,5.714,27.618,1.205,1167.268,2292.152,1124.884,33.0,-1.995,-1306.647,252.113,-274.51,1.923,31.062,711.676,764.909,-0.138,-30.764,-49.521,-16.861,-51.523,6.0,-32.97,269.0,83.0,92.363,-43.155,0.719,3.553,1.946,60.793,174.308,0.669,2.249,87.702,4.71,207.223,0.588,temp_g12_06_0001,run2_g12_g12_24,single-objective/run2/g12/g12_24.pdb.sc
65.268,-0.296,129.156,5.635,26.274,1.146,1167.268,2292.152,1124.884,37.0,-1.995,-1302.463,250.784,-273.909,1.902,30.918,491.153,764.18,-0.146,-30.764,-49.521,-16.861,-51.523,6.0,-33.028,269.0,83.0,92.414,-43.78,0.673,1.719,1.946,59.939,175.289,0.67,2.237,87.252,1.259,55.399,0.588,temp_g5_16_0001,run2_g12_g12_3,single-objective/run2/g12/g12_3.pdb.sc
70.686,-0.29,125.607,5.504,16.618,0.728,1183.722,2281.952,1098.231,33.0,-1.995,-1301.201,255.028,-271.263,1.965,31.766,490.893,759.747,-0.185,-30.764,-49.521,-16.231,-51.523,6.0,-32.727,269.0,83.0,92.517,-42.793,0.691,1.68,1.946,60.706,173.546,0.667,2.19,85.415,1.228,54.04,0.588,temp_g11_06_0001,run2_g12_g12_4,single-objective/run2/g12/g12_4.pdb.sc
53.242,-0.33,125.884,5.469,24.165,1.05,1183.01,2301.706,1118.695,34.0,-1.995,-1306.606,249.57,-273.229,1.92,30.948,494.278,753.296,-0.158,-30.764,-49.521,-16.861,-51.523,6.0,-33.493,269.0,83.0,92.414,-44.708,0.733,1.636,1.946,58.74,178.244,0.689,2.195,85.62,1.14,50.177,0.588,temp_g12_11_0001,run2_g12_g12_5,single-objective/run2/g12/g12_5.pdb.sc
59.08,-0.319,126.012,5.476,22.402,0.974,1181.539,2301.022,1119.483,35.0,-1.995,-1298.207,249.183,-273.512,1.895,30.779,489.191,758.451,-0.171,-30.764,-49.521,-16.861,-51.523,6.0,-33.255,269.0,83.0,92.414,-44.283,0.755,1.645,1.946,59.094,175.462,0.687,2.197,85.681,1.157,50.891,0.588,temp_g10_09_0001,run2_g12_g12_6,single-objective/run2/g12/g12_6.pdb.sc
340.071,0.739,127.69,5.597,25.112,1.101,1191.171,2281.28,1090.109,32.0,-1.995,-1299.172,248.788,-272.047,1.904,31.109,764.888,756.149,-0.152,-30.764,-49.521,-15.233,-51.523,6.0,-31.956,269.0,83.0,92.363,-43.119,0.74,3.502,1.946,60.755,176.911,0.661,2.206,86.035,4.652,204.67,0.588,temp_g12_24_0001,run2_g12_g12_7,single-objective/run2/g12/g12_7.pdb.sc
65.014,-0.312,123.398,5.408,17.186,0.753,1183.722,2281.952,1098.231,35.0,-1.995,-1297.554,252.403,-271.071,1.903,31.612,484.861,759.171,-0.222,-30.764,-49.521,-16.231,-51.523,6.0,-32.672,269.0,83.0,92.517,-43.141,0.698,1.63,1.946,60.6,173.885,0.672,2.162,84.314,1.159,50.985,0.588,temp_g10_18_0001,run2_g12_g12_8,single-objective/run2/g12/g12_8.pdb.sc
69.719,-0.28,129.12,5.633,26.223,1.144,1167.268,2292.152,1124.884,35.0,-1.995,-1300.86,253.235,-271.718,1.909,31.12,490.609,762.651,-0.146,-30.764,-49.521,-15.233,-51.523,6.0,-33.053,269.0,83.0,92.414,-43.496,0.698,1.739,1.946,59.989,173.423,0.67,2.237,87.234,1.297,57.071,0.588,temp_g12_05_0001,run2_g12_g12_9,single-objective/run2/g12/g12_9.pdb.sc
65.268,-0.296,129.156,5.635,26.274,1.146,1167.268,2292.152,1124.884,37.0,-1.995,-1302.463,250.784,-273.909,1.902,30.918,491.153,764.18,-0.146,-30.764,-49.521,-16.861,-51.523,6.0,-33.028,269.0,83.0,92.414,-43.78,0.673,1.719,1.946,59.939,175.289,0.67,2.237,87.252,1.259,55.399,0.588,temp_g5_16_0001,run2_g13_g13_0,single-objective/run2/g13/g13_0.pdb.sc
65.268,-0.296,129.156,5.635,26.274,1.146,1167.268,2292.152,1124.884,37.0,-1.995,-1302.463,250.784,-273.909,1.902,30.918,491.153,764.18,-0.146,-30.764,-49.521,-16.861,-51.523,6.0,-33.028,269.0,83.0,92.414,-43.78,0.673,1.719,1.946,59.939,175.289,0.67,2.237,87.252,1.259,55.399,0.588,temp_g5_16_0001,run2_g13_g13_1,single-objective/run2/g13/g13_1.pdb.sc
71.337,-0.272,129.232,5.638,27.063,1.181,1167.268,2292.152,1124.884,37.0,-1.995,-1302.163,253.429,-271.994,1.91,30.997,490.643,762.211,-0.141,-30.764,-49.521,-15.233,-51.523,6.0,-33.142,269.0,83.0,92.414,-42.908,0.712,1.734,1.946,60.649,175.795,0.671,2.256,87.97,1.272,55.967,0.588,temp_g13_11_0001,run2_g13_g13_10,single-objective/run2/g13/g13_10.pdb.sc
70.686,-0.29,125.607,5.504,16.618,0.728,1183.722,2281.952,1098.231,33.0,-1.995,-1301.201,255.028,-271.263,1.965,31.766,490.893,759.747,-0.185,-30.764,-49.521,-16.231,-51.523,6.0,-32.727,269.0,83.0,92.517,-42.793,0.691,1.68,1.946,60.706,173.546,0.667,2.19,85.415,1.228,54.04,0.588,temp_g11_06_0001,run2_g13_g13_11,single-objective/run2/g13/g13_11.pdb.sc
65.014,-0.312,123.398,5.408,17.186,0.753,1183.722,2281.952,1098.231,35.0,-1.995,-1297.554,252.403,-271.071,1.903,31.612,484.861,759.171,-0.222,-30.764,-49.521,-16.231,-51.523,6.0,-32.672,269.0,83.0,92.517,-43.141,0.698,1.63,1.946,60.6,173.885,0.672,2.162,84.314,1.159,50.985,0.588,temp_g10_18_0001,run2_g13_g13_12,single-objective/run2/g13/g13_12.pdb.sc
70.113,-0.291,123.388,5.407,17.176,0.753,1183.722,2281.952,1098.231,35.0,-1.995,-1300.916,252.559,-272.14,1.961,31.021,491.053,761.0,-0.223,-30.764,-49.521,-15.233,-51.523,6.0,-32.95,269.0,83.0,92.517,-42.681,0.683,1.687,1.946,60.595,174.597,0.672,2.162,84.309,1.266,55.716,0.588,temp_g12_07_0001,run2_g13_g13_13,single-objective/run2/g13/g13_13.pdb.sc
65.268,-0.296,129.156,5.635,26.274,1.146,1167.268,2292.152,1124.884,37.0,-1.995,-1302.463,250.784,-273.909,1.902,30.918,491.153,764.18,-0.146,-30.764,-49.521,-16.861,-51.523,6.0,-33.028,269.0,83.0,92.414,-43.78,0.673,1.719,1.946,59.939,175.289,0.67,2.237,87.252,1.259,55.399,0.588,temp_g5_16_0001,run2_g13_g13_14,single-objective/run2/g13/g13_14.pdb.sc
65.268,-0.296,129.156,5.635,26.274,1.146,1167.268,2292.152,1124.884,37.0,-1.995,-1302.463,250.784,-273.909,1.902,30.918,491.153,764.18,-0.146,-30.764,-49.521,-16.861,-51.523,6.0,-33.028,269.0,83.0,92.414,-43.78,0.673,1.719,1.946,59.939,175.289,0.67,2.237,87.252,1.259,55.399,0.588,temp_g5_16_0001,run2_g13_g13_15,single-objective/run2/g13/g13_15.pdb.sc
68.696,-0.289,129.577,5.665,23.132,1.011,1184.438,2287.17,1102.733,37.0,-1.995,-1299.998,252.403,-270.938,1.904,31.612,490.043,758.915,-0.133,-30.764,-49.521,-16.231,-51.523,6.0,-32.848,269.0,83.0,92.414,-42.68,0.672,1.707,1.946,60.958,174.411,0.665,2.241,87.4,1.233,54.262,0.588,temp_g13_22_0001,run2_g13_g13_16,single-objective/run2/g13/g13_16.pdb.sc
55.744,-0.329,126.087,5.48,22.587,0.982,1181.539,2301.022,1119.483,37.0,-1.995,-1305.663,250.78,-273.293,1.917,30.958,492.625,756.399,-0.169,-30.764,-49.521,-16.861,-51.523,6.0,-33.246,269.0,83.0,92.414,-44.732,0.712,1.638,1.946,58.748,176.97,0.688,2.215,86.398,1.127,49.593,0.588,temp_g9_04_0001,run2_g13_g13_17,single-objective/run2/g13/g13_17.pdb.sc
400.501,0.954,109.767,4.817,1.24,0.054,1225.478,2278.945,1053.467,31.0,-1.995,-1303.214,248.657,-272.098,1.903,30.291,566.138,752.41,-2.473,-30.764,-49.521,-15.233,-50.988,6.0,-33.027,269.0,83.0,91.255,-34.317,0.699,4.092,245.966,83.319,171.13,0.676,1.977,77.091,5.967,262.566,0.588,temp_g12_22_0001,run2_g13_g13_18,single-objective/run2/g13/g13_18.pdb.sc
208.233,0.211,107.829,4.623,2.588,0.111,1169.026,2332.487,1163.46,35.0,-1.995,-1314.897,253.219,-276.75,1.946,30.614,651.037,761.607,-1.478,-30.764,-49.521,-16.861,-51.523,6.0,-33.517,269.0,83.0,92.414,-45.015,0.7,2.508,1.946,59.046,176.661,0.678,1.964,76.61,2.989,131.525,0.588,temp_g12_08_0001,run2_g13_g13_19,single-objective/run2/g13/g13_19.pdb.sc
65.268,-0.296,129.156,5.635,26.274,1.146,1167.268,2292.152,1124.884,37.0,-1.995,-1302.463,250.784,-273.909,1.902,30.918,491.153,764.18,-0.146,-30.764,-49.521,-16.861,-51.523,6.0,-33.028,269.0,83.0,92.414,-43.78,0.673,1.719,1.946,59.939,175.289,0.67,2.237,87.252,1.259,55.399,0.588,temp_g5_16_0001,run2_g13_g13_2,single-objective/run2/g13/g13_2.pdb.sc
59.08,-0.319,126.012,5.476,22.402,0.974,1181.539,2301.022,1119.483,35.0,-1.995,-1298.207,249.183,-273.512,1.895,30.779,489.191,758.451,-0.171,-30.764,-49.521,-16.861,-51.523,6.0,-33.255,269.0,83.0,92.414,-44.283,0.755,1.645,1.946,59.094,175.462,0.687,2.197,85.681,1.157,50.891,0.588,temp_g10_09_0001,run2_g13_g13_20,single-objective/run2/g13/g13_20.pdb.sc
65.268,-0.296,129.156,5.635,26.274,1.146,1167.268,2292.152,1124.884,37.0,-1.995,-1302.463,250.784,-273.909,1.902,30.918,491.153,764.18,-0.146,-30.764,-49.521,-16.861,-51.523,6.0,-33.028,269.0,83.0,92.414,-43.78,0.673,1.719,1.946,59.939,175.289,0.67,2.237,87.252,1.259,55.399,0.588,temp_g5_16_0001,run2_g13_g13_21,single-objective/run2/g13/g13_21.pdb.sc
65.268,-0.296,129.156,5.635,26.274,1.146,1167.268,2292.152,1124.884,37.0,-1.995,-1302.463,250.784,-273.909,1.902,30.918,491.153,764.18,-0.146,-30.764,-49.521,-16.861,-51.523,6.0,-33.028,269.0,83.0,92.414,-43.78,0.673,1.719,1.946,59.939,175.289,0.67,2.237,87.252,1.259,55.399,0.588,temp_g5_16_0001,run2_g13_g13_22,single-objective/run2/g13/g13_22.pdb.sc
52.751,-0.351,120.531,5.265,15.592,0.681,1157.682,2289.372,1131.69,36.0,-1.995,-1297.157,250.115,-273.1,1.9,30.879,481.591,758.954,-0.224,-30.764,-49.521,-16.533,-51.523,5.0,-33.015,269.0,83.0,92.368,-45.878,0.699,1.54,1.946,57.519,176.377,0.675,2.089,81.471,1.054,46.37,0.588,temp_g12_00_0001,run2_g13_g13_23,single-objective/run2/g13/g13_23.pdb.sc
59.675,-0.328,125.672,5.507,16.363,0.717,1183.722,2281.952,1098.231,35.0,-1.995,-1299.39,249.161,-273.44,1.901,30.899,485.405,760.445,-0.187,-30.764,-49.521,-16.861,-51.523,6.0,-32.632,269.0,83.0,92.517,-43.577,0.652,1.616,1.946,60.14,176.377,0.667,2.191,85.447,1.105,48.64,0.588,temp_g10_00_0001,run2_g13_g13_24,single-objective/run2/g13/g13_24.pdb.sc
283.479,0.503,123.539,5.414,17.671,0.774,1183.722,2281.952,1098.231,35.0,-1.995,-1301.738,253.732,-271.672,1.924,31.756,705.383,759.9,-0.216,-30.764,-49.521,-16.231,-51.523,6.0,-32.615,269.0,83.0,92.467,-42.515,0.693,3.457,1.946,61.455,172.904,0.673,2.181,85.065,4.587,201.848,0.588,temp_g13_08_0001,run2_g13_g13_3,single-objective/run2/g13/g13_3.pdb.sc
614.515,1.746,105.808,4.643,0.493,0.022,1225.478,2278.945,1053.467,33.0,-1.995,-1309.001,247.535,-274.89,1.917,30.233,787.205,754.668,-7.759,-30.764,-49.521,-16.861,-50.988,6.0,-32.944,269.0,83.0,91.205,-33.976,0.678,5.877,245.966,84.124,172.015,0.681,1.938,75.577,9.369,412.215,0.588,temp_g13_18_0001,run2_g13_g13_4,single-objective/run2/g13/g13_4.pdb.sc
36.494,-0.4,101.762,4.404,0.696,0.03,1162.657,2310.833,1148.176,37.0,-1.995,-1303.704,250.751,-275.652,1.907,30.826,468.83,761.026,-5.496,-30.764,-49.521,-16.861,-51.523,6.0,-33.469,269.0,83.0,92.414,-44.054,0.711,1.375,1.946,59.656,176.095,0.677,1.904,74.244,0.907,39.904,0.588,temp_g13_01_0001,run2_g13_g13_5,single-objective/run2/g13/g13_5.pdb.sc
262.758,0.416,107.935,4.627,3.633,0.156,1169.026,2332.487,1163.46,36.0,-1.995,-1309.708,252.312,-277.592,1.928,30.595,698.558,766.275,-1.053,-30.764,-49.521,-16.861,-51.523,6.0,-33.656,269.0,83.0,92.363,-44.027,0.759,3.214,1.946,60.112,173.729,0.679,1.984,77.361,4.305,189.437,0.588,temp_g13_24_0001,run2_g13_g13_6,single-objective/run2/g13/g13_6.pdb.sc
59.346,-0.318,128.118,5.568,21.596,0.939,1181.539,2301.022,1119.483,35.0,-1.995,-1298.485,250.702,-273.319,1.902,30.91,488.863,757.529,-0.142,-30.764,-49.521,-16.861,-51.523,6.0,-33.182,269.0,83.0,92.363,-44.737,0.659,1.672,1.946,59.278,175.652,0.683,2.224,86.73,1.183,52.035,0.588,temp_g13_15_0001,run2_g13_g13_7,single-objective/run2/g13/g13_7.pdb.sc
114.284,-0.112,180.055,7.824,76.522,3.325,1199.806,2301.327,1101.521,33.0,-1.995,-1305.396,249.185,-273.376,1.908,30.967,541.666,765.107,-0.04,-30.764,-49.521,-16.861,-51.523,6.0,-32.794,269.0,83.0,92.414,-43.913,0.697,2.316,1.946,59.918,176.731,0.659,2.92,113.89,1.781,78.344,0.588,temp_g13_19_0001,run2_g13_g13_8,single-objective/run2/g13/g13_8.pdb.sc
53.242,-0.33,125.884,5.469,24.165,1.05,1183.01,2301.706,1118.695,34.0,-1.995,-1306.606,249.57,-273.229,1.92,30.948,494.278,753.296,-0.158,-30.764,-49.521,-16.861,-51.523,6.0,-33.493,269.0,83.0,92.414,-44.708,0.733,1.636,1.946,58.74,178.244,0.689,2.195,85.62,1.14,50.177,0.588,temp_g12_11_0001,run2_g13_g13_9,single-objective/run2/g13/g13_9.pdb.sc
65.268,-0.296,129.156,5.635,26.274,1.146,1167.268,2292.152,1124.884,37.0,-1.995,-1302.463,250.784,-273.909,1.902,30.918,491.153,764.18,-0.146,-30.764,-49.521,-16.861,-51.523,6.0,-33.028,269.0,83.0,92.414,-43.78,0.673,1.719,1.946,59.939,175.289,0.67,2.237,87.252,1.259,55.399,0.588,temp_g5_16_0001,run2_g14_g14_0,single-objective/run2/g14/g14_0.pdb.sc
65.268,-0.296,129.156,5.635,26.274,1.146,1167.268,2292.152,1124.884,37.0,-1.995,-1302.463,250.784,-273.909,1.902,30.918,491.153,764.18,-0.146,-30.764,-49.521,-16.861,-51.523,6.0,-33.028,269.0,83.0,92.414,-43.78,0.673,1.719,1.946,59.939,175.289,0.67,2.237,87.252,1.259,55.399,0.588,temp_g5_16_0001,run2_g14_g14_1,single-objective/run2/g14/g14_1.pdb.sc
64.552,-0.313,125.5,5.5,17.149,0.752,1183.722,2281.952,1098.231,35.0,-1.995,-1296.796,251.873,-270.678,1.903,31.588,484.856,755.92,-0.179,-30.764,-49.521,-16.231,-51.523,6.0,-32.526,269.0,83.0,92.517,-43.08,0.697,1.632,1.946,60.977,175.499,0.667,2.189,85.361,1.139,50.127,0.588,temp_g14_12_0001,run2_g14_g14_10,single-objective/run2/g14/g14_10.pdb.sc
36.494,-0.4,101.762,4.404,0.696,0.03,1162.657,2310.833,1148.176,37.0,-1.995,-1303.704,250.751,-275.652,1.907,30.826,468.83,761.026,-5.496,-30.764,-49.521,-16.861,-51.523,6.0,-33.469,269.0,83.0,92.414,-44.054,0.711,1.375,1.946,59.656,176.095,0.677,1.904,74.244,0.907,39.904,0.588,temp_g13_01_0001,run2_g14_g14_11,single-objective/run2/g14/g14_11.pdb.sc
67.8,-0.287,125.716,5.463,21.503,0.935,1181.539,2301.022,1119.483,37.0,-1.995,-1304.237,254.558,-273.553,1.903,31.145,491.041,769.229,-0.178,-30.764,-49.521,-16.861,-51.523,6.0,-33.179,269.0,83.0,92.363,-44.468,0.718,1.747,1.946,58.948,172.182,0.687,2.193,85.533,1.352,59.48,0.588,temp_g14_07_0001,run2_g14_g14_12,single-objective/run2/g14/g14_12.pdb.sc
55.744,-0.329,126.087,5.48,22.587,0.982,1181.539,2301.022,1119.483,37.0,-1.995,-1305.663,250.78,-273.293,1.917,30.958,492.625,756.399,-0.169,-30.764,-49.521,-16.861,-51.523,6.0,-33.246,269.0,83.0,92.414,-44.732,0.712,1.638,1.946,58.748,176.97,0.688,2.215,86.398,1.127,49.593,0.588,temp_g9_04_0001,run2_g14_g14_13,single-objective/run2/g14/g14_13.pdb.sc
52.751,-0.351,120.531,5.265,15.592,0.681,1157.682,2289.372,1131.69,36.0,-1.995,-1297.157,250.115,-273.1,1.9,30.879,481.591,758.954,-0.224,-30.764,-49.521,-16.533,-51.523,5.0,-33.015,269.0,83.0,92.368,-45.878,0.699,1.54,1.946,57.519,176.377,0.675,2.089,81.471,1.054,46.37,0.588,temp_g12_00_0001,run2_g14_g14_14,single-objective/run2/g14/g14_14.pdb.sc
58.931,-0.324,125.034,5.396,17.047,0.736,1165.929,2317.046,1151.117,34.0,-1.995,-1287.019,249.523,-276.031,1.888,30.686,473.673,765.12,-0.161,-30.764,-49.521,-16.861,-51.523,5.0,-32.555,269.0,83.0,92.414,-44.08,0.666,1.628,1.946,59.662,173.781,0.642,2.104,82.047,1.206,53.077,0.588,temp_g14_02_0001,run2_g14_g14_15,single-objective/run2/g14/g14_15.pdb.sc
65.014,-0.312,123.398,5.408,17.186,0.753,1183.722,2281.952,1098.231,35.0,-1.995,-1297.554,252.403,-271.071,1.903,31.612,484.861,759.171,-0.222,-30.764,-49.521,-16.231,-51.523,6.0,-32.672,269.0,83.0,92.517,-43.141,0.698,1.63,1.946,60.6,173.885,0.672,2.162,84.314,1.159,50.985,0.588,temp_g10_18_0001,run2_g14_g14_16,single-objective/run2/g14/g14_16.pdb.sc
614.515,1.746,105.808,4.643,0.493,0.022,1225.478,2278.945,1053.467,33.0,-1.995,-1309.001,247.535,-274.89,1.917,30.233,787.205,754.668,-7.759,-30.764,-49.521,-16.861,-50.988,6.0,-32.944,269.0,83.0,91.205,-33.976,0.678,5.877,245.966,84.124,172.015,0.681,1.938,75.577,9.369,412.215,0.588,temp_g13_18_0001,run2_g14_g14_17,single-objective/run2/g14/g14_17.pdb.sc
36.494,-0.403,101.65,4.399,-0.309,-0.013,1162.657,2310.833,1148.176,35.0,-1.995,-1303.704,250.751,-275.652,1.907,30.826,468.83,761.026,12.375,-30.764,-49.521,-16.861,-51.523,6.0,-33.469,269.0,83.0,92.414,-44.054,0.704,1.37,1.946,59.656,176.095,0.676,1.885,73.508,0.913,40.189,0.588,temp_g14_22_0001,run2_g14_g14_18,single-objective/run2/g14/g14_18.pdb.sc
65.268,-0.296,129.156,5.635,26.274,1.146,1167.268,2292.152,1124.884,37.0,-1.995,-1302.463,250.784,-273.909,1.902,30.918,491.153,764.18,-0.146,-30.764,-49.521,-16.861,-51.523,6.0,-33.028,269.0,83.0,92.414,-43.78,0.673,1.719,1.946,59.939,175.289,0.67,2.237,87.252,1.259,55.399,0.588,temp_g5_16_0001,run2_g14_g14_19,single-objective/run2/g14/g14_19.pdb.sc
70.686,-0.29,125.607,5.504,16.618,0.728,1183.722,2281.952,1098.231,33.0,-1.995,-1301.201,255.028,-271.263,1.965,31.766,490.893,759.747,-0.185,-30.764,-49.521,-16.231,-51.523,6.0,-32.727,269.0,83.0,92.517,-42.793,0.691,1.68,1.946,60.706,173.546,0.667,2.19,85.415,1.228,54.04,0.588,temp_g11_06_0001,run2_g14_g14_2,single-objective/run2/g14/g14_2.pdb.sc
71.337,-0.272,129.232,5.638,27.063,1.181,1167.268,2292.152,1124.884,37.0,-1.995,-1302.163,253.429,-271.994,1.91,30.997,490.643,762.211,-0.141,-30.764,-49.521,-15.233,-51.523,6.0,-33.142,269.0,83.0,92.414,-42.908,0.712,1.734,1.946,60.649,175.795,0.671,2.256,87.97,1.272,55.967,0.588,temp_g13_11_0001,run2_g14_g14_20,single-objective/run2/g14/g14_20.pdb.sc
65.268,-0.296,129.156,5.635,26.274,1.146,1167.268,2292.152,1124.884,37.0,-1.995,-1302.463,250.784,-273.909,1.902,30.918,491.153,764.18,-0.146,-30.764,-49.521,-16.861,-51.523,6.0,-33.028,269.0,83.0,92.414,-43.78,0.673,1.719,1.946,59.939,175.289,0.67,2.237,87.252,1.259,55.399,0.588,temp_g5_16_0001,run2_g14_g14_21,single-objective/run2/g14/g14_21.pdb.sc
66.653,-0.283,131.283,5.765,29.213,1.283,1166.578,2277.317,1110.739,33.0,-1.995,-1301.788,250.471,-273.934,1.9,30.895,493.348,762.267,-0.131,-30.764,-49.521,-16.861,-51.523,6.0,-32.842,269.0,83.0,92.414,-43.792,0.651,1.758,1.946,59.932,175.925,0.668,2.27,88.52,1.304,57.393,0.576,temp_g14_00_0001,run2_g14_g14_22,single-objective/run2/g14/g14_22.pdb.sc
53.486,-0.351,122.528,5.349,12.856,0.561,1197.992,2290.822,1092.83,35.0,-1.995,-1295.134,247.561,-273.043,1.895,30.759,483.443,754.716,-0.238,-30.764,-49.521,-16.861,-51.523,6.0,-32.859,269.0,83.0,92.517,-44.08,0.742,1.542,1.946,59.295,176.55,0.685,2.151,83.876,1.003,44.133,0.588,temp_g14_20_0001,run2_g14_g14_23,single-objective/run2/g14/g14_23.pdb.sc
282.591,0.499,125.665,5.507,16.521,0.724,1183.722,2281.952,1098.231,35.0,-1.995,-1301.972,252.941,-271.85,1.929,31.244,705.383,759.646,-0.186,-30.764,-49.521,-15.233,-51.523,6.0,-32.601,269.0,83.0,92.467,-42.667,0.67,3.457,1.946,61.044,173.529,0.667,2.191,85.443,4.579,201.461,0.588,temp_g14_03_0001,run2_g14_g14_24,single-objective/run2/g14/g14_24.pdb.sc
69.763,-0.295,120.199,5.14,11.912,0.509,1237.601,2338.706,1101.104,40.0,-1.995,-1303.074,255.533,-270.945,1.97,31.697,490.314,757.41,-0.257,-30.764,-49.521,-16.231,-51.523,6.0,-32.491,269.0,83.0,92.517,-43.03,0.623,1.667,1.946,63.311,174.052,0.673,2.139,83.417,1.248,54.904,0.588,temp_g14_11_0001,run2_g14_g14_3,single-objective/run2/g14/g14_3.pdb.sc
65.268,-0.296,129.156,5.635,26.274,1.146,1167.268,2292.152,1124.884,37.0,-1.995,-1302.463,250.784,-273.909,1.902,30.918,491.153,764.18,-0.146,-30.764,-49.521,-16.861,-51.523,6.0,-33.028,269.0,83.0,92.414,-43.78,0.673,1.719,1.946,59.939,175.289,0.67,2.237,87.252,1.259,55.399,0.588,temp_g5_16_0001,run2_g14_g14_4,single-objective/run2/g14/g14_4.pdb.sc
208.233,0.211,107.829,4.623,2.588,0.111,1169.026,2332.487,1163.46,35.0,-1.995,-1314.897,253.219,-276.75,1.946,30.614,651.037,761.607,-1.478,-30.764,-49.521,-16.861,-51.523,6.0,-33.517,269.0,83.0,92.414,-45.015,0.7,2.508,1.946,59.046,176.661,0.678,1.964,76.61,2.989,131.525,0.588,temp_g12_08_0001,run2_g14_g14_5,single-objective/run2/g14/g14_5.pdb.sc
264.966,0.427,115.14,4.965,7.39,0.319,1154.28,2318.891,1164.612,34.0,-1.995,-1306.853,251.975,-278.119,1.905,30.764,696.834,769.676,-0.415,-30.764,-49.521,-16.861,-51.523,6.0,-34.577,269.0,83.0,92.363,-43.872,0.685,3.251,1.946,60.167,172.846,0.662,2.04,79.55,4.324,190.268,0.576,temp_g14_06_0001,run2_g14_g14_6,single-objective/run2/g14/g14_6.pdb.sc
400.501,0.954,109.767,4.817,1.24,0.054,1225.478,2278.945,1053.467,31.0,-1.995,-1303.214,248.657,-272.098,1.903,30.291,566.138,752.41,-2.473,-30.764,-49.521,-15.233,-50.988,6.0,-33.027,269.0,83.0,91.255,-34.317,0.699,4.092,245.966,83.319,171.13,0.676,1.977,77.091,5.967,262.566,0.588,temp_g12_22_0001,run2_g14_g14_7,single-objective/run2/g14/g14_7.pdb.sc
59.08,-0.319,126.012,5.476,22.402,0.974,1181.539,2301.022,1119.483,35.0,-1.995,-1298.207,249.183,-273.512,1.895,30.779,489.191,758.451,-0.171,-30.764,-49.521,-16.861,-51.523,6.0,-33.255,269.0,83.0,92.414,-44.283,0.755,1.645,1.946,59.094,175.462,0.687,2.197,85.681,1.157,50.891,0.588,temp_g10_09_0001,run2_g14_g14_8,single-objective/run2/g14/g14_8.pdb.sc
65.268,-0.296,129.156,5.635,26.274,1.146,1167.268,2292.152,1124.884,37.0,-1.995,-1302.463,250.784,-273.909,1.902,30.918,491.153,764.18,-0.146,-30.764,-49.521,-16.861,-51.523,6.0,-33.028,269.0,83.0,92.414,-43.78,0.673,1.719,1.946,59.939,175.289,0.67,2.237,87.252,1.259,55.399,0.588,temp_g5_16_0001,run2_g14_g14_9,single-objective/run2/g14/g14_9.pdb.sc
65.268,-0.296,129.156,5.635,26.274,1.146,1167.268,2292.152,1124.884,37.0,-1.995,-1302.463,250.784,-273.909,1.902,30.918,491.153,764.18,-0.146,-30.764,-49.521,-16.861,-51.523,6.0,-33.028,269.0,83.0,92.414,-43.78,0.673,1.719,1.946,59.939,175.289,0.67,2.237,87.252,1.259,55.399,0.588,temp_g5_16_0001,run2_g15_g15_0,single-objective/run2/g15/g15_0.pdb.sc
65.268,-0.296,129.156,5.635,26.274,1.146,1167.268,2292.152,1124.884,37.0,-1.995,-1302.463,250.784,-273.909,1.902,30.918,491.153,764.18,-0.146,-30.764,-49.521,-16.861,-51.523,6.0,-33.028,269.0,83.0,92.414,-43.78,0.673,1.719,1.946,59.939,175.289,0.67,2.237,87.252,1.259,55.399,0.588,temp_g5_16_0001,run2_g15_g15_1,single-objective/run2/g15/g15_1.pdb.sc
65.268,-0.296,129.156,5.635,26.274,1.146,1167.268,2292.152,1124.884,37.0,-1.995,-1302.463,250.784,-273.909,1.902,30.918,491.153,764.18,-0.146,-30.764,-49.521,-16.861,-51.523,6.0,-33.028,269.0,83.0,92.414,-43.78,0.673,1.719,1.946,59.939,175.289,0.67,2.237,87.252,1.259,55.399,0.588,temp_g5_16_0001,run2_g15_g15_10,single-objective/run2/g15/g15_10.pdb.sc
65.268,-0.296,129.156,5.635,26.274,1.146,1167.268,2292.152,1124.884,37.0,-1.995,-1302.463,250.784,-273.909,1.902,30.918,491.153,764.18,-0.146,-30.764,-49.521,-16.861,-51.523,6.0,-33.028,269.0,83.0,92.414,-43.78,0.673,1.719,1.946,59.939,175.289,0.67,2.237,87.252,1.259,55.399,0.588,temp_g5_16_0001,run2_g15_g15_11,single-objective/run2/g15/g15_11.pdb.sc
55.506,-0.345,120.374,5.269,12.976,0.568,1185.429,2284.398,1098.968,35.0,-1.995,-1295.937,248.58,-273.709,1.895,30.79,482.665,758.708,-0.295,-30.764,-49.521,-16.861,-51.523,6.0,-33.288,269.0,83.0,92.517,-43.911,0.696,1.557,1.946,60.393,174.935,0.689,2.123,82.803,1.056,46.455,0.588,temp_g15_23_0001,run2_g15_g15_12,single-objective/run2/g15/g15_12.pdb.sc
70.673,-0.286,130.09,5.798,19.555,0.872,1138.555,2243.647,1105.092,33.0,-1.995,-1288.782,253.716,-271.709,1.94,31.483,482.798,757.969,-0.157,-30.764,-49.521,-16.231,-51.523,6.0,-32.223,269.0,83.0,92.517,-42.796,0.641,1.688,1.946,60.597,172.674,0.652,2.171,84.682,1.26,55.453,0.576,temp_g15_02_0001,run2_g15_g15_13,single-objective/run2/g15/g15_13.pdb.sc
86.294,-0.226,157.747,6.855,34.621,1.504,1163.186,2301.241,1138.055,32.0,-1.995,-1300.242,247.025,-271.774,1.908,30.884,515.304,760.444,-0.101,-30.764,-49.521,-16.533,-51.523,5.0,-31.853,269.0,83.0,92.368,-45.882,0.75,1.935,1.946,57.528,178.387,0.683,2.538,98.988,1.401,61.648,0.588,temp_g15_14_0001,run2_g15_g15_14,single-objective/run2/g15/g15_14.pdb.sc
65.268,-0.296,129.156,5.635,26.274,1.146,1167.268,2292.152,1124.884,37.0,-1.995,-1302.463,250.784,-273.909,1.902,30.918,491.153,764.18,-0.146,-30.764,-49.521,-16.861,-51.523,6.0,-33.028,269.0,83.0,92.414,-43.78,0.673,1.719,1.946,59.939,175.289,0.67,2.237,87.252,1.259,55.399,0.588,temp_g5_16_0001,run2_g15_g15_15,single-objective/run2/g15/g15_15.pdb.sc
65.268,-0.296,129.156,5.635,26.274,1.146,1167.268,2292.152,1124.884,37.0,-1.995,-1302.463,250.784,-273.909,1.902,30.918,491.153,764.18,-0.146,-30.764,-49.521,-16.861,-51.523,6.0,-33.028,269.0,83.0,92.414,-43.78,0.673,1.719,1.946,59.939,175.289,0.67,2.237,87.252,1.259,55.399,0.588,temp_g5_16_0001,run2_g15_g15_16,single-objective/run2/g15/g15_16.pdb.sc
51.557,-0.377,114.418,5.008,9.104,0.398,1214.153,2284.84,1070.686,35.0,-1.995,-1288.507,242.733,-273.101,1.889,30.609,481.683,748.328,-0.42,-30.764,-49.521,-16.861,-51.523,6.0,-31.893,269.0,83.0,92.965,-43.76,0.672,1.453,1.946,59.758,178.985,0.678,2.017,78.664,0.953,41.953,0.588,temp_g15_08_0001,run2_g15_g15_17,single-objective/run2/g15/g15_17.pdb.sc
264.966,0.427,115.14,4.965,7.39,0.319,1154.28,2318.891,1164.612,34.0,-1.995,-1306.853,251.975,-278.119,1.905,30.764,696.834,769.676,-0.415,-30.764,-49.521,-16.861,-51.523,6.0,-34.577,269.0,83.0,92.363,-43.872,0.685,3.251,1.946,60.167,172.846,0.662,2.04,79.55,4.324,190.268,0.576,temp_g14_06_0001,run2_g15_g15_18,single-objective/run2/g15/g15_18.pdb.sc
260.07,0.009,203.628,8.762,99.826,4.296,1181.845,2323.865,1142.019,34.0,-1.995,-1290.718,249.523,-276.594,1.89,30.686,681.005,763.777,-0.035,-30.764,-49.521,-16.861,-51.523,5.0,-32.736,269.0,84.0,92.829,-44.672,0.703,2.659,1.946,58.905,174.308,0.636,3.026,121.039,2.325,102.321,0.588,temp_g15_15_0001,run2_g15_g15_19,single-objective/run2/g15/g15_19.pdb.sc
53.486,-0.351,122.528,5.349,12.856,0.561,1197.992,2290.822,1092.83,35.0,-1.995,-1295.134,247.561,-273.043,1.895,30.759,483.443,754.716,-0.238,-30.764,-49.521,-16.861,-51.523,6.0,-32.859,269.0,83.0,92.517,-44.08,0.742,1.542,1.946,59.295,176.55,0.685,2.151,83.876,1.003,44.133,0.588,temp_g14_20_0001,run2_g15_g15_2,single-objective/run2/g15/g15_2.pdb.sc
58.931,-0.324,125.034,5.396,17.047,0.736,1165.929,2317.046,1151.117,34.0,-1.995,-1287.019,249.523,-276.031,1.888,30.686,473.673,765.12,-0.161,-30.764,-49.521,-16.861,-51.523,5.0,-32.555,269.0,83.0,92.414,-44.08,0.666,1.628,1.946,59.662,173.781,0.642,2.104,82.047,1.206,53.077,0.588,temp_g14_02_0001,run2_g15_g15_20,single-objective/run2/g15/g15_20.pdb.sc
-12.196,-0.582,53.074,2.323,-51.761,-2.265,1190.285,2284.92,1094.635,35.0,-1.995,-1297.804,249.427,-275.236,1.907,30.108,420.111,751.017,0.074,-30.764,-49.521,-15.233,-51.523,6.0,-33.21,269.0,83.0,92.414,-43.868,0.694,0.726,1.946,60.176,179.265,0.672,1.279,49.887,0.235,10.349,0.588,temp_g15_20_0001,run2_g15_g15_21,single-objective/run2/g15/g15_21.pdb.sc
70.686,-0.29,125.607,5.504,16.618,0.728,1183.722,2281.952,1098.231,33.0,-1.995,-1301.201,255.028,-271.263,1.965,31.766,490.893,759.747,-0.185,-30.764,-49.521,-16.231,-51.523,6.0,-32.727,269.0,83.0,92.517,-42.793,0.691,1.68,1.946,60.706,173.546,0.667,2.19,85.415,1.228,54.04,0.588,temp_g11_06_0001,run2_g15_g15_22,single-objective/run2/g15/g15_22.pdb.sc
614.515,1.746,105.808,4.643,0.493,0.022,1225.478,2278.945,1053.467,33.0,-1.995,-1309.001,247.535,-274.89,1.917,30.233,787.205,754.668,-7.759,-30.764,-49.521,-16.861,-50.988,6.0,-32.944,269.0,83.0,91.205,-33.976,0.678,5.877,245.966,84.124,172.015,0.681,1.938,75.577,9.369,412.215,0.588,temp_g13_18_0001,run2_g15_g15_23,single-objective/run2/g15/g15_23.pdb.sc
69.763,-0.295,120.199,5.14,11.912,0.509,1237.601,2338.706,1101.104,40.0,-1.995,-1303.074,255.533,-270.945,1.97,31.697,490.314,757.41,-0.257,-30.764,-49.521,-16.231,-51.523,6.0,-32.491,269.0,83.0,92.517,-43.03,0.623,1.667,1.946,63.311,174.052,0.673,2.139,83.417,1.248,54.904,0.588,temp_g14_11_0001,run2_g15_g15_24,single-objective/run2/g15/g15_24.pdb.sc
65.014,-0.312,123.398,5.408,17.186,0.753,1183.722,2281.952,1098.231,35.0,-1.995,-1297.554,252.403,-271.071,1.903,31.612,484.861,759.171,-0.222,-30.764,-49.521,-16.231,-51.523,6.0,-32.672,269.0,83.0,92.517,-43.141,0.698,1.63,1.946,60.6,173.885,0.672,2.162,84.314,1.159,50.985,0.588,temp_g10_18_0001,run2_g15_g15_3,single-objective/run2/g15/g15_3.pdb.sc
271.83,0.475,105.864,4.642,1.531,0.067,1209.754,2280.551,1070.797,30.0,-1.995,-1300.176,249.317,-273.889,1.901,30.201,544.77,754.55,-2.497,-30.764,-49.521,-15.233,-50.988,6.0,-33.12,269.0,83.0,92.673,-41.538,0.667,3.241,156.168,66.404,172.484,0.681,1.927,75.142,4.406,193.845,0.588,temp_g15_07_0001,run2_g15_g15_4,single-objective/run2/g15/g15_4.pdb.sc
65.268,-0.296,129.156,5.635,26.274,1.146,1167.268,2292.152,1124.884,37.0,-1.995,-1302.463,250.784,-273.909,1.902,30.918,491.153,764.18,-0.146,-30.764,-49.521,-16.861,-51.523,6.0,-33.028,269.0,83.0,92.414,-43.78,0.673,1.719,1.946,59.939,175.289,0.67,2.237,87.252,1.259,55.399,0.588,temp_g5_16_0001,run2_g15_g15_5,single-objective/run2/g15/g15_5.pdb.sc
44.293,-0.394,109.708,4.703,6.036,0.259,1169.026,2332.487,1163.46,33.0,-1.995,-1305.523,250.983,-276.991,1.907,30.451,478.035,765.546,-0.634,-30.764,-49.521,-16.861,-51.523,6.0,-33.713,269.0,83.0,92.414,-44.652,0.66,1.402,1.946,59.258,174.71,0.677,1.977,77.088,0.893,39.311,0.588,temp_g15_01_0001,run2_g15_g15_6,single-objective/run2/g15/g15_6.pdb.sc
36.494,-0.4,101.762,4.404,0.696,0.03,1162.657,2310.833,1148.176,37.0,-1.995,-1303.704,250.751,-275.652,1.907,30.826,468.83,761.026,-5.496,-30.764,-49.521,-16.861,-51.523,6.0,-33.469,269.0,83.0,92.414,-44.054,0.711,1.375,1.946,59.656,176.095,0.677,1.904,74.244,0.907,39.904,0.588,temp_g13_01_0001,run2_g15_g15_7,single-objective/run2/g15/g15_7.pdb.sc
59.08,-0.319,126.012,5.476,22.402,0.974,1181.539,2301.022,1119.483,35.0,-1.995,-1298.207,249.183,-273.512,1.895,30.779,489.191,758.451,-0.171,-30.764,-49.521,-16.861,-51.523,6.0,-33.255,269.0,83.0,92.414,-44.283,0.755,1.645,1.946,59.094,175.462,0.687,2.197,85.681,1.157,50.891,0.588,temp_g10_09_0001,run2_g15_g15_8,single-objective/run2/g15/g15_8.pdb.sc
36.494,-0.403,101.65,4.399,-0.309,-0.013,1162.657,2310.833,1148.176,35.0,-1.995,-1303.704,250.751,-275.652,1.907,30.826,468.83,761.026,12.375,-30.764,-49.521,-16.861,-51.523,6.0,-33.469,269.0,83.0,92.414,-44.054,0.704,1.37,1.946,59.656,176.095,0.676,1.885,73.508,0.913,40.189,0.588,temp_g14_22_0001,run2_g15_g15_9,single-objective/run2/g15/g15_9.pdb.sc
-12.196,-0.582,53.074,2.323,-51.761,-2.265,1190.285,2284.92,1094.635,35.0,-1.995,-1297.804,249.427,-275.236,1.907,30.108,420.111,751.017,0.074,-30.764,-49.521,-15.233,-51.523,6.0,-33.21,269.0,83.0,92.414,-43.868,0.694,0.726,1.946,60.176,179.265,0.672,1.279,49.887,0.235,10.349,0.588,temp_g15_20_0001,run2_g16_g16_0,single-objective/run2/g16/g16_0.pdb.sc
65.268,-0.296,129.156,5.635,26.274,1.146,1167.268,2292.152,1124.884,37.0,-1.995,-1302.463,250.784,-273.909,1.902,30.918,491.153,764.18,-0.146,-30.764,-49.521,-16.861,-51.523,6.0,-33.028,269.0,83.0,92.414,-43.78,0.673,1.719,1.946,59.939,175.289,0.67,2.237,87.252,1.259,55.399,0.588,temp_g5_16_0001,run2_g16_g16_1,single-objective/run2/g16/g16_1.pdb.sc
63.296,-0.32,115.447,4.877,3.503,0.148,1233.752,2366.965,1133.212,33.0,-1.995,-1287.815,254.272,-273.01,1.956,31.465,472.833,758.349,-0.998,-30.764,-49.521,-16.231,-51.523,5.0,-32.018,269.0,83.0,92.517,-43.33,0.643,1.58,1.946,63.034,172.544,0.663,2.015,78.593,1.194,52.548,0.588,temp_g16_24_0001,run2_g16_g16_10,single-objective/run2/g16/g16_10.pdb.sc
56.323,-0.36,116.621,5.104,9.596,0.42,1214.153,2284.84,1070.686,35.0,-1.995,-1286.386,243.506,-271.609,1.886,30.577,481.298,748.307,-0.32,-30.764,-49.521,-15.233,-51.523,6.0,-32.157,269.0,83.0,92.965,-43.213,0.655,1.484,1.946,60.107,177.543,0.673,2.045,79.761,0.987,43.425,0.588,temp_g16_17_0001,run2_g16_g16_11,single-objective/run2/g16/g16_11.pdb.sc
42.563,-0.381,101.614,4.397,-1.413,-0.061,1162.657,2310.833,1148.176,35.0,-1.995,-1303.404,253.396,-273.738,1.915,30.905,468.319,759.058,2.706,-30.764,-49.521,-15.233,-51.523,6.0,-33.583,269.0,83.0,92.414,-43.182,0.704,1.38,1.946,60.366,176.6,0.676,1.884,73.49,0.933,41.042,0.588,temp_g16_07_0001,run2_g16_g16_12,single-objective/run2/g16/g16_12.pdb.sc
59.08,-0.319,126.012,5.476,22.402,0.974,1181.539,2301.022,1119.483,35.0,-1.995,-1298.207,249.183,-273.512,1.895,30.779,489.191,758.451,-0.171,-30.764,-49.521,-16.861,-51.523,6.0,-33.255,269.0,83.0,92.414,-44.283,0.755,1.645,1.946,59.094,175.462,0.687,2.197,85.681,1.157,50.891,0.588,temp_g10_09_0001,run2_g16_g16_13,single-objective/run2/g16/g16_13.pdb.sc
264.966,0.427,115.14,4.965,7.39,0.319,1154.28,2318.891,1164.612,34.0,-1.995,-1306.853,251.975,-278.119,1.905,30.764,696.834,769.676,-0.415,-30.764,-49.521,-16.861,-51.523,6.0,-34.577,269.0,83.0,92.363,-43.872,0.685,3.251,1.946,60.167,172.846,0.662,2.04,79.55,4.324,190.268,0.576,temp_g14_06_0001,run2_g16_g16_14,single-objective/run2/g16/g16_14.pdb.sc
596.67,1.107,411.577,18.22,380.184,16.831,1134.932,2258.897,1123.965,35.0,-1.995,-1300.014,257.584,-274.049,1.943,31.708,999.643,774.351,-0.01,-30.764,-49.521,-16.231,-51.523,6.0,-31.958,269.0,84.0,92.933,-42.73,0.705,6.114,1.946,65.042,169.73,0.622,5.628,225.122,6.556,288.473,0.576,temp_g16_13_0001,run2_g16_g16_15,single-objective/run2/g16/g16_15.pdb.sc
44.293,-0.394,109.708,4.703,6.036,0.259,1169.026,2332.487,1163.46,33.0,-1.995,-1305.523,250.983,-276.991,1.907,30.451,478.035,765.546,-0.634,-30.764,-49.521,-16.861,-51.523,6.0,-33.713,269.0,83.0,92.414,-44.652,0.66,1.402,1.946,59.258,174.71,0.677,1.977,77.088,0.893,39.311,0.588,temp_g15_01_0001,run2_g16_g16_16,single-objective/run2/g16/g16_16.pdb.sc
86.294,-0.226,157.747,6.855,34.621,1.504,1163.186,2301.241,1138.055,32.0,-1.995,-1300.242,247.025,-271.774,1.908,30.884,515.304,760.444,-0.101,-30.764,-49.521,-16.533,-51.523,5.0,-31.853,269.0,83.0,92.368,-45.882,0.75,1.935,1.946,57.528,178.387,0.683,2.538,98.988,1.401,61.648,0.588,temp_g15_14_0001,run2_g16_g16_17,single-objective/run2/g16/g16_17.pdb.sc
271.83,0.475,105.864,4.642,1.531,0.067,1209.754,2280.551,1070.797,30.0,-1.995,-1300.176,249.317,-273.889,1.901,30.201,544.77,754.55,-2.497,-30.764,-49.521,-15.233,-50.988,6.0,-33.12,269.0,83.0,92.673,-41.538,0.667,3.241,156.168,66.404,172.484,0.681,1.927,75.142,4.406,193.845,0.588,temp_g15_07_0001,run2_g16_g16_18,single-objective/run2/g16/g16_18.pdb.sc
65.268,-0.296,129.156,5.635,26.274,1.146,1167.268,2292.152,1124.884,37.0,-1.995,-1302.463,250.784,-273.909,1.902,30.918,491.153,764.18,-0.146,-30.764,-49.521,-16.861,-51.523,6.0,-33.028,269.0,83.0,92.414,-43.78,0.673,1.719,1.946,59.939,175.289,0.67,2.237,87.252,1.259,55.399,0.588,temp_g5_16_0001,run2_g16_g16_19,single-objective/run2/g16/g16_19.pdb.sc
65.268,-0.296,129.156,5.635,26.274,1.146,1167.268,2292.152,1124.884,37.0,-1.995,-1302.463,250.784,-273.909,1.902,30.918,491.153,764.18,-0.146,-30.764,-49.521,-16.861,-51.523,6.0,-33.028,269.0,83.0,92.414,-43.78,0.673,1.719,1.946,59.939,175.289,0.67,2.237,87.252,1.259,55.399,0.588,temp_g5_16_0001,run2_g16_g16_2,single-objective/run2/g16/g16_2.pdb.sc
69.763,-0.295,120.199,5.14,11.912,0.509,1237.601,2338.706,1101.104,40.0,-1.995,-1303.074,255.533,-270.945,1.97,31.697,490.314,757.41,-0.257,-30.764,-49.521,-16.231,-51.523,6.0,-32.491,269.0,83.0,92.517,-43.03,0.623,1.667,1.946,63.311,174.052,0.673,2.139,83.417,1.248,54.904,0.588,temp_g14_11_0001,run2_g16_g16_20,single-objective/run2/g16/g16_20.pdb.sc
-19.501,-0.599,49.842,2.192,-52.339,-2.302,1214.188,2274.047,1059.86,32.0,-1.995,-1290.601,242.977,-274.828,1.902,29.938,417.702,739.794,0.073,-30.764,-49.521,-15.233,-51.523,6.0,-31.919,269.0,83.0,92.414,-43.849,0.727,0.669,1.946,60.158,183.314,0.664,1.237,48.248,0.166,7.289,0.588,temp_g16_21_0001,run2_g16_g16_21,single-objective/run2/g16/g16_21.pdb.sc
36.494,-0.4,101.762,4.404,0.696,0.03,1162.657,2310.833,1148.176,37.0,-1.995,-1303.704,250.751,-275.652,1.907,30.826,468.83,761.026,-5.496,-30.764,-49.521,-16.861,-51.523,6.0,-33.469,269.0,83.0,92.414,-44.054,0.711,1.375,1.946,59.656,176.095,0.677,1.904,74.244,0.907,39.904,0.588,temp_g13_01_0001,run2_g16_g16_22,single-objective/run2/g16/g16_22.pdb.sc
-18.52,-0.62,47.351,2.082,-60.029,-2.639,1206.738,2274.72,1067.981,33.0,-1.995,-1293.195,248.401,-274.312,1.899,30.724,414.329,747.976,0.064,-30.764,-49.521,-16.231,-51.523,6.0,-32.74,269.0,83.0,92.517,-44.101,0.753,0.627,1.946,60.127,177.355,0.675,1.204,46.967,0.116,5.083,0.588,temp_g16_03_0001,run2_g16_g16_23,single-objective/run2/g16/g16_23.pdb.sc
56.89,-0.338,122.829,5.412,15.231,0.671,1184.739,2269.562,1084.823,35.0,-1.995,-1295.262,248.268,-273.734,1.892,30.767,484.86,756.795,-0.201,-30.764,-49.521,-16.861,-51.523,6.0,-33.103,269.0,83.0,92.517,-43.922,0.711,1.581,1.946,60.385,175.572,0.682,2.154,84.013,1.073,47.209,0.576,temp_g16_12_0001,run2_g16_g16_24,single-objective/run2/g16/g16_24.pdb.sc
65.268,-0.296,129.156,5.635,26.274,1.146,1167.268,2292.152,1124.884,37.0,-1.995,-1302.463,250.784,-273.909,1.902,30.918,491.153,764.18,-0.146,-30.764,-49.521,-16.861,-51.523,6.0,-33.028,269.0,83.0,92.414,-43.78,0.673,1.719,1.946,59.939,175.289,0.67,2.237,87.252,1.259,55.399,0.588,temp_g5_16_0001,run2_g16_g16_3,single-objective/run2/g16/g16_3.pdb.sc
65.268,-0.296,129.156,5.635,26.274,1.146,1167.268,2292.152,1124.884,37.0,-1.995,-1302.463,250.784,-273.909,1.902,30.918,491.153,764.18,-0.146,-30.764,-49.521,-16.861,-51.523,6.0,-33.028,269.0,83.0,92.414,-43.78,0.673,1.719,1.946,59.939,175.289,0.67,2.237,87.252,1.259,55.399,0.588,temp_g5_16_0001,run2_g16_g16_4,single-objective/run2/g16/g16_4.pdb.sc
55.506,-0.345,120.374,5.269,12.976,0.568,1185.429,2284.398,1098.968,35.0,-1.995,-1295.937,248.58,-273.709,1.895,30.79,482.665,758.708,-0.295,-30.764,-49.521,-16.861,-51.523,6.0,-33.288,269.0,83.0,92.517,-43.911,0.696,1.557,1.946,60.393,174.935,0.689,2.123,82.803,1.056,46.455,0.588,temp_g15_23_0001,run2_g16_g16_5,single-objective/run2/g16/g16_5.pdb.sc
-12.196,-0.582,53.074,2.323,-51.761,-2.265,1190.285,2284.92,1094.635,35.0,-1.995,-1297.804,249.427,-275.236,1.907,30.108,420.111,751.017,0.074,-30.764,-49.521,-15.233,-51.523,6.0,-33.21,269.0,83.0,92.414,-43.868,0.694,0.726,1.946,60.176,179.265,0.672,1.279,49.887,0.235,10.349,0.588,temp_g15_20_0001,run2_g16_g16_6,single-objective/run2/g16/g16_6.pdb.sc
65.268,-0.296,129.156,5.635,26.274,1.146,1167.268,2292.152,1124.884,37.0,-1.995,-1302.463,250.784,-273.909,1.902,30.918,491.153,764.18,-0.146,-30.764,-49.521,-16.861,-51.523,6.0,-33.028,269.0,83.0,92.414,-43.78,0.673,1.719,1.946,59.939,175.289,0.67,2.237,87.252,1.259,55.399,0.588,temp_g5_16_0001,run2_g16_g16_7,single-objective/run2/g16/g16_7.pdb.sc
70.673,-0.286,130.09,5.798,19.555,0.872,1138.555,2243.647,1105.092,33.0,-1.995,-1288.782,253.716,-271.709,1.94,31.483,482.798,757.969,-0.157,-30.764,-49.521,-16.231,-51.523,6.0,-32.223,269.0,83.0,92.517,-42.796,0.641,1.688,1.946,60.597,172.674,0.652,2.171,84.682,1.26,55.453,0.576,temp_g15_02_0001,run2_g16_g16_8,single-objective/run2/g16/g16_8.pdb.sc
614.515,1.746,105.808,4.643,0.493,0.022,1225.478,2278.945,1053.467,33.0,-1.995,-1309.001,247.535,-274.89,1.917,30.233,787.205,754.668,-7.759,-30.764,-49.521,-16.861,-50.988,6.0,-32.944,269.0,83.0,91.205,-33.976,0.678,5.877,245.966,84.124,172.015,0.681,1.938,75.577,9.369,412.215,0.588,temp_g13_18_0001,run2_g16_g16_9,single-objective/run2/g16/g16_9.pdb.sc
-18.52,-0.62,47.351,2.082,-60.029,-2.639,1206.738,2274.72,1067.981,33.0,-1.995,-1293.195,248.401,-274.312,1.899,30.724,414.329,747.976,0.064,-30.764,-49.521,-16.231,-51.523,6.0,-32.74,269.0,83.0,92.517,-44.101,0.753,0.627,1.946,60.127,177.355,0.675,1.204,46.967,0.116,5.083,0.588,temp_g16_03_0001,run2_g17_g17_0,single-objective/run2/g17/g17_0.pdb.sc
-19.501,-0.599,49.842,2.192,-52.339,-2.302,1214.188,2274.047,1059.86,32.0,-1.995,-1290.601,242.977,-274.828,1.902,29.938,417.702,739.794,0.073,-30.764,-49.521,-15.233,-51.523,6.0,-31.919,269.0,83.0,92.414,-43.849,0.727,0.669,1.946,60.158,183.314,0.664,1.237,48.248,0.166,7.289,0.588,temp_g16_21_0001,run2_g17_g17_1,single-objective/run2/g17/g17_1.pdb.sc
-12.196,-0.582,53.074,2.323,-51.761,-2.265,1190.285,2284.92,1094.635,35.0,-1.995,-1297.804,249.427,-275.236,1.907,30.108,420.111,751.017,0.074,-30.764,-49.521,-15.233,-51.523,6.0,-33.21,269.0,83.0,92.414,-43.868,0.694,0.726,1.946,60.176,179.265,0.672,1.279,49.887,0.235,10.349,0.588,temp_g15_20_0001,run2_g17_g17_10,single-objective/run2/g17/g17_10.pdb.sc
65.268,-0.296,129.156,5.635,26.274,1.146,1167.268,2292.152,1124.884,37.0,-1.995,-1302.463,250.784,-273.909,1.902,30.918,491.153,764.18,-0.146,-30.764,-49.521,-16.861,-51.523,6.0,-33.028,269.0,83.0,92.414,-43.78,0.673,1.719,1.946,59.939,175.289,0.67,2.237,87.252,1.259,55.399,0.588,temp_g5_16_0001,run2_g17_g17_11,single-objective/run2/g17/g17_11.pdb.sc
-19.501,-0.599,49.842,2.192,-52.339,-2.302,1214.188,2274.047,1059.86,32.0,-1.995,-1290.601,242.977,-274.828,1.902,29.938,417.702,739.794,0.073,-30.764,-49.521,-15.233,-51.523,6.0,-31.919,269.0,83.0,92.414,-43.849,0.727,0.669,1.946,60.158,183.314,0.664,1.237,48.248,0.166,7.289,0.588,temp_g16_21_0001,run2_g17_g17_12,single-objective/run2/g17/g17_12.pdb.sc
-18.265,-0.606,52.998,2.319,-51.396,-2.249,1190.285,2284.92,1094.635,35.0,-1.995,-1298.104,246.782,-277.15,1.899,30.029,420.621,752.985,0.074,-30.764,-49.521,-16.861,-51.523,6.0,-33.095,269.0,83.0,92.414,-44.74,0.696,0.71,1.946,59.466,178.759,0.671,1.261,49.169,0.222,9.782,0.588,temp_g17_19_0001,run2_g17_g17_13,single-objective/run2/g17/g17_13.pdb.sc
42.563,-0.381,101.614,4.397,-1.413,-0.061,1162.657,2310.833,1148.176,35.0,-1.995,-1303.404,253.396,-273.738,1.915,30.905,468.319,759.058,2.706,-30.764,-49.521,-15.233,-51.523,6.0,-33.583,269.0,83.0,92.414,-43.182,0.704,1.38,1.946,60.366,176.6,0.676,1.884,73.49,0.933,41.042,0.588,temp_g16_07_0001,run2_g17_g17_14,single-objective/run2/g17/g17_14.pdb.sc
-11.702,-0.583,52.975,2.318,-52.388,-2.293,1190.285,2284.92,1094.635,35.0,-1.995,-1296.717,249.876,-275.607,1.918,30.043,420.151,752.632,0.073,-30.764,-49.521,-15.233,-51.523,6.0,-33.393,269.0,83.0,92.414,-44.74,0.738,0.73,1.946,59.466,178.759,0.671,1.26,49.157,0.259,11.391,0.588,temp_g17_06_0001,run2_g17_g17_15,single-objective/run2/g17/g17_15.pdb.sc
614.515,1.746,105.808,4.643,0.493,0.022,1225.478,2278.945,1053.467,33.0,-1.995,-1309.001,247.535,-274.89,1.917,30.233,787.205,754.668,-7.759,-30.764,-49.521,-16.861,-50.988,6.0,-32.944,269.0,83.0,91.205,-33.976,0.678,5.877,245.966,84.124,172.015,0.681,1.938,75.577,9.369,412.215,0.588,temp_g13_18_0001,run2_g17_g17_16,single-objective/run2/g17/g17_16.pdb.sc
43.057,-0.379,103.859,4.494,0.275,0.012,1162.657,2310.833,1148.176,33.0,-1.995,-1302.318,253.844,-274.109,1.926,30.84,468.359,760.673,-11.144,-30.764,-49.521,-15.233,-51.523,6.0,-33.767,269.0,83.0,92.414,-44.054,0.69,1.392,1.946,59.656,176.095,0.671,1.913,74.608,0.931,40.949,0.588,temp_g17_12_0001,run2_g17_g17_17,single-objective/run2/g17/g17_17.pdb.sc
21.351,-0.459,92.411,4.026,-20.067,-0.874,1196.302,2295.573,1099.271,31.0,-1.995,-1300.889,246.336,-273.906,1.914,30.113,453.824,752.507,0.153,-30.764,-49.521,-15.233,-51.523,6.0,-32.047,269.0,83.0,92.414,-43.871,0.743,1.119,1.946,60.184,181.275,0.673,1.738,67.781,0.57,25.066,0.588,temp_g17_00_0001,run2_g17_g17_18,single-objective/run2/g17/g17_18.pdb.sc
65.268,-0.296,129.156,5.635,26.274,1.146,1167.268,2292.152,1124.884,37.0,-1.995,-1302.463,250.784,-273.909,1.902,30.918,491.153,764.18,-0.146,-30.764,-49.521,-16.861,-51.523,6.0,-33.028,269.0,83.0,92.414,-43.78,0.673,1.719,1.946,59.939,175.289,0.67,2.237,87.252,1.259,55.399,0.588,temp_g5_16_0001,run2_g17_g17_19,single-objective/run2/g17/g17_19.pdb.sc
-18.395,-0.619,47.218,2.076,-61.659,-2.711,1206.738,2274.72,1067.981,33.0,-1.995,-1290.202,245.095,-274.863,1.894,29.951,413.799,745.453,0.062,-30.764,-49.521,-15.233,-51.523,6.0,-32.676,269.0,83.0,92.288,-43.133,0.657,0.632,1.946,61.008,179.494,0.674,1.185,46.22,0.142,6.23,0.588,temp_g17_23_0001,run2_g17_g17_2,single-objective/run2/g17/g17_2.pdb.sc
65.268,-0.296,129.156,5.635,26.274,1.146,1167.268,2292.152,1124.884,37.0,-1.995,-1302.463,250.784,-273.909,1.902,30.918,491.153,764.18,-0.146,-30.764,-49.521,-16.861,-51.523,6.0,-33.028,269.0,83.0,92.414,-43.78,0.673,1.719,1.946,59.939,175.289,0.67,2.237,87.252,1.259,55.399,0.588,temp_g5_16_0001,run2_g17_g17_20,single-objective/run2/g17/g17_20.pdb.sc
-17.378,-0.593,52.665,2.312,-53.371,-2.343,1197.533,2278.008,1080.475,32.0,-1.995,-1291.581,244.301,-275.224,1.902,29.978,416.882,744.764,0.057,-30.764,-49.521,-15.233,-51.523,6.0,-32.415,269.0,83.0,92.414,-43.825,0.663,0.693,1.946,60.23,181.7,0.664,1.256,48.976,0.194,8.551,0.588,temp_g17_21_0001,run2_g17_g17_21,single-objective/run2/g17/g17_21.pdb.sc
44.28,-0.39,116.423,5.075,8.427,0.367,1123.86,2294.182,1170.322,31.0,-1.995,-1293.104,249.671,-277.437,1.881,30.168,469.94,763.767,-0.364,-30.764,-49.521,-16.861,-51.523,6.0,-33.209,269.0,83.0,92.414,-44.655,0.7,1.414,1.946,59.148,173.838,0.658,1.986,77.467,0.906,39.875,0.576,temp_g17_16_0001,run2_g17_g17_22,single-objective/run2/g17/g17_22.pdb.sc
170.79,-0.041,186.041,7.858,71.671,3.027,1218.623,2367.644,1149.021,32.0,-1.995,-1292.09,253.99,-274.163,1.964,31.479,582.705,757.942,-0.051,-30.764,-49.521,-16.054,-51.523,6.0,-31.777,269.0,83.0,92.517,-42.618,0.654,2.487,1.946,64.181,173.985,0.635,2.907,113.354,2.116,93.108,0.588,temp_g17_10_0001,run2_g17_g17_23,single-objective/run2/g17/g17_23.pdb.sc
59.08,-0.319,126.012,5.476,22.402,0.974,1181.539,2301.022,1119.483,35.0,-1.995,-1298.207,249.183,-273.512,1.895,30.779,489.191,758.451,-0.171,-30.764,-49.521,-16.861,-51.523,6.0,-33.255,269.0,83.0,92.414,-44.283,0.755,1.645,1.946,59.094,175.462,0.687,2.197,85.681,1.157,50.891,0.588,temp_g10_09_0001,run2_g17_g17_24,single-objective/run2/g17/g17_24.pdb.sc
-18.265,-0.606,52.998,2.319,-50.978,-2.231,1190.285,2284.92,1094.635,33.0,-1.995,-1298.104,246.782,-277.15,1.899,30.029,420.621,752.985,0.075,-30.764,-49.521,-16.861,-51.523,6.0,-33.095,269.0,83.0,92.414,-44.74,0.738,0.71,1.946,59.466,178.759,0.671,1.261,49.169,0.222,9.782,0.588,temp_g17_22_0001,run2_g17_g17_3,single-objective/run2/g17/g17_3.pdb.sc
65.268,-0.296,129.156,5.635,26.274,1.146,1167.268,2292.152,1124.884,37.0,-1.995,-1302.463,250.784,-273.909,1.902,30.918,491.153,764.18,-0.146,-30.764,-49.521,-16.861,-51.523,6.0,-33.028,269.0,83.0,92.414,-43.78,0.673,1.719,1.946,59.939,175.289,0.67,2.237,87.252,1.259,55.399,0.588,temp_g5_16_0001,run2_g17_g17_4,single-objective/run2/g17/g17_4.pdb.sc
68.91,-0.298,117.951,5.043,11.615,0.497,1237.601,2338.706,1101.104,40.0,-1.995,-1306.992,256.588,-271.416,1.971,31.698,491.407,754.987,-0.329,-30.764,-49.521,-16.231,-51.523,6.0,-32.264,269.0,83.0,92.517,-43.122,0.672,1.668,1.946,63.441,177.596,0.678,2.11,82.297,1.277,56.184,0.588,temp_g17_20_0001,run2_g17_g17_5,single-objective/run2/g17/g17_5.pdb.sc
72.822,-0.281,125.644,5.571,19.84,0.88,1139.488,2255.434,1115.945,36.0,-1.995,-1293.692,254.735,-272.154,1.944,31.713,486.35,761.76,-0.155,-30.764,-49.521,-16.231,-51.523,6.0,-33.124,269.0,83.0,92.517,-42.156,0.682,1.705,1.946,60.817,171.623,0.653,2.181,85.067,1.284,56.482,0.576,temp_g17_08_0001,run2_g17_g17_6,single-objective/run2/g17/g17_6.pdb.sc
65.268,-0.296,129.156,5.635,26.274,1.146,1167.268,2292.152,1124.884,37.0,-1.995,-1302.463,250.784,-273.909,1.902,30.918,491.153,764.18,-0.146,-30.764,-49.521,-16.861,-51.523,6.0,-33.028,269.0,83.0,92.414,-43.78,0.673,1.719,1.946,59.939,175.289,0.67,2.237,87.252,1.259,55.399,0.588,temp_g5_16_0001,run2_g17_g17_7,single-objective/run2/g17/g17_7.pdb.sc
264.524,0.406,91.975,4.06,-11.461,-0.506,1242.879,2265.199,1022.321,34.0,-1.995,-1290.244,242.866,-273.406,1.895,30.031,537.261,744.338,0.268,-30.764,-49.521,-15.233,-50.988,6.0,-31.755,269.0,83.0,93.225,-41.015,0.648,3.015,156.168,67.068,176.007,0.665,1.741,67.896,4.145,182.36,0.588,temp_g17_18_0001,run2_g17_g17_8,single-objective/run2/g17/g17_8.pdb.sc
-12.196,-0.582,53.074,2.323,-51.761,-2.265,1190.285,2284.92,1094.635,35.0,-1.995,-1297.804,249.427,-275.236,1.907,30.108,420.111,751.017,0.074,-30.764,-49.521,-15.233,-51.523,6.0,-33.21,269.0,83.0,92.414,-43.868,0.694,0.726,1.946,60.176,179.265,0.672,1.279,49.887,0.235,10.349,0.588,temp_g15_20_0001,run2_g17_g17_9,single-objective/run2/g17/g17_9.pdb.sc
-18.395,-0.619,47.218,2.076,-61.659,-2.711,1206.738,2274.72,1067.981,33.0,-1.995,-1290.202,245.095,-274.863,1.894,29.951,413.799,745.453,0.062,-30.764,-49.521,-15.233,-51.523,6.0,-32.676,269.0,83.0,92.288,-43.133,0.657,0.632,1.946,61.008,179.494,0.674,1.185,46.22,0.142,6.23,0.588,temp_g17_23_0001,run2_g18_g18_0,single-objective/run2/g18/g18_0.pdb.sc
-18.52,-0.62,47.351,2.082,-60.029,-2.639,1206.738,2274.72,1067.981,33.0,-1.995,-1293.195,248.401,-274.312,1.899,30.724,414.329,747.976,0.064,-30.764,-49.521,-16.231,-51.523,6.0,-32.74,269.0,83.0,92.517,-44.101,0.753,0.627,1.946,60.127,177.355,0.675,1.204,46.967,0.116,5.083,0.588,temp_g16_03_0001,run2_g18_g18_1,single-objective/run2/g18/g18_1.pdb.sc
-12.196,-0.582,53.074,2.323,-51.761,-2.265,1190.285,2284.92,1094.635,35.0,-1.995,-1297.804,249.427,-275.236,1.907,30.108,420.111,751.017,0.074,-30.764,-49.521,-15.233,-51.523,6.0,-33.21,269.0,83.0,92.414,-43.868,0.694,0.726,1.946,60.176,179.265,0.672,1.279,49.887,0.235,10.349,0.588,temp_g15_20_0001,run2_g18_g18_10,single-objective/run2/g18/g18_10.pdb.sc
-7.626,-0.572,57.083,2.478,-47.959,-2.082,1194.648,2303.999,1109.35,33.0,-1.995,-1301.403,252.286,-274.563,1.912,30.337,423.475,753.456,0.077,-30.764,-49.521,-15.571,-51.523,7.0,-33.574,269.0,83.0,92.414,-43.602,0.739,0.762,1.946,60.263,178.215,0.667,1.312,51.184,0.273,12.03,0.588,temp_g18_10_0001,run2_g18_g18_11,single-objective/run2/g18/g18_11.pdb.sc
-12.196,-0.582,53.074,2.323,-51.761,-2.265,1190.285,2284.92,1094.635,35.0,-1.995,-1297.804,249.427,-275.236,1.907,30.108,420.111,751.017,0.074,-30.764,-49.521,-15.233,-51.523,6.0,-33.21,269.0,83.0,92.414,-43.868,0.694,0.726,1.946,60.176,179.265,0.672,1.279,49.887,0.235,10.349,0.588,temp_g15_20_0001,run2_g18_g18_12,single-objective/run2/g18/g18_12.pdb.sc
-18.534,-0.611,46.719,2.023,-59.339,-2.569,1188.946,2309.813,1120.868,32.0,-1.995,-1282.361,248.166,-277.358,1.893,29.876,402.631,751.957,0.059,-30.764,-49.521,-15.233,-51.523,5.0,-32.737,269.0,83.0,92.414,-44.168,0.721,0.632,1.946,59.899,177.757,0.649,1.117,43.57,0.202,8.877,0.588,temp_g18_09_0001,run2_g18_g18_13,single-objective/run2/g18/g18_13.pdb.sc
-17.378,-0.593,52.665,2.312,-53.371,-2.343,1197.533,2278.008,1080.475,32.0,-1.995,-1291.581,244.301,-275.224,1.902,29.978,416.882,744.764,0.057,-30.764,-49.521,-15.233,-51.523,6.0,-32.415,269.0,83.0,92.414,-43.825,0.663,0.693,1.946,60.23,181.7,0.664,1.256,48.976,0.194,8.551,0.588,temp_g17_21_0001,run2_g18_g18_14,single-objective/run2/g18/g18_14.pdb.sc
-17.515,-0.594,50.432,2.214,-52.506,-2.305,1197.533,2278.008,1080.475,32.0,-1.995,-1290.72,244.128,-275.099,1.908,30.082,416.907,744.634,0.073,-30.764,-49.521,-15.233,-51.523,6.0,-32.324,269.0,83.0,92.414,-44.35,0.669,0.693,1.946,59.704,181.704,0.669,1.227,47.864,0.219,9.639,0.588,temp_g18_21_0001,run2_g18_g18_15,single-objective/run2/g18/g18_15.pdb.sc
43.057,-0.379,103.859,4.494,0.275,0.012,1162.657,2310.833,1148.176,33.0,-1.995,-1302.318,253.844,-274.109,1.926,30.84,468.359,760.673,-11.144,-30.764,-49.521,-15.233,-51.523,6.0,-33.767,269.0,83.0,92.414,-44.054,0.69,1.392,1.946,59.656,176.095,0.671,1.913,74.608,0.931,40.949,0.588,temp_g17_12_0001,run2_g18_g18_16,single-objective/run2/g18/g18_16.pdb.sc
65.268,-0.296,129.156,5.635,26.274,1.146,1167.268,2292.152,1124.884,37.0,-1.995,-1302.463,250.784,-273.909,1.902,30.918,491.153,764.18,-0.146,-30.764,-49.521,-16.861,-51.523,6.0,-33.028,269.0,83.0,92.414,-43.78,0.673,1.719,1.946,59.939,175.289,0.67,2.237,87.252,1.259,55.399,0.588,temp_g5_16_0001,run2_g18_g18_17,single-objective/run2/g18/g18_17.pdb.sc
114.284,-0.11,177.935,7.732,75.905,3.298,1199.806,2301.327,1101.521,33.0,-1.995,-1305.396,249.185,-273.376,1.908,30.967,541.666,765.107,-0.05,-30.764,-49.521,-16.861,-51.523,6.0,-32.794,269.0,83.0,92.414,-43.913,0.689,2.318,1.946,59.918,176.731,0.664,2.911,113.514,1.793,78.909,0.588,temp_g18_11_0001,run2_g18_g18_18,single-objective/run2/g18/g18_18.pdb.sc
264.524,0.406,91.975,4.06,-11.461,-0.506,1242.879,2265.199,1022.321,34.0,-1.995,-1290.244,242.866,-273.406,1.895,30.031,537.261,744.338,0.268,-30.764,-49.521,-15.233,-50.988,6.0,-31.755,269.0,83.0,93.225,-41.015,0.648,3.015,156.168,67.068,176.007,0.665,1.741,67.896,4.145,182.36,0.588,temp_g17_18_0001,run2_g18_g18_19,single-objective/run2/g18/g18_19.pdb.sc
-18.265,-0.606,52.998,2.319,-50.978,-2.231,1190.285,2284.92,1094.635,33.0,-1.995,-1298.104,246.782,-277.15,1.899,30.029,420.621,752.985,0.075,-30.764,-49.521,-16.861,-51.523,6.0,-33.095,269.0,83.0,92.414,-44.74,0.738,0.71,1.946,59.466,178.759,0.671,1.261,49.169,0.222,9.782,0.588,temp_g17_22_0001,run2_g18_g18_2,single-objective/run2/g18/g18_2.pdb.sc
-11.702,-0.583,52.975,2.318,-52.388,-2.293,1190.285,2284.92,1094.635,35.0,-1.995,-1296.717,249.876,-275.607,1.918,30.043,420.151,752.632,0.073,-30.764,-49.521,-15.233,-51.523,6.0,-33.393,269.0,83.0,92.414,-44.74,0.738,0.73,1.946,59.466,178.759,0.671,1.26,49.157,0.259,11.391,0.588,temp_g17_06_0001,run2_g18_g18_20,single-objective/run2/g18/g18_20.pdb.sc
-19.501,-0.599,49.842,2.192,-52.339,-2.302,1214.188,2274.047,1059.86,32.0,-1.995,-1290.601,242.977,-274.828,1.902,29.938,417.702,739.794,0.073,-30.764,-49.521,-15.233,-51.523,6.0,-31.919,269.0,83.0,92.414,-43.849,0.727,0.669,1.946,60.158,183.314,0.664,1.237,48.248,0.166,7.289,0.588,temp_g16_21_0001,run2_g18_g18_21,single-objective/run2/g18/g18_21.pdb.sc
-18.52,-0.62,47.351,2.082,-60.029,-2.639,1206.738,2274.72,1067.981,33.0,-1.995,-1293.195,248.401,-274.312,1.899,30.724,414.329,747.976,0.064,-30.764,-49.521,-16.231,-51.523,6.0,-32.74,269.0,83.0,92.517,-44.101,0.753,0.627,1.946,60.127,177.355,0.675,1.204,46.967,0.116,5.083,0.588,temp_g16_03_0001,run2_g18_g18_22,single-objective/run2/g18/g18_22.pdb.sc
71.899,-0.286,118.005,5.104,14.383,0.622,1193.368,2312.187,1118.819,41.0,-1.995,-1295.565,255.239,-271.837,1.948,31.644,485.771,759.423,-0.266,-30.764,-49.521,-16.231,-51.523,6.0,-32.888,269.0,83.0,92.517,-42.394,0.72,1.689,1.946,63.422,172.129,0.665,2.101,81.957,1.323,58.195,0.576,temp_g18_06_0001,run2_g18_g18_23,single-objective/run2/g18/g18_23.pdb.sc
-25.92,-0.623,48.458,2.128,-57.409,-2.521,1214.656,2277.134,1062.477,32.0,-1.995,-1292.235,243.201,-274.942,1.9,30.13,416.314,741.989,0.062,-31.248,-49.521,-15.717,-51.523,7.0,-32.089,269.0,83.0,92.414,-44.893,0.713,0.595,1.946,58.94,180.822,0.666,1.202,46.869,0.057,2.494,0.588,temp_g18_01_0001,run2_g18_g18_24,single-objective/run2/g18/g18_24.pdb.sc
-18.265,-0.606,52.998,2.319,-51.396,-2.249,1190.285,2284.92,1094.635,35.0,-1.995,-1298.104,246.782,-277.15,1.899,30.029,420.621,752.985,0.074,-30.764,-49.521,-16.861,-51.523,6.0,-33.095,269.0,83.0,92.414,-44.74,0.696,0.71,1.946,59.466,178.759,0.671,1.261,49.169,0.222,9.782,0.588,temp_g17_19_0001,run2_g18_g18_3,single-objective/run2/g18/g18_3.pdb.sc
42.224,-0.415,105.652,4.626,1.324,0.058,1140.009,2283.907,1143.898,32.0,-1.995,-1292.261,248.174,-276.65,1.882,30.146,469.899,758.599,-2.888,-30.764,-49.521,-16.861,-51.523,6.0,-32.816,269.0,83.0,92.414,-44.202,0.713,1.332,1.946,59.731,175.453,0.665,1.862,72.626,0.863,37.963,0.576,temp_g18_22_0001,run2_g18_g18_4,single-objective/run2/g18/g18_4.pdb.sc
-24.078,-0.628,51.636,2.256,-54.646,-2.387,1196.132,2289.183,1093.051,34.0,-1.995,-1299.962,247.006,-277.549,1.897,30.221,419.515,755.977,0.065,-31.248,-49.521,-17.346,-51.523,7.0,-33.227,269.0,83.0,92.414,-45.784,0.711,0.641,1.946,58.247,176.267,0.673,1.244,48.51,0.106,4.682,0.588,temp_g18_03_0001,run2_g18_g18_5,single-objective/run2/g18/g18_5.pdb.sc
-18.395,-0.619,47.218,2.076,-61.659,-2.711,1206.738,2274.72,1067.981,33.0,-1.995,-1290.202,245.095,-274.863,1.894,29.951,413.799,745.453,0.062,-30.764,-49.521,-15.233,-51.523,6.0,-32.676,269.0,83.0,92.288,-43.133,0.657,0.632,1.946,61.008,179.494,0.674,1.185,46.22,0.142,6.23,0.588,temp_g17_23_0001,run2_g18_g18_6,single-objective/run2/g18/g18_6.pdb.sc
261.3,0.279,107.956,4.675,-11.84,-0.513,1179.562,2309.363,1129.8,35.0,-1.995,-1307.499,254.826,-273.723,1.917,30.953,661.684,758.124,0.323,-30.764,-49.521,-15.233,-51.523,6.0,-33.357,269.0,83.0,92.831,-43.055,0.674,3.519,19.655,72.147,175.247,0.679,1.983,77.34,4.88,214.706,0.588,temp_g18_14_0001,run2_g18_g18_7,single-objective/run2/g18/g18_7.pdb.sc
200.071,0.195,47.36,2.082,-61.175,-2.689,1206.738,2274.72,1067.981,33.0,-1.995,-1294.386,246.424,-275.464,1.915,30.095,634.322,746.183,0.063,-30.764,-49.521,-15.233,-51.523,6.0,-32.619,269.0,83.0,92.238,-42.508,0.718,2.459,1.946,61.862,178.513,0.675,1.204,46.971,3.57,157.093,0.588,temp_g18_02_0001,run2_g18_g18_8,single-objective/run2/g18/g18_8.pdb.sc
72.822,-0.281,125.644,5.571,19.84,0.88,1139.488,2255.434,1115.945,36.0,-1.995,-1293.692,254.735,-272.154,1.944,31.713,486.35,761.76,-0.155,-30.764,-49.521,-16.231,-51.523,6.0,-33.124,269.0,83.0,92.517,-42.156,0.682,1.705,1.946,60.817,171.623,0.653,2.181,85.067,1.284,56.482,0.576,temp_g17_08_0001,run2_g18_g18_9,single-objective/run2/g18/g18_9.pdb.sc
-18.395,-0.619,47.218,2.076,-61.659,-2.711,1206.738,2274.72,1067.981,33.0,-1.995,-1290.202,245.095,-274.863,1.894,29.951,413.799,745.453,0.062,-30.764,-49.521,-15.233,-51.523,6.0,-32.676,269.0,83.0,92.288,-43.133,0.657,0.632,1.946,61.008,179.494,0.674,1.185,46.22,0.142,6.23,0.588,temp_g17_23_0001,run2_g19_g19_0,single-objective/run2/g19/g19_0.pdb.sc
-18.395,-0.619,47.218,2.076,-61.659,-2.711,1206.738,2274.72,1067.981,33.0,-1.995,-1290.202,245.095,-274.863,1.894,29.951,413.799,745.453,0.062,-30.764,-49.521,-15.233,-51.523,6.0,-32.676,269.0,83.0,92.288,-43.133,0.657,0.632,1.946,61.008,179.494,0.674,1.185,46.22,0.142,6.23,0.588,temp_g17_23_0001,run2_g19_g19_1,single-objective/run2/g19/g19_1.pdb.sc
199.945,0.192,47.381,2.083,-59.999,-2.638,1206.738,2274.72,1067.981,33.0,-1.995,-1297.379,249.73,-274.913,1.92,30.867,634.851,748.705,0.064,-30.764,-49.521,-16.231,-51.523,6.0,-32.683,269.0,83.0,92.467,-43.476,0.68,2.448,1.946,60.981,176.374,0.675,1.205,46.982,3.551,156.231,0.588,temp_g19_01_0001,run2_g19_g19_10,single-objective/run2/g19/g19_10.pdb.sc
-18.52,-0.62,47.351,2.082,-60.029,-2.639,1206.738,2274.72,1067.981,33.0,-1.995,-1293.195,248.401,-274.312,1.899,30.724,414.329,747.976,0.064,-30.764,-49.521,-16.231,-51.523,6.0,-32.74,269.0,83.0,92.517,-44.101,0.753,0.627,1.946,60.127,177.355,0.675,1.204,46.967,0.116,5.083,0.588,temp_g16_03_0001,run2_g19_g19_11,single-objective/run2/g19/g19_11.pdb.sc
-18.808,-0.615,46.573,2.016,-60.018,-2.598,1188.946,2309.813,1120.868,32.0,-1.995,-1286.056,249.782,-277.501,1.896,30.09,403.332,753.975,0.058,-30.764,-49.521,-15.233,-51.523,5.0,-33.355,269.0,83.0,92.414,-43.765,0.715,0.63,1.946,60.176,176.707,0.648,1.098,42.817,0.215,9.469,0.588,temp_g19_13_0001,run2_g19_g19_12,single-objective/run2/g19/g19_12.pdb.sc
-18.52,-0.62,47.351,2.082,-60.029,-2.639,1206.738,2274.72,1067.981,33.0,-1.995,-1293.195,248.401,-274.312,1.899,30.724,414.329,747.976,0.064,-30.764,-49.521,-16.231,-51.523,6.0,-32.74,269.0,83.0,92.517,-44.101,0.753,0.627,1.946,60.127,177.355,0.675,1.204,46.967,0.116,5.083,0.588,temp_g16_03_0001,run2_g19_g19_13,single-objective/run2/g19/g19_13.pdb.sc
-7.626,-0.572,57.083,2.478,-47.959,-2.082,1194.648,2303.999,1109.35,33.0,-1.995,-1301.403,252.286,-274.563,1.912,30.337,423.475,753.456,0.077,-30.764,-49.521,-15.571,-51.523,7.0,-33.574,269.0,83.0,92.414,-43.602,0.739,0.762,1.946,60.263,178.215,0.667,1.312,51.184,0.273,12.03,0.588,temp_g18_10_0001,run2_g19_g19_14,single-objective/run2/g19/g19_14.pdb.sc
43.057,-0.379,103.859,4.494,0.275,0.012,1162.657,2310.833,1148.176,33.0,-1.995,-1302.318,253.844,-274.109,1.926,30.84,468.359,760.673,-11.144,-30.764,-49.521,-15.233,-51.523,6.0,-33.767,269.0,83.0,92.414,-44.054,0.69,1.392,1.946,59.656,176.095,0.671,1.913,74.608,0.931,40.949,0.588,temp_g17_12_0001,run2_g19_g19_15,single-objective/run2/g19/g19_15.pdb.sc
267.564,0.456,104.401,4.577,-4.431,-0.194,1219.243,2281.003,1061.76,35.0,-1.995,-1300.366,248.334,-272.863,1.903,30.057,540.692,749.171,0.692,-30.764,-49.521,-15.233,-50.988,6.0,-33.14,269.0,83.0,92.673,-40.932,0.726,3.155,156.168,67.31,176.47,0.676,1.92,74.868,4.25,187.007,0.588,temp_g19_10_0001,run2_g19_g19_16,single-objective/run2/g19/g19_16.pdb.sc
21.351,-0.462,88.498,3.855,-19.104,-0.832,1196.302,2295.573,1099.271,35.0,-1.995,-1300.889,246.336,-273.906,1.914,30.113,453.824,752.507,0.2,-30.764,-49.521,-15.233,-51.523,6.0,-32.047,269.0,83.0,92.414,-43.871,0.749,1.108,1.946,60.184,181.275,0.679,1.717,66.969,0.567,24.955,0.588,temp_g19_12_0001,run2_g19_g19_17,single-objective/run2/g19/g19_17.pdb.sc
-25.92,-0.623,48.458,2.128,-57.409,-2.521,1214.656,2277.134,1062.477,32.0,-1.995,-1292.235,243.201,-274.942,1.9,30.13,416.314,741.989,0.062,-31.248,-49.521,-15.717,-51.523,7.0,-32.089,269.0,83.0,92.414,-44.893,0.713,0.595,1.946,58.94,180.822,0.666,1.202,46.869,0.057,2.494,0.588,temp_g18_01_0001,run2_g19_g19_18,single-objective/run2/g19/g19_18.pdb.sc
-17.01,-0.611,47.552,2.104,-59.67,-2.64,1206.049,2259.885,1053.836,33.0,-1.995,-1289.527,244.783,-274.888,1.891,29.928,415.994,743.54,0.064,-30.764,-49.521,-15.233,-51.523,6.0,-32.491,269.0,83.0,92.288,-43.145,0.661,0.658,1.946,61.0,180.13,0.672,1.207,47.054,0.172,7.548,0.576,temp_g19_00_0001,run2_g19_g19_19,single-objective/run2/g19/g19_19.pdb.sc
-11.702,-0.583,52.975,2.318,-52.388,-2.293,1190.285,2284.92,1094.635,35.0,-1.995,-1296.717,249.876,-275.607,1.918,30.043,420.151,752.632,0.073,-30.764,-49.521,-15.233,-51.523,6.0,-33.393,269.0,83.0,92.414,-44.74,0.738,0.73,1.946,59.466,178.759,0.671,1.26,49.157,0.259,11.391,0.588,temp_g17_06_0001,run2_g19_g19_2,single-objective/run2/g19/g19_2.pdb.sc
-24.078,-0.628,51.636,2.256,-54.646,-2.387,1196.132,2289.183,1093.051,34.0,-1.995,-1299.962,247.006,-277.549,1.897,30.221,419.515,755.977,0.065,-31.248,-49.521,-17.346,-51.523,7.0,-33.227,269.0,83.0,92.414,-45.784,0.711,0.641,1.946,58.247,176.267,0.673,1.244,48.51,0.106,4.682,0.588,temp_g18_03_0001,run2_g19_g19_20,single-objective/run2/g19/g19_20.pdb.sc
-18.265,-0.606,52.998,2.319,-50.978,-2.231,1190.285,2284.92,1094.635,33.0,-1.995,-1298.104,246.782,-277.15,1.899,30.029,420.621,752.985,0.075,-30.764,-49.521,-16.861,-51.523,6.0,-33.095,269.0,83.0,92.414,-44.74,0.738,0.71,1.946,59.466,178.759,0.671,1.261,49.169,0.222,9.782,0.588,temp_g17_22_0001,run2_g19_g19_21,single-objective/run2/g19/g19_21.pdb.sc
264.524,0.406,91.975,4.06,-11.461,-0.506,1242.879,2265.199,1022.321,34.0,-1.995,-1290.244,242.866,-273.406,1.895,30.031,537.261,744.338,0.268,-30.764,-49.521,-15.233,-50.988,6.0,-31.755,269.0,83.0,93.225,-41.015,0.648,3.015,156.168,67.068,176.007,0.665,1.741,67.896,4.145,182.36,0.588,temp_g17_18_0001,run2_g19_g19_22,single-objective/run2/g19/g19_22.pdb.sc
64.192,-0.289,130.501,5.713,27.628,1.209,1169.181,2284.353,1115.172,35.0,-1.995,-1299.956,247.768,-274.517,1.899,31.059,488.737,764.226,-0.138,-30.764,-49.521,-16.861,-51.523,6.0,-31.765,269.0,83.0,92.414,-43.57,0.701,1.738,1.946,60.161,175.868,0.659,2.254,87.902,1.282,56.392,0.588,temp_g19_17_0001,run2_g19_g19_23,single-objective/run2/g19/g19_23.pdb.sc
-12.196,-0.582,53.074,2.323,-51.761,-2.265,1190.285,2284.92,1094.635,35.0,-1.995,-1297.804,249.427,-275.236,1.907,30.108,420.111,751.017,0.074,-30.764,-49.521,-15.233,-51.523,6.0,-33.21,269.0,83.0,92.414,-43.868,0.694,0.726,1.946,60.176,179.265,0.672,1.279,49.887,0.235,10.349,0.588,temp_g15_20_0001,run2_g19_g19_24,single-objective/run2/g19/g19_24.pdb.sc
-18.395,-0.619,47.218,2.076,-61.659,-2.711,1206.738,2274.72,1067.981,33.0,-1.995,-1290.202,245.095,-274.863,1.894,29.951,413.799,745.453,0.062,-30.764,-49.521,-15.233,-51.523,6.0,-32.676,269.0,83.0,92.288,-43.133,0.657,0.632,1.946,61.008,179.494,0.674,1.185,46.22,0.142,6.23,0.588,temp_g17_23_0001,run2_g19_g19_3,single-objective/run2/g19/g19_3.pdb.sc
-19.501,-0.599,49.842,2.192,-52.339,-2.302,1214.188,2274.047,1059.86,32.0,-1.995,-1290.601,242.977,-274.828,1.902,29.938,417.702,739.794,0.073,-30.764,-49.521,-15.233,-51.523,6.0,-31.919,269.0,83.0,92.414,-43.849,0.727,0.669,1.946,60.158,183.314,0.664,1.237,48.248,0.166,7.289,0.588,temp_g16_21_0001,run2_g19_g19_4,single-objective/run2/g19/g19_4.pdb.sc
-14.315,-0.604,47.253,2.077,-61.205,-2.691,1206.738,2274.72,1067.981,31.0,-1.995,-1287.296,244.565,-274.35,1.892,29.927,413.574,742.928,0.062,-30.764,-49.521,-15.233,-51.523,6.0,-32.415,269.0,83.0,92.308,-42.321,0.695,0.679,1.946,62.795,180.582,0.674,1.186,46.238,0.23,10.106,0.588,temp_g19_06_0001,run2_g19_g19_5,single-objective/run2/g19/g19_5.pdb.sc
65.268,-0.296,129.156,5.635,26.274,1.146,1167.268,2292.152,1124.884,37.0,-1.995,-1302.463,250.784,-273.909,1.902,30.918,491.153,764.18,-0.146,-30.764,-49.521,-16.861,-51.523,6.0,-33.028,269.0,83.0,92.414,-43.78,0.673,1.719,1.946,59.939,175.289,0.67,2.237,87.252,1.259,55.399,0.588,temp_g5_16_0001,run2_g19_g19_6,single-objective/run2/g19/g19_6.pdb.sc
-18.534,-0.611,46.719,2.023,-59.339,-2.569,1188.946,2309.813,1120.868,32.0,-1.995,-1282.361,248.166,-277.358,1.893,29.876,402.631,751.957,0.059,-30.764,-49.521,-15.233,-51.523,5.0,-32.737,269.0,83.0,92.414,-44.168,0.721,0.632,1.946,59.899,177.757,0.649,1.117,43.57,0.202,8.877,0.588,temp_g18_09_0001,run2_g19_g19_7,single-objective/run2/g19/g19_7.pdb.sc
-18.395,-0.619,47.218,2.076,-61.659,-2.711,1206.738,2274.72,1067.981,33.0,-1.995,-1290.202,245.095,-274.863,1.894,29.951,413.799,745.453,0.062,-30.764,-49.521,-15.233,-51.523,6.0,-32.676,269.0,83.0,92.288,-43.133,0.657,0.632,1.946,61.008,179.494,0.674,1.185,46.22,0.142,6.23,0.588,temp_g17_23_0001,run2_g19_g19_8,single-objective/run2/g19/g19_8.pdb.sc
-19.596,-0.616,48.584,2.143,-60.097,-2.651,1208.651,2266.92,1058.269,33.0,-1.995,-1290.687,245.385,-274.92,1.896,30.864,411.912,748.023,0.064,-30.764,-49.521,-16.231,-51.523,6.0,-31.477,269.0,83.0,92.517,-43.891,0.701,0.641,1.946,60.349,177.934,0.662,1.202,46.881,0.145,6.36,0.588,temp_g19_22_0001,run2_g19_g19_9,single-objective/run2/g19/g19_9.pdb.sc
-92.136,-0.67,48.396,1.971,81.215,3.308,1267.396,2455.4,1188.003,39.0,-1.995,-1312.779,253.31,-272.77,1.954,31.338,351.579,756.306,-0.043,-29.622,-49.521,-18.271,-51.523,5.0,-33.958,269.0,83.0,92.326,-46.507,0.69,0.525,1.946,58.596,176.866,0.663,1.169,45.579,-0.045,-1.985,0.588,temp_g1_09_0001,run2_g2_g2_0,single-objective/run2/g2/g2_0.pdb.sc
-78.991,-0.691,53.109,2.176,84.888,3.477,1226.251,2441.077,1214.826,31.0,-1.995,-1329.862,257.58,-285.717,1.969,32.367,372.657,782.256,-0.032,-32.107,-49.521,-20.227,-51.523,5.0,-32.788,269.0,83.0,92.368,-47.916,0.725,0.449,1.946,57.021,173.906,0.683,1.201,46.852,-0.218,-9.61,0.597,g0_09_0001,run2_g2_g2_1,single-objective/run2/g2/g2_1.pdb.sc
-148.88,-0.613,64.402,2.686,100.103,4.175,1200.73,2397.634,1196.904,35.0,-1.995,-1322.658,254.608,-286.72,1.933,32.271,301.919,772.228,-0.044,-32.107,-49.521,-17.531,-51.523,7.0,-35.186,269.0,83.0,92.414,-44.58,0.715,0.674,1.946,59.789,175.248,0.665,1.385,54.005,0.044,1.918,0.585,g0_15_0001,run2_g2_g2_10,single-objective/run2/g2/g2_10.pdb.sc
-155.933,-0.645,59.433,2.469,95.889,3.984,1215.991,2407.156,1191.165,32.0,-1.995,-1327.618,257.231,-291.816,1.96,32.207,301.032,777.39,-0.046,-32.107,-49.521,-20.556,-51.523,7.0,-33.429,269.0,83.0,92.414,-45.788,0.73,0.602,1.946,58.96,174.685,0.677,1.327,51.765,-0.041,-1.821,0.597,g0_00_0001,run2_g2_g2_11,single-objective/run2/g2/g2_11.pdb.sc
-78.991,-0.691,53.109,2.176,84.888,3.477,1226.251,2441.077,1214.826,31.0,-1.995,-1329.862,257.58,-285.717,1.969,32.367,372.657,782.256,-0.032,-32.107,-49.521,-20.227,-51.523,5.0,-32.788,269.0,83.0,92.368,-47.916,0.725,0.449,1.946,57.021,173.906,0.683,1.201,46.852,-0.218,-9.61,0.597,g0_09_0001,run2_g2_g2_12,single-objective/run2/g2/g2_12.pdb.sc
-92.136,-0.67,48.396,1.971,81.215,3.308,1267.396,2455.4,1188.003,39.0,-1.995,-1312.779,253.31,-272.77,1.954,31.338,351.579,756.306,-0.043,-29.622,-49.521,-18.271,-51.523,5.0,-33.958,269.0,83.0,92.326,-46.507,0.69,0.525,1.946,58.596,176.866,0.663,1.169,45.579,-0.045,-1.985,0.588,temp_g1_09_0001,run2_g2_g2_13,single-objective/run2/g2/g2_13.pdb.sc
-106.016,-0.456,102.408,4.205,140.033,5.751,1231.672,2435.111,1203.439,34.0,-1.995,-1318.774,254.345,-289.063,1.943,32.406,342.546,773.398,-0.032,-32.107,-49.521,-20.556,-51.523,7.0,-32.697,269.0,83.0,92.414,-44.415,0.724,1.185,1.946,59.614,175.427,0.683,1.878,73.248,0.571,25.128,0.596,g0_13_0001,run2_g2_g2_14,single-objective/run2/g2/g2_14.pdb.sc
47.721,-0.299,132.949,5.506,169.765,7.03,1245.028,2414.7,1169.672,30.0,-1.995,-1324.818,254.243,-281.725,1.956,31.626,503.126,761.184,-0.024,-30.764,-49.521,-20.227,-51.523,6.0,-33.579,269.0,84.0,92.829,-45.255,0.686,1.686,1.946,60.943,178.682,0.673,2.205,88.214,1.214,53.4,0.597,g0_10_0001,run2_g2_g2_15,single-objective/run2/g2/g2_15.pdb.sc
151.671,0.174,109.035,4.533,233.908,9.724,1263.313,2405.498,1142.185,35.0,-1.995,-1316.526,249.454,-277.853,1.957,31.884,582.125,762.513,-0.016,-29.622,-49.521,-15.233,-51.523,6.0,-30.829,269.0,83.0,92.615,-40.486,0.693,3.219,1.946,63.778,178.39,0.675,2.08,81.128,4.229,186.072,0.597,temp_g1_21_0001,run2_g2_g2_16,single-objective/run2/g2/g2_16.pdb.sc
180.075,0.21,285.565,11.84,315.899,13.098,1238.95,2411.804,1172.853,31.0,-1.995,-1327.553,258.97,-293.863,1.958,32.278,630.62,780.663,-0.009,-32.107,-49.521,-18.954,-51.523,5.0,-33.056,269.0,85.0,91.987,-43.771,0.682,3.325,1.946,60.437,172.964,0.66,4.068,166.787,2.633,115.834,0.597,temp_g2_10_0001,run2_g2_g2_17,single-objective/run2/g2/g2_17.pdb.sc
158.125,-0.127,155.249,6.264,215.143,8.68,1284.692,2478.485,1193.793,32.0,-1.995,-1351.01,263.023,-286.135,2.1,33.759,600.596,795.762,-0.019,-32.107,-49.521,-20.227,-51.523,6.0,-31.218,269.0,83.0,92.414,-43.636,0.704,2.259,1.946,63.41,171.891,0.658,2.517,98.153,2.03,89.304,0.597,temp_g2_00_0001,run2_g2_g2_18,single-objective/run2/g2/g2_18.pdb.sc
-94.892,-0.415,102.036,4.19,135.45,5.563,1251.915,2434.993,1183.078,33.0,-1.995,-1305.466,249.205,-277.472,1.937,31.767,338.739,754.044,-0.027,-29.622,-49.521,-20.556,-51.523,7.0,-32.234,269.0,83.0,92.391,-41.512,0.651,1.312,1.946,63.311,181.073,0.66,1.875,73.116,0.814,35.8,0.596,temp_g1_13_0001,run2_g2_g2_19,single-objective/run2/g2/g2_19.pdb.sc
322.611,1.158,62.323,2.665,97.189,4.155,1178.595,2338.845,1160.25,35.0,-1.995,-1319.033,254.807,-286.419,1.911,32.07,666.866,770.627,-0.039,-32.107,-47.916,-15.792,-51.523,6.0,-35.441,269.0,82.0,91.936,-41.308,0.635,3.56,99.83,61.986,173.536,0.65,1.363,53.17,5.552,238.745,0.577,temp_g2_11_0001,run2_g2_g2_2,single-objective/run2/g2/g2_2.pdb.sc
1.019,-0.051,199.852,8.409,236.249,9.94,1262.506,2376.656,1114.149,29.0,-1.995,-1305.772,249.583,-287.76,1.967,30.87,445.51,760.178,-0.012,-32.107,-49.521,-16.533,-51.523,5.0,-33.606,269.0,83.0,92.363,-44.403,0.743,2.525,1.946,62.877,178.357,0.657,3.07,119.714,2.043,89.885,0.588,temp_g1_05_0001,run2_g2_g2_20,single-objective/run2/g2/g2_20.pdb.sc
715.642,2.558,184.016,7.595,469.142,19.363,1227.195,2422.917,1195.722,35.0,-1.995,-1330.769,260.483,-290.055,1.955,32.467,1064.471,778.257,-0.008,-32.107,-47.916,-18.927,-51.523,7.0,-34.0,269.0,83.0,92.111,-41.536,0.661,8.049,99.83,62.45,171.862,0.664,2.924,114.017,12.591,554.024,0.585,temp_g2_12_0001,run2_g2_g2_21,single-objective/run2/g2/g2_21.pdb.sc
90.841,-0.273,130.038,5.27,165.515,6.708,1306.903,2467.274,1160.372,35.0,-1.995,-1322.445,255.1,-279.962,1.945,31.499,538.148,759.755,-0.025,-30.764,-49.521,-18.598,-51.523,6.0,-33.078,269.0,84.0,92.779,-44.878,0.718,1.744,1.946,63.969,177.869,0.673,2.174,86.965,1.354,59.557,0.597,temp_g2_07_0001,run2_g2_g2_22,single-objective/run2/g2/g2_22.pdb.sc
217.12,-0.05,167.822,7.153,238.516,10.167,1204.882,2346.035,1141.152,33.0,-1.995,-1320.77,254.959,-293.32,1.963,32.112,667.402,774.662,-0.016,-32.107,-49.521,-17.189,-51.523,6.0,-32.97,269.0,84.0,92.686,-45.855,0.733,2.427,1.946,58.901,177.152,0.659,2.637,105.497,2.235,98.353,0.588,temp_g1_16_0001,run2_g2_g2_23,single-objective/run2/g2/g2_23.pdb.sc
-95.713,-0.442,107.71,4.494,140.175,5.849,1221.085,2396.591,1175.507,33.0,-1.995,-1329.979,257.703,-294.689,1.959,32.294,360.233,776.223,-0.029,-32.107,-49.521,-20.227,-51.523,6.0,-32.639,269.0,83.0,92.414,-45.495,0.717,1.255,1.946,61.673,177.424,0.658,1.875,73.11,0.706,31.064,0.597,g0_24_0001,run2_g2_g2_24,single-objective/run2/g2/g2_24.pdb.sc
-72.01,-0.339,138.689,5.668,169.442,6.925,1246.222,2446.878,1200.656,31.0,-1.995,-1316.128,257.332,-291.85,1.979,31.99,372.117,774.838,-0.02,-32.107,-49.521,-18.927,-51.523,6.0,-32.684,269.0,83.0,92.167,-45.493,0.643,1.538,1.946,59.144,176.109,0.644,2.265,88.317,0.894,39.356,0.597,g0_23_0001,run2_g2_g2_3,single-objective/run2/g2/g2_3.pdb.sc
242.313,0.169,175.662,7.309,233.521,9.716,1228.838,2403.372,1174.535,31.0,-1.995,-1329.705,256.513,-279.197,1.959,31.827,679.214,769.72,-0.014,-30.764,-49.521,-18.598,-51.523,6.0,-34.068,269.0,84.0,92.726,-40.76,0.698,3.131,1.946,65.754,178.202,0.652,2.811,112.421,3.423,150.609,0.585,temp_g1_10_0001,run2_g2_g2_4,single-objective/run2/g2/g2_4.pdb.sc
2.583,-0.052,206.465,8.537,247.434,10.231,1238.004,2418.387,1180.384,36.0,-1.995,-1316.165,252.159,-288.816,1.99,31.621,458.235,761.326,-0.017,-32.107,-49.521,-19.16,-51.523,6.0,-33.172,269.0,83.0,92.414,-44.359,0.705,2.524,1.946,60.049,179.066,0.675,3.136,122.303,1.982,87.194,0.597,g0_02_0001,run2_g2_g2_5,single-objective/run2/g2/g2_5.pdb.sc
-164.732,-0.671,49.951,2.143,84.981,3.645,1199.196,2331.226,1132.03,30.0,-1.995,-1314.441,248.378,-285.137,1.939,31.735,289.944,758.447,-0.052,-32.107,-49.521,-18.6,-51.523,7.0,-32.503,269.0,83.0,93.21,-45.092,0.707,0.522,1.946,60.377,179.616,0.669,1.222,47.648,-0.099,-4.351,0.597,temp_g1_00_0001,run2_g2_g2_6,single-objective/run2/g2/g2_6.pdb.sc
-154.059,-0.618,61.157,2.594,94.389,4.003,1186.691,2357.753,1171.062,32.0,-1.995,-1313.135,255.735,-293.708,1.91,32.497,287.424,779.345,-0.032,-32.107,-49.521,-20.556,-51.523,6.0,-33.246,269.0,83.0,92.363,-45.333,0.712,0.671,1.946,60.1,175.156,0.663,1.345,52.436,0.073,3.228,0.588,g0_08_0001,run2_g2_g2_7,single-objective/run2/g2/g2_7.pdb.sc
168.475,0.561,106.063,4.41,134.402,5.589,1233.819,2404.849,1171.031,36.0,-1.995,-1334.246,260.423,-291.674,1.948,32.748,621.774,781.18,-0.033,-32.107,-49.521,-20.556,-51.523,7.0,-33.934,269.0,83.0,92.363,-45.202,0.719,2.968,1.946,59.906,176.361,0.67,1.919,74.839,3.899,171.545,0.585,g0_03_0001,run2_g2_g2_8,single-objective/run2/g2/g2_8.pdb.sc
135.925,0.428,109.218,4.53,148.07,6.141,1278.058,2411.013,1132.955,33.0,-1.995,-1328.537,255.768,-284.115,1.935,31.424,423.998,769.582,-0.03,-32.189,-49.521,-18.6,-50.988,8.0,-32.625,269.0,83.0,92.675,-41.634,0.692,3.105,156.168,70.161,173.822,0.703,1.968,76.757,4.112,180.925,0.597,g0_04_0001,run2_g2_g2_9,single-objective/run2/g2/g2_9.pdb.sc
-92.136,-0.67,48.396,1.971,81.215,3.308,1267.396,2455.4,1188.003,39.0,-1.995,-1312.779,253.31,-272.77,1.954,31.338,351.579,756.306,-0.043,-29.622,-49.521,-18.271,-51.523,5.0,-33.958,269.0,83.0,92.326,-46.507,0.69,0.525,1.946,58.596,176.866,0.663,1.169,45.579,-0.045,-1.985,0.588,temp_g1_09_0001,run2_g3_g3_0,single-objective/run2/g3/g3_0.pdb.sc
-92.136,-0.67,48.396,1.971,81.215,3.308,1267.396,2455.4,1188.003,39.0,-1.995,-1312.779,253.31,-272.77,1.954,31.338,351.579,756.306,-0.043,-29.622,-49.521,-18.271,-51.523,5.0,-33.958,269.0,83.0,92.326,-46.507,0.69,0.525,1.946,58.596,176.866,0.663,1.169,45.579,-0.045,-1.985,0.588,temp_g1_09_0001,run2_g3_g3_1,single-objective/run2/g3/g3_1.pdb.sc
-148.88,-0.613,64.402,2.686,100.103,4.175,1200.73,2397.634,1196.904,35.0,-1.995,-1322.658,254.608,-286.72,1.933,32.271,301.919,772.228,-0.044,-32.107,-49.521,-17.531,-51.523,7.0,-35.186,269.0,83.0,92.414,-44.58,0.715,0.674,1.946,59.789,175.248,0.665,1.385,54.005,0.044,1.918,0.585,g0_15_0001,run2_g3_g3_10,single-objective/run2/g3/g3_10.pdb.sc
-154.059,-0.618,61.157,2.594,94.389,4.003,1186.691,2357.753,1171.062,32.0,-1.995,-1313.135,255.735,-293.708,1.91,32.497,287.424,779.345,-0.032,-32.107,-49.521,-20.556,-51.523,6.0,-33.246,269.0,83.0,92.363,-45.333,0.712,0.671,1.946,60.1,175.156,0.663,1.345,52.436,0.073,3.228,0.588,g0_08_0001,run2_g3_g3_11,single-objective/run2/g3/g3_11.pdb.sc
-164.732,-0.671,49.951,2.143,84.981,3.645,1199.196,2331.226,1132.03,30.0,-1.995,-1314.441,248.378,-285.137,1.939,31.735,289.944,758.447,-0.052,-32.107,-49.521,-18.6,-51.523,7.0,-32.503,269.0,83.0,93.21,-45.092,0.707,0.522,1.946,60.377,179.616,0.669,1.222,47.648,-0.099,-4.351,0.597,temp_g1_00_0001,run2_g3_g3_12,single-objective/run2/g3/g3_12.pdb.sc
-78.991,-0.691,53.109,2.176,84.888,3.477,1226.251,2441.077,1214.826,31.0,-1.995,-1329.862,257.58,-285.717,1.969,32.367,372.657,782.256,-0.032,-32.107,-49.521,-20.227,-51.523,5.0,-32.788,269.0,83.0,92.368,-47.916,0.725,0.449,1.946,57.021,173.906,0.683,1.201,46.852,-0.218,-9.61,0.597,g0_09_0001,run2_g3_g3_13,single-objective/run2/g3/g3_13.pdb.sc
-92.136,-0.67,48.396,1.971,81.215,3.308,1267.396,2455.4,1188.003,39.0,-1.995,-1312.779,253.31,-272.77,1.954,31.338,351.579,756.306,-0.043,-29.622,-49.521,-18.271,-51.523,5.0,-33.958,269.0,83.0,92.326,-46.507,0.69,0.525,1.946,58.596,176.866,0.663,1.169,45.579,-0.045,-1.985,0.588,temp_g1_09_0001,run2_g3_g3_14,single-objective/run2/g3/g3_14.pdb.sc
329.923,0.165,166.97,6.842,226.05,9.263,1271.749,2440.258,1168.509,31.0,-1.995,-1329.181,252.765,-273.348,1.954,31.86,755.678,776.651,-0.018,-30.764,-49.521,-18.598,-51.523,6.0,-32.934,269.0,84.0,92.726,-40.301,0.702,3.081,1.946,66.848,177.078,0.661,2.721,108.824,3.41,150.02,0.585,temp_g3_04_0001,run2_g3_g3_15,single-objective/run2/g3/g3_15.pdb.sc
-94.892,-0.415,102.036,4.19,135.45,5.563,1251.915,2434.993,1183.078,33.0,-1.995,-1305.466,249.205,-277.472,1.937,31.767,338.739,754.044,-0.027,-29.622,-49.521,-20.556,-51.523,7.0,-32.234,269.0,83.0,92.391,-41.512,0.651,1.312,1.946,63.311,181.073,0.66,1.875,73.116,0.814,35.8,0.596,temp_g1_13_0001,run2_g3_g3_16,single-objective/run2/g3/g3_16.pdb.sc
773.504,2.353,295.974,12.604,400.264,17.045,1204.587,2348.225,1143.638,40.0,-1.995,-1329.285,256.161,-281.918,1.917,32.956,1112.674,778.0,-0.01,-30.106,-47.916,-15.792,-51.523,6.0,-34.296,269.0,84.0,91.51,-40.346,0.581,7.366,99.83,62.064,170.992,0.637,4.205,172.424,10.38,446.338,0.577,temp_g3_02_0001,run2_g3_g3_17,single-objective/run2/g3/g3_17.pdb.sc
-72.01,-0.339,138.689,5.668,169.442,6.925,1246.222,2446.878,1200.656,31.0,-1.995,-1316.128,257.332,-291.85,1.979,31.99,372.117,774.838,-0.02,-32.107,-49.521,-18.927,-51.523,6.0,-32.684,269.0,83.0,92.167,-45.493,0.643,1.538,1.946,59.144,176.109,0.644,2.265,88.317,0.894,39.356,0.597,g0_23_0001,run2_g3_g3_18,single-objective/run2/g3/g3_18.pdb.sc
217.12,-0.05,167.822,7.153,238.516,10.167,1204.882,2346.035,1141.152,33.0,-1.995,-1320.77,254.959,-293.32,1.963,32.112,667.402,774.662,-0.016,-32.107,-49.521,-17.189,-51.523,6.0,-32.97,269.0,84.0,92.686,-45.855,0.733,2.427,1.946,58.901,177.152,0.659,2.637,105.497,2.235,98.353,0.588,temp_g1_16_0001,run2_g3_g3_19,single-objective/run2/g3/g3_19.pdb.sc
-106.016,-0.456,102.408,4.205,140.033,5.751,1231.672,2435.111,1203.439,34.0,-1.995,-1318.774,254.345,-289.063,1.943,32.406,342.546,773.398,-0.032,-32.107,-49.521,-20.556,-51.523,7.0,-32.697,269.0,83.0,92.414,-44.415,0.724,1.185,1.946,59.614,175.427,0.683,1.878,73.248,0.571,25.128,0.596,g0_13_0001,run2_g3_g3_2,single-objective/run2/g3/g3_2.pdb.sc
-78.991,-0.691,53.109,2.176,84.888,3.477,1226.251,2441.077,1214.826,31.0,-1.995,-1329.862,257.58,-285.717,1.969,32.367,372.657,782.256,-0.032,-32.107,-49.521,-20.227,-51.523,5.0,-32.788,269.0,83.0,92.368,-47.916,0.725,0.449,1.946,57.021,173.906,0.683,1.201,46.852,-0.218,-9.61,0.597,g0_09_0001,run2_g3_g3_20,single-objective/run2/g3/g3_20.pdb.sc
1307.35,2.482,707.087,30.081,914.956,38.924,1194.355,2350.614,1156.258,34.0,-1.995,-1334.799,252.357,-267.763,1.995,32.001,1752.881,755.113,-0.004,-29.622,-49.521,-18.271,-51.523,4.0,-32.887,269.0,85.0,92.783,-41.951,0.684,10.516,1.946,64.36,181.65,0.593,9.344,383.104,11.607,510.718,0.597,temp_g3_06_0001,run2_g3_g3_21,single-objective/run2/g3/g3_21.pdb.sc
560.152,1.504,86.187,3.507,123.732,5.035,1265.953,2457.667,1191.714,36.0,-1.995,-1314.119,257.094,-270.764,1.938,31.269,887.891,753.827,-0.027,-29.622,-47.916,-16.642,-51.523,6.0,-33.318,269.0,83.0,91.916,-38.51,0.639,4.652,99.83,66.927,173.28,0.656,1.78,69.41,7.197,316.677,0.588,temp_g3_00_0001,run2_g3_g3_22,single-objective/run2/g3/g3_22.pdb.sc
168.475,0.561,106.063,4.41,134.402,5.589,1233.819,2404.849,1171.031,36.0,-1.995,-1334.246,260.423,-291.674,1.948,32.748,621.774,781.18,-0.033,-32.107,-49.521,-20.556,-51.523,7.0,-33.934,269.0,83.0,92.363,-45.202,0.719,2.968,1.946,59.906,176.361,0.67,1.919,74.839,3.899,171.545,0.585,g0_03_0001,run2_g3_g3_23,single-objective/run2/g3/g3_23.pdb.sc
158.125,-0.127,155.249,6.264,215.143,8.68,1284.692,2478.485,1193.793,32.0,-1.995,-1351.01,263.023,-286.135,2.1,33.759,600.596,795.762,-0.019,-32.107,-49.521,-20.227,-51.523,6.0,-31.218,269.0,83.0,92.414,-43.636,0.704,2.259,1.946,63.41,171.891,0.658,2.517,98.153,2.03,89.304,0.597,temp_g2_00_0001,run2_g3_g3_24,single-objective/run2/g3/g3_24.pdb.sc
322.611,1.158,62.323,2.665,97.189,4.155,1178.595,2338.845,1160.25,35.0,-1.995,-1319.033,254.807,-286.419,1.911,32.07,666.866,770.627,-0.039,-32.107,-47.916,-15.792,-51.523,6.0,-35.441,269.0,82.0,91.936,-41.308,0.635,3.56,99.83,61.986,173.536,0.65,1.363,53.17,5.552,238.745,0.577,temp_g2_11_0001,run2_g3_g3_3,single-objective/run2/g3/g3_3.pdb.sc
242.313,0.169,175.662,7.309,233.521,9.716,1228.838,2403.372,1174.535,31.0,-1.995,-1329.705,256.513,-279.197,1.959,31.827,679.214,769.72,-0.014,-30.764,-49.521,-18.598,-51.523,6.0,-34.068,269.0,84.0,92.726,-40.76,0.698,3.131,1.946,65.754,178.202,0.652,2.811,112.421,3.423,150.609,0.585,temp_g1_10_0001,run2_g3_g3_4,single-objective/run2/g3/g3_4.pdb.sc
-87.221,-0.705,45.108,1.928,77.895,3.33,1166.643,2339.471,1172.827,29.0,-1.995,-1310.041,251.871,-286.038,1.923,31.465,356.458,771.561,-0.053,-32.107,-49.521,-20.227,-51.523,6.0,-32.031,269.0,83.0,92.368,-47.501,0.702,0.398,1.946,57.213,178.372,0.689,1.121,43.708,-0.243,-10.713,0.588,temp_g3_12_0001,run2_g3_g3_5,single-objective/run2/g3/g3_5.pdb.sc
-86.342,-0.362,128.724,5.566,163.922,7.087,1153.87,2312.896,1159.026,31.0,-1.995,-1307.577,252.898,-287.536,1.916,32.132,350.759,775.181,-0.023,-32.107,-49.521,-20.556,-51.523,6.0,-32.545,269.0,83.0,92.414,-44.304,0.727,1.498,1.946,59.741,173.75,0.678,2.235,87.157,0.845,37.172,0.588,temp_g3_14_0001,run2_g3_g3_6,single-objective/run2/g3/g3_6.pdb.sc
107.705,-0.114,155.805,6.366,212.006,8.662,1277.098,2447.518,1170.42,32.0,-1.995,-1345.106,261.085,-278.059,2.087,33.811,548.643,780.242,-0.016,-29.622,-49.521,-20.227,-51.523,6.0,-31.483,269.0,83.0,92.414,-43.208,0.695,2.308,1.946,62.998,174.625,0.643,2.524,98.449,2.117,93.132,0.597,temp_g3_18_0001,run2_g3_g3_7,single-objective/run2/g3/g3_7.pdb.sc
180.075,0.21,285.565,11.84,315.899,13.098,1238.95,2411.804,1172.853,31.0,-1.995,-1327.553,258.97,-293.863,1.958,32.278,630.62,780.663,-0.009,-32.107,-49.521,-18.954,-51.523,5.0,-33.056,269.0,85.0,91.987,-43.771,0.682,3.325,1.946,60.437,172.964,0.66,4.068,166.787,2.633,115.834,0.597,temp_g2_10_0001,run2_g3_g3_8,single-objective/run2/g3/g3_8.pdb.sc
-92.136,-0.67,48.396,1.971,81.215,3.308,1267.396,2455.4,1188.003,39.0,-1.995,-1312.779,253.31,-272.77,1.954,31.338,351.579,756.306,-0.043,-29.622,-49.521,-18.271,-51.523,5.0,-33.958,269.0,83.0,92.326,-46.507,0.69,0.525,1.946,58.596,176.866,0.663,1.169,45.579,-0.045,-1.985,0.588,temp_g1_09_0001,run2_g3_g3_9,single-objective/run2/g3/g3_9.pdb.sc
-92.136,-0.67,48.396,1.971,81.215,3.308,1267.396,2455.4,1188.003,39.0,-1.995,-1312.779,253.31,-272.77,1.954,31.338,351.579,756.306,-0.043,-29.622,-49.521,-18.271,-51.523,5.0,-33.958,269.0,83.0,92.326,-46.507,0.69,0.525,1.946,58.596,176.866,0.663,1.169,45.579,-0.045,-1.985,0.588,temp_g1_09_0001,run2_g4_g4_0,single-objective/run2/g4/g4_0.pdb.sc
-92.136,-0.67,48.396,1.971,81.215,3.308,1267.396,2455.4,1188.003,39.0,-1.995,-1312.779,253.31,-272.77,1.954,31.338,351.579,756.306,-0.043,-29.622,-49.521,-18.271,-51.523,5.0,-33.958,269.0,83.0,92.326,-46.507,0.69,0.525,1.946,58.596,176.866,0.663,1.169,45.579,-0.045,-1.985,0.588,temp_g1_09_0001,run2_g4_g4_1,single-objective/run2/g4/g4_1.pdb.sc
-87.221,-0.705,45.108,1.928,77.895,3.33,1166.643,2339.471,1172.827,29.0,-1.995,-1310.041,251.871,-286.038,1.923,31.465,356.458,771.561,-0.053,-32.107,-49.521,-20.227,-51.523,6.0,-32.031,269.0,83.0,92.368,-47.501,0.702,0.398,1.946,57.213,178.372,0.689,1.121,43.708,-0.243,-10.713,0.588,temp_g3_12_0001,run2_g4_g4_10,single-objective/run2/g4/g4_10.pdb.sc
-147.859,-0.601,52.892,2.238,87.63,3.708,1189.724,2362.944,1173.22,33.0,-1.995,-1305.68,252.972,-283.469,1.902,32.093,284.822,770.748,-0.056,-30.106,-49.521,-20.556,-51.457,8.0,-33.36,269.0,83.0,92.321,-44.95,0.654,0.715,1.946,60.233,175.608,0.653,1.269,49.504,0.224,9.876,0.588,temp_g4_11_0001,run2_g4_g4_11,single-objective/run2/g4/g4_11.pdb.sc
-154.059,-0.618,61.157,2.594,94.389,4.003,1186.691,2357.753,1171.062,32.0,-1.995,-1313.135,255.735,-293.708,1.91,32.497,287.424,779.345,-0.032,-32.107,-49.521,-20.556,-51.523,6.0,-33.246,269.0,83.0,92.363,-45.333,0.712,0.671,1.946,60.1,175.156,0.663,1.345,52.436,0.073,3.228,0.588,g0_08_0001,run2_g4_g4_12,single-objective/run2/g4/g4_12.pdb.sc
-106.016,-0.456,102.408,4.205,140.033,5.751,1231.672,2435.111,1203.439,34.0,-1.995,-1318.774,254.345,-289.063,1.943,32.406,342.546,773.398,-0.032,-32.107,-49.521,-20.556,-51.523,7.0,-32.697,269.0,83.0,92.414,-44.415,0.724,1.185,1.946,59.614,175.427,0.683,1.878,73.248,0.571,25.128,0.596,g0_13_0001,run2_g4_g4_13,single-objective/run2/g4/g4_13.pdb.sc
326.458,0.409,335.605,13.513,373.16,15.025,1297.635,2483.615,1185.981,33.0,-1.995,-1336.721,258.331,-283.745,2.007,32.347,778.544,776.25,-0.01,-32.107,-49.521,-18.598,-51.523,5.0,-32.722,269.0,85.0,91.942,-44.665,0.715,3.958,1.946,59.536,176.557,0.663,4.715,193.322,3.252,143.079,0.597,temp_g4_20_0001,run2_g4_g4_14,single-objective/run2/g4/g4_14.pdb.sc
-72.01,-0.339,138.689,5.668,169.442,6.925,1246.222,2446.878,1200.656,31.0,-1.995,-1316.128,257.332,-291.85,1.979,31.99,372.117,774.838,-0.02,-32.107,-49.521,-18.927,-51.523,6.0,-32.684,269.0,83.0,92.167,-45.493,0.643,1.538,1.946,59.144,176.109,0.644,2.265,88.317,0.894,39.356,0.597,g0_23_0001,run2_g4_g4_15,single-objective/run2/g4/g4_15.pdb.sc
-86.342,-0.362,128.724,5.566,163.922,7.087,1153.87,2312.896,1159.026,31.0,-1.995,-1307.577,252.898,-287.536,1.916,32.132,350.759,775.181,-0.023,-32.107,-49.521,-20.556,-51.523,6.0,-32.545,269.0,83.0,92.414,-44.304,0.727,1.498,1.946,59.741,173.75,0.678,2.235,87.157,0.845,37.172,0.588,temp_g3_14_0001,run2_g4_g4_16,single-objective/run2/g4/g4_16.pdb.sc
329.923,0.165,166.97,6.842,226.05,9.263,1271.749,2440.258,1168.509,31.0,-1.995,-1329.181,252.765,-273.348,1.954,31.86,755.678,776.651,-0.018,-30.764,-49.521,-18.598,-51.523,6.0,-32.934,269.0,84.0,92.726,-40.301,0.702,3.081,1.946,66.848,177.078,0.661,2.721,108.824,3.41,150.02,0.585,temp_g3_04_0001,run2_g4_g4_17,single-objective/run2/g4/g4_17.pdb.sc
-148.88,-0.613,64.402,2.686,100.103,4.175,1200.73,2397.634,1196.904,35.0,-1.995,-1322.658,254.608,-286.72,1.933,32.271,301.919,772.228,-0.044,-32.107,-49.521,-17.531,-51.523,7.0,-35.186,269.0,83.0,92.414,-44.58,0.715,0.674,1.946,59.789,175.248,0.665,1.385,54.005,0.044,1.918,0.585,g0_15_0001,run2_g4_g4_18,single-objective/run2/g4/g4_18.pdb.sc
560.152,1.504,86.187,3.507,123.732,5.035,1265.953,2457.667,1191.714,36.0,-1.995,-1314.119,257.094,-270.764,1.938,31.269,887.891,753.827,-0.027,-29.622,-47.916,-16.642,-51.523,6.0,-33.318,269.0,83.0,91.916,-38.51,0.639,4.652,99.83,66.927,173.28,0.656,1.78,69.41,7.197,316.677,0.588,temp_g3_00_0001,run2_g4_g4_19,single-objective/run2/g4/g4_19.pdb.sc
-92.136,-0.67,48.396,1.971,81.215,3.308,1267.396,2455.4,1188.003,39.0,-1.995,-1312.779,253.31,-272.77,1.954,31.338,351.579,756.306,-0.043,-29.622,-49.521,-18.271,-51.523,5.0,-33.958,269.0,83.0,92.326,-46.507,0.69,0.525,1.946,58.596,176.866,0.663,1.169,45.579,-0.045,-1.985,0.588,temp_g1_09_0001,run2_g4_g4_2,single-objective/run2/g4/g4_2.pdb.sc
-92.136,-0.67,48.396,1.971,81.215,3.308,1267.396,2455.4,1188.003,39.0,-1.995,-1312.779,253.31,-272.77,1.954,31.338,351.579,756.306,-0.043,-29.622,-49.521,-18.271,-51.523,5.0,-33.958,269.0,83.0,92.326,-46.507,0.69,0.525,1.946,58.596,176.866,0.663,1.169,45.579,-0.045,-1.985,0.588,temp_g1_09_0001,run2_g4_g4_20,single-objective/run2/g4/g4_20.pdb.sc
322.611,1.158,62.323,2.665,97.189,4.155,1178.595,2338.845,1160.25,35.0,-1.995,-1319.033,254.807,-286.419,1.911,32.07,666.866,770.627,-0.039,-32.107,-47.916,-15.792,-51.523,6.0,-35.441,269.0,82.0,91.936,-41.308,0.635,3.56,99.83,61.986,173.536,0.65,1.363,53.17,5.552,238.745,0.577,temp_g2_11_0001,run2_g4_g4_21,single-objective/run2/g4/g4_21.pdb.sc
-164.732,-0.671,49.951,2.143,84.981,3.645,1199.196,2331.226,1132.03,30.0,-1.995,-1314.441,248.378,-285.137,1.939,31.735,289.944,758.447,-0.052,-32.107,-49.521,-18.6,-51.523,7.0,-32.503,269.0,83.0,93.21,-45.092,0.707,0.522,1.946,60.377,179.616,0.669,1.222,47.648,-0.099,-4.351,0.597,temp_g1_00_0001,run2_g4_g4_22,single-objective/run2/g4/g4_22.pdb.sc
158.125,-0.127,155.249,6.264,215.143,8.68,1284.692,2478.485,1193.793,32.0,-1.995,-1351.01,263.023,-286.135,2.1,33.759,600.596,795.762,-0.019,-32.107,-49.521,-20.227,-51.523,6.0,-31.218,269.0,83.0,92.414,-43.636,0.704,2.259,1.946,63.41,171.891,0.658,2.517,98.153,2.03,89.304,0.597,temp_g2_00_0001,run2_g4_g4_23,single-objective/run2/g4/g4_23.pdb.sc
-92.136,-0.67,48.396,1.971,81.215,3.308,1267.396,2455.4,1188.003,39.0,-1.995,-1312.779,253.31,-272.77,1.954,31.338,351.579,756.306,-0.043,-29.622,-49.521,-18.271,-51.523,5.0,-33.958,269.0,83.0,92.326,-46.507,0.69,0.525,1.946,58.596,176.866,0.663,1.169,45.579,-0.045,-1.985,0.588,temp_g1_09_0001,run2_g4_g4_24,single-objective/run2/g4/g4_24.pdb.sc
168.475,0.561,106.063,4.41,134.402,5.589,1233.819,2404.849,1171.031,36.0,-1.995,-1334.246,260.423,-291.674,1.948,32.748,621.774,781.18,-0.033,-32.107,-49.521,-20.556,-51.523,7.0,-33.934,269.0,83.0,92.363,-45.202,0.719,2.968,1.946,59.906,176.361,0.67,1.919,74.839,3.899,171.545,0.585,g0_03_0001,run2_g4_g4_3,single-objective/run2/g4/g4_3.pdb.sc
1007.951,1.928,601.117,24.935,774.551,32.129,1208.063,2410.755,1202.692,33.0,-1.995,-1332.634,251.65,-280.251,1.947,31.937,1456.593,780.392,-0.005,-32.107,-49.521,-18.831,-51.523,6.0,-33.378,269.0,84.0,92.784,-47.067,0.734,8.804,1.946,57.055,180.367,0.681,8.04,321.617,9.498,417.913,0.588,temp_g4_05_0001,run2_g4_g4_4,single-objective/run2/g4/g4_4.pdb.sc
-83.579,-0.344,130.938,5.661,163.462,7.068,1148.831,2312.863,1164.032,29.0,-1.995,-1303.574,248.391,-284.143,1.923,31.332,351.127,770.041,-0.023,-32.107,-49.521,-16.861,-51.523,6.0,-32.995,269.0,83.0,92.414,-44.296,0.683,1.544,1.946,59.882,175.795,0.683,2.253,87.882,0.915,40.254,0.588,temp_g4_06_0001,run2_g4_g4_5,single-objective/run2/g4/g4_5.pdb.sc
270.13,0.673,133.334,5.401,165.296,6.696,1311.332,2468.57,1157.238,36.0,-1.995,-1325.077,252.302,-267.756,1.977,31.785,711.485,762.198,-0.017,-29.622,-49.521,-18.271,-51.523,5.0,-32.515,269.0,83.0,92.276,-46.548,0.677,3.329,1.946,59.068,179.332,0.661,2.3,89.683,4.242,186.657,0.588,temp_g4_00_0001,run2_g4_g4_6,single-objective/run2/g4/g4_6.pdb.sc
-92.136,-0.67,48.396,1.971,81.215,3.308,1267.396,2455.4,1188.003,39.0,-1.995,-1312.779,253.31,-272.77,1.954,31.338,351.579,756.306,-0.043,-29.622,-49.521,-18.271,-51.523,5.0,-33.958,269.0,83.0,92.326,-46.507,0.69,0.525,1.946,58.596,176.866,0.663,1.169,45.579,-0.045,-1.985,0.588,temp_g1_09_0001,run2_g4_g4_7,single-objective/run2/g4/g4_7.pdb.sc
-94.892,-0.415,102.036,4.19,135.45,5.563,1251.915,2434.993,1183.078,33.0,-1.995,-1305.466,249.205,-277.472,1.937,31.767,338.739,754.044,-0.027,-29.622,-49.521,-20.556,-51.523,7.0,-32.234,269.0,83.0,92.391,-41.512,0.651,1.312,1.946,63.311,181.073,0.66,1.875,73.116,0.814,35.8,0.596,temp_g1_13_0001,run2_g4_g4_8,single-objective/run2/g4/g4_8.pdb.sc
40.536,-0.318,131.727,5.638,163.668,7.005,1227.778,2336.515,1108.737,34.0,-1.995,-1315.292,253.134,-288.898,1.952,31.611,492.524,762.202,-0.023,-32.107,-49.521,-15.233,-51.523,6.0,-33.11,269.0,84.0,92.686,-45.664,0.661,1.573,1.946,59.089,178.147,0.655,2.172,86.865,1.03,45.298,0.588,temp_g4_19_0001,run2_g4_g4_9,single-objective/run2/g4/g4_9.pdb.sc
-92.136,-0.67,48.396,1.971,81.215,3.308,1267.396,2455.4,1188.003,39.0,-1.995,-1312.779,253.31,-272.77,1.954,31.338,351.579,756.306,-0.043,-29.622,-49.521,-18.271,-51.523,5.0,-33.958,269.0,83.0,92.326,-46.507,0.69,0.525,1.946,58.596,176.866,0.663,1.169,45.579,-0.045,-1.985,0.588,temp_g1_09_0001,run2_g5_g5_0,single-objective/run2/g5/g5_0.pdb.sc
-92.136,-0.67,48.396,1.971,81.215,3.308,1267.396,2455.4,1188.003,39.0,-1.995,-1312.779,253.31,-272.77,1.954,31.338,351.579,756.306,-0.043,-29.622,-49.521,-18.271,-51.523,5.0,-33.958,269.0,83.0,92.326,-46.507,0.69,0.525,1.946,58.596,176.866,0.663,1.169,45.579,-0.045,-1.985,0.588,temp_g1_09_0001,run2_g5_g5_1,single-objective/run2/g5/g5_1.pdb.sc
-50.678,-0.499,67.066,2.825,102.427,4.315,1203.489,2373.715,1170.226,34.0,-1.995,-1311.931,252.655,-271.323,1.952,31.144,379.885,755.55,-0.034,-29.622,-49.521,-18.124,-51.523,5.0,-33.234,269.0,83.0,92.568,-42.371,0.697,1.064,1.946,64.667,178.012,0.66,1.449,56.522,0.722,31.767,0.588,temp_g5_02_0001,run2_g5_g5_10,single-objective/run2/g5/g5_10.pdb.sc
-147.859,-0.601,52.892,2.238,87.63,3.708,1189.724,2362.944,1173.22,33.0,-1.995,-1305.68,252.972,-283.469,1.902,32.093,284.822,770.748,-0.056,-30.106,-49.521,-20.556,-51.457,8.0,-33.36,269.0,83.0,92.321,-44.95,0.654,0.715,1.946,60.233,175.608,0.653,1.269,49.504,0.224,9.876,0.588,temp_g4_11_0001,run2_g5_g5_11,single-objective/run2/g5/g5_11.pdb.sc
-164.732,-0.671,49.951,2.143,84.981,3.645,1199.196,2331.226,1132.03,30.0,-1.995,-1314.441,248.378,-285.137,1.939,31.735,289.944,758.447,-0.052,-32.107,-49.521,-18.6,-51.523,7.0,-32.503,269.0,83.0,93.21,-45.092,0.707,0.522,1.946,60.377,179.616,0.669,1.222,47.648,-0.099,-4.351,0.597,temp_g1_00_0001,run2_g5_g5_12,single-objective/run2/g5/g5_12.pdb.sc
972.735,1.583,523.456,21.092,605.862,24.413,1247.16,2481.719,1234.559,42.0,-1.995,-1349.314,262.316,-268.258,1.974,33.316,1378.173,811.553,-0.006,-30.764,-49.521,-19.239,-51.523,5.0,-33.766,269.0,86.0,92.299,-39.446,0.719,7.472,1.946,64.787,169.613,0.598,7.007,294.307,7.916,348.308,0.585,temp_g5_17_0001,run2_g5_g5_13,single-objective/run2/g5/g5_13.pdb.sc
522.332,0.584,272.329,11.341,337.756,14.066,1260.537,2401.236,1140.698,32.0,-1.995,-1351.71,261.892,-287.729,2.081,33.372,962.006,789.628,-0.012,-32.107,-49.521,-20.227,-51.523,6.0,-31.113,269.0,84.0,92.972,-39.804,0.707,4.512,1.946,67.959,175.617,0.641,4.048,161.926,4.934,217.098,0.588,temp_g5_23_0001,run2_g5_g5_14,single-objective/run2/g5/g5_14.pdb.sc
322.611,1.158,62.323,2.665,97.189,4.155,1178.595,2338.845,1160.25,35.0,-1.995,-1319.033,254.807,-286.419,1.911,32.07,666.866,770.627,-0.039,-32.107,-47.916,-15.792,-51.523,6.0,-35.441,269.0,82.0,91.936,-41.308,0.635,3.56,99.83,61.986,173.536,0.65,1.363,53.17,5.552,238.745,0.577,temp_g2_11_0001,run2_g5_g5_15,single-objective/run2/g5/g5_15.pdb.sc
20.248,-0.272,56.605,2.413,158.322,6.748,1187.147,2346.049,1158.902,32.0,-1.995,-1303.8,246.345,-271.01,1.948,30.217,454.909,748.849,-0.017,-29.622,-49.521,-16.533,-51.523,5.0,-33.733,269.0,82.0,93.344,-43.361,0.67,1.836,1.946,62.023,181.178,0.652,1.295,50.51,2.327,100.055,0.588,temp_g5_07_0001,run2_g5_g5_16,single-objective/run2/g5/g5_16.pdb.sc
-92.136,-0.67,48.396,1.971,81.215,3.308,1267.396,2455.4,1188.003,39.0,-1.995,-1312.779,253.31,-272.77,1.954,31.338,351.579,756.306,-0.043,-29.622,-49.521,-18.271,-51.523,5.0,-33.958,269.0,83.0,92.326,-46.507,0.69,0.525,1.946,58.596,176.866,0.663,1.169,45.579,-0.045,-1.985,0.588,temp_g1_09_0001,run2_g5_g5_17,single-objective/run2/g5/g5_17.pdb.sc
-86.342,-0.362,128.724,5.566,163.922,7.087,1153.87,2312.896,1159.026,31.0,-1.995,-1307.577,252.898,-287.536,1.916,32.132,350.759,775.181,-0.023,-32.107,-49.521,-20.556,-51.523,6.0,-32.545,269.0,83.0,92.414,-44.304,0.727,1.498,1.946,59.741,173.75,0.678,2.235,87.157,0.845,37.172,0.588,temp_g3_14_0001,run2_g5_g5_18,single-objective/run2/g5/g5_18.pdb.sc
-148.88,-0.613,64.402,2.686,100.103,4.175,1200.73,2397.634,1196.904,35.0,-1.995,-1322.658,254.608,-286.72,1.933,32.271,301.919,772.228,-0.044,-32.107,-49.521,-17.531,-51.523,7.0,-35.186,269.0,83.0,92.414,-44.58,0.715,0.674,1.946,59.789,175.248,0.665,1.385,54.005,0.044,1.918,0.585,g0_15_0001,run2_g5_g5_19,single-objective/run2/g5/g5_19.pdb.sc
382.749,1.108,44.809,1.834,81.575,3.338,1296.604,2443.75,1147.146,38.0,-1.995,-1305.962,250.385,-269.246,1.924,31.316,721.436,746.362,-0.05,-29.622,-47.916,-16.642,-51.523,6.0,-33.642,269.0,83.0,91.823,-42.64,0.691,3.356,99.83,61.047,177.238,0.642,1.127,43.971,5.331,234.576,0.577,temp_g5_20_0001,run2_g5_g5_2,single-objective/run2/g5/g5_2.pdb.sc
-92.136,-0.67,48.396,1.971,81.215,3.308,1267.396,2455.4,1188.003,39.0,-1.995,-1312.779,253.31,-272.77,1.954,31.338,351.579,756.306,-0.043,-29.622,-49.521,-18.271,-51.523,5.0,-33.958,269.0,83.0,92.326,-46.507,0.69,0.525,1.946,58.596,176.866,0.663,1.169,45.579,-0.045,-1.985,0.588,temp_g1_09_0001,run2_g5_g5_20,single-objective/run2/g5/g5_20.pdb.sc
560.152,1.504,86.187,3.507,123.732,5.035,1265.953,2457.667,1191.714,36.0,-1.995,-1314.119,257.094,-270.764,1.938,31.269,887.891,753.827,-0.027,-29.622,-47.916,-16.642,-51.523,6.0,-33.318,269.0,83.0,91.916,-38.51,0.639,4.652,99.83,66.927,173.28,0.656,1.78,69.41,7.197,316.677,0.588,temp_g3_00_0001,run2_g5_g5_21,single-objective/run2/g5/g5_21.pdb.sc
494.952,1.533,83.939,3.366,124.381,4.988,1290.259,2493.491,1203.232,34.0,-1.995,-1309.243,255.105,-272.408,1.933,31.009,822.605,741.595,-0.033,-29.622,-47.916,-16.642,-51.523,6.0,-32.474,269.0,83.0,91.962,-36.197,0.708,4.739,99.83,71.253,177.091,0.669,1.803,70.311,7.342,323.028,0.588,temp_g5_19_0001,run2_g5_g5_22,single-objective/run2/g5/g5_22.pdb.sc
-92.136,-0.67,48.396,1.971,81.215,3.308,1267.396,2455.4,1188.003,39.0,-1.995,-1312.779,253.31,-272.77,1.954,31.338,351.579,756.306,-0.043,-29.622,-49.521,-18.271,-51.523,5.0,-33.958,269.0,83.0,92.326,-46.507,0.69,0.525,1.946,58.596,176.866,0.663,1.169,45.579,-0.045,-1.985,0.588,temp_g1_09_0001,run2_g5_g5_23,single-objective/run2/g5/g5_23.pdb.sc
40.536,-0.318,131.727,5.638,163.668,7.005,1227.778,2336.515,1108.737,34.0,-1.995,-1315.292,253.134,-288.898,1.952,31.611,492.524,762.202,-0.023,-32.107,-49.521,-15.233,-51.523,6.0,-33.11,269.0,84.0,92.686,-45.664,0.661,1.573,1.946,59.089,178.147,0.655,2.172,86.865,1.03,45.298,0.588,temp_g4_19_0001,run2_g5_g5_24,single-objective/run2/g5/g5_24.pdb.sc
65.268,-0.296,129.156,5.635,26.274,1.146,1167.268,2292.152,1124.884,37.0,-1.995,-1302.463,250.784,-273.909,1.902,30.918,491.153,764.18,-0.146,-30.764,-49.521,-16.861,-51.523,6.0,-33.028,269.0,83.0,92.414,-43.78,0.673,1.719,1.946,59.939,175.289,0.67,2.237,87.252,1.259,55.399,0.588,temp_g5_16_0001,run2_g5_g5_3,single-objective/run2/g5/g5_3.pdb.sc
-84.338,-0.636,48.643,1.974,81.379,3.302,1297.373,2464.252,1166.879,34.0,-1.995,-1308.117,249.303,-272.866,1.938,31.223,354.169,756.314,-0.043,-29.622,-49.521,-18.271,-51.523,5.0,-33.462,269.0,83.0,92.326,-45.53,0.644,0.59,1.946,59.223,179.539,0.667,1.202,46.887,0.048,2.099,0.588,temp_g5_00_0001,run2_g5_g5_4,single-objective/run2/g5/g5_4.pdb.sc
234.246,0.706,184.534,7.457,222.906,9.008,1326.387,2474.584,1148.196,32.0,-1.995,-1315.935,246.896,-283.522,1.945,32.09,528.674,758.517,-0.02,-32.107,-49.521,-18.6,-50.988,7.0,-32.233,269.0,83.0,92.673,-41.989,0.71,4.015,156.168,66.269,177.307,0.683,2.955,115.234,4.955,218.028,0.596,temp_g5_13_0001,run2_g5_g5_5,single-objective/run2/g5/g5_5.pdb.sc
-92.136,-0.67,48.396,1.971,81.215,3.308,1267.396,2455.4,1188.003,39.0,-1.995,-1312.779,253.31,-272.77,1.954,31.338,351.579,756.306,-0.043,-29.622,-49.521,-18.271,-51.523,5.0,-33.958,269.0,83.0,92.326,-46.507,0.69,0.525,1.946,58.596,176.866,0.663,1.169,45.579,-0.045,-1.985,0.588,temp_g1_09_0001,run2_g5_g5_6,single-objective/run2/g5/g5_6.pdb.sc
-154.059,-0.618,61.157,2.594,94.389,4.003,1186.691,2357.753,1171.062,32.0,-1.995,-1313.135,255.735,-293.708,1.91,32.497,287.424,779.345,-0.032,-32.107,-49.521,-20.556,-51.523,6.0,-33.246,269.0,83.0,92.363,-45.333,0.712,0.671,1.946,60.1,175.156,0.663,1.345,52.436,0.073,3.228,0.588,g0_08_0001,run2_g5_g5_7,single-objective/run2/g5/g5_7.pdb.sc
-94.892,-0.415,102.036,4.19,135.45,5.563,1251.915,2434.993,1183.078,33.0,-1.995,-1305.466,249.205,-277.472,1.937,31.767,338.739,754.044,-0.027,-29.622,-49.521,-20.556,-51.523,7.0,-32.234,269.0,83.0,92.391,-41.512,0.651,1.312,1.946,63.311,181.073,0.66,1.875,73.116,0.814,35.8,0.596,temp_g1_13_0001,run2_g5_g5_8,single-objective/run2/g5/g5_8.pdb.sc
-92.136,-0.67,48.396,1.971,81.215,3.308,1267.396,2455.4,1188.003,39.0,-1.995,-1312.779,253.31,-272.77,1.954,31.338,351.579,756.306,-0.043,-29.622,-49.521,-18.271,-51.523,5.0,-33.958,269.0,83.0,92.326,-46.507,0.69,0.525,1.946,58.596,176.866,0.663,1.169,45.579,-0.045,-1.985,0.588,temp_g1_09_0001,run2_g5_g5_9,single-objective/run2/g5/g5_9.pdb.sc
65.268,-0.296,129.156,5.635,26.274,1.146,1167.268,2292.152,1124.884,37.0,-1.995,-1302.463,250.784,-273.909,1.902,30.918,491.153,764.18,-0.146,-30.764,-49.521,-16.861,-51.523,6.0,-33.028,269.0,83.0,92.414,-43.78,0.673,1.719,1.946,59.939,175.289,0.67,2.237,87.252,1.259,55.399,0.588,temp_g5_16_0001,run2_g6_g6_0,single-objective/run2/g6/g6_0.pdb.sc
-84.338,-0.636,48.643,1.974,81.379,3.302,1297.373,2464.252,1166.879,34.0,-1.995,-1308.117,249.303,-272.866,1.938,31.223,354.169,756.314,-0.043,-29.622,-49.521,-18.271,-51.523,5.0,-33.462,269.0,83.0,92.326,-45.53,0.644,0.59,1.946,59.223,179.539,0.667,1.202,46.887,0.048,2.099,0.588,temp_g5_00_0001,run2_g6_g6_1,single-objective/run2/g6/g6_1.pdb.sc
-92.136,-0.67,48.396,1.971,81.215,3.308,1267.396,2455.4,1188.003,39.0,-1.995,-1312.779,253.31,-272.77,1.954,31.338,351.579,756.306,-0.043,-29.622,-49.521,-18.271,-51.523,5.0,-33.958,269.0,83.0,92.326,-46.507,0.69,0.525,1.946,58.596,176.866,0.663,1.169,45.579,-0.045,-1.985,0.588,temp_g1_09_0001,run2_g6_g6_10,single-objective/run2/g6/g6_10.pdb.sc
-92.136,-0.67,48.396,1.971,81.215,3.308,1267.396,2455.4,1188.003,39.0,-1.995,-1312.779,253.31,-272.77,1.954,31.338,351.579,756.306,-0.043,-29.622,-49.521,-18.271,-51.523,5.0,-33.958,269.0,83.0,92.326,-46.507,0.69,0.525,1.946,58.596,176.866,0.663,1.169,45.579,-0.045,-1.985,0.588,temp_g1_09_0001,run2_g6_g6_11,single-objective/run2/g6/g6_11.pdb.sc
-164.732,-0.671,49.951,2.143,84.981,3.645,1199.196,2331.226,1132.03,30.0,-1.995,-1314.441,248.378,-285.137,1.939,31.735,289.944,758.447,-0.052,-32.107,-49.521,-18.6,-51.523,7.0,-32.503,269.0,83.0,93.21,-45.092,0.707,0.522,1.946,60.377,179.616,0.669,1.222,47.648,-0.099,-4.351,0.597,temp_g1_00_0001,run2_g6_g6_12,single-objective/run2/g6/g6_12.pdb.sc
494.952,1.533,83.939,3.366,124.381,4.988,1290.259,2493.491,1203.232,34.0,-1.995,-1309.243,255.105,-272.408,1.933,31.009,822.605,741.595,-0.033,-29.622,-47.916,-16.642,-51.523,6.0,-32.474,269.0,83.0,91.962,-36.197,0.708,4.739,99.83,71.253,177.091,0.669,1.803,70.311,7.342,323.028,0.588,temp_g5_19_0001,run2_g6_g6_13,single-objective/run2/g6/g6_13.pdb.sc
595.107,1.635,81.118,3.319,119.153,4.876,1273.247,2443.839,1170.593,40.0,-1.995,-1319.932,259.822,-266.958,1.93,32.903,912.144,765.661,-0.034,-29.622,-47.916,-16.642,-51.523,6.0,-34.086,269.0,83.0,91.916,-38.073,0.636,4.868,99.83,67.109,169.962,0.649,1.711,66.723,7.666,337.299,0.577,temp_g6_21_0001,run2_g6_g6_14,single-objective/run2/g6/g6_14.pdb.sc
-156.974,-0.63,58.897,2.542,93.37,4.03,1168.678,2316.854,1148.176,28.0,-1.995,-1310.675,252.896,-286.722,1.905,31.776,287.216,768.393,-0.039,-32.107,-49.521,-17.531,-51.523,7.0,-35.663,269.0,83.0,92.414,-44.798,0.715,0.631,1.946,59.961,176.479,0.675,1.327,51.754,0.013,0.583,0.577,temp_g6_19_0001,run2_g6_g6_15,single-objective/run2/g6/g6_15.pdb.sc
-92.136,-0.67,48.396,1.971,81.215,3.308,1267.396,2455.4,1188.003,39.0,-1.995,-1312.779,253.31,-272.77,1.954,31.338,351.579,756.306,-0.043,-29.622,-49.521,-18.271,-51.523,5.0,-33.958,269.0,83.0,92.326,-46.507,0.69,0.525,1.946,58.596,176.866,0.663,1.169,45.579,-0.045,-1.985,0.588,temp_g1_09_0001,run2_g6_g6_16,single-objective/run2/g6/g6_16.pdb.sc
116.221,-0.304,129.77,5.286,164.133,6.686,1293.21,2454.826,1161.615,39.0,-1.995,-1318.652,252.572,-273.486,1.956,31.357,562.566,756.483,-0.027,-29.622,-49.521,-18.627,-51.523,7.0,-33.766,269.0,84.0,92.89,-44.798,0.662,1.676,1.946,60.46,177.393,0.648,2.18,87.191,1.217,53.568,0.588,temp_g6_20_0001,run2_g6_g6_17,single-objective/run2/g6/g6_17.pdb.sc
106.476,-0.344,124.958,5.024,156.067,6.275,1334.951,2487.28,1152.329,37.0,-1.995,-1310.332,251.705,-273.53,1.951,31.007,557.039,746.832,-0.026,-29.622,-49.521,-18.271,-51.523,6.0,-33.716,269.0,84.0,92.742,-46.962,0.72,1.541,1.946,57.461,180.678,0.658,2.07,82.811,1.06,46.631,0.588,temp_g6_09_0001,run2_g6_g6_18,single-objective/run2/g6/g6_18.pdb.sc
-147.859,-0.601,52.892,2.238,87.63,3.708,1189.724,2362.944,1173.22,33.0,-1.995,-1305.68,252.972,-283.469,1.902,32.093,284.822,770.748,-0.056,-30.106,-49.521,-20.556,-51.457,8.0,-33.36,269.0,83.0,92.321,-44.95,0.654,0.715,1.946,60.233,175.608,0.653,1.269,49.504,0.224,9.876,0.588,temp_g4_11_0001,run2_g6_g6_19,single-objective/run2/g6/g6_19.pdb.sc
546.908,1.859,66.171,2.88,89.911,3.914,1180.914,2297.258,1116.344,36.0,-1.995,-1310.319,250.859,-284.762,1.88,31.478,858.68,767.638,-0.043,-32.107,-47.916,-15.233,-51.523,6.0,-34.518,269.0,82.0,92.353,-40.725,0.669,5.827,117.539,73.887,171.115,0.654,1.416,55.208,9.828,422.619,0.576,temp_g6_15_0001,run2_g6_g6_2,single-objective/run2/g6/g6_2.pdb.sc
-92.136,-0.67,48.396,1.971,81.215,3.308,1267.396,2455.4,1188.003,39.0,-1.995,-1312.779,253.31,-272.77,1.954,31.338,351.579,756.306,-0.043,-29.622,-49.521,-18.271,-51.523,5.0,-33.958,269.0,83.0,92.326,-46.507,0.69,0.525,1.946,58.596,176.866,0.663,1.169,45.579,-0.045,-1.985,0.588,temp_g1_09_0001,run2_g6_g6_20,single-objective/run2/g6/g6_20.pdb.sc
531.151,1.599,136.352,5.791,186.808,7.934,1189.813,2354.574,1164.761,36.0,-1.995,-1317.789,257.166,-271.193,1.93,31.839,849.883,769.488,-0.016,-29.622,-47.916,-16.945,-51.523,6.0,-32.821,269.0,83.0,92.065,-38.588,0.694,4.938,99.83,64.518,172.248,0.612,2.323,90.604,7.256,319.251,0.577,temp_g6_02_0001,run2_g6_g6_21,single-objective/run2/g6/g6_21.pdb.sc
-92.136,-0.67,48.396,1.971,81.215,3.308,1267.396,2455.4,1188.003,39.0,-1.995,-1312.779,253.31,-272.77,1.954,31.338,351.579,756.306,-0.043,-29.622,-49.521,-18.271,-51.523,5.0,-33.958,269.0,83.0,92.326,-46.507,0.69,0.525,1.946,58.596,176.866,0.663,1.169,45.579,-0.045,-1.985,0.588,temp_g1_09_0001,run2_g6_g6_22,single-objective/run2/g6/g6_22.pdb.sc
322.611,1.158,62.323,2.665,97.189,4.155,1178.595,2338.845,1160.25,35.0,-1.995,-1319.033,254.807,-286.419,1.911,32.07,666.866,770.627,-0.039,-32.107,-47.916,-15.792,-51.523,6.0,-35.441,269.0,82.0,91.936,-41.308,0.635,3.56,99.83,61.986,173.536,0.65,1.363,53.17,5.552,238.745,0.577,temp_g2_11_0001,run2_g6_g6_23,single-objective/run2/g6/g6_23.pdb.sc
-92.136,-0.67,48.396,1.971,81.215,3.308,1267.396,2455.4,1188.003,39.0,-1.995,-1312.779,253.31,-272.77,1.954,31.338,351.579,756.306,-0.043,-29.622,-49.521,-18.271,-51.523,5.0,-33.958,269.0,83.0,92.326,-46.507,0.69,0.525,1.946,58.596,176.866,0.663,1.169,45.579,-0.045,-1.985,0.588,temp_g1_09_0001,run2_g6_g6_24,single-objective/run2/g6/g6_24.pdb.sc
382.749,1.108,44.809,1.834,81.575,3.338,1296.604,2443.75,1147.146,38.0,-1.995,-1305.962,250.385,-269.246,1.924,31.316,721.436,746.362,-0.05,-29.622,-47.916,-16.642,-51.523,6.0,-33.642,269.0,83.0,91.823,-42.64,0.691,3.356,99.83,61.047,177.238,0.642,1.127,43.971,5.331,234.576,0.577,temp_g5_20_0001,run2_g6_g6_3,single-objective/run2/g6/g6_3.pdb.sc
-59.288,-0.549,60.94,2.561,94.355,3.965,1214.937,2379.815,1164.878,37.0,-1.995,-1304.925,254.55,-270.175,2.313,31.547,362.22,755.011,-0.043,-29.622,-49.521,-16.642,-51.523,6.0,-33.596,269.0,83.0,92.326,-43.287,0.695,0.822,1.946,61.636,179.862,0.667,1.34,52.256,0.364,16.006,0.588,temp_g6_04_0001,run2_g6_g6_4,single-objective/run2/g6/g6_4.pdb.sc
65.268,-0.296,129.156,5.635,26.274,1.146,1167.268,2292.152,1124.884,37.0,-1.995,-1302.463,250.784,-273.909,1.902,30.918,491.153,764.18,-0.146,-30.764,-49.521,-16.861,-51.523,6.0,-33.028,269.0,83.0,92.414,-43.78,0.673,1.719,1.946,59.939,175.289,0.67,2.237,87.252,1.259,55.399,0.588,temp_g5_16_0001,run2_g6_g6_5,single-objective/run2/g6/g6_5.pdb.sc
-167.624,-0.671,47.492,2.033,81.279,3.48,1167.65,2335.835,1168.185,27.0,-1.995,-1285.212,245.795,-291.225,1.895,31.172,264.438,767.797,-0.05,-32.107,-49.521,-18.6,-51.523,6.0,-31.755,269.0,83.0,92.414,-45.372,0.64,0.49,1.946,58.967,174.676,0.641,1.108,43.213,-0.057,-2.526,0.588,temp_g6_18_0001,run2_g6_g6_6,single-objective/run2/g6/g6_6.pdb.sc
-92.136,-0.67,48.396,1.971,81.215,3.308,1267.396,2455.4,1188.003,39.0,-1.995,-1312.779,253.31,-272.77,1.954,31.338,351.579,756.306,-0.043,-29.622,-49.521,-18.271,-51.523,5.0,-33.958,269.0,83.0,92.326,-46.507,0.69,0.525,1.946,58.596,176.866,0.663,1.169,45.579,-0.045,-1.985,0.588,temp_g1_09_0001,run2_g6_g6_7,single-objective/run2/g6/g6_7.pdb.sc
-84.338,-0.636,48.643,1.974,81.379,3.302,1297.373,2464.252,1166.879,34.0,-1.995,-1308.117,249.303,-272.866,1.938,31.223,354.169,756.314,-0.043,-29.622,-49.521,-18.271,-51.523,5.0,-33.462,269.0,83.0,92.326,-45.53,0.644,0.59,1.946,59.223,179.539,0.667,1.202,46.887,0.048,2.099,0.588,temp_g5_00_0001,run2_g6_g6_8,single-objective/run2/g6/g6_8.pdb.sc
64.192,-0.284,134.526,5.889,27.102,1.186,1169.181,2284.353,1115.172,33.0,-1.995,-1299.956,247.768,-274.517,1.899,31.059,488.737,764.226,-0.113,-30.764,-49.521,-16.861,-51.523,6.0,-31.765,269.0,83.0,92.414,-43.57,0.673,1.755,1.946,60.161,175.868,0.653,2.294,89.449,1.278,56.218,0.588,temp_g6_03_0001,run2_g6_g6_9,single-objective/run2/g6/g6_9.pdb.sc
65.268,-0.296,129.156,5.635,26.274,1.146,1167.268,2292.152,1124.884,37.0,-1.995,-1302.463,250.784,-273.909,1.902,30.918,491.153,764.18,-0.146,-30.764,-49.521,-16.861,-51.523,6.0,-33.028,269.0,83.0,92.414,-43.78,0.673,1.719,1.946,59.939,175.289,0.67,2.237,87.252,1.259,55.399,0.588,temp_g5_16_0001,run2_g7_g7_0,single-objective/run2/g7/g7_0.pdb.sc
65.268,-0.296,129.156,5.635,26.274,1.146,1167.268,2292.152,1124.884,37.0,-1.995,-1302.463,250.784,-273.909,1.902,30.918,491.153,764.18,-0.146,-30.764,-49.521,-16.861,-51.523,6.0,-33.028,269.0,83.0,92.414,-43.78,0.673,1.719,1.946,59.939,175.289,0.67,2.237,87.252,1.259,55.399,0.588,temp_g5_16_0001,run2_g7_g7_1,single-objective/run2/g7/g7_1.pdb.sc
128.367,0.15,45.21,1.867,78.464,3.239,1282.322,2422.146,1139.824,35.0,-1.995,-1305.282,252.348,-271.211,1.965,31.679,567.771,748.646,-0.052,-29.622,-49.507,-16.642,-51.523,6.0,-34.043,269.0,83.0,92.276,-45.741,0.709,2.295,1.946,59.683,177.041,0.648,1.151,44.877,3.31,145.62,0.577,temp_g7_03_0001,run2_g7_g7_10,single-objective/run2/g7/g7_10.pdb.sc
-84.338,-0.636,48.643,1.974,81.379,3.302,1297.373,2464.252,1166.879,34.0,-1.995,-1308.117,249.303,-272.866,1.938,31.223,354.169,756.314,-0.043,-29.622,-49.521,-18.271,-51.523,5.0,-33.462,269.0,83.0,92.326,-45.53,0.644,0.59,1.946,59.223,179.539,0.667,1.202,46.887,0.048,2.099,0.588,temp_g5_00_0001,run2_g7_g7_11,single-objective/run2/g7/g7_11.pdb.sc
-92.136,-0.67,48.396,1.971,81.215,3.308,1267.396,2455.4,1188.003,39.0,-1.995,-1312.779,253.31,-272.77,1.954,31.338,351.579,756.306,-0.043,-29.622,-49.521,-18.271,-51.523,5.0,-33.958,269.0,83.0,92.326,-46.507,0.69,0.525,1.946,58.596,176.866,0.663,1.169,45.579,-0.045,-1.985,0.588,temp_g1_09_0001,run2_g7_g7_12,single-objective/run2/g7/g7_12.pdb.sc
112.385,-0.324,130.959,5.301,162.804,6.59,1315.593,2470.301,1154.707,35.0,-1.995,-1318.97,252.497,-273.022,1.956,31.327,562.626,753.066,-0.02,-29.622,-49.521,-18.271,-51.523,6.0,-33.883,269.0,84.0,92.742,-46.593,0.697,1.614,1.946,58.099,180.937,0.646,2.159,86.372,1.118,49.201,0.588,temp_g7_16_0001,run2_g7_g7_13,single-objective/run2/g7/g7_13.pdb.sc
64.346,-0.294,125.654,5.349,23.478,1.0,1221.148,2348.906,1127.758,38.0,-1.995,-1304.335,251.288,-273.591,1.907,30.849,490.574,761.843,-0.163,-30.764,-49.521,-16.861,-51.523,6.0,-32.791,269.0,83.0,92.414,-44.018,0.637,1.724,1.946,62.544,175.795,0.676,2.216,86.425,1.288,56.654,0.588,temp_g7_00_0001,run2_g7_g7_14,single-objective/run2/g7/g7_14.pdb.sc
70.608,-0.279,129.114,5.633,25.59,1.116,1167.268,2292.152,1124.884,33.0,-1.995,-1300.627,254.026,-271.54,1.904,31.632,490.609,762.906,-0.149,-30.764,-49.521,-16.231,-51.523,6.0,-33.068,269.0,83.0,92.414,-43.344,0.698,1.736,1.946,60.4,172.797,0.67,2.237,87.231,1.293,56.894,0.588,temp_g7_05_0001,run2_g7_g7_15,single-objective/run2/g7/g7_15.pdb.sc
68.269,-0.273,132.768,5.812,27.698,1.212,1169.181,2284.353,1115.172,35.0,-1.995,-1297.05,247.237,-273.981,1.898,31.035,488.512,761.677,-0.111,-30.764,-49.521,-16.861,-51.523,6.0,-31.506,269.0,83.0,92.433,-42.759,0.707,1.789,1.946,61.949,176.956,0.654,2.283,89.032,1.35,59.415,0.588,temp_g7_09_0001,run2_g7_g7_16,single-objective/run2/g7/g7_16.pdb.sc
-92.136,-0.67,48.396,1.971,81.215,3.308,1267.396,2455.4,1188.003,39.0,-1.995,-1312.779,253.31,-272.77,1.954,31.338,351.579,756.306,-0.043,-29.622,-49.521,-18.271,-51.523,5.0,-33.958,269.0,83.0,92.326,-46.507,0.69,0.525,1.946,58.596,176.866,0.663,1.169,45.579,-0.045,-1.985,0.588,temp_g1_09_0001,run2_g7_g7_17,single-objective/run2/g7/g7_17.pdb.sc
-92.136,-0.67,48.396,1.971,81.215,3.308,1267.396,2455.4,1188.003,39.0,-1.995,-1312.779,253.31,-272.77,1.954,31.338,351.579,756.306,-0.043,-29.622,-49.521,-18.271,-51.523,5.0,-33.958,269.0,83.0,92.326,-46.507,0.69,0.525,1.946,58.596,176.866,0.663,1.169,45.579,-0.045,-1.985,0.588,temp_g1_09_0001,run2_g7_g7_18,single-objective/run2/g7/g7_18.pdb.sc
65.268,-0.296,129.156,5.635,26.274,1.146,1167.268,2292.152,1124.884,37.0,-1.995,-1302.463,250.784,-273.909,1.902,30.918,491.153,764.18,-0.146,-30.764,-49.521,-16.861,-51.523,6.0,-33.028,269.0,83.0,92.414,-43.78,0.673,1.719,1.946,59.939,175.289,0.67,2.237,87.252,1.259,55.399,0.588,temp_g5_16_0001,run2_g7_g7_19,single-objective/run2/g7/g7_19.pdb.sc
-92.136,-0.67,48.396,1.971,81.215,3.308,1267.396,2455.4,1188.003,39.0,-1.995,-1312.779,253.31,-272.77,1.954,31.338,351.579,756.306,-0.043,-29.622,-49.521,-18.271,-51.523,5.0,-33.958,269.0,83.0,92.326,-46.507,0.69,0.525,1.946,58.596,176.866,0.663,1.169,45.579,-0.045,-1.985,0.588,temp_g1_09_0001,run2_g7_g7_2,single-objective/run2/g7/g7_2.pdb.sc
-92.136,-0.67,48.396,1.971,81.215,3.308,1267.396,2455.4,1188.003,39.0,-1.995,-1312.779,253.31,-272.77,1.954,31.338,351.579,756.306,-0.043,-29.622,-49.521,-18.271,-51.523,5.0,-33.958,269.0,83.0,92.326,-46.507,0.69,0.525,1.946,58.596,176.866,0.663,1.169,45.579,-0.045,-1.985,0.588,temp_g1_09_0001,run2_g7_g7_20,single-objective/run2/g7/g7_20.pdb.sc
-84.338,-0.636,48.643,1.974,81.379,3.302,1297.373,2464.252,1166.879,34.0,-1.995,-1308.117,249.303,-272.866,1.938,31.223,354.169,756.314,-0.043,-29.622,-49.521,-18.271,-51.523,5.0,-33.462,269.0,83.0,92.326,-45.53,0.644,0.59,1.946,59.223,179.539,0.667,1.202,46.887,0.048,2.099,0.588,temp_g5_00_0001,run2_g7_g7_21,single-objective/run2/g7/g7_21.pdb.sc
531.151,1.599,136.352,5.791,186.808,7.934,1189.813,2354.574,1164.761,36.0,-1.995,-1317.789,257.166,-271.193,1.93,31.839,849.883,769.488,-0.016,-29.622,-47.916,-16.945,-51.523,6.0,-32.821,269.0,83.0,92.065,-38.588,0.694,4.938,99.83,64.518,172.248,0.612,2.323,90.604,7.256,319.251,0.577,temp_g6_02_0001,run2_g7_g7_22,single-objective/run2/g7/g7_22.pdb.sc
-167.624,-0.671,47.492,2.033,81.279,3.48,1167.65,2335.835,1168.185,27.0,-1.995,-1285.212,245.795,-291.225,1.895,31.172,264.438,767.797,-0.05,-32.107,-49.521,-18.6,-51.523,6.0,-31.755,269.0,83.0,92.414,-45.372,0.64,0.49,1.946,58.967,174.676,0.641,1.108,43.213,-0.057,-2.526,0.588,temp_g6_18_0001,run2_g7_g7_23,single-objective/run2/g7/g7_23.pdb.sc
-92.136,-0.67,48.396,1.971,81.215,3.308,1267.396,2455.4,1188.003,39.0,-1.995,-1312.779,253.31,-272.77,1.954,31.338,351.579,756.306,-0.043,-29.622,-49.521,-18.271,-51.523,5.0,-33.958,269.0,83.0,92.326,-46.507,0.69,0.525,1.946,58.596,176.866,0.663,1.169,45.579,-0.045,-1.985,0.588,temp_g1_09_0001,run2_g7_g7_24,single-objective/run2/g7/g7_24.pdb.sc
64.192,-0.284,134.526,5.889,27.102,1.186,1169.181,2284.353,1115.172,33.0,-1.995,-1299.956,247.768,-274.517,1.899,31.059,488.737,764.226,-0.113,-30.764,-49.521,-16.861,-51.523,6.0,-31.765,269.0,83.0,92.414,-43.57,0.673,1.755,1.946,60.161,175.868,0.653,2.294,89.449,1.278,56.218,0.588,temp_g6_03_0001,run2_g7_g7_3,single-objective/run2/g7/g7_3.pdb.sc
-92.136,-0.67,48.396,1.971,81.215,3.308,1267.396,2455.4,1188.003,39.0,-1.995,-1312.779,253.31,-272.77,1.954,31.338,351.579,756.306,-0.043,-29.622,-49.521,-18.271,-51.523,5.0,-33.958,269.0,83.0,92.326,-46.507,0.69,0.525,1.946,58.596,176.866,0.663,1.169,45.579,-0.045,-1.985,0.588,temp_g1_09_0001,run2_g7_g7_4,single-objective/run2/g7/g7_4.pdb.sc
65.268,-0.296,129.156,5.635,26.274,1.146,1167.268,2292.152,1124.884,37.0,-1.995,-1302.463,250.784,-273.909,1.902,30.918,491.153,764.18,-0.146,-30.764,-49.521,-16.861,-51.523,6.0,-33.028,269.0,83.0,92.414,-43.78,0.673,1.719,1.946,59.939,175.289,0.67,2.237,87.252,1.259,55.399,0.588,temp_g5_16_0001,run2_g7_g7_5,single-objective/run2/g7/g7_5.pdb.sc
-97.068,-0.689,41.173,1.689,70.808,2.905,1255.125,2437.448,1182.322,39.0,-1.995,-1305.803,248.226,-271.973,1.951,30.626,343.7,750.749,-0.049,-29.622,-49.521,-16.533,-51.523,5.0,-34.125,269.0,83.0,93.123,-45.813,0.693,0.472,1.946,59.927,179.005,0.65,1.1,42.914,-0.085,-3.74,0.588,temp_g7_20_0001,run2_g7_g7_6,single-objective/run2/g7/g7_6.pdb.sc
546.908,1.859,66.171,2.88,89.911,3.914,1180.914,2297.258,1116.344,36.0,-1.995,-1310.319,250.859,-284.762,1.88,31.478,858.68,767.638,-0.043,-32.107,-47.916,-15.233,-51.523,6.0,-34.518,269.0,82.0,92.353,-40.725,0.669,5.827,117.539,73.887,171.115,0.654,1.416,55.208,9.828,422.619,0.576,temp_g6_15_0001,run2_g7_g7_7,single-objective/run2/g7/g7_7.pdb.sc
322.611,1.158,62.323,2.665,97.189,4.155,1178.595,2338.845,1160.25,35.0,-1.995,-1319.033,254.807,-286.419,1.911,32.07,666.866,770.627,-0.039,-32.107,-47.916,-15.792,-51.523,6.0,-35.441,269.0,82.0,91.936,-41.308,0.635,3.56,99.83,61.986,173.536,0.65,1.363,53.17,5.552,238.745,0.577,temp_g2_11_0001,run2_g7_g7_8,single-objective/run2/g7/g7_8.pdb.sc
382.749,1.108,44.809,1.834,81.575,3.338,1296.604,2443.75,1147.146,38.0,-1.995,-1305.962,250.385,-269.246,1.924,31.316,721.436,746.362,-0.05,-29.622,-47.916,-16.642,-51.523,6.0,-33.642,269.0,83.0,91.823,-42.64,0.691,3.356,99.83,61.047,177.238,0.642,1.127,43.971,5.331,234.576,0.577,temp_g5_20_0001,run2_g7_g7_9,single-objective/run2/g7/g7_9.pdb.sc
65.268,-0.296,129.156,5.635,26.274,1.146,1167.268,2292.152,1124.884,37.0,-1.995,-1302.463,250.784,-273.909,1.902,30.918,491.153,764.18,-0.146,-30.764,-49.521,-16.861,-51.523,6.0,-33.028,269.0,83.0,92.414,-43.78,0.673,1.719,1.946,59.939,175.289,0.67,2.237,87.252,1.259,55.399,0.588,temp_g5_16_0001,run2_g8_g8_0,single-objective/run2/g8/g8_0.pdb.sc
70.608,-0.279,129.114,5.633,25.59,1.116,1167.268,2292.152,1124.884,33.0,-1.995,-1300.627,254.026,-271.54,1.904,31.632,490.609,762.906,-0.149,-30.764,-49.521,-16.231,-51.523,6.0,-33.068,269.0,83.0,92.414,-43.344,0.698,1.736,1.946,60.4,172.797,0.67,2.237,87.231,1.293,56.894,0.588,temp_g7_05_0001,run2_g8_g8_1,single-objective/run2/g8/g8_1.pdb.sc
-92.136,-0.67,48.396,1.971,81.215,3.308,1267.396,2455.4,1188.003,39.0,-1.995,-1312.779,253.31,-272.77,1.954,31.338,351.579,756.306,-0.043,-29.622,-49.521,-18.271,-51.523,5.0,-33.958,269.0,83.0,92.326,-46.507,0.69,0.525,1.946,58.596,176.866,0.663,1.169,45.579,-0.045,-1.985,0.588,temp_g1_09_0001,run2_g8_g8_10,single-objective/run2/g8/g8_10.pdb.sc
71.603,-0.273,129.12,5.633,26.423,1.153,1167.268,2292.152,1124.884,37.0,-1.995,-1300.706,254.094,-271.81,1.903,31.699,490.646,762.322,-0.145,-30.764,-49.521,-15.233,-51.523,6.0,-33.067,269.0,83.0,92.414,-43.585,0.7,1.739,1.946,60.36,173.837,0.67,2.237,87.234,1.299,57.14,0.588,temp_g8_15_0001,run2_g8_g8_11,single-objective/run2/g8/g8_11.pdb.sc
64.192,-0.284,134.526,5.889,27.102,1.186,1169.181,2284.353,1115.172,33.0,-1.995,-1299.956,247.768,-274.517,1.899,31.059,488.737,764.226,-0.113,-30.764,-49.521,-16.861,-51.523,6.0,-31.765,269.0,83.0,92.414,-43.57,0.673,1.755,1.946,60.161,175.868,0.653,2.294,89.449,1.278,56.218,0.588,temp_g6_03_0001,run2_g8_g8_12,single-objective/run2/g8/g8_12.pdb.sc
64.346,-0.294,125.654,5.349,23.478,1.0,1221.148,2348.906,1127.758,38.0,-1.995,-1304.335,251.288,-273.591,1.907,30.849,490.574,761.843,-0.163,-30.764,-49.521,-16.861,-51.523,6.0,-32.791,269.0,83.0,92.414,-44.018,0.637,1.724,1.946,62.544,175.795,0.676,2.216,86.425,1.288,56.654,0.588,temp_g7_00_0001,run2_g8_g8_13,single-objective/run2/g8/g8_13.pdb.sc
-92.136,-0.67,48.396,1.971,81.215,3.308,1267.396,2455.4,1188.003,39.0,-1.995,-1312.779,253.31,-272.77,1.954,31.338,351.579,756.306,-0.043,-29.622,-49.521,-18.271,-51.523,5.0,-33.958,269.0,83.0,92.326,-46.507,0.69,0.525,1.946,58.596,176.866,0.663,1.169,45.579,-0.045,-1.985,0.588,temp_g1_09_0001,run2_g8_g8_14,single-objective/run2/g8/g8_14.pdb.sc
-84.338,-0.636,48.643,1.974,81.379,3.302,1297.373,2464.252,1166.879,34.0,-1.995,-1308.117,249.303,-272.866,1.938,31.223,354.169,756.314,-0.043,-29.622,-49.521,-18.271,-51.523,5.0,-33.462,269.0,83.0,92.326,-45.53,0.644,0.59,1.946,59.223,179.539,0.667,1.202,46.887,0.048,2.099,0.588,temp_g5_00_0001,run2_g8_g8_15,single-objective/run2/g8/g8_15.pdb.sc
65.268,-0.296,129.156,5.635,26.274,1.146,1167.268,2292.152,1124.884,37.0,-1.995,-1302.463,250.784,-273.909,1.902,30.918,491.153,764.18,-0.146,-30.764,-49.521,-16.861,-51.523,6.0,-33.028,269.0,83.0,92.414,-43.78,0.673,1.719,1.946,59.939,175.289,0.67,2.237,87.252,1.259,55.399,0.588,temp_g5_16_0001,run2_g8_g8_16,single-objective/run2/g8/g8_16.pdb.sc
-92.136,-0.67,48.396,1.971,81.215,3.308,1267.396,2455.4,1188.003,39.0,-1.995,-1312.779,253.31,-272.77,1.954,31.338,351.579,756.306,-0.043,-29.622,-49.521,-18.271,-51.523,5.0,-33.958,269.0,83.0,92.326,-46.507,0.69,0.525,1.946,58.596,176.866,0.663,1.169,45.579,-0.045,-1.985,0.588,temp_g1_09_0001,run2_g8_g8_17,single-objective/run2/g8/g8_17.pdb.sc
-95.696,-0.686,42.943,1.777,72.02,2.98,1268.548,2417.101,1148.553,36.0,-1.995,-1310.261,252.843,-271.996,1.949,31.646,345.845,753.621,-0.046,-29.622,-49.521,-18.271,-51.523,6.0,-33.752,269.0,83.0,92.43,-46.199,0.663,0.469,1.946,59.249,177.328,0.663,1.125,43.886,-0.112,-4.928,0.588,temp_g8_17_0001,run2_g8_g8_18,single-objective/run2/g8/g8_18.pdb.sc
68.269,-0.273,132.768,5.812,27.698,1.212,1169.181,2284.353,1115.172,35.0,-1.995,-1297.05,247.237,-273.981,1.898,31.035,488.512,761.677,-0.111,-30.764,-49.521,-16.861,-51.523,6.0,-31.506,269.0,83.0,92.433,-42.759,0.707,1.789,1.946,61.949,176.956,0.654,2.283,89.032,1.35,59.415,0.588,temp_g7_09_0001,run2_g8_g8_19,single-objective/run2/g8/g8_19.pdb.sc
65.268,-0.296,129.156,5.635,26.274,1.146,1167.268,2292.152,1124.884,37.0,-1.995,-1302.463,250.784,-273.909,1.902,30.918,491.153,764.18,-0.146,-30.764,-49.521,-16.861,-51.523,6.0,-33.028,269.0,83.0,92.414,-43.78,0.673,1.719,1.946,59.939,175.289,0.67,2.237,87.252,1.259,55.399,0.588,temp_g5_16_0001,run2_g8_g8_2,single-objective/run2/g8/g8_2.pdb.sc
128.367,0.15,45.21,1.867,78.464,3.239,1282.322,2422.146,1139.824,35.0,-1.995,-1305.282,252.348,-271.211,1.965,31.679,567.771,748.646,-0.052,-29.622,-49.507,-16.642,-51.523,6.0,-34.043,269.0,83.0,92.276,-45.741,0.709,2.295,1.946,59.683,177.041,0.648,1.151,44.877,3.31,145.62,0.577,temp_g7_03_0001,run2_g8_g8_20,single-objective/run2/g8/g8_20.pdb.sc
-92.136,-0.67,48.396,1.971,81.215,3.308,1267.396,2455.4,1188.003,39.0,-1.995,-1312.779,253.31,-272.77,1.954,31.338,351.579,756.306,-0.043,-29.622,-49.521,-18.271,-51.523,5.0,-33.958,269.0,83.0,92.326,-46.507,0.69,0.525,1.946,58.596,176.866,0.663,1.169,45.579,-0.045,-1.985,0.588,temp_g1_09_0001,run2_g8_g8_21,single-objective/run2/g8/g8_21.pdb.sc
322.611,1.158,62.323,2.665,97.189,4.155,1178.595,2338.845,1160.25,35.0,-1.995,-1319.033,254.807,-286.419,1.911,32.07,666.866,770.627,-0.039,-32.107,-47.916,-15.792,-51.523,6.0,-35.441,269.0,82.0,91.936,-41.308,0.635,3.56,99.83,61.986,173.536,0.65,1.363,53.17,5.552,238.745,0.577,temp_g2_11_0001,run2_g8_g8_22,single-objective/run2/g8/g8_22.pdb.sc
-92.937,-0.676,41.106,1.681,74.505,3.047,1223.457,2445.1,1221.643,35.0,-1.995,-1282.742,253.979,-272.949,1.916,31.536,325.46,753.995,-0.055,-29.622,-49.521,-17.64,-51.523,6.0,-32.972,269.0,83.0,92.326,-46.373,0.666,0.451,1.946,58.67,171.994,0.631,0.989,38.583,-0.027,-1.178,0.577,temp_g8_20_0001,run2_g8_g8_23,single-objective/run2/g8/g8_23.pdb.sc
70.608,-0.279,129.114,5.633,25.59,1.116,1167.268,2292.152,1124.884,33.0,-1.995,-1300.627,254.026,-271.54,1.904,31.632,490.609,762.906,-0.149,-30.764,-49.521,-16.231,-51.523,6.0,-33.068,269.0,83.0,92.414,-43.344,0.698,1.736,1.946,60.4,172.797,0.67,2.237,87.231,1.293,56.894,0.588,temp_g7_05_0001,run2_g8_g8_24,single-objective/run2/g8/g8_24.pdb.sc
-84.338,-0.636,48.643,1.974,81.379,3.302,1297.373,2464.252,1166.879,34.0,-1.995,-1308.117,249.303,-272.866,1.938,31.223,354.169,756.314,-0.043,-29.622,-49.521,-18.271,-51.523,5.0,-33.462,269.0,83.0,92.326,-45.53,0.644,0.59,1.946,59.223,179.539,0.667,1.202,46.887,0.048,2.099,0.588,temp_g5_00_0001,run2_g8_g8_3,single-objective/run2/g8/g8_3.pdb.sc
61.922,-0.308,131.351,5.73,26.318,1.148,1167.268,2292.152,1124.884,35.0,-1.995,-1309.919,252.381,-273.7,1.924,31.097,494.587,762.128,-0.117,-30.764,-49.521,-16.861,-51.523,6.0,-33.019,269.0,83.0,92.414,-44.229,0.708,1.709,1.946,59.593,176.797,0.665,2.265,88.345,1.216,53.525,0.588,temp_g8_00_0001,run2_g8_g8_4,single-objective/run2/g8/g8_4.pdb.sc
-97.068,-0.689,41.173,1.689,70.808,2.905,1255.125,2437.448,1182.322,39.0,-1.995,-1305.803,248.226,-271.973,1.951,30.626,343.7,750.749,-0.049,-29.622,-49.521,-16.533,-51.523,5.0,-34.125,269.0,83.0,93.123,-45.813,0.693,0.472,1.946,59.927,179.005,0.65,1.1,42.914,-0.085,-3.74,0.588,temp_g7_20_0001,run2_g8_g8_5,single-objective/run2/g8/g8_5.pdb.sc
-92.136,-0.67,48.396,1.971,81.215,3.308,1267.396,2455.4,1188.003,39.0,-1.995,-1312.779,253.31,-272.77,1.954,31.338,351.579,756.306,-0.043,-29.622,-49.521,-18.271,-51.523,5.0,-33.958,269.0,83.0,92.326,-46.507,0.69,0.525,1.946,58.596,176.866,0.663,1.169,45.579,-0.045,-1.985,0.588,temp_g1_09_0001,run2_g8_g8_6,single-objective/run2/g8/g8_6.pdb.sc
61.1,-0.312,126.091,5.495,22.565,0.983,1168.976,2294.598,1125.622,35.0,-1.995,-1299.01,250.203,-274.178,1.895,30.81,488.413,762.442,-0.169,-30.764,-49.521,-16.861,-51.523,6.0,-33.684,269.0,83.0,92.414,-44.113,0.7,1.664,1.946,60.192,173.848,0.686,2.198,85.72,1.19,52.364,0.588,temp_g8_19_0001,run2_g8_g8_7,single-objective/run2/g8/g8_7.pdb.sc
65.268,-0.296,129.156,5.635,26.274,1.146,1167.268,2292.152,1124.884,37.0,-1.995,-1302.463,250.784,-273.909,1.902,30.918,491.153,764.18,-0.146,-30.764,-49.521,-16.861,-51.523,6.0,-33.028,269.0,83.0,92.414,-43.78,0.673,1.719,1.946,59.939,175.289,0.67,2.237,87.252,1.259,55.399,0.588,temp_g5_16_0001,run2_g8_g8_8,single-objective/run2/g8/g8_8.pdb.sc
164.586,-0.12,179.919,7.089,214.345,8.445,1376.459,2538.041,1161.581,36.0,-1.995,-1317.43,246.646,-272.536,1.993,32.163,616.111,746.619,-0.016,-29.622,-49.521,-19.156,-51.523,6.0,-32.469,269.0,84.0,92.742,-46.228,0.69,2.247,1.946,58.404,187.854,0.633,2.774,110.962,1.767,77.759,0.588,temp_g8_13_0001,run2_g8_g8_9,single-objective/run2/g8/g8_9.pdb.sc
65.268,-0.296,129.156,5.635,26.274,1.146,1167.268,2292.152,1124.884,37.0,-1.995,-1302.463,250.784,-273.909,1.902,30.918,491.153,764.18,-0.146,-30.764,-49.521,-16.861,-51.523,6.0,-33.028,269.0,83.0,92.414,-43.78,0.673,1.719,1.946,59.939,175.289,0.67,2.237,87.252,1.259,55.399,0.588,temp_g5_16_0001,run2_g9_g9_0,single-objective/run2/g9/g9_0.pdb.sc
65.268,-0.296,129.156,5.635,26.274,1.146,1167.268,2292.152,1124.884,37.0,-1.995,-1302.463,250.784,-273.909,1.902,30.918,491.153,764.18,-0.146,-30.764,-49.521,-16.861,-51.523,6.0,-33.028,269.0,83.0,92.414,-43.78,0.673,1.719,1.946,59.939,175.289,0.67,2.237,87.252,1.259,55.399,0.588,temp_g5_16_0001,run2_g9_g9_1,single-objective/run2/g9/g9_1.pdb.sc
-94.246,-0.685,42.12,1.733,76.997,3.168,1299.8,2430.363,1130.562,37.0,-1.995,-1303.306,249.669,-271.724,1.941,30.339,349.708,746.696,-0.045,-29.622,-49.521,-16.533,-51.523,5.0,-33.663,269.0,83.0,92.326,-46.586,0.635,0.462,1.946,58.441,178.572,0.658,1.101,42.933,-0.105,-4.615,0.588,temp_g9_05_0001,run2_g9_g9_10,single-objective/run2/g9/g9_10.pdb.sc
-84.338,-0.636,48.643,1.974,81.379,3.302,1297.373,2464.252,1166.879,34.0,-1.995,-1308.117,249.303,-272.866,1.938,31.223,354.169,756.314,-0.043,-29.622,-49.521,-18.271,-51.523,5.0,-33.462,269.0,83.0,92.326,-45.53,0.644,0.59,1.946,59.223,179.539,0.667,1.202,46.887,0.048,2.099,0.588,temp_g5_00_0001,run2_g9_g9_11,single-objective/run2/g9/g9_11.pdb.sc
-97.068,-0.689,41.173,1.689,70.808,2.905,1255.125,2437.448,1182.322,39.0,-1.995,-1305.803,248.226,-271.973,1.951,30.626,343.7,750.749,-0.049,-29.622,-49.521,-16.533,-51.523,5.0,-34.125,269.0,83.0,93.123,-45.813,0.693,0.472,1.946,59.927,179.005,0.65,1.1,42.914,-0.085,-3.74,0.588,temp_g7_20_0001,run2_g9_g9_12,single-objective/run2/g9/g9_12.pdb.sc
75.882,-0.304,77.456,3.202,113.197,4.679,1267.104,2419.369,1152.264,38.0,-1.995,-1313.08,253.263,-273.658,1.939,31.674,510.733,756.116,-0.036,-29.622,-49.521,-18.271,-51.523,6.0,-33.563,269.0,83.0,92.522,-42.306,0.711,1.689,1.946,64.275,176.364,0.669,1.67,65.141,1.705,75.014,0.588,temp_g9_18_0001,run2_g9_g9_13,single-objective/run2/g9/g9_13.pdb.sc
65.268,-0.296,129.156,5.635,26.274,1.146,1167.268,2292.152,1124.884,37.0,-1.995,-1302.463,250.784,-273.909,1.902,30.918,491.153,764.18,-0.146,-30.764,-49.521,-16.861,-51.523,6.0,-33.028,269.0,83.0,92.414,-43.78,0.673,1.719,1.946,59.939,175.289,0.67,2.237,87.252,1.259,55.399,0.588,temp_g5_16_0001,run2_g9_g9_14,single-objective/run2/g9/g9_14.pdb.sc
-92.136,-0.67,48.396,1.971,81.215,3.308,1267.396,2455.4,1188.003,39.0,-1.995,-1312.779,253.31,-272.77,1.954,31.338,351.579,756.306,-0.043,-29.622,-49.521,-18.271,-51.523,5.0,-33.958,269.0,83.0,92.326,-46.507,0.69,0.525,1.946,58.596,176.866,0.663,1.169,45.579,-0.045,-1.985,0.588,temp_g1_09_0001,run2_g9_g9_15,single-objective/run2/g9/g9_15.pdb.sc
-92.937,-0.676,41.106,1.681,74.505,3.047,1223.457,2445.1,1221.643,35.0,-1.995,-1282.742,253.979,-272.949,1.916,31.536,325.46,753.995,-0.055,-29.622,-49.521,-17.64,-51.523,6.0,-32.972,269.0,83.0,92.326,-46.373,0.666,0.451,1.946,58.67,171.994,0.631,0.989,38.583,-0.027,-1.178,0.577,temp_g8_20_0001,run2_g9_g9_16,single-objective/run2/g9/g9_16.pdb.sc
61.922,-0.308,131.351,5.73,26.318,1.148,1167.268,2292.152,1124.884,35.0,-1.995,-1309.919,252.381,-273.7,1.924,31.097,494.587,762.128,-0.117,-30.764,-49.521,-16.861,-51.523,6.0,-33.019,269.0,83.0,92.414,-44.229,0.708,1.709,1.946,59.593,176.797,0.665,2.265,88.345,1.216,53.525,0.588,temp_g8_00_0001,run2_g9_g9_17,single-objective/run2/g9/g9_17.pdb.sc
70.608,-0.279,129.114,5.633,25.59,1.116,1167.268,2292.152,1124.884,33.0,-1.995,-1300.627,254.026,-271.54,1.904,31.632,490.609,762.906,-0.149,-30.764,-49.521,-16.231,-51.523,6.0,-33.068,269.0,83.0,92.414,-43.344,0.698,1.736,1.946,60.4,172.797,0.67,2.237,87.231,1.293,56.894,0.588,temp_g7_05_0001,run2_g9_g9_18,single-objective/run2/g9/g9_18.pdb.sc
-84.338,-0.636,48.643,1.974,81.379,3.302,1297.373,2464.252,1166.879,34.0,-1.995,-1308.117,249.303,-272.866,1.938,31.223,354.169,756.314,-0.043,-29.622,-49.521,-18.271,-51.523,5.0,-33.462,269.0,83.0,92.326,-45.53,0.644,0.59,1.946,59.223,179.539,0.667,1.202,46.887,0.048,2.099,0.588,temp_g5_00_0001,run2_g9_g9_19,single-objective/run2/g9/g9_19.pdb.sc
64.192,-0.284,134.526,5.889,27.102,1.186,1169.181,2284.353,1115.172,33.0,-1.995,-1299.956,247.768,-274.517,1.899,31.059,488.737,764.226,-0.113,-30.764,-49.521,-16.861,-51.523,6.0,-31.765,269.0,83.0,92.414,-43.57,0.673,1.755,1.946,60.161,175.868,0.653,2.294,89.449,1.278,56.218,0.588,temp_g6_03_0001,run2_g9_g9_2,single-objective/run2/g9/g9_2.pdb.sc
-95.696,-0.686,42.943,1.777,72.02,2.98,1268.548,2417.101,1148.553,36.0,-1.995,-1310.261,252.843,-271.996,1.949,31.646,345.845,753.621,-0.046,-29.622,-49.521,-18.271,-51.523,6.0,-33.752,269.0,83.0,92.43,-46.199,0.663,0.469,1.946,59.249,177.328,0.663,1.125,43.886,-0.112,-4.928,0.588,temp_g8_17_0001,run2_g9_g9_20,single-objective/run2/g9/g9_20.pdb.sc
-92.136,-0.67,48.396,1.971,81.215,3.308,1267.396,2455.4,1188.003,39.0,-1.995,-1312.779,253.31,-272.77,1.954,31.338,351.579,756.306,-0.043,-29.622,-49.521,-18.271,-51.523,5.0,-33.958,269.0,83.0,92.326,-46.507,0.69,0.525,1.946,58.596,176.866,0.663,1.169,45.579,-0.045,-1.985,0.588,temp_g1_09_0001,run2_g9_g9_21,single-objective/run2/g9/g9_21.pdb.sc
65.268,-0.296,129.156,5.635,26.274,1.146,1167.268,2292.152,1124.884,37.0,-1.995,-1302.463,250.784,-273.909,1.902,30.918,491.153,764.18,-0.146,-30.764,-49.521,-16.861,-51.523,6.0,-33.028,269.0,83.0,92.414,-43.78,0.673,1.719,1.946,59.939,175.289,0.67,2.237,87.252,1.259,55.399,0.588,temp_g5_16_0001,run2_g9_g9_22,single-objective/run2/g9/g9_22.pdb.sc
55.069,0.153,43.908,1.87,82.158,3.498,1262.806,2348.653,1085.847,33.0,-1.995,-1292.438,251.411,-276.025,1.948,30.917,495.758,738.245,-0.05,-31.491,-49.507,-16.642,-51.523,6.0,-32.693,269.0,83.0,92.276,-45.164,0.708,2.3,1.946,59.11,180.36,0.645,1.116,43.534,3.349,147.335,0.577,temp_g9_20_0001,run2_g9_g9_23,single-objective/run2/g9/g9_23.pdb.sc
349.455,0.758,178.321,7.808,73.333,3.211,1190.588,2283.814,1093.226,35.0,-1.995,-1303.282,252.933,-269.733,1.9,31.581,611.191,760.759,-0.052,-30.764,-49.521,-16.231,-50.988,6.0,-32.951,269.0,83.0,92.673,-40.408,0.69,4.157,156.168,67.533,170.002,0.68,2.868,111.836,5.3,233.202,0.588,temp_g9_24_0001,run2_g9_g9_24,single-objective/run2/g9/g9_24.pdb.sc
-92.136,-0.67,48.396,1.971,81.215,3.308,1267.396,2455.4,1188.003,39.0,-1.995,-1312.779,253.31,-272.77,1.954,31.338,351.579,756.306,-0.043,-29.622,-49.521,-18.271,-51.523,5.0,-33.958,269.0,83.0,92.326,-46.507,0.69,0.525,1.946,58.596,176.866,0.663,1.169,45.579,-0.045,-1.985,0.588,temp_g1_09_0001,run2_g9_g9_3,single-objective/run2/g9/g9_3.pdb.sc
73.608,-0.252,134.519,5.889,29.061,1.272,1169.181,2284.353,1115.172,31.0,-1.995,-1295.214,250.48,-271.612,1.899,31.749,487.968,760.403,-0.106,-30.764,-49.521,-16.231,-51.523,6.0,-31.547,269.0,83.0,92.433,-42.322,0.723,1.82,1.946,62.409,174.464,0.653,2.293,89.446,1.4,61.585,0.588,temp_g9_19_0001,run2_g9_g9_4,single-objective/run2/g9/g9_4.pdb.sc
344.116,0.747,180.268,7.893,75.498,3.306,1190.588,2283.814,1093.226,33.0,-1.995,-1305.118,249.691,-272.102,1.898,30.867,611.736,762.033,-0.051,-30.764,-49.521,-16.861,-50.988,6.0,-32.911,269.0,83.0,92.673,-40.844,0.686,4.158,156.168,67.073,172.494,0.68,2.898,113.028,5.275,232.098,0.588,temp_g9_00_0001,run2_g9_g9_5,single-objective/run2/g9/g9_5.pdb.sc
64.346,-0.294,125.654,5.349,23.478,1.0,1221.148,2348.906,1127.758,38.0,-1.995,-1304.335,251.288,-273.591,1.907,30.849,490.574,761.843,-0.163,-30.764,-49.521,-16.861,-51.523,6.0,-32.791,269.0,83.0,92.414,-44.018,0.637,1.724,1.946,62.544,175.795,0.676,2.216,86.425,1.288,56.654,0.588,temp_g7_00_0001,run2_g9_g9_6,single-objective/run2/g9/g9_6.pdb.sc
65.268,-0.296,129.156,5.635,26.274,1.146,1167.268,2292.152,1124.884,37.0,-1.995,-1302.463,250.784,-273.909,1.902,30.918,491.153,764.18,-0.146,-30.764,-49.521,-16.861,-51.523,6.0,-33.028,269.0,83.0,92.414,-43.78,0.673,1.719,1.946,59.939,175.289,0.67,2.237,87.252,1.259,55.399,0.588,temp_g5_16_0001,run2_g9_g9_7,single-objective/run2/g9/g9_7.pdb.sc
65.268,-0.296,129.156,5.635,26.274,1.146,1167.268,2292.152,1124.884,37.0,-1.995,-1302.463,250.784,-273.909,1.902,30.918,491.153,764.18,-0.146,-30.764,-49.521,-16.861,-51.523,6.0,-33.028,269.0,83.0,92.414,-43.78,0.673,1.719,1.946,59.939,175.289,0.67,2.237,87.252,1.259,55.399,0.588,temp_g5_16_0001,run2_g9_g9_8,single-objective/run2/g9/g9_8.pdb.sc
55.744,-0.329,126.087,5.48,22.587,0.982,1181.539,2301.022,1119.483,37.0,-1.995,-1305.663,250.78,-273.293,1.917,30.958,492.625,756.399,-0.169,-30.764,-49.521,-16.861,-51.523,6.0,-33.246,269.0,83.0,92.414,-44.732,0.712,1.638,1.946,58.748,176.97,0.688,2.215,86.398,1.127,49.593,0.588,temp_g9_04_0001,run2_g9_g9_9,single-objective/run2/g9/g9_9.pdb.sc
