mutation,PC1,PC2,cluster_kmeans,H0_count,H0_sum_persistence,H0_mean_persistence,H0_max_persistence,H0_birth_mean,H0_death_mean,H1_count,H1_sum_persistence,H1_mean_persistence,H1_max_persistence,H1_birth_mean,H1_death_mean,H2_count,H2_sum_persistence,H2_mean_persistence,H2_max_persistence,H2_birth_mean,H2_death_mean,H1H2_sum_persistence,H1H2_count,n_interface_points
run1_g0_g0_00,5.009523029270521,-0.9812164679720475,0,561.0,826.7778928279877,1.4737573847201206,3.2051174640655518,0.0,1.4737573847201206,158.0,93.6789585351944,0.5929048008556608,2.410245656967163,3.1781676894501794,3.77107249030584,45.0,14.157074451446533,0.3146016544765896,1.28828763961792,4.127041069666545,4.441642724143135,107.83603298664093,203.0,562
run1_g0_g0_01,4.718960244666309,-1.9091025087892488,0,561.0,826.7322311401367,1.473675991337142,3.2051174640655518,0.0,1.473675991337142,160.0,93.84111797809601,0.5865069873631,2.410245656967163,3.1727145425975323,3.7592215299606324,43.0,13.554632663726807,0.31522401543550715,1.28828763961792,4.1558391105297,4.471063125965207,107.39575064182281,203.0,562
run1_g0_g0_02,5.9210887840514115,1.5377412519101787,0,558.0,822.3668078184128,1.4737756412516358,3.370624303817749,0.0,1.4737756412516358,158.0,96.36499631404877,0.6099050399623339,2.410245656967163,3.1585977235926856,3.76850276355502,46.0,14.854743480682373,0.3229292061017907,1.28828763961792,4.104279896487361,4.427209102589151,111.21973979473114,204.0,559
run1_g0_g0_03,2.436467750248608,-3.1958718618957027,0,557.0,820.9816043376923,1.4739346576978316,3.2051174640655518,0.0,1.4739346576978316,159.0,91.20163679122925,0.573595199944838,2.410245656967163,3.2109413506849758,3.784536550629814,44.0,13.158783674240112,0.2990632653236389,1.28828763961792,4.181691787459633,4.480755052783272,104.36042046546936,203.0,558
run1_g0_g0_04,5.4436002840573865,-0.22893850321761378,0,563.0,830.3152284622192,1.4748050239115795,3.370624303817749,0.0,1.4748050239115795,160.0,94.46045172214508,0.5903778232634067,2.410245656967163,3.173611018806696,3.763988842070103,44.0,14.052697896957397,0.3193794976581227,1.28828763961792,4.10108879479495,4.420468292453072,108.51314961910248,204.0,564
run1_g0_g0_05,5.110245688158493,-1.0413053264653418,0,561.0,827.2684277296066,1.4746317784841474,3.370624303817749,0.0,1.4746317784841474,159.0,93.55538654327393,0.5883986575048674,2.410245656967163,3.15571114552096,3.7441098030258275,48.0,13.913154363632202,0.2898573825756709,1.28828763961792,4.134585380554199,4.42444276312987,107.46854090690613,207.0,562
run1_g0_g0_06,2.76759808582402,-1.8341492149320366,0,559.0,823.5012633800507,1.4731686285868526,3.2207815647125244,0.0,1.4731686285868526,154.0,92.4419094324112,0.6002721391715012,2.410245656967163,3.170421856564361,3.770693995735862,44.0,13.523634672164917,0.3073553334582936,0.9367504119873047,4.221888699314811,4.5292440327731045,105.96554410457611,198.0,560
run1_g0_g0_07,9.701864502629594,-1.5278686160387138,0,571.0,839.3779997825623,1.4700140101270793,3.2051174640655518,0.0,1.4700140101270793,163.0,97.1352047920227,0.5959215017915503,2.410245656967163,3.1420649107248506,3.737986412516401,48.0,15.056148529052734,0.31366976102193195,1.28828763961792,4.105145623286565,4.418815384308497,112.19135332107544,211.0,572
run1_g0_g0_08,2.1670792957064444,0.1835931686490287,0,555.0,819.9447777271271,1.4773779778867155,3.2207815647125244,0.0,1.4773779778867155,154.0,91.28421115875244,0.5927546179139769,2.410245656967163,3.193314474898499,3.7860690928124763,45.0,14.05765438079834,0.31239231957329644,1.28828763961792,4.147030931048923,4.459423250622219,105.34186553955078,199.0,556
run1_g0_g0_09,6.19914320254855,-0.7505983547389673,0,562.0,827.2775136232376,1.4720240455929494,3.2051174640655518,0.0,1.4720240455929494,157.0,94.84875285625458,0.6041321837977999,2.410245656967163,3.159415207850705,3.763547391648505,47.0,14.403152465820312,0.306450052464262,1.28828763961792,4.11496646353539,4.421416515999652,109.25190532207489,204.0,563
run1_g0_g0_10,3.741377329794698,-0.6365238683021308,0,558.0,823.4588251113892,1.4757326614899446,3.2051174640655518,0.0,1.4757326614899446,158.0,93.43199741840363,0.5913417558126812,2.410245656967163,3.179487458512753,3.770829214325434,44.0,13.909262418746948,0.316119600426067,1.28828763961792,4.1638113260269165,4.479930926452983,107.34125983715057,202.0,559
run1_g0_g0_11,5.3601752099388795,-1.5215042456168968,0,560.0,825.8234490156174,1.474684730385031,3.2051174640655518,0.0,1.474684730385031,161.0,93.77317106723785,0.5824420563182475,2.0924081802368164,3.170213914806058,3.7526559711243053,46.0,14.683403730392456,0.31920442892157513,1.28828763961792,4.187870150027067,4.507074578948643,108.45657479763031,207.0,561
run1_g0_g0_12,3.437707781911817,-1.2700902530094969,0,557.0,820.8472031354904,1.473693362900342,3.2051174640655518,0.0,1.473693362900342,155.0,91.73654556274414,0.5918486810499622,2.410245656967163,3.162744572854811,3.7545932539047735,44.0,13.77941632270813,0.3131685527888211,1.28828763961792,4.1665940284729,4.479762581261721,105.51596188545227,199.0,558
run1_g0_g0_13,10.688016442804706,0.39440001013685827,0,569.0,838.9604549407959,1.474447196732506,3.2051174640655518,0.0,1.474447196732506,166.0,97.69058656692505,0.5884975094393076,2.0924081802368164,3.145263565592019,3.7337610750313264,53.0,17.043961763381958,0.32158418421475393,1.28828763961792,4.121949195861816,4.443533380076571,114.734548330307,219.0,570
run1_g0_g0_14,4.221431877706145,-2.595929936297834,0,558.0,822.4816819429398,1.473981508858315,3.2051174640655518,0.0,1.473981508858315,161.0,94.06690120697021,0.5842664671240386,2.410245656967163,3.1827472159581154,3.767013683082154,46.0,13.304187059402466,0.2892214578130971,1.28828763961792,4.16599530759065,4.455216765403748,107.37108826637268,207.0,559
run1_g0_g0_15,2.568227533518391,-0.8873431089941344,0,558.0,821.9127006530762,1.4729618291273767,3.2051174640655518,0.0,1.4729618291273767,150.0,92.820760846138,0.6188050723075866,2.410245656967163,3.15287899573644,3.771684068044027,46.0,13.77203631401062,0.29939209378283954,0.8472099304199219,4.243831048841062,4.543223142623901,106.59279716014862,196.0,559
run1_g0_g0_16,6.025549510940194,0.32427523681676823,0,562.0,828.8571428060532,1.4748347736762513,3.2207815647125244,0.0,1.4748347736762513,158.0,95.66843783855438,0.6054964420161669,2.410245656967163,3.1623666535449932,3.7678630955611605,47.0,14.518192052841187,0.30889770325194016,1.28828763961792,4.114540409534536,4.423438112786475,110.18662989139557,205.0,563
run1_g0_g0_17,2.1674809297493574,-1.7922450877038765,0,555.0,818.3541201353073,1.474511928171725,3.2051174640655518,0.0,1.474511928171725,154.0,90.14156007766724,0.5853348056991379,2.410245656967163,3.1828370016890686,3.7681718073882067,45.0,13.541249752044678,0.3009166611565484,1.28828763961792,4.166168128119574,4.467084789276123,103.68280982971191,199.0,556
run1_g0_g0_18,3.778297433171069,-1.8762676217635799,0,560.0,825.0242850780487,1.473257651925087,3.2051174640655518,0.0,1.473257651925087,156.0,91.73498594760895,0.5880447817154419,2.410245656967163,3.179680802119084,3.767725583834526,45.0,13.795026540756226,0.30655614535013836,1.28828763961792,4.162895478142632,4.469451623492771,105.53001248836517,201.0,561
run1_g0_g0_19,8.735304947390075,-2.426093108407106,0,566.0,832.1714763641357,1.4702676260850456,3.2051174640655518,0.0,1.4702676260850456,161.0,95.62945830821991,0.5939717907342852,2.410245656967163,3.129077278308987,3.723049069043272,50.0,14.240729331970215,0.2848145866394043,1.28828763961792,4.067242650985718,4.352057237625122,109.87018764019012,211.0,567
run1_g0_g0_20,8.237228184658019,-2.1257535497028166,0,569.0,836.0799102783203,1.4693847280814065,3.2051174640655518,0.0,1.4693847280814065,160.0,95.5234659910202,0.5970216624438762,2.410245656967163,3.133266318589449,3.7302879810333254,44.0,14.091368198394775,0.3202583681453358,1.28828763961792,4.105363341895017,4.425621710040352,109.61483418941498,204.0,570
run1_g0_g0_21,3.4758840213105113,-2.418241959215058,0,561.0,827.0181174278259,1.4741855925629697,3.2051174640655518,0.0,1.4741855925629697,157.0,92.48687040805817,0.5890883465481412,2.410245656967163,3.184412108105459,3.7735004546536004,44.0,12.985691785812378,0.29512935876846313,1.28828763961792,4.153733838688243,4.448863197456706,105.47256219387054,201.0,562
run1_g0_g0_22,0.2961475848793775,-2.2842593085452956,0,555.0,818.3642063140869,1.4745301014668233,3.2051174640655518,0.0,1.4745301014668233,150.0,88.7111064195633,0.5914073761304219,2.410245656967163,3.19308797121048,3.7844953473409015,45.0,13.412620782852173,0.2980582396189372,0.8472099304199219,4.229817077848646,4.527875317467584,102.12372720241547,195.0,556
run1_g0_g0_23,3.1904926498730246,-1.8551522018709417,0,557.0,821.044161438942,1.474046968472068,3.2051174640655518,0.0,1.474046968472068,156.0,92.22516345977783,0.591186945254986,2.410245656967163,3.175678375439766,3.766865320694752,45.0,13.372008800506592,0.2971557511223687,1.28828763961792,4.164550177256266,4.461705928378635,105.59717226028442,201.0,558
run1_g0_g0_24,5.362231588741166,-1.0604895101003022,0,560.0,826.4532297849655,1.4758093389017242,3.2051174640655518,0.0,1.4758093389017242,160.0,92.92183816432953,0.5807614885270596,2.0924081802368164,3.1738253213465213,3.754586809873581,49.0,15.196746826171875,0.31013769033003824,1.28828763961792,4.178409172564137,4.488546862894175,108.1185849905014,209.0,561
run1_g1_g1_0,2.1670792957064444,0.1835931686490287,0,555.0,819.9447777271271,1.4773779778867155,3.2207815647125244,0.0,1.4773779778867155,154.0,91.28421115875244,0.5927546179139769,2.410245656967163,3.193314474898499,3.7860690928124763,45.0,14.05765438079834,0.31239231957329644,1.28828763961792,4.147030931048923,4.459423250622219,105.34186553955078,199.0,556
run1_g1_g1_1,3.741377329794698,-0.6365238683021308,0,558.0,823.4588251113892,1.4757326614899446,3.2051174640655518,0.0,1.4757326614899446,158.0,93.43199741840363,0.5913417558126812,2.410245656967163,3.179487458512753,3.770829214325434,44.0,13.909262418746948,0.316119600426067,1.28828763961792,4.1638113260269165,4.479930926452983,107.34125983715057,202.0,559
run1_g1_g1_10,3.1754070501356204,-1.4480139693167673,0,560.0,826.0826569795609,1.4751476017492158,3.2051174640655518,0.0,1.4751476017492158,156.0,91.47475099563599,0.5863766089463845,2.410245656967163,3.1962501330253406,3.782626741971725,45.0,13.784862041473389,0.3063302675882975,1.28828763961792,4.154912159177992,4.461242426766289,105.25961303710938,201.0,561
run1_g1_g1_11,4.718960244666309,-1.9091025087892488,0,561.0,826.7322311401367,1.473675991337142,3.2051174640655518,0.0,1.473675991337142,160.0,93.84111797809601,0.5865069873631,2.410245656967163,3.1727145425975323,3.7592215299606324,43.0,13.554632663726807,0.31522401543550715,1.28828763961792,4.1558391105297,4.471063125965207,107.39575064182281,203.0,562
run1_g1_g1_12,2.748893248001766,0.9161948139789443,0,556.0,822.8661761283875,1.4799751369215601,3.2207815647125244,0.0,1.4799751369215601,158.0,92.2775514125824,0.5840351355226734,2.410245656967163,3.2076938650276086,3.791729000550282,46.0,14.684199810028076,0.31922173500061035,1.28828763961792,4.14771134438722,4.466933079387831,106.96175122261047,204.0,557
run1_g1_g1_13,0.2961475848793775,-2.2842593085452956,0,555.0,818.3642063140869,1.4745301014668233,3.2051174640655518,0.0,1.4745301014668233,150.0,88.7111064195633,0.5914073761304219,2.410245656967163,3.19308797121048,3.7844953473409015,45.0,13.412620782852173,0.2980582396189372,0.8472099304199219,4.229817077848646,4.527875317467584,102.12372720241547,195.0,556
run1_g1_g1_14,6.0098461465393145,-0.9548042198314061,0,567.0,836.6465820074081,1.4755671640342296,3.2051174640655518,0.0,1.4755671640342296,161.0,94.46974623203278,0.5867686101368496,2.410245656967163,3.1972503551044817,3.7840189652413314,50.0,14.88289999961853,0.2976579999923706,1.28828763961792,4.165347385406494,4.463005385398865,109.3526462316513,211.0,568
run1_g1_g1_15,3.778297433171069,-1.8762676217635799,0,560.0,825.0242850780487,1.473257651925087,3.2051174640655518,0.0,1.473257651925087,156.0,91.73498594760895,0.5880447817154419,2.410245656967163,3.179680802119084,3.767725583834526,45.0,13.795026540756226,0.30655614535013836,1.28828763961792,4.162895478142632,4.469451623492771,105.53001248836517,201.0,561
run1_g1_g1_16,3.904660787552055,-0.26304320723226954,0,558.0,822.5973490476608,1.4741887975764532,3.2051174640655518,0.0,1.4741887975764532,157.0,94.73234605789185,0.6033907392222411,2.410245656967163,3.1659970936501862,3.769387832872427,43.0,13.921245813369751,0.3237499026365058,1.28828763961792,4.210114900455919,4.533864803092424,108.6535918712616,200.0,559
run1_g1_g1_17,5.3601752099388795,-1.5215042456168968,0,560.0,825.8234490156174,1.474684730385031,3.2051174640655518,0.0,1.474684730385031,161.0,93.77317106723785,0.5824420563182475,2.0924081802368164,3.170213914806058,3.7526559711243053,46.0,14.683403730392456,0.31920442892157513,1.28828763961792,4.187870150027067,4.507074578948643,108.45657479763031,207.0,561
run1_g1_g1_18,0.3290720074247115,-2.49066019421682,0,552.0,813.1030895709991,1.473012843425723,3.075467348098755,0.0,1.473012843425723,147.0,88.55685842037201,0.6024276083018504,2.410245656967163,3.1812764552174784,3.7837040635193286,46.0,13.414396286010742,0.2916173105654509,0.8472099304199219,4.217139238896578,4.508756549462028,101.97125470638275,193.0,553
run1_g1_g1_19,6.942676429242218,0.8773443367272504,0,564.0,831.0929979085922,1.4735691452280004,3.370624303817749,0.0,1.4735691452280004,161.0,96.45599782466888,0.5991055765507384,2.410245656967163,3.178965329383471,3.7780709059342095,47.0,15.261498928070068,0.324712743150427,1.28828763961792,4.112038921802602,4.436751664953029,111.71749675273895,208.0,565
run1_g1_g1_2,2.1670792957064444,0.1835931686490287,0,555.0,819.9447777271271,1.4773779778867155,3.2207815647125244,0.0,1.4773779778867155,154.0,91.28421115875244,0.5927546179139769,2.410245656967163,3.193314474898499,3.7860690928124763,45.0,14.05765438079834,0.31239231957329644,1.28828763961792,4.147030931048923,4.459423250622219,105.34186553955078,199.0,556
run1_g1_g1_20,3.437707781911817,-1.2700902530094969,0,557.0,820.8472031354904,1.473693362900342,3.2051174640655518,0.0,1.473693362900342,155.0,91.73654556274414,0.5918486810499622,2.410245656967163,3.162744572854811,3.7545932539047735,44.0,13.77941632270813,0.3131685527888211,1.28828763961792,4.1665940284729,4.479762581261721,105.51596188545227,199.0,558
run1_g1_g1_21,6.807375805828672,-1.876656089258643,0,563.0,828.0803660154343,1.4708354636153362,3.075467348098755,0.0,1.4708354636153362,157.0,95.00541365146637,0.6051300232577476,2.410245656967163,3.149318114207808,3.754448137465556,47.0,14.09873342514038,0.2999730515987315,1.28828763961792,4.108658359405842,4.408631411004574,109.10414707660675,204.0,564
run1_g1_g1_22,6.591969140628033,-0.9992831829081367,0,564.0,830.4848819971085,1.472490925526788,3.2051174640655518,0.0,1.472490925526788,159.0,94.36449670791626,0.5934874006787186,2.4274275302886963,3.1278738435709252,3.721361244249644,45.0,14.519121408462524,0.3226471424102783,1.28828763961792,4.17290309270223,4.495550235112508,108.88361811637878,204.0,565
run1_g1_g1_23,2.4205984893249717,-1.924305737922418,0,556.0,819.3805426359177,1.4737060119351038,3.370624303817749,0.0,1.4737060119351038,155.0,90.16934132575989,0.5817376859726444,2.410245656967163,3.172831446124661,3.7545691320973056,45.0,13.306435108184814,0.29569855795966254,1.28828763961792,4.158427053027683,4.4541256109873455,103.4757764339447,200.0,557
run1_g1_g1_24,3.741377329794698,-0.6365238683021308,0,558.0,823.4588251113892,1.4757326614899446,3.2051174640655518,0.0,1.4757326614899446,158.0,93.43199741840363,0.5913417558126812,2.410245656967163,3.179487458512753,3.770829214325434,44.0,13.909262418746948,0.316119600426067,1.28828763961792,4.1638113260269165,4.479930926452983,107.34125983715057,202.0,559
run1_g1_g1_3,5.4436002840573865,-0.22893850321761378,0,563.0,830.3152284622192,1.4748050239115795,3.370624303817749,0.0,1.4748050239115795,160.0,94.46045172214508,0.5903778232634067,2.410245656967163,3.173611018806696,3.763988842070103,44.0,14.052697896957397,0.3193794976581227,1.28828763961792,4.10108879479495,4.420468292453072,108.51314961910248,204.0,564
run1_g1_g1_4,1.352811652154544,-1.8642005695145196,0,556.0,820.6714185476303,1.476027731200774,3.2051174640655518,0.0,1.476027731200774,158.0,93.93471837043762,0.5945235339901115,2.410245656967163,3.2154657131508935,3.8099892471410053,44.0,12.825158596038818,0.29148087718270044,1.28828763961792,4.262691010128368,4.554171887311068,106.75987696647644,202.0,557
run1_g1_g1_5,5.362231588741166,-1.0604895101003022,0,560.0,826.4532297849655,1.4758093389017242,3.2051174640655518,0.0,1.4758093389017242,160.0,92.92183816432953,0.5807614885270596,2.0924081802368164,3.1738253213465213,3.754586809873581,49.0,15.196746826171875,0.31013769033003824,1.28828763961792,4.178409172564137,4.488546862894175,108.1185849905014,209.0,561
run1_g1_g1_6,10.688016442804706,0.39440001013685827,0,569.0,838.9604549407959,1.474447196732506,3.2051174640655518,0.0,1.474447196732506,166.0,97.69058656692505,0.5884975094393076,2.0924081802368164,3.145263565592019,3.7337610750313264,53.0,17.043961763381958,0.32158418421475393,1.28828763961792,4.121949195861816,4.443533380076571,114.734548330307,219.0,570
run1_g1_g1_7,-0.2973941307094163,-1.8933239379171949,2,548.0,808.2607653141022,1.4749284038578507,3.2051174640655518,0.0,1.4749284038578507,153.0,90.82791721820831,0.5936465177660674,2.410245656967163,3.194657399763469,3.7883039175295363,43.0,12.67021131515503,0.2946560770966286,1.28828763961792,4.245649531830189,4.5403056089268174,103.49812853336334,196.0,549
run1_g1_g1_8,5.009523029270521,-0.9812164679720475,0,561.0,826.7778928279877,1.4737573847201206,3.2051174640655518,0.0,1.4737573847201206,158.0,93.6789585351944,0.5929048008556608,2.410245656967163,3.1781676894501794,3.77107249030584,45.0,14.157074451446533,0.3146016544765896,1.28828763961792,4.127041069666545,4.441642724143135,107.83603298664093,203.0,562
run1_g1_g1_9,2.1674809297493574,-1.7922450877038765,0,555.0,818.3541201353073,1.474511928171725,3.2051174640655518,0.0,1.474511928171725,154.0,90.14156007766724,0.5853348056991379,2.410245656967163,3.1828370016890686,3.7681718073882067,45.0,13.541249752044678,0.3009166611565484,1.28828763961792,4.166168128119574,4.467084789276123,103.68280982971191,199.0,556
run1_g10_g10_0,-2.0628946269046424,-1.4595973334835568,1,545.0,805.0886214971542,1.4772268284351453,3.2051174640655518,0.0,1.4772268284351453,153.0,90.10848593711853,0.5889443525301865,2.410245656967163,3.239195856393552,3.8281402089237386,43.0,12.689062595367432,0.2950944789620333,1.28828763961792,4.253998135411462,4.549092614373495,102.79754853248596,196.0,546
run1_g10_g10_1,-2.0628946269046424,-1.4595973334835568,1,545.0,805.0886214971542,1.4772268284351453,3.2051174640655518,0.0,1.4772268284351453,153.0,90.10848593711853,0.5889443525301865,2.410245656967163,3.239195856393552,3.8281402089237386,43.0,12.689062595367432,0.2950944789620333,1.28828763961792,4.253998135411462,4.549092614373495,102.79754853248596,196.0,546
run1_g10_g10_10,4.007929949700971,0.5724957674645202,0,556.0,822.4802269935608,1.4792809838013683,3.2207815647125244,0.0,1.4792809838013683,159.0,93.01222825050354,0.5849825676132299,2.0924081802368164,3.1959233763832717,3.7809059439965016,50.0,15.46105432510376,0.3092210865020752,1.28828763961792,4.174108481407165,4.483329567909241,108.4732825756073,209.0,557
run1_g10_g10_11,-2.1446983941590525,-0.5798389168498153,1,546.0,807.7653068304062,1.4794236388835278,3.2207815647125244,0.0,1.4794236388835278,151.0,86.78939425945282,0.5747642003937273,2.410245656967163,3.234528897613879,3.8092930980076063,46.0,13.857078075408936,0.3012408277262812,1.28828763961792,4.240895053614741,4.542135881341022,100.64647233486176,197.0,547
run1_g10_g10_12,-0.9863434480843296,-2.0471127986899726,1,549.0,810.5543135404587,1.4764195146456442,3.2051174640655518,0.0,1.4764195146456442,154.0,89.10439240932465,0.5785999507099003,2.410245656967163,3.230904276494856,3.8095042272047563,45.0,13.261924743652344,0.29470943874782984,1.28828763961792,4.265105406443278,4.559814845191108,102.36631715297699,199.0,550
run1_g10_g10_13,-0.9863434480843296,-2.0471127986899726,1,549.0,810.5543135404587,1.4764195146456442,3.2051174640655518,0.0,1.4764195146456442,154.0,89.10439240932465,0.5785999507099003,2.410245656967163,3.230904276494856,3.8095042272047563,45.0,13.261924743652344,0.29470943874782984,1.28828763961792,4.265105406443278,4.559814845191108,102.36631715297699,199.0,550
run1_g10_g10_14,-0.9863434480843296,-2.0471127986899726,1,549.0,810.5543135404587,1.4764195146456442,3.2051174640655518,0.0,1.4764195146456442,154.0,89.10439240932465,0.5785999507099003,2.410245656967163,3.230904276494856,3.8095042272047563,45.0,13.261924743652344,0.29470943874782984,1.28828763961792,4.265105406443278,4.559814845191108,102.36631715297699,199.0,550
run1_g10_g10_15,-2.8537790389194773,-1.106265068976375,1,541.0,798.4160952568054,1.4758153331918769,3.2051174640655518,0.0,1.4758153331918769,150.0,89.86400532722473,0.5990933688481649,2.410245656967163,3.2313779179255167,3.8304712867736814,43.0,12.716803073883057,0.2957396063693734,1.28828763961792,4.2820426752400955,4.577782281609469,102.58080840110779,193.0,542
run1_g10_g10_16,5.216144047562058,-1.2372810431274552,0,560.0,826.6579878330231,1.4761749782732554,3.2051174640655518,0.0,1.4761749782732554,160.0,92.6471300125122,0.5790445625782012,2.0924081802368164,3.181185929477215,3.760230492055416,50.0,15.130983829498291,0.3026196765899658,1.28828763961792,4.1691578674316405,4.471777544021607,107.7781138420105,210.0,561
run1_g10_g10_17,-0.3263746532170871,-0.11153497569408995,2,548.0,810.4152146577835,1.4788598807623787,3.2207815647125244,0.0,1.4788598807623787,156.0,92.8685611486435,0.5953112894143814,2.410245656967163,3.2230124313097734,3.818323720724155,43.0,13.099228858947754,0.30463322927785474,1.28828763961792,4.232450718103453,4.537083947381308,105.96779000759125,199.0,549
run1_g10_g10_18,0.3084174926375078,-2.0103072526893477,2,551.0,813.463173031807,1.4763396969724265,3.2051174640655518,0.0,1.4763396969724265,157.0,90.674440741539,0.5775442085448345,2.410245656967163,3.2246887691461357,3.80223297769097,44.0,13.282289505004883,0.30187021602283826,1.28828763961792,4.23482993516055,4.536700151183388,103.95673024654388,201.0,552
run1_g10_g10_19,-4.783160383339323,-3.6087413453861976,1,540.0,797.3284749984741,1.4765342129601373,3.2051174640655518,0.0,1.4765342129601373,152.0,88.82318639755249,0.5843630684049506,2.410245656967163,3.245394291062104,3.8297573594670546,43.0,11.869714736938477,0.2760398776032204,0.8472099304199219,4.370701978372973,4.6467418559761935,100.69290113449097,195.0,541
run1_g10_g10_2,-3.3591715676738643,-0.16286463756348854,1,538.0,796.1795350313187,1.4798876115823767,3.2207815647125244,0.0,1.4798876115823767,152.0,89.27553081512451,0.587339018520556,2.410245656967163,3.2388080970237128,3.826147115544269,43.0,12.90751838684082,0.3001748462056005,1.28828763961792,4.236865309781806,4.537040155987407,102.18304920196533,195.0,539
run1_g10_g10_20,-2.228546592047285,1.2864600397646029,2,545.0,805.31181371212,1.4776363554350826,3.370624303817749,0.0,1.4776363554350826,151.0,90.49860799312592,0.5993285297558008,2.870814323425293,3.227482273878641,3.8268108036344413,45.0,13.400339603424072,0.29778532452053497,1.28828763961792,4.265105406443278,4.562890730963813,103.89894759654999,196.0,546
run1_g10_g10_21,0.31203746636798674,-1.1722679248824122,2,550.0,811.8407911062241,1.4760741656476801,3.2051174640655518,0.0,1.4760741656476801,156.0,92.15590298175812,0.5907429678317828,2.410245656967163,3.218226086634856,3.808969054466639,44.0,13.383992195129395,0.3041816407983953,1.28828763961792,4.262183248996735,4.56636488979513,105.53989517688751,200.0,551
run1_g10_g10_22,-0.9863434480843296,-2.0471127986899726,1,549.0,810.5543135404587,1.4764195146456442,3.2051174640655518,0.0,1.4764195146456442,154.0,89.10439240932465,0.5785999507099003,2.410245656967163,3.230904276494856,3.8095042272047563,45.0,13.261924743652344,0.29470943874782984,1.28828763961792,4.265105406443278,4.559814845191108,102.36631715297699,199.0,550
run1_g10_g10_23,0.3084174926375078,-2.0103072526893477,2,551.0,813.463173031807,1.4763396969724265,3.2051174640655518,0.0,1.4763396969724265,157.0,90.674440741539,0.5775442085448345,2.410245656967163,3.2246887691461357,3.80223297769097,44.0,13.282289505004883,0.30187021602283826,1.28828763961792,4.23482993516055,4.536700151183388,103.95673024654388,201.0,552
run1_g10_g10_24,-2.0628946269046424,-1.4595973334835568,1,545.0,805.0886214971542,1.4772268284351453,3.2051174640655518,0.0,1.4772268284351453,153.0,90.10848593711853,0.5889443525301865,2.410245656967163,3.239195856393552,3.8281402089237386,43.0,12.689062595367432,0.2950944789620333,1.28828763961792,4.253998135411462,4.549092614373495,102.79754853248596,196.0,546
run1_g10_g10_3,-3.310495067112133,-2.7648167137837887,1,543.0,802.4511116743088,1.4778105187372168,3.2051174640655518,0.0,1.4778105187372168,155.0,87.51902532577515,0.5646388730695171,2.410245656967163,3.270023956606465,3.834662829675982,44.0,12.8367280960083,0.291743820363825,1.28828763961792,4.285490626638586,4.577234447002411,100.35575342178345,199.0,544
run1_g10_g10_4,-3.778344310103306,-2.613245347192466,1,543.0,802.0531933307648,1.4770777041082224,3.2051174640655518,0.0,1.4770777041082224,151.0,86.48352754116058,0.5727385929878185,2.410245656967163,3.2359075301530345,3.808646123140853,44.0,12.746000528335571,0.2896818301894448,1.28828763961792,4.335212935100902,4.624894765290347,99.22952806949615,195.0,544
run1_g10_g10_5,-1.789249198029768,-0.6241006492740528,1,540.0,797.7130746841431,1.477246434600265,3.2207815647125244,0.0,1.477246434600265,153.0,90.50339412689209,0.5915254518097522,2.410245656967163,3.211174692203796,3.8027001440135484,43.0,12.992719173431396,0.30215625984724176,1.28828763961792,4.2409890751506,4.543145334997843,103.49611330032349,196.0,541
run1_g10_g10_6,1.7928248443483557,-0.25312406759721856,0,553.0,818.0351077318192,1.4792678259164904,3.370624303817749,0.0,1.4792678259164904,160.0,92.77278792858124,0.5798299245536327,2.0924081802368164,3.2254607893526552,3.805290713906288,49.0,14.49298882484436,0.29577528213968085,1.28828763961792,4.236655702396315,4.532430984535996,107.2657767534256,209.0,554
run1_g10_g10_7,-2.0628946269046424,-1.4595973334835568,1,545.0,805.0886214971542,1.4772268284351453,3.2051174640655518,0.0,1.4772268284351453,153.0,90.10848593711853,0.5889443525301865,2.410245656967163,3.239195856393552,3.8281402089237386,43.0,12.689062595367432,0.2950944789620333,1.28828763961792,4.253998135411462,4.549092614373495,102.79754853248596,196.0,546
run1_g10_g10_8,-0.9863434480843296,-2.0471127986899726,1,549.0,810.5543135404587,1.4764195146456442,3.2051174640655518,0.0,1.4764195146456442,154.0,89.10439240932465,0.5785999507099003,2.410245656967163,3.230904276494856,3.8095042272047563,45.0,13.261924743652344,0.29470943874782984,1.28828763961792,4.265105406443278,4.559814845191108,102.36631715297699,199.0,550
run1_g10_g10_9,-0.3263746532170871,-0.11153497569408995,2,548.0,810.4152146577835,1.4788598807623787,3.2207815647125244,0.0,1.4788598807623787,156.0,92.8685611486435,0.5953112894143814,2.410245656967163,3.2230124313097734,3.818323720724155,43.0,13.099228858947754,0.30463322927785474,1.28828763961792,4.232450718103453,4.537083947381308,105.96779000759125,199.0,549
run1_g11_g11_0,-2.0628946269046424,-1.4595973334835568,1,545.0,805.0886214971542,1.4772268284351453,3.2051174640655518,0.0,1.4772268284351453,153.0,90.10848593711853,0.5889443525301865,2.410245656967163,3.239195856393552,3.8281402089237386,43.0,12.689062595367432,0.2950944789620333,1.28828763961792,4.253998135411462,4.549092614373495,102.79754853248596,196.0,546
run1_g11_g11_1,-2.0628946269046424,-1.4595973334835568,1,545.0,805.0886214971542,1.4772268284351453,3.2051174640655518,0.0,1.4772268284351453,153.0,90.10848593711853,0.5889443525301865,2.410245656967163,3.239195856393552,3.8281402089237386,43.0,12.689062595367432,0.2950944789620333,1.28828763961792,4.253998135411462,4.549092614373495,102.79754853248596,196.0,546
run1_g11_g11_10,-2.8537790389194773,-1.106265068976375,1,541.0,798.4160952568054,1.4758153331918769,3.2051174640655518,0.0,1.4758153331918769,150.0,89.86400532722473,0.5990933688481649,2.410245656967163,3.2313779179255167,3.8304712867736814,43.0,12.716803073883057,0.2957396063693734,1.28828763961792,4.2820426752400955,4.577782281609469,102.58080840110779,193.0,542
run1_g11_g11_11,0.3084174926375078,-2.0103072526893477,2,551.0,813.463173031807,1.4763396969724265,3.2051174640655518,0.0,1.4763396969724265,157.0,90.674440741539,0.5775442085448345,2.410245656967163,3.2246887691461357,3.80223297769097,44.0,13.282289505004883,0.30187021602283826,1.28828763961792,4.23482993516055,4.536700151183388,103.95673024654388,201.0,552
run1_g11_g11_12,-2.308981072908624,-0.4622143159705309,1,543.0,802.0547995567322,1.4770806621670942,3.2051174640655518,0.0,1.4770806621670942,152.0,91.10753083229065,0.5993916502124385,2.4274275302886963,3.2371973316920433,3.8365889819044816,44.0,13.13383150100708,0.29849617047743365,1.28828763961792,4.302685705098239,4.601181875575673,104.24136233329773,196.0,544
run1_g11_g11_13,-1.743969419737729,-1.2817189115383143,1,546.0,806.9306309223175,1.477894928429153,3.2051174640655518,0.0,1.477894928429153,152.0,89.23633992671967,0.5870811837284189,2.410245656967163,3.2172307756386305,3.8043119593670496,45.0,12.998263120651245,0.2888502915700277,1.28828763961792,4.26593927277459,4.554789564344618,102.23460304737091,197.0,547
run1_g11_g11_14,-2.0628946269046424,-1.4595973334835568,1,545.0,805.0886214971542,1.4772268284351453,3.2051174640655518,0.0,1.4772268284351453,153.0,90.10848593711853,0.5889443525301865,2.410245656967163,3.239195856393552,3.8281402089237386,43.0,12.689062595367432,0.2950944789620333,1.28828763961792,4.253998135411462,4.549092614373495,102.79754853248596,196.0,546
run1_g11_g11_15,-0.3263746532170871,-0.11153497569408995,2,548.0,810.4152146577835,1.4788598807623787,3.2207815647125244,0.0,1.4788598807623787,156.0,92.8685611486435,0.5953112894143814,2.410245656967163,3.2230124313097734,3.818323720724155,43.0,13.099228858947754,0.30463322927785474,1.28828763961792,4.232450718103453,4.537083947381308,105.96779000759125,199.0,549
run1_g11_g11_16,-0.9863434480843296,-2.0471127986899726,1,549.0,810.5543135404587,1.4764195146456442,3.2051174640655518,0.0,1.4764195146456442,154.0,89.10439240932465,0.5785999507099003,2.410245656967163,3.230904276494856,3.8095042272047563,45.0,13.261924743652344,0.29470943874782984,1.28828763961792,4.265105406443278,4.559814845191108,102.36631715297699,199.0,550
run1_g11_g11_17,-0.9863434480843296,-2.0471127986899726,1,549.0,810.5543135404587,1.4764195146456442,3.2051174640655518,0.0,1.4764195146456442,154.0,89.10439240932465,0.5785999507099003,2.410245656967163,3.230904276494856,3.8095042272047563,45.0,13.261924743652344,0.29470943874782984,1.28828763961792,4.265105406443278,4.559814845191108,102.36631715297699,199.0,550
run1_g11_g11_18,-2.1446983941590525,-0.5798389168498153,1,546.0,807.7653068304062,1.4794236388835278,3.2207815647125244,0.0,1.4794236388835278,151.0,86.78939425945282,0.5747642003937273,2.410245656967163,3.234528897613879,3.8092930980076063,46.0,13.857078075408936,0.3012408277262812,1.28828763961792,4.240895053614741,4.542135881341022,100.64647233486176,197.0,547
run1_g11_g11_19,0.3084174926375078,-2.0103072526893477,2,551.0,813.463173031807,1.4763396969724265,3.2051174640655518,0.0,1.4763396969724265,157.0,90.674440741539,0.5775442085448345,2.410245656967163,3.2246887691461357,3.80223297769097,44.0,13.282289505004883,0.30187021602283826,1.28828763961792,4.23482993516055,4.536700151183388,103.95673024654388,201.0,552
run1_g11_g11_2,-2.0628946269046424,-1.4595973334835568,1,545.0,805.0886214971542,1.4772268284351453,3.2051174640655518,0.0,1.4772268284351453,153.0,90.10848593711853,0.5889443525301865,2.410245656967163,3.239195856393552,3.8281402089237386,43.0,12.689062595367432,0.2950944789620333,1.28828763961792,4.253998135411462,4.549092614373495,102.79754853248596,196.0,546
run1_g11_g11_20,-0.9863434480843296,-2.0471127986899726,1,549.0,810.5543135404587,1.4764195146456442,3.2051174640655518,0.0,1.4764195146456442,154.0,89.10439240932465,0.5785999507099003,2.410245656967163,3.230904276494856,3.8095042272047563,45.0,13.261924743652344,0.29470943874782984,1.28828763961792,4.265105406443278,4.559814845191108,102.36631715297699,199.0,550
run1_g11_g11_21,-2.0628946269046424,-1.4595973334835568,1,545.0,805.0886214971542,1.4772268284351453,3.2051174640655518,0.0,1.4772268284351453,153.0,90.10848593711853,0.5889443525301865,2.410245656967163,3.239195856393552,3.8281402089237386,43.0,12.689062595367432,0.2950944789620333,1.28828763961792,4.253998135411462,4.549092614373495,102.79754853248596,196.0,546
run1_g11_g11_22,-1.2594166019940911,-0.6166799823441356,2,545.0,805.0241638422012,1.477108557508626,3.2207815647125244,0.0,1.477108557508626,155.0,91.34660923480988,0.589332962805225,2.410245656967163,3.2523216932050643,3.8416546560102893,47.0,13.890488862991333,0.2955423162338581,1.28828763961792,4.298658193425929,4.594200509659787,105.23709809780121,202.0,546
run1_g11_g11_23,-0.9863434480843296,-2.0471127986899726,1,549.0,810.5543135404587,1.4764195146456442,3.2051174640655518,0.0,1.4764195146456442,154.0,89.10439240932465,0.5785999507099003,2.410245656967163,3.230904276494856,3.8095042272047563,45.0,13.261924743652344,0.29470943874782984,1.28828763961792,4.265105406443278,4.559814845191108,102.36631715297699,199.0,550
run1_g11_g11_24,-4.783160383339323,-3.6087413453861976,1,540.0,797.3284749984741,1.4765342129601373,3.2051174640655518,0.0,1.4765342129601373,152.0,88.82318639755249,0.5843630684049506,2.410245656967163,3.245394291062104,3.8297573594670546,43.0,11.869714736938477,0.2760398776032204,0.8472099304199219,4.370701978372973,4.6467418559761935,100.69290113449097,195.0,541
run1_g11_g11_3,0.5007970011831019,0.04528108795936838,2,549.0,810.5973831415176,1.4764979656493946,3.370624303817749,0.0,1.4764979656493946,156.0,93.32645618915558,0.5982465140330486,2.410245656967163,3.2069655618606467,3.8052120758936954,46.0,13.587016582489014,0.2953699257062829,1.28828763961792,4.2651022568992945,4.560472182605578,106.91347277164459,202.0,550
run1_g11_g11_4,-3.778344310103306,-2.613245347192466,1,543.0,802.0531933307648,1.4770777041082224,3.2051174640655518,0.0,1.4770777041082224,151.0,86.48352754116058,0.5727385929878185,2.410245656967163,3.2359075301530345,3.808646123140853,44.0,12.746000528335571,0.2896818301894448,1.28828763961792,4.335212935100902,4.624894765290347,99.22952806949615,195.0,544
run1_g11_g11_5,-0.3263746532170871,-0.11153497569408995,2,548.0,810.4152146577835,1.4788598807623787,3.2207815647125244,0.0,1.4788598807623787,156.0,92.8685611486435,0.5953112894143814,2.410245656967163,3.2230124313097734,3.818323720724155,43.0,13.099228858947754,0.30463322927785474,1.28828763961792,4.232450718103453,4.537083947381308,105.96779000759125,199.0,549
run1_g11_g11_6,-1.014614268682026,-1.7362044010742235,1,548.0,809.3941657543182,1.4769966528363472,3.2051174640655518,0.0,1.4769966528363472,154.0,89.34196674823761,0.5801426412223222,2.410245656967163,3.22359805370306,3.8037406949253825,45.0,13.266809940338135,0.2948179986741808,1.28828763961792,4.265044154061211,4.559862152735392,102.60877668857574,199.0,549
run1_g11_g11_7,-2.0628946269046424,-1.4595973334835568,1,545.0,805.0886214971542,1.4772268284351453,3.2051174640655518,0.0,1.4772268284351453,153.0,90.10848593711853,0.5889443525301865,2.410245656967163,3.239195856393552,3.8281402089237386,43.0,12.689062595367432,0.2950944789620333,1.28828763961792,4.253998135411462,4.549092614373495,102.79754853248596,196.0,546
run1_g11_g11_8,-3.310495067112133,-2.7648167137837887,1,543.0,802.4511116743088,1.4778105187372168,3.2051174640655518,0.0,1.4778105187372168,155.0,87.51902532577515,0.5646388730695171,2.410245656967163,3.270023956606465,3.834662829675982,44.0,12.8367280960083,0.291743820363825,1.28828763961792,4.285490626638586,4.577234447002411,100.35575342178345,199.0,544
run1_g11_g11_9,-2.056011529501941,0.054169017419500594,1,545.0,805.8886061906815,1.478694690258131,3.2207815647125244,0.0,1.478694690258131,152.0,90.89514458179474,0.5979943722486496,2.410245656967163,3.2363477733574415,3.834342145606091,45.0,13.362159252166748,0.2969368722703722,1.28828763961792,4.28888218137953,4.585819053649902,104.25730383396149,197.0,546
run1_g12_g12_0,0.5007970011831019,0.04528108795936838,2,549.0,810.5973831415176,1.4764979656493946,3.370624303817749,0.0,1.4764979656493946,156.0,93.32645618915558,0.5982465140330486,2.410245656967163,3.2069655618606467,3.8052120758936954,46.0,13.587016582489014,0.2953699257062829,1.28828763961792,4.2651022568992945,4.560472182605578,106.91347277164459,202.0,550
run1_g12_g12_1,-2.0628946269046424,-1.4595973334835568,1,545.0,805.0886214971542,1.4772268284351453,3.2051174640655518,0.0,1.4772268284351453,153.0,90.10848593711853,0.5889443525301865,2.410245656967163,3.239195856393552,3.8281402089237386,43.0,12.689062595367432,0.2950944789620333,1.28828763961792,4.253998135411462,4.549092614373495,102.79754853248596,196.0,546
run1_g12_g12_10,-2.8537790389194773,-1.106265068976375,1,541.0,798.4160952568054,1.4758153331918769,3.2051174640655518,0.0,1.4758153331918769,150.0,89.86400532722473,0.5990933688481649,2.410245656967163,3.2313779179255167,3.8304712867736814,43.0,12.716803073883057,0.2957396063693734,1.28828763961792,4.2820426752400955,4.577782281609469,102.58080840110779,193.0,542
run1_g12_g12_11,-4.634385830311781,-1.7394517155858136,1,539.0,796.2364228963852,1.4772475378411598,3.2207815647125244,0.0,1.4772475378411598,151.0,89.52688145637512,0.5928932546779809,2.410245656967163,3.257614200478358,3.8505074551563387,46.0,13.106831789016724,0.28493112584818964,0.8472099304199219,4.401696199956148,4.686627325804337,102.63371324539185,197.0,540
run1_g12_g12_12,-2.0628946269046424,-1.4595973334835568,1,545.0,805.0886214971542,1.4772268284351453,3.2051174640655518,0.0,1.4772268284351453,153.0,90.10848593711853,0.5889443525301865,2.410245656967163,3.239195856393552,3.8281402089237386,43.0,12.689062595367432,0.2950944789620333,1.28828763961792,4.253998135411462,4.549092614373495,102.79754853248596,196.0,546
run1_g12_g12_13,-2.1446983941590525,-0.5798389168498153,1,546.0,807.7653068304062,1.4794236388835278,3.2207815647125244,0.0,1.4794236388835278,151.0,86.78939425945282,0.5747642003937273,2.410245656967163,3.234528897613879,3.8092930980076063,46.0,13.857078075408936,0.3012408277262812,1.28828763961792,4.240895053614741,4.542135881341022,100.64647233486176,197.0,547
run1_g12_g12_14,-0.8658969531013438,-0.02746027773143578,2,547.0,807.8692388534546,1.4769090289825495,3.2207815647125244,0.0,1.4769090289825495,151.0,91.3181619644165,0.604756039499447,2.4274275302886963,3.18981581807926,3.794571857578707,45.0,13.397417068481445,0.29772037929958767,1.28828763961792,4.307848972744412,4.605569352043999,104.71557903289795,196.0,548
run1_g12_g12_15,-2.0628946269046424,-1.4595973334835568,1,545.0,805.0886214971542,1.4772268284351453,3.2051174640655518,0.0,1.4772268284351453,153.0,90.10848593711853,0.5889443525301865,2.410245656967163,3.239195856393552,3.8281402089237386,43.0,12.689062595367432,0.2950944789620333,1.28828763961792,4.253998135411462,4.549092614373495,102.79754853248596,196.0,546
run1_g12_g12_16,-0.9863434480843296,-2.0471127986899726,1,549.0,810.5543135404587,1.4764195146456442,3.2051174640655518,0.0,1.4764195146456442,154.0,89.10439240932465,0.5785999507099003,2.410245656967163,3.230904276494856,3.8095042272047563,45.0,13.261924743652344,0.29470943874782984,1.28828763961792,4.265105406443278,4.559814845191108,102.36631715297699,199.0,550
run1_g12_g12_17,-2.2750287756996297,0.20706343553010276,1,542.0,801.8684322834015,1.4794620521833977,3.2207815647125244,0.0,1.4794620521833977,152.0,90.06173980236053,0.5925114460681614,2.410245656967163,3.22657389311414,3.8190853391823016,42.0,13.01135778427124,0.30979423295883907,1.28828763961792,4.2201198396228605,4.5299140725816995,103.07309758663177,194.0,543
run1_g12_g12_18,-2.0628946269046424,-1.4595973334835568,1,545.0,805.0886214971542,1.4772268284351453,3.2051174640655518,0.0,1.4772268284351453,153.0,90.10848593711853,0.5889443525301865,2.410245656967163,3.239195856393552,3.8281402089237386,43.0,12.689062595367432,0.2950944789620333,1.28828763961792,4.253998135411462,4.549092614373495,102.79754853248596,196.0,546
run1_g12_g12_19,-2.056011529501941,0.054169017419500594,1,545.0,805.8886061906815,1.478694690258131,3.2207815647125244,0.0,1.478694690258131,152.0,90.89514458179474,0.5979943722486496,2.410245656967163,3.2363477733574415,3.834342145606091,45.0,13.362159252166748,0.2969368722703722,1.28828763961792,4.28888218137953,4.585819053649902,104.25730383396149,197.0,546
run1_g12_g12_2,-2.0628946269046424,-1.4595973334835568,1,545.0,805.0886214971542,1.4772268284351453,3.2051174640655518,0.0,1.4772268284351453,153.0,90.10848593711853,0.5889443525301865,2.410245656967163,3.239195856393552,3.8281402089237386,43.0,12.689062595367432,0.2950944789620333,1.28828763961792,4.253998135411462,4.549092614373495,102.79754853248596,196.0,546
run1_g12_g12_20,-0.9863434480843296,-2.0471127986899726,1,549.0,810.5543135404587,1.4764195146456442,3.2051174640655518,0.0,1.4764195146456442,154.0,89.10439240932465,0.5785999507099003,2.410245656967163,3.230904276494856,3.8095042272047563,45.0,13.261924743652344,0.29470943874782984,1.28828763961792,4.265105406443278,4.559814845191108,102.36631715297699,199.0,550
run1_g12_g12_21,-0.6880122041706157,-1.7405708019232264,2,548.0,808.6425849199295,1.475625154963375,3.2051174640655518,0.0,1.475625154963375,152.0,89.39172720909119,0.588103468480863,2.410245656967163,3.2127327417072498,3.8008362101881126,43.0,12.838600158691406,0.2985720967137536,1.28828763961792,4.203962947047034,4.502535043760788,102.23032736778259,195.0,549
run1_g12_g12_22,-0.19015037128849105,-2.8996228285231336,2,549.0,809.6440390348434,1.4747614554368733,3.1151397228240967,0.0,1.4747614554368733,154.0,89.73800146579742,0.5827142952324508,2.410245656967163,3.2018452565391344,3.784559551771585,46.0,13.14380693435669,0.2857349333555802,1.28828763961792,4.295421833577364,4.581156766932944,102.88180840015411,200.0,550
run1_g12_g12_23,-0.3263746532170871,-0.11153497569408995,2,548.0,810.4152146577835,1.4788598807623787,3.2207815647125244,0.0,1.4788598807623787,156.0,92.8685611486435,0.5953112894143814,2.410245656967163,3.2230124313097734,3.818323720724155,43.0,13.099228858947754,0.30463322927785474,1.28828763961792,4.232450718103453,4.537083947381308,105.96779000759125,199.0,549
run1_g12_g12_24,-2.0628946269046424,-1.4595973334835568,1,545.0,805.0886214971542,1.4772268284351453,3.2051174640655518,0.0,1.4772268284351453,153.0,90.10848593711853,0.5889443525301865,2.410245656967163,3.239195856393552,3.8281402089237386,43.0,12.689062595367432,0.2950944789620333,1.28828763961792,4.253998135411462,4.549092614373495,102.79754853248596,196.0,546
run1_g12_g12_3,-2.0628946269046424,-1.4595973334835568,1,545.0,805.0886214971542,1.4772268284351453,3.2051174640655518,0.0,1.4772268284351453,153.0,90.10848593711853,0.5889443525301865,2.410245656967163,3.239195856393552,3.8281402089237386,43.0,12.689062595367432,0.2950944789620333,1.28828763961792,4.253998135411462,4.549092614373495,102.79754853248596,196.0,546
run1_g12_g12_4,-0.9863434480843296,-2.0471127986899726,1,549.0,810.5543135404587,1.4764195146456442,3.2051174640655518,0.0,1.4764195146456442,154.0,89.10439240932465,0.5785999507099003,2.410245656967163,3.230904276494856,3.8095042272047563,45.0,13.261924743652344,0.29470943874782984,1.28828763961792,4.265105406443278,4.559814845191108,102.36631715297699,199.0,550
run1_g12_g12_5,-2.473293188689454,-1.1634646264652688,1,543.0,802.2022080421448,1.4773521326742998,3.2051174640655518,0.0,1.4773521326742998,152.0,88.05575013160706,0.579314145602678,2.410245656967163,3.2273456705243966,3.8066598161270746,46.0,13.766022205352783,0.2992613522902779,1.28828763961792,4.330648904261381,4.62991025655166,101.82177233695984,198.0,544
run1_g12_g12_6,-4.75511825936769,-1.2696990134421193,1,540.0,798.9969172477722,1.479623920829208,3.370624303817749,0.0,1.479623920829208,153.0,86.95699381828308,0.5683463648253796,2.410245656967163,3.2710728801153843,3.839419244940764,45.0,13.004857540130615,0.2889968342251248,1.28828763961792,4.3191126982371015,4.608109532462226,99.9618513584137,198.0,541
run1_g12_g12_7,-4.384331139216607,1.2343475591004816,1,538.0,796.3443440198898,1.4801939479923603,3.2207815647125244,0.0,1.4801939479923603,149.0,92.05096650123596,0.6177917214848051,2.4274275302886963,3.222302422427491,3.840094143912296,42.0,12.542404651641846,0.2986286821819487,1.28828763961792,4.362338775680179,4.660967457862127,104.59337115287781,191.0,539
run1_g12_g12_8,0.2366252820502467,-0.5404488360262504,2,549.0,810.8138526678085,1.476892263511491,3.370624303817749,0.0,1.476892263511491,158.0,92.99772715568542,0.5885932098461103,2.410245656967163,3.226651570464991,3.815244780311102,46.0,13.529475688934326,0.2941190367159636,1.28828763961792,4.266312210456185,4.560431247172148,106.52720284461975,204.0,550
run1_g12_g12_9,-3.310495067112133,-2.7648167137837887,1,543.0,802.4511116743088,1.4778105187372168,3.2051174640655518,0.0,1.4778105187372168,155.0,87.51902532577515,0.5646388730695171,2.410245656967163,3.270023956606465,3.834662829675982,44.0,12.8367280960083,0.291743820363825,1.28828763961792,4.285490626638586,4.577234447002411,100.35575342178345,199.0,544
run1_g13_g13_0,-4.75511825936769,-1.2696990134421193,1,540.0,798.9969172477722,1.479623920829208,3.370624303817749,0.0,1.479623920829208,153.0,86.95699381828308,0.5683463648253796,2.410245656967163,3.2710728801153843,3.839419244940764,45.0,13.004857540130615,0.2889968342251248,1.28828763961792,4.3191126982371015,4.608109532462226,99.9618513584137,198.0,541
run1_g13_g13_1,0.2366252820502467,-0.5404488360262504,2,549.0,810.8138526678085,1.476892263511491,3.370624303817749,0.0,1.476892263511491,158.0,92.99772715568542,0.5885932098461103,2.410245656967163,3.226651570464991,3.815244780311102,46.0,13.529475688934326,0.2941190367159636,1.28828763961792,4.266312210456185,4.560431247172148,106.52720284461975,204.0,550
run1_g13_g13_10,-0.9863434480843296,-2.0471127986899726,1,549.0,810.5543135404587,1.4764195146456442,3.2051174640655518,0.0,1.4764195146456442,154.0,89.10439240932465,0.5785999507099003,2.410245656967163,3.230904276494856,3.8095042272047563,45.0,13.261924743652344,0.29470943874782984,1.28828763961792,4.265105406443278,4.559814845191108,102.36631715297699,199.0,550
run1_g13_g13_11,-2.2750287756996297,0.20706343553010276,1,542.0,801.8684322834015,1.4794620521833977,3.2207815647125244,0.0,1.4794620521833977,152.0,90.06173980236053,0.5925114460681614,2.410245656967163,3.22657389311414,3.8190853391823016,42.0,13.01135778427124,0.30979423295883907,1.28828763961792,4.2201198396228605,4.5299140725816995,103.07309758663177,194.0,543
run1_g13_g13_12,-2.0628946269046424,-1.4595973334835568,1,545.0,805.0886214971542,1.4772268284351453,3.2051174640655518,0.0,1.4772268284351453,153.0,90.10848593711853,0.5889443525301865,2.410245656967163,3.239195856393552,3.8281402089237386,43.0,12.689062595367432,0.2950944789620333,1.28828763961792,4.253998135411462,4.549092614373495,102.79754853248596,196.0,546
run1_g13_g13_13,-2.0628946269046424,-1.4595973334835568,1,545.0,805.0886214971542,1.4772268284351453,3.2051174640655518,0.0,1.4772268284351453,153.0,90.10848593711853,0.5889443525301865,2.410245656967163,3.239195856393552,3.8281402089237386,43.0,12.689062595367432,0.2950944789620333,1.28828763961792,4.253998135411462,4.549092614373495,102.79754853248596,196.0,546
run1_g13_g13_14,-0.7616675830100399,1.0799314281907781,2,545.0,805.2114119529724,1.4774521320238025,3.370624303817749,0.0,1.4774521320238025,154.0,94.38647973537445,0.6128992190608731,2.4274275302886963,3.218423450922037,3.83132266998291,48.0,13.627733707427979,0.28391111890474957,1.28828763961792,4.318337058027585,4.602248176932335,108.01421344280243,202.0,546
run1_g13_g13_15,-4.384331139216607,1.2343475591004816,1,538.0,796.3443440198898,1.4801939479923603,3.2207815647125244,0.0,1.4801939479923603,149.0,92.05096650123596,0.6177917214848051,2.4274275302886963,3.222302422427491,3.840094143912296,42.0,12.542404651641846,0.2986286821819487,1.28828763961792,4.362338775680179,4.660967457862127,104.59337115287781,191.0,539
run1_g13_g13_16,-2.0628946269046424,-1.4595973334835568,1,545.0,805.0886214971542,1.4772268284351453,3.2051174640655518,0.0,1.4772268284351453,153.0,90.10848593711853,0.5889443525301865,2.410245656967163,3.239195856393552,3.8281402089237386,43.0,12.689062595367432,0.2950944789620333,1.28828763961792,4.253998135411462,4.549092614373495,102.79754853248596,196.0,546
run1_g13_g13_17,0.0529573163022455,-2.1087075299786258,2,549.0,809.8023159503937,1.4750497558294966,3.370624303817749,0.0,1.4750497558294966,158.0,91.04942727088928,0.5762621979170208,2.410245656967163,3.2270322117624404,3.803294409679461,47.0,13.402488708496094,0.2851593342233211,1.28828763961792,4.2777681046343865,4.562927438857708,104.45191597938538,205.0,550
run1_g13_g13_18,-2.8258722543520913,-2.3060080188820775,1,544.0,804.0418902635574,1.4780181806315393,3.2051174640655518,0.0,1.4780181806315393,156.0,88.62362813949585,0.5681001803813837,2.410245656967163,3.281229697740995,3.849329878122379,46.0,13.276854276657104,0.2886272668838501,1.28828763961792,4.29791141592938,4.58653868281323,101.90048241615295,202.0,545
run1_g13_g13_19,-0.6880122041706157,-1.7405708019232264,2,548.0,808.6425849199295,1.475625154963375,3.2051174640655518,0.0,1.475625154963375,152.0,89.39172720909119,0.588103468480863,2.410245656967163,3.2127327417072498,3.8008362101881126,43.0,12.838600158691406,0.2985720967137536,1.28828763961792,4.203962947047034,4.502535043760788,102.23032736778259,195.0,549
run1_g13_g13_2,-4.75511825936769,-1.2696990134421193,1,540.0,798.9969172477722,1.479623920829208,3.370624303817749,0.0,1.479623920829208,153.0,86.95699381828308,0.5683463648253796,2.410245656967163,3.2710728801153843,3.839419244940764,45.0,13.004857540130615,0.2889968342251248,1.28828763961792,4.3191126982371015,4.608109532462226,99.9618513584137,198.0,541
run1_g13_g13_20,-2.0628946269046424,-1.4595973334835568,1,545.0,805.0886214971542,1.4772268284351453,3.2051174640655518,0.0,1.4772268284351453,153.0,90.10848593711853,0.5889443525301865,2.410245656967163,3.239195856393552,3.8281402089237386,43.0,12.689062595367432,0.2950944789620333,1.28828763961792,4.253998135411462,4.549092614373495,102.79754853248596,196.0,546
run1_g13_g13_21,0.2366252820502467,-0.5404488360262504,2,549.0,810.8138526678085,1.476892263511491,3.370624303817749,0.0,1.476892263511491,158.0,92.99772715568542,0.5885932098461103,2.410245656967163,3.226651570464991,3.815244780311102,46.0,13.529475688934326,0.2941190367159636,1.28828763961792,4.266312210456185,4.560431247172148,106.52720284461975,204.0,550
run1_g13_g13_22,-0.470676037928044,-0.17545050125628023,2,547.0,808.5472309589386,1.478148502667164,3.2051174640655518,0.0,1.478148502667164,155.0,93.85580468177795,0.6055213205275997,2.410245656967163,3.225894163500878,3.831415484028478,44.0,12.846365690231323,0.29196285659616644,1.28828763961792,4.238467920910228,4.530430777506395,106.70217037200928,199.0,548
run1_g13_g13_23,-2.056011529501941,0.054169017419500594,1,545.0,805.8886061906815,1.478694690258131,3.2207815647125244,0.0,1.478694690258131,152.0,90.89514458179474,0.5979943722486496,2.410245656967163,3.2363477733574415,3.834342145606091,45.0,13.362159252166748,0.2969368722703722,1.28828763961792,4.28888218137953,4.585819053649902,104.25730383396149,197.0,546
run1_g13_g13_24,-2.1446983941590525,-0.5798389168498153,1,546.0,807.7653068304062,1.4794236388835278,3.2207815647125244,0.0,1.4794236388835278,151.0,86.78939425945282,0.5747642003937273,2.410245656967163,3.234528897613879,3.8092930980076063,46.0,13.857078075408936,0.3012408277262812,1.28828763961792,4.240895053614741,4.542135881341022,100.64647233486176,197.0,547
run1_g13_g13_3,-3.310495067112133,-2.7648167137837887,1,543.0,802.4511116743088,1.4778105187372168,3.2051174640655518,0.0,1.4778105187372168,155.0,87.51902532577515,0.5646388730695171,2.410245656967163,3.270023956606465,3.834662829675982,44.0,12.8367280960083,0.291743820363825,1.28828763961792,4.285490626638586,4.577234447002411,100.35575342178345,199.0,544
run1_g13_g13_4,0.5007970011831019,0.04528108795936838,2,549.0,810.5973831415176,1.4764979656493946,3.370624303817749,0.0,1.4764979656493946,156.0,93.32645618915558,0.5982465140330486,2.410245656967163,3.2069655618606467,3.8052120758936954,46.0,13.587016582489014,0.2953699257062829,1.28828763961792,4.2651022568992945,4.560472182605578,106.91347277164459,202.0,550
run1_g13_g13_5,-2.473293188689454,-1.1634646264652688,1,543.0,802.2022080421448,1.4773521326742998,3.2051174640655518,0.0,1.4773521326742998,152.0,88.05575013160706,0.579314145602678,2.410245656967163,3.2273456705243966,3.8066598161270746,46.0,13.766022205352783,0.2992613522902779,1.28828763961792,4.330648904261381,4.62991025655166,101.82177233695984,198.0,544
run1_g13_g13_6,-2.0628946269046424,-1.4595973334835568,1,545.0,805.0886214971542,1.4772268284351453,3.2051174640655518,0.0,1.4772268284351453,153.0,90.10848593711853,0.5889443525301865,2.410245656967163,3.239195856393552,3.8281402089237386,43.0,12.689062595367432,0.2950944789620333,1.28828763961792,4.253998135411462,4.549092614373495,102.79754853248596,196.0,546
run1_g13_g13_7,-0.19015037128849105,-2.8996228285231336,2,549.0,809.6440390348434,1.4747614554368733,3.1151397228240967,0.0,1.4747614554368733,154.0,89.73800146579742,0.5827142952324508,2.410245656967163,3.2018452565391344,3.784559551771585,46.0,13.14380693435669,0.2857349333555802,1.28828763961792,4.295421833577364,4.581156766932944,102.88180840015411,200.0,550
run1_g13_g13_8,0.9717716844441748,-1.8524867812087116,0,550.0,809.849293589592,1.4724532610719854,3.075467348098755,0.0,1.4724532610719854,151.0,91.5145765542984,0.6060567983728371,2.410245656967163,3.20046048843308,3.806517286805917,45.0,13.303048133850098,0.2956232918633355,1.28828763961792,4.222804911931356,4.5184282037946915,104.8176246881485,196.0,551
run1_g13_g13_9,-3.9306916874664575,0.39790433543681725,1,537.0,794.8490997552872,1.480165921332006,3.2207815647125244,0.0,1.480165921332006,148.0,88.71500134468079,0.5994256847613567,2.410245656967163,3.2256736932574093,3.825099378018766,42.0,12.457927942276001,0.2966173319589524,1.28828763961792,4.199002379462833,4.495619711421785,101.17292928695679,190.0,538
run1_g14_g14_0,-4.75511825936769,-1.2696990134421193,1,540.0,798.9969172477722,1.479623920829208,3.370624303817749,0.0,1.479623920829208,153.0,86.95699381828308,0.5683463648253796,2.410245656967163,3.2710728801153843,3.839419244940764,45.0,13.004857540130615,0.2889968342251248,1.28828763961792,4.3191126982371015,4.608109532462226,99.9618513584137,198.0,541
run1_g14_g14_1,-4.75511825936769,-1.2696990134421193,1,540.0,798.9969172477722,1.479623920829208,3.370624303817749,0.0,1.479623920829208,153.0,86.95699381828308,0.5683463648253796,2.410245656967163,3.2710728801153843,3.839419244940764,45.0,13.004857540130615,0.2889968342251248,1.28828763961792,4.3191126982371015,4.608109532462226,99.9618513584137,198.0,541
run1_g14_g14_10,-3.421419969136146,0.46767783349899716,1,541.0,799.8275537490845,1.4784243137691024,3.370624303817749,0.0,1.4784243137691024,149.0,88.93021047115326,0.5968470501419681,2.4274275302886963,3.223937912275327,3.8207849624172954,48.0,13.572790622711182,0.28276647130648297,1.28828763961792,4.340090895692508,4.62285736699899,102.50300109386444,197.0,542
run1_g14_g14_11,-0.7616675830100399,1.0799314281907781,2,545.0,805.2114119529724,1.4774521320238025,3.370624303817749,0.0,1.4774521320238025,154.0,94.38647973537445,0.6128992190608731,2.4274275302886963,3.218423450922037,3.83132266998291,48.0,13.627733707427979,0.28391111890474957,1.28828763961792,4.318337058027585,4.602248176932335,108.01421344280243,202.0,546
run1_g14_g14_12,1.6394750858135558,-1.2324764263830326,0,553.0,815.3721396923065,1.474452332174153,3.2051174640655518,0.0,1.474452332174153,152.0,90.79575753211975,0.5973405100797352,2.410245656967163,3.181462485539286,3.7788029956190208,44.0,13.218948364257812,0.300430644642223,1.28828763961792,4.15706030888991,4.457490953532132,104.01470589637756,196.0,554
run1_g14_g14_13,-3.310495067112133,-2.7648167137837887,1,543.0,802.4511116743088,1.4778105187372168,3.2051174640655518,0.0,1.4778105187372168,155.0,87.51902532577515,0.5646388730695171,2.410245656967163,3.270023956606465,3.834662829675982,44.0,12.8367280960083,0.291743820363825,1.28828763961792,4.285490626638586,4.577234447002411,100.35575342178345,199.0,544
run1_g14_g14_14,-2.0628946269046424,-1.4595973334835568,1,545.0,805.0886214971542,1.4772268284351453,3.2051174640655518,0.0,1.4772268284351453,153.0,90.10848593711853,0.5889443525301865,2.410245656967163,3.239195856393552,3.8281402089237386,43.0,12.689062595367432,0.2950944789620333,1.28828763961792,4.253998135411462,4.549092614373495,102.79754853248596,196.0,546
run1_g14_g14_15,-2.1368253436336406,-2.4408504836388087,1,541.0,798.3917399644852,1.4757703141672553,3.370624303817749,0.0,1.4757703141672553,156.0,87.97987389564514,0.5639735506131098,2.410245656967163,3.2384182474552055,3.8023917980683155,47.0,13.325925350189209,0.2835303265997704,1.28828763961792,4.2793971122579375,4.562927438857708,101.30579924583435,203.0,542
run1_g14_g14_16,-4.75511825936769,-1.2696990134421193,1,540.0,798.9969172477722,1.479623920829208,3.370624303817749,0.0,1.479623920829208,153.0,86.95699381828308,0.5683463648253796,2.410245656967163,3.2710728801153843,3.839419244940764,45.0,13.004857540130615,0.2889968342251248,1.28828763961792,4.3191126982371015,4.608109532462226,99.9618513584137,198.0,541
run1_g14_g14_17,0.2366252820502467,-0.5404488360262504,2,549.0,810.8138526678085,1.476892263511491,3.370624303817749,0.0,1.476892263511491,158.0,92.99772715568542,0.5885932098461103,2.410245656967163,3.226651570464991,3.815244780311102,46.0,13.529475688934326,0.2941190367159636,1.28828763961792,4.266312210456185,4.560431247172148,106.52720284461975,204.0,550
run1_g14_g14_18,0.0529573163022455,-2.1087075299786258,2,549.0,809.8023159503937,1.4750497558294966,3.370624303817749,0.0,1.4750497558294966,158.0,91.04942727088928,0.5762621979170208,2.410245656967163,3.2270322117624404,3.803294409679461,47.0,13.402488708496094,0.2851593342233211,1.28828763961792,4.2777681046343865,4.562927438857708,104.45191597938538,205.0,550
run1_g14_g14_19,-2.0628946269046424,-1.4595973334835568,1,545.0,805.0886214971542,1.4772268284351453,3.2051174640655518,0.0,1.4772268284351453,153.0,90.10848593711853,0.5889443525301865,2.410245656967163,3.239195856393552,3.8281402089237386,43.0,12.689062595367432,0.2950944789620333,1.28828763961792,4.253998135411462,4.549092614373495,102.79754853248596,196.0,546
run1_g14_g14_2,-2.056011529501941,0.054169017419500594,1,545.0,805.8886061906815,1.478694690258131,3.2207815647125244,0.0,1.478694690258131,152.0,90.89514458179474,0.5979943722486496,2.410245656967163,3.2363477733574415,3.834342145606091,45.0,13.362159252166748,0.2969368722703722,1.28828763961792,4.28888218137953,4.585819053649902,104.25730383396149,197.0,546
run1_g14_g14_20,-3.2433951492823203,-1.0359942420956003,1,544.0,804.7400124073029,1.4793014933957773,3.2207815647125244,0.0,1.4793014933957773,151.0,86.73380100727081,0.5743960331607338,2.410245656967163,3.235411276880479,3.809807310041213,45.0,13.475598812103271,0.2994577513800727,1.28828763961792,4.306292910046047,4.6057506614261206,100.20939981937408,196.0,545
run1_g14_g14_21,-4.75511825936769,-1.2696990134421193,1,540.0,798.9969172477722,1.479623920829208,3.370624303817749,0.0,1.479623920829208,153.0,86.95699381828308,0.5683463648253796,2.410245656967163,3.2710728801153843,3.839419244940764,45.0,13.004857540130615,0.2889968342251248,1.28828763961792,4.3191126982371015,4.608109532462226,99.9618513584137,198.0,541
run1_g14_g14_22,0.5007970011831019,0.04528108795936838,2,549.0,810.5973831415176,1.4764979656493946,3.370624303817749,0.0,1.4764979656493946,156.0,93.32645618915558,0.5982465140330486,2.410245656967163,3.2069655618606467,3.8052120758936954,46.0,13.587016582489014,0.2953699257062829,1.28828763961792,4.2651022568992945,4.560472182605578,106.91347277164459,202.0,550
run1_g14_g14_23,-2.0628946269046424,-1.4595973334835568,1,545.0,805.0886214971542,1.4772268284351453,3.2051174640655518,0.0,1.4772268284351453,153.0,90.10848593711853,0.5889443525301865,2.410245656967163,3.239195856393552,3.8281402089237386,43.0,12.689062595367432,0.2950944789620333,1.28828763961792,4.253998135411462,4.549092614373495,102.79754853248596,196.0,546
run1_g14_g14_24,-2.473293188689454,-1.1634646264652688,1,543.0,802.2022080421448,1.4773521326742998,3.2051174640655518,0.0,1.4773521326742998,152.0,88.05575013160706,0.579314145602678,2.410245656967163,3.2273456705243966,3.8066598161270746,46.0,13.766022205352783,0.2992613522902779,1.28828763961792,4.330648904261381,4.62991025655166,101.82177233695984,198.0,544
run1_g14_g14_3,0.2366252820502467,-0.5404488360262504,2,549.0,810.8138526678085,1.476892263511491,3.370624303817749,0.0,1.476892263511491,158.0,92.99772715568542,0.5885932098461103,2.410245656967163,3.226651570464991,3.815244780311102,46.0,13.529475688934326,0.2941190367159636,1.28828763961792,4.266312210456185,4.560431247172148,106.52720284461975,204.0,550
run1_g14_g14_4,-2.2750287756996297,0.20706343553010276,1,542.0,801.8684322834015,1.4794620521833977,3.2207815647125244,0.0,1.4794620521833977,152.0,90.06173980236053,0.5925114460681614,2.410245656967163,3.22657389311414,3.8190853391823016,42.0,13.01135778427124,0.30979423295883907,1.28828763961792,4.2201198396228605,4.5299140725816995,103.07309758663177,194.0,543
run1_g14_g14_5,-2.04227538278869,-1.326795354721314,1,545.0,805.0010521411896,1.4770661507177791,3.2051174640655518,0.0,1.4770661507177791,153.0,90.89763045310974,0.5941021598242466,2.410245656967163,3.2431334825902205,3.837235642414467,43.0,12.5908362865448,0.29281014619871626,1.28828763961792,4.255891129027965,4.548701275226682,103.48846673965454,196.0,546
run1_g14_g14_6,-4.242033204814403,-3.4190744312968753,1,539.0,795.200560092926,1.4753257144581189,3.1109073162078857,0.0,1.4753257144581189,149.0,85.11746883392334,0.5712581800934452,2.410245656967163,3.2308159530562843,3.8020741331497296,43.0,12.573799133300781,0.2924139333325763,1.28828763961792,4.315203805302465,4.607617738635041,97.69126796722412,192.0,540
run1_g14_g14_7,-2.0628946269046424,-1.4595973334835568,1,545.0,805.0886214971542,1.4772268284351453,3.2051174640655518,0.0,1.4772268284351453,153.0,90.10848593711853,0.5889443525301865,2.410245656967163,3.239195856393552,3.8281402089237386,43.0,12.689062595367432,0.2950944789620333,1.28828763961792,4.253998135411462,4.549092614373495,102.79754853248596,196.0,546
run1_g14_g14_8,0.9717716844441748,-1.8524867812087116,0,550.0,809.849293589592,1.4724532610719854,3.075467348098755,0.0,1.4724532610719854,151.0,91.5145765542984,0.6060567983728371,2.410245656967163,3.20046048843308,3.806517286805917,45.0,13.303048133850098,0.2956232918633355,1.28828763961792,4.222804911931356,4.5184282037946915,104.8176246881485,196.0,551
run1_g14_g14_9,-2.0628946269046424,-1.4595973334835568,1,545.0,805.0886214971542,1.4772268284351453,3.2051174640655518,0.0,1.4772268284351453,153.0,90.10848593711853,0.5889443525301865,2.410245656967163,3.239195856393552,3.8281402089237386,43.0,12.689062595367432,0.2950944789620333,1.28828763961792,4.253998135411462,4.549092614373495,102.79754853248596,196.0,546
run1_g15_g15_0,-4.75511825936769,-1.2696990134421193,1,540.0,798.9969172477722,1.479623920829208,3.370624303817749,0.0,1.479623920829208,153.0,86.95699381828308,0.5683463648253796,2.410245656967163,3.2710728801153843,3.839419244940764,45.0,13.004857540130615,0.2889968342251248,1.28828763961792,4.3191126982371015,4.608109532462226,99.9618513584137,198.0,541
run1_g15_g15_1,-4.75511825936769,-1.2696990134421193,1,540.0,798.9969172477722,1.479623920829208,3.370624303817749,0.0,1.479623920829208,153.0,86.95699381828308,0.5683463648253796,2.410245656967163,3.2710728801153843,3.839419244940764,45.0,13.004857540130615,0.2889968342251248,1.28828763961792,4.3191126982371015,4.608109532462226,99.9618513584137,198.0,541
run1_g15_g15_10,-1.7321476736497523,-3.2129989070584695,1,548.0,808.5202662944794,1.4754019457928456,3.2051174640655518,0.0,1.4754019457928456,153.0,89.48893904685974,0.5848950264500636,2.410245656967163,3.234016167572121,3.818911194022185,42.0,11.808260679244995,0.2811490637915475,1.28828763961792,4.221355404172625,4.502504467964172,101.29719972610474,195.0,549
run1_g15_g15_11,-2.2519948695364325,-0.8828590972896262,1,545.0,805.4886839389801,1.4779608879614314,3.370624303817749,0.0,1.4779608879614314,154.0,89.78304672241211,0.5830067968987799,2.410245656967163,3.230739489778296,3.8137462866770755,44.0,12.938065528869629,0.2940469438379461,1.28828763961792,4.283369486982172,4.577416430820119,102.72111225128174,198.0,546
run1_g15_g15_12,-2.0628946269046424,-1.4595973334835568,1,545.0,805.0886214971542,1.4772268284351453,3.2051174640655518,0.0,1.4772268284351453,153.0,90.10848593711853,0.5889443525301865,2.410245656967163,3.239195856393552,3.8281402089237386,43.0,12.689062595367432,0.2950944789620333,1.28828763961792,4.253998135411462,4.549092614373495,102.79754853248596,196.0,546
run1_g15_g15_13,-4.805469292310162,0.38209378661687926,1,540.0,798.9694010019302,1.4795729648183893,3.370624303817749,0.0,1.4795729648183893,146.0,87.45269119739532,0.5989910355985981,2.4274275302886963,3.2240221116640795,3.8230131472626776,47.0,12.948953628540039,0.27550965167106467,1.28828763961792,4.335499043160296,4.611008694831361,100.40164482593536,193.0,541
run1_g15_g15_14,0.2366252820502467,-0.5404488360262504,2,549.0,810.8138526678085,1.476892263511491,3.370624303817749,0.0,1.476892263511491,158.0,92.99772715568542,0.5885932098461103,2.410245656967163,3.226651570464991,3.815244780311102,46.0,13.529475688934326,0.2941190367159636,1.28828763961792,4.266312210456185,4.560431247172148,106.52720284461975,204.0,550
run1_g15_g15_15,-0.7616675830100399,1.0799314281907781,2,545.0,805.2114119529724,1.4774521320238025,3.370624303817749,0.0,1.4774521320238025,154.0,94.38647973537445,0.6128992190608731,2.4274275302886963,3.218423450922037,3.83132266998291,48.0,13.627733707427979,0.28391111890474957,1.28828763961792,4.318337058027585,4.602248176932335,108.01421344280243,202.0,546
run1_g15_g15_16,-2.1368253436336406,-2.4408504836388087,1,541.0,798.3917399644852,1.4757703141672553,3.370624303817749,0.0,1.4757703141672553,156.0,87.97987389564514,0.5639735506131098,2.410245656967163,3.2384182474552055,3.8023917980683155,47.0,13.325925350189209,0.2835303265997704,1.28828763961792,4.2793971122579375,4.562927438857708,101.30579924583435,203.0,542
run1_g15_g15_17,-4.75511825936769,-1.2696990134421193,1,540.0,798.9969172477722,1.479623920829208,3.370624303817749,0.0,1.479623920829208,153.0,86.95699381828308,0.5683463648253796,2.410245656967163,3.2710728801153843,3.839419244940764,45.0,13.004857540130615,0.2889968342251248,1.28828763961792,4.3191126982371015,4.608109532462226,99.9618513584137,198.0,541
run1_g15_g15_18,-4.75511825936769,-1.2696990134421193,1,540.0,798.9969172477722,1.479623920829208,3.370624303817749,0.0,1.479623920829208,153.0,86.95699381828308,0.5683463648253796,2.410245656967163,3.2710728801153843,3.839419244940764,45.0,13.004857540130615,0.2889968342251248,1.28828763961792,4.3191126982371015,4.608109532462226,99.9618513584137,198.0,541
run1_g15_g15_19,0.9717716844441748,-1.8524867812087116,0,550.0,809.849293589592,1.4724532610719854,3.075467348098755,0.0,1.4724532610719854,151.0,91.5145765542984,0.6060567983728371,2.410245656967163,3.20046048843308,3.806517286805917,45.0,13.303048133850098,0.2956232918633355,1.28828763961792,4.222804911931356,4.5184282037946915,104.8176246881485,196.0,551
run1_g15_g15_2,-2.0628946269046424,-1.4595973334835568,1,545.0,805.0886214971542,1.4772268284351453,3.2051174640655518,0.0,1.4772268284351453,153.0,90.10848593711853,0.5889443525301865,2.410245656967163,3.239195856393552,3.8281402089237386,43.0,12.689062595367432,0.2950944789620333,1.28828763961792,4.253998135411462,4.549092614373495,102.79754853248596,196.0,546
run1_g15_g15_20,-1.6783446918279796,0.5748934161737115,2,543.0,803.2017693519592,1.4791929453995565,3.370624303817749,0.0,1.4791929453995565,155.0,91.64558637142181,0.5912618475575601,2.410245656967163,3.213180782718043,3.804442630275603,45.0,13.521870851516724,0.30048601892259386,1.28828763961792,4.3068099286821155,4.607295947604709,105.16745722293854,200.0,544
run1_g15_g15_21,-3.898138696998682,0.15421282233557554,1,541.0,801.5490064620972,1.4816062966027674,3.370624303817749,0.0,1.4816062966027674,154.0,89.9394359588623,0.5840223114211838,2.410245656967163,3.2547014734961768,3.8387237849173608,46.0,13.054977893829346,0.28380386725715967,1.28828763961792,4.321996331214905,4.605800198472065,102.99441385269165,200.0,542
run1_g15_g15_22,-2.6872961521445413,-0.12117218789376019,1,542.0,801.4886053800583,1.478761264538853,3.2051174640655518,0.0,1.478761264538853,153.0,90.55025732517242,0.5918317472233492,2.410245656967163,3.2314347433888053,3.8232664906121547,41.0,13.006340026855469,0.31722780553306024,1.28828763961792,4.293483117731606,4.610710923264667,103.5565973520279,194.0,543
run1_g15_g15_23,-2.0628946269046424,-1.4595973334835568,1,545.0,805.0886214971542,1.4772268284351453,3.2051174640655518,0.0,1.4772268284351453,153.0,90.10848593711853,0.5889443525301865,2.410245656967163,3.239195856393552,3.8281402089237386,43.0,12.689062595367432,0.2950944789620333,1.28828763961792,4.253998135411462,4.549092614373495,102.79754853248596,196.0,546
run1_g15_g15_24,-3.310495067112133,-2.7648167137837887,1,543.0,802.4511116743088,1.4778105187372168,3.2051174640655518,0.0,1.4778105187372168,155.0,87.51902532577515,0.5646388730695171,2.410245656967163,3.270023956606465,3.834662829675982,44.0,12.8367280960083,0.291743820363825,1.28828763961792,4.285490626638586,4.577234447002411,100.35575342178345,199.0,544
run1_g15_g15_3,-0.8355506729097251,-0.5090000540678724,2,546.0,806.4800673723221,1.4770697204621284,3.370624303817749,0.0,1.4770697204621284,154.0,91.74041986465454,0.5957170121081463,2.410245656967163,3.199189551464923,3.794906563573069,42.0,12.485549926757812,0.2972749982561384,1.28828763961792,4.2172072160811656,4.514482214337304,104.22596979141235,196.0,547
run1_g15_g15_4,-4.75511825936769,-1.2696990134421193,1,540.0,798.9969172477722,1.479623920829208,3.370624303817749,0.0,1.479623920829208,153.0,86.95699381828308,0.5683463648253796,2.410245656967163,3.2710728801153843,3.839419244940764,45.0,13.004857540130615,0.2889968342251248,1.28828763961792,4.3191126982371015,4.608109532462226,99.9618513584137,198.0,541
run1_g15_g15_5,-4.75511825936769,-1.2696990134421193,1,540.0,798.9969172477722,1.479623920829208,3.370624303817749,0.0,1.479623920829208,153.0,86.95699381828308,0.5683463648253796,2.410245656967163,3.2710728801153843,3.839419244940764,45.0,13.004857540130615,0.2889968342251248,1.28828763961792,4.3191126982371015,4.608109532462226,99.9618513584137,198.0,541
run1_g15_g15_6,0.5007970011831019,0.04528108795936838,2,549.0,810.5973831415176,1.4764979656493946,3.370624303817749,0.0,1.4764979656493946,156.0,93.32645618915558,0.5982465140330486,2.410245656967163,3.2069655618606467,3.8052120758936954,46.0,13.587016582489014,0.2953699257062829,1.28828763961792,4.2651022568992945,4.560472182605578,106.91347277164459,202.0,550
run1_g15_g15_7,-1.0788770333875632,-2.659535213548559,1,546.0,807.383418917656,1.4787242104718974,3.2051174640655518,0.0,1.4787242104718974,159.0,88.61729502677917,0.5573414781558439,2.0924081802368164,3.2499566378083617,3.8072981159642056,47.0,13.991036891937256,0.29768163599866504,1.28828763961792,4.305209672197383,4.602891308196048,102.60833191871643,206.0,547
run1_g15_g15_8,0.2366252820502467,-0.5404488360262504,2,549.0,810.8138526678085,1.476892263511491,3.370624303817749,0.0,1.476892263511491,158.0,92.99772715568542,0.5885932098461103,2.410245656967163,3.226651570464991,3.815244780311102,46.0,13.529475688934326,0.2941190367159636,1.28828763961792,4.266312210456185,4.560431247172148,106.52720284461975,204.0,550
run1_g15_g15_9,0.34889390334251313,-1.3882693518467661,2,549.0,810.2184385061264,1.4758077204118878,3.370624303817749,0.0,1.4758077204118878,158.0,91.46028244495392,0.5788625471199615,2.410245656967163,3.227866985375368,3.80672953249533,49.0,13.898582935333252,0.2836445497006786,1.28828763961792,4.28416904138059,4.5678135910812685,105.35886538028717,207.0,550
run1_g16_g16_0,-4.75511825936769,-1.2696990134421193,1,540.0,798.9969172477722,1.479623920829208,3.370624303817749,0.0,1.479623920829208,153.0,86.95699381828308,0.5683463648253796,2.410245656967163,3.2710728801153843,3.839419244940764,45.0,13.004857540130615,0.2889968342251248,1.28828763961792,4.3191126982371015,4.608109532462226,99.9618513584137,198.0,541
run1_g16_g16_1,-4.75511825936769,-1.2696990134421193,1,540.0,798.9969172477722,1.479623920829208,3.370624303817749,0.0,1.479623920829208,153.0,86.95699381828308,0.5683463648253796,2.410245656967163,3.2710728801153843,3.839419244940764,45.0,13.004857540130615,0.2889968342251248,1.28828763961792,4.3191126982371015,4.608109532462226,99.9618513584137,198.0,541
run1_g16_g16_10,-4.75511825936769,-1.2696990134421193,1,540.0,798.9969172477722,1.479623920829208,3.370624303817749,0.0,1.479623920829208,153.0,86.95699381828308,0.5683463648253796,2.410245656967163,3.2710728801153843,3.839419244940764,45.0,13.004857540130615,0.2889968342251248,1.28828763961792,4.3191126982371015,4.608109532462226,99.9618513584137,198.0,541
run1_g16_g16_11,-1.584875202143292,-0.12444775136211267,2,545.0,804.9406577348709,1.476955335293341,3.370624303817749,0.0,1.476955335293341,153.0,91.44771158695221,0.5976974613526288,2.410245656967163,3.2203288226345785,3.8180262839872072,43.0,12.901567459106445,0.30003645253735917,1.28828763961792,4.258756044299104,4.558792496836463,104.34927904605865,196.0,546
run1_g16_g16_12,-4.682556462519266,-0.09677718226077361,1,540.0,799.2798075675964,1.4801477917918453,3.370624303817749,0.0,1.4801477917918453,150.0,86.90508985519409,0.5793672657012939,2.410245656967163,3.235976045926412,3.815343311627706,44.0,13.155877351760864,0.29899721254001965,1.28828763961792,4.332373071800578,4.631370284340599,100.06096720695496,194.0,541
run1_g16_g16_13,-0.8355506729097251,-0.5090000540678724,2,546.0,806.4800673723221,1.4770697204621284,3.370624303817749,0.0,1.4770697204621284,154.0,91.74041986465454,0.5957170121081463,2.410245656967163,3.199189551464923,3.794906563573069,42.0,12.485549926757812,0.2972749982561384,1.28828763961792,4.2172072160811656,4.514482214337304,104.22596979141235,196.0,547
run1_g16_g16_14,-2.0628946269046424,-1.4595973334835568,1,545.0,805.0886214971542,1.4772268284351453,3.2051174640655518,0.0,1.4772268284351453,153.0,90.10848593711853,0.5889443525301865,2.410245656967163,3.239195856393552,3.8281402089237386,43.0,12.689062595367432,0.2950944789620333,1.28828763961792,4.253998135411462,4.549092614373495,102.79754853248596,196.0,546
run1_g16_g16_15,-5.903789515460684,-2.6952878952861528,1,539.0,796.9206047058105,1.478516891847515,3.2051174640655518,0.0,1.478516891847515,147.0,86.54275786876678,0.5887262440052162,2.410245656967163,3.234400792186763,3.823127036191979,42.0,11.668540954589844,0.27782240368071054,0.8472099304199219,4.324226265861874,4.602048669542585,98.21129882335663,189.0,540
run1_g16_g16_16,-2.6872961521445413,-0.12117218789376019,1,542.0,801.4886053800583,1.478761264538853,3.2051174640655518,0.0,1.478761264538853,153.0,90.55025732517242,0.5918317472233492,2.410245656967163,3.2314347433888053,3.8232664906121547,41.0,13.006340026855469,0.31722780553306024,1.28828763961792,4.293483117731606,4.610710923264667,103.5565973520279,194.0,543
run1_g16_g16_17,-8.679098682044273,-1.1458811566695777,1,533.0,789.3245205879211,1.4809090442550115,3.370624303817749,0.0,1.4809090442550115,147.0,87.12650549411774,0.5926973162865152,2.4274275302886963,3.2720207559819126,3.8647180722684276,44.0,11.936083316802979,0.27127462083643133,0.8472099304199219,4.447700928558003,4.718975549394434,99.06258881092072,191.0,534
run1_g16_g16_18,-0.7616675830100399,1.0799314281907781,2,545.0,805.2114119529724,1.4774521320238025,3.370624303817749,0.0,1.4774521320238025,154.0,94.38647973537445,0.6128992190608731,2.4274275302886963,3.218423450922037,3.83132266998291,48.0,13.627733707427979,0.28391111890474957,1.28828763961792,4.318337058027585,4.602248176932335,108.01421344280243,202.0,546
run1_g16_g16_19,-1.7321476736497523,-3.2129989070584695,1,548.0,808.5202662944794,1.4754019457928456,3.2051174640655518,0.0,1.4754019457928456,153.0,89.48893904685974,0.5848950264500636,2.410245656967163,3.234016167572121,3.818911194022185,42.0,11.808260679244995,0.2811490637915475,1.28828763961792,4.221355404172625,4.502504467964172,101.29719972610474,195.0,549
run1_g16_g16_2,-4.75511825936769,-1.2696990134421193,1,540.0,798.9969172477722,1.479623920829208,3.370624303817749,0.0,1.479623920829208,153.0,86.95699381828308,0.5683463648253796,2.410245656967163,3.2710728801153843,3.839419244940764,45.0,13.004857540130615,0.2889968342251248,1.28828763961792,4.3191126982371015,4.608109532462226,99.9618513584137,198.0,541
run1_g16_g16_20,-1.6783446918279796,0.5748934161737115,2,543.0,803.2017693519592,1.4791929453995565,3.370624303817749,0.0,1.4791929453995565,155.0,91.64558637142181,0.5912618475575601,2.410245656967163,3.213180782718043,3.804442630275603,45.0,13.521870851516724,0.30048601892259386,1.28828763961792,4.3068099286821155,4.607295947604709,105.16745722293854,200.0,544
run1_g16_g16_21,-1.1954608338965254,-1.1751718789069843,1,545.0,805.5168045759201,1.4780124854604038,3.370624303817749,0.0,1.4780124854604038,159.0,91.40821099281311,0.5748944087598309,2.410245656967163,3.2351484793537066,3.8100428881135375,45.0,13.267853260040283,0.2948411835564507,1.28828763961792,4.294174369176229,4.58901555273268,104.6760642528534,204.0,546
run1_g16_g16_22,-3.898138696998682,0.15421282233557554,1,541.0,801.5490064620972,1.4816062966027674,3.370624303817749,0.0,1.4816062966027674,154.0,89.9394359588623,0.5840223114211838,2.410245656967163,3.2547014734961768,3.8387237849173608,46.0,13.054977893829346,0.28380386725715967,1.28828763961792,4.321996331214905,4.605800198472065,102.99441385269165,200.0,542
run1_g16_g16_23,-3.798517933821081,-2.0129421974226185,1,542.0,800.2688477039337,1.476510789121649,3.370624303817749,0.0,1.476510789121649,151.0,89.08522534370422,0.5899683797596306,2.410245656967163,3.236452947389211,3.8264213271488416,48.0,12.920427083969116,0.26917556424935657,0.8472099304199219,4.372562100489934,4.641737664739291,102.00565242767334,199.0,543
run1_g16_g16_24,0.7469870957729655,-1.9327122034644246,2,551.0,811.9647736549377,1.4736202788655857,3.2207815647125244,0.0,1.4736202788655857,155.0,92.57779610157013,0.5972761038810976,2.410245656967163,3.2030637502670287,3.8003398541481266,44.0,12.981099367141724,0.29502498561685736,1.28828763961792,4.266843448985707,4.561868434602564,105.55889546871185,199.0,552
run1_g16_g16_3,-3.310495067112133,-2.7648167137837887,1,543.0,802.4511116743088,1.4778105187372168,3.2051174640655518,0.0,1.4778105187372168,155.0,87.51902532577515,0.5646388730695171,2.410245656967163,3.270023956606465,3.834662829675982,44.0,12.8367280960083,0.291743820363825,1.28828763961792,4.285490626638586,4.577234447002411,100.35575342178345,199.0,544
run1_g16_g16_4,-0.44537535540911416,-0.6244025561107414,2,547.0,807.3329244852066,1.4759285639583302,3.370624303817749,0.0,1.4759285639583302,152.0,90.35662245750427,0.5944514635362124,2.410245656967163,3.188063234090805,3.7825146976270174,43.0,12.80140995979309,0.2977072083672812,1.28828763961792,4.198484065920808,4.496191274288089,103.15803241729736,195.0,548
run1_g16_g16_5,-4.75511825936769,-1.2696990134421193,1,540.0,798.9969172477722,1.479623920829208,3.370624303817749,0.0,1.479623920829208,153.0,86.95699381828308,0.5683463648253796,2.410245656967163,3.2710728801153843,3.839419244940764,45.0,13.004857540130615,0.2889968342251248,1.28828763961792,4.3191126982371015,4.608109532462226,99.9618513584137,198.0,541
run1_g16_g16_6,-9.087199495136643,0.06846083937867715,1,528.0,782.4141869544983,1.4818450510501862,3.370624303817749,0.0,1.4818450510501862,146.0,86.15448665618896,0.5900992236725272,2.4274275302886963,3.2772331874664515,3.8673324111389786,42.0,11.857287406921387,0.2823163668314616,1.28828763961792,4.368038325082688,4.65035469191415,98.01177406311035,188.0,529
run1_g16_g16_7,-4.75511825936769,-1.2696990134421193,1,540.0,798.9969172477722,1.479623920829208,3.370624303817749,0.0,1.479623920829208,153.0,86.95699381828308,0.5683463648253796,2.410245656967163,3.2710728801153843,3.839419244940764,45.0,13.004857540130615,0.2889968342251248,1.28828763961792,4.3191126982371015,4.608109532462226,99.9618513584137,198.0,541
run1_g16_g16_8,0.2366252820502467,-0.5404488360262504,2,549.0,810.8138526678085,1.476892263511491,3.370624303817749,0.0,1.476892263511491,158.0,92.99772715568542,0.5885932098461103,2.410245656967163,3.226651570464991,3.815244780311102,46.0,13.529475688934326,0.2941190367159636,1.28828763961792,4.266312210456185,4.560431247172148,106.52720284461975,204.0,550
run1_g16_g16_9,0.5007970011831019,0.04528108795936838,2,549.0,810.5973831415176,1.4764979656493946,3.370624303817749,0.0,1.4764979656493946,156.0,93.32645618915558,0.5982465140330486,2.410245656967163,3.2069655618606467,3.8052120758936954,46.0,13.587016582489014,0.2953699257062829,1.28828763961792,4.2651022568992945,4.560472182605578,106.91347277164459,202.0,550
run1_g17_g17_0,-9.087199495136643,0.06846083937867715,1,528.0,782.4141869544983,1.4818450510501862,3.370624303817749,0.0,1.4818450510501862,146.0,86.15448665618896,0.5900992236725272,2.4274275302886963,3.2772331874664515,3.8673324111389786,42.0,11.857287406921387,0.2823163668314616,1.28828763961792,4.368038325082688,4.65035469191415,98.01177406311035,188.0,529
run1_g17_g17_1,-4.75511825936769,-1.2696990134421193,1,540.0,798.9969172477722,1.479623920829208,3.370624303817749,0.0,1.479623920829208,153.0,86.95699381828308,0.5683463648253796,2.410245656967163,3.2710728801153843,3.839419244940764,45.0,13.004857540130615,0.2889968342251248,1.28828763961792,4.3191126982371015,4.608109532462226,99.9618513584137,198.0,541
run1_g17_g17_10,-4.682556462519266,-0.09677718226077361,1,540.0,799.2798075675964,1.4801477917918453,3.370624303817749,0.0,1.4801477917918453,150.0,86.90508985519409,0.5793672657012939,2.410245656967163,3.235976045926412,3.815343311627706,44.0,13.155877351760864,0.29899721254001965,1.28828763961792,4.332373071800578,4.631370284340599,100.06096720695496,194.0,541
run1_g17_g17_11,-8.679098682044273,-1.1458811566695777,1,533.0,789.3245205879211,1.4809090442550115,3.370624303817749,0.0,1.4809090442550115,147.0,87.12650549411774,0.5926973162865152,2.4274275302886963,3.2720207559819126,3.8647180722684276,44.0,11.936083316802979,0.27127462083643133,0.8472099304199219,4.447700928558003,4.718975549394434,99.06258881092072,191.0,534
run1_g17_g17_12,-4.75511825936769,-1.2696990134421193,1,540.0,798.9969172477722,1.479623920829208,3.370624303817749,0.0,1.479623920829208,153.0,86.95699381828308,0.5683463648253796,2.410245656967163,3.2710728801153843,3.839419244940764,45.0,13.004857540130615,0.2889968342251248,1.28828763961792,4.3191126982371015,4.608109532462226,99.9618513584137,198.0,541
run1_g17_g17_13,-4.75511825936769,-1.2696990134421193,1,540.0,798.9969172477722,1.479623920829208,3.370624303817749,0.0,1.479623920829208,153.0,86.95699381828308,0.5683463648253796,2.410245656967163,3.2710728801153843,3.839419244940764,45.0,13.004857540130615,0.2889968342251248,1.28828763961792,4.3191126982371015,4.608109532462226,99.9618513584137,198.0,541
run1_g17_g17_14,-1.584875202143292,-0.12444775136211267,2,545.0,804.9406577348709,1.476955335293341,3.370624303817749,0.0,1.476955335293341,153.0,91.44771158695221,0.5976974613526288,2.410245656967163,3.2203288226345785,3.8180262839872072,43.0,12.901567459106445,0.30003645253735917,1.28828763961792,4.258756044299104,4.558792496836463,104.34927904605865,196.0,546
run1_g17_g17_15,-6.213088996985811,-0.3095676228995567,1,537.0,794.8255368471146,1.4801220425458372,3.370624303817749,0.0,1.4801220425458372,149.0,87.3674705028534,0.5863588624352577,2.4274275302886963,3.2670349930756846,3.853393855510942,45.0,12.721953868865967,0.28271008597479924,1.28828763961792,4.369093587663438,4.651803673638238,100.08942437171936,194.0,538
run1_g17_g17_16,-0.7616675830100399,1.0799314281907781,2,545.0,805.2114119529724,1.4774521320238025,3.370624303817749,0.0,1.4774521320238025,154.0,94.38647973537445,0.6128992190608731,2.4274275302886963,3.218423450922037,3.83132266998291,48.0,13.627733707427979,0.28391111890474957,1.28828763961792,4.318337058027585,4.602248176932335,108.01421344280243,202.0,546
run1_g17_g17_17,-6.1339515530783775,-1.2711666595905806,1,537.0,794.2503618001938,1.4790509530729865,3.370624303817749,0.0,1.4790509530729865,147.0,88.32304167747498,0.6008370182141155,2.410245656967163,3.2108175349073345,3.81165455312145,41.0,11.483242273330688,0.2800790798373339,0.8472099304199219,4.352845569936241,4.6329246497735745,99.80628395080566,188.0,538
run1_g17_g17_18,-2.0628946269046424,-1.4595973334835568,1,545.0,805.0886214971542,1.4772268284351453,3.2051174640655518,0.0,1.4772268284351453,153.0,90.10848593711853,0.5889443525301865,2.410245656967163,3.239195856393552,3.8281402089237386,43.0,12.689062595367432,0.2950944789620333,1.28828763961792,4.253998135411462,4.549092614373495,102.79754853248596,196.0,546
run1_g17_g17_19,-4.75511825936769,-1.2696990134421193,1,540.0,798.9969172477722,1.479623920829208,3.370624303817749,0.0,1.479623920829208,153.0,86.95699381828308,0.5683463648253796,2.410245656967163,3.2710728801153843,3.839419244940764,45.0,13.004857540130615,0.2889968342251248,1.28828763961792,4.3191126982371015,4.608109532462226,99.9618513584137,198.0,541
run1_g17_g17_2,-1.1954608338965254,-1.1751718789069843,1,545.0,805.5168045759201,1.4780124854604038,3.370624303817749,0.0,1.4780124854604038,159.0,91.40821099281311,0.5748944087598309,2.410245656967163,3.2351484793537066,3.8100428881135375,45.0,13.267853260040283,0.2948411835564507,1.28828763961792,4.294174369176229,4.58901555273268,104.6760642528534,204.0,546
run1_g17_g17_20,-0.44537535540911416,-0.6244025561107414,2,547.0,807.3329244852066,1.4759285639583302,3.370624303817749,0.0,1.4759285639583302,152.0,90.35662245750427,0.5944514635362124,2.410245656967163,3.188063234090805,3.7825146976270174,43.0,12.80140995979309,0.2977072083672812,1.28828763961792,4.198484065920808,4.496191274288089,103.15803241729736,195.0,548
run1_g17_g17_21,-4.830672437188024,-0.6255383288245832,1,540.0,798.6825231313705,1.479041709502538,3.370624303817749,0.0,1.479041709502538,150.0,86.8950526714325,0.5793003511428833,2.410245656967163,3.2439292669296265,3.8232296180725096,44.0,13.013949871063232,0.29577158797870984,1.28828763961792,4.342732413248583,4.638504001227292,99.90900254249573,194.0,541
run1_g17_g17_22,-0.8355506729097251,-0.5090000540678724,2,546.0,806.4800673723221,1.4770697204621284,3.370624303817749,0.0,1.4770697204621284,154.0,91.74041986465454,0.5957170121081463,2.410245656967163,3.199189551464923,3.794906563573069,42.0,12.485549926757812,0.2972749982561384,1.28828763961792,4.2172072160811656,4.514482214337304,104.22596979141235,196.0,547
run1_g17_g17_23,-4.75511825936769,-1.2696990134421193,1,540.0,798.9969172477722,1.479623920829208,3.370624303817749,0.0,1.479623920829208,153.0,86.95699381828308,0.5683463648253796,2.410245656967163,3.2710728801153843,3.839419244940764,45.0,13.004857540130615,0.2889968342251248,1.28828763961792,4.3191126982371015,4.608109532462226,99.9618513584137,198.0,541
run1_g17_g17_24,-4.274625726826663,0.5225739341391623,1,538.0,795.9258595705032,1.479416095855954,3.2051174640655518,0.0,1.479416095855954,151.0,90.28429710865021,0.5979092523751669,2.4274275302886963,3.24831205093308,3.846221303308247,42.0,13.169422626495361,0.3135576815832229,1.28828763961792,4.349822929927281,4.663380611510504,103.45371973514557,193.0,539
run1_g17_g17_3,-4.75511825936769,-1.2696990134421193,1,540.0,798.9969172477722,1.479623920829208,3.370624303817749,0.0,1.479623920829208,153.0,86.95699381828308,0.5683463648253796,2.410245656967163,3.2710728801153843,3.839419244940764,45.0,13.004857540130615,0.2889968342251248,1.28828763961792,4.3191126982371015,4.608109532462226,99.9618513584137,198.0,541
run1_g17_g17_4,-4.823056080918262,-0.7698442476162379,1,541.0,801.0510340929031,1.480685830116272,3.370624303817749,0.0,1.480685830116272,154.0,88.43766212463379,0.5742705332768427,2.410245656967163,3.2734467998727577,3.8477173331496,44.0,12.858108043670654,0.29222972826524213,1.28828763961792,4.34627427296205,4.638504001227292,101.29577016830444,198.0,542
run1_g17_g17_5,-4.257650907541513,-2.094458152348414,1,542.0,801.6809426546097,1.4791161303590585,3.370624303817749,0.0,1.4791161303590585,155.0,87.35081315040588,0.5635536332284251,2.410245656967163,3.2628187133419897,3.8263723465704147,44.0,12.663174390792847,0.2877994179725647,1.28828763961792,4.326733946800232,4.614533364772797,100.01398754119873,199.0,543
run1_g17_g17_6,-9.087199495136643,0.06846083937867715,1,528.0,782.4141869544983,1.4818450510501862,3.370624303817749,0.0,1.4818450510501862,146.0,86.15448665618896,0.5900992236725272,2.4274275302886963,3.2772331874664515,3.8673324111389786,42.0,11.857287406921387,0.2823163668314616,1.28828763961792,4.368038325082688,4.65035469191415,98.01177406311035,188.0,529
run1_g17_g17_7,-5.903789515460684,-2.6952878952861528,1,539.0,796.9206047058105,1.478516891847515,3.2051174640655518,0.0,1.478516891847515,147.0,86.54275786876678,0.5887262440052162,2.410245656967163,3.234400792186763,3.823127036191979,42.0,11.668540954589844,0.27782240368071054,0.8472099304199219,4.324226265861874,4.602048669542585,98.21129882335663,189.0,540
run1_g17_g17_8,-7.964365574234164,-1.2472853857417616,1,530.0,784.3087162971497,1.4798277665983957,3.370624303817749,0.0,1.4798277665983957,147.0,85.60226774215698,0.5823283519874625,2.4274275302886963,3.2630621624641676,3.8453905144516303,43.0,11.733224391937256,0.27286568353342455,1.28828763961792,4.337129820224851,4.609995503758276,97.33549213409424,190.0,531
run1_g17_g17_9,-0.10609662582976985,-0.6114253945783332,2,549.0,810.3061934709549,1.475967565520865,3.370624303817749,0.0,1.475967565520865,156.0,92.54574525356293,0.5932419567536085,2.410245656967163,3.2155621900008273,3.808804146754436,44.0,13.227184772491455,0.30061783573844214,1.28828763961792,4.272179164669731,4.572797000408173,105.77293002605438,200.0,550
run1_g18_g18_0,-9.087199495136643,0.06846083937867715,1,528.0,782.4141869544983,1.4818450510501862,3.370624303817749,0.0,1.4818450510501862,146.0,86.15448665618896,0.5900992236725272,2.4274275302886963,3.2772331874664515,3.8673324111389786,42.0,11.857287406921387,0.2823163668314616,1.28828763961792,4.368038325082688,4.65035469191415,98.01177406311035,188.0,529
run1_g18_g18_1,-9.087199495136643,0.06846083937867715,1,528.0,782.4141869544983,1.4818450510501862,3.370624303817749,0.0,1.4818450510501862,146.0,86.15448665618896,0.5900992236725272,2.4274275302886963,3.2772331874664515,3.8673324111389786,42.0,11.857287406921387,0.2823163668314616,1.28828763961792,4.368038325082688,4.65035469191415,98.01177406311035,188.0,529
run1_g18_g18_10,-4.762088005280405,-1.2405121822506164,1,540.0,798.014332652092,1.4778043197260962,3.370624303817749,0.0,1.4778043197260962,150.0,87.66024613380432,0.5844016408920288,2.410245656967163,3.2577268759409588,3.8421285168329873,44.0,12.711414337158203,0.28889578038995917,1.1082782745361328,4.312631276520816,4.601527056910775,100.37166047096252,194.0,541
run1_g18_g18_11,-7.964365574234164,-1.2472853857417616,1,530.0,784.3087162971497,1.4798277665983957,3.370624303817749,0.0,1.4798277665983957,147.0,85.60226774215698,0.5823283519874625,2.4274275302886963,3.2630621624641676,3.8453905144516303,43.0,11.733224391937256,0.27286568353342455,1.28828763961792,4.337129820224851,4.609995503758276,97.33549213409424,190.0,531
run1_g18_g18_12,-0.44537535540911416,-0.6244025561107414,2,547.0,807.3329244852066,1.4759285639583302,3.370624303817749,0.0,1.4759285639583302,152.0,90.35662245750427,0.5944514635362124,2.410245656967163,3.188063234090805,3.7825146976270174,43.0,12.80140995979309,0.2977072083672812,1.28828763961792,4.198484065920808,4.496191274288089,103.15803241729736,195.0,548
run1_g18_g18_13,-6.362660379285483,0.0498571053509451,1,536.0,793.4343793392181,1.4802880211552578,3.370624303817749,0.0,1.4802880211552578,148.0,87.21587181091309,0.5892964311548181,2.4274275302886963,3.2586000755026534,3.8478965066574715,44.0,12.667609214782715,0.2879002094268799,1.28828763961792,4.3582152778452095,4.646115487272089,99.8834810256958,192.0,537
run1_g18_g18_14,-9.663228606935338,-1.0280658307388266,1,530.0,784.6973458528519,1.4805610299110412,3.370624303817749,0.0,1.4805610299110412,144.0,84.78820264339447,0.5888069628013505,2.410245656967163,3.257255937490198,3.8460629002915487,43.0,12.140724182128906,0.2823424228402071,0.8472099304199219,4.469747332639472,4.7520897554796795,96.92892682552338,187.0,531
run1_g18_g18_15,-4.75511825936769,-1.2696990134421193,1,540.0,798.9969172477722,1.479623920829208,3.370624303817749,0.0,1.479623920829208,153.0,86.95699381828308,0.5683463648253796,2.410245656967163,3.2710728801153843,3.839419244940764,45.0,13.004857540130615,0.2889968342251248,1.28828763961792,4.3191126982371015,4.608109532462226,99.9618513584137,198.0,541
run1_g18_g18_16,-4.75511825936769,-1.2696990134421193,1,540.0,798.9969172477722,1.479623920829208,3.370624303817749,0.0,1.479623920829208,153.0,86.95699381828308,0.5683463648253796,2.410245656967163,3.2710728801153843,3.839419244940764,45.0,13.004857540130615,0.2889968342251248,1.28828763961792,4.3191126982371015,4.608109532462226,99.9618513584137,198.0,541
run1_g18_g18_17,-8.679098682044273,-1.1458811566695777,1,533.0,789.3245205879211,1.4809090442550115,3.370624303817749,0.0,1.4809090442550115,147.0,87.12650549411774,0.5926973162865152,2.4274275302886963,3.2720207559819126,3.8647180722684276,44.0,11.936083316802979,0.27127462083643133,0.8472099304199219,4.447700928558003,4.718975549394434,99.06258881092072,191.0,534
run1_g18_g18_18,-4.932161672841341,-1.0444570007782978,1,540.0,797.4745790958405,1.4768047761034082,3.370624303817749,0.0,1.4768047761034082,148.0,90.38283038139343,0.61069479987428,2.410245656967163,3.2030664489075944,3.813761248781874,41.0,11.883747339248657,0.28984749607923554,0.8472099304199219,4.402622909080692,4.692470405159927,102.26657772064209,189.0,541
run1_g18_g18_19,-4.830672437188024,-0.6255383288245832,1,540.0,798.6825231313705,1.479041709502538,3.370624303817749,0.0,1.479041709502538,150.0,86.8950526714325,0.5793003511428833,2.410245656967163,3.2439292669296265,3.8232296180725096,44.0,13.013949871063232,0.29577158797870984,1.28828763961792,4.342732413248583,4.638504001227292,99.90900254249573,194.0,541
run1_g18_g18_2,-6.213088996985811,-0.3095676228995567,1,537.0,794.8255368471146,1.4801220425458372,3.370624303817749,0.0,1.4801220425458372,149.0,87.3674705028534,0.5863588624352577,2.4274275302886963,3.2670349930756846,3.853393855510942,45.0,12.721953868865967,0.28271008597479924,1.28828763961792,4.369093587663438,4.651803673638238,100.08942437171936,194.0,538
run1_g18_g18_20,-0.8355506729097251,-0.5090000540678724,2,546.0,806.4800673723221,1.4770697204621284,3.370624303817749,0.0,1.4770697204621284,154.0,91.74041986465454,0.5957170121081463,2.410245656967163,3.199189551464923,3.794906563573069,42.0,12.485549926757812,0.2972749982561384,1.28828763961792,4.2172072160811656,4.514482214337304,104.22596979141235,196.0,547
run1_g18_g18_21,-0.7616675830100399,1.0799314281907781,2,545.0,805.2114119529724,1.4774521320238025,3.370624303817749,0.0,1.4774521320238025,154.0,94.38647973537445,0.6128992190608731,2.4274275302886963,3.218423450922037,3.83132266998291,48.0,13.627733707427979,0.28391111890474957,1.28828763961792,4.318337058027585,4.602248176932335,108.01421344280243,202.0,546
run1_g18_g18_22,-4.823056080918262,-0.7698442476162379,1,541.0,801.0510340929031,1.480685830116272,3.370624303817749,0.0,1.480685830116272,154.0,88.43766212463379,0.5742705332768427,2.410245656967163,3.2734467998727577,3.8477173331496,44.0,12.858108043670654,0.29222972826524213,1.28828763961792,4.34627427296205,4.638504001227292,101.29577016830444,198.0,542
run1_g18_g18_23,-3.1525990867656835,-2.0612835783065373,1,542.0,800.6763743162155,1.47726268324025,3.370624303817749,0.0,1.47726268324025,156.0,89.97678744792938,0.5767742785123678,2.410245656967163,3.2582221313928947,3.8349964099052625,42.0,12.16612195968628,0.28966957046872094,1.28828763961792,4.268644156910124,4.558313727378845,102.14290940761566,198.0,543
run1_g18_g18_24,-2.019313391068974,-0.8114931518190082,1,544.0,803.507621884346,1.477036069640342,3.2051174640655518,0.0,1.477036069640342,151.0,90.21164131164551,0.5974280881565928,2.410245656967163,3.220912015990706,3.8183401041472984,42.0,12.644544839859009,0.3010605914252145,1.28828763961792,4.239799005644662,4.540859597069876,102.85618615150452,193.0,545
run1_g18_g18_3,-8.374125367137625,0.3920092583333892,1,529.0,783.9342521429062,1.4819173008372517,3.370624303817749,0.0,1.4819173008372517,147.0,86.9135217666626,0.5912484473922626,2.4274275302886963,3.273135478804712,3.8643839261969744,43.0,12.18514633178711,0.28337549608807233,1.28828763961792,4.368682151617006,4.652057647705078,99.0986680984497,190.0,530
run1_g18_g18_4,-9.035574480472478,-0.7071097885745764,1,531.0,786.6765904426575,1.4815001703251554,3.370624303817749,0.0,1.4815001703251554,147.0,87.39840495586395,0.5945469724888705,2.4274275302886963,3.264133113582118,3.8586800860709887,43.0,11.935111999511719,0.2775607441746911,0.8472099304199219,4.466062335080879,4.74362307925557,99.33351695537567,190.0,532
run1_g18_g18_5,-4.75511825936769,-1.2696990134421193,1,540.0,798.9969172477722,1.479623920829208,3.370624303817749,0.0,1.479623920829208,153.0,86.95699381828308,0.5683463648253796,2.410245656967163,3.2710728801153843,3.839419244940764,45.0,13.004857540130615,0.2889968342251248,1.28828763961792,4.3191126982371015,4.608109532462226,99.9618513584137,198.0,541
run1_g18_g18_6,-9.087199495136643,0.06846083937867715,1,528.0,782.4141869544983,1.4818450510501862,3.370624303817749,0.0,1.4818450510501862,146.0,86.15448665618896,0.5900992236725272,2.4274275302886963,3.2772331874664515,3.8673324111389786,42.0,11.857287406921387,0.2823163668314616,1.28828763961792,4.368038325082688,4.65035469191415,98.01177406311035,188.0,529
run1_g18_g18_7,-8.020129027631612,-0.7612964107569115,1,529.0,782.9175587892532,1.4799953852348833,3.370624303817749,0.0,1.4799953852348833,146.0,85.3074038028717,0.584297286321039,2.4274275302886963,3.2544844869064957,3.838781773227535,43.0,11.949528217315674,0.27789600505385287,1.28828763961792,4.338204677714858,4.616100682768711,97.25693202018738,189.0,530
run1_g18_g18_8,-9.087199495136643,0.06846083937867715,1,528.0,782.4141869544983,1.4818450510501862,3.370624303817749,0.0,1.4818450510501862,146.0,86.15448665618896,0.5900992236725272,2.4274275302886963,3.2772331874664515,3.8673324111389786,42.0,11.857287406921387,0.2823163668314616,1.28828763961792,4.368038325082688,4.65035469191415,98.01177406311035,188.0,529
run1_g18_g18_9,-4.75511825936769,-1.2696990134421193,1,540.0,798.9969172477722,1.479623920829208,3.370624303817749,0.0,1.479623920829208,153.0,86.95699381828308,0.5683463648253796,2.410245656967163,3.2710728801153843,3.839419244940764,45.0,13.004857540130615,0.2889968342251248,1.28828763961792,4.3191126982371015,4.608109532462226,99.9618513584137,198.0,541
run1_g19_g19_0,-9.087199495136643,0.06846083937867715,1,528.0,782.4141869544983,1.4818450510501862,3.370624303817749,0.0,1.4818450510501862,146.0,86.15448665618896,0.5900992236725272,2.4274275302886963,3.2772331874664515,3.8673324111389786,42.0,11.857287406921387,0.2823163668314616,1.28828763961792,4.368038325082688,4.65035469191415,98.01177406311035,188.0,529
run1_g19_g19_1,-9.087199495136643,0.06846083937867715,1,528.0,782.4141869544983,1.4818450510501862,3.370624303817749,0.0,1.4818450510501862,146.0,86.15448665618896,0.5900992236725272,2.4274275302886963,3.2772331874664515,3.8673324111389786,42.0,11.857287406921387,0.2823163668314616,1.28828763961792,4.368038325082688,4.65035469191415,98.01177406311035,188.0,529
run1_g19_g19_10,-1.6233317999505104,-0.46014603010956845,1,544.0,803.6507993936539,1.4772992635912754,3.370624303817749,0.0,1.4772992635912754,153.0,90.93505501747131,0.594346764820074,2.410245656967163,3.211084699319079,3.805431464139153,42.0,12.485549926757812,0.2972749982561384,1.28828763961792,4.2172072160811656,4.514482214337304,103.42060494422913,195.0,545
run1_g19_g19_11,-9.087199495136643,0.06846083937867715,1,528.0,782.4141869544983,1.4818450510501862,3.370624303817749,0.0,1.4818450510501862,146.0,86.15448665618896,0.5900992236725272,2.4274275302886963,3.2772331874664515,3.8673324111389786,42.0,11.857287406921387,0.2823163668314616,1.28828763961792,4.368038325082688,4.65035469191415,98.01177406311035,188.0,529
run1_g19_g19_12,-8.060004715236227,0.6849420388698799,1,530.0,785.3302870988846,1.4817552586771408,3.370624303817749,0.0,1.4817552586771408,146.0,86.94091439247131,0.5954857150169268,2.4274275302886963,3.260406151209792,3.855891866226719,43.0,12.261709690093994,0.2851560393045115,1.28828763961792,4.366901608400567,4.652057647705078,99.20262408256531,189.0,531
run1_g19_g19_13,-8.374125367137625,0.3920092583333892,1,529.0,783.9342521429062,1.4819173008372517,3.370624303817749,0.0,1.4819173008372517,147.0,86.9135217666626,0.5912484473922626,2.4274275302886963,3.273135478804712,3.8643839261969744,43.0,12.18514633178711,0.28337549608807233,1.28828763961792,4.368682151617006,4.652057647705078,99.0986680984497,190.0,530
run1_g19_g19_14,-6.6853718726613875,0.4461172431822517,1,535.0,792.1215705871582,1.4806010665180527,3.370624303817749,0.0,1.4806010665180527,147.0,87.56340956687927,0.5956694528359134,2.4274275302886963,3.258123693012056,3.8537931458479693,43.0,12.443767547607422,0.28938994296761444,1.28828763961792,4.346152848975603,4.635542791943218,100.0071771144867,190.0,536
run1_g19_g19_15,-6.341378990071109,-0.614570090534455,1,532.0,786.87151491642,1.4790817949556767,3.370624303817749,0.0,1.4790817949556767,150.0,88.60679864883423,0.5907119909922282,2.4274275302886963,3.2457479858398437,3.8364599768320717,41.0,11.871702671051025,0.28955372368417137,1.28828763961792,4.3380581344046245,4.6276118580887955,100.47850131988525,191.0,533
run1_g19_g19_16,-8.374125367137625,0.3920092583333892,1,529.0,783.9342521429062,1.4819173008372517,3.370624303817749,0.0,1.4819173008372517,147.0,86.9135217666626,0.5912484473922626,2.4274275302886963,3.273135478804712,3.8643839261969744,43.0,12.18514633178711,0.28337549608807233,1.28828763961792,4.368682151617006,4.652057647705078,99.0986680984497,190.0,530
run1_g19_g19_17,-9.087199495136643,0.06846083937867715,1,528.0,782.4141869544983,1.4818450510501862,3.370624303817749,0.0,1.4818450510501862,146.0,86.15448665618896,0.5900992236725272,2.4274275302886963,3.2772331874664515,3.8673324111389786,42.0,11.857287406921387,0.2823163668314616,1.28828763961792,4.368038325082688,4.65035469191415,98.01177406311035,188.0,529
run1_g19_g19_18,-8.020129027631612,-0.7612964107569115,1,529.0,782.9175587892532,1.4799953852348833,3.370624303817749,0.0,1.4799953852348833,146.0,85.3074038028717,0.584297286321039,2.4274275302886963,3.2544844869064957,3.838781773227535,43.0,11.949528217315674,0.27789600505385287,1.28828763961792,4.338204677714858,4.616100682768711,97.25693202018738,189.0,530
run1_g19_g19_19,-8.70194086717763,-1.1188724763575397,1,529.0,782.5982872247696,1.4793918473058025,3.370624303817749,0.0,1.4793918473058025,146.0,85.71185183525085,0.587067478323636,2.4274275302886963,3.258107701393023,3.845175179716659,41.0,11.555001735687256,0.28182931062651845,1.28828763961792,4.38795071694909,4.669780027575609,97.26685357093811,187.0,530
run1_g19_g19_2,-4.75511825936769,-1.2696990134421193,1,540.0,798.9969172477722,1.479623920829208,3.370624303817749,0.0,1.479623920829208,153.0,86.95699381828308,0.5683463648253796,2.410245656967163,3.2710728801153843,3.839419244940764,45.0,13.004857540130615,0.2889968342251248,1.28828763961792,4.3191126982371015,4.608109532462226,99.9618513584137,198.0,541
run1_g19_g19_20,-6.661182824443843,0.03317967475663764,1,535.0,791.7579489946365,1.4799213999899747,3.370624303817749,0.0,1.4799213999899747,148.0,86.28279376029968,0.5829918497317547,2.4274275302886963,3.27459404275224,3.857585892483995,44.0,13.036792755126953,0.2962907444347035,1.28828763961792,4.356907568194649,4.653198312629353,99.31958651542664,192.0,536
run1_g19_g19_21,-10.219648224952405,0.6144543718559502,1,528.0,782.9459171295166,1.4828521157755996,3.370624303817749,0.0,1.4828521157755996,143.0,84.95747590065002,0.5941082230814687,2.4274275302886963,3.2767090347263363,3.870817257807805,41.0,11.78981637954712,0.2875564970621249,1.28828763961792,4.396447018879216,4.684003515941341,96.74729228019714,184.0,529
run1_g19_g19_22,-8.679098682044273,-1.1458811566695777,1,533.0,789.3245205879211,1.4809090442550115,3.370624303817749,0.0,1.4809090442550115,147.0,87.12650549411774,0.5926973162865152,2.4274275302886963,3.2720207559819126,3.8647180722684276,44.0,11.936083316802979,0.27127462083643133,0.8472099304199219,4.447700928558003,4.718975549394434,99.06258881092072,191.0,534
run1_g19_g19_23,-9.035574480472478,-0.7071097885745764,1,531.0,786.6765904426575,1.4815001703251554,3.370624303817749,0.0,1.4815001703251554,147.0,87.39840495586395,0.5945469724888705,2.4274275302886963,3.264133113582118,3.8586800860709887,43.0,11.935111999511719,0.2775607441746911,0.8472099304199219,4.466062335080879,4.74362307925557,99.33351695537567,190.0,532
run1_g19_g19_24,-8.37640525424286,-0.0795246734642246,1,531.0,786.462243437767,1.4810965036492787,3.370624303817749,0.0,1.4810965036492787,147.0,87.34936285018921,0.5942133527223755,2.4274275302886963,3.280785638458875,3.87499899118125,44.0,12.077557563781738,0.27448994463140314,1.28828763961792,4.403446728532964,4.677936673164368,99.42692041397095,191.0,532
run1_g19_g19_3,-9.087199495136643,0.06846083937867715,1,528.0,782.4141869544983,1.4818450510501862,3.370624303817749,0.0,1.4818450510501862,146.0,86.15448665618896,0.5900992236725272,2.4274275302886963,3.2772331874664515,3.8673324111389786,42.0,11.857287406921387,0.2823163668314616,1.28828763961792,4.368038325082688,4.65035469191415,98.01177406311035,188.0,529
run1_g19_g19_4,-8.142131782741899,-0.520608048904494,1,533.0,789.9348615407944,1.4820541492322596,3.370624303817749,0.0,1.4820541492322596,149.0,88.60489475727081,0.5946637232031599,2.4274275302886963,3.2738920002175655,3.8685557234207257,45.0,12.196067810058594,0.2710237291124132,0.8472099304199219,4.448561885621813,4.719585614734226,100.8009625673294,194.0,534
run1_g19_g19_5,-4.823056080918262,-0.7698442476162379,1,541.0,801.0510340929031,1.480685830116272,3.370624303817749,0.0,1.480685830116272,154.0,88.43766212463379,0.5742705332768427,2.410245656967163,3.2734467998727577,3.8477173331496,44.0,12.858108043670654,0.29222972826524213,1.28828763961792,4.34627427296205,4.638504001227292,101.29577016830444,198.0,542
run1_g19_g19_6,-9.663228606935338,-1.0280658307388266,1,530.0,784.6973458528519,1.4805610299110412,3.370624303817749,0.0,1.4805610299110412,144.0,84.78820264339447,0.5888069628013505,2.410245656967163,3.257255937490198,3.8460629002915487,43.0,12.140724182128906,0.2823424228402071,0.8472099304199219,4.469747332639472,4.7520897554796795,96.92892682552338,187.0,531
run1_g19_g19_7,-4.75511825936769,-1.2696990134421193,1,540.0,798.9969172477722,1.479623920829208,3.370624303817749,0.0,1.479623920829208,153.0,86.95699381828308,0.5683463648253796,2.410245656967163,3.2710728801153843,3.839419244940764,45.0,13.004857540130615,0.2889968342251248,1.28828763961792,4.3191126982371015,4.608109532462226,99.9618513584137,198.0,541
run1_g19_g19_8,-6.362660379285483,0.0498571053509451,1,536.0,793.4343793392181,1.4802880211552578,3.370624303817749,0.0,1.4802880211552578,148.0,87.21587181091309,0.5892964311548181,2.4274275302886963,3.2586000755026534,3.8478965066574715,44.0,12.667609214782715,0.2879002094268799,1.28828763961792,4.3582152778452095,4.646115487272089,99.8834810256958,192.0,537
run1_g19_g19_9,-9.087199495136643,0.06846083937867715,1,528.0,782.4141869544983,1.4818450510501862,3.370624303817749,0.0,1.4818450510501862,146.0,86.15448665618896,0.5900992236725272,2.4274275302886963,3.2772331874664515,3.8673324111389786,42.0,11.857287406921387,0.2823163668314616,1.28828763961792,4.368038325082688,4.65035469191415,98.01177406311035,188.0,529
run1_g2_g2_0,2.1670792957064444,0.1835931686490287,0,555.0,819.9447777271271,1.4773779778867155,3.2207815647125244,0.0,1.4773779778867155,154.0,91.28421115875244,0.5927546179139769,2.410245656967163,3.193314474898499,3.7860690928124763,45.0,14.05765438079834,0.31239231957329644,1.28828763961792,4.147030931048923,4.459423250622219,105.34186553955078,199.0,556
run1_g2_g2_1,2.1670792957064444,0.1835931686490287,0,555.0,819.9447777271271,1.4773779778867155,3.2207815647125244,0.0,1.4773779778867155,154.0,91.28421115875244,0.5927546179139769,2.410245656967163,3.193314474898499,3.7860690928124763,45.0,14.05765438079834,0.31239231957329644,1.28828763961792,4.147030931048923,4.459423250622219,105.34186553955078,199.0,556
run1_g2_g2_10,4.1503011239010785,-1.9853501855567237,0,559.0,823.9750012159348,1.4740161023540872,3.2051174640655518,0.0,1.4740161023540872,158.0,94.13439106941223,0.5957872852494445,2.3385000228881836,3.1549843942062763,3.750771679455721,48.0,14.167476177215576,0.29515575369199115,0.8472099304199219,4.2524580756823225,4.547613829374313,108.30186724662781,206.0,560
run1_g2_g2_11,3.741377329794698,-0.6365238683021308,0,558.0,823.4588251113892,1.4757326614899446,3.2051174640655518,0.0,1.4757326614899446,158.0,93.43199741840363,0.5913417558126812,2.410245656967163,3.179487458512753,3.770829214325434,44.0,13.909262418746948,0.316119600426067,1.28828763961792,4.1638113260269165,4.479930926452983,107.34125983715057,202.0,559
run1_g2_g2_12,5.009523029270521,-0.9812164679720475,0,561.0,826.7778928279877,1.4737573847201206,3.2051174640655518,0.0,1.4737573847201206,158.0,93.6789585351944,0.5929048008556608,2.410245656967163,3.1781676894501794,3.77107249030584,45.0,14.157074451446533,0.3146016544765896,1.28828763961792,4.127041069666545,4.441642724143135,107.83603298664093,203.0,562
run1_g2_g2_13,5.4436002840573865,-0.22893850321761378,0,563.0,830.3152284622192,1.4748050239115795,3.370624303817749,0.0,1.4748050239115795,160.0,94.46045172214508,0.5903778232634067,2.410245656967163,3.173611018806696,3.763988842070103,44.0,14.052697896957397,0.3193794976581227,1.28828763961792,4.10108879479495,4.420468292453072,108.51314961910248,204.0,564
run1_g2_g2_14,3.2979500083688738,-1.8296534250211338,0,557.0,821.8222947120667,1.4754439761437463,3.2051174640655518,0.0,1.4754439761437463,158.0,94.96575665473938,0.6010490927515151,2.410245656967163,3.1593384863455083,3.7603875790970234,46.0,13.230069875717163,0.28761021468950354,0.8751273155212402,4.223970547966335,4.511580762655838,108.19582653045654,204.0,558
run1_g2_g2_15,5.396683751229437,0.8613537752821387,0,564.0,832.0169222354889,1.4752073089281719,3.2051174640655518,0.0,1.4752073089281719,158.0,95.18309700489044,0.6024246645879142,2.870814323425293,3.1905799236478685,3.7930045882357826,50.0,14.888242721557617,0.29776485443115236,1.28828763961792,4.1494640493392945,4.447228903770447,110.07133972644806,208.0,565
run1_g2_g2_16,6.0098461465393145,-0.9548042198314061,0,567.0,836.6465820074081,1.4755671640342296,3.2051174640655518,0.0,1.4755671640342296,161.0,94.46974623203278,0.5867686101368496,2.410245656967163,3.1972503551044817,3.7840189652413314,50.0,14.88289999961853,0.2976579999923706,1.28828763961792,4.165347385406494,4.463005385398865,109.3526462316513,211.0,568
run1_g2_g2_17,5.362231588741166,-1.0604895101003022,0,560.0,826.4532297849655,1.4758093389017242,3.2051174640655518,0.0,1.4758093389017242,160.0,92.92183816432953,0.5807614885270596,2.0924081802368164,3.1738253213465213,3.754586809873581,49.0,15.196746826171875,0.31013769033003824,1.28828763961792,4.178409172564137,4.488546862894175,108.1185849905014,209.0,561
run1_g2_g2_18,3.778297433171069,-1.8762676217635799,0,560.0,825.0242850780487,1.473257651925087,3.2051174640655518,0.0,1.473257651925087,156.0,91.73498594760895,0.5880447817154419,2.410245656967163,3.179680802119084,3.767725583834526,45.0,13.795026540756226,0.30655614535013836,1.28828763961792,4.162895478142632,4.469451623492771,105.53001248836517,201.0,561
run1_g2_g2_19,0.3290720074247115,-2.49066019421682,0,552.0,813.1030895709991,1.473012843425723,3.075467348098755,0.0,1.473012843425723,147.0,88.55685842037201,0.6024276083018504,2.410245656967163,3.1812764552174784,3.7837040635193286,46.0,13.414396286010742,0.2916173105654509,0.8472099304199219,4.217139238896578,4.508756549462028,101.97125470638275,193.0,553
run1_g2_g2_2,2.4205984893249717,-1.924305737922418,0,556.0,819.3805426359177,1.4737060119351038,3.370624303817749,0.0,1.4737060119351038,155.0,90.16934132575989,0.5817376859726444,2.410245656967163,3.172831446124661,3.7545691320973056,45.0,13.306435108184814,0.29569855795966254,1.28828763961792,4.158427053027683,4.4541256109873455,103.4757764339447,200.0,557
run1_g2_g2_20,5.3601752099388795,-1.5215042456168968,0,560.0,825.8234490156174,1.474684730385031,3.2051174640655518,0.0,1.474684730385031,161.0,93.77317106723785,0.5824420563182475,2.0924081802368164,3.170213914806058,3.7526559711243053,46.0,14.683403730392456,0.31920442892157513,1.28828763961792,4.187870150027067,4.507074578948643,108.45657479763031,207.0,561
run1_g2_g2_21,3.437707781911817,-1.2700902530094969,0,557.0,820.8472031354904,1.473693362900342,3.2051174640655518,0.0,1.473693362900342,155.0,91.73654556274414,0.5918486810499622,2.410245656967163,3.162744572854811,3.7545932539047735,44.0,13.77941632270813,0.3131685527888211,1.28828763961792,4.1665940284729,4.479762581261721,105.51596188545227,199.0,558
run1_g2_g2_22,2.748893248001766,0.9161948139789443,0,556.0,822.8661761283875,1.4799751369215601,3.2207815647125244,0.0,1.4799751369215601,158.0,92.2775514125824,0.5840351355226734,2.410245656967163,3.2076938650276086,3.791729000550282,46.0,14.684199810028076,0.31922173500061035,1.28828763961792,4.14771134438722,4.466933079387831,106.96175122261047,204.0,557
run1_g2_g2_23,3.904660787552055,-0.26304320723226954,0,558.0,822.5973490476608,1.4741887975764532,3.2051174640655518,0.0,1.4741887975764532,157.0,94.73234605789185,0.6033907392222411,2.410245656967163,3.1659970936501862,3.769387832872427,43.0,13.921245813369751,0.3237499026365058,1.28828763961792,4.210114900455919,4.533864803092424,108.6535918712616,200.0,559
run1_g2_g2_24,0.2961475848793775,-2.2842593085452956,0,555.0,818.3642063140869,1.4745301014668233,3.2051174640655518,0.0,1.4745301014668233,150.0,88.7111064195633,0.5914073761304219,2.410245656967163,3.19308797121048,3.7844953473409015,45.0,13.412620782852173,0.2980582396189372,0.8472099304199219,4.229817077848646,4.527875317467584,102.12372720241547,195.0,556
run1_g2_g2_3,3.741377329794698,-0.6365238683021308,0,558.0,823.4588251113892,1.4757326614899446,3.2051174640655518,0.0,1.4757326614899446,158.0,93.43199741840363,0.5913417558126812,2.410245656967163,3.179487458512753,3.770829214325434,44.0,13.909262418746948,0.316119600426067,1.28828763961792,4.1638113260269165,4.479930926452983,107.34125983715057,202.0,559
run1_g2_g2_4,2.1670792957064444,0.1835931686490287,0,555.0,819.9447777271271,1.4773779778867155,3.2207815647125244,0.0,1.4773779778867155,154.0,91.28421115875244,0.5927546179139769,2.410245656967163,3.193314474898499,3.7860690928124763,45.0,14.05765438079834,0.31239231957329644,1.28828763961792,4.147030931048923,4.459423250622219,105.34186553955078,199.0,556
run1_g2_g2_5,4.15664464459287,0.9123439136330352,0,558.0,825.2799392938614,1.4789963069782461,3.2207815647125244,0.0,1.4789963069782461,159.0,94.16936254501343,0.5922601417925373,2.410245656967163,3.179507209070074,3.771767350862611,48.0,14.794539451599121,0.308219571908315,1.28828763961792,4.168727005521457,4.476946577429771,108.96390199661255,207.0,559
run1_g2_g2_6,3.1754070501356204,-1.4480139693167673,0,560.0,826.0826569795609,1.4751476017492158,3.2051174640655518,0.0,1.4751476017492158,156.0,91.47475099563599,0.5863766089463845,2.410245656967163,3.1962501330253406,3.782626741971725,45.0,13.784862041473389,0.3063302675882975,1.28828763961792,4.154912159177992,4.461242426766289,105.25961303710938,201.0,561
run1_g2_g2_7,2.1670792957064444,0.1835931686490287,0,555.0,819.9447777271271,1.4773779778867155,3.2207815647125244,0.0,1.4773779778867155,154.0,91.28421115875244,0.5927546179139769,2.410245656967163,3.193314474898499,3.7860690928124763,45.0,14.05765438079834,0.31239231957329644,1.28828763961792,4.147030931048923,4.459423250622219,105.34186553955078,199.0,556
run1_g2_g2_8,-1.249078201639371,-1.6235391397432795,1,553.0,816.0603412389755,1.4756968196003175,3.2051174640655518,0.0,1.4756968196003175,147.0,88.43827509880066,0.6016209190394602,2.4274275302886963,3.200194144735531,3.801815063774991,47.0,13.40431523323059,0.2851981964517147,0.8472099304199219,4.300471173956039,4.585669370407754,101.84259033203125,194.0,554
run1_g2_g2_9,6.591969140628033,-0.9992831829081367,0,564.0,830.4848819971085,1.472490925526788,3.2051174640655518,0.0,1.472490925526788,159.0,94.36449670791626,0.5934874006787186,2.4274275302886963,3.1278738435709252,3.721361244249644,45.0,14.519121408462524,0.3226471424102783,1.28828763961792,4.17290309270223,4.495550235112508,108.88361811637878,204.0,565
run1_g3_g3_0,2.1670792957064444,0.1835931686490287,0,555.0,819.9447777271271,1.4773779778867155,3.2207815647125244,0.0,1.4773779778867155,154.0,91.28421115875244,0.5927546179139769,2.410245656967163,3.193314474898499,3.7860690928124763,45.0,14.05765438079834,0.31239231957329644,1.28828763961792,4.147030931048923,4.459423250622219,105.34186553955078,199.0,556
run1_g3_g3_1,2.1670792957064444,0.1835931686490287,0,555.0,819.9447777271271,1.4773779778867155,3.2207815647125244,0.0,1.4773779778867155,154.0,91.28421115875244,0.5927546179139769,2.410245656967163,3.193314474898499,3.7860690928124763,45.0,14.05765438079834,0.31239231957329644,1.28828763961792,4.147030931048923,4.459423250622219,105.34186553955078,199.0,556
run1_g3_g3_10,2.1670792957064444,0.1835931686490287,0,555.0,819.9447777271271,1.4773779778867155,3.2207815647125244,0.0,1.4773779778867155,154.0,91.28421115875244,0.5927546179139769,2.410245656967163,3.193314474898499,3.7860690928124763,45.0,14.05765438079834,0.31239231957329644,1.28828763961792,4.147030931048923,4.459423250622219,105.34186553955078,199.0,556
run1_g3_g3_11,0.3290720074247115,-2.49066019421682,0,552.0,813.1030895709991,1.473012843425723,3.075467348098755,0.0,1.473012843425723,147.0,88.55685842037201,0.6024276083018504,2.410245656967163,3.1812764552174784,3.7837040635193286,46.0,13.414396286010742,0.2916173105654509,0.8472099304199219,4.217139238896578,4.508756549462028,101.97125470638275,193.0,553
run1_g3_g3_12,2.9917534042357197,-0.6016373258500516,0,557.0,822.6465774774551,1.4769238374819662,3.2051174640655518,0.0,1.4769238374819662,157.0,91.60581278800964,0.5834765145733098,2.410245656967163,3.2000425150439997,3.7835190296173096,47.0,14.375240564346313,0.30585618222013433,1.28828763961792,4.164854389555911,4.470710571776045,105.98105335235596,204.0,558
run1_g3_g3_13,2.1670792957064444,0.1835931686490287,0,555.0,819.9447777271271,1.4773779778867155,3.2207815647125244,0.0,1.4773779778867155,154.0,91.28421115875244,0.5927546179139769,2.410245656967163,3.193314474898499,3.7860690928124763,45.0,14.05765438079834,0.31239231957329644,1.28828763961792,4.147030931048923,4.459423250622219,105.34186553955078,199.0,556
run1_g3_g3_14,6.0685890474176185,-0.6952151261252839,0,561.0,827.3899600505829,1.4748484136374027,3.2207815647125244,0.0,1.4748484136374027,162.0,95.15223324298859,0.5873594644628926,2.0924081802368164,3.17320943393825,3.7605688984011425,47.0,15.216132402420044,0.32374749792383073,1.28828763961792,4.1950811223780855,4.518828620301917,110.36836564540863,209.0,562
run1_g3_g3_15,1.3189042406866514,-0.2518727414199739,2,552.0,815.4450908899307,1.4772555994382803,3.2207815647125244,0.0,1.4772555994382803,155.0,91.62801277637482,0.5911484695249988,2.410245656967163,3.19821628832048,3.7893647578454788,44.0,13.68575644493103,0.31103991920297797,1.28828763961792,4.186526141383431,4.497566060586409,105.31376922130585,199.0,553
run1_g3_g3_16,-0.8229162618726933,-0.944642815583321,2,551.0,812.9235588312149,1.4753603608551995,3.2051174640655518,0.0,1.4753603608551995,147.0,88.9428082704544,0.6050531174860844,2.4274275302886963,3.197068427695709,3.8021215451817936,45.0,13.514565229415894,0.30032367176479763,0.8472099304199219,4.241919416851467,4.5422430886162655,102.4573734998703,192.0,552
run1_g3_g3_17,0.30408381436586285,-1.8154525341462153,2,552.0,814.3742034435272,1.4753155859484188,3.2207815647125244,0.0,1.4753155859484188,152.0,90.93921625614166,0.5982843174746162,2.410245656967163,3.194850734189937,3.793135051664553,45.0,13.113409519195557,0.2914091004265679,0.8751273155212402,4.22645623948839,4.517865339914958,104.05262577533722,197.0,553
run1_g3_g3_18,5.009523029270521,-0.9812164679720475,0,561.0,826.7778928279877,1.4737573847201206,3.2051174640655518,0.0,1.4737573847201206,158.0,93.6789585351944,0.5929048008556608,2.410245656967163,3.1781676894501794,3.77107249030584,45.0,14.157074451446533,0.3146016544765896,1.28828763961792,4.127041069666545,4.441642724143135,107.83603298664093,203.0,562
run1_g3_g3_19,3.1754070501356204,-1.4480139693167673,0,560.0,826.0826569795609,1.4751476017492158,3.2051174640655518,0.0,1.4751476017492158,156.0,91.47475099563599,0.5863766089463845,2.410245656967163,3.1962501330253406,3.782626741971725,45.0,13.784862041473389,0.3063302675882975,1.28828763961792,4.154912159177992,4.461242426766289,105.25961303710938,201.0,561
run1_g3_g3_2,2.1670792957064444,0.1835931686490287,0,555.0,819.9447777271271,1.4773779778867155,3.2207815647125244,0.0,1.4773779778867155,154.0,91.28421115875244,0.5927546179139769,2.410245656967163,3.193314474898499,3.7860690928124763,45.0,14.05765438079834,0.31239231957329644,1.28828763961792,4.147030931048923,4.459423250622219,105.34186553955078,199.0,556
run1_g3_g3_20,5.3601752099388795,-1.5215042456168968,0,560.0,825.8234490156174,1.474684730385031,3.2051174640655518,0.0,1.474684730385031,161.0,93.77317106723785,0.5824420563182475,2.0924081802368164,3.170213914806058,3.7526559711243053,46.0,14.683403730392456,0.31920442892157513,1.28828763961792,4.187870150027067,4.507074578948643,108.45657479763031,207.0,561
run1_g3_g3_21,3.437707781911817,-1.2700902530094969,0,557.0,820.8472031354904,1.473693362900342,3.2051174640655518,0.0,1.473693362900342,155.0,91.73654556274414,0.5918486810499622,2.410245656967163,3.162744572854811,3.7545932539047735,44.0,13.77941632270813,0.3131685527888211,1.28828763961792,4.1665940284729,4.479762581261721,105.51596188545227,199.0,558
run1_g3_g3_22,5.362231588741166,-1.0604895101003022,0,560.0,826.4532297849655,1.4758093389017242,3.2051174640655518,0.0,1.4758093389017242,160.0,92.92183816432953,0.5807614885270596,2.0924081802368164,3.1738253213465213,3.754586809873581,49.0,15.196746826171875,0.31013769033003824,1.28828763961792,4.178409172564137,4.488546862894175,108.1185849905014,209.0,561
run1_g3_g3_23,-1.249078201639371,-1.6235391397432795,1,553.0,816.0603412389755,1.4756968196003175,3.2051174640655518,0.0,1.4756968196003175,147.0,88.43827509880066,0.6016209190394602,2.4274275302886963,3.200194144735531,3.801815063774991,47.0,13.40431523323059,0.2851981964517147,0.8472099304199219,4.300471173956039,4.585669370407754,101.84259033203125,194.0,554
run1_g3_g3_24,4.1503011239010785,-1.9853501855567237,0,559.0,823.9750012159348,1.4740161023540872,3.2051174640655518,0.0,1.4740161023540872,158.0,94.13439106941223,0.5957872852494445,2.3385000228881836,3.1549843942062763,3.750771679455721,48.0,14.167476177215576,0.29515575369199115,0.8472099304199219,4.2524580756823225,4.547613829374313,108.30186724662781,206.0,560
run1_g3_g3_3,6.591969140628033,-0.9992831829081367,0,564.0,830.4848819971085,1.472490925526788,3.2051174640655518,0.0,1.472490925526788,159.0,94.36449670791626,0.5934874006787186,2.4274275302886963,3.1278738435709252,3.721361244249644,45.0,14.519121408462524,0.3226471424102783,1.28828763961792,4.17290309270223,4.495550235112508,108.88361811637878,204.0,565
run1_g3_g3_4,2.5889228232927843,0.09983709509874984,0,553.0,816.4828318357468,1.4764608170628333,3.2051174640655518,0.0,1.4764608170628333,156.0,92.73410189151764,0.594449371099472,2.410245656967163,3.186401918148383,3.780851289247855,44.0,14.027280807495117,0.3188018365339799,1.28828763961792,4.160575714978305,4.479377551512285,106.76138269901276,200.0,554
run1_g3_g3_5,-0.618203151024463,-3.2985060497814,1,553.0,815.372555732727,1.4744530845076438,3.2051174640655518,0.0,1.4744530845076438,152.0,86.89842104911804,0.5717001384810397,2.410245656967163,3.2126027486826243,3.784302887163664,44.0,12.982282876968384,0.29505188356746326,1.28828763961792,4.250138700008392,4.545190583575856,99.88070392608643,196.0,554
run1_g3_g3_6,3.2979500083688738,-1.8296534250211338,0,557.0,821.8222947120667,1.4754439761437463,3.2051174640655518,0.0,1.4754439761437463,158.0,94.96575665473938,0.6010490927515151,2.410245656967163,3.1593384863455083,3.7603875790970234,46.0,13.230069875717163,0.28761021468950354,0.8751273155212402,4.223970547966335,4.511580762655838,108.19582653045654,204.0,558
run1_g3_g3_7,1.7556030490189085,0.4375559352901464,2,552.0,815.5405654907227,1.4774285606715991,3.2051174640655518,0.0,1.4774285606715991,157.0,92.48665189743042,0.5890869547607033,2.870814323425293,3.2146117353135613,3.8036986900742646,48.0,14.158738374710083,0.2949737161397934,1.28828763961792,4.173785865306854,4.468759581446648,106.6453902721405,205.0,553
run1_g3_g3_8,1.8056742827125771,-1.5334762691524604,0,553.0,816.4183490276337,1.4763442116232073,3.2207815647125244,0.0,1.4763442116232073,155.0,90.78252589702606,0.5856937154646843,2.0924081802368164,3.183800962663466,3.7694946781281504,49.0,14.792971849441528,0.3018973846824802,0.8472099304199219,4.278933890011846,4.580831274694326,105.57549774646759,204.0,554
run1_g3_g3_9,3.741377329794698,-0.6365238683021308,0,558.0,823.4588251113892,1.4757326614899446,3.2051174640655518,0.0,1.4757326614899446,158.0,93.43199741840363,0.5913417558126812,2.410245656967163,3.179487458512753,3.770829214325434,44.0,13.909262418746948,0.316119600426067,1.28828763961792,4.1638113260269165,4.479930926452983,107.34125983715057,202.0,559
run1_g4_g4_0,1.8056742827125771,-1.5334762691524604,0,553.0,816.4183490276337,1.4763442116232073,3.2207815647125244,0.0,1.4763442116232073,155.0,90.78252589702606,0.5856937154646843,2.0924081802368164,3.183800962663466,3.7694946781281504,49.0,14.792971849441528,0.3018973846824802,0.8472099304199219,4.278933890011846,4.580831274694326,105.57549774646759,204.0,554
run1_g4_g4_1,2.1670792957064444,0.1835931686490287,0,555.0,819.9447777271271,1.4773779778867155,3.2207815647125244,0.0,1.4773779778867155,154.0,91.28421115875244,0.5927546179139769,2.410245656967163,3.193314474898499,3.7860690928124763,45.0,14.05765438079834,0.31239231957329644,1.28828763961792,4.147030931048923,4.459423250622219,105.34186553955078,199.0,556
run1_g4_g4_10,2.5889228232927843,0.09983709509874984,0,553.0,816.4828318357468,1.4764608170628333,3.2051174640655518,0.0,1.4764608170628333,156.0,92.73410189151764,0.594449371099472,2.410245656967163,3.186401918148383,3.780851289247855,44.0,14.027280807495117,0.3188018365339799,1.28828763961792,4.160575714978305,4.479377551512285,106.76138269901276,200.0,554
run1_g4_g4_11,-1.918406967524542,1.0313304920828834,2,547.0,808.3684504032135,1.4778216643568802,3.2051174640655518,0.0,1.4778216643568802,148.0,91.04268944263458,0.6151533070448283,2.870814323425293,3.217159856815596,3.832313163860424,48.0,13.7289719581604,0.2860202491283417,0.8472099304199219,4.285289878646533,4.571310127774875,104.77166140079498,196.0,548
run1_g4_g4_12,-1.249078201639371,-1.6235391397432795,1,553.0,816.0603412389755,1.4756968196003175,3.2051174640655518,0.0,1.4756968196003175,147.0,88.43827509880066,0.6016209190394602,2.4274275302886963,3.200194144735531,3.801815063774991,47.0,13.40431523323059,0.2851981964517147,0.8472099304199219,4.300471173956039,4.585669370407754,101.84259033203125,194.0,554
run1_g4_g4_13,5.009523029270521,-0.9812164679720475,0,561.0,826.7778928279877,1.4737573847201206,3.2051174640655518,0.0,1.4737573847201206,158.0,93.6789585351944,0.5929048008556608,2.410245656967163,3.1781676894501794,3.77107249030584,45.0,14.157074451446533,0.3146016544765896,1.28828763961792,4.127041069666545,4.441642724143135,107.83603298664093,203.0,562
run1_g4_g4_14,0.3084174926375078,-2.0103072526893477,2,551.0,813.463173031807,1.4763396969724265,3.2051174640655518,0.0,1.4763396969724265,157.0,90.674440741539,0.5775442085448345,2.410245656967163,3.2246887691461357,3.80223297769097,44.0,13.282289505004883,0.30187021602283826,1.28828763961792,4.23482993516055,4.536700151183388,103.95673024654388,201.0,552
run1_g4_g4_15,2.1670792957064444,0.1835931686490287,0,555.0,819.9447777271271,1.4773779778867155,3.2207815647125244,0.0,1.4773779778867155,154.0,91.28421115875244,0.5927546179139769,2.410245656967163,3.193314474898499,3.7860690928124763,45.0,14.05765438079834,0.31239231957329644,1.28828763961792,4.147030931048923,4.459423250622219,105.34186553955078,199.0,556
run1_g4_g4_16,2.1670792957064444,0.1835931686490287,0,555.0,819.9447777271271,1.4773779778867155,3.2207815647125244,0.0,1.4773779778867155,154.0,91.28421115875244,0.5927546179139769,2.410245656967163,3.193314474898499,3.7860690928124763,45.0,14.05765438079834,0.31239231957329644,1.28828763961792,4.147030931048923,4.459423250622219,105.34186553955078,199.0,556
run1_g4_g4_17,4.1503011239010785,-1.9853501855567237,0,559.0,823.9750012159348,1.4740161023540872,3.2051174640655518,0.0,1.4740161023540872,158.0,94.13439106941223,0.5957872852494445,2.3385000228881836,3.1549843942062763,3.750771679455721,48.0,14.167476177215576,0.29515575369199115,0.8472099304199219,4.2524580756823225,4.547613829374313,108.30186724662781,206.0,560
run1_g4_g4_18,5.3601752099388795,-1.5215042456168968,0,560.0,825.8234490156174,1.474684730385031,3.2051174640655518,0.0,1.474684730385031,161.0,93.77317106723785,0.5824420563182475,2.0924081802368164,3.170213914806058,3.7526559711243053,46.0,14.683403730392456,0.31920442892157513,1.28828763961792,4.187870150027067,4.507074578948643,108.45657479763031,207.0,561
run1_g4_g4_19,6.192345324618082,-1.7796489271702625,0,566.0,834.7421725988388,1.4748094922240969,3.2051174640655518,0.0,1.4748094922240969,163.0,94.43106269836426,0.5793316729960998,2.410245656967163,3.1940476119152605,3.7733792849113605,46.0,14.221220016479492,0.30915695687998895,1.28828763961792,4.1113956959351246,4.420552652815114,108.65228271484375,209.0,567
run1_g4_g4_2,2.1670792957064444,0.1835931686490287,0,555.0,819.9447777271271,1.4773779778867155,3.2207815647125244,0.0,1.4773779778867155,154.0,91.28421115875244,0.5927546179139769,2.410245656967163,3.193314474898499,3.7860690928124763,45.0,14.05765438079834,0.31239231957329644,1.28828763961792,4.147030931048923,4.459423250622219,105.34186553955078,199.0,556
run1_g4_g4_20,5.362231588741166,-1.0604895101003022,0,560.0,826.4532297849655,1.4758093389017242,3.2051174640655518,0.0,1.4758093389017242,160.0,92.92183816432953,0.5807614885270596,2.0924081802368164,3.1738253213465213,3.754586809873581,49.0,15.196746826171875,0.31013769033003824,1.28828763961792,4.178409172564137,4.488546862894175,108.1185849905014,209.0,561
run1_g4_g4_21,0.3290720074247115,-2.49066019421682,0,552.0,813.1030895709991,1.473012843425723,3.075467348098755,0.0,1.473012843425723,147.0,88.55685842037201,0.6024276083018504,2.410245656967163,3.1812764552174784,3.7837040635193286,46.0,13.414396286010742,0.2916173105654509,0.8472099304199219,4.217139238896578,4.508756549462028,101.97125470638275,193.0,553
run1_g4_g4_22,-0.618203151024463,-3.2985060497814,1,553.0,815.372555732727,1.4744530845076438,3.2051174640655518,0.0,1.4744530845076438,152.0,86.89842104911804,0.5717001384810397,2.410245656967163,3.2126027486826243,3.784302887163664,44.0,12.982282876968384,0.29505188356746326,1.28828763961792,4.250138700008392,4.545190583575856,99.88070392608643,196.0,554
run1_g4_g4_23,-3.541039512081985,1.2782910540568784,1,543.0,803.6664754152298,1.480048757670773,3.2207815647125244,0.0,1.480048757670773,147.0,90.06708657741547,0.6127012692341188,2.4274275302886963,3.2186363562434708,3.8313376254775897,44.0,13.655216932296753,0.31034583937038074,0.8472099304199219,4.33445790680972,4.644803746180101,103.72230350971222,191.0,544
run1_g4_g4_24,3.1754070501356204,-1.4480139693167673,0,560.0,826.0826569795609,1.4751476017492158,3.2051174640655518,0.0,1.4751476017492158,156.0,91.47475099563599,0.5863766089463845,2.410245656967163,3.1962501330253406,3.782626741971725,45.0,13.784862041473389,0.3063302675882975,1.28828763961792,4.154912159177992,4.461242426766289,105.25961303710938,201.0,561
run1_g4_g4_3,3.437707781911817,-1.2700902530094969,0,557.0,820.8472031354904,1.473693362900342,3.2051174640655518,0.0,1.473693362900342,155.0,91.73654556274414,0.5918486810499622,2.410245656967163,3.162744572854811,3.7545932539047735,44.0,13.77941632270813,0.3131685527888211,1.28828763961792,4.1665940284729,4.479762581261721,105.51596188545227,199.0,558
run1_g4_g4_4,1.3189042406866514,-0.2518727414199739,2,552.0,815.4450908899307,1.4772555994382803,3.2207815647125244,0.0,1.4772555994382803,155.0,91.62801277637482,0.5911484695249988,2.410245656967163,3.19821628832048,3.7893647578454788,44.0,13.68575644493103,0.31103991920297797,1.28828763961792,4.186526141383431,4.497566060586409,105.31376922130585,199.0,553
run1_g4_g4_5,1.8056742827125771,-1.5334762691524604,0,553.0,816.4183490276337,1.4763442116232073,3.2207815647125244,0.0,1.4763442116232073,155.0,90.78252589702606,0.5856937154646843,2.0924081802368164,3.183800962663466,3.7694946781281504,49.0,14.792971849441528,0.3018973846824802,0.8472099304199219,4.278933890011846,4.580831274694326,105.57549774646759,204.0,554
run1_g4_g4_6,5.29988145146713,-0.8109450992421715,0,559.0,824.5433533191681,1.4750328324135387,3.2051174640655518,0.0,1.4750328324135387,158.0,93.91245174407959,0.5943826059751873,2.0924081802368164,3.15986445282079,3.7542470587959773,53.0,15.313611507415771,0.28893606617765605,1.28828763961792,4.242620144250258,4.531556210427914,109.22606325149536,211.0,560
run1_g4_g4_7,2.1670792957064444,0.1835931686490287,0,555.0,819.9447777271271,1.4773779778867155,3.2207815647125244,0.0,1.4773779778867155,154.0,91.28421115875244,0.5927546179139769,2.410245656967163,3.193314474898499,3.7860690928124763,45.0,14.05765438079834,0.31239231957329644,1.28828763961792,4.147030931048923,4.459423250622219,105.34186553955078,199.0,556
run1_g4_g4_8,2.152220438104034,0.24499221556599118,0,554.0,818.0969113111496,1.4767092261934107,3.2207815647125244,0.0,1.4767092261934107,154.0,91.2469733953476,0.5925128142555038,2.410245656967163,3.2007240312440053,3.7932368454995093,46.0,14.400975465774536,0.31306468403857685,1.28828763961792,4.160026835358662,4.473091519397238,105.64794886112213,200.0,555
run1_g4_g4_9,1.7556030490189085,0.4375559352901464,2,552.0,815.5405654907227,1.4774285606715991,3.2051174640655518,0.0,1.4774285606715991,157.0,92.48665189743042,0.5890869547607033,2.870814323425293,3.2146117353135613,3.8036986900742646,48.0,14.158738374710083,0.2949737161397934,1.28828763961792,4.173785865306854,4.468759581446648,106.6453902721405,205.0,553
run1_g5_g5_0,0.3084174926375078,-2.0103072526893477,2,551.0,813.463173031807,1.4763396969724265,3.2051174640655518,0.0,1.4763396969724265,157.0,90.674440741539,0.5775442085448345,2.410245656967163,3.2246887691461357,3.80223297769097,44.0,13.282289505004883,0.30187021602283826,1.28828763961792,4.23482993516055,4.536700151183388,103.95673024654388,201.0,552
run1_g5_g5_1,1.8056742827125771,-1.5334762691524604,0,553.0,816.4183490276337,1.4763442116232073,3.2207815647125244,0.0,1.4763442116232073,155.0,90.78252589702606,0.5856937154646843,2.0924081802368164,3.183800962663466,3.7694946781281504,49.0,14.792971849441528,0.3018973846824802,0.8472099304199219,4.278933890011846,4.580831274694326,105.57549774646759,204.0,554
run1_g5_g5_10,1.8056742827125771,-1.5334762691524604,0,553.0,816.4183490276337,1.4763442116232073,3.2207815647125244,0.0,1.4763442116232073,155.0,90.78252589702606,0.5856937154646843,2.0924081802368164,3.183800962663466,3.7694946781281504,49.0,14.792971849441528,0.3018973846824802,0.8472099304199219,4.278933890011846,4.580831274694326,105.57549774646759,204.0,554
run1_g5_g5_11,-0.618203151024463,-3.2985060497814,1,553.0,815.372555732727,1.4744530845076438,3.2051174640655518,0.0,1.4744530845076438,152.0,86.89842104911804,0.5717001384810397,2.410245656967163,3.2126027486826243,3.784302887163664,44.0,12.982282876968384,0.29505188356746326,1.28828763961792,4.250138700008392,4.545190583575856,99.88070392608643,196.0,554
run1_g5_g5_12,1.7556030490189085,0.4375559352901464,2,552.0,815.5405654907227,1.4774285606715991,3.2051174640655518,0.0,1.4774285606715991,157.0,92.48665189743042,0.5890869547607033,2.870814323425293,3.2146117353135613,3.8036986900742646,48.0,14.158738374710083,0.2949737161397934,1.28828763961792,4.173785865306854,4.468759581446648,106.6453902721405,205.0,553
run1_g5_g5_13,-1.918406967524542,1.0313304920828834,2,547.0,808.3684504032135,1.4778216643568802,3.2051174640655518,0.0,1.4778216643568802,148.0,91.04268944263458,0.6151533070448283,2.870814323425293,3.217159856815596,3.832313163860424,48.0,13.7289719581604,0.2860202491283417,0.8472099304199219,4.285289878646533,4.571310127774875,104.77166140079498,196.0,548
run1_g5_g5_14,-3.430312798873651,-0.805243733642071,1,546.0,807.1237152814865,1.4782485627866053,3.2207815647125244,0.0,1.4782485627866053,147.0,88.48993074893951,0.6019723180199967,2.410245656967163,3.2114240450112996,3.8133963630312966,43.0,12.752733945846558,0.2965752080429432,0.9367504119873047,4.316940939703653,4.613516147746596,101.24266469478607,190.0,547
run1_g5_g5_15,2.152220438104034,0.24499221556599118,0,554.0,818.0969113111496,1.4767092261934107,3.2207815647125244,0.0,1.4767092261934107,154.0,91.2469733953476,0.5925128142555038,2.410245656967163,3.2007240312440053,3.7932368454995093,46.0,14.400975465774536,0.31306468403857685,1.28828763961792,4.160026835358662,4.473091519397238,105.64794886112213,200.0,555
run1_g5_g5_16,5.009523029270521,-0.9812164679720475,0,561.0,826.7778928279877,1.4737573847201206,3.2051174640655518,0.0,1.4737573847201206,158.0,93.6789585351944,0.5929048008556608,2.410245656967163,3.1781676894501794,3.77107249030584,45.0,14.157074451446533,0.3146016544765896,1.28828763961792,4.127041069666545,4.441642724143135,107.83603298664093,203.0,562
run1_g5_g5_17,0.8285941155988187,-4.826345220569922,0,556.0,818.2079830169678,1.4715970917571364,3.075467348098755,0.0,1.4715970917571364,155.0,88.68636345863342,0.572170086829893,2.410245656967163,3.2264983654022217,3.7986684522321146,44.0,12.912257432937622,0.29346039620312775,1.28828763961792,4.251730187372728,4.545190583575856,101.59862089157104,199.0,557
run1_g5_g5_18,2.5889228232927843,0.09983709509874984,0,553.0,816.4828318357468,1.4764608170628333,3.2051174640655518,0.0,1.4764608170628333,156.0,92.73410189151764,0.594449371099472,2.410245656967163,3.186401918148383,3.780851289247855,44.0,14.027280807495117,0.3188018365339799,1.28828763961792,4.160575714978305,4.479377551512285,106.76138269901276,200.0,554
run1_g5_g5_19,3.437707781911817,-1.2700902530094969,0,557.0,820.8472031354904,1.473693362900342,3.2051174640655518,0.0,1.473693362900342,155.0,91.73654556274414,0.5918486810499622,2.410245656967163,3.162744572854811,3.7545932539047735,44.0,13.77941632270813,0.3131685527888211,1.28828763961792,4.1665940284729,4.479762581261721,105.51596188545227,199.0,558
run1_g5_g5_2,2.1670792957064444,0.1835931686490287,0,555.0,819.9447777271271,1.4773779778867155,3.2207815647125244,0.0,1.4773779778867155,154.0,91.28421115875244,0.5927546179139769,2.410245656967163,3.193314474898499,3.7860690928124763,45.0,14.05765438079834,0.31239231957329644,1.28828763961792,4.147030931048923,4.459423250622219,105.34186553955078,199.0,556
run1_g5_g5_20,2.1670792957064444,0.1835931686490287,0,555.0,819.9447777271271,1.4773779778867155,3.2207815647125244,0.0,1.4773779778867155,154.0,91.28421115875244,0.5927546179139769,2.410245656967163,3.193314474898499,3.7860690928124763,45.0,14.05765438079834,0.31239231957329644,1.28828763961792,4.147030931048923,4.459423250622219,105.34186553955078,199.0,556
run1_g5_g5_21,2.8401817483583205,1.0854738621772888,2,560.0,827.6935449838638,1.4780241874711855,3.2051174640655518,0.0,1.4780241874711855,158.0,93.59069871902466,0.5923461944242067,2.870814323425293,3.2287398380569265,3.821086032481133,50.0,14.972281217575073,0.29944562435150146,1.28828763961792,4.224742631912232,4.5241882562637326,108.56297993659973,208.0,561
run1_g5_g5_22,2.8645381717623097,-1.0689875960896573,0,554.0,818.11869764328,1.4767485517026715,3.2207815647125244,0.0,1.4767485517026715,157.0,92.16243541240692,0.5870218816076874,2.0924081802368164,3.1795524981371157,3.766574379744803,52.0,15.391782522201538,0.29599581773464495,0.8472099304199219,4.294592907795539,4.590588725530184,107.55421793460846,209.0,555
run1_g5_g5_23,3.039235609213065,0.697274837937323,0,557.0,823.1973749399185,1.477912701866999,3.370624303817749,0.0,1.477912701866999,159.0,93.71549475193024,0.5894056273706304,2.410245656967163,3.208495908563242,3.7979015359338724,45.0,14.175672769546509,0.31501495043436684,1.28828763961792,4.143867222468058,4.458882172902425,107.89116752147675,204.0,558
run1_g5_g5_24,2.927704521938975,-0.9488870771987856,0,554.0,817.4922701120377,1.4756178160867106,3.2207815647125244,0.0,1.4756178160867106,156.0,93.68031799793243,0.6005148589611053,2.0924081802368164,3.1922346498721685,3.792749508833274,47.0,13.864638090133667,0.294992299790078,1.28828763961792,4.186675264480266,4.481667564270344,107.5449560880661,203.0,555
run1_g5_g5_3,5.362231588741166,-1.0604895101003022,0,560.0,826.4532297849655,1.4758093389017242,3.2051174640655518,0.0,1.4758093389017242,160.0,92.92183816432953,0.5807614885270596,2.0924081802368164,3.1738253213465213,3.754586809873581,49.0,15.196746826171875,0.31013769033003824,1.28828763961792,4.178409172564137,4.488546862894175,108.1185849905014,209.0,561
run1_g5_g5_4,2.1670792957064444,0.1835931686490287,0,555.0,819.9447777271271,1.4773779778867155,3.2207815647125244,0.0,1.4773779778867155,154.0,91.28421115875244,0.5927546179139769,2.410245656967163,3.193314474898499,3.7860690928124763,45.0,14.05765438079834,0.31239231957329644,1.28828763961792,4.147030931048923,4.459423250622219,105.34186553955078,199.0,556
run1_g5_g5_5,-0.3263746532170871,-0.11153497569408995,2,548.0,810.4152146577835,1.4788598807623787,3.2207815647125244,0.0,1.4788598807623787,156.0,92.8685611486435,0.5953112894143814,2.410245656967163,3.2230124313097734,3.818323720724155,43.0,13.099228858947754,0.30463322927785474,1.28828763961792,4.232450718103453,4.537083947381308,105.96779000759125,199.0,549
run1_g5_g5_6,1.8056742827125771,-1.5334762691524604,0,553.0,816.4183490276337,1.4763442116232073,3.2207815647125244,0.0,1.4763442116232073,155.0,90.78252589702606,0.5856937154646843,2.0924081802368164,3.183800962663466,3.7694946781281504,49.0,14.792971849441528,0.3018973846824802,0.8472099304199219,4.278933890011846,4.580831274694326,105.57549774646759,204.0,554
run1_g5_g5_7,0.3084174926375078,-2.0103072526893477,2,551.0,813.463173031807,1.4763396969724265,3.2051174640655518,0.0,1.4763396969724265,157.0,90.674440741539,0.5775442085448345,2.410245656967163,3.2246887691461357,3.80223297769097,44.0,13.282289505004883,0.30187021602283826,1.28828763961792,4.23482993516055,4.536700151183388,103.95673024654388,201.0,552
run1_g5_g5_8,1.3189042406866514,-0.2518727414199739,2,552.0,815.4450908899307,1.4772555994382803,3.2207815647125244,0.0,1.4772555994382803,155.0,91.62801277637482,0.5911484695249988,2.410245656967163,3.19821628832048,3.7893647578454788,44.0,13.68575644493103,0.31103991920297797,1.28828763961792,4.186526141383431,4.497566060586409,105.31376922130585,199.0,553
run1_g5_g5_9,2.1670792957064444,0.1835931686490287,0,555.0,819.9447777271271,1.4773779778867155,3.2207815647125244,0.0,1.4773779778867155,154.0,91.28421115875244,0.5927546179139769,2.410245656967163,3.193314474898499,3.7860690928124763,45.0,14.05765438079834,0.31239231957329644,1.28828763961792,4.147030931048923,4.459423250622219,105.34186553955078,199.0,556
run1_g6_g6_0,-0.3263746532170871,-0.11153497569408995,2,548.0,810.4152146577835,1.4788598807623787,3.2207815647125244,0.0,1.4788598807623787,156.0,92.8685611486435,0.5953112894143814,2.410245656967163,3.2230124313097734,3.818323720724155,43.0,13.099228858947754,0.30463322927785474,1.28828763961792,4.232450718103453,4.537083947381308,105.96779000759125,199.0,549
run1_g6_g6_1,0.3084174926375078,-2.0103072526893477,2,551.0,813.463173031807,1.4763396969724265,3.2051174640655518,0.0,1.4763396969724265,157.0,90.674440741539,0.5775442085448345,2.410245656967163,3.2246887691461357,3.80223297769097,44.0,13.282289505004883,0.30187021602283826,1.28828763961792,4.23482993516055,4.536700151183388,103.95673024654388,201.0,552
run1_g6_g6_10,3.437707781911817,-1.2700902530094969,0,557.0,820.8472031354904,1.473693362900342,3.2051174640655518,0.0,1.473693362900342,155.0,91.73654556274414,0.5918486810499622,2.410245656967163,3.162744572854811,3.7545932539047735,44.0,13.77941632270813,0.3131685527888211,1.28828763961792,4.1665940284729,4.479762581261721,105.51596188545227,199.0,558
run1_g6_g6_11,1.8056742827125771,-1.5334762691524604,0,553.0,816.4183490276337,1.4763442116232073,3.2207815647125244,0.0,1.4763442116232073,155.0,90.78252589702606,0.5856937154646843,2.0924081802368164,3.183800962663466,3.7694946781281504,49.0,14.792971849441528,0.3018973846824802,0.8472099304199219,4.278933890011846,4.580831274694326,105.57549774646759,204.0,554
run1_g6_g6_12,3.7766463316963224,-1.315317525497558,0,557.0,821.2115250825882,1.474347441799979,3.2051174640655518,0.0,1.474347441799979,157.0,91.93788528442383,0.5855916260154383,2.410245656967163,3.1729223758551726,3.758514001870611,45.0,14.015997886657715,0.31146661970350475,1.28828763961792,4.1515894995795355,4.46305611928304,105.95388317108154,202.0,558
run1_g6_g6_13,-0.3263746532170871,-0.11153497569408995,2,548.0,810.4152146577835,1.4788598807623787,3.2207815647125244,0.0,1.4788598807623787,156.0,92.8685611486435,0.5953112894143814,2.410245656967163,3.2230124313097734,3.818323720724155,43.0,13.099228858947754,0.30463322927785474,1.28828763961792,4.232450718103453,4.537083947381308,105.96779000759125,199.0,549
run1_g6_g6_14,2.1670792957064444,0.1835931686490287,0,555.0,819.9447777271271,1.4773779778867155,3.2207815647125244,0.0,1.4773779778867155,154.0,91.28421115875244,0.5927546179139769,2.410245656967163,3.193314474898499,3.7860690928124763,45.0,14.05765438079834,0.31239231957329644,1.28828763961792,4.147030931048923,4.459423250622219,105.34186553955078,199.0,556
run1_g6_g6_15,5.009523029270521,-0.9812164679720475,0,561.0,826.7778928279877,1.4737573847201206,3.2051174640655518,0.0,1.4737573847201206,158.0,93.6789585351944,0.5929048008556608,2.410245656967163,3.1781676894501794,3.77107249030584,45.0,14.157074451446533,0.3146016544765896,1.28828763961792,4.127041069666545,4.441642724143135,107.83603298664093,203.0,562
run1_g6_g6_16,-0.358199310070024,0.8722032494458981,2,552.0,817.5463424921036,1.481062214659608,3.370624303817749,0.0,1.481062214659608,153.0,89.40535056591034,0.584348696509218,2.410245656967163,3.2354371789234135,3.8197858754326317,45.0,13.605180263519287,0.3023373391893175,1.28828763961792,4.122723070780436,4.4250604099697535,103.01053082942963,198.0,553
run1_g6_g6_17,5.362231588741166,-1.0604895101003022,0,560.0,826.4532297849655,1.4758093389017242,3.2051174640655518,0.0,1.4758093389017242,160.0,92.92183816432953,0.5807614885270596,2.0924081802368164,3.1738253213465213,3.754586809873581,49.0,15.196746826171875,0.31013769033003824,1.28828763961792,4.178409172564137,4.488546862894175,108.1185849905014,209.0,561
run1_g6_g6_18,1.2894561921957806,-2.037782184297568,0,550.0,812.0306832790375,1.4764194241437045,3.2051174640655518,0.0,1.4764194241437045,159.0,92.42092335224152,0.5812636688820221,2.410245656967163,3.2056676749163455,3.7869313437983676,46.0,13.21000337600708,0.2871739864349365,1.28828763961792,4.224727324817492,4.511901311252428,105.6309267282486,205.0,551
run1_g6_g6_19,1.8056742827125771,-1.5334762691524604,0,553.0,816.4183490276337,1.4763442116232073,3.2207815647125244,0.0,1.4763442116232073,155.0,90.78252589702606,0.5856937154646843,2.0924081802368164,3.183800962663466,3.7694946781281504,49.0,14.792971849441528,0.3018973846824802,0.8472099304199219,4.278933890011846,4.580831274694326,105.57549774646759,204.0,554
run1_g6_g6_2,2.152220438104034,0.24499221556599118,0,554.0,818.0969113111496,1.4767092261934107,3.2207815647125244,0.0,1.4767092261934107,154.0,91.2469733953476,0.5925128142555038,2.410245656967163,3.2007240312440053,3.7932368454995093,46.0,14.400975465774536,0.31306468403857685,1.28828763961792,4.160026835358662,4.473091519397238,105.64794886112213,200.0,555
run1_g6_g6_20,1.3189042406866514,-0.2518727414199739,2,552.0,815.4450908899307,1.4772555994382803,3.2207815647125244,0.0,1.4772555994382803,155.0,91.62801277637482,0.5911484695249988,2.410245656967163,3.19821628832048,3.7893647578454788,44.0,13.68575644493103,0.31103991920297797,1.28828763961792,4.186526141383431,4.497566060586409,105.31376922130585,199.0,553
run1_g6_g6_21,0.3944202830142694,-4.91699644585542,0,553.0,813.6712056398392,1.471376502061192,3.075467348098755,0.0,1.471376502061192,156.0,89.1553635597229,0.5715087407674545,2.410245656967163,3.223496566980313,3.7950053077477675,43.0,12.787113666534424,0.2973747364310331,1.28828763961792,4.281926509945891,4.579301246376925,101.94247722625732,199.0,554
run1_g6_g6_22,2.927704521938975,-0.9488870771987856,0,554.0,817.4922701120377,1.4756178160867106,3.2207815647125244,0.0,1.4756178160867106,156.0,93.68031799793243,0.6005148589611053,2.0924081802368164,3.1922346498721685,3.792749508833274,47.0,13.864638090133667,0.294992299790078,1.28828763961792,4.186675264480266,4.481667564270344,107.5449560880661,203.0,555
run1_g6_g6_23,0.3084174926375078,-2.0103072526893477,2,551.0,813.463173031807,1.4763396969724265,3.2051174640655518,0.0,1.4763396969724265,157.0,90.674440741539,0.5775442085448345,2.410245656967163,3.2246887691461357,3.80223297769097,44.0,13.282289505004883,0.30187021602283826,1.28828763961792,4.23482993516055,4.536700151183388,103.95673024654388,201.0,552
run1_g6_g6_24,0.3084174926375078,-2.0103072526893477,2,551.0,813.463173031807,1.4763396969724265,3.2051174640655518,0.0,1.4763396969724265,157.0,90.674440741539,0.5775442085448345,2.410245656967163,3.2246887691461357,3.80223297769097,44.0,13.282289505004883,0.30187021602283826,1.28828763961792,4.23482993516055,4.536700151183388,103.95673024654388,201.0,552
run1_g6_g6_3,2.1670792957064444,0.1835931686490287,0,555.0,819.9447777271271,1.4773779778867155,3.2207815647125244,0.0,1.4773779778867155,154.0,91.28421115875244,0.5927546179139769,2.410245656967163,3.193314474898499,3.7860690928124763,45.0,14.05765438079834,0.31239231957329644,1.28828763961792,4.147030931048923,4.459423250622219,105.34186553955078,199.0,556
run1_g6_g6_4,-3.430312798873651,-0.805243733642071,1,546.0,807.1237152814865,1.4782485627866053,3.2207815647125244,0.0,1.4782485627866053,147.0,88.48993074893951,0.6019723180199967,2.410245656967163,3.2114240450112996,3.8133963630312966,43.0,12.752733945846558,0.2965752080429432,0.9367504119873047,4.316940939703653,4.613516147746596,101.24266469478607,190.0,547
run1_g6_g6_5,2.111914619443076,-2.2451954245575063,0,552.0,814.2297577857971,1.4750539090322412,3.1219027042388916,0.0,1.4750539090322412,157.0,92.61074340343475,0.5898773465186927,2.4274275302886963,3.186371636998122,3.7762489835168145,44.0,13.398094415664673,0.30450214581056073,0.8472099304199219,4.185044077309695,4.489546223120256,106.00883781909943,201.0,553
run1_g6_g6_6,-0.4447733983992847,0.12958111229570662,2,552.0,815.0309644937515,1.4765053704596949,3.2207815647125244,0.0,1.4765053704596949,150.0,90.83953130245209,0.6055968753496805,2.240664482116699,3.193265639146169,3.7988625144958497,46.0,14.320125818252563,0.31130708300549054,1.223414421081543,4.381401041279668,4.692708124285159,105.15965712070465,196.0,553
run1_g6_g6_7,0.8285941155988187,-4.826345220569922,0,556.0,818.2079830169678,1.4715970917571364,3.075467348098755,0.0,1.4715970917571364,155.0,88.68636345863342,0.572170086829893,2.410245656967163,3.2264983654022217,3.7986684522321146,44.0,12.912257432937622,0.29346039620312775,1.28828763961792,4.251730187372728,4.545190583575856,101.59862089157104,199.0,557
run1_g6_g6_8,2.1670792957064444,0.1835931686490287,0,555.0,819.9447777271271,1.4773779778867155,3.2207815647125244,0.0,1.4773779778867155,154.0,91.28421115875244,0.5927546179139769,2.410245656967163,3.193314474898499,3.7860690928124763,45.0,14.05765438079834,0.31239231957329644,1.28828763961792,4.147030931048923,4.459423250622219,105.34186553955078,199.0,556
run1_g6_g6_9,-0.9863434480843296,-2.0471127986899726,1,549.0,810.5543135404587,1.4764195146456442,3.2051174640655518,0.0,1.4764195146456442,154.0,89.10439240932465,0.5785999507099003,2.410245656967163,3.230904276494856,3.8095042272047563,45.0,13.261924743652344,0.29470943874782984,1.28828763961792,4.265105406443278,4.559814845191108,102.36631715297699,199.0,550
run1_g7_g7_0,-0.9863434480843296,-2.0471127986899726,1,549.0,810.5543135404587,1.4764195146456442,3.2051174640655518,0.0,1.4764195146456442,154.0,89.10439240932465,0.5785999507099003,2.410245656967163,3.230904276494856,3.8095042272047563,45.0,13.261924743652344,0.29470943874782984,1.28828763961792,4.265105406443278,4.559814845191108,102.36631715297699,199.0,550
run1_g7_g7_1,-0.3263746532170871,-0.11153497569408995,2,548.0,810.4152146577835,1.4788598807623787,3.2207815647125244,0.0,1.4788598807623787,156.0,92.8685611486435,0.5953112894143814,2.410245656967163,3.2230124313097734,3.818323720724155,43.0,13.099228858947754,0.30463322927785474,1.28828763961792,4.232450718103453,4.537083947381308,105.96779000759125,199.0,549
run1_g7_g7_10,2.927704521938975,-0.9488870771987856,0,554.0,817.4922701120377,1.4756178160867106,3.2207815647125244,0.0,1.4756178160867106,156.0,93.68031799793243,0.6005148589611053,2.0924081802368164,3.1922346498721685,3.792749508833274,47.0,13.864638090133667,0.294992299790078,1.28828763961792,4.186675264480266,4.481667564270344,107.5449560880661,203.0,555
run1_g7_g7_11,-1.054788752762645,-2.9313502948008856,1,546.0,804.9589092731476,1.4742837166174865,3.1109073162078857,0.0,1.4742837166174865,154.0,89.70084857940674,0.5824730427234204,2.410245656967163,3.21440208887125,3.7968751315946703,42.0,12.728333473205566,0.30305555888584684,1.28828763961792,4.281484950156439,4.584540509042286,102.4291820526123,196.0,547
run1_g7_g7_12,-0.3263746532170871,-0.11153497569408995,2,548.0,810.4152146577835,1.4788598807623787,3.2207815647125244,0.0,1.4788598807623787,156.0,92.8685611486435,0.5953112894143814,2.410245656967163,3.2230124313097734,3.818323720724155,43.0,13.099228858947754,0.30463322927785474,1.28828763961792,4.232450718103453,4.537083947381308,105.96779000759125,199.0,549
run1_g7_g7_13,2.1670792957064444,0.1835931686490287,0,555.0,819.9447777271271,1.4773779778867155,3.2207815647125244,0.0,1.4773779778867155,154.0,91.28421115875244,0.5927546179139769,2.410245656967163,3.193314474898499,3.7860690928124763,45.0,14.05765438079834,0.31239231957329644,1.28828763961792,4.147030931048923,4.459423250622219,105.34186553955078,199.0,556
run1_g7_g7_14,0.3084174926375078,-2.0103072526893477,2,551.0,813.463173031807,1.4763396969724265,3.2051174640655518,0.0,1.4763396969724265,157.0,90.674440741539,0.5775442085448345,2.410245656967163,3.2246887691461357,3.80223297769097,44.0,13.282289505004883,0.30187021602283826,1.28828763961792,4.23482993516055,4.536700151183388,103.95673024654388,201.0,552
run1_g7_g7_15,0.3944202830142694,-4.91699644585542,0,553.0,813.6712056398392,1.471376502061192,3.075467348098755,0.0,1.471376502061192,156.0,89.1553635597229,0.5715087407674545,2.410245656967163,3.223496566980313,3.7950053077477675,43.0,12.787113666534424,0.2973747364310331,1.28828763961792,4.281926509945891,4.579301246376925,101.94247722625732,199.0,554
run1_g7_g7_16,0.8285941155988187,-4.826345220569922,0,556.0,818.2079830169678,1.4715970917571364,3.075467348098755,0.0,1.4715970917571364,155.0,88.68636345863342,0.572170086829893,2.410245656967163,3.2264983654022217,3.7986684522321146,44.0,12.912257432937622,0.29346039620312775,1.28828763961792,4.251730187372728,4.545190583575856,101.59862089157104,199.0,557
run1_g7_g7_17,0.3084174926375078,-2.0103072526893477,2,551.0,813.463173031807,1.4763396969724265,3.2051174640655518,0.0,1.4763396969724265,157.0,90.674440741539,0.5775442085448345,2.410245656967163,3.2246887691461357,3.80223297769097,44.0,13.282289505004883,0.30187021602283826,1.28828763961792,4.23482993516055,4.536700151183388,103.95673024654388,201.0,552
run1_g7_g7_18,5.362231588741166,-1.0604895101003022,0,560.0,826.4532297849655,1.4758093389017242,3.2051174640655518,0.0,1.4758093389017242,160.0,92.92183816432953,0.5807614885270596,2.0924081802368164,3.1738253213465213,3.754586809873581,49.0,15.196746826171875,0.31013769033003824,1.28828763961792,4.178409172564137,4.488546862894175,108.1185849905014,209.0,561
run1_g7_g7_19,-1.6397155611601864,-3.7769118449282173,1,547.0,806.9015176296234,1.4751398859773737,3.1151397228240967,0.0,1.4751398859773737,154.0,87.89638590812683,0.5707557526501742,2.410245656967163,3.2321419050167135,3.8028976576668874,43.0,12.524212837219238,0.29126076365626136,1.28828763961792,4.260621519975884,4.551882283632145,100.42059874534607,197.0,548
run1_g7_g7_2,3.7766463316963224,-1.315317525497558,0,557.0,821.2115250825882,1.474347441799979,3.2051174640655518,0.0,1.474347441799979,157.0,91.93788528442383,0.5855916260154383,2.410245656967163,3.1729223758551726,3.758514001870611,45.0,14.015997886657715,0.31146661970350475,1.28828763961792,4.1515894995795355,4.46305611928304,105.95388317108154,202.0,558
run1_g7_g7_20,5.216144047562058,-1.2372810431274552,0,560.0,826.6579878330231,1.4761749782732554,3.2051174640655518,0.0,1.4761749782732554,160.0,92.6471300125122,0.5790445625782012,2.0924081802368164,3.181185929477215,3.760230492055416,50.0,15.130983829498291,0.3026196765899658,1.28828763961792,4.1691578674316405,4.471777544021607,107.7781138420105,210.0,561
run1_g7_g7_21,0.7127511846900554,-0.5969576899032374,2,552.0,814.284908413887,1.475153819590375,3.2051174640655518,0.0,1.475153819590375,150.0,89.90902924537659,0.5993935283025106,2.4274275302886963,3.1739838139216103,3.773377342224121,47.0,13.924775838851929,0.29627182635855165,1.28828763961792,4.268318500924618,4.564590327283169,103.83380508422852,197.0,553
run1_g7_g7_22,-0.7859626958039256,0.799822853871697,2,552.0,815.2191309928894,1.4768462517987127,3.370624303817749,0.0,1.4768462517987127,148.0,91.76655423641205,0.6200442853811625,2.240664482116699,3.1764335430957176,3.79647782847688,44.0,13.258885383605957,0.30133830417286267,1.223414421081543,4.3265809633515095,4.627919267524373,105.025439620018,192.0,553
run1_g7_g7_23,1.8056742827125771,-1.5334762691524604,0,553.0,816.4183490276337,1.4763442116232073,3.2207815647125244,0.0,1.4763442116232073,155.0,90.78252589702606,0.5856937154646843,2.0924081802368164,3.183800962663466,3.7694946781281504,49.0,14.792971849441528,0.3018973846824802,0.8472099304199219,4.278933890011846,4.580831274694326,105.57549774646759,204.0,554
run1_g7_g7_24,-3.430312798873651,-0.805243733642071,1,546.0,807.1237152814865,1.4782485627866053,3.2207815647125244,0.0,1.4782485627866053,147.0,88.48993074893951,0.6019723180199967,2.410245656967163,3.2114240450112996,3.8133963630312966,43.0,12.752733945846558,0.2965752080429432,0.9367504119873047,4.316940939703653,4.613516147746596,101.24266469478607,190.0,547
run1_g7_g7_3,0.3084174926375078,-2.0103072526893477,2,551.0,813.463173031807,1.4763396969724265,3.2051174640655518,0.0,1.4763396969724265,157.0,90.674440741539,0.5775442085448345,2.410245656967163,3.2246887691461357,3.80223297769097,44.0,13.282289505004883,0.30187021602283826,1.28828763961792,4.23482993516055,4.536700151183388,103.95673024654388,201.0,552
run1_g7_g7_4,5.009523029270521,-0.9812164679720475,0,561.0,826.7778928279877,1.4737573847201206,3.2051174640655518,0.0,1.4737573847201206,158.0,93.6789585351944,0.5929048008556608,2.410245656967163,3.1781676894501794,3.77107249030584,45.0,14.157074451446533,0.3146016544765896,1.28828763961792,4.127041069666545,4.441642724143135,107.83603298664093,203.0,562
run1_g7_g7_5,-0.3263746532170871,-0.11153497569408995,2,548.0,810.4152146577835,1.4788598807623787,3.2207815647125244,0.0,1.4788598807623787,156.0,92.8685611486435,0.5953112894143814,2.410245656967163,3.2230124313097734,3.818323720724155,43.0,13.099228858947754,0.30463322927785474,1.28828763961792,4.232450718103453,4.537083947381308,105.96779000759125,199.0,549
run1_g7_g7_6,-0.9863434480843296,-2.0471127986899726,1,549.0,810.5543135404587,1.4764195146456442,3.2051174640655518,0.0,1.4764195146456442,154.0,89.10439240932465,0.5785999507099003,2.410245656967163,3.230904276494856,3.8095042272047563,45.0,13.261924743652344,0.29470943874782984,1.28828763961792,4.265105406443278,4.559814845191108,102.36631715297699,199.0,550
run1_g7_g7_7,1.8056742827125771,-1.5334762691524604,0,553.0,816.4183490276337,1.4763442116232073,3.2207815647125244,0.0,1.4763442116232073,155.0,90.78252589702606,0.5856937154646843,2.0924081802368164,3.183800962663466,3.7694946781281504,49.0,14.792971849441528,0.3018973846824802,0.8472099304199219,4.278933890011846,4.580831274694326,105.57549774646759,204.0,554
run1_g7_g7_8,-2.1444899982303647,-0.1517311049954921,1,545.0,804.935704946518,1.4769462476082897,3.2051174640655518,0.0,1.4769462476082897,149.0,89.76032638549805,0.6024182978892486,2.4274275302886963,3.229068988121596,3.8314872860108444,45.0,13.363869190216064,0.29697487089369035,1.28828763961792,4.277207745446099,4.574182616339789,103.12419557571411,194.0,546
run1_g7_g7_9,3.437707781911817,-1.2700902530094969,0,557.0,820.8472031354904,1.473693362900342,3.2051174640655518,0.0,1.473693362900342,155.0,91.73654556274414,0.5918486810499622,2.410245656967163,3.162744572854811,3.7545932539047735,44.0,13.77941632270813,0.3131685527888211,1.28828763961792,4.1665940284729,4.479762581261721,105.51596188545227,199.0,558
run1_g8_g8_0,-0.9863434480843296,-2.0471127986899726,1,549.0,810.5543135404587,1.4764195146456442,3.2051174640655518,0.0,1.4764195146456442,154.0,89.10439240932465,0.5785999507099003,2.410245656967163,3.230904276494856,3.8095042272047563,45.0,13.261924743652344,0.29470943874782984,1.28828763961792,4.265105406443278,4.559814845191108,102.36631715297699,199.0,550
run1_g8_g8_1,-0.9863434480843296,-2.0471127986899726,1,549.0,810.5543135404587,1.4764195146456442,3.2051174640655518,0.0,1.4764195146456442,154.0,89.10439240932465,0.5785999507099003,2.410245656967163,3.230904276494856,3.8095042272047563,45.0,13.261924743652344,0.29470943874782984,1.28828763961792,4.265105406443278,4.559814845191108,102.36631715297699,199.0,550
run1_g8_g8_10,-2.0628946269046424,-1.4595973334835568,1,545.0,805.0886214971542,1.4772268284351453,3.2051174640655518,0.0,1.4772268284351453,153.0,90.10848593711853,0.5889443525301865,2.410245656967163,3.239195856393552,3.8281402089237386,43.0,12.689062595367432,0.2950944789620333,1.28828763961792,4.253998135411462,4.549092614373495,102.79754853248596,196.0,546
run1_g8_g8_11,-0.3263746532170871,-0.11153497569408995,2,548.0,810.4152146577835,1.4788598807623787,3.2207815647125244,0.0,1.4788598807623787,156.0,92.8685611486435,0.5953112894143814,2.410245656967163,3.2230124313097734,3.818323720724155,43.0,13.099228858947754,0.30463322927785474,1.28828763961792,4.232450718103453,4.537083947381308,105.96779000759125,199.0,549
run1_g8_g8_12,4.936658272008235,-0.777944425721074,0,558.0,823.5983369350433,1.4759826826792892,3.2051174640655518,0.0,1.4759826826792892,158.0,92.5458242893219,0.5857330651222905,2.0924081802368164,3.169371546069278,3.7551046111915687,50.0,15.130983829498291,0.3026196765899658,1.28828763961792,4.1691578674316405,4.471777544021607,107.67680811882019,208.0,559
run1_g8_g8_13,-0.3263746532170871,-0.11153497569408995,2,548.0,810.4152146577835,1.4788598807623787,3.2207815647125244,0.0,1.4788598807623787,156.0,92.8685611486435,0.5953112894143814,2.410245656967163,3.2230124313097734,3.818323720724155,43.0,13.099228858947754,0.30463322927785474,1.28828763961792,4.232450718103453,4.537083947381308,105.96779000759125,199.0,549
run1_g8_g8_14,2.1670792957064444,0.1835931686490287,0,555.0,819.9447777271271,1.4773779778867155,3.2207815647125244,0.0,1.4773779778867155,154.0,91.28421115875244,0.5927546179139769,2.410245656967163,3.193314474898499,3.7860690928124763,45.0,14.05765438079834,0.31239231957329644,1.28828763961792,4.147030931048923,4.459423250622219,105.34186553955078,199.0,556
run1_g8_g8_15,2.117180094771196,-1.753244640285073,0,554.0,817.0894935131073,1.474890782514634,3.2207815647125244,0.0,1.474890782514634,155.0,93.46038353443146,0.6029702163511707,2.0924081802368164,3.1829195337910807,3.7858897501422515,46.0,13.217635869979858,0.28733991021695343,1.28828763961792,4.24225608162258,4.529595991839534,106.67801940441132,201.0,555
run1_g8_g8_16,0.3084174926375078,-2.0103072526893477,2,551.0,813.463173031807,1.4763396969724265,3.2051174640655518,0.0,1.4763396969724265,157.0,90.674440741539,0.5775442085448345,2.410245656967163,3.2246887691461357,3.80223297769097,44.0,13.282289505004883,0.30187021602283826,1.28828763961792,4.23482993516055,4.536700151183388,103.95673024654388,201.0,552
run1_g8_g8_17,0.3084174926375078,-2.0103072526893477,2,551.0,813.463173031807,1.4763396969724265,3.2051174640655518,0.0,1.4763396969724265,157.0,90.674440741539,0.5775442085448345,2.410245656967163,3.2246887691461357,3.80223297769097,44.0,13.282289505004883,0.30187021602283826,1.28828763961792,4.23482993516055,4.536700151183388,103.95673024654388,201.0,552
run1_g8_g8_18,-0.010448986815810348,-1.511974306372977,2,549.0,810.5917438268661,1.4764876936737088,3.2051174640655518,0.0,1.4764876936737088,156.0,90.92381131649017,0.5828449443364755,2.410245656967163,3.224837444531612,3.8076823888680873,45.0,13.46172285079956,0.2991493966844347,1.28828763961792,4.24884279039171,4.547992187076145,104.38553416728973,201.0,550
run1_g8_g8_19,-1.054788752762645,-2.9313502948008856,1,546.0,804.9589092731476,1.4742837166174865,3.1109073162078857,0.0,1.4742837166174865,154.0,89.70084857940674,0.5824730427234204,2.410245656967163,3.21440208887125,3.7968751315946703,42.0,12.728333473205566,0.30305555888584684,1.28828763961792,4.281484950156439,4.584540509042286,102.4291820526123,196.0,547
run1_g8_g8_2,-0.9863434480843296,-2.0471127986899726,1,549.0,810.5543135404587,1.4764195146456442,3.2051174640655518,0.0,1.4764195146456442,154.0,89.10439240932465,0.5785999507099003,2.410245656967163,3.230904276494856,3.8095042272047563,45.0,13.261924743652344,0.29470943874782984,1.28828763961792,4.265105406443278,4.559814845191108,102.36631715297699,199.0,550
run1_g8_g8_20,5.216144047562058,-1.2372810431274552,0,560.0,826.6579878330231,1.4761749782732554,3.2051174640655518,0.0,1.4761749782732554,160.0,92.6471300125122,0.5790445625782012,2.0924081802368164,3.181185929477215,3.760230492055416,50.0,15.130983829498291,0.3026196765899658,1.28828763961792,4.1691578674316405,4.471777544021607,107.7781138420105,210.0,561
run1_g8_g8_21,-0.3263746532170871,-0.11153497569408995,2,548.0,810.4152146577835,1.4788598807623787,3.2207815647125244,0.0,1.4788598807623787,156.0,92.8685611486435,0.5953112894143814,2.410245656967163,3.2230124313097734,3.818323720724155,43.0,13.099228858947754,0.30463322927785474,1.28828763961792,4.232450718103453,4.537083947381308,105.96779000759125,199.0,549
run1_g8_g8_22,2.927704521938975,-0.9488870771987856,0,554.0,817.4922701120377,1.4756178160867106,3.2207815647125244,0.0,1.4756178160867106,156.0,93.68031799793243,0.6005148589611053,2.0924081802368164,3.1922346498721685,3.792749508833274,47.0,13.864638090133667,0.294992299790078,1.28828763961792,4.186675264480266,4.481667564270344,107.5449560880661,203.0,555
run1_g8_g8_23,1.8222685980800704,1.451311826844232,2,553.0,816.1776067018509,1.475908872878573,3.2207815647125244,0.0,1.475908872878573,152.0,92.16163992881775,0.6063265784790641,2.870814323425293,3.1895760721281956,3.7959026506072595,45.0,14.05765438079834,0.31239231957329644,1.28828763961792,4.147030931048923,4.459423250622219,106.21929430961609,197.0,554
run1_g8_g8_24,-2.1444899982303647,-0.1517311049954921,1,545.0,804.935704946518,1.4769462476082897,3.2051174640655518,0.0,1.4769462476082897,149.0,89.76032638549805,0.6024182978892486,2.4274275302886963,3.229068988121596,3.8314872860108444,45.0,13.363869190216064,0.29697487089369035,1.28828763961792,4.277207745446099,4.574182616339789,103.12419557571411,194.0,546
run1_g8_g8_3,-3.3591715676738643,-0.16286463756348854,1,538.0,796.1795350313187,1.4798876115823767,3.2207815647125244,0.0,1.4798876115823767,152.0,89.27553081512451,0.587339018520556,2.410245656967163,3.2388080970237128,3.826147115544269,43.0,12.90751838684082,0.3001748462056005,1.28828763961792,4.236865309781806,4.537040155987407,102.18304920196533,195.0,539
run1_g8_g8_4,-1.6397155611601864,-3.7769118449282173,1,547.0,806.9015176296234,1.4751398859773737,3.1151397228240967,0.0,1.4751398859773737,154.0,87.89638590812683,0.5707557526501742,2.410245656967163,3.2321419050167135,3.8028976576668874,43.0,12.524212837219238,0.29126076365626136,1.28828763961792,4.260621519975884,4.551882283632145,100.42059874534607,197.0,548
run1_g8_g8_5,3.437707781911817,-1.2700902530094969,0,557.0,820.8472031354904,1.473693362900342,3.2051174640655518,0.0,1.473693362900342,155.0,91.73654556274414,0.5918486810499622,2.410245656967163,3.162744572854811,3.7545932539047735,44.0,13.77941632270813,0.3131685527888211,1.28828763961792,4.1665940284729,4.479762581261721,105.51596188545227,199.0,558
run1_g8_g8_6,-2.1446983941590525,-0.5798389168498153,1,546.0,807.7653068304062,1.4794236388835278,3.2207815647125244,0.0,1.4794236388835278,151.0,86.78939425945282,0.5747642003937273,2.410245656967163,3.234528897613879,3.8092930980076063,46.0,13.857078075408936,0.3012408277262812,1.28828763961792,4.240895053614741,4.542135881341022,100.64647233486176,197.0,547
run1_g8_g8_7,0.3084174926375078,-2.0103072526893477,2,551.0,813.463173031807,1.4763396969724265,3.2051174640655518,0.0,1.4763396969724265,157.0,90.674440741539,0.5775442085448345,2.410245656967163,3.2246887691461357,3.80223297769097,44.0,13.282289505004883,0.30187021602283826,1.28828763961792,4.23482993516055,4.536700151183388,103.95673024654388,201.0,552
run1_g8_g8_8,-0.9863434480843296,-2.0471127986899726,1,549.0,810.5543135404587,1.4764195146456442,3.2051174640655518,0.0,1.4764195146456442,154.0,89.10439240932465,0.5785999507099003,2.410245656967163,3.230904276494856,3.8095042272047563,45.0,13.261924743652344,0.29470943874782984,1.28828763961792,4.265105406443278,4.559814845191108,102.36631715297699,199.0,550
run1_g8_g8_9,5.009523029270521,-0.9812164679720475,0,561.0,826.7778928279877,1.4737573847201206,3.2051174640655518,0.0,1.4737573847201206,158.0,93.6789585351944,0.5929048008556608,2.410245656967163,3.1781676894501794,3.77107249030584,45.0,14.157074451446533,0.3146016544765896,1.28828763961792,4.127041069666545,4.441642724143135,107.83603298664093,203.0,562
run1_g9_g9_0,-2.0628946269046424,-1.4595973334835568,1,545.0,805.0886214971542,1.4772268284351453,3.2051174640655518,0.0,1.4772268284351453,153.0,90.10848593711853,0.5889443525301865,2.410245656967163,3.239195856393552,3.8281402089237386,43.0,12.689062595367432,0.2950944789620333,1.28828763961792,4.253998135411462,4.549092614373495,102.79754853248596,196.0,546
run1_g9_g9_1,-0.9863434480843296,-2.0471127986899726,1,549.0,810.5543135404587,1.4764195146456442,3.2051174640655518,0.0,1.4764195146456442,154.0,89.10439240932465,0.5785999507099003,2.410245656967163,3.230904276494856,3.8095042272047563,45.0,13.261924743652344,0.29470943874782984,1.28828763961792,4.265105406443278,4.559814845191108,102.36631715297699,199.0,550
run1_g9_g9_10,0.18363211890869968,0.38667056152937845,2,552.0,815.4412593841553,1.4772486583046291,3.2207815647125244,0.0,1.4772486583046291,148.0,88.37446248531342,0.5971247465223879,2.410245656967163,3.2030253321737856,3.8001500786961735,46.0,14.056198358535767,0.30556952953338623,1.28828763961792,4.163909829181174,4.46947935871456,102.43066084384918,194.0,553
run1_g9_g9_11,-0.3263746532170871,-0.11153497569408995,2,548.0,810.4152146577835,1.4788598807623787,3.2207815647125244,0.0,1.4788598807623787,156.0,92.8685611486435,0.5953112894143814,2.410245656967163,3.2230124313097734,3.818323720724155,43.0,13.099228858947754,0.30463322927785474,1.28828763961792,4.232450718103453,4.537083947381308,105.96779000759125,199.0,549
run1_g9_g9_12,0.3084174926375078,-2.0103072526893477,2,551.0,813.463173031807,1.4763396969724265,3.2051174640655518,0.0,1.4763396969724265,157.0,90.674440741539,0.5775442085448345,2.410245656967163,3.2246887691461357,3.80223297769097,44.0,13.282289505004883,0.30187021602283826,1.28828763961792,4.23482993516055,4.536700151183388,103.95673024654388,201.0,552
run1_g9_g9_13,-0.3263746532170871,-0.11153497569408995,2,548.0,810.4152146577835,1.4788598807623787,3.2207815647125244,0.0,1.4788598807623787,156.0,92.8685611486435,0.5953112894143814,2.410245656967163,3.2230124313097734,3.818323720724155,43.0,13.099228858947754,0.30463322927785474,1.28828763961792,4.232450718103453,4.537083947381308,105.96779000759125,199.0,549
run1_g9_g9_14,2.1670792957064444,0.1835931686490287,0,555.0,819.9447777271271,1.4773779778867155,3.2207815647125244,0.0,1.4773779778867155,154.0,91.28421115875244,0.5927546179139769,2.410245656967163,3.193314474898499,3.7860690928124763,45.0,14.05765438079834,0.31239231957329644,1.28828763961792,4.147030931048923,4.459423250622219,105.34186553955078,199.0,556
run1_g9_g9_15,-2.1444899982303647,-0.1517311049954921,1,545.0,804.935704946518,1.4769462476082897,3.2051174640655518,0.0,1.4769462476082897,149.0,89.76032638549805,0.6024182978892486,2.4274275302886963,3.229068988121596,3.8314872860108444,45.0,13.363869190216064,0.29697487089369035,1.28828763961792,4.277207745446099,4.574182616339789,103.12419557571411,194.0,546
run1_g9_g9_16,-2.0628946269046424,-1.4595973334835568,1,545.0,805.0886214971542,1.4772268284351453,3.2051174640655518,0.0,1.4772268284351453,153.0,90.10848593711853,0.5889443525301865,2.410245656967163,3.239195856393552,3.8281402089237386,43.0,12.689062595367432,0.2950944789620333,1.28828763961792,4.253998135411462,4.549092614373495,102.79754853248596,196.0,546
run1_g9_g9_17,-0.010448986815810348,-1.511974306372977,2,549.0,810.5917438268661,1.4764876936737088,3.2051174640655518,0.0,1.4764876936737088,156.0,90.92381131649017,0.5828449443364755,2.410245656967163,3.224837444531612,3.8076823888680873,45.0,13.46172285079956,0.2991493966844347,1.28828763961792,4.24884279039171,4.547992187076145,104.38553416728973,201.0,550
run1_g9_g9_18,-0.9863434480843296,-2.0471127986899726,1,549.0,810.5543135404587,1.4764195146456442,3.2051174640655518,0.0,1.4764195146456442,154.0,89.10439240932465,0.5785999507099003,2.410245656967163,3.230904276494856,3.8095042272047563,45.0,13.261924743652344,0.29470943874782984,1.28828763961792,4.265105406443278,4.559814845191108,102.36631715297699,199.0,550
run1_g9_g9_19,5.009523029270521,-0.9812164679720475,0,561.0,826.7778928279877,1.4737573847201206,3.2051174640655518,0.0,1.4737573847201206,158.0,93.6789585351944,0.5929048008556608,2.410245656967163,3.1781676894501794,3.77107249030584,45.0,14.157074451446533,0.3146016544765896,1.28828763961792,4.127041069666545,4.441642724143135,107.83603298664093,203.0,562
run1_g9_g9_2,-0.9863434480843296,-2.0471127986899726,1,549.0,810.5543135404587,1.4764195146456442,3.2051174640655518,0.0,1.4764195146456442,154.0,89.10439240932465,0.5785999507099003,2.410245656967163,3.230904276494856,3.8095042272047563,45.0,13.261924743652344,0.29470943874782984,1.28828763961792,4.265105406443278,4.559814845191108,102.36631715297699,199.0,550
run1_g9_g9_20,0.3084174926375078,-2.0103072526893477,2,551.0,813.463173031807,1.4763396969724265,3.2051174640655518,0.0,1.4763396969724265,157.0,90.674440741539,0.5775442085448345,2.410245656967163,3.2246887691461357,3.80223297769097,44.0,13.282289505004883,0.30187021602283826,1.28828763961792,4.23482993516055,4.536700151183388,103.95673024654388,201.0,552
run1_g9_g9_21,0.3084174926375078,-2.0103072526893477,2,551.0,813.463173031807,1.4763396969724265,3.2051174640655518,0.0,1.4763396969724265,157.0,90.674440741539,0.5775442085448345,2.410245656967163,3.2246887691461357,3.80223297769097,44.0,13.282289505004883,0.30187021602283826,1.28828763961792,4.23482993516055,4.536700151183388,103.95673024654388,201.0,552
run1_g9_g9_22,-3.3591715676738643,-0.16286463756348854,1,538.0,796.1795350313187,1.4798876115823767,3.2207815647125244,0.0,1.4798876115823767,152.0,89.27553081512451,0.587339018520556,2.410245656967163,3.2388080970237128,3.826147115544269,43.0,12.90751838684082,0.3001748462056005,1.28828763961792,4.236865309781806,4.537040155987407,102.18304920196533,195.0,539
run1_g9_g9_23,2.927704521938975,-0.9488870771987856,0,554.0,817.4922701120377,1.4756178160867106,3.2207815647125244,0.0,1.4756178160867106,156.0,93.68031799793243,0.6005148589611053,2.0924081802368164,3.1922346498721685,3.792749508833274,47.0,13.864638090133667,0.294992299790078,1.28828763961792,4.186675264480266,4.481667564270344,107.5449560880661,203.0,555
run1_g9_g9_24,-2.8537790389194773,-1.106265068976375,1,541.0,798.4160952568054,1.4758153331918769,3.2051174640655518,0.0,1.4758153331918769,150.0,89.86400532722473,0.5990933688481649,2.410245656967163,3.2313779179255167,3.8304712867736814,43.0,12.716803073883057,0.2957396063693734,1.28828763961792,4.2820426752400955,4.577782281609469,102.58080840110779,193.0,542
run1_g9_g9_3,-1.054788752762645,-2.9313502948008856,1,546.0,804.9589092731476,1.4742837166174865,3.1109073162078857,0.0,1.4742837166174865,154.0,89.70084857940674,0.5824730427234204,2.410245656967163,3.21440208887125,3.7968751315946703,42.0,12.728333473205566,0.30305555888584684,1.28828763961792,4.281484950156439,4.584540509042286,102.4291820526123,196.0,547
run1_g9_g9_4,2.117180094771196,-1.753244640285073,0,554.0,817.0894935131073,1.474890782514634,3.2207815647125244,0.0,1.474890782514634,155.0,93.46038353443146,0.6029702163511707,2.0924081802368164,3.1829195337910807,3.7858897501422515,46.0,13.217635869979858,0.28733991021695343,1.28828763961792,4.24225608162258,4.529595991839534,106.67801940441132,201.0,555
run1_g9_g9_5,-0.3263746532170871,-0.11153497569408995,2,548.0,810.4152146577835,1.4788598807623787,3.2207815647125244,0.0,1.4788598807623787,156.0,92.8685611486435,0.5953112894143814,2.410245656967163,3.2230124313097734,3.818323720724155,43.0,13.099228858947754,0.30463322927785474,1.28828763961792,4.232450718103453,4.537083947381308,105.96779000759125,199.0,549
run1_g9_g9_6,-2.1446983941590525,-0.5798389168498153,1,546.0,807.7653068304062,1.4794236388835278,3.2207815647125244,0.0,1.4794236388835278,151.0,86.78939425945282,0.5747642003937273,2.410245656967163,3.234528897613879,3.8092930980076063,46.0,13.857078075408936,0.3012408277262812,1.28828763961792,4.240895053614741,4.542135881341022,100.64647233486176,197.0,547
run1_g9_g9_7,5.216144047562058,-1.2372810431274552,0,560.0,826.6579878330231,1.4761749782732554,3.2051174640655518,0.0,1.4761749782732554,160.0,92.6471300125122,0.5790445625782012,2.0924081802368164,3.181185929477215,3.760230492055416,50.0,15.130983829498291,0.3026196765899658,1.28828763961792,4.1691578674316405,4.471777544021607,107.7781138420105,210.0,561
run1_g9_g9_8,-0.9863434480843296,-2.0471127986899726,1,549.0,810.5543135404587,1.4764195146456442,3.2051174640655518,0.0,1.4764195146456442,154.0,89.10439240932465,0.5785999507099003,2.410245656967163,3.230904276494856,3.8095042272047563,45.0,13.261924743652344,0.29470943874782984,1.28828763961792,4.265105406443278,4.559814845191108,102.36631715297699,199.0,550
run1_g9_g9_9,-0.9863434480843296,-2.0471127986899726,1,549.0,810.5543135404587,1.4764195146456442,3.2051174640655518,0.0,1.4764195146456442,154.0,89.10439240932465,0.5785999507099003,2.410245656967163,3.230904276494856,3.8095042272047563,45.0,13.261924743652344,0.29470943874782984,1.28828763961792,4.265105406443278,4.559814845191108,102.36631715297699,199.0,550
run2_g0_g0_00,5.009523029270521,-0.9812164679720475,0,561.0,826.7778928279877,1.4737573847201206,3.2051174640655518,0.0,1.4737573847201206,158.0,93.6789585351944,0.5929048008556608,2.410245656967163,3.1781676894501794,3.77107249030584,45.0,14.157074451446533,0.3146016544765896,1.28828763961792,4.127041069666545,4.441642724143135,107.83603298664093,203.0,562
run2_g0_g0_01,3.364200441261998,-0.6408563566683501,0,558.0,822.2957273721695,1.4736482569393718,3.2051174640655518,0.0,1.4736482569393718,154.0,92.49114286899567,0.6005918368116602,2.410245656967163,3.1794095139998895,3.7800013508115495,47.0,14.334539890289307,0.3049902104316874,1.28828763961792,4.209731867972841,4.514722078404528,106.82568275928497,201.0,559
run2_g0_g0_02,2.314073918383475,-0.23327065473730066,0,555.0,818.6461086273193,1.4750380335627375,3.2051174640655518,0.0,1.4750380335627375,154.0,92.45553827285767,0.6003606381354394,2.4274275302886963,3.195983052253723,3.7963436903891625,46.0,14.139273881912231,0.307375519172005,1.28828763961792,4.20576562570489,4.5131411448768946,106.5948121547699,200.0,556
run2_g0_g0_03,4.560679575025209,-0.3111910732679541,0,560.0,826.3236086368561,1.4755778725658144,3.2051174640655518,0.0,1.4755778725658144,159.0,96.06696307659149,0.6041947363307641,2.410245656967163,3.18368520901638,3.7878799453471443,45.0,13.744563341140747,0.30543474091423883,1.28828763961792,4.157301796807183,4.462736537721422,109.81152641773224,204.0,561
run2_g0_g0_04,5.4737666752624685,-0.20772313403198422,0,556.0,820.3157052993774,1.4753879591715422,3.2051174640655518,0.0,1.4753879591715422,158.0,93.80075764656067,0.593675681307346,2.0924081802368164,3.1480663441404513,3.741742025447797,50.0,15.283419847488403,0.30566839694976805,1.28828763961792,4.1738509178161625,4.4795193147659305,109.08417749404907,208.0,557
run2_g0_g0_05,2.8396176555759634,-1.671783474544479,0,555.0,818.0766022205353,1.4740118958928563,3.2051174640655518,0.0,1.4740118958928563,157.0,92.98169648647308,0.5922401050093827,2.410245656967163,3.1882762627996457,3.7805163678090286,45.0,13.492011308670044,0.299822473526001,1.28828763961792,4.190851979785496,4.490674453311496,106.47370779514313,202.0,556
run2_g0_g0_06,5.436745864385558,-0.6088679622386918,0,561.0,826.7221646308899,1.473658047470392,3.2207815647125244,0.0,1.473658047470392,160.0,95.35747480392456,0.5959842175245285,2.410245656967163,3.1538865968585013,3.74987081438303,43.0,14.13262939453125,0.32866579987281974,1.28828763961792,4.184385909590611,4.51305170946343,109.49010419845581,203.0,562
run2_g0_g0_07,3.5354227599707997,0.821045918072517,0,557.0,822.6497668027878,1.4769295633802295,3.370624303817749,0.0,1.4769295633802295,157.0,93.38857972621918,0.594831718001396,2.410245656967163,3.1801490320521557,3.7749807500535515,45.0,14.162598609924316,0.3147244135538737,1.28828763961792,4.127041069666545,4.4417654832204185,107.5511783361435,202.0,558
run2_g0_g0_08,1.920214895578974,-1.1451197072393406,0,551.0,812.7490768432617,1.4750436966302392,3.2051174640655518,0.0,1.4750436966302392,158.0,93.5039587020874,0.5917972069752367,2.410245656967163,3.188998246494728,3.7807954534699646,43.0,13.441237211227417,0.3125869118890097,1.28828763961792,4.232342525970104,4.544929437859114,106.94519591331482,201.0,552
run2_g0_g0_09,4.479389885727569,0.08109711533676661,0,561.0,828.133211016655,1.4761732816696167,3.2051174640655518,0.0,1.4761732816696167,157.0,92.74683725833893,0.5907441863588466,2.410245656967163,3.1838167343929316,3.774560920751778,49.0,15.130182027816772,0.3087792250574852,1.28828763961792,4.185905573319416,4.494684798376901,107.8770192861557,206.0,562
run2_g0_g0_10,4.18021021690533,0.46746033127417175,0,559.0,825.2420511245728,1.4762827390421696,3.2207815647125244,0.0,1.4762827390421696,156.0,93.59269893169403,0.59995319828009,2.410245656967163,3.181207148692547,3.7811603469726367,48.0,14.67418098449707,0.30571210384368896,1.28828763961792,4.158653810620308,4.464365914463997,108.2668799161911,204.0,560
run2_g0_g0_11,6.531942862015235,-0.5525613420469241,0,559.0,823.2233180999756,1.4726714098389546,3.2051174640655518,0.0,1.4726714098389546,158.0,94.15456891059875,0.5959149931050554,2.410245656967163,3.138873637477054,3.734788630582109,46.0,14.538474559783936,0.3160537947779116,1.28828763961792,4.072153998457867,4.388207793235779,108.69304347038269,204.0,560
run2_g0_g0_12,1.2568242356973909,-1.5923776111974064,0,553.0,816.1019896268845,1.47577213314084,3.2051174640655518,0.0,1.47577213314084,155.0,90.95657789707184,0.5868166315940119,2.410245656967163,3.196058271008153,3.782874902602165,45.0,13.379515171051025,0.29732255935668944,1.28828763961792,4.213159916136,4.510482475492689,104.33609306812286,200.0,554
run2_g0_g0_13,3.278097463106322,-0.0987058316688174,0,554.0,816.9311624765396,1.4746049864197466,3.2051174640655518,0.0,1.4746049864197466,156.0,93.3303153514862,0.5982712522531167,2.4274275302886963,3.186658393114041,3.784929645367158,45.0,14.24226427078247,0.3164947615729438,1.28828763961792,4.160970973968506,4.4774657355414496,107.57257962226868,201.0,555
run2_g0_g0_14,2.89398640984946,1.2618534973077051,0,554.0,817.4756435155869,1.4755878041797597,3.370624303817749,0.0,1.4755878041797597,152.0,92.02194154262543,0.6054075101488515,2.410245656967163,3.157187884575442,3.762595394724294,45.0,14.16929292678833,0.31487317615085175,1.28828763961792,4.126122204462687,4.440995380613539,106.19123446941376,197.0,555
run2_g0_g0_15,2.9424761058511675,-0.49883529424298856,0,557.0,821.0181317329407,1.4740002365043818,3.2051174640655518,0.0,1.4740002365043818,153.0,91.81133472919464,0.6000740831973506,2.410245656967163,3.192658051166659,3.7927321343640097,46.0,14.175024032592773,0.30815269636071246,1.28828763961792,4.161780010098997,4.4699327064597085,105.98635876178741,199.0,558
run2_g0_g0_16,4.726696725073247,-1.252640490262572,0,561.0,826.2912364006042,1.472889904457405,3.2051174640655518,0.0,1.472889904457405,158.0,94.45308649539948,0.5978043449075916,2.410245656967163,3.166648364519771,3.7644527094273625,43.0,13.730273246765137,0.3193086801573288,1.28828763961792,4.176279511562614,4.495588191719943,108.18335974216461,201.0,562
run2_g0_g0_17,4.540535290849075,-2.9429838526154253,0,558.0,821.3874648809433,1.4720205463816187,3.075467348098755,0.0,1.4720205463816187,160.0,92.92844700813293,0.5808027938008309,2.410245656967163,3.1831708773970604,3.763973671197891,43.0,13.702791690826416,0.3186695742052655,1.28828763961792,4.15726696613223,4.475936540337496,106.63123869895935,203.0,559
run2_g0_g0_18,10.851951209440433,-2.084312856530678,0,570.0,837.5055363178253,1.4693079584523252,3.2051174640655518,0.0,1.4693079584523252,165.0,97.70176327228546,0.5921318986199119,2.0924081802368164,3.121098832650618,3.71323073127053,47.0,15.242358207702637,0.3243054937809072,1.28828763961792,4.091448251237261,4.415753745018168,112.9441214799881,212.0,571
run2_g0_g0_19,8.523319505091283,-3.1844759419950734,0,566.0,831.6631736755371,1.4693695647977687,3.2051174640655518,0.0,1.4693695647977687,165.0,96.61762416362762,0.5855613585674402,2.410245656967163,3.1403168324268225,3.725878190994263,46.0,14.022255897521973,0.3048316499461298,1.28828763961792,4.125718318897745,4.4305499688438745,110.6398800611496,211.0,567
run2_g0_g0_20,2.68230368935499,-3.6655271073091127,0,556.0,818.8773629665375,1.4728010125297437,3.2051174640655518,0.0,1.4728010125297437,159.0,91.05557262897491,0.5726765574149366,2.410245656967163,3.1734635552520274,3.746140112666964,43.0,12.973879098892212,0.30171811857888864,1.28828763961792,4.2200252566226695,4.521743375201558,104.02945172786713,202.0,557
run2_g0_g0_21,2.719077125275196,-0.9641234130277062,0,555.0,817.6554194688797,1.4732530080520354,3.2051174640655518,0.0,1.4732530080520354,154.0,93.65516674518585,0.6081504334102977,2.4274275302886963,3.1839265211836083,3.7920769545939064,46.0,13.541444301605225,0.29437922394793964,1.28828763961792,4.203298019326252,4.497677243274191,107.19661104679108,200.0,556
run2_g0_g0_22,8.495626441440688,-0.6591300622438132,0,566.0,832.8460595607758,1.4714594691886498,3.2051174640655518,0.0,1.4714594691886498,160.0,96.46304142475128,0.6028940089046955,2.410245656967163,3.1277589179575442,3.73065292686224,48.0,14.885671138763428,0.3101181487242381,1.28828763961792,4.106000815828641,4.416118964552879,111.34871256351471,208.0,567
run2_g0_g0_23,1.8456461174396406,-2.1840544185986337,0,557.0,821.0352749824524,1.4740310143311532,3.2051174640655518,0.0,1.4740310143311532,155.0,90.74535799026489,0.585453922517838,2.410245656967163,3.212822557264759,3.7982764797825967,45.0,13.487272024154663,0.29971715609232585,1.28828763961792,4.199504110548231,4.499221266640557,104.23263001441956,200.0,558
run2_g0_g0_24,4.933509661565188,-0.647349027820152,0,561.0,827.0813412666321,1.4742982910278646,3.2051174640655518,0.0,1.4742982910278646,157.0,93.57842934131622,0.5960409512185747,2.4274275302886963,3.16634419845168,3.7623851496702545,45.0,14.103551387786865,0.3134122530619303,1.28828763961792,4.128379509184096,4.441791762246026,107.68198072910309,202.0,562
run2_g1_g1_0,4.479389885727569,0.08109711533676661,0,561.0,828.133211016655,1.4761732816696167,3.2051174640655518,0.0,1.4761732816696167,157.0,92.74683725833893,0.5907441863588466,2.410245656967163,3.1838167343929316,3.774560920751778,49.0,15.130182027816772,0.3087792250574852,1.28828763961792,4.185905573319416,4.494684798376901,107.8770192861557,206.0,562
run2_g1_g1_1,5.009523029270521,-0.9812164679720475,0,561.0,826.7778928279877,1.4737573847201206,3.2051174640655518,0.0,1.4737573847201206,158.0,93.6789585351944,0.5929048008556608,2.410245656967163,3.1781676894501794,3.77107249030584,45.0,14.157074451446533,0.3146016544765896,1.28828763961792,4.127041069666545,4.441642724143135,107.83603298664093,203.0,562
run2_g1_g1_10,4.933509661565188,-0.647349027820152,0,561.0,827.0813412666321,1.4742982910278646,3.2051174640655518,0.0,1.4742982910278646,157.0,93.57842934131622,0.5960409512185747,2.4274275302886963,3.16634419845168,3.7623851496702545,45.0,14.103551387786865,0.3134122530619303,1.28828763961792,4.128379509184096,4.441791762246026,107.68198072910309,202.0,562
run2_g1_g1_11,2.9424761058511675,-0.49883529424298856,0,557.0,821.0181317329407,1.4740002365043818,3.2051174640655518,0.0,1.4740002365043818,153.0,91.81133472919464,0.6000740831973506,2.410245656967163,3.192658051166659,3.7927321343640097,46.0,14.175024032592773,0.30815269636071246,1.28828763961792,4.161780010098997,4.4699327064597085,105.98635876178741,199.0,558
run2_g1_g1_12,3.364200441261998,-0.6408563566683501,0,558.0,822.2957273721695,1.4736482569393718,3.2051174640655518,0.0,1.4736482569393718,154.0,92.49114286899567,0.6005918368116602,2.410245656967163,3.1794095139998895,3.7800013508115495,47.0,14.334539890289307,0.3049902104316874,1.28828763961792,4.209731867972841,4.514722078404528,106.82568275928497,201.0,559
run2_g1_g1_13,1.920214895578974,-1.1451197072393406,0,551.0,812.7490768432617,1.4750436966302392,3.2051174640655518,0.0,1.4750436966302392,158.0,93.5039587020874,0.5917972069752367,2.410245656967163,3.188998246494728,3.7807954534699646,43.0,13.441237211227417,0.3125869118890097,1.28828763961792,4.232342525970104,4.544929437859114,106.94519591331482,201.0,552
run2_g1_g1_14,3.3490534836683197,-1.2659021430733448,0,559.0,824.2794687747955,1.4745607670389902,3.2207815647125244,0.0,1.4745607670389902,156.0,92.10141599178314,0.5903936922550201,2.410245656967163,3.1898284944204183,3.7802221866754384,47.0,14.067468404769897,0.29930783839935954,1.28828763961792,4.188463677751257,4.487771516150617,106.16888439655304,203.0,560
run2_g1_g1_15,4.926640211138065,0.7154677563656967,0,561.0,827.738275885582,1.4754692974787558,3.2051174640655518,0.0,1.4754692974787558,156.0,96.76811587810516,0.6203084351160587,2.410245656967163,3.1659757685966983,3.7862842037127566,46.0,13.908847332000732,0.302366246347842,1.28828763961792,4.153970951619356,4.456337197967198,110.6769632101059,202.0,562
run2_g1_g1_16,2.7328456805619297,-0.7135740769211948,0,556.0,819.4978939294815,1.4739170754127364,3.370624303817749,0.0,1.4739170754127364,156.0,92.97678029537201,0.5960050018934103,2.4274275302886963,3.1723571916421256,3.768362193535536,43.0,13.353953838348389,0.31055706600810207,1.28828763961792,4.18503112571184,4.495588191719943,106.3307341337204,199.0,557
run2_g1_g1_17,2.7882485898369986,-0.07109260647708282,0,553.0,815.7777084112167,1.4751857294958712,3.370624303817749,0.0,1.4751857294958712,155.0,90.99369192123413,0.587056076911188,2.410245656967163,3.165177522167083,3.7522335990782705,44.0,13.945293426513672,0.3169384869662198,1.28828763961792,4.119594021276995,4.436532508243214,104.9389853477478,199.0,554
run2_g1_g1_18,6.655299125156016,-0.6193641817318808,0,558.0,821.6930338144302,1.4725681609577603,3.2051174640655518,0.0,1.4725681609577603,159.0,94.55660367012024,0.5946956205667939,2.240664482116699,3.126833582824131,3.7215292033909253,48.0,15.180664300918579,0.3162638396024704,1.28828763961792,4.1647966504096985,4.481060490012169,109.73726797103882,207.0,559
run2_g1_g1_19,2.89398640984946,1.2618534973077051,0,554.0,817.4756435155869,1.4755878041797597,3.370624303817749,0.0,1.4755878041797597,152.0,92.02194154262543,0.6054075101488515,2.410245656967163,3.157187884575442,3.762595394724294,45.0,14.16929292678833,0.31487317615085175,1.28828763961792,4.126122204462687,4.440995380613539,106.19123446941376,197.0,555
run2_g1_g1_2,4.560679575025209,-0.3111910732679541,0,560.0,826.3236086368561,1.4755778725658144,3.2051174640655518,0.0,1.4755778725658144,159.0,96.06696307659149,0.6041947363307641,2.410245656967163,3.18368520901638,3.7878799453471443,45.0,13.744563341140747,0.30543474091423883,1.28828763961792,4.157301796807183,4.462736537721422,109.81152641773224,204.0,561
run2_g1_g1_20,-0.04002819952326826,-0.12197171128297228,2,548.0,808.7688281536102,1.475855525827756,3.370624303817749,0.0,1.475855525827756,151.0,89.98327457904816,0.5959157256890606,2.410245656967163,3.1877270194868377,3.7836427451758983,46.0,13.533057928085327,0.2941969114801158,1.28828763961792,4.213221907615662,4.507418819095777,103.51633250713348,197.0,549
run2_g1_g1_21,2.039943570333119,-0.21309699599687412,0,556.0,819.4424324035645,1.4738173244668424,3.370624303817749,0.0,1.4738173244668424,152.0,93.05271077156067,0.6121888866550044,2.4274275302886963,3.1809855103492737,3.793174397004278,49.0,13.692893981933594,0.27944681595782844,1.28828763961792,4.248155044049633,4.5276018600074615,106.74560475349426,201.0,557
run2_g1_g1_22,3.278097463106322,-0.0987058316688174,0,554.0,816.9311624765396,1.4746049864197466,3.2051174640655518,0.0,1.4746049864197466,156.0,93.3303153514862,0.5982712522531167,2.4274275302886963,3.186658393114041,3.784929645367158,45.0,14.24226427078247,0.3164947615729438,1.28828763961792,4.160970973968506,4.4774657355414496,107.57257962226868,201.0,555
run2_g1_g1_23,5.4737666752624685,-0.20772313403198422,0,556.0,820.3157052993774,1.4753879591715422,3.2051174640655518,0.0,1.4753879591715422,158.0,93.80075764656067,0.593675681307346,2.0924081802368164,3.1480663441404513,3.741742025447797,50.0,15.283419847488403,0.30566839694976805,1.28828763961792,4.1738509178161625,4.4795193147659305,109.08417749404907,208.0,557
run2_g1_g1_24,5.009523029270521,-0.9812164679720475,0,561.0,826.7778928279877,1.4737573847201206,3.2051174640655518,0.0,1.4737573847201206,158.0,93.6789585351944,0.5929048008556608,2.410245656967163,3.1781676894501794,3.77107249030584,45.0,14.157074451446533,0.3146016544765896,1.28828763961792,4.127041069666545,4.441642724143135,107.83603298664093,203.0,562
run2_g1_g1_3,1.8456461174396406,-2.1840544185986337,0,557.0,821.0352749824524,1.4740310143311532,3.2051174640655518,0.0,1.4740310143311532,155.0,90.74535799026489,0.585453922517838,2.410245656967163,3.212822557264759,3.7982764797825967,45.0,13.487272024154663,0.29971715609232585,1.28828763961792,4.199504110548231,4.499221266640557,104.23263001441956,200.0,558
run2_g1_g1_4,4.726696725073247,-1.252640490262572,0,561.0,826.2912364006042,1.472889904457405,3.2051174640655518,0.0,1.472889904457405,158.0,94.45308649539948,0.5978043449075916,2.410245656967163,3.166648364519771,3.7644527094273625,43.0,13.730273246765137,0.3193086801573288,1.28828763961792,4.176279511562614,4.495588191719943,108.18335974216461,201.0,562
run2_g1_g1_5,1.6998375105238455,1.6785501839479018,2,547.0,808.0384984016418,1.4772184614289614,3.2207815647125244,0.0,1.4772184614289614,156.0,94.52660489082336,0.6059397749411755,2.4274275302886963,3.2116183241208396,3.817558099062015,45.0,14.526643753051758,0.3228143056233724,1.28828763961792,4.185359202490913,4.508173508114285,109.05324864387512,201.0,548
run2_g1_g1_6,2.314073918383475,-0.23327065473730066,0,555.0,818.6461086273193,1.4750380335627375,3.2051174640655518,0.0,1.4750380335627375,154.0,92.45553827285767,0.6003606381354394,2.4274275302886963,3.195983052253723,3.7963436903891625,46.0,14.139273881912231,0.307375519172005,1.28828763961792,4.20576562570489,4.5131411448768946,106.5948121547699,200.0,556
run2_g1_g1_7,4.18021021690533,0.46746033127417175,0,559.0,825.2420511245728,1.4762827390421696,3.2207815647125244,0.0,1.4762827390421696,156.0,93.59269893169403,0.59995319828009,2.410245656967163,3.181207148692547,3.7811603469726367,48.0,14.67418098449707,0.30571210384368896,1.28828763961792,4.158653810620308,4.464365914463997,108.2668799161911,204.0,560
run2_g1_g1_8,2.312745315955468,-1.1567249439654184,0,554.0,816.8452031612396,1.4744498252007936,3.2051174640655518,0.0,1.4744498252007936,153.0,90.20301473140717,0.5895621877869749,2.410245656967163,3.186392361042546,3.7759545488295214,44.0,13.634103298187256,0.3098659840497104,1.28828763961792,4.115054450251839,4.42492043430155,103.83711802959442,197.0,555
run2_g1_g1_9,1.6353966241179532,2.1589511500294645,2,554.0,819.8168061971664,1.4798137295977734,3.2207815647125244,0.0,1.4798137295977734,153.0,91.65350890159607,0.5990425418404972,2.410245656967163,3.203984939974118,3.803027481814615,47.0,15.12355899810791,0.32177785102357254,1.28828763961792,4.202147803408034,4.523925654431607,106.77706789970398,200.0,555
run2_g10_g10_0,1.726546724370242,2.3098708905353216,2,549.0,811.6414974927902,1.4783998132837708,3.370624303817749,0.0,1.4783998132837708,154.0,91.5948498249054,0.5947717521097753,2.4274275302886963,3.1901711860260407,3.7849429381358157,47.0,15.08815598487854,0.32102459542294765,1.28828763961792,4.163583562729206,4.484608158152154,106.68300580978394,201.0,550
run2_g10_g10_1,-0.12124400927711733,1.4036549835950398,2,546.0,806.3584336042404,1.4768469479931143,3.370624303817749,0.0,1.4768469479931143,151.0,90.62865126132965,0.6001897434525142,2.4274275302886963,3.1950740948418117,3.7952638382943262,46.0,14.314960956573486,0.3111948034037714,1.28828763961792,4.226157836292101,4.5373526396958725,104.94361221790314,197.0,547
run2_g10_g10_10,-0.12124400927711733,1.4036549835950398,2,546.0,806.3584336042404,1.4768469479931143,3.370624303817749,0.0,1.4768469479931143,151.0,90.62865126132965,0.6001897434525142,2.4274275302886963,3.1950740948418117,3.7952638382943262,46.0,14.314960956573486,0.3111948034037714,1.28828763961792,4.226157836292101,4.5373526396958725,104.94361221790314,197.0,547
run2_g10_g10_11,-0.12124400927711733,1.4036549835950398,2,546.0,806.3584336042404,1.4768469479931143,3.370624303817749,0.0,1.4768469479931143,151.0,90.62865126132965,0.6001897434525142,2.4274275302886963,3.1950740948418117,3.7952638382943262,46.0,14.314960956573486,0.3111948034037714,1.28828763961792,4.226157836292101,4.5373526396958725,104.94361221790314,197.0,547
run2_g10_g10_12,1.7124866270671582,1.3126711996703404,2,551.0,813.381071805954,1.476190692932766,3.370624303817749,0.0,1.476190692932766,153.0,91.63865280151367,0.5989454431471481,2.4274275302886963,3.1914626040489846,3.7904080471961326,47.0,14.664548397064209,0.31201166802264274,1.28828763961792,4.187458104275643,4.499469772298285,106.30320119857788,200.0,552
run2_g10_g10_13,1.726546724370242,2.3098708905353216,2,549.0,811.6414974927902,1.4783998132837708,3.370624303817749,0.0,1.4783998132837708,154.0,91.5948498249054,0.5947717521097753,2.4274275302886963,3.1901711860260407,3.7849429381358157,47.0,15.08815598487854,0.32102459542294765,1.28828763961792,4.163583562729206,4.484608158152154,106.68300580978394,201.0,550
run2_g10_g10_14,-0.12124400927711733,1.4036549835950398,2,546.0,806.3584336042404,1.4768469479931143,3.370624303817749,0.0,1.4768469479931143,151.0,90.62865126132965,0.6001897434525142,2.4274275302886963,3.1950740948418117,3.7952638382943262,46.0,14.314960956573486,0.3111948034037714,1.28828763961792,4.226157836292101,4.5373526396958725,104.94361221790314,197.0,547
run2_g10_g10_15,-1.7328769735204308,1.1501530071036281,2,542.0,800.9080094099045,1.4776900542618163,3.370624303817749,0.0,1.4776900542618163,150.0,89.6857875585556,0.5979052503903707,2.4274275302886963,3.2163924400011696,3.8142976903915407,44.0,13.63346815109253,0.30985154888846655,1.28828763961792,4.199882220138203,4.50973376902667,103.31925570964813,194.0,543
run2_g10_g10_16,-0.4614781861032815,2.6040507993181192,2,548.0,811.7871599197388,1.4813634305104721,3.2207815647125244,0.0,1.4813634305104721,151.0,90.48970854282379,0.5992695929988331,2.410245656967163,3.210017977171386,3.8092875701702194,46.0,14.870222806930542,0.3232657131941422,1.28828763961792,4.238952108051466,4.562217821245608,105.35993134975433,197.0,549
run2_g10_g10_17,-5.441583622119597,-0.2789337188984002,1,544.0,805.277170419693,1.480288916212671,3.2207815647125244,0.0,1.480288916212671,145.0,86.1123937368393,0.5938785774954434,2.410245656967163,3.265583058883404,3.8594616363788474,47.0,13.700895071029663,0.2915084057665886,0.8472099304199219,4.368644080263503,4.660152486030092,99.81328880786896,192.0,545
run2_g10_g10_18,-0.6200615364108211,2.152098448138336,2,543.0,803.0780290365219,1.4789650626823607,3.370624303817749,0.0,1.4789650626823607,151.0,91.17469763755798,0.6038059446195893,2.4274275302886963,3.178105736410381,3.78191168102997,44.0,13.877096176147461,0.31538854945789685,1.28828763961792,4.209207187999379,4.524595737457275,105.05179381370544,195.0,544
run2_g10_g10_19,-3.1495391989344728,0.5400111719696521,1,544.0,803.9405646324158,1.477831920280176,3.2207815647125244,0.0,1.477831920280176,146.0,88.97164368629456,0.6093948197691408,2.4274275302886963,3.250251691635341,3.8596465114044816,46.0,13.37107539176941,0.2906755519949872,1.28828763961792,4.256106827570044,4.546782379565031,102.34271907806396,192.0,545
run2_g10_g10_2,-0.4077500626362216,1.7989533630915673,2,545.0,804.9515019655228,1.476975232964262,3.370624303817749,0.0,1.476975232964262,151.0,91.51847183704376,0.6060825949473096,2.4274275302886963,3.2108920038930626,3.8169745988403725,47.0,14.448948860168457,0.3074244438333714,1.28828763961792,4.242756554420958,4.55018099825433,105.96742069721222,198.0,546
run2_g10_g10_20,-2.032430073054782,0.7358855791509151,2,543.0,802.1132496595383,1.4771883050820227,3.370624303817749,0.0,1.4771883050820227,149.0,89.09625577926636,0.5979614481829957,2.4274275302886963,3.200781441374913,3.798742889557909,46.0,13.788460493087769,0.2997491411540819,1.28828763961792,4.285610255987748,4.58535939714183,102.88471627235413,195.0,544
run2_g10_g10_21,1.7750579308325312,0.4538810438394614,2,552.0,814.5450320243835,1.4756250580151875,3.370624303817749,0.0,1.4756250580151875,154.0,91.27343702316284,0.5926846559945639,2.4274275302886963,3.1875432358159648,3.7802278918105285,46.0,14.32286524772644,0.31136663582014,1.28828763961792,4.191885937815127,4.503252573635267,105.59630227088928,200.0,553
run2_g10_g10_22,-0.10344496194062716,2.4121376609021365,2,544.0,804.6188592910767,1.479078785461538,3.370624303817749,0.0,1.479078785461538,152.0,90.58484828472137,0.595952949241588,2.4274275302886963,3.1937419246686134,3.7896948739102014,46.0,14.738568544387817,0.3204036640084308,1.28828763961792,4.201764282972916,4.522167946981347,105.32341682910919,198.0,545
run2_g10_g10_23,-0.3898689640623862,0.8201392193225784,2,547.0,807.4218512773514,1.4760911357904047,3.370624303817749,0.0,1.4760911357904047,150.0,89.48636591434479,0.5965757727622986,2.4274275302886963,3.21221285422643,3.8087886269887288,47.0,14.315932273864746,0.3045943036992499,1.28828763961792,4.214072785478957,4.518667089178207,103.80229818820953,197.0,548
run2_g10_g10_24,0.6165348452770718,1.5662439756427666,2,547.0,808.0893312692642,1.4773113917171192,3.370624303817749,0.0,1.4773113917171192,151.0,90.59318041801453,0.5999548372053942,2.4274275302886963,3.1886063648375456,3.78856120204294,47.0,14.379173755645752,0.305939867141399,1.28828763961792,4.170487535760758,4.476427402902157,104.97235417366028,198.0,548
run2_g10_g10_3,0.46409208993735884,4.751769472259083,2,549.0,812.7536978721619,1.4804256791842656,3.370624303817749,0.0,1.4804256791842656,149.0,92.87656426429749,0.6233326460691107,2.4274275302886963,3.1981814451665684,3.821514091235679,48.0,15.432172775268555,0.32150359948476154,1.28828763961792,4.229750211040179,4.5512538105249405,108.30873703956604,197.0,550
run2_g10_g10_4,-0.12124400927711733,1.4036549835950398,2,546.0,806.3584336042404,1.4768469479931143,3.370624303817749,0.0,1.4768469479931143,151.0,90.62865126132965,0.6001897434525142,2.4274275302886963,3.1950740948418117,3.7952638382943262,46.0,14.314960956573486,0.3111948034037714,1.28828763961792,4.226157836292101,4.5373526396958725,104.94361221790314,197.0,547
run2_g10_g10_5,-0.12124400927711733,1.4036549835950398,2,546.0,806.3584336042404,1.4768469479931143,3.370624303817749,0.0,1.4768469479931143,151.0,90.62865126132965,0.6001897434525142,2.4274275302886963,3.1950740948418117,3.7952638382943262,46.0,14.314960956573486,0.3111948034037714,1.28828763961792,4.226157836292101,4.5373526396958725,104.94361221790314,197.0,547
run2_g10_g10_6,-1.3420579222624123,0.13622239711381542,2,545.0,804.5052207708359,1.4761563683868548,3.370624303817749,0.0,1.4761563683868548,150.0,88.55325472354889,0.590355031490326,2.4274275302886963,3.227433038552602,3.817788070042928,47.0,13.999842643737793,0.297868992419953,1.28828763961792,4.220798096758254,4.518667089178207,102.55309736728668,197.0,546
run2_g10_g10_7,-1.0751480727600882,0.7175813551433297,2,544.0,803.4418030977249,1.476915079223759,3.370624303817749,0.0,1.476915079223759,151.0,89.69554007053375,0.5940101991426077,2.4274275302886963,3.210193483245294,3.8042036823879015,46.0,13.998871326446533,0.30432328970535943,1.28828763961792,4.233029349990513,4.5373526396958725,103.69441139698029,197.0,545
run2_g10_g10_8,-0.12124400927711733,1.4036549835950398,2,546.0,806.3584336042404,1.4768469479931143,3.370624303817749,0.0,1.4768469479931143,151.0,90.62865126132965,0.6001897434525142,2.4274275302886963,3.1950740948418117,3.7952638382943262,46.0,14.314960956573486,0.3111948034037714,1.28828763961792,4.226157836292101,4.5373526396958725,104.94361221790314,197.0,547
run2_g10_g10_9,-1.0193798361585427,1.1361611883793925,2,544.0,803.001991391182,1.4761066018220257,3.370624303817749,0.0,1.4761066018220257,149.0,89.46140897274017,0.6004121407566455,2.4274275302886963,3.2140672582907963,3.8144793990474417,47.0,14.308147430419922,0.30442866873233876,1.28828763961792,4.223800151906115,4.5282288206384536,103.7695564031601,196.0,545
run2_g11_g11_0,-0.12124400927711733,1.4036549835950398,2,546.0,806.3584336042404,1.4768469479931143,3.370624303817749,0.0,1.4768469479931143,151.0,90.62865126132965,0.6001897434525142,2.4274275302886963,3.1950740948418117,3.7952638382943262,46.0,14.314960956573486,0.3111948034037714,1.28828763961792,4.226157836292101,4.5373526396958725,104.94361221790314,197.0,547
run2_g11_g11_1,-0.12124400927711733,1.4036549835950398,2,546.0,806.3584336042404,1.4768469479931143,3.370624303817749,0.0,1.4768469479931143,151.0,90.62865126132965,0.6001897434525142,2.4274275302886963,3.1950740948418117,3.7952638382943262,46.0,14.314960956573486,0.3111948034037714,1.28828763961792,4.226157836292101,4.5373526396958725,104.94361221790314,197.0,547
run2_g11_g11_10,-0.4614781861032815,2.6040507993181192,2,548.0,811.7871599197388,1.4813634305104721,3.2207815647125244,0.0,1.4813634305104721,151.0,90.48970854282379,0.5992695929988331,2.410245656967163,3.210017977171386,3.8092875701702194,46.0,14.870222806930542,0.3232657131941422,1.28828763961792,4.238952108051466,4.562217821245608,105.35993134975433,197.0,549
run2_g11_g11_11,1.726546724370242,2.3098708905353216,2,549.0,811.6414974927902,1.4783998132837708,3.370624303817749,0.0,1.4783998132837708,154.0,91.5948498249054,0.5947717521097753,2.4274275302886963,3.1901711860260407,3.7849429381358157,47.0,15.08815598487854,0.32102459542294765,1.28828763961792,4.163583562729206,4.484608158152154,106.68300580978394,201.0,550
run2_g11_g11_12,1.726546724370242,2.3098708905353216,2,549.0,811.6414974927902,1.4783998132837708,3.370624303817749,0.0,1.4783998132837708,154.0,91.5948498249054,0.5947717521097753,2.4274275302886963,3.1901711860260407,3.7849429381358157,47.0,15.08815598487854,0.32102459542294765,1.28828763961792,4.163583562729206,4.484608158152154,106.68300580978394,201.0,550
run2_g11_g11_13,-1.0751480727600882,0.7175813551433297,2,544.0,803.4418030977249,1.476915079223759,3.370624303817749,0.0,1.476915079223759,151.0,89.69554007053375,0.5940101991426077,2.4274275302886963,3.210193483245294,3.8042036823879015,46.0,13.998871326446533,0.30432328970535943,1.28828763961792,4.233029349990513,4.5373526396958725,103.69441139698029,197.0,545
run2_g11_g11_14,1.5121281822461248,2.6977664097605576,2,548.0,810.2463057041168,1.4785516527447387,3.370624303817749,0.0,1.4785516527447387,153.0,91.39326345920563,0.5973415912366381,2.4274275302886963,3.189641337768704,3.7869829290053425,47.0,15.206174373626709,0.32353562497078103,1.28828763961792,4.1605544800454,4.484090105016181,106.59943783283234,200.0,549
run2_g11_g11_15,-0.12124400927711733,1.4036549835950398,2,546.0,806.3584336042404,1.4768469479931143,3.370624303817749,0.0,1.4768469479931143,151.0,90.62865126132965,0.6001897434525142,2.4274275302886963,3.1950740948418117,3.7952638382943262,46.0,14.314960956573486,0.3111948034037714,1.28828763961792,4.226157836292101,4.5373526396958725,104.94361221790314,197.0,547
run2_g11_g11_16,-1.7328769735204308,1.1501530071036281,2,542.0,800.9080094099045,1.4776900542618163,3.370624303817749,0.0,1.4776900542618163,150.0,89.6857875585556,0.5979052503903707,2.4274275302886963,3.2163924400011696,3.8142976903915407,44.0,13.63346815109253,0.30985154888846655,1.28828763961792,4.199882220138203,4.50973376902667,103.31925570964813,194.0,543
run2_g11_g11_17,-1.3420579222624123,0.13622239711381542,2,545.0,804.5052207708359,1.4761563683868548,3.370624303817749,0.0,1.4761563683868548,150.0,88.55325472354889,0.590355031490326,2.4274275302886963,3.227433038552602,3.817788070042928,47.0,13.999842643737793,0.297868992419953,1.28828763961792,4.220798096758254,4.518667089178207,102.55309736728668,197.0,546
run2_g11_g11_18,1.7750579308325312,0.4538810438394614,2,552.0,814.5450320243835,1.4756250580151875,3.370624303817749,0.0,1.4756250580151875,154.0,91.27343702316284,0.5926846559945639,2.4274275302886963,3.1875432358159648,3.7802278918105285,46.0,14.32286524772644,0.31136663582014,1.28828763961792,4.191885937815127,4.503252573635267,105.59630227088928,200.0,553
run2_g11_g11_19,-0.12124400927711733,1.4036549835950398,2,546.0,806.3584336042404,1.4768469479931143,3.370624303817749,0.0,1.4768469479931143,151.0,90.62865126132965,0.6001897434525142,2.4274275302886963,3.1950740948418117,3.7952638382943262,46.0,14.314960956573486,0.3111948034037714,1.28828763961792,4.226157836292101,4.5373526396958725,104.94361221790314,197.0,547
run2_g11_g11_2,-2.421379448274716,2.1311409256186393,2,545.0,806.2554425001144,1.4793677844038797,3.370624303817749,0.0,1.4793677844038797,147.0,90.55842113494873,0.6160436811901274,2.4274275302886963,3.234092869726168,3.8501365509162953,47.0,13.62632942199707,0.28992190259568235,1.28828763961792,4.239438975110967,4.529360877706649,104.1847505569458,194.0,546
run2_g11_g11_20,-0.33681954300672,0.3544899049049514,2,549.0,810.0509834289551,1.4755027020563845,3.370624303817749,0.0,1.4755027020563845,150.0,89.01735126972198,0.5934490084648132,2.4274275302886963,3.2178496225674946,3.811298631032308,47.0,14.308147430419922,0.30442866873233876,1.28828763961792,4.223800151906115,4.5282288206384536,103.3254987001419,197.0,550
run2_g11_g11_21,-5.441583622119597,-0.2789337188984002,1,544.0,805.277170419693,1.480288916212671,3.2207815647125244,0.0,1.480288916212671,145.0,86.1123937368393,0.5938785774954434,2.410245656967163,3.265583058883404,3.8594616363788474,47.0,13.700895071029663,0.2915084057665886,0.8472099304199219,4.368644080263503,4.660152486030092,99.81328880786896,192.0,545
run2_g11_g11_22,0.22574810231855322,1.7019833123057753,2,545.0,805.9997684955597,1.4788986577900178,3.370624303817749,0.0,1.4788986577900178,154.0,92.12866413593292,0.5982380788047592,2.4274275302886963,3.1779156915553206,3.7761537703600796,44.0,13.877096176147461,0.31538854945789685,1.28828763961792,4.209207187999379,4.524595737457275,106.00576031208038,198.0,546
run2_g11_g11_23,1.7124866270671582,1.3126711996703404,2,551.0,813.381071805954,1.476190692932766,3.370624303817749,0.0,1.476190692932766,153.0,91.63865280151367,0.5989454431471481,2.4274275302886963,3.1914626040489846,3.7904080471961326,47.0,14.664548397064209,0.31201166802264274,1.28828763961792,4.187458104275643,4.499469772298285,106.30320119857788,200.0,552
run2_g11_g11_24,-2.3004886918580607,1.0161727733261896,2,541.0,799.3234969377518,1.47749260062431,3.370624303817749,0.0,1.47749260062431,149.0,88.81540167331696,0.5960765212974293,2.4274275302886963,3.2260075327534006,3.8220840540508294,44.0,13.63346815109253,0.30985154888846655,1.28828763961792,4.199882220138203,4.50973376902667,102.44886982440948,193.0,542
run2_g11_g11_3,-0.3898689640623862,0.8201392193225784,2,547.0,807.4218512773514,1.4760911357904047,3.370624303817749,0.0,1.4760911357904047,150.0,89.48636591434479,0.5965757727622986,2.4274275302886963,3.21221285422643,3.8087886269887288,47.0,14.315932273864746,0.3045943036992499,1.28828763961792,4.214072785478957,4.518667089178207,103.80229818820953,197.0,548
run2_g11_g11_4,-0.10344496194062716,2.4121376609021365,2,544.0,804.6188592910767,1.479078785461538,3.370624303817749,0.0,1.479078785461538,152.0,90.58484828472137,0.595952949241588,2.4274275302886963,3.1937419246686134,3.7896948739102014,46.0,14.738568544387817,0.3204036640084308,1.28828763961792,4.201764282972916,4.522167946981347,105.32341682910919,198.0,545
run2_g11_g11_5,-0.12124400927711733,1.4036549835950398,2,546.0,806.3584336042404,1.4768469479931143,3.370624303817749,0.0,1.4768469479931143,151.0,90.62865126132965,0.6001897434525142,2.4274275302886963,3.1950740948418117,3.7952638382943262,46.0,14.314960956573486,0.3111948034037714,1.28828763961792,4.226157836292101,4.5373526396958725,104.94361221790314,197.0,547
run2_g11_g11_6,-0.12124400927711733,1.4036549835950398,2,546.0,806.3584336042404,1.4768469479931143,3.370624303817749,0.0,1.4768469479931143,151.0,90.62865126132965,0.6001897434525142,2.4274275302886963,3.1950740948418117,3.7952638382943262,46.0,14.314960956573486,0.3111948034037714,1.28828763961792,4.226157836292101,4.5373526396958725,104.94361221790314,197.0,547
run2_g11_g11_7,-0.9514155213931841,-0.0796043390754427,2,546.0,806.0245445966721,1.4762354296642346,3.370624303817749,0.0,1.4762354296642346,152.0,89.29284369945526,0.5874529190753636,2.4274275302886963,3.2342905394340815,3.821743458509445,47.0,13.999842643737793,0.297868992419953,1.28828763961792,4.220798096758254,4.518667089178207,103.29268634319305,199.0,547
run2_g11_g11_8,0.4567505830123895,1.2792595899055834,2,547.0,807.5984497070312,1.4764139848391795,3.370624303817749,0.0,1.4764139848391795,153.0,92.77917063236237,0.606399808054656,2.4274275302886963,3.1894325516582316,3.7958323597128873,46.0,14.094347715377808,0.30639886337777844,1.28828763961792,4.256084333295408,4.562483196673186,106.87351834774017,199.0,548
run2_g11_g11_9,-3.1495391989344728,0.5400111719696521,1,544.0,803.9405646324158,1.477831920280176,3.2207815647125244,0.0,1.477831920280176,146.0,88.97164368629456,0.6093948197691408,2.4274275302886963,3.250251691635341,3.8596465114044816,46.0,13.37107539176941,0.2906755519949872,1.28828763961792,4.256106827570044,4.546782379565031,102.34271907806396,192.0,545
run2_g12_g12_0,-0.12124400927711733,1.4036549835950398,2,546.0,806.3584336042404,1.4768469479931143,3.370624303817749,0.0,1.4768469479931143,151.0,90.62865126132965,0.6001897434525142,2.4274275302886963,3.1950740948418117,3.7952638382943262,46.0,14.314960956573486,0.3111948034037714,1.28828763961792,4.226157836292101,4.5373526396958725,104.94361221790314,197.0,547
run2_g12_g12_1,-0.12124400927711733,1.4036549835950398,2,546.0,806.3584336042404,1.4768469479931143,3.370624303817749,0.0,1.4768469479931143,151.0,90.62865126132965,0.6001897434525142,2.4274275302886963,3.1950740948418117,3.7952638382943262,46.0,14.314960956573486,0.3111948034037714,1.28828763961792,4.226157836292101,4.5373526396958725,104.94361221790314,197.0,547
run2_g12_g12_10,1.5115451504575255,1.0705510756501733,2,549.0,810.7929434776306,1.4768541775548827,3.370624303817749,0.0,1.4768541775548827,156.0,93.9761813879013,0.6024114191532135,2.4274275302886963,3.19160149876888,3.7940129179220934,47.0,14.161818742752075,0.3013152923989803,1.28828763961792,4.2336842810854,4.53499957348438,108.13800013065338,203.0,550
run2_g12_g12_11,-0.12124400927711733,1.4036549835950398,2,546.0,806.3584336042404,1.4768469479931143,3.370624303817749,0.0,1.4768469479931143,151.0,90.62865126132965,0.6001897434525142,2.4274275302886963,3.1950740948418117,3.7952638382943262,46.0,14.314960956573486,0.3111948034037714,1.28828763961792,4.226157836292101,4.5373526396958725,104.94361221790314,197.0,547
run2_g12_g12_12,-1.0751480727600882,0.7175813551433297,2,544.0,803.4418030977249,1.476915079223759,3.370624303817749,0.0,1.476915079223759,151.0,89.69554007053375,0.5940101991426077,2.4274275302886963,3.210193483245294,3.8042036823879015,46.0,13.998871326446533,0.30432328970535943,1.28828763961792,4.233029349990513,4.5373526396958725,103.69441139698029,197.0,545
run2_g12_g12_13,0.4567505830123895,1.2792595899055834,2,547.0,807.5984497070312,1.4764139848391795,3.370624303817749,0.0,1.4764139848391795,153.0,92.77917063236237,0.606399808054656,2.4274275302886963,3.1894325516582316,3.7958323597128873,46.0,14.094347715377808,0.30639886337777844,1.28828763961792,4.256084333295408,4.562483196673186,106.87351834774017,199.0,548
run2_g12_g12_14,1.726546724370242,2.3098708905353216,2,549.0,811.6414974927902,1.4783998132837708,3.370624303817749,0.0,1.4783998132837708,154.0,91.5948498249054,0.5947717521097753,2.4274275302886963,3.1901711860260407,3.7849429381358157,47.0,15.08815598487854,0.32102459542294765,1.28828763961792,4.163583562729206,4.484608158152154,106.68300580978394,201.0,550
run2_g12_g12_15,1.726546724370242,2.3098708905353216,2,549.0,811.6414974927902,1.4783998132837708,3.370624303817749,0.0,1.4783998132837708,154.0,91.5948498249054,0.5947717521097753,2.4274275302886963,3.1901711860260407,3.7849429381358157,47.0,15.08815598487854,0.32102459542294765,1.28828763961792,4.163583562729206,4.484608158152154,106.68300580978394,201.0,550
run2_g12_g12_16,-0.053488616571257426,1.8638879162774296,2,546.0,806.5162155628204,1.4771359259392316,3.370624303817749,0.0,1.4771359259392316,151.0,91.33684742450714,0.6048797842682592,2.4274275302886963,3.202592681575295,3.807472465843554,47.0,14.527793884277344,0.3091019975378158,1.28828763961792,4.232294392078481,4.541396389616296,105.86464130878448,198.0,547
run2_g12_g12_17,1.5121281822461248,2.6977664097605576,2,548.0,810.2463057041168,1.4785516527447387,3.370624303817749,0.0,1.4785516527447387,153.0,91.39326345920563,0.5973415912366381,2.4274275302886963,3.189641337768704,3.7869829290053425,47.0,15.206174373626709,0.32353562497078103,1.28828763961792,4.1605544800454,4.484090105016181,106.59943783283234,200.0,549
run2_g12_g12_18,0.22574810231855322,1.7019833123057753,2,545.0,805.9997684955597,1.4788986577900178,3.370624303817749,0.0,1.4788986577900178,154.0,92.12866413593292,0.5982380788047592,2.4274275302886963,3.1779156915553206,3.7761537703600796,44.0,13.877096176147461,0.31538854945789685,1.28828763961792,4.209207187999379,4.524595737457275,106.00576031208038,198.0,546
run2_g12_g12_19,-0.12124400927711733,1.4036549835950398,2,546.0,806.3584336042404,1.4768469479931143,3.370624303817749,0.0,1.4768469479931143,151.0,90.62865126132965,0.6001897434525142,2.4274275302886963,3.1950740948418117,3.7952638382943262,46.0,14.314960956573486,0.3111948034037714,1.28828763961792,4.226157836292101,4.5373526396958725,104.94361221790314,197.0,547
run2_g12_g12_2,-1.401279987338897,1.3867074989375117,2,544.0,803.4408656358719,1.4769133559482939,3.370624303817749,0.0,1.4769133559482939,148.0,89.04989445209503,0.6016884760276692,2.4274275302886963,3.201000125827016,3.802688601854685,47.0,14.294596195220947,0.3041403445791691,1.28828763961792,4.255329502389786,4.559469846968955,103.34449064731598,195.0,545
run2_g12_g12_20,-1.251633942752985,0.36577685061104337,2,544.0,803.3766144514084,1.4767952471533243,3.370624303817749,0.0,1.4767952471533243,152.0,89.56474316120148,0.589241731323694,2.4274275302886963,3.226662358955333,3.815904090279027,46.0,13.998871326446533,0.30432328970535943,1.28828763961792,4.233029349990513,4.5373526396958725,103.56361448764801,198.0,545
run2_g12_g12_21,-0.16154734184626257,1.7690647874881382,2,547.0,809.0806618928909,1.4791236963306964,3.370624303817749,0.0,1.4791236963306964,151.0,90.73398292064667,0.6008873041102428,2.4274275302886963,3.1821639782545583,3.7830512823648013,45.0,13.881818771362305,0.308484861585829,1.28828763961792,4.196672095192803,4.505156956778633,104.61580169200897,196.0,548
run2_g12_g12_22,-0.3898689640623862,0.8201392193225784,2,547.0,807.4218512773514,1.4760911357904047,3.370624303817749,0.0,1.4760911357904047,150.0,89.48636591434479,0.5965757727622986,2.4274275302886963,3.21221285422643,3.8087886269887288,47.0,14.315932273864746,0.3045943036992499,1.28828763961792,4.214072785478957,4.518667089178207,103.80229818820953,197.0,548
run2_g12_g12_23,-5.441583622119597,-0.2789337188984002,1,544.0,805.277170419693,1.480288916212671,3.2207815647125244,0.0,1.480288916212671,145.0,86.1123937368393,0.5938785774954434,2.410245656967163,3.265583058883404,3.8594616363788474,47.0,13.700895071029663,0.2915084057665886,0.8472099304199219,4.368644080263503,4.660152486030092,99.81328880786896,192.0,545
run2_g12_g12_24,0.3877400496519639,1.1809165633140952,2,547.0,807.886757016182,1.47694105487419,3.370624303817749,0.0,1.47694105487419,154.0,92.30109679698944,0.5993577714090224,2.4274275302886963,3.2079492041042874,3.8073069755133098,46.0,14.217010021209717,0.3090654352436895,1.28828763961792,4.228287204452183,4.5373526396958725,106.51810681819916,200.0,548
run2_g12_g12_3,-0.12124400927711733,1.4036549835950398,2,546.0,806.3584336042404,1.4768469479931143,3.370624303817749,0.0,1.4768469479931143,151.0,90.62865126132965,0.6001897434525142,2.4274275302886963,3.1950740948418117,3.7952638382943262,46.0,14.314960956573486,0.3111948034037714,1.28828763961792,4.226157836292101,4.5373526396958725,104.94361221790314,197.0,547
run2_g12_g12_4,-0.9514155213931841,-0.0796043390754427,2,546.0,806.0245445966721,1.4762354296642346,3.370624303817749,0.0,1.4762354296642346,152.0,89.29284369945526,0.5874529190753636,2.4274275302886963,3.2342905394340815,3.821743458509445,47.0,13.999842643737793,0.297868992419953,1.28828763961792,4.220798096758254,4.518667089178207,103.29268634319305,199.0,547
run2_g12_g12_5,1.869398219209409,2.9198671131499454,2,549.0,811.7992794513702,1.4786872121154284,3.370624303817749,0.0,1.4786872121154284,154.0,92.13513445854187,0.5982800938866355,2.4274275302886963,3.1975433067841963,3.795823400670832,48.0,15.498241186141968,0.322880024711291,1.28828763961792,4.17090701063474,4.493787035346031,107.63337564468384,202.0,550
run2_g12_g12_6,-0.10344496194062716,2.4121376609021365,2,544.0,804.6188592910767,1.479078785461538,3.370624303817749,0.0,1.479078785461538,152.0,90.58484828472137,0.595952949241588,2.4274275302886963,3.1937419246686134,3.7896948739102014,46.0,14.738568544387817,0.3204036640084308,1.28828763961792,4.201764282972916,4.522167946981347,105.32341682910919,198.0,545
run2_g12_g12_7,-1.6093067868203692,1.4932112115932628,2,542.0,801.386056303978,1.4785720596014353,3.370624303817749,0.0,1.4785720596014353,152.0,91.4557877779007,0.6016828143282941,2.4274275302886963,3.2308464152248284,3.8325292295531224,44.0,13.554189682006836,0.30804976550015534,1.28828763961792,4.201684003526514,4.50973376902667,105.00997745990753,196.0,543
run2_g12_g12_8,-1.3420579222624123,0.13622239711381542,2,545.0,804.5052207708359,1.4761563683868548,3.370624303817749,0.0,1.4761563683868548,150.0,88.55325472354889,0.590355031490326,2.4274275302886963,3.227433038552602,3.817788070042928,47.0,13.999842643737793,0.297868992419953,1.28828763961792,4.220798096758254,4.518667089178207,102.55309736728668,197.0,546
run2_g12_g12_9,-0.5155430173552602,1.4876847059816567,2,548.0,809.4393270015717,1.477079063871481,3.370624303817749,0.0,1.477079063871481,148.0,89.2339700460434,0.6029322300408337,2.4274275302886963,3.1997563009326524,3.802688530973486,47.0,14.31968355178833,0.304674118123156,1.28828763961792,4.213795499598726,4.518469617721882,103.55365359783173,195.0,549
run2_g13_g13_0,-0.12124400927711733,1.4036549835950398,2,546.0,806.3584336042404,1.4768469479931143,3.370624303817749,0.0,1.4768469479931143,151.0,90.62865126132965,0.6001897434525142,2.4274275302886963,3.1950740948418117,3.7952638382943262,46.0,14.314960956573486,0.3111948034037714,1.28828763961792,4.226157836292101,4.5373526396958725,104.94361221790314,197.0,547
run2_g13_g13_1,-0.12124400927711733,1.4036549835950398,2,546.0,806.3584336042404,1.4768469479931143,3.370624303817749,0.0,1.4768469479931143,151.0,90.62865126132965,0.6001897434525142,2.4274275302886963,3.1950740948418117,3.7952638382943262,46.0,14.314960956573486,0.3111948034037714,1.28828763961792,4.226157836292101,4.5373526396958725,104.94361221790314,197.0,547
run2_g13_g13_10,-0.5613182805422686,1.7034374954579414,2,547.0,808.4998562335968,1.4780618943941441,3.370624303817749,0.0,1.4780618943941441,150.0,90.26138651371002,0.6017425767580669,2.4274275302886963,3.2121982089678447,3.8139407857259116,47.0,14.320406675338745,0.3046895037306116,1.28828763961792,4.21370575275827,4.518395256488882,104.58179318904877,197.0,548
run2_g13_g13_11,-0.9514155213931841,-0.0796043390754427,2,546.0,806.0245445966721,1.4762354296642346,3.370624303817749,0.0,1.4762354296642346,152.0,89.29284369945526,0.5874529190753636,2.4274275302886963,3.2342905394340815,3.821743458509445,47.0,13.999842643737793,0.297868992419953,1.28828763961792,4.220798096758254,4.518667089178207,103.29268634319305,199.0,547
run2_g13_g13_12,-1.3420579222624123,0.13622239711381542,2,545.0,804.5052207708359,1.4761563683868548,3.370624303817749,0.0,1.4761563683868548,150.0,88.55325472354889,0.590355031490326,2.4274275302886963,3.227433038552602,3.817788070042928,47.0,13.999842643737793,0.297868992419953,1.28828763961792,4.220798096758254,4.518667089178207,102.55309736728668,197.0,546
run2_g13_g13_13,-1.251633942752985,0.36577685061104337,2,544.0,803.3766144514084,1.4767952471533243,3.370624303817749,0.0,1.4767952471533243,152.0,89.56474316120148,0.589241731323694,2.4274275302886963,3.226662358955333,3.815904090279027,46.0,13.998871326446533,0.30432328970535943,1.28828763961792,4.233029349990513,4.5373526396958725,103.56361448764801,198.0,545
run2_g13_g13_14,-0.12124400927711733,1.4036549835950398,2,546.0,806.3584336042404,1.4768469479931143,3.370624303817749,0.0,1.4768469479931143,151.0,90.62865126132965,0.6001897434525142,2.4274275302886963,3.1950740948418117,3.7952638382943262,46.0,14.314960956573486,0.3111948034037714,1.28828763961792,4.226157836292101,4.5373526396958725,104.94361221790314,197.0,547
run2_g13_g13_15,-0.12124400927711733,1.4036549835950398,2,546.0,806.3584336042404,1.4768469479931143,3.370624303817749,0.0,1.4768469479931143,151.0,90.62865126132965,0.6001897434525142,2.4274275302886963,3.1950740948418117,3.7952638382943262,46.0,14.314960956573486,0.3111948034037714,1.28828763961792,4.226157836292101,4.5373526396958725,104.94361221790314,197.0,547
run2_g13_g13_16,-0.6846736776679782,0.5476305844539585,2,546.0,806.0266138315201,1.4762392194716485,3.370624303817749,0.0,1.4762392194716485,151.0,89.49566805362701,0.5926865434015034,2.4274275302886963,3.2245454875049213,3.8172320309064247,47.0,14.239368915557861,0.30296529607569916,1.28828763961792,4.215701793102508,4.518667089178207,103.73503696918488,198.0,547
run2_g13_g13_17,1.726546724370242,2.3098708905353216,2,549.0,811.6414974927902,1.4783998132837708,3.370624303817749,0.0,1.4783998132837708,154.0,91.5948498249054,0.5947717521097753,2.4274275302886963,3.1901711860260407,3.7849429381358157,47.0,15.08815598487854,0.32102459542294765,1.28828763961792,4.163583562729206,4.484608158152154,106.68300580978394,201.0,550
run2_g13_g13_18,-0.16154734184626257,1.7690647874881382,2,547.0,809.0806618928909,1.4791236963306964,3.370624303817749,0.0,1.4791236963306964,151.0,90.73398292064667,0.6008873041102428,2.4274275302886963,3.1821639782545583,3.7830512823648013,45.0,13.881818771362305,0.308484861585829,1.28828763961792,4.196672095192803,4.505156956778633,104.61580169200897,196.0,548
run2_g13_g13_19,1.5115451504575255,1.0705510756501733,2,549.0,810.7929434776306,1.4768541775548827,3.370624303817749,0.0,1.4768541775548827,156.0,93.9761813879013,0.6024114191532135,2.4274275302886963,3.19160149876888,3.7940129179220934,47.0,14.161818742752075,0.3013152923989803,1.28828763961792,4.2336842810854,4.53499957348438,108.13800013065338,203.0,550
run2_g13_g13_2,-0.12124400927711733,1.4036549835950398,2,546.0,806.3584336042404,1.4768469479931143,3.370624303817749,0.0,1.4768469479931143,151.0,90.62865126132965,0.6001897434525142,2.4274275302886963,3.1950740948418117,3.7952638382943262,46.0,14.314960956573486,0.3111948034037714,1.28828763961792,4.226157836292101,4.5373526396958725,104.94361221790314,197.0,547
run2_g13_g13_20,-0.10344496194062716,2.4121376609021365,2,544.0,804.6188592910767,1.479078785461538,3.370624303817749,0.0,1.479078785461538,152.0,90.58484828472137,0.595952949241588,2.4274275302886963,3.1937419246686134,3.7896948739102014,46.0,14.738568544387817,0.3204036640084308,1.28828763961792,4.201764282972916,4.522167946981347,105.32341682910919,198.0,545
run2_g13_g13_21,-0.12124400927711733,1.4036549835950398,2,546.0,806.3584336042404,1.4768469479931143,3.370624303817749,0.0,1.4768469479931143,151.0,90.62865126132965,0.6001897434525142,2.4274275302886963,3.1950740948418117,3.7952638382943262,46.0,14.314960956573486,0.3111948034037714,1.28828763961792,4.226157836292101,4.5373526396958725,104.94361221790314,197.0,547
run2_g13_g13_22,-0.12124400927711733,1.4036549835950398,2,546.0,806.3584336042404,1.4768469479931143,3.370624303817749,0.0,1.4768469479931143,151.0,90.62865126132965,0.6001897434525142,2.4274275302886963,3.1950740948418117,3.7952638382943262,46.0,14.314960956573486,0.3111948034037714,1.28828763961792,4.226157836292101,4.5373526396958725,104.94361221790314,197.0,547
run2_g13_g13_23,-1.401279987338897,1.3867074989375117,2,544.0,803.4408656358719,1.4769133559482939,3.370624303817749,0.0,1.4769133559482939,148.0,89.04989445209503,0.6016884760276692,2.4274275302886963,3.201000125827016,3.802688601854685,47.0,14.294596195220947,0.3041403445791691,1.28828763961792,4.255329502389786,4.559469846968955,103.34449064731598,195.0,545
run2_g13_g13_24,-1.0751480727600882,0.7175813551433297,2,544.0,803.4418030977249,1.476915079223759,3.370624303817749,0.0,1.476915079223759,151.0,89.69554007053375,0.5940101991426077,2.4274275302886963,3.210193483245294,3.8042036823879015,46.0,13.998871326446533,0.30432328970535943,1.28828763961792,4.233029349990513,4.5373526396958725,103.69441139698029,197.0,545
run2_g13_g13_3,-0.8228263858424357,-0.07596342790856461,2,546.0,806.0335441827774,1.4762519124226692,3.370624303817749,0.0,1.4762519124226692,153.0,90.22570025920868,0.5897104592105142,2.4274275302886963,3.23975780976364,3.829468268974155,47.0,13.901891708374023,0.29578492996540473,1.28828763961792,4.222882159212802,4.518667089178207,104.1275919675827,200.0,547
run2_g13_g13_4,0.7316635403129728,1.477095873093091,2,546.0,807.5280919075012,1.4789891793177679,3.370624303817749,0.0,1.4789891793177679,157.0,93.80110967159271,0.5974592972712912,2.4274275302886963,3.1908726472004205,3.7883319444717114,44.0,13.779145240783691,0.313162391835993,1.28828763961792,4.211433345621282,4.524595737457275,107.5802549123764,201.0,547
run2_g13_g13_5,0.16333297486853127,0.7227906930747725,2,546.0,806.4554708003998,1.477024671795604,3.370624303817749,0.0,1.477024671795604,154.0,90.63935077190399,0.5885672128045714,2.4274275302886963,3.2006197803980343,3.789186993202606,46.0,14.314960956573486,0.3111948034037714,1.28828763961792,4.226157836292101,4.5373526396958725,104.95431172847748,200.0,547
run2_g13_g13_6,0.9671473988610574,1.05220695824648,2,548.0,809.1267731189728,1.4765087100711183,3.370624303817749,0.0,1.4765087100711183,156.0,94.45161616802216,0.605459078000142,2.4274275302886963,3.2022510866324105,3.8077101646325526,46.0,13.996396780014038,0.3042694952176965,1.28828763961792,4.25821370145549,4.562483196673186,108.4480129480362,202.0,549
run2_g13_g13_7,1.6657985874524526,2.3079534624863927,2,547.0,808.5806112289429,1.4782095269267694,3.370624303817749,0.0,1.4782095269267694,155.0,92.43520617485046,0.596356168870003,2.4274275302886963,3.1945664005894816,3.7909225694594846,47.0,15.007134199142456,0.31930072764132883,1.28828763961792,4.1653074305108255,4.484608158152154,107.44234037399292,202.0,548
run2_g13_g13_8,0.4878148944497533,-0.02794765793033135,2,547.0,806.9712736606598,1.475267410714186,3.2207815647125244,0.0,1.475267410714186,151.0,89.94778645038605,0.595680704969444,2.4274275302886963,3.1921850616568763,3.7878657666263202,46.0,14.181888818740845,0.30830193084219226,1.28828763961792,4.208893340566884,4.517195271409077,104.12967526912689,197.0,548
run2_g13_g13_9,1.869398219209409,2.9198671131499454,2,549.0,811.7992794513702,1.4786872121154284,3.370624303817749,0.0,1.4786872121154284,154.0,92.13513445854187,0.5982800938866355,2.4274275302886963,3.1975433067841963,3.795823400670832,48.0,15.498241186141968,0.322880024711291,1.28828763961792,4.17090701063474,4.493787035346031,107.63337564468384,202.0,550
run2_g14_g14_0,-0.12124400927711733,1.4036549835950398,2,546.0,806.3584336042404,1.4768469479931143,3.370624303817749,0.0,1.4768469479931143,151.0,90.62865126132965,0.6001897434525142,2.4274275302886963,3.1950740948418117,3.7952638382943262,46.0,14.314960956573486,0.3111948034037714,1.28828763961792,4.226157836292101,4.5373526396958725,104.94361221790314,197.0,547
run2_g14_g14_1,-0.12124400927711733,1.4036549835950398,2,546.0,806.3584336042404,1.4768469479931143,3.370624303817749,0.0,1.4768469479931143,151.0,90.62865126132965,0.6001897434525142,2.4274275302886963,3.1950740948418117,3.7952638382943262,46.0,14.314960956573486,0.3111948034037714,1.28828763961792,4.226157836292101,4.5373526396958725,104.94361221790314,197.0,547
run2_g14_g14_10,-1.485890881759493,0.21491857741781734,2,544.0,803.1100925207138,1.476305317133665,3.370624303817749,0.0,1.476305317133665,150.0,88.55325472354889,0.590355031490326,2.4274275302886963,3.227433038552602,3.817788070042928,47.0,13.999842643737793,0.297868992419953,1.28828763961792,4.220798096758254,4.518667089178207,102.55309736728668,197.0,545
run2_g14_g14_11,0.16333297486853127,0.7227906930747725,2,546.0,806.4554708003998,1.477024671795604,3.370624303817749,0.0,1.477024671795604,154.0,90.63935077190399,0.5885672128045714,2.4274275302886963,3.2006197803980343,3.789186993202606,46.0,14.314960956573486,0.3111948034037714,1.28828763961792,4.226157836292101,4.5373526396958725,104.95431172847748,200.0,547
run2_g14_g14_12,2.243858832948398,1.3605651826153677,2,550.0,812.1223970651627,1.476586176482114,3.370624303817749,0.0,1.476586176482114,155.0,91.94014000892639,0.5931621936059768,2.4274275302886963,3.1877378894436745,3.780900083049651,47.0,14.842056512832642,0.31578843644324767,1.28828763961792,4.163583562729206,4.4793719991724545,106.78219652175903,202.0,551
run2_g14_g14_13,1.726546724370242,2.3098708905353216,2,549.0,811.6414974927902,1.4783998132837708,3.370624303817749,0.0,1.4783998132837708,154.0,91.5948498249054,0.5947717521097753,2.4274275302886963,3.1901711860260407,3.7849429381358157,47.0,15.08815598487854,0.32102459542294765,1.28828763961792,4.163583562729206,4.484608158152154,106.68300580978394,201.0,550
run2_g14_g14_14,-1.401279987338897,1.3867074989375117,2,544.0,803.4408656358719,1.4769133559482939,3.370624303817749,0.0,1.4769133559482939,148.0,89.04989445209503,0.6016884760276692,2.4274275302886963,3.201000125827016,3.802688601854685,47.0,14.294596195220947,0.3041403445791691,1.28828763961792,4.255329502389786,4.559469846968955,103.34449064731598,195.0,545
run2_g14_g14_15,-3.1971117690646267,0.002213367133692834,1,541.0,799.1652781963348,1.4772001445403602,3.370624303817749,0.0,1.4772001445403602,150.0,88.24976086616516,0.5883317391077677,2.4274275302886963,3.227122662862142,3.8154544019699097,45.0,13.568998336791992,0.3015332963731554,1.28828763961792,4.311384126875136,4.612917423248291,101.81875920295715,195.0,542
run2_g14_g14_16,-1.3420579222624123,0.13622239711381542,2,545.0,804.5052207708359,1.4761563683868548,3.370624303817749,0.0,1.4761563683868548,150.0,88.55325472354889,0.590355031490326,2.4274275302886963,3.227433038552602,3.817788070042928,47.0,13.999842643737793,0.297868992419953,1.28828763961792,4.220798096758254,4.518667089178207,102.55309736728668,197.0,546
run2_g14_g14_17,0.7316635403129728,1.477095873093091,2,546.0,807.5280919075012,1.4789891793177679,3.370624303817749,0.0,1.4789891793177679,157.0,93.80110967159271,0.5974592972712912,2.4274275302886963,3.1908726472004205,3.7883319444717114,44.0,13.779145240783691,0.313162391835993,1.28828763961792,4.211433345621282,4.524595737457275,107.5802549123764,201.0,547
run2_g14_g14_18,0.16333297486853127,0.7227906930747725,2,546.0,806.4554708003998,1.477024671795604,3.370624303817749,0.0,1.477024671795604,154.0,90.63935077190399,0.5885672128045714,2.4274275302886963,3.2006197803980343,3.789186993202606,46.0,14.314960956573486,0.3111948034037714,1.28828763961792,4.226157836292101,4.5373526396958725,104.95431172847748,200.0,547
run2_g14_g14_19,-0.12124400927711733,1.4036549835950398,2,546.0,806.3584336042404,1.4768469479931143,3.370624303817749,0.0,1.4768469479931143,151.0,90.62865126132965,0.6001897434525142,2.4274275302886963,3.1950740948418117,3.7952638382943262,46.0,14.314960956573486,0.3111948034037714,1.28828763961792,4.226157836292101,4.5373526396958725,104.94361221790314,197.0,547
run2_g14_g14_2,-0.9514155213931841,-0.0796043390754427,2,546.0,806.0245445966721,1.4762354296642346,3.370624303817749,0.0,1.4762354296642346,152.0,89.29284369945526,0.5874529190753636,2.4274275302886963,3.2342905394340815,3.821743458509445,47.0,13.999842643737793,0.297868992419953,1.28828763961792,4.220798096758254,4.518667089178207,103.29268634319305,199.0,547
run2_g14_g14_20,-0.5613182805422686,1.7034374954579414,2,547.0,808.4998562335968,1.4780618943941441,3.370624303817749,0.0,1.4780618943941441,150.0,90.26138651371002,0.6017425767580669,2.4274275302886963,3.2121982089678447,3.8139407857259116,47.0,14.320406675338745,0.3046895037306116,1.28828763961792,4.21370575275827,4.518395256488882,104.58179318904877,197.0,548
run2_g14_g14_21,-0.12124400927711733,1.4036549835950398,2,546.0,806.3584336042404,1.4768469479931143,3.370624303817749,0.0,1.4768469479931143,151.0,90.62865126132965,0.6001897434525142,2.4274275302886963,3.1950740948418117,3.7952638382943262,46.0,14.314960956573486,0.3111948034037714,1.28828763961792,4.226157836292101,4.5373526396958725,104.94361221790314,197.0,547
run2_g14_g14_22,-0.3348963991153866,1.7964545533924174,2,545.0,804.963241815567,1.4769967739735175,3.370624303817749,0.0,1.4769967739735175,150.0,90.42706489562988,0.6028470993041992,2.4274275302886963,3.1945663356781004,3.7974134349822997,46.0,14.432979345321655,0.31376042055047076,1.28828763961792,4.223062903984733,4.536823324535204,104.86004424095154,196.0,546
run2_g14_g14_23,-1.057150669673704,1.7303891390460728,2,542.0,801.7022287845612,1.479155403661552,3.370624303817749,0.0,1.479155403661552,152.0,89.65173709392548,0.589814059828457,2.4274275302886963,3.208761843411546,3.7985759032400033,46.0,14.422478914260864,0.3135321503100188,1.28828763961792,4.208635796671328,4.522167946981347,104.07421600818634,198.0,543
run2_g14_g14_24,-0.9594082597257259,0.5820643841885694,2,547.0,808.0510199069977,1.4772413526636154,3.370624303817749,0.0,1.4772413526636154,151.0,89.97330439090729,0.5958496979530284,2.4274275302886963,3.2279135715093044,3.823763269462333,47.0,13.905642986297607,0.2958647443893108,1.28828763961792,4.222604873332571,4.518469617721882,103.8789473772049,198.0,548
run2_g14_g14_3,-0.3524982633150619,1.0697446688498948,2,547.0,809.4048899412155,1.4797164349930814,3.370624303817749,0.0,1.4797164349930814,156.0,91.00708210468292,0.5833787314402752,2.4274275302886963,3.25041212561803,3.833790857058305,49.0,14.624385595321655,0.2984568488841154,1.28828763961792,4.221191761445026,4.519648610329141,105.63146770000458,205.0,548
run2_g14_g14_4,-0.12124400927711733,1.4036549835950398,2,546.0,806.3584336042404,1.4768469479931143,3.370624303817749,0.0,1.4768469479931143,151.0,90.62865126132965,0.6001897434525142,2.4274275302886963,3.1950740948418117,3.7952638382943262,46.0,14.314960956573486,0.3111948034037714,1.28828763961792,4.226157836292101,4.5373526396958725,104.94361221790314,197.0,547
run2_g14_g14_5,1.5115451504575255,1.0705510756501733,2,549.0,810.7929434776306,1.4768541775548827,3.370624303817749,0.0,1.4768541775548827,156.0,93.9761813879013,0.6024114191532135,2.4274275302886963,3.19160149876888,3.7940129179220934,47.0,14.161818742752075,0.3013152923989803,1.28828763961792,4.2336842810854,4.53499957348438,108.13800013065338,203.0,550
run2_g14_g14_6,-0.27523782470158936,1.0790259735633352,2,546.0,806.189619064331,1.4765377638540862,3.370624303817749,0.0,1.4765377638540862,154.0,94.0979825258255,0.6110258605573085,2.4274275302886963,3.203406015773872,3.814431876331181,45.0,13.624498844146729,0.3027666409810384,1.28828763961792,4.299301968680488,4.602068609661526,107.72248136997223,199.0,547
run2_g14_g14_7,-0.16154734184626257,1.7690647874881382,2,547.0,809.0806618928909,1.4791236963306964,3.370624303817749,0.0,1.4791236963306964,151.0,90.73398292064667,0.6008873041102428,2.4274275302886963,3.1821639782545583,3.7830512823648013,45.0,13.881818771362305,0.308484861585829,1.28828763961792,4.196672095192803,4.505156956778633,104.61580169200897,196.0,548
run2_g14_g14_8,-0.10344496194062716,2.4121376609021365,2,544.0,804.6188592910767,1.479078785461538,3.370624303817749,0.0,1.479078785461538,152.0,90.58484828472137,0.595952949241588,2.4274275302886963,3.1937419246686134,3.7896948739102014,46.0,14.738568544387817,0.3204036640084308,1.28828763961792,4.201764282972916,4.522167946981347,105.32341682910919,198.0,545
run2_g14_g14_9,-0.12124400927711733,1.4036549835950398,2,546.0,806.3584336042404,1.4768469479931143,3.370624303817749,0.0,1.4768469479931143,151.0,90.62865126132965,0.6001897434525142,2.4274275302886963,3.1950740948418117,3.7952638382943262,46.0,14.314960956573486,0.3111948034037714,1.28828763961792,4.226157836292101,4.5373526396958725,104.94361221790314,197.0,547
run2_g15_g15_0,-0.12124400927711733,1.4036549835950398,2,546.0,806.3584336042404,1.4768469479931143,3.370624303817749,0.0,1.4768469479931143,151.0,90.62865126132965,0.6001897434525142,2.4274275302886963,3.1950740948418117,3.7952638382943262,46.0,14.314960956573486,0.3111948034037714,1.28828763961792,4.226157836292101,4.5373526396958725,104.94361221790314,197.0,547
run2_g15_g15_1,-0.12124400927711733,1.4036549835950398,2,546.0,806.3584336042404,1.4768469479931143,3.370624303817749,0.0,1.4768469479931143,151.0,90.62865126132965,0.6001897434525142,2.4274275302886963,3.1950740948418117,3.7952638382943262,46.0,14.314960956573486,0.3111948034037714,1.28828763961792,4.226157836292101,4.5373526396958725,104.94361221790314,197.0,547
run2_g15_g15_10,-0.12124400927711733,1.4036549835950398,2,546.0,806.3584336042404,1.4768469479931143,3.370624303817749,0.0,1.4768469479931143,151.0,90.62865126132965,0.6001897434525142,2.4274275302886963,3.1950740948418117,3.7952638382943262,46.0,14.314960956573486,0.3111948034037714,1.28828763961792,4.226157836292101,4.5373526396958725,104.94361221790314,197.0,547
run2_g15_g15_11,-0.12124400927711733,1.4036549835950398,2,546.0,806.3584336042404,1.4768469479931143,3.370624303817749,0.0,1.4768469479931143,151.0,90.62865126132965,0.6001897434525142,2.4274275302886963,3.1950740948418117,3.7952638382943262,46.0,14.314960956573486,0.3111948034037714,1.28828763961792,4.226157836292101,4.5373526396958725,104.94361221790314,197.0,547
run2_g15_g15_12,-0.9379449053985108,1.3589893096682213,2,543.0,803.0933862924576,1.478993344921653,3.370624303817749,0.0,1.478993344921653,153.0,89.80333578586578,0.586949907097162,2.4274275302886963,3.2173019803427403,3.8042518874399023,47.0,14.476823568344116,0.30801752273072586,1.28828763961792,4.222233741841418,4.5302512645721436,104.2801593542099,200.0,544
run2_g15_g15_13,-4.699353975592536,-0.5750771468552895,1,540.0,797.605938076973,1.4770480334758758,3.370624303817749,0.0,1.4770480334758758,146.0,87.26419579982758,0.5976999712316957,2.4274275302886963,3.2461148443287366,3.843814815560432,47.0,13.32217001914978,0.28345042593935704,0.8472099304199219,4.31777978450694,4.601230210446297,100.58636581897736,193.0,541
run2_g15_g15_14,-0.864500748511172,2.0457027947567172,2,544.0,804.0512065887451,1.4780353062293108,3.370624303817749,0.0,1.4780353062293108,150.0,90.52081978321075,0.6034721318880717,2.4274275302886963,3.203805836836497,3.8072779687245686,48.0,14.619981288909912,0.3045829435189565,1.28828763961792,4.2580651591221494,4.562648102641106,105.14080107212067,198.0,545
run2_g15_g15_15,-0.12124400927711733,1.4036549835950398,2,546.0,806.3584336042404,1.4768469479931143,3.370624303817749,0.0,1.4768469479931143,151.0,90.62865126132965,0.6001897434525142,2.4274275302886963,3.1950740948418117,3.7952638382943262,46.0,14.314960956573486,0.3111948034037714,1.28828763961792,4.226157836292101,4.5373526396958725,104.94361221790314,197.0,547
run2_g15_g15_16,-0.12124400927711733,1.4036549835950398,2,546.0,806.3584336042404,1.4768469479931143,3.370624303817749,0.0,1.4768469479931143,151.0,90.62865126132965,0.6001897434525142,2.4274275302886963,3.1950740948418117,3.7952638382943262,46.0,14.314960956573486,0.3111948034037714,1.28828763961792,4.226157836292101,4.5373526396958725,104.94361221790314,197.0,547
run2_g15_g15_17,-1.9696202216484013,2.453155345214611,2,539.0,797.6467233896255,1.4798640508156318,3.370624303817749,0.0,1.4798640508156318,151.0,90.7183393239975,0.6007837041324338,2.4274275302886963,3.2149102664151727,3.8156939705476067,46.0,14.276464223861694,0.3103579179100368,1.28828763961792,4.242228352505228,4.552586270415264,104.99480354785919,197.0,540
run2_g15_g15_18,-0.27523782470158936,1.0790259735633352,2,546.0,806.189619064331,1.4765377638540862,3.370624303817749,0.0,1.4765377638540862,154.0,94.0979825258255,0.6110258605573085,2.4274275302886963,3.203406015773872,3.814431876331181,45.0,13.624498844146729,0.3027666409810384,1.28828763961792,4.299301968680488,4.602068609661526,107.72248136997223,199.0,547
run2_g15_g15_19,-2.6299910567787013,0.8063318318955488,1,542.0,800.6868101358414,1.4772819375200026,3.370624303817749,0.0,1.4772819375200026,149.0,89.3724091053009,0.5998148262100732,2.4274275302886963,3.2098496904309166,3.8096645166409897,45.0,13.647997856140137,0.3032888412475586,1.28828763961792,4.308981238471137,4.612270079718696,103.02040696144104,194.0,543
run2_g15_g15_2,-1.057150669673704,1.7303891390460728,2,542.0,801.7022287845612,1.479155403661552,3.370624303817749,0.0,1.479155403661552,152.0,89.65173709392548,0.589814059828457,2.4274275302886963,3.208761843411546,3.7985759032400033,46.0,14.422478914260864,0.3135321503100188,1.28828763961792,4.208635796671328,4.522167946981347,104.07421600818634,198.0,543
run2_g15_g15_20,-3.1971117690646267,0.002213367133692834,1,541.0,799.1652781963348,1.4772001445403602,3.370624303817749,0.0,1.4772001445403602,150.0,88.24976086616516,0.5883317391077677,2.4274275302886963,3.227122662862142,3.8154544019699097,45.0,13.568998336791992,0.3015332963731554,1.28828763961792,4.311384126875136,4.612917423248291,101.81875920295715,195.0,542
run2_g15_g15_21,-1.6086634674824003,1.690429584311016,2,544.0,804.5519716739655,1.4789558302830248,3.370624303817749,0.0,1.4789558302830248,150.0,89.79951632022858,0.5986634421348572,2.4274275302886963,3.2189039746920267,3.817567416826884,46.0,14.08382511138916,0.30617011111715564,1.28828763961792,4.229408264160156,4.535578375277312,103.88334143161774,196.0,545
run2_g15_g15_22,-0.9514155213931841,-0.0796043390754427,2,546.0,806.0245445966721,1.4762354296642346,3.370624303817749,0.0,1.4762354296642346,152.0,89.29284369945526,0.5874529190753636,2.4274275302886963,3.2342905394340815,3.821743458509445,47.0,13.999842643737793,0.297868992419953,1.28828763961792,4.220798096758254,4.518667089178207,103.29268634319305,199.0,547
run2_g15_g15_23,0.7316635403129728,1.477095873093091,2,546.0,807.5280919075012,1.4789891793177679,3.370624303817749,0.0,1.4789891793177679,157.0,93.80110967159271,0.5974592972712912,2.4274275302886963,3.1908726472004205,3.7883319444717114,44.0,13.779145240783691,0.313162391835993,1.28828763961792,4.211433345621282,4.524595737457275,107.5802549123764,201.0,547
run2_g15_g15_24,-0.3524982633150619,1.0697446688498948,2,547.0,809.4048899412155,1.4797164349930814,3.370624303817749,0.0,1.4797164349930814,156.0,91.00708210468292,0.5833787314402752,2.4274275302886963,3.25041212561803,3.833790857058305,49.0,14.624385595321655,0.2984568488841154,1.28828763961792,4.221191761445026,4.519648610329141,105.63146770000458,205.0,548
run2_g15_g15_3,-1.3420579222624123,0.13622239711381542,2,545.0,804.5052207708359,1.4761563683868548,3.370624303817749,0.0,1.4761563683868548,150.0,88.55325472354889,0.590355031490326,2.4274275302886963,3.227433038552602,3.817788070042928,47.0,13.999842643737793,0.297868992419953,1.28828763961792,4.220798096758254,4.518667089178207,102.55309736728668,197.0,546
run2_g15_g15_4,-0.5367148809103458,2.537325439041498,2,546.0,807.5065277814865,1.4789496845814771,3.370624303817749,0.0,1.4789496845814771,148.0,90.79537725448608,0.6134822787465276,2.4274275302886963,3.175632505803495,3.7891147845500224,45.0,13.881818771362305,0.308484861585829,1.28828763961792,4.196672095192803,4.505156956778633,104.67719602584839,193.0,547
run2_g15_g15_5,-0.12124400927711733,1.4036549835950398,2,546.0,806.3584336042404,1.4768469479931143,3.370624303817749,0.0,1.4768469479931143,151.0,90.62865126132965,0.6001897434525142,2.4274275302886963,3.1950740948418117,3.7952638382943262,46.0,14.314960956573486,0.3111948034037714,1.28828763961792,4.226157836292101,4.5373526396958725,104.94361221790314,197.0,547
run2_g15_g15_6,0.4567505830123895,1.2792595899055834,2,547.0,807.5984497070312,1.4764139848391795,3.370624303817749,0.0,1.4764139848391795,153.0,92.77917063236237,0.606399808054656,2.4274275302886963,3.1894325516582316,3.7958323597128873,46.0,14.094347715377808,0.30639886337777844,1.28828763961792,4.256084333295408,4.562483196673186,106.87351834774017,199.0,548
run2_g15_g15_7,0.16333297486853127,0.7227906930747725,2,546.0,806.4554708003998,1.477024671795604,3.370624303817749,0.0,1.477024671795604,154.0,90.63935077190399,0.5885672128045714,2.4274275302886963,3.2006197803980343,3.789186993202606,46.0,14.314960956573486,0.3111948034037714,1.28828763961792,4.226157836292101,4.5373526396958725,104.95431172847748,200.0,547
run2_g15_g15_8,-0.10344496194062716,2.4121376609021365,2,544.0,804.6188592910767,1.479078785461538,3.370624303817749,0.0,1.479078785461538,152.0,90.58484828472137,0.595952949241588,2.4274275302886963,3.1937419246686134,3.7896948739102014,46.0,14.738568544387817,0.3204036640084308,1.28828763961792,4.201764282972916,4.522167946981347,105.32341682910919,198.0,545
run2_g15_g15_9,0.16333297486853127,0.7227906930747725,2,546.0,806.4554708003998,1.477024671795604,3.370624303817749,0.0,1.477024671795604,154.0,90.63935077190399,0.5885672128045714,2.4274275302886963,3.2006197803980343,3.789186993202606,46.0,14.314960956573486,0.3111948034037714,1.28828763961792,4.226157836292101,4.5373526396958725,104.95431172847748,200.0,547
run2_g16_g16_0,-1.6086634674824003,1.690429584311016,2,544.0,804.5519716739655,1.4789558302830248,3.370624303817749,0.0,1.4789558302830248,150.0,89.79951632022858,0.5986634421348572,2.4274275302886963,3.2189039746920267,3.817567416826884,46.0,14.08382511138916,0.30617011111715564,1.28828763961792,4.229408264160156,4.535578375277312,103.88334143161774,196.0,545
run2_g16_g16_1,-0.12124400927711733,1.4036549835950398,2,546.0,806.3584336042404,1.4768469479931143,3.370624303817749,0.0,1.4768469479931143,151.0,90.62865126132965,0.6001897434525142,2.4274275302886963,3.1950740948418117,3.7952638382943262,46.0,14.314960956573486,0.3111948034037714,1.28828763961792,4.226157836292101,4.5373526396958725,104.94361221790314,197.0,547
run2_g16_g16_10,-3.3701741900873277,-0.2892704013552634,1,542.0,802.2117345333099,1.4800954511684685,3.370624303817749,0.0,1.4800954511684685,155.0,88.62819170951843,0.5717947852226996,2.4274275302886963,3.2817838884169057,3.853578673639605,48.0,13.878422975540161,0.28913381199042004,1.28828763961792,4.300987948973973,4.590121760964394,102.5066146850586,203.0,543
run2_g16_g16_11,-2.536490174743506,2.321453966462864,2,538.0,796.0622109174728,1.479669537021325,3.370624303817749,0.0,1.479669537021325,150.0,89.84795343875885,0.5989863562583924,2.4274275302886963,3.2244513773918153,3.8234377336502074,46.0,14.276464223861694,0.3103579179100368,1.28828763961792,4.242228352505228,4.552586270415264,104.12441766262054,196.0,539
run2_g16_g16_12,-0.2705885459253797,1.0184107661475397,2,547.0,808.5968934297562,1.4782392932902306,3.370624303817749,0.0,1.4782392932902306,153.0,90.27208602428436,0.5900136341456494,2.4274275302886963,3.2174443738912446,3.807458008036894,47.0,14.320406675338745,0.3046895037306116,1.28828763961792,4.21370575275827,4.518395256488882,104.59249269962311,200.0,548
run2_g16_g16_13,-0.10344496194062716,2.4121376609021365,2,544.0,804.6188592910767,1.479078785461538,3.370624303817749,0.0,1.479078785461538,152.0,90.58484828472137,0.595952949241588,2.4274275302886963,3.1937419246686134,3.7896948739102014,46.0,14.738568544387817,0.3204036640084308,1.28828763961792,4.201764282972916,4.522167946981347,105.32341682910919,198.0,545
run2_g16_g16_14,-0.27523782470158936,1.0790259735633352,2,546.0,806.189619064331,1.4765377638540862,3.370624303817749,0.0,1.4765377638540862,154.0,94.0979825258255,0.6110258605573085,2.4274275302886963,3.203406015773872,3.814431876331181,45.0,13.624498844146729,0.3027666409810384,1.28828763961792,4.299301968680488,4.602068609661526,107.72248136997223,199.0,547
run2_g16_g16_15,-2.6142672131984197,-0.946377789966599,1,544.0,802.3739362955093,1.47495208877851,3.370624303817749,0.0,1.47495208877851,148.0,89.06162488460541,0.6017677357067933,2.4274275302886963,3.2131113530816258,3.814879088788419,46.0,13.294819593429565,0.2890178172484688,0.8472099304199219,4.304856974145641,4.593874791394109,102.35644447803497,194.0,545
run2_g16_g16_16,0.4567505830123895,1.2792595899055834,2,547.0,807.5984497070312,1.4764139848391795,3.370624303817749,0.0,1.4764139848391795,153.0,92.77917063236237,0.606399808054656,2.4274275302886963,3.1894325516582316,3.7958323597128873,46.0,14.094347715377808,0.30639886337777844,1.28828763961792,4.256084333295408,4.562483196673186,106.87351834774017,199.0,548
run2_g16_g16_17,-0.864500748511172,2.0457027947567172,2,544.0,804.0512065887451,1.4780353062293108,3.370624303817749,0.0,1.4780353062293108,150.0,90.52081978321075,0.6034721318880717,2.4274275302886963,3.203805836836497,3.8072779687245686,48.0,14.619981288909912,0.3045829435189565,1.28828763961792,4.2580651591221494,4.562648102641106,105.14080107212067,198.0,545
run2_g16_g16_18,-0.5367148809103458,2.537325439041498,2,546.0,807.5065277814865,1.4789496845814771,3.370624303817749,0.0,1.4789496845814771,148.0,90.79537725448608,0.6134822787465276,2.4274275302886963,3.175632505803495,3.7891147845500224,45.0,13.881818771362305,0.308484861585829,1.28828763961792,4.196672095192803,4.505156956778633,104.67719602584839,193.0,547
run2_g16_g16_19,-0.12124400927711733,1.4036549835950398,2,546.0,806.3584336042404,1.4768469479931143,3.370624303817749,0.0,1.4768469479931143,151.0,90.62865126132965,0.6001897434525142,2.4274275302886963,3.1950740948418117,3.7952638382943262,46.0,14.314960956573486,0.3111948034037714,1.28828763961792,4.226157836292101,4.5373526396958725,104.94361221790314,197.0,547
run2_g16_g16_2,-0.12124400927711733,1.4036549835950398,2,546.0,806.3584336042404,1.4768469479931143,3.370624303817749,0.0,1.4768469479931143,151.0,90.62865126132965,0.6001897434525142,2.4274275302886963,3.1950740948418117,3.7952638382943262,46.0,14.314960956573486,0.3111948034037714,1.28828763961792,4.226157836292101,4.5373526396958725,104.94361221790314,197.0,547
run2_g16_g16_20,-0.3524982633150619,1.0697446688498948,2,547.0,809.4048899412155,1.4797164349930814,3.370624303817749,0.0,1.4797164349930814,156.0,91.00708210468292,0.5833787314402752,2.4274275302886963,3.25041212561803,3.833790857058305,49.0,14.624385595321655,0.2984568488841154,1.28828763961792,4.221191761445026,4.519648610329141,105.63146770000458,205.0,548
run2_g16_g16_21,-3.233106211398089,1.433487800584012,1,540.0,799.1015474796295,1.4798176805178325,3.370624303817749,0.0,1.4798176805178325,149.0,88.85665261745453,0.596353373271507,2.4274275302886963,3.2405253280729256,3.8368787013444323,44.0,13.402332305908203,0.3045984614979137,1.28828763961792,4.203280394727534,4.507878856225447,102.25898492336273,193.0,541
run2_g16_g16_22,0.16333297486853127,0.7227906930747725,2,546.0,806.4554708003998,1.477024671795604,3.370624303817749,0.0,1.477024671795604,154.0,90.63935077190399,0.5885672128045714,2.4274275302886963,3.2006197803980343,3.789186993202606,46.0,14.314960956573486,0.3111948034037714,1.28828763961792,4.226157836292101,4.5373526396958725,104.95431172847748,200.0,547
run2_g16_g16_23,-2.3911373908521423,0.116140640047062,1,542.0,800.5573362112045,1.4770430557402296,3.370624303817749,0.0,1.4770430557402296,150.0,88.09138453006744,0.5872758968671163,2.4274275302886963,3.2341388042767845,3.8214147011439006,46.0,13.763261079788208,0.2992013278214828,1.28828763961792,4.236654789551444,4.535856117372927,101.85464560985565,196.0,543
run2_g16_g16_24,-1.156012639267695,1.7460071149781253,2,542.0,801.6981945037842,1.4791479603390851,3.370624303817749,0.0,1.4791479603390851,152.0,89.60174942016602,0.5894851935537238,2.4274275302886963,3.2169471383094788,3.8064323318632027,47.0,14.594841957092285,0.31052855227855924,1.28828763961792,4.219204659157611,4.52973321143617,104.1965913772583,199.0,543
run2_g16_g16_3,-0.12124400927711733,1.4036549835950398,2,546.0,806.3584336042404,1.4768469479931143,3.370624303817749,0.0,1.4768469479931143,151.0,90.62865126132965,0.6001897434525142,2.4274275302886963,3.1950740948418117,3.7952638382943262,46.0,14.314960956573486,0.3111948034037714,1.28828763961792,4.226157836292101,4.5373526396958725,104.94361221790314,197.0,547
run2_g16_g16_4,-0.12124400927711733,1.4036549835950398,2,546.0,806.3584336042404,1.4768469479931143,3.370624303817749,0.0,1.4768469479931143,151.0,90.62865126132965,0.6001897434525142,2.4274275302886963,3.1950740948418117,3.7952638382943262,46.0,14.314960956573486,0.3111948034037714,1.28828763961792,4.226157836292101,4.5373526396958725,104.94361221790314,197.0,547
run2_g16_g16_5,-0.9379449053985108,1.3589893096682213,2,543.0,803.0933862924576,1.478993344921653,3.370624303817749,0.0,1.478993344921653,153.0,89.80333578586578,0.586949907097162,2.4274275302886963,3.2173019803427403,3.8042518874399023,47.0,14.476823568344116,0.30801752273072586,1.28828763961792,4.222233741841418,4.5302512645721436,104.2801593542099,200.0,544
run2_g16_g16_6,-1.6086634674824003,1.690429584311016,2,544.0,804.5519716739655,1.4789558302830248,3.370624303817749,0.0,1.4789558302830248,150.0,89.79951632022858,0.5986634421348572,2.4274275302886963,3.2189039746920267,3.817567416826884,46.0,14.08382511138916,0.30617011111715564,1.28828763961792,4.229408264160156,4.535578375277312,103.88334143161774,196.0,545
run2_g16_g16_7,-0.12124400927711733,1.4036549835950398,2,546.0,806.3584336042404,1.4768469479931143,3.370624303817749,0.0,1.4768469479931143,151.0,90.62865126132965,0.6001897434525142,2.4274275302886963,3.1950740948418117,3.7952638382943262,46.0,14.314960956573486,0.3111948034037714,1.28828763961792,4.226157836292101,4.5373526396958725,104.94361221790314,197.0,547
run2_g16_g16_8,-4.699353975592536,-0.5750771468552895,1,540.0,797.605938076973,1.4770480334758758,3.370624303817749,0.0,1.4770480334758758,146.0,87.26419579982758,0.5976999712316957,2.4274275302886963,3.2461148443287366,3.843814815560432,47.0,13.32217001914978,0.28345042593935704,0.8472099304199219,4.31777978450694,4.601230210446297,100.58636581897736,193.0,541
run2_g16_g16_9,0.7316635403129728,1.477095873093091,2,546.0,807.5280919075012,1.4789891793177679,3.370624303817749,0.0,1.4789891793177679,157.0,93.80110967159271,0.5974592972712912,2.4274275302886963,3.1908726472004205,3.7883319444717114,44.0,13.779145240783691,0.313162391835993,1.28828763961792,4.211433345621282,4.524595737457275,107.5802549123764,201.0,547
run2_g17_g17_0,-2.3911373908521423,0.116140640047062,1,542.0,800.5573362112045,1.4770430557402296,3.370624303817749,0.0,1.4770430557402296,150.0,88.09138453006744,0.5872758968671163,2.4274275302886963,3.2341388042767845,3.8214147011439006,46.0,13.763261079788208,0.2992013278214828,1.28828763961792,4.236654789551444,4.535856117372927,101.85464560985565,196.0,543
run2_g17_g17_1,-3.233106211398089,1.433487800584012,1,540.0,799.1015474796295,1.4798176805178325,3.370624303817749,0.0,1.4798176805178325,149.0,88.85665261745453,0.596353373271507,2.4274275302886963,3.2405253280729256,3.8368787013444323,44.0,13.402332305908203,0.3045984614979137,1.28828763961792,4.203280394727534,4.507878856225447,102.25898492336273,193.0,541
run2_g17_g17_10,-1.6086634674824003,1.690429584311016,2,544.0,804.5519716739655,1.4789558302830248,3.370624303817749,0.0,1.4789558302830248,150.0,89.79951632022858,0.5986634421348572,2.4274275302886963,3.2189039746920267,3.817567416826884,46.0,14.08382511138916,0.30617011111715564,1.28828763961792,4.229408264160156,4.535578375277312,103.88334143161774,196.0,545
run2_g17_g17_11,-0.12124400927711733,1.4036549835950398,2,546.0,806.3584336042404,1.4768469479931143,3.370624303817749,0.0,1.4768469479931143,151.0,90.62865126132965,0.6001897434525142,2.4274275302886963,3.1950740948418117,3.7952638382943262,46.0,14.314960956573486,0.3111948034037714,1.28828763961792,4.226157836292101,4.5373526396958725,104.94361221790314,197.0,547
run2_g17_g17_12,-3.233106211398089,1.433487800584012,1,540.0,799.1015474796295,1.4798176805178325,3.370624303817749,0.0,1.4798176805178325,149.0,88.85665261745453,0.596353373271507,2.4274275302886963,3.2405253280729256,3.8368787013444323,44.0,13.402332305908203,0.3045984614979137,1.28828763961792,4.203280394727534,4.507878856225447,102.25898492336273,193.0,541
run2_g17_g17_13,-1.1703822677043116,1.3942370929815096,2,543.0,802.4105490446091,1.477735817761711,3.370624303817749,0.0,1.477735817761711,151.0,90.1667810678482,0.5971310004493259,2.4274275302886963,3.201735451521463,3.7988664519707886,45.0,14.078379392623901,0.31285287539164225,1.28828763961792,4.2424860053592255,4.555338880750868,104.2451604604721,196.0,544
run2_g17_g17_14,-0.2705885459253797,1.0184107661475397,2,547.0,808.5968934297562,1.4782392932902306,3.370624303817749,0.0,1.4782392932902306,153.0,90.27208602428436,0.5900136341456494,2.4274275302886963,3.2174443738912446,3.807458008036894,47.0,14.320406675338745,0.3046895037306116,1.28828763961792,4.21370575275827,4.518395256488882,104.59249269962311,200.0,548
run2_g17_g17_15,-1.496525795675356,1.153724697530782,2,543.0,802.4018813371658,1.477719855132902,3.370624303817749,0.0,1.477719855132902,150.0,89.23330652713776,0.5948887101809184,2.4274275302886963,3.2116093214352928,3.806498031616211,46.0,14.084235906600952,0.3061790414478468,1.28828763961792,4.22972335504449,4.535902396492336,103.31754243373871,196.0,544
run2_g17_g17_16,0.7316635403129728,1.477095873093091,2,546.0,807.5280919075012,1.4789891793177679,3.370624303817749,0.0,1.4789891793177679,157.0,93.80110967159271,0.5974592972712912,2.4274275302886963,3.1908726472004205,3.7883319444717114,44.0,13.779145240783691,0.313162391835993,1.28828763961792,4.211433345621282,4.524595737457275,107.5802549123764,201.0,547
run2_g17_g17_17,-0.16237552054128143,0.48623408839007987,2,546.0,806.4468030929565,1.4770087968735468,3.370624303817749,0.0,1.4770087968735468,153.0,89.70587623119354,0.5863129165437486,2.4274275302886963,3.2102927530513092,3.7966056695950576,47.0,14.320817470550537,0.30469824405426676,1.28828763961792,4.214014139581234,4.518712383635501,104.02669370174408,200.0,547
run2_g17_g17_18,-1.0725096989601473,2.348092546565453,2,544.0,805.1623126268387,1.4800777805640417,3.370624303817749,0.0,1.4800777805640417,152.0,91.2704416513443,0.6004634319167388,2.4274275302886963,3.2214371914926327,3.8219006234093715,47.0,14.409210205078125,0.30657894053357715,1.28828763961792,4.232753642061923,4.539332582595501,105.67965185642242,199.0,545
run2_g17_g17_19,-0.12124400927711733,1.4036549835950398,2,546.0,806.3584336042404,1.4768469479931143,3.370624303817749,0.0,1.4768469479931143,151.0,90.62865126132965,0.6001897434525142,2.4274275302886963,3.1950740948418117,3.7952638382943262,46.0,14.314960956573486,0.3111948034037714,1.28828763961792,4.226157836292101,4.5373526396958725,104.94361221790314,197.0,547
run2_g17_g17_2,-3.2354332484629458,0.948845307514531,1,538.0,794.9916086196899,1.4776795699250742,3.370624303817749,0.0,1.4776795699250742,148.0,87.83898866176605,0.5935066801470679,2.4274275302886963,3.221978547605308,3.8154852277523763,45.0,13.762289762496948,0.3058286613888211,1.28828763961792,4.249510219362047,4.555338880750868,101.601278424263,193.0,539
run2_g17_g17_20,-0.12124400927711733,1.4036549835950398,2,546.0,806.3584336042404,1.4768469479931143,3.370624303817749,0.0,1.4768469479931143,151.0,90.62865126132965,0.6001897434525142,2.4274275302886963,3.1950740948418117,3.7952638382943262,46.0,14.314960956573486,0.3111948034037714,1.28828763961792,4.226157836292101,4.5373526396958725,104.94361221790314,197.0,547
run2_g17_g17_21,-2.705107419933112,1.8972948392388695,2,541.0,800.4966074228287,1.4796610118721418,3.370624303817749,0.0,1.4796610118721418,150.0,89.6601482629776,0.597734321753184,2.4274275302886963,3.2435964560508728,3.841330777804057,47.0,14.23743200302124,0.30292408517066466,1.28828763961792,4.261282007744971,4.5642060929156365,103.89758026599884,197.0,542
run2_g17_g17_22,-3.2800925766620552,0.8017112522908195,1,541.0,799.1798431873322,1.4772270668897083,3.370624303817749,0.0,1.4772270668897083,147.0,90.75052273273468,0.6173504947805081,2.4274275302886963,3.1993454808280584,3.816695975608566,46.0,13.416675090789795,0.29166684979977814,0.8472099304199219,4.355174318603847,4.6468411684036255,104.16719782352448,193.0,542
run2_g17_g17_23,-3.7569635554052803,-1.5788939728109161,1,543.0,803.7612526416779,1.4802233013658892,3.370624303817749,0.0,1.4802233013658892,156.0,88.020840883255,0.564236159508045,2.4274275302886963,3.2796970453017797,3.8439332048098245,47.0,13.076660871505737,0.2782268270533136,1.28828763961792,4.303285477009226,4.581512304062539,101.09750175476074,203.0,544
run2_g17_g17_24,-0.10344496194062716,2.4121376609021365,2,544.0,804.6188592910767,1.479078785461538,3.370624303817749,0.0,1.479078785461538,152.0,90.58484828472137,0.595952949241588,2.4274275302886963,3.1937419246686134,3.7896948739102014,46.0,14.738568544387817,0.3204036640084308,1.28828763961792,4.201764282972916,4.522167946981347,105.32341682910919,198.0,545
run2_g17_g17_3,-1.1703822677043116,1.3942370929815096,2,543.0,802.4105490446091,1.477735817761711,3.370624303817749,0.0,1.477735817761711,151.0,90.1667810678482,0.5971310004493259,2.4274275302886963,3.201735451521463,3.7988664519707886,45.0,14.078379392623901,0.31285287539164225,1.28828763961792,4.2424860053592255,4.555338880750868,104.2451604604721,196.0,544
run2_g17_g17_4,-0.12124400927711733,1.4036549835950398,2,546.0,806.3584336042404,1.4768469479931143,3.370624303817749,0.0,1.4768469479931143,151.0,90.62865126132965,0.6001897434525142,2.4274275302886963,3.1950740948418117,3.7952638382943262,46.0,14.314960956573486,0.3111948034037714,1.28828763961792,4.226157836292101,4.5373526396958725,104.94361221790314,197.0,547
run2_g17_g17_5,-0.3012289934401688,1.1084349763000594,2,547.0,809.8251968622208,1.480484820589069,3.370624303817749,0.0,1.480484820589069,157.0,91.13975512981415,0.580507994457415,2.4274275302886963,3.2496966336183486,3.8302046280757636,49.0,14.624385595321655,0.2984568488841154,1.28828763961792,4.221191761445026,4.519648610329141,105.7641407251358,206.0,548
run2_g17_g17_6,-3.125583128265804,0.030175079085270874,1,542.0,800.2546014785767,1.4764845045730197,3.370624303817749,0.0,1.4764845045730197,148.0,87.63119447231293,0.5921026653534657,2.4274275302886963,3.2429259942995534,3.835028659653019,46.0,13.622238874435425,0.2961356277051179,1.28828763961792,4.261175694672958,4.557311322378076,101.25343334674835,194.0,543
run2_g17_g17_7,-0.12124400927711733,1.4036549835950398,2,546.0,806.3584336042404,1.4768469479931143,3.370624303817749,0.0,1.4768469479931143,151.0,90.62865126132965,0.6001897434525142,2.4274275302886963,3.1950740948418117,3.7952638382943262,46.0,14.314960956573486,0.3111948034037714,1.28828763961792,4.226157836292101,4.5373526396958725,104.94361221790314,197.0,547
run2_g17_g17_8,-2.0124903665404386,2.826492594216381,2,541.0,800.5343918800354,1.479730853752376,3.370624303817749,0.0,1.479730853752376,147.0,90.92966556549072,0.6185691535067396,2.4274275302886963,3.1972536635236675,3.815822817030407,44.0,13.41906452178955,0.3049787391315807,1.28828763961792,4.184899433092638,4.489878172224218,104.34873008728027,191.0,542
run2_g17_g17_9,-1.6086634674824003,1.690429584311016,2,544.0,804.5519716739655,1.4789558302830248,3.370624303817749,0.0,1.4789558302830248,150.0,89.79951632022858,0.5986634421348572,2.4274275302886963,3.2189039746920267,3.817567416826884,46.0,14.08382511138916,0.30617011111715564,1.28828763961792,4.229408264160156,4.535578375277312,103.88334143161774,196.0,545
run2_g18_g18_0,-3.2354332484629458,0.948845307514531,1,538.0,794.9916086196899,1.4776795699250742,3.370624303817749,0.0,1.4776795699250742,148.0,87.83898866176605,0.5935066801470679,2.4274275302886963,3.221978547605308,3.8154852277523763,45.0,13.762289762496948,0.3058286613888211,1.28828763961792,4.249510219362047,4.555338880750868,101.601278424263,193.0,539
run2_g18_g18_1,-2.3911373908521423,0.116140640047062,1,542.0,800.5573362112045,1.4770430557402296,3.370624303817749,0.0,1.4770430557402296,150.0,88.09138453006744,0.5872758968671163,2.4274275302886963,3.2341388042767845,3.8214147011439006,46.0,13.763261079788208,0.2992013278214828,1.28828763961792,4.236654789551444,4.535856117372927,101.85464560985565,196.0,543
run2_g18_g18_10,-1.6086634674824003,1.690429584311016,2,544.0,804.5519716739655,1.4789558302830248,3.370624303817749,0.0,1.4789558302830248,150.0,89.79951632022858,0.5986634421348572,2.4274275302886963,3.2189039746920267,3.817567416826884,46.0,14.08382511138916,0.30617011111715564,1.28828763961792,4.229408264160156,4.535578375277312,103.88334143161774,196.0,545
run2_g18_g18_11,-0.8003866165867921,0.269262969432873,2,546.0,806.1507674455643,1.476466607043158,3.2207815647125244,0.0,1.476466607043158,150.0,89.61586582660675,0.5974391055107117,2.4274275302886963,3.220671028296153,3.8181101338068646,46.0,14.08382511138916,0.30617011111715564,1.28828763961792,4.229408264160156,4.535578375277312,103.69969093799591,196.0,547
run2_g18_g18_12,-1.6086634674824003,1.690429584311016,2,544.0,804.5519716739655,1.4789558302830248,3.370624303817749,0.0,1.4789558302830248,150.0,89.79951632022858,0.5986634421348572,2.4274275302886963,3.2189039746920267,3.817567416826884,46.0,14.08382511138916,0.30617011111715564,1.28828763961792,4.229408264160156,4.535578375277312,103.88334143161774,196.0,545
run2_g18_g18_13,-4.696829202010686,0.28717260399029926,1,539.0,797.3588162660599,1.4793299003080889,3.370624303817749,0.0,1.4793299003080889,149.0,87.42062592506409,0.5867156102353295,2.4274275302886963,3.2513275658524274,3.838043176087757,45.0,13.337862491607666,0.29639694425794816,1.28828763961792,4.314706786473592,4.61110373073154,100.75848841667175,194.0,540
run2_g18_g18_14,-2.705107419933112,1.8972948392388695,2,541.0,800.4966074228287,1.4796610118721418,3.370624303817749,0.0,1.4796610118721418,150.0,89.6601482629776,0.597734321753184,2.4274275302886963,3.2435964560508728,3.841330777804057,47.0,14.23743200302124,0.30292408517066466,1.28828763961792,4.261282007744971,4.5642060929156365,103.89758026599884,197.0,542
run2_g18_g18_15,-2.8337100602214043,1.4944382502814053,1,541.0,799.9647928476334,1.4786779904762168,3.370624303817749,0.0,1.4786779904762168,149.0,88.74878585338593,0.5956294352576237,2.4274275302886963,3.2426094616819547,3.8382388969395786,47.0,14.233517169952393,0.3028407908500509,1.28828763961792,4.261101179934562,4.563941970784613,102.98230302333832,196.0,542
run2_g18_g18_16,-0.16237552054128143,0.48623408839007987,2,546.0,806.4468030929565,1.4770087968735468,3.370624303817749,0.0,1.4770087968735468,153.0,89.70587623119354,0.5863129165437486,2.4274275302886963,3.2102927530513092,3.7966056695950576,47.0,14.320817470550537,0.30469824405426676,1.28828763961792,4.214014139581234,4.518712383635501,104.02669370174408,200.0,547
run2_g18_g18_17,-0.12124400927711733,1.4036549835950398,2,546.0,806.3584336042404,1.4768469479931143,3.370624303817749,0.0,1.4768469479931143,151.0,90.62865126132965,0.6001897434525142,2.4274275302886963,3.1950740948418117,3.7952638382943262,46.0,14.314960956573486,0.3111948034037714,1.28828763961792,4.226157836292101,4.5373526396958725,104.94361221790314,197.0,547
run2_g18_g18_18,0.4878148944497533,-0.02794765793033135,2,547.0,806.9712736606598,1.475267410714186,3.2207815647125244,0.0,1.475267410714186,151.0,89.94778645038605,0.595680704969444,2.4274275302886963,3.1921850616568763,3.7878657666263202,46.0,14.181888818740845,0.30830193084219226,1.28828763961792,4.208893340566884,4.517195271409077,104.12967526912689,197.0,548
run2_g18_g18_19,-2.0124903665404386,2.826492594216381,2,541.0,800.5343918800354,1.479730853752376,3.370624303817749,0.0,1.479730853752376,147.0,90.92966556549072,0.6185691535067396,2.4274275302886963,3.1972536635236675,3.815822817030407,44.0,13.41906452178955,0.3049787391315807,1.28828763961792,4.184899433092638,4.489878172224218,104.34873008728027,191.0,542
run2_g18_g18_2,-1.1703822677043116,1.3942370929815096,2,543.0,802.4105490446091,1.477735817761711,3.370624303817749,0.0,1.477735817761711,151.0,90.1667810678482,0.5971310004493259,2.4274275302886963,3.201735451521463,3.7988664519707886,45.0,14.078379392623901,0.31285287539164225,1.28828763961792,4.2424860053592255,4.555338880750868,104.2451604604721,196.0,544
run2_g18_g18_20,-1.496525795675356,1.153724697530782,2,543.0,802.4018813371658,1.477719855132902,3.370624303817749,0.0,1.477719855132902,150.0,89.23330652713776,0.5948887101809184,2.4274275302886963,3.2116093214352928,3.806498031616211,46.0,14.084235906600952,0.3061790414478468,1.28828763961792,4.22972335504449,4.535902396492336,103.31754243373871,196.0,544
run2_g18_g18_21,-3.233106211398089,1.433487800584012,1,540.0,799.1015474796295,1.4798176805178325,3.370624303817749,0.0,1.4798176805178325,149.0,88.85665261745453,0.596353373271507,2.4274275302886963,3.2405253280729256,3.8368787013444323,44.0,13.402332305908203,0.3045984614979137,1.28828763961792,4.203280394727534,4.507878856225447,102.25898492336273,193.0,541
run2_g18_g18_22,-2.3911373908521423,0.116140640047062,1,542.0,800.5573362112045,1.4770430557402296,3.370624303817749,0.0,1.4770430557402296,150.0,88.09138453006744,0.5872758968671163,2.4274275302886963,3.2341388042767845,3.8214147011439006,46.0,13.763261079788208,0.2992013278214828,1.28828763961792,4.236654789551444,4.535856117372927,101.85464560985565,196.0,543
run2_g18_g18_23,-2.5183446529037123,1.1832704292990202,1,543.0,803.6349468231201,1.4799906939652303,3.370624303817749,0.0,1.4799906939652303,152.0,89.34543287754059,0.5877989005101355,2.4274275302886963,3.259244583939251,3.8470434844493866,48.0,14.246781826019287,0.29680795470873517,1.28828763961792,4.259895160794258,4.556703115502994,103.59221470355988,200.0,544
run2_g18_g18_24,-2.830469909274774,2.09223703674454,1,541.0,801.4126049280167,1.481354168073968,3.370624303817749,0.0,1.481354168073968,149.0,89.50515592098236,0.6007057444361232,2.4274275302886963,3.218477917197567,3.81918366163369,44.0,13.366731643676758,0.30378935553810815,1.28828763961792,4.201078111475164,4.5048674670132725,102.87188756465912,193.0,542
run2_g18_g18_3,-1.1703822677043116,1.3942370929815096,2,543.0,802.4105490446091,1.477735817761711,3.370624303817749,0.0,1.477735817761711,151.0,90.1667810678482,0.5971310004493259,2.4274275302886963,3.201735451521463,3.7988664519707886,45.0,14.078379392623901,0.31285287539164225,1.28828763961792,4.2424860053592255,4.555338880750868,104.2451604604721,196.0,544
run2_g18_g18_4,-3.778978168149858,0.6375683656308309,1,540.0,797.7849180698395,1.47737947790711,3.370624303817749,0.0,1.47737947790711,147.0,90.91258561611176,0.6184529633749098,2.4274275302886963,3.1994880535164656,3.8179410168913757,45.0,13.080913066864014,0.2906869570414225,0.8472099304199219,4.3694172594282366,4.660104216469659,103.99349868297577,192.0,541
run2_g18_g18_5,-0.8159956082738805,1.9549374097533245,2,544.0,804.7216064929962,1.4792676589944784,3.370624303817749,0.0,1.4792676589944784,152.0,91.07977831363678,0.5992090678528735,2.4274275302886963,3.194759822989765,3.7939688908426383,44.0,13.948662519454956,0.3170150572603399,1.28828763961792,4.222649406303059,4.5396644635633985,105.02844083309174,196.0,545
run2_g18_g18_6,-3.2354332484629458,0.948845307514531,1,538.0,794.9916086196899,1.4776795699250742,3.370624303817749,0.0,1.4776795699250742,148.0,87.83898866176605,0.5935066801470679,2.4274275302886963,3.221978547605308,3.8154852277523763,45.0,13.762289762496948,0.3058286613888211,1.28828763961792,4.249510219362047,4.555338880750868,101.601278424263,193.0,539
run2_g18_g18_7,0.682102359581113,-0.7093642691924578,2,548.0,808.3424737453461,1.4750775068345732,3.2207815647125244,0.0,1.4750775068345732,153.0,90.08616411685944,0.588798458280127,2.4274275302886963,3.2053096037285003,3.794108062008627,47.0,14.182554960250854,0.30175648851597564,1.28828763961792,4.216638767972905,4.518395256488882,104.26871907711029,200.0,549
run2_g18_g18_8,-2.7226005547527885,0.729750407019579,1,539.0,796.5199320316315,1.4777735288156428,3.370624303817749,0.0,1.4777735288156428,151.0,89.51143419742584,0.59279095494984,2.4274275302886963,3.2345749281889558,3.8273658831387958,45.0,13.664338827133179,0.30365197393629284,1.28828763961792,4.251686906814575,4.555338880750868,103.17577302455902,196.0,540
run2_g18_g18_9,-3.125583128265804,0.030175079085270874,1,542.0,800.2546014785767,1.4764845045730197,3.370624303817749,0.0,1.4764845045730197,148.0,87.63119447231293,0.5921026653534657,2.4274275302886963,3.2429259942995534,3.835028659653019,46.0,13.622238874435425,0.2961356277051179,1.28828763961792,4.261175694672958,4.557311322378076,101.25343334674835,194.0,543
run2_g19_g19_0,-3.2354332484629458,0.948845307514531,1,538.0,794.9916086196899,1.4776795699250742,3.370624303817749,0.0,1.4776795699250742,148.0,87.83898866176605,0.5935066801470679,2.4274275302886963,3.221978547605308,3.8154852277523763,45.0,13.762289762496948,0.3058286613888211,1.28828763961792,4.249510219362047,4.555338880750868,101.601278424263,193.0,539
run2_g19_g19_1,-3.2354332484629458,0.948845307514531,1,538.0,794.9916086196899,1.4776795699250742,3.370624303817749,0.0,1.4776795699250742,148.0,87.83898866176605,0.5935066801470679,2.4274275302886963,3.221978547605308,3.8154852277523763,45.0,13.762289762496948,0.3058286613888211,1.28828763961792,4.249510219362047,4.555338880750868,101.601278424263,193.0,539
run2_g19_g19_10,-1.8703900559560829,-0.09516232095623338,1,543.0,802.0856596231461,1.4771374947019265,3.370624303817749,0.0,1.4771374947019265,153.0,89.76383006572723,0.586691699775995,2.4274275302886963,3.2463320898853874,3.8330237896613824,46.0,13.665310144424438,0.2970719596614008,1.28828763961792,4.238784157711526,4.535856117372927,103.42914021015167,199.0,544
run2_g19_g19_11,-2.3911373908521423,0.116140640047062,1,542.0,800.5573362112045,1.4770430557402296,3.370624303817749,0.0,1.4770430557402296,150.0,88.09138453006744,0.5872758968671163,2.4274275302886963,3.2341388042767845,3.8214147011439006,46.0,13.763261079788208,0.2992013278214828,1.28828763961792,4.236654789551444,4.535856117372927,101.85464560985565,196.0,543
run2_g19_g19_12,-4.364301517591794,0.05026457949109245,1,541.0,800.007528424263,1.4787569841483605,3.370624303817749,0.0,1.4787569841483605,149.0,87.42062592506409,0.5867156102353295,2.4274275302886963,3.2513275658524274,3.838043176087757,45.0,13.337862491607666,0.29639694425794816,1.28828763961792,4.314706786473592,4.61110373073154,100.75848841667175,194.0,542
run2_g19_g19_13,-2.3911373908521423,0.116140640047062,1,542.0,800.5573362112045,1.4770430557402296,3.370624303817749,0.0,1.4770430557402296,150.0,88.09138453006744,0.5872758968671163,2.4274275302886963,3.2341388042767845,3.8214147011439006,46.0,13.763261079788208,0.2992013278214828,1.28828763961792,4.236654789551444,4.535856117372927,101.85464560985565,196.0,543
run2_g19_g19_14,-0.8003866165867921,0.269262969432873,2,546.0,806.1507674455643,1.476466607043158,3.2207815647125244,0.0,1.476466607043158,150.0,89.61586582660675,0.5974391055107117,2.4274275302886963,3.220671028296153,3.8181101338068646,46.0,14.08382511138916,0.30617011111715564,1.28828763961792,4.229408264160156,4.535578375277312,103.69969093799591,196.0,547
run2_g19_g19_15,-0.16237552054128143,0.48623408839007987,2,546.0,806.4468030929565,1.4770087968735468,3.370624303817749,0.0,1.4770087968735468,153.0,89.70587623119354,0.5863129165437486,2.4274275302886963,3.2102927530513092,3.7966056695950576,47.0,14.320817470550537,0.30469824405426676,1.28828763961792,4.214014139581234,4.518712383635501,104.02669370174408,200.0,547
run2_g19_g19_16,-1.06138757106891,2.442351893436655,2,544.0,805.2194516658783,1.4801828155622763,3.370624303817749,0.0,1.4801828155622763,150.0,90.80743288993835,0.6053828859329223,2.4274275302886963,3.195116728146871,3.800499614079793,45.0,13.88254189491272,0.3085009309980604,1.28828763961792,4.1965783596038815,4.505079290601942,104.68997478485107,195.0,545
run2_g19_g19_17,-1.0725096989601473,2.348092546565453,2,544.0,805.1623126268387,1.4800777805640417,3.370624303817749,0.0,1.4800777805640417,152.0,91.2704416513443,0.6004634319167388,2.4274275302886963,3.2214371914926327,3.8219006234093715,47.0,14.409210205078125,0.30657894053357715,1.28828763961792,4.232753642061923,4.539332582595501,105.67965185642242,199.0,545
run2_g19_g19_18,-2.830469909274774,2.09223703674454,1,541.0,801.4126049280167,1.481354168073968,3.370624303817749,0.0,1.481354168073968,149.0,89.50515592098236,0.6007057444361232,2.4274275302886963,3.218477917197567,3.81918366163369,44.0,13.366731643676758,0.30378935553810815,1.28828763961792,4.201078111475164,4.5048674670132725,102.87188756465912,193.0,542
run2_g19_g19_19,-3.451806178945296,1.3448115524362578,1,537.0,793.5964168310165,1.4778331784562693,3.370624303817749,0.0,1.4778331784562693,147.0,87.63740229606628,0.5961728047351448,2.4274275302886963,3.2216434494978716,3.8178162542330165,45.0,13.880308151245117,0.3084512922498915,1.28828763961792,4.246346510781182,4.554797803031073,101.5177104473114,192.0,538
run2_g19_g19_2,-1.496525795675356,1.153724697530782,2,543.0,802.4018813371658,1.477719855132902,3.370624303817749,0.0,1.477719855132902,150.0,89.23330652713776,0.5948887101809184,2.4274275302886963,3.2116093214352928,3.806498031616211,46.0,14.084235906600952,0.3061790414478468,1.28828763961792,4.22972335504449,4.535902396492336,103.31754243373871,196.0,544
run2_g19_g19_20,-0.8159956082738805,1.9549374097533245,2,544.0,804.7216064929962,1.4792676589944784,3.370624303817749,0.0,1.4792676589944784,152.0,91.07977831363678,0.5992090678528735,2.4274275302886963,3.194759822989765,3.7939688908426383,44.0,13.948662519454956,0.3170150572603399,1.28828763961792,4.222649406303059,4.5396644635633985,105.02844083309174,196.0,545
run2_g19_g19_21,-1.1703822677043116,1.3942370929815096,2,543.0,802.4105490446091,1.477735817761711,3.370624303817749,0.0,1.477735817761711,151.0,90.1667810678482,0.5971310004493259,2.4274275302886963,3.201735451521463,3.7988664519707886,45.0,14.078379392623901,0.31285287539164225,1.28828763961792,4.2424860053592255,4.555338880750868,104.2451604604721,196.0,544
run2_g19_g19_22,-2.0124903665404386,2.826492594216381,2,541.0,800.5343918800354,1.479730853752376,3.370624303817749,0.0,1.479730853752376,147.0,90.92966556549072,0.6185691535067396,2.4274275302886963,3.1972536635236675,3.815822817030407,44.0,13.41906452178955,0.3049787391315807,1.28828763961792,4.184899433092638,4.489878172224218,104.34873008728027,191.0,542
run2_g19_g19_23,-0.5007404378513249,1.6297184448814261,2,545.0,804.8557232618332,1.4767994922235472,3.370624303817749,0.0,1.4767994922235472,150.0,90.60369431972504,0.6040246287981669,2.4274275302886963,3.1968018778165184,3.800826506614685,46.0,14.307176113128662,0.31102556767671,1.28828763961792,4.236096667206806,4.547122234883516,104.9108704328537,196.0,546
run2_g19_g19_24,-1.6086634674824003,1.690429584311016,2,544.0,804.5519716739655,1.4789558302830248,3.370624303817749,0.0,1.4789558302830248,150.0,89.79951632022858,0.5986634421348572,2.4274275302886963,3.2189039746920267,3.817567416826884,46.0,14.08382511138916,0.30617011111715564,1.28828763961792,4.229408264160156,4.535578375277312,103.88334143161774,196.0,545
run2_g19_g19_3,-3.2354332484629458,0.948845307514531,1,538.0,794.9916086196899,1.4776795699250742,3.370624303817749,0.0,1.4776795699250742,148.0,87.83898866176605,0.5935066801470679,2.4274275302886963,3.221978547605308,3.8154852277523763,45.0,13.762289762496948,0.3058286613888211,1.28828763961792,4.249510219362047,4.555338880750868,101.601278424263,193.0,539
run2_g19_g19_4,-3.233106211398089,1.433487800584012,1,540.0,799.1015474796295,1.4798176805178325,3.370624303817749,0.0,1.4798176805178325,149.0,88.85665261745453,0.596353373271507,2.4274275302886963,3.2405253280729256,3.8368787013444323,44.0,13.402332305908203,0.3045984614979137,1.28828763961792,4.203280394727534,4.507878856225447,102.25898492336273,193.0,541
run2_g19_g19_5,-3.486422955550026,1.040783085887611,1,536.0,792.0744590759277,1.4777508564849398,3.370624303817749,0.0,1.4777508564849398,148.0,87.83898866176605,0.5935066801470679,2.4274275302886963,3.221978547605308,3.8154852277523763,45.0,13.762289762496948,0.3058286613888211,1.28828763961792,4.249510219362047,4.555338880750868,101.601278424263,193.0,537
run2_g19_g19_6,-0.12124400927711733,1.4036549835950398,2,546.0,806.3584336042404,1.4768469479931143,3.370624303817749,0.0,1.4768469479931143,151.0,90.62865126132965,0.6001897434525142,2.4274275302886963,3.1950740948418117,3.7952638382943262,46.0,14.314960956573486,0.3111948034037714,1.28828763961792,4.226157836292101,4.5373526396958725,104.94361221790314,197.0,547
run2_g19_g19_7,-4.696829202010686,0.28717260399029926,1,539.0,797.3588162660599,1.4793299003080889,3.370624303817749,0.0,1.4793299003080889,149.0,87.42062592506409,0.5867156102353295,2.4274275302886963,3.2513275658524274,3.838043176087757,45.0,13.337862491607666,0.29639694425794816,1.28828763961792,4.314706786473592,4.61110373073154,100.75848841667175,194.0,540
run2_g19_g19_8,-3.2354332484629458,0.948845307514531,1,538.0,794.9916086196899,1.4776795699250742,3.370624303817749,0.0,1.4776795699250742,148.0,87.83898866176605,0.5935066801470679,2.4274275302886963,3.221978547605308,3.8154852277523763,45.0,13.762289762496948,0.3058286613888211,1.28828763961792,4.249510219362047,4.555338880750868,101.601278424263,193.0,539
run2_g19_g19_9,-2.775544413908785,0.3392755121820277,1,541.0,799.0546258687973,1.4769956115874256,3.370624303817749,0.0,1.4769956115874256,149.0,88.06642758846283,0.5910498495869989,2.4274275302886963,3.2361403623683342,3.8271902119553327,46.0,13.755476236343384,0.2990320920944214,1.28828763961792,4.246593620466149,4.545625712560571,101.82190382480621,195.0,542
run2_g2_g2_0,1.6353966241179532,2.1589511500294645,2,554.0,819.8168061971664,1.4798137295977734,3.2207815647125244,0.0,1.4798137295977734,153.0,91.65350890159607,0.5990425418404972,2.410245656967163,3.203984939974118,3.803027481814615,47.0,15.12355899810791,0.32177785102357254,1.28828763961792,4.202147803408034,4.523925654431607,106.77706789970398,200.0,555
run2_g2_g2_1,4.479389885727569,0.08109711533676661,0,561.0,828.133211016655,1.4761732816696167,3.2051174640655518,0.0,1.4761732816696167,157.0,92.74683725833893,0.5907441863588466,2.410245656967163,3.1838167343929316,3.774560920751778,49.0,15.130182027816772,0.3087792250574852,1.28828763961792,4.185905573319416,4.494684798376901,107.8770192861557,206.0,562
run2_g2_g2_10,2.9424761058511675,-0.49883529424298856,0,557.0,821.0181317329407,1.4740002365043818,3.2051174640655518,0.0,1.4740002365043818,153.0,91.81133472919464,0.6000740831973506,2.410245656967163,3.192658051166659,3.7927321343640097,46.0,14.175024032592773,0.30815269636071246,1.28828763961792,4.161780010098997,4.4699327064597085,105.98635876178741,199.0,558
run2_g2_g2_11,5.009523029270521,-0.9812164679720475,0,561.0,826.7778928279877,1.4737573847201206,3.2051174640655518,0.0,1.4737573847201206,158.0,93.6789585351944,0.5929048008556608,2.410245656967163,3.1781676894501794,3.77107249030584,45.0,14.157074451446533,0.3146016544765896,1.28828763961792,4.127041069666545,4.441642724143135,107.83603298664093,203.0,562
run2_g2_g2_12,4.479389885727569,0.08109711533676661,0,561.0,828.133211016655,1.4761732816696167,3.2051174640655518,0.0,1.4761732816696167,157.0,92.74683725833893,0.5907441863588466,2.410245656967163,3.1838167343929316,3.774560920751778,49.0,15.130182027816772,0.3087792250574852,1.28828763961792,4.185905573319416,4.494684798376901,107.8770192861557,206.0,562
run2_g2_g2_13,1.6353966241179532,2.1589511500294645,2,554.0,819.8168061971664,1.4798137295977734,3.2207815647125244,0.0,1.4798137295977734,153.0,91.65350890159607,0.5990425418404972,2.410245656967163,3.203984939974118,3.803027481814615,47.0,15.12355899810791,0.32177785102357254,1.28828763961792,4.202147803408034,4.523925654431607,106.77706789970398,200.0,555
run2_g2_g2_14,3.278097463106322,-0.0987058316688174,0,554.0,816.9311624765396,1.4746049864197466,3.2051174640655518,0.0,1.4746049864197466,156.0,93.3303153514862,0.5982712522531167,2.4274275302886963,3.186658393114041,3.784929645367158,45.0,14.24226427078247,0.3164947615729438,1.28828763961792,4.160970973968506,4.4774657355414496,107.57257962226868,201.0,555
run2_g2_g2_15,4.18021021690533,0.46746033127417175,0,559.0,825.2420511245728,1.4762827390421696,3.2207815647125244,0.0,1.4762827390421696,156.0,93.59269893169403,0.59995319828009,2.410245656967163,3.181207148692547,3.7811603469726367,48.0,14.67418098449707,0.30571210384368896,1.28828763961792,4.158653810620308,4.464365914463997,108.2668799161911,204.0,560
run2_g2_g2_16,2.039943570333119,-0.21309699599687412,0,556.0,819.4424324035645,1.4738173244668424,3.370624303817749,0.0,1.4738173244668424,152.0,93.05271077156067,0.6121888866550044,2.4274275302886963,3.1809855103492737,3.793174397004278,49.0,13.692893981933594,0.27944681595782844,1.28828763961792,4.248155044049633,4.5276018600074615,106.74560475349426,201.0,557
run2_g2_g2_17,5.009983121782933,-1.2170894648446755,0,561.0,826.3851367235184,1.473057284712154,3.2051174640655518,0.0,1.473057284712154,157.0,93.02678263187408,0.592527277910026,2.4274275302886963,3.177299242110769,3.7698265200207945,45.0,14.074301481246948,0.31276225513882105,1.28828763961792,4.105248959859212,4.4180112149980335,107.10108411312103,202.0,562
run2_g2_g2_18,9.75253603388083,-0.9395468487690071,0,571.0,840.2566323280334,1.4715527711524228,3.1058762073516846,0.0,1.4715527711524228,162.0,96.78886890411377,0.5974621537290974,2.410245656967163,3.141120085009822,3.7385822387389194,50.0,15.654741764068604,0.31309483528137205,1.28828763961792,4.12014892578125,4.433243761062622,112.44361066818237,212.0,572
run2_g2_g2_19,1.6998375105238455,1.6785501839479018,2,547.0,808.0384984016418,1.4772184614289614,3.2207815647125244,0.0,1.4772184614289614,156.0,94.52660489082336,0.6059397749411755,2.4274275302886963,3.2116183241208396,3.817558099062015,45.0,14.526643753051758,0.3228143056233724,1.28828763961792,4.185359202490913,4.508173508114285,109.05324864387512,201.0,548
run2_g2_g2_2,1.6358917646342535,2.1287476045638076,2,553.0,815.7263236045837,1.4750928094115439,3.370624303817749,0.0,1.4750928094115439,153.0,94.44782984256744,0.6173060774024016,2.870814323425293,3.16543451399585,3.7827405913982517,43.0,13.715868711471558,0.3189736909644548,1.28828763961792,4.238553723623586,4.557527414588041,108.163698554039,196.0,554
run2_g2_g2_20,-0.04002819952326826,-0.12197171128297228,2,548.0,808.7688281536102,1.475855525827756,3.370624303817749,0.0,1.475855525827756,151.0,89.98327457904816,0.5959157256890606,2.410245656967163,3.1877270194868377,3.7836427451758983,46.0,13.533057928085327,0.2941969114801158,1.28828763961792,4.213221907615662,4.507418819095777,103.51633250713348,197.0,549
run2_g2_g2_21,4.415806556108411,-1.7124793925353627,0,560.0,825.2329375743866,1.4736302456685475,3.2051174640655518,0.0,1.4736302456685475,159.0,93.79983484745026,0.5899360682229576,2.410245656967163,3.1665795381713964,3.756515606394354,42.0,13.390803337097168,0.3188286508832659,1.28828763961792,4.157602832430885,4.476431483314151,107.19063818454742,201.0,561
run2_g2_g2_22,3.7883280670029627,1.8323544238268288,0,558.0,825.1484998464584,1.478760752413008,3.2207815647125244,0.0,1.478760752413008,155.0,93.76107513904572,0.6049101621873917,2.410245656967163,3.1879522454354072,3.7928624076227986,50.0,15.161404848098755,0.3032280969619751,1.28828763961792,4.162862343788147,4.466090440750122,108.92247998714447,205.0,559
run2_g2_g2_23,2.7328456805619297,-0.7135740769211948,0,556.0,819.4978939294815,1.4739170754127364,3.370624303817749,0.0,1.4739170754127364,156.0,92.97678029537201,0.5960050018934103,2.4274275302886963,3.1723571916421256,3.768362193535536,43.0,13.353953838348389,0.31055706600810207,1.28828763961792,4.18503112571184,4.495588191719943,106.3307341337204,199.0,557
run2_g2_g2_24,4.933509661565188,-0.647349027820152,0,561.0,827.0813412666321,1.4742982910278646,3.2051174640655518,0.0,1.4742982910278646,157.0,93.57842934131622,0.5960409512185747,2.4274275302886963,3.16634419845168,3.7623851496702545,45.0,14.103551387786865,0.3134122530619303,1.28828763961792,4.128379509184096,4.441791762246026,107.68198072910309,202.0,562
run2_g2_g2_3,1.8456461174396406,-2.1840544185986337,0,557.0,821.0352749824524,1.4740310143311532,3.2051174640655518,0.0,1.4740310143311532,155.0,90.74535799026489,0.585453922517838,2.410245656967163,3.212822557264759,3.7982764797825967,45.0,13.487272024154663,0.29971715609232585,1.28828763961792,4.199504110548231,4.499221266640557,104.23263001441956,200.0,558
run2_g2_g2_4,3.3490534836683197,-1.2659021430733448,0,559.0,824.2794687747955,1.4745607670389902,3.2207815647125244,0.0,1.4745607670389902,156.0,92.10141599178314,0.5903936922550201,2.410245656967163,3.1898284944204183,3.7802221866754384,47.0,14.067468404769897,0.29930783839935954,1.28828763961792,4.188463677751257,4.487771516150617,106.16888439655304,203.0,560
run2_g2_g2_5,2.314073918383475,-0.23327065473730066,0,555.0,818.6461086273193,1.4750380335627375,3.2051174640655518,0.0,1.4750380335627375,154.0,92.45553827285767,0.6003606381354394,2.4274275302886963,3.195983052253723,3.7963436903891625,46.0,14.139273881912231,0.307375519172005,1.28828763961792,4.20576562570489,4.5131411448768946,106.5948121547699,200.0,556
run2_g2_g2_6,2.312745315955468,-1.1567249439654184,0,554.0,816.8452031612396,1.4744498252007936,3.2051174640655518,0.0,1.4744498252007936,153.0,90.20301473140717,0.5895621877869749,2.410245656967163,3.186392361042546,3.7759545488295214,44.0,13.634103298187256,0.3098659840497104,1.28828763961792,4.115054450251839,4.42492043430155,103.83711802959442,197.0,555
run2_g2_g2_7,1.920214895578974,-1.1451197072393406,0,551.0,812.7490768432617,1.4750436966302392,3.2051174640655518,0.0,1.4750436966302392,158.0,93.5039587020874,0.5917972069752367,2.410245656967163,3.188998246494728,3.7807954534699646,43.0,13.441237211227417,0.3125869118890097,1.28828763961792,4.232342525970104,4.544929437859114,106.94519591331482,201.0,552
run2_g2_g2_8,4.560679575025209,-0.3111910732679541,0,560.0,826.3236086368561,1.4755778725658144,3.2051174640655518,0.0,1.4755778725658144,159.0,96.06696307659149,0.6041947363307641,2.410245656967163,3.18368520901638,3.7878799453471443,45.0,13.744563341140747,0.30543474091423883,1.28828763961792,4.157301796807183,4.462736537721422,109.81152641773224,204.0,561
run2_g2_g2_9,5.4737666752624685,-0.20772313403198422,0,556.0,820.3157052993774,1.4753879591715422,3.2051174640655518,0.0,1.4753879591715422,158.0,93.80075764656067,0.593675681307346,2.0924081802368164,3.1480663441404513,3.741742025447797,50.0,15.283419847488403,0.30566839694976805,1.28828763961792,4.1738509178161625,4.4795193147659305,109.08417749404907,208.0,557
run2_g3_g3_0,1.6353966241179532,2.1589511500294645,2,554.0,819.8168061971664,1.4798137295977734,3.2207815647125244,0.0,1.4798137295977734,153.0,91.65350890159607,0.5990425418404972,2.410245656967163,3.203984939974118,3.803027481814615,47.0,15.12355899810791,0.32177785102357254,1.28828763961792,4.202147803408034,4.523925654431607,106.77706789970398,200.0,555
run2_g3_g3_1,1.6353966241179532,2.1589511500294645,2,554.0,819.8168061971664,1.4798137295977734,3.2207815647125244,0.0,1.4798137295977734,153.0,91.65350890159607,0.5990425418404972,2.410245656967163,3.203984939974118,3.803027481814615,47.0,15.12355899810791,0.32177785102357254,1.28828763961792,4.202147803408034,4.523925654431607,106.77706789970398,200.0,555
run2_g3_g3_10,2.9424761058511675,-0.49883529424298856,0,557.0,821.0181317329407,1.4740002365043818,3.2051174640655518,0.0,1.4740002365043818,153.0,91.81133472919464,0.6000740831973506,2.410245656967163,3.192658051166659,3.7927321343640097,46.0,14.175024032592773,0.30815269636071246,1.28828763961792,4.161780010098997,4.4699327064597085,105.98635876178741,199.0,558
run2_g3_g3_11,1.920214895578974,-1.1451197072393406,0,551.0,812.7490768432617,1.4750436966302392,3.2051174640655518,0.0,1.4750436966302392,158.0,93.5039587020874,0.5917972069752367,2.410245656967163,3.188998246494728,3.7807954534699646,43.0,13.441237211227417,0.3125869118890097,1.28828763961792,4.232342525970104,4.544929437859114,106.94519591331482,201.0,552
run2_g3_g3_12,2.312745315955468,-1.1567249439654184,0,554.0,816.8452031612396,1.4744498252007936,3.2051174640655518,0.0,1.4744498252007936,153.0,90.20301473140717,0.5895621877869749,2.410245656967163,3.186392361042546,3.7759545488295214,44.0,13.634103298187256,0.3098659840497104,1.28828763961792,4.115054450251839,4.42492043430155,103.83711802959442,197.0,555
run2_g3_g3_13,4.479389885727569,0.08109711533676661,0,561.0,828.133211016655,1.4761732816696167,3.2051174640655518,0.0,1.4761732816696167,157.0,92.74683725833893,0.5907441863588466,2.410245656967163,3.1838167343929316,3.774560920751778,49.0,15.130182027816772,0.3087792250574852,1.28828763961792,4.185905573319416,4.494684798376901,107.8770192861557,206.0,562
run2_g3_g3_14,1.6353966241179532,2.1589511500294645,2,554.0,819.8168061971664,1.4798137295977734,3.2207815647125244,0.0,1.4798137295977734,153.0,91.65350890159607,0.5990425418404972,2.410245656967163,3.203984939974118,3.803027481814615,47.0,15.12355899810791,0.32177785102357254,1.28828763961792,4.202147803408034,4.523925654431607,106.77706789970398,200.0,555
run2_g3_g3_15,1.8592790005035709,0.2948189320914908,2,554.0,818.7051773071289,1.4778071792547454,3.2207815647125244,0.0,1.4778071792547454,155.0,91.39545559883118,0.5896481006376205,2.410245656967163,3.1966438585712065,3.786291959208827,49.0,14.807604551315308,0.30219601125133283,1.28828763961792,4.247835548556581,4.5500315598079135,106.20306015014648,204.0,555
run2_g3_g3_16,1.6998375105238455,1.6785501839479018,2,547.0,808.0384984016418,1.4772184614289614,3.2207815647125244,0.0,1.4772184614289614,156.0,94.52660489082336,0.6059397749411755,2.4274275302886963,3.2116183241208396,3.817558099062015,45.0,14.526643753051758,0.3228143056233724,1.28828763961792,4.185359202490913,4.508173508114285,109.05324864387512,201.0,548
run2_g3_g3_17,3.5324819988460563,1.8162442463811632,0,556.0,819.8087064027786,1.4744760906524796,3.370624303817749,0.0,1.4744760906524796,156.0,96.53311586380005,0.618802024767949,2.870814323425293,3.143311699231466,3.762113723999415,44.0,13.69428539276123,0.3112337589263916,1.28828763961792,4.217421743002805,4.5286555019291965,110.22740125656128,200.0,557
run2_g3_g3_18,1.8456461174396406,-2.1840544185986337,0,557.0,821.0352749824524,1.4740310143311532,3.2051174640655518,0.0,1.4740310143311532,155.0,90.74535799026489,0.585453922517838,2.410245656967163,3.212822557264759,3.7982764797825967,45.0,13.487272024154663,0.29971715609232585,1.28828763961792,4.199504110548231,4.499221266640557,104.23263001441956,200.0,558
run2_g3_g3_19,2.7328456805619297,-0.7135740769211948,0,556.0,819.4978939294815,1.4739170754127364,3.370624303817749,0.0,1.4739170754127364,156.0,92.97678029537201,0.5960050018934103,2.4274275302886963,3.1723571916421256,3.768362193535536,43.0,13.353953838348389,0.31055706600810207,1.28828763961792,4.18503112571184,4.495588191719943,106.3307341337204,199.0,557
run2_g3_g3_2,3.278097463106322,-0.0987058316688174,0,554.0,816.9311624765396,1.4746049864197466,3.2051174640655518,0.0,1.4746049864197466,156.0,93.3303153514862,0.5982712522531167,2.4274275302886963,3.186658393114041,3.784929645367158,45.0,14.24226427078247,0.3164947615729438,1.28828763961792,4.160970973968506,4.4774657355414496,107.57257962226868,201.0,555
run2_g3_g3_20,4.479389885727569,0.08109711533676661,0,561.0,828.133211016655,1.4761732816696167,3.2051174640655518,0.0,1.4761732816696167,157.0,92.74683725833893,0.5907441863588466,2.410245656967163,3.1838167343929316,3.774560920751778,49.0,15.130182027816772,0.3087792250574852,1.28828763961792,4.185905573319416,4.494684798376901,107.8770192861557,206.0,562
run2_g3_g3_21,7.401664833992497,-1.413624050576591,0,560.0,822.3861403465271,1.4685466791902269,3.2051174640655518,0.0,1.4685466791902269,156.0,94.1431634426117,0.6034818169398185,2.410245656967163,3.1315063803623886,3.734988197302207,47.0,14.508260488510132,0.308686393372556,1.28828763961792,4.050779444106082,4.359465837478638,108.65142393112183,203.0,561
run2_g3_g3_22,1.8353251002162645,1.7407885653948574,2,553.0,817.8860733509064,1.4789983243235196,3.2207815647125244,0.0,1.4789983243235196,154.0,92.4528398513794,0.600343115918048,2.410245656967163,3.1857816275064046,3.7861247434244527,45.0,14.63150954246521,0.3251446564992269,1.28828763961792,4.207826497819688,4.532971154318916,107.0843493938446,199.0,554
run2_g3_g3_23,4.560679575025209,-0.3111910732679541,0,560.0,826.3236086368561,1.4755778725658144,3.2051174640655518,0.0,1.4755778725658144,159.0,96.06696307659149,0.6041947363307641,2.410245656967163,3.18368520901638,3.7878799453471443,45.0,13.744563341140747,0.30543474091423883,1.28828763961792,4.157301796807183,4.462736537721422,109.81152641773224,204.0,561
run2_g3_g3_24,9.75253603388083,-0.9395468487690071,0,571.0,840.2566323280334,1.4715527711524228,3.1058762073516846,0.0,1.4715527711524228,162.0,96.78886890411377,0.5974621537290974,2.410245656967163,3.141120085009822,3.7385822387389194,50.0,15.654741764068604,0.31309483528137205,1.28828763961792,4.12014892578125,4.433243761062622,112.44361066818237,212.0,572
run2_g3_g3_3,1.6358917646342535,2.1287476045638076,2,553.0,815.7263236045837,1.4750928094115439,3.370624303817749,0.0,1.4750928094115439,153.0,94.44782984256744,0.6173060774024016,2.870814323425293,3.16543451399585,3.7827405913982517,43.0,13.715868711471558,0.3189736909644548,1.28828763961792,4.238553723623586,4.557527414588041,108.163698554039,196.0,554
run2_g3_g3_4,3.3490534836683197,-1.2659021430733448,0,559.0,824.2794687747955,1.4745607670389902,3.2207815647125244,0.0,1.4745607670389902,156.0,92.10141599178314,0.5903936922550201,2.410245656967163,3.1898284944204183,3.7802221866754384,47.0,14.067468404769897,0.29930783839935954,1.28828763961792,4.188463677751257,4.487771516150617,106.16888439655304,203.0,560
run2_g3_g3_5,-0.5305555076030546,1.4128426754928447,2,546.0,807.6396453380585,1.4791934896301437,3.2051174640655518,0.0,1.4791934896301437,152.0,90.65446841716766,0.5964109764287346,2.4274275302886963,3.204533318939962,3.8009442953686965,46.0,14.5626859664917,0.3165801297063413,1.28828763961792,4.2716701652692715,4.588250294975612,105.21715438365936,198.0,547
run2_g3_g3_6,0.6500498896020608,0.545525289013184,2,548.0,808.4157317876816,1.4752111893935795,3.2051174640655518,0.0,1.4752111893935795,151.0,91.63561284542084,0.6068583632147075,2.4274275302886963,3.19302200244752,3.7998803656622275,43.0,13.826159954071045,0.32153860358304753,1.28828763961792,4.19989983425584,4.521438437838887,105.46177279949188,194.0,549
run2_g3_g3_7,8.94498424158171,-1.2478554690605714,0,568.0,836.216012597084,1.4722112897835986,3.102168560028076,0.0,1.4722112897835986,161.0,95.80947661399841,0.595089916857133,2.410245656967163,3.143111498459526,3.738201415316659,49.0,15.05946135520935,0.3073359460246806,1.28828763961792,4.0731359014705735,4.380471847495254,110.86893796920776,210.0,569
run2_g3_g3_8,5.009983121782933,-1.2170894648446755,0,561.0,826.3851367235184,1.473057284712154,3.2051174640655518,0.0,1.473057284712154,157.0,93.02678263187408,0.592527277910026,2.4274275302886963,3.177299242110769,3.7698265200207945,45.0,14.074301481246948,0.31276225513882105,1.28828763961792,4.105248959859212,4.4180112149980335,107.10108411312103,202.0,562
run2_g3_g3_9,1.6353966241179532,2.1589511500294645,2,554.0,819.8168061971664,1.4798137295977734,3.2207815647125244,0.0,1.4798137295977734,153.0,91.65350890159607,0.5990425418404972,2.410245656967163,3.203984939974118,3.803027481814615,47.0,15.12355899810791,0.32177785102357254,1.28828763961792,4.202147803408034,4.523925654431607,106.77706789970398,200.0,555
run2_g4_g4_0,1.6353966241179532,2.1589511500294645,2,554.0,819.8168061971664,1.4798137295977734,3.2207815647125244,0.0,1.4798137295977734,153.0,91.65350890159607,0.5990425418404972,2.410245656967163,3.203984939974118,3.803027481814615,47.0,15.12355899810791,0.32177785102357254,1.28828763961792,4.202147803408034,4.523925654431607,106.77706789970398,200.0,555
run2_g4_g4_1,1.6353966241179532,2.1589511500294645,2,554.0,819.8168061971664,1.4798137295977734,3.2207815647125244,0.0,1.4798137295977734,153.0,91.65350890159607,0.5990425418404972,2.410245656967163,3.203984939974118,3.803027481814615,47.0,15.12355899810791,0.32177785102357254,1.28828763961792,4.202147803408034,4.523925654431607,106.77706789970398,200.0,555
run2_g4_g4_10,-0.5305555076030546,1.4128426754928447,2,546.0,807.6396453380585,1.4791934896301437,3.2051174640655518,0.0,1.4791934896301437,152.0,90.65446841716766,0.5964109764287346,2.4274275302886963,3.204533318939962,3.8009442953686965,46.0,14.5626859664917,0.3165801297063413,1.28828763961792,4.2716701652692715,4.588250294975612,105.21715438365936,198.0,547
run2_g4_g4_11,1.1550188452779853,0.9329007516476913,2,548.0,810.1843249797821,1.478438549233179,3.2207815647125244,0.0,1.478438549233179,158.0,95.00539231300354,0.6012999513481236,2.410245656967163,3.1963592254662814,3.7976591768144052,43.0,13.776340246200562,0.32038000572559444,1.28828763961792,4.252333247384359,4.572713253109954,108.7817325592041,201.0,549
run2_g4_g4_12,1.920214895578974,-1.1451197072393406,0,551.0,812.7490768432617,1.4750436966302392,3.2051174640655518,0.0,1.4750436966302392,158.0,93.5039587020874,0.5917972069752367,2.410245656967163,3.188998246494728,3.7807954534699646,43.0,13.441237211227417,0.3125869118890097,1.28828763961792,4.232342525970104,4.544929437859114,106.94519591331482,201.0,552
run2_g4_g4_13,3.278097463106322,-0.0987058316688174,0,554.0,816.9311624765396,1.4746049864197466,3.2051174640655518,0.0,1.4746049864197466,156.0,93.3303153514862,0.5982712522531167,2.4274275302886963,3.186658393114041,3.784929645367158,45.0,14.24226427078247,0.3164947615729438,1.28828763961792,4.160970973968506,4.4774657355414496,107.57257962226868,201.0,555
run2_g4_g4_14,4.789905308730484,0.16779752815439336,0,562.0,829.268802523613,1.4755672642768913,3.1058762073516846,0.0,1.4755672642768913,153.0,92.14940941333771,0.602283721655802,2.410245656967163,3.170415346139397,3.7726990677951986,51.0,15.210344076156616,0.29824204070895327,1.28828763961792,4.165027604383581,4.463269645092534,107.35975348949432,204.0,563
run2_g4_g4_15,1.8456461174396406,-2.1840544185986337,0,557.0,821.0352749824524,1.4740310143311532,3.2051174640655518,0.0,1.4740310143311532,155.0,90.74535799026489,0.585453922517838,2.410245656967163,3.212822557264759,3.7982764797825967,45.0,13.487272024154663,0.29971715609232585,1.28828763961792,4.199504110548231,4.499221266640557,104.23263001441956,200.0,558
run2_g4_g4_16,0.6500498896020608,0.545525289013184,2,548.0,808.4157317876816,1.4752111893935795,3.2051174640655518,0.0,1.4752111893935795,151.0,91.63561284542084,0.6068583632147075,2.4274275302886963,3.19302200244752,3.7998803656622275,43.0,13.826159954071045,0.32153860358304753,1.28828763961792,4.19989983425584,4.521438437838887,105.46177279949188,194.0,549
run2_g4_g4_17,1.8592790005035709,0.2948189320914908,2,554.0,818.7051773071289,1.4778071792547454,3.2207815647125244,0.0,1.4778071792547454,155.0,91.39545559883118,0.5896481006376205,2.410245656967163,3.1966438585712065,3.786291959208827,49.0,14.807604551315308,0.30219601125133283,1.28828763961792,4.247835548556581,4.5500315598079135,106.20306015014648,204.0,555
run2_g4_g4_18,2.9424761058511675,-0.49883529424298856,0,557.0,821.0181317329407,1.4740002365043818,3.2051174640655518,0.0,1.4740002365043818,153.0,91.81133472919464,0.6000740831973506,2.410245656967163,3.192658051166659,3.7927321343640097,46.0,14.175024032592773,0.30815269636071246,1.28828763961792,4.161780010098997,4.4699327064597085,105.98635876178741,199.0,558
run2_g4_g4_19,1.8353251002162645,1.7407885653948574,2,553.0,817.8860733509064,1.4789983243235196,3.2207815647125244,0.0,1.4789983243235196,154.0,92.4528398513794,0.600343115918048,2.410245656967163,3.1857816275064046,3.7861247434244527,45.0,14.63150954246521,0.3251446564992269,1.28828763961792,4.207826497819688,4.532971154318916,107.0843493938446,199.0,554
run2_g4_g4_2,1.6353966241179532,2.1589511500294645,2,554.0,819.8168061971664,1.4798137295977734,3.2207815647125244,0.0,1.4798137295977734,153.0,91.65350890159607,0.5990425418404972,2.410245656967163,3.203984939974118,3.803027481814615,47.0,15.12355899810791,0.32177785102357254,1.28828763961792,4.202147803408034,4.523925654431607,106.77706789970398,200.0,555
run2_g4_g4_20,1.6353966241179532,2.1589511500294645,2,554.0,819.8168061971664,1.4798137295977734,3.2207815647125244,0.0,1.4798137295977734,153.0,91.65350890159607,0.5990425418404972,2.410245656967163,3.203984939974118,3.803027481814615,47.0,15.12355899810791,0.32177785102357254,1.28828763961792,4.202147803408034,4.523925654431607,106.77706789970398,200.0,555
run2_g4_g4_21,1.6358917646342535,2.1287476045638076,2,553.0,815.7263236045837,1.4750928094115439,3.370624303817749,0.0,1.4750928094115439,153.0,94.44782984256744,0.6173060774024016,2.870814323425293,3.16543451399585,3.7827405913982517,43.0,13.715868711471558,0.3189736909644548,1.28828763961792,4.238553723623586,4.557527414588041,108.163698554039,196.0,554
run2_g4_g4_22,2.312745315955468,-1.1567249439654184,0,554.0,816.8452031612396,1.4744498252007936,3.2051174640655518,0.0,1.4744498252007936,153.0,90.20301473140717,0.5895621877869749,2.410245656967163,3.186392361042546,3.7759545488295214,44.0,13.634103298187256,0.3098659840497104,1.28828763961792,4.115054450251839,4.42492043430155,103.83711802959442,197.0,555
run2_g4_g4_23,9.75253603388083,-0.9395468487690071,0,571.0,840.2566323280334,1.4715527711524228,3.1058762073516846,0.0,1.4715527711524228,162.0,96.78886890411377,0.5974621537290974,2.410245656967163,3.141120085009822,3.7385822387389194,50.0,15.654741764068604,0.31309483528137205,1.28828763961792,4.12014892578125,4.433243761062622,112.44361066818237,212.0,572
run2_g4_g4_24,1.6353966241179532,2.1589511500294645,2,554.0,819.8168061971664,1.4798137295977734,3.2207815647125244,0.0,1.4798137295977734,153.0,91.65350890159607,0.5990425418404972,2.410245656967163,3.203984939974118,3.803027481814615,47.0,15.12355899810791,0.32177785102357254,1.28828763961792,4.202147803408034,4.523925654431607,106.77706789970398,200.0,555
run2_g4_g4_3,4.560679575025209,-0.3111910732679541,0,560.0,826.3236086368561,1.4755778725658144,3.2051174640655518,0.0,1.4755778725658144,159.0,96.06696307659149,0.6041947363307641,2.410245656967163,3.18368520901638,3.7878799453471443,45.0,13.744563341140747,0.30543474091423883,1.28828763961792,4.157301796807183,4.462736537721422,109.81152641773224,204.0,561
run2_g4_g4_4,1.148860004340919,1.6612205551407926,2,552.0,815.3788306713104,1.477135562810345,3.2051174640655518,0.0,1.477135562810345,152.0,92.83901011943817,0.6107829613120932,2.4274275302886963,3.1900969312379233,3.8008798925500167,45.0,14.597483396530151,0.32438851992289225,1.28828763961792,4.273588991165161,4.597977511088053,107.43649351596832,197.0,553
run2_g4_g4_5,-1.4924585175890097,0.8884097870358183,2,543.0,802.2592359781265,1.4774571564974706,3.370624303817749,0.0,1.4774571564974706,151.0,89.15011417865753,0.5903981071434273,2.4274275302886963,3.214922667339148,3.8053207744825754,43.0,13.759378910064697,0.3199855560480162,1.28828763961792,4.201452881790871,4.521438437838887,102.90949308872223,194.0,544
run2_g4_g4_6,3.1895662266196894,2.366439313781434,2,556.0,823.4024704694748,1.4809396950889835,3.2207815647125244,0.0,1.4809396950889835,159.0,94.65690732002258,0.5953264611322175,2.410245656967163,3.215471066768814,3.8107975279010318,48.0,15.431817293167114,0.3214961936076482,1.28828763961792,4.191151271263759,4.5126474648714066,110.0887246131897,207.0,557
run2_g4_g4_7,1.6353966241179532,2.1589511500294645,2,554.0,819.8168061971664,1.4798137295977734,3.2207815647125244,0.0,1.4798137295977734,153.0,91.65350890159607,0.5990425418404972,2.410245656967163,3.203984939974118,3.803027481814615,47.0,15.12355899810791,0.32177785102357254,1.28828763961792,4.202147803408034,4.523925654431607,106.77706789970398,200.0,555
run2_g4_g4_8,1.6998375105238455,1.6785501839479018,2,547.0,808.0384984016418,1.4772184614289614,3.2207815647125244,0.0,1.4772184614289614,156.0,94.52660489082336,0.6059397749411755,2.4274275302886963,3.2116183241208396,3.817558099062015,45.0,14.526643753051758,0.3228143056233724,1.28828763961792,4.185359202490913,4.508173508114285,109.05324864387512,201.0,548
run2_g4_g4_9,0.7318357226607645,-0.3041111142726532,2,553.0,816.2696726322174,1.4760753573819483,3.370624303817749,0.0,1.4760753573819483,152.0,89.9677563905716,0.5918931341484973,2.4274275302886963,3.180200044261782,3.772093178410279,44.0,13.411494255065918,0.3048066876151345,1.28828763961792,4.198950615796176,4.5037573034113105,103.37925064563751,196.0,554
run2_g5_g5_0,1.6353966241179532,2.1589511500294645,2,554.0,819.8168061971664,1.4798137295977734,3.2207815647125244,0.0,1.4798137295977734,153.0,91.65350890159607,0.5990425418404972,2.410245656967163,3.203984939974118,3.803027481814615,47.0,15.12355899810791,0.32177785102357254,1.28828763961792,4.202147803408034,4.523925654431607,106.77706789970398,200.0,555
run2_g5_g5_1,1.6353966241179532,2.1589511500294645,2,554.0,819.8168061971664,1.4798137295977734,3.2207815647125244,0.0,1.4798137295977734,153.0,91.65350890159607,0.5990425418404972,2.410245656967163,3.203984939974118,3.803027481814615,47.0,15.12355899810791,0.32177785102357254,1.28828763961792,4.202147803408034,4.523925654431607,106.77706789970398,200.0,555
run2_g5_g5_10,1.1110673570209961,2.2693326795655726,2,551.0,815.4742609262466,1.479989584258161,3.2207815647125244,0.0,1.479989584258161,154.0,91.23644137382507,0.5924444245053576,2.410245656967163,3.2052286708509765,3.7976730953563345,46.0,15.367843866348267,0.3340835623119188,1.28828763961792,4.232980702234351,4.56706426454627,106.60428524017334,200.0,552
run2_g5_g5_11,1.1550188452779853,0.9329007516476913,2,548.0,810.1843249797821,1.478438549233179,3.2207815647125244,0.0,1.478438549233179,158.0,95.00539231300354,0.6012999513481236,2.410245656967163,3.1963592254662814,3.7976591768144052,43.0,13.776340246200562,0.32038000572559444,1.28828763961792,4.252333247384359,4.572713253109954,108.7817325592041,201.0,549
run2_g5_g5_12,2.312745315955468,-1.1567249439654184,0,554.0,816.8452031612396,1.4744498252007936,3.2051174640655518,0.0,1.4744498252007936,153.0,90.20301473140717,0.5895621877869749,2.410245656967163,3.186392361042546,3.7759545488295214,44.0,13.634103298187256,0.3098659840497104,1.28828763961792,4.115054450251839,4.42492043430155,103.83711802959442,197.0,555
run2_g5_g5_13,7.434229429150924,-2.001898624450941,0,563.0,827.3691596984863,1.4695722197131196,3.2207815647125244,0.0,1.4695722197131196,161.0,94.94323992729187,0.5897095647657881,2.410245656967163,3.1433542293051016,3.7330637940708895,49.0,15.026796102523804,0.3066693082147715,1.28828763961792,4.184693355949557,4.491362664164329,109.97003602981567,210.0,564
run2_g5_g5_14,8.033280175371685,-0.7756121807833789,0,567.0,834.9434789419174,1.4725634549240165,3.1058762073516846,0.0,1.4725634549240165,160.0,96.07782232761383,0.6004863895475865,2.410245656967163,3.1306794829666615,3.731165872514248,47.0,14.97017788887024,0.3185144231674519,1.28828763961792,4.154751351539125,4.473265774706577,111.04800021648407,207.0,568
run2_g5_g5_15,1.6358917646342535,2.1287476045638076,2,553.0,815.7263236045837,1.4750928094115439,3.370624303817749,0.0,1.4750928094115439,153.0,94.44782984256744,0.6173060774024016,2.870814323425293,3.16543451399585,3.7827405913982517,43.0,13.715868711471558,0.3189736909644548,1.28828763961792,4.238553723623586,4.557527414588041,108.163698554039,196.0,554
run2_g5_g5_16,-1.4743354606777814,5.00988352865723,2,545.0,807.5943105220795,1.4818244229762927,3.370624303817749,0.0,1.4818244229762927,150.0,91.89279127120972,0.6126186084747315,2.870814323425293,3.2127786318461102,3.8253972403208416,45.0,14.771537780761719,0.32825639512803817,1.28828763961792,4.23979434967041,4.568050744798448,106.66432905197144,195.0,546
run2_g5_g5_17,1.6353966241179532,2.1589511500294645,2,554.0,819.8168061971664,1.4798137295977734,3.2207815647125244,0.0,1.4798137295977734,153.0,91.65350890159607,0.5990425418404972,2.410245656967163,3.203984939974118,3.803027481814615,47.0,15.12355899810791,0.32177785102357254,1.28828763961792,4.202147803408034,4.523925654431607,106.77706789970398,200.0,555
run2_g5_g5_18,0.6500498896020608,0.545525289013184,2,548.0,808.4157317876816,1.4752111893935795,3.2051174640655518,0.0,1.4752111893935795,151.0,91.63561284542084,0.6068583632147075,2.4274275302886963,3.19302200244752,3.7998803656622275,43.0,13.826159954071045,0.32153860358304753,1.28828763961792,4.19989983425584,4.521438437838887,105.46177279949188,194.0,549
run2_g5_g5_19,2.9424761058511675,-0.49883529424298856,0,557.0,821.0181317329407,1.4740002365043818,3.2051174640655518,0.0,1.4740002365043818,153.0,91.81133472919464,0.6000740831973506,2.410245656967163,3.192658051166659,3.7927321343640097,46.0,14.175024032592773,0.30815269636071246,1.28828763961792,4.161780010098997,4.4699327064597085,105.98635876178741,199.0,558
run2_g5_g5_2,-0.8689449833971709,2.6431225206504045,2,548.0,811.3954211473465,1.4806485787360337,3.2207815647125244,0.0,1.4806485787360337,148.0,90.28106212615967,0.6100071765281059,2.410245656967163,3.1925715659115768,3.8025787424396826,44.0,14.24032473564148,0.3236437439918518,1.28828763961792,4.2300857142968615,4.553729458288713,104.52138686180115,192.0,549
run2_g5_g5_20,1.6353966241179532,2.1589511500294645,2,554.0,819.8168061971664,1.4798137295977734,3.2207815647125244,0.0,1.4798137295977734,153.0,91.65350890159607,0.5990425418404972,2.410245656967163,3.203984939974118,3.803027481814615,47.0,15.12355899810791,0.32177785102357254,1.28828763961792,4.202147803408034,4.523925654431607,106.77706789970398,200.0,555
run2_g5_g5_21,1.8353251002162645,1.7407885653948574,2,553.0,817.8860733509064,1.4789983243235196,3.2207815647125244,0.0,1.4789983243235196,154.0,92.4528398513794,0.600343115918048,2.410245656967163,3.1857816275064046,3.7861247434244527,45.0,14.63150954246521,0.3251446564992269,1.28828763961792,4.207826497819688,4.532971154318916,107.0843493938446,199.0,554
run2_g5_g5_22,1.8721504830859432,1.469168574092102,2,553.0,817.7364600896835,1.4787277759307116,3.2207815647125244,0.0,1.4787277759307116,157.0,94.5021505355835,0.6019245257043535,2.4274275302886963,3.222495179267446,3.8244197049717994,45.0,14.423121213912964,0.3205138047536214,1.28828763961792,4.204662195841471,4.525176000595093,108.92527174949646,202.0,554
run2_g5_g5_23,1.6353966241179532,2.1589511500294645,2,554.0,819.8168061971664,1.4798137295977734,3.2207815647125244,0.0,1.4798137295977734,153.0,91.65350890159607,0.5990425418404972,2.410245656967163,3.203984939974118,3.803027481814615,47.0,15.12355899810791,0.32177785102357254,1.28828763961792,4.202147803408034,4.523925654431607,106.77706789970398,200.0,555
run2_g5_g5_24,0.7318357226607645,-0.3041111142726532,2,553.0,816.2696726322174,1.4760753573819483,3.370624303817749,0.0,1.4760753573819483,152.0,89.9677563905716,0.5918931341484973,2.4274275302886963,3.180200044261782,3.772093178410279,44.0,13.411494255065918,0.3048066876151345,1.28828763961792,4.198950615796176,4.5037573034113105,103.37925064563751,196.0,554
run2_g5_g5_3,-0.12124400927711733,1.4036549835950398,2,546.0,806.3584336042404,1.4768469479931143,3.370624303817749,0.0,1.4768469479931143,151.0,90.62865126132965,0.6001897434525142,2.4274275302886963,3.1950740948418117,3.7952638382943262,46.0,14.314960956573486,0.3111948034037714,1.28828763961792,4.226157836292101,4.5373526396958725,104.94361221790314,197.0,547
run2_g5_g5_4,-0.4614781861032815,2.6040507993181192,2,548.0,811.7871599197388,1.4813634305104721,3.2207815647125244,0.0,1.4813634305104721,151.0,90.48970854282379,0.5992695929988331,2.410245656967163,3.210017977171386,3.8092875701702194,46.0,14.870222806930542,0.3232657131941422,1.28828763961792,4.238952108051466,4.562217821245608,105.35993134975433,197.0,549
run2_g5_g5_5,1.871223488272459,1.3751155736818153,2,551.0,814.1641917228699,1.477611963199401,3.2051174640655518,0.0,1.477611963199401,153.0,94.39747822284698,0.6169769818486731,2.4274275302886963,3.184532775598414,3.801509757447087,46.0,13.845283508300781,0.30098442409349524,1.28828763961792,4.183672438497129,4.484656862590624,108.24276173114777,199.0,552
run2_g5_g5_6,1.6353966241179532,2.1589511500294645,2,554.0,819.8168061971664,1.4798137295977734,3.2207815647125244,0.0,1.4798137295977734,153.0,91.65350890159607,0.5990425418404972,2.410245656967163,3.203984939974118,3.803027481814615,47.0,15.12355899810791,0.32177785102357254,1.28828763961792,4.202147803408034,4.523925654431607,106.77706789970398,200.0,555
run2_g5_g5_7,1.920214895578974,-1.1451197072393406,0,551.0,812.7490768432617,1.4750436966302392,3.2051174640655518,0.0,1.4750436966302392,158.0,93.5039587020874,0.5917972069752367,2.410245656967163,3.188998246494728,3.7807954534699646,43.0,13.441237211227417,0.3125869118890097,1.28828763961792,4.232342525970104,4.544929437859114,106.94519591331482,201.0,552
run2_g5_g5_8,1.6998375105238455,1.6785501839479018,2,547.0,808.0384984016418,1.4772184614289614,3.2207815647125244,0.0,1.4772184614289614,156.0,94.52660489082336,0.6059397749411755,2.4274275302886963,3.2116183241208396,3.817558099062015,45.0,14.526643753051758,0.3228143056233724,1.28828763961792,4.185359202490913,4.508173508114285,109.05324864387512,201.0,548
run2_g5_g5_9,1.6353966241179532,2.1589511500294645,2,554.0,819.8168061971664,1.4798137295977734,3.2207815647125244,0.0,1.4798137295977734,153.0,91.65350890159607,0.5990425418404972,2.410245656967163,3.203984939974118,3.803027481814615,47.0,15.12355899810791,0.32177785102357254,1.28828763961792,4.202147803408034,4.523925654431607,106.77706789970398,200.0,555
run2_g6_g6_0,-0.12124400927711733,1.4036549835950398,2,546.0,806.3584336042404,1.4768469479931143,3.370624303817749,0.0,1.4768469479931143,151.0,90.62865126132965,0.6001897434525142,2.4274275302886963,3.1950740948418117,3.7952638382943262,46.0,14.314960956573486,0.3111948034037714,1.28828763961792,4.226157836292101,4.5373526396958725,104.94361221790314,197.0,547
run2_g6_g6_1,-0.4614781861032815,2.6040507993181192,2,548.0,811.7871599197388,1.4813634305104721,3.2207815647125244,0.0,1.4813634305104721,151.0,90.48970854282379,0.5992695929988331,2.410245656967163,3.210017977171386,3.8092875701702194,46.0,14.870222806930542,0.3232657131941422,1.28828763961792,4.238952108051466,4.562217821245608,105.35993134975433,197.0,549
run2_g6_g6_10,1.6353966241179532,2.1589511500294645,2,554.0,819.8168061971664,1.4798137295977734,3.2207815647125244,0.0,1.4798137295977734,153.0,91.65350890159607,0.5990425418404972,2.410245656967163,3.203984939974118,3.803027481814615,47.0,15.12355899810791,0.32177785102357254,1.28828763961792,4.202147803408034,4.523925654431607,106.77706789970398,200.0,555
run2_g6_g6_11,1.6353966241179532,2.1589511500294645,2,554.0,819.8168061971664,1.4798137295977734,3.2207815647125244,0.0,1.4798137295977734,153.0,91.65350890159607,0.5990425418404972,2.410245656967163,3.203984939974118,3.803027481814615,47.0,15.12355899810791,0.32177785102357254,1.28828763961792,4.202147803408034,4.523925654431607,106.77706789970398,200.0,555
run2_g6_g6_12,2.312745315955468,-1.1567249439654184,0,554.0,816.8452031612396,1.4744498252007936,3.2051174640655518,0.0,1.4744498252007936,153.0,90.20301473140717,0.5895621877869749,2.410245656967163,3.186392361042546,3.7759545488295214,44.0,13.634103298187256,0.3098659840497104,1.28828763961792,4.115054450251839,4.42492043430155,103.83711802959442,197.0,555
run2_g6_g6_13,1.8721504830859432,1.469168574092102,2,553.0,817.7364600896835,1.4787277759307116,3.2207815647125244,0.0,1.4787277759307116,157.0,94.5021505355835,0.6019245257043535,2.4274275302886963,3.222495179267446,3.8244197049717994,45.0,14.423121213912964,0.3205138047536214,1.28828763961792,4.204662195841471,4.525176000595093,108.92527174949646,202.0,554
run2_g6_g6_14,1.6431682612390157,1.8362858650029226,2,554.0,819.0029172897339,1.478344616046451,3.2207815647125244,0.0,1.478344616046451,153.0,93.65640091896057,0.6121333393396116,2.410245656967163,3.1849307375016553,3.797064076841267,45.0,14.375844955444336,0.31946322123209636,1.28828763961792,4.249551667107476,4.569014888339573,108.03224587440491,198.0,555
run2_g6_g6_15,0.01283515329800236,-0.010725997741265583,2,550.0,812.6710693836212,1.477583762515675,3.2051174640655518,0.0,1.477583762515675,152.0,90.22653722763062,0.5935956396554646,2.410245656967163,3.210773543307656,3.80436918296312,44.0,13.691242694854736,0.311164606701244,1.28828763961792,4.20152456110174,4.512689167802984,103.91777992248535,196.0,551
run2_g6_g6_16,1.6353966241179532,2.1589511500294645,2,554.0,819.8168061971664,1.4798137295977734,3.2207815647125244,0.0,1.4798137295977734,153.0,91.65350890159607,0.5990425418404972,2.410245656967163,3.203984939974118,3.803027481814615,47.0,15.12355899810791,0.32177785102357254,1.28828763961792,4.202147803408034,4.523925654431607,106.77706789970398,200.0,555
run2_g6_g6_17,2.5501563085029937,2.3082609808235177,2,555.0,821.3393042087555,1.4798906382139738,3.2207815647125244,0.0,1.4798906382139738,155.0,93.44294595718384,0.6028577158527989,2.410245656967163,3.1957791774503645,3.7986368933031636,46.0,14.90683364868164,0.3240616010582965,1.28828763961792,4.17634087541829,4.500402476476586,108.34977960586548,201.0,556
run2_g6_g6_18,1.667723337368955,3.4697484014290043,2,554.0,819.676194190979,1.4795599173122365,3.2207815647125244,0.0,1.4795599173122365,151.0,93.37678265571594,0.6183892891107016,2.4274275302886963,3.207118902774836,3.825508191885538,47.0,15.300745487213135,0.3255477763236837,1.28828763961792,4.211434511428184,4.536982287751868,108.67752814292908,198.0,555
run2_g6_g6_19,1.1550188452779853,0.9329007516476913,2,548.0,810.1843249797821,1.478438549233179,3.2207815647125244,0.0,1.478438549233179,158.0,95.00539231300354,0.6012999513481236,2.410245656967163,3.1963592254662814,3.7976591768144052,43.0,13.776340246200562,0.32038000572559444,1.28828763961792,4.252333247384359,4.572713253109954,108.7817325592041,201.0,549
run2_g6_g6_2,-0.587328723164536,0.46234431599065573,2,543.0,799.9768272638321,1.4732538255319192,3.075467348098755,0.0,1.4732538255319192,148.0,91.3165192604065,0.6170035085162601,2.870814323425293,3.156837812952093,3.7738413214683533,42.0,13.324680805206299,0.31725430488586426,1.28828763961792,4.28301219145457,4.600266496340434,104.6412000656128,190.0,544
run2_g6_g6_20,1.6353966241179532,2.1589511500294645,2,554.0,819.8168061971664,1.4798137295977734,3.2207815647125244,0.0,1.4798137295977734,153.0,91.65350890159607,0.5990425418404972,2.410245656967163,3.203984939974118,3.803027481814615,47.0,15.12355899810791,0.32177785102357254,1.28828763961792,4.202147803408034,4.523925654431607,106.77706789970398,200.0,555
run2_g6_g6_21,1.895781527893744,2.0393341846095994,2,551.0,814.4804986715317,1.4781860229973351,3.2207815647125244,0.0,1.4781860229973351,154.0,93.05703783035278,0.6042664794178753,2.410245656967163,3.163838957811331,3.768105437229206,45.0,14.905822992324829,0.33124051094055174,1.28828763961792,4.267570410834418,4.59881092177497,107.96286082267761,199.0,552
run2_g6_g6_22,1.6353966241179532,2.1589511500294645,2,554.0,819.8168061971664,1.4798137295977734,3.2207815647125244,0.0,1.4798137295977734,153.0,91.65350890159607,0.5990425418404972,2.410245656967163,3.203984939974118,3.803027481814615,47.0,15.12355899810791,0.32177785102357254,1.28828763961792,4.202147803408034,4.523925654431607,106.77706789970398,200.0,555
run2_g6_g6_23,1.6358917646342535,2.1287476045638076,2,553.0,815.7263236045837,1.4750928094115439,3.370624303817749,0.0,1.4750928094115439,153.0,94.44782984256744,0.6173060774024016,2.870814323425293,3.16543451399585,3.7827405913982517,43.0,13.715868711471558,0.3189736909644548,1.28828763961792,4.238553723623586,4.557527414588041,108.163698554039,196.0,554
run2_g6_g6_24,1.6353966241179532,2.1589511500294645,2,554.0,819.8168061971664,1.4798137295977734,3.2207815647125244,0.0,1.4798137295977734,153.0,91.65350890159607,0.5990425418404972,2.410245656967163,3.203984939974118,3.803027481814615,47.0,15.12355899810791,0.32177785102357254,1.28828763961792,4.202147803408034,4.523925654431607,106.77706789970398,200.0,555
run2_g6_g6_3,-0.8689449833971709,2.6431225206504045,2,548.0,811.3954211473465,1.4806485787360337,3.2207815647125244,0.0,1.4806485787360337,148.0,90.28106212615967,0.6100071765281059,2.410245656967163,3.1925715659115768,3.8025787424396826,44.0,14.24032473564148,0.3236437439918518,1.28828763961792,4.2300857142968615,4.553729458288713,104.52138686180115,192.0,549
run2_g6_g6_4,-2.6180737111462937,2.476015147764258,2,545.0,808.084021449089,1.4827229751359432,3.2207815647125244,0.0,1.4827229751359432,149.0,88.64343535900116,0.5949223849597394,2.410245656967163,3.244099974632263,3.8390223595920023,47.0,14.759113788604736,0.314023697629888,1.28828763961792,4.273833538623566,4.587857236253455,103.4025491476059,196.0,546
run2_g6_g6_5,-0.12124400927711733,1.4036549835950398,2,546.0,806.3584336042404,1.4768469479931143,3.370624303817749,0.0,1.4768469479931143,151.0,90.62865126132965,0.6001897434525142,2.4274275302886963,3.1950740948418117,3.7952638382943262,46.0,14.314960956573486,0.3111948034037714,1.28828763961792,4.226157836292101,4.5373526396958725,104.94361221790314,197.0,547
run2_g6_g6_6,-3.5100291906781473,0.04148372960338884,1,540.0,797.1195868253708,1.4761473830099459,3.2051174640655518,0.0,1.4761473830099459,148.0,89.76441526412964,0.6065163193522273,2.4274275302886963,3.2313819656500944,3.8378982850023218,41.0,12.948531866073608,0.31581785039203925,1.28828763961792,4.307522238754645,4.623340089146684,102.71294713020325,189.0,541
run2_g6_g6_7,1.6353966241179532,2.1589511500294645,2,554.0,819.8168061971664,1.4798137295977734,3.2207815647125244,0.0,1.4798137295977734,153.0,91.65350890159607,0.5990425418404972,2.410245656967163,3.203984939974118,3.803027481814615,47.0,15.12355899810791,0.32177785102357254,1.28828763961792,4.202147803408034,4.523925654431607,106.77706789970398,200.0,555
run2_g6_g6_8,-0.4614781861032815,2.6040507993181192,2,548.0,811.7871599197388,1.4813634305104721,3.2207815647125244,0.0,1.4813634305104721,151.0,90.48970854282379,0.5992695929988331,2.410245656967163,3.210017977171386,3.8092875701702194,46.0,14.870222806930542,0.3232657131941422,1.28828763961792,4.238952108051466,4.562217821245608,105.35993134975433,197.0,549
run2_g6_g6_9,-0.5007404378513249,1.6297184448814261,2,545.0,804.8557232618332,1.4767994922235472,3.370624303817749,0.0,1.4767994922235472,150.0,90.60369431972504,0.6040246287981669,2.4274275302886963,3.1968018778165184,3.800826506614685,46.0,14.307176113128662,0.31102556767671,1.28828763961792,4.236096667206806,4.547122234883516,104.9108704328537,196.0,546
run2_g7_g7_0,-0.12124400927711733,1.4036549835950398,2,546.0,806.3584336042404,1.4768469479931143,3.370624303817749,0.0,1.4768469479931143,151.0,90.62865126132965,0.6001897434525142,2.4274275302886963,3.1950740948418117,3.7952638382943262,46.0,14.314960956573486,0.3111948034037714,1.28828763961792,4.226157836292101,4.5373526396958725,104.94361221790314,197.0,547
run2_g7_g7_1,-0.12124400927711733,1.4036549835950398,2,546.0,806.3584336042404,1.4768469479931143,3.370624303817749,0.0,1.4768469479931143,151.0,90.62865126132965,0.6001897434525142,2.4274275302886963,3.1950740948418117,3.7952638382943262,46.0,14.314960956573486,0.3111948034037714,1.28828763961792,4.226157836292101,4.5373526396958725,104.94361221790314,197.0,547
run2_g7_g7_10,-0.8401335975839596,1.1879009543107724,2,549.0,812.3388271331787,1.4796699947781033,3.2207815647125244,0.0,1.4796699947781033,152.0,90.83457565307617,0.5975958924544486,2.410245656967163,3.2499688110853495,3.847564703539798,46.0,14.217574834823608,0.30907771380051324,1.28828763961792,4.22006793125816,4.529145645058674,105.05215048789978,198.0,550
run2_g7_g7_11,-0.4614781861032815,2.6040507993181192,2,548.0,811.7871599197388,1.4813634305104721,3.2207815647125244,0.0,1.4813634305104721,151.0,90.48970854282379,0.5992695929988331,2.410245656967163,3.210017977171386,3.8092875701702194,46.0,14.870222806930542,0.3232657131941422,1.28828763961792,4.238952108051466,4.562217821245608,105.35993134975433,197.0,549
run2_g7_g7_12,1.6353966241179532,2.1589511500294645,2,554.0,819.8168061971664,1.4798137295977734,3.2207815647125244,0.0,1.4798137295977734,153.0,91.65350890159607,0.5990425418404972,2.410245656967163,3.203984939974118,3.803027481814615,47.0,15.12355899810791,0.32177785102357254,1.28828763961792,4.202147803408034,4.523925654431607,106.77706789970398,200.0,555
run2_g7_g7_13,2.0600737645370417,3.13015008473745,2,555.0,821.7596964836121,1.480648101772274,3.2207815647125244,0.0,1.480648101772274,152.0,92.67157888412476,0.6096814400271365,2.410245656967163,3.1867300052391854,3.796411445266322,47.0,15.202558517456055,0.32345869186076714,1.28828763961792,4.199847165574419,4.523305857435186,107.87413740158081,199.0,556
run2_g7_g7_14,0.45403885916569836,2.5198097933843386,2,547.0,809.7387789487839,1.4803268353725483,3.370624303817749,0.0,1.4803268353725483,155.0,92.34288966655731,0.5957605784939182,2.4274275302886963,3.2123117285390053,3.8080723070329237,48.0,14.939503908157349,0.3112396647532781,1.28828763961792,4.226336379845937,4.5375760445992155,107.28239357471466,203.0,548
run2_g7_g7_15,-0.3898689640623862,0.8201392193225784,2,547.0,807.4218512773514,1.4760911357904047,3.370624303817749,0.0,1.4760911357904047,150.0,89.48636591434479,0.5965757727622986,2.4274275302886963,3.21221285422643,3.8087886269887288,47.0,14.315932273864746,0.3045943036992499,1.28828763961792,4.214072785478957,4.518667089178207,103.80229818820953,197.0,548
run2_g7_g7_16,-0.7509911385096932,1.720439729770373,2,543.0,801.938573718071,1.476866618265324,3.370624303817749,0.0,1.476866618265324,150.0,90.60369431972504,0.6040246287981669,2.4274275302886963,3.1968018778165184,3.800826506614685,46.0,14.307176113128662,0.31102556767671,1.28828763961792,4.236096667206806,4.547122234883516,104.9108704328537,196.0,544
run2_g7_g7_17,1.6353966241179532,2.1589511500294645,2,554.0,819.8168061971664,1.4798137295977734,3.2207815647125244,0.0,1.4798137295977734,153.0,91.65350890159607,0.5990425418404972,2.410245656967163,3.203984939974118,3.803027481814615,47.0,15.12355899810791,0.32177785102357254,1.28828763961792,4.202147803408034,4.523925654431607,106.77706789970398,200.0,555
run2_g7_g7_18,1.6353966241179532,2.1589511500294645,2,554.0,819.8168061971664,1.4798137295977734,3.2207815647125244,0.0,1.4798137295977734,153.0,91.65350890159607,0.5990425418404972,2.410245656967163,3.203984939974118,3.803027481814615,47.0,15.12355899810791,0.32177785102357254,1.28828763961792,4.202147803408034,4.523925654431607,106.77706789970398,200.0,555
run2_g7_g7_19,-0.12124400927711733,1.4036549835950398,2,546.0,806.3584336042404,1.4768469479931143,3.370624303817749,0.0,1.4768469479931143,151.0,90.62865126132965,0.6001897434525142,2.4274275302886963,3.1950740948418117,3.7952638382943262,46.0,14.314960956573486,0.3111948034037714,1.28828763961792,4.226157836292101,4.5373526396958725,104.94361221790314,197.0,547
run2_g7_g7_2,1.6353966241179532,2.1589511500294645,2,554.0,819.8168061971664,1.4798137295977734,3.2207815647125244,0.0,1.4798137295977734,153.0,91.65350890159607,0.5990425418404972,2.410245656967163,3.203984939974118,3.803027481814615,47.0,15.12355899810791,0.32177785102357254,1.28828763961792,4.202147803408034,4.523925654431607,106.77706789970398,200.0,555
run2_g7_g7_20,1.6353966241179532,2.1589511500294645,2,554.0,819.8168061971664,1.4798137295977734,3.2207815647125244,0.0,1.4798137295977734,153.0,91.65350890159607,0.5990425418404972,2.410245656967163,3.203984939974118,3.803027481814615,47.0,15.12355899810791,0.32177785102357254,1.28828763961792,4.202147803408034,4.523925654431607,106.77706789970398,200.0,555
run2_g7_g7_21,-0.4614781861032815,2.6040507993181192,2,548.0,811.7871599197388,1.4813634305104721,3.2207815647125244,0.0,1.4813634305104721,151.0,90.48970854282379,0.5992695929988331,2.410245656967163,3.210017977171386,3.8092875701702194,46.0,14.870222806930542,0.3232657131941422,1.28828763961792,4.238952108051466,4.562217821245608,105.35993134975433,197.0,549
run2_g7_g7_22,1.895781527893744,2.0393341846095994,2,551.0,814.4804986715317,1.4781860229973351,3.2207815647125244,0.0,1.4781860229973351,154.0,93.05703783035278,0.6042664794178753,2.410245656967163,3.163838957811331,3.768105437229206,45.0,14.905822992324829,0.33124051094055174,1.28828763961792,4.267570410834418,4.59881092177497,107.96286082267761,199.0,552
run2_g7_g7_23,-3.5100291906781473,0.04148372960338884,1,540.0,797.1195868253708,1.4761473830099459,3.2051174640655518,0.0,1.4761473830099459,148.0,89.76441526412964,0.6065163193522273,2.4274275302886963,3.2313819656500944,3.8378982850023218,41.0,12.948531866073608,0.31581785039203925,1.28828763961792,4.307522238754645,4.623340089146684,102.71294713020325,189.0,541
run2_g7_g7_24,1.6353966241179532,2.1589511500294645,2,554.0,819.8168061971664,1.4798137295977734,3.2207815647125244,0.0,1.4798137295977734,153.0,91.65350890159607,0.5990425418404972,2.410245656967163,3.203984939974118,3.803027481814615,47.0,15.12355899810791,0.32177785102357254,1.28828763961792,4.202147803408034,4.523925654431607,106.77706789970398,200.0,555
run2_g7_g7_3,-0.5007404378513249,1.6297184448814261,2,545.0,804.8557232618332,1.4767994922235472,3.370624303817749,0.0,1.4767994922235472,150.0,90.60369431972504,0.6040246287981669,2.4274275302886963,3.1968018778165184,3.800826506614685,46.0,14.307176113128662,0.31102556767671,1.28828763961792,4.236096667206806,4.547122234883516,104.9108704328537,196.0,546
run2_g7_g7_4,1.6353966241179532,2.1589511500294645,2,554.0,819.8168061971664,1.4798137295977734,3.2207815647125244,0.0,1.4798137295977734,153.0,91.65350890159607,0.5990425418404972,2.410245656967163,3.203984939974118,3.803027481814615,47.0,15.12355899810791,0.32177785102357254,1.28828763961792,4.202147803408034,4.523925654431607,106.77706789970398,200.0,555
run2_g7_g7_5,-0.12124400927711733,1.4036549835950398,2,546.0,806.3584336042404,1.4768469479931143,3.370624303817749,0.0,1.4768469479931143,151.0,90.62865126132965,0.6001897434525142,2.4274275302886963,3.1950740948418117,3.7952638382943262,46.0,14.314960956573486,0.3111948034037714,1.28828763961792,4.226157836292101,4.5373526396958725,104.94361221790314,197.0,547
run2_g7_g7_6,0.19058983689717704,3.487251973613565,2,550.0,814.5395967960358,1.4809810850837013,3.370624303817749,0.0,1.4809810850837013,151.0,91.18362760543823,0.6038650834797233,2.410245656967163,3.2135462145142206,3.817411297993944,47.0,15.12355899810791,0.32177785102357254,1.28828763961792,4.202147803408034,4.523925654431607,106.30718660354614,198.0,551
run2_g7_g7_7,-0.587328723164536,0.46234431599065573,2,543.0,799.9768272638321,1.4732538255319192,3.075467348098755,0.0,1.4732538255319192,148.0,91.3165192604065,0.6170035085162601,2.870814323425293,3.156837812952093,3.7738413214683533,42.0,13.324680805206299,0.31725430488586426,1.28828763961792,4.28301219145457,4.600266496340434,104.6412000656128,190.0,544
run2_g7_g7_8,1.6358917646342535,2.1287476045638076,2,553.0,815.7263236045837,1.4750928094115439,3.370624303817749,0.0,1.4750928094115439,153.0,94.44782984256744,0.6173060774024016,2.870814323425293,3.16543451399585,3.7827405913982517,43.0,13.715868711471558,0.3189736909644548,1.28828763961792,4.238553723623586,4.557527414588041,108.163698554039,196.0,554
run2_g7_g7_9,-0.8689449833971709,2.6431225206504045,2,548.0,811.3954211473465,1.4806485787360337,3.2207815647125244,0.0,1.4806485787360337,148.0,90.28106212615967,0.6100071765281059,2.410245656967163,3.1925715659115768,3.8025787424396826,44.0,14.24032473564148,0.3236437439918518,1.28828763961792,4.2300857142968615,4.553729458288713,104.52138686180115,192.0,549
run2_g8_g8_0,-0.12124400927711733,1.4036549835950398,2,546.0,806.3584336042404,1.4768469479931143,3.370624303817749,0.0,1.4768469479931143,151.0,90.62865126132965,0.6001897434525142,2.4274275302886963,3.1950740948418117,3.7952638382943262,46.0,14.314960956573486,0.3111948034037714,1.28828763961792,4.226157836292101,4.5373526396958725,104.94361221790314,197.0,547
run2_g8_g8_1,-0.3898689640623862,0.8201392193225784,2,547.0,807.4218512773514,1.4760911357904047,3.370624303817749,0.0,1.4760911357904047,150.0,89.48636591434479,0.5965757727622986,2.4274275302886963,3.21221285422643,3.8087886269887288,47.0,14.315932273864746,0.3045943036992499,1.28828763961792,4.214072785478957,4.518667089178207,103.80229818820953,197.0,548
run2_g8_g8_10,1.6353966241179532,2.1589511500294645,2,554.0,819.8168061971664,1.4798137295977734,3.2207815647125244,0.0,1.4798137295977734,153.0,91.65350890159607,0.5990425418404972,2.410245656967163,3.203984939974118,3.803027481814615,47.0,15.12355899810791,0.32177785102357254,1.28828763961792,4.202147803408034,4.523925654431607,106.77706789970398,200.0,555
run2_g8_g8_11,0.36671114142701683,0.7482331401664126,2,549.0,810.2543542385101,1.4758731406894539,3.370624303817749,0.0,1.4758731406894539,151.0,90.22254168987274,0.5975002760918725,2.4274275302886963,3.2013442255803293,3.7988445016722014,47.0,14.317005395889282,0.3046171360827507,1.28828763961792,4.213815303558999,4.5184324396417495,104.53954708576202,198.0,550
run2_g8_g8_12,-0.5007404378513249,1.6297184448814261,2,545.0,804.8557232618332,1.4767994922235472,3.370624303817749,0.0,1.4767994922235472,150.0,90.60369431972504,0.6040246287981669,2.4274275302886963,3.1968018778165184,3.800826506614685,46.0,14.307176113128662,0.31102556767671,1.28828763961792,4.236096667206806,4.547122234883516,104.9108704328537,196.0,546
run2_g8_g8_13,0.45403885916569836,2.5198097933843386,2,547.0,809.7387789487839,1.4803268353725483,3.370624303817749,0.0,1.4803268353725483,155.0,92.34288966655731,0.5957605784939182,2.4274275302886963,3.2123117285390053,3.8080723070329237,48.0,14.939503908157349,0.3112396647532781,1.28828763961792,4.226336379845937,4.5375760445992155,107.28239357471466,203.0,548
run2_g8_g8_14,1.6353966241179532,2.1589511500294645,2,554.0,819.8168061971664,1.4798137295977734,3.2207815647125244,0.0,1.4798137295977734,153.0,91.65350890159607,0.5990425418404972,2.410245656967163,3.203984939974118,3.803027481814615,47.0,15.12355899810791,0.32177785102357254,1.28828763961792,4.202147803408034,4.523925654431607,106.77706789970398,200.0,555
run2_g8_g8_15,-0.4614781861032815,2.6040507993181192,2,548.0,811.7871599197388,1.4813634305104721,3.2207815647125244,0.0,1.4813634305104721,151.0,90.48970854282379,0.5992695929988331,2.410245656967163,3.210017977171386,3.8092875701702194,46.0,14.870222806930542,0.3232657131941422,1.28828763961792,4.238952108051466,4.562217821245608,105.35993134975433,197.0,549
run2_g8_g8_16,-0.12124400927711733,1.4036549835950398,2,546.0,806.3584336042404,1.4768469479931143,3.370624303817749,0.0,1.4768469479931143,151.0,90.62865126132965,0.6001897434525142,2.4274275302886963,3.1950740948418117,3.7952638382943262,46.0,14.314960956573486,0.3111948034037714,1.28828763961792,4.226157836292101,4.5373526396958725,104.94361221790314,197.0,547
run2_g8_g8_17,1.6353966241179532,2.1589511500294645,2,554.0,819.8168061971664,1.4798137295977734,3.2207815647125244,0.0,1.4798137295977734,153.0,91.65350890159607,0.5990425418404972,2.410245656967163,3.203984939974118,3.803027481814615,47.0,15.12355899810791,0.32177785102357254,1.28828763961792,4.202147803408034,4.523925654431607,106.77706789970398,200.0,555
run2_g8_g8_18,0.9100632885169869,1.2069782196043666,2,551.0,814.8853093385696,1.4789207066035748,3.2207815647125244,0.0,1.4789207066035748,154.0,90.94130635261536,0.5905279633286712,2.410245656967163,3.224346064901971,3.8148740282306424,48.0,15.048218727111816,0.3135045568148295,1.28828763961792,4.218734110395114,4.532238667209943,105.98952507972717,202.0,552
run2_g8_g8_19,-0.7509911385096932,1.720439729770373,2,543.0,801.938573718071,1.476866618265324,3.370624303817749,0.0,1.476866618265324,150.0,90.60369431972504,0.6040246287981669,2.4274275302886963,3.1968018778165184,3.800826506614685,46.0,14.307176113128662,0.31102556767671,1.28828763961792,4.236096667206806,4.547122234883516,104.9108704328537,196.0,544
run2_g8_g8_2,-0.12124400927711733,1.4036549835950398,2,546.0,806.3584336042404,1.4768469479931143,3.370624303817749,0.0,1.4768469479931143,151.0,90.62865126132965,0.6001897434525142,2.4274275302886963,3.1950740948418117,3.7952638382943262,46.0,14.314960956573486,0.3111948034037714,1.28828763961792,4.226157836292101,4.5373526396958725,104.94361221790314,197.0,547
run2_g8_g8_20,-0.8401335975839596,1.1879009543107724,2,549.0,812.3388271331787,1.4796699947781033,3.2207815647125244,0.0,1.4796699947781033,152.0,90.83457565307617,0.5975958924544486,2.410245656967163,3.2499688110853495,3.847564703539798,46.0,14.217574834823608,0.30907771380051324,1.28828763961792,4.22006793125816,4.529145645058674,105.05215048789978,198.0,550
run2_g8_g8_21,1.6353966241179532,2.1589511500294645,2,554.0,819.8168061971664,1.4798137295977734,3.2207815647125244,0.0,1.4798137295977734,153.0,91.65350890159607,0.5990425418404972,2.410245656967163,3.203984939974118,3.803027481814615,47.0,15.12355899810791,0.32177785102357254,1.28828763961792,4.202147803408034,4.523925654431607,106.77706789970398,200.0,555
run2_g8_g8_22,1.6358917646342535,2.1287476045638076,2,553.0,815.7263236045837,1.4750928094115439,3.370624303817749,0.0,1.4750928094115439,153.0,94.44782984256744,0.6173060774024016,2.870814323425293,3.16543451399585,3.7827405913982517,43.0,13.715868711471558,0.3189736909644548,1.28828763961792,4.238553723623586,4.557527414588041,108.163698554039,196.0,554
run2_g8_g8_23,-5.441583622119597,-0.2789337188984002,1,544.0,805.277170419693,1.480288916212671,3.2207815647125244,0.0,1.480288916212671,145.0,86.1123937368393,0.5938785774954434,2.410245656967163,3.265583058883404,3.8594616363788474,47.0,13.700895071029663,0.2915084057665886,0.8472099304199219,4.368644080263503,4.660152486030092,99.81328880786896,192.0,545
run2_g8_g8_24,-0.3898689640623862,0.8201392193225784,2,547.0,807.4218512773514,1.4760911357904047,3.370624303817749,0.0,1.4760911357904047,150.0,89.48636591434479,0.5965757727622986,2.4274275302886963,3.21221285422643,3.8087886269887288,47.0,14.315932273864746,0.3045943036992499,1.28828763961792,4.214072785478957,4.518667089178207,103.80229818820953,197.0,548
run2_g8_g8_3,-0.4614781861032815,2.6040507993181192,2,548.0,811.7871599197388,1.4813634305104721,3.2207815647125244,0.0,1.4813634305104721,151.0,90.48970854282379,0.5992695929988331,2.410245656967163,3.210017977171386,3.8092875701702194,46.0,14.870222806930542,0.3232657131941422,1.28828763961792,4.238952108051466,4.562217821245608,105.35993134975433,197.0,549
run2_g8_g8_4,1.7124866270671582,1.3126711996703404,2,551.0,813.381071805954,1.476190692932766,3.370624303817749,0.0,1.476190692932766,153.0,91.63865280151367,0.5989454431471481,2.4274275302886963,3.1914626040489846,3.7904080471961326,47.0,14.664548397064209,0.31201166802264274,1.28828763961792,4.187458104275643,4.499469772298285,106.30320119857788,200.0,552
run2_g8_g8_5,0.19058983689717704,3.487251973613565,2,550.0,814.5395967960358,1.4809810850837013,3.370624303817749,0.0,1.4809810850837013,151.0,91.18362760543823,0.6038650834797233,2.410245656967163,3.2135462145142206,3.817411297993944,47.0,15.12355899810791,0.32177785102357254,1.28828763961792,4.202147803408034,4.523925654431607,106.30718660354614,198.0,551
run2_g8_g8_6,1.6353966241179532,2.1589511500294645,2,554.0,819.8168061971664,1.4798137295977734,3.2207815647125244,0.0,1.4798137295977734,153.0,91.65350890159607,0.5990425418404972,2.410245656967163,3.203984939974118,3.803027481814615,47.0,15.12355899810791,0.32177785102357254,1.28828763961792,4.202147803408034,4.523925654431607,106.77706789970398,200.0,555
run2_g8_g8_7,0.011017826790481262,2.0342607998287705,2,545.0,806.0100167989731,1.4789174620164645,3.370624303817749,0.0,1.4789174620164645,153.0,90.73644697666168,0.5930486730500764,2.4274275302886963,3.2023802310033562,3.7954289040534324,47.0,14.79291319847107,0.31474283401002273,1.28828763961792,4.215508430562121,4.5302512645721436,105.52936017513275,200.0,546
run2_g8_g8_8,-0.12124400927711733,1.4036549835950398,2,546.0,806.3584336042404,1.4768469479931143,3.370624303817749,0.0,1.4768469479931143,151.0,90.62865126132965,0.6001897434525142,2.4274275302886963,3.1950740948418117,3.7952638382943262,46.0,14.314960956573486,0.3111948034037714,1.28828763961792,4.226157836292101,4.5373526396958725,104.94361221790314,197.0,547
run2_g8_g8_9,0.4502662687790995,3.1620365366044543,2,550.0,815.3259006738663,1.4824107284979386,3.2207815647125244,0.0,1.4824107284979386,152.0,91.86151325702667,0.6043520609014913,2.410245656967163,3.2070936521417215,3.811445713043213,48.0,15.086615800857544,0.31430449585119885,1.28828763961792,4.220318461457889,4.534622957309087,106.94812905788422,200.0,551
run2_g9_g9_0,-0.12124400927711733,1.4036549835950398,2,546.0,806.3584336042404,1.4768469479931143,3.370624303817749,0.0,1.4768469479931143,151.0,90.62865126132965,0.6001897434525142,2.4274275302886963,3.1950740948418117,3.7952638382943262,46.0,14.314960956573486,0.3111948034037714,1.28828763961792,4.226157836292101,4.5373526396958725,104.94361221790314,197.0,547
run2_g9_g9_1,-0.12124400927711733,1.4036549835950398,2,546.0,806.3584336042404,1.4768469479931143,3.370624303817749,0.0,1.4768469479931143,151.0,90.62865126132965,0.6001897434525142,2.4274275302886963,3.1950740948418117,3.7952638382943262,46.0,14.314960956573486,0.3111948034037714,1.28828763961792,4.226157836292101,4.5373526396958725,104.94361221790314,197.0,547
run2_g9_g9_10,0.46409208993735884,4.751769472259083,2,549.0,812.7536978721619,1.4804256791842656,3.370624303817749,0.0,1.4804256791842656,149.0,92.87656426429749,0.6233326460691107,2.4274275302886963,3.1981814451665684,3.821514091235679,48.0,15.432172775268555,0.32150359948476154,1.28828763961792,4.229750211040179,4.5512538105249405,108.30873703956604,197.0,550
run2_g9_g9_11,-0.4614781861032815,2.6040507993181192,2,548.0,811.7871599197388,1.4813634305104721,3.2207815647125244,0.0,1.4813634305104721,151.0,90.48970854282379,0.5992695929988331,2.410245656967163,3.210017977171386,3.8092875701702194,46.0,14.870222806930542,0.3232657131941422,1.28828763961792,4.238952108051466,4.562217821245608,105.35993134975433,197.0,549
run2_g9_g9_12,0.19058983689717704,3.487251973613565,2,550.0,814.5395967960358,1.4809810850837013,3.370624303817749,0.0,1.4809810850837013,151.0,91.18362760543823,0.6038650834797233,2.410245656967163,3.2135462145142206,3.817411297993944,47.0,15.12355899810791,0.32177785102357254,1.28828763961792,4.202147803408034,4.523925654431607,106.30718660354614,198.0,551
run2_g9_g9_13,1.0068332639690873,0.316469093451578,2,552.0,815.961207151413,1.4781905926656032,3.2207815647125244,0.0,1.4781905926656032,155.0,90.60485410690308,0.5845474458509876,2.410245656967163,3.220054260376961,3.8046017062279485,47.0,14.706535577774048,0.31290501229306483,1.28828763961792,4.223733181649066,4.536638193942131,105.31138968467712,202.0,553
run2_g9_g9_14,-0.12124400927711733,1.4036549835950398,2,546.0,806.3584336042404,1.4768469479931143,3.370624303817749,0.0,1.4768469479931143,151.0,90.62865126132965,0.6001897434525142,2.4274275302886963,3.1950740948418117,3.7952638382943262,46.0,14.314960956573486,0.3111948034037714,1.28828763961792,4.226157836292101,4.5373526396958725,104.94361221790314,197.0,547
run2_g9_g9_15,1.6353966241179532,2.1589511500294645,2,554.0,819.8168061971664,1.4798137295977734,3.2207815647125244,0.0,1.4798137295977734,153.0,91.65350890159607,0.5990425418404972,2.410245656967163,3.203984939974118,3.803027481814615,47.0,15.12355899810791,0.32177785102357254,1.28828763961792,4.202147803408034,4.523925654431607,106.77706789970398,200.0,555
run2_g9_g9_16,-5.441583622119597,-0.2789337188984002,1,544.0,805.277170419693,1.480288916212671,3.2207815647125244,0.0,1.480288916212671,145.0,86.1123937368393,0.5938785774954434,2.410245656967163,3.265583058883404,3.8594616363788474,47.0,13.700895071029663,0.2915084057665886,0.8472099304199219,4.368644080263503,4.660152486030092,99.81328880786896,192.0,545
run2_g9_g9_17,1.7124866270671582,1.3126711996703404,2,551.0,813.381071805954,1.476190692932766,3.370624303817749,0.0,1.476190692932766,153.0,91.63865280151367,0.5989454431471481,2.4274275302886963,3.1914626040489846,3.7904080471961326,47.0,14.664548397064209,0.31201166802264274,1.28828763961792,4.187458104275643,4.499469772298285,106.30320119857788,200.0,552
run2_g9_g9_18,-0.3898689640623862,0.8201392193225784,2,547.0,807.4218512773514,1.4760911357904047,3.370624303817749,0.0,1.4760911357904047,150.0,89.48636591434479,0.5965757727622986,2.4274275302886963,3.21221285422643,3.8087886269887288,47.0,14.315932273864746,0.3045943036992499,1.28828763961792,4.214072785478957,4.518667089178207,103.80229818820953,197.0,548
run2_g9_g9_19,-0.4614781861032815,2.6040507993181192,2,548.0,811.7871599197388,1.4813634305104721,3.2207815647125244,0.0,1.4813634305104721,151.0,90.48970854282379,0.5992695929988331,2.410245656967163,3.210017977171386,3.8092875701702194,46.0,14.870222806930542,0.3232657131941422,1.28828763961792,4.238952108051466,4.562217821245608,105.35993134975433,197.0,549
run2_g9_g9_2,-0.5007404378513249,1.6297184448814261,2,545.0,804.8557232618332,1.4767994922235472,3.370624303817749,0.0,1.4767994922235472,150.0,90.60369431972504,0.6040246287981669,2.4274275302886963,3.1968018778165184,3.800826506614685,46.0,14.307176113128662,0.31102556767671,1.28828763961792,4.236096667206806,4.547122234883516,104.9108704328537,196.0,546
run2_g9_g9_20,0.9100632885169869,1.2069782196043666,2,551.0,814.8853093385696,1.4789207066035748,3.2207815647125244,0.0,1.4789207066035748,154.0,90.94130635261536,0.5905279633286712,2.410245656967163,3.224346064901971,3.8148740282306424,48.0,15.048218727111816,0.3135045568148295,1.28828763961792,4.218734110395114,4.532238667209943,105.98952507972717,202.0,552
run2_g9_g9_21,1.6353966241179532,2.1589511500294645,2,554.0,819.8168061971664,1.4798137295977734,3.2207815647125244,0.0,1.4798137295977734,153.0,91.65350890159607,0.5990425418404972,2.410245656967163,3.203984939974118,3.803027481814615,47.0,15.12355899810791,0.32177785102357254,1.28828763961792,4.202147803408034,4.523925654431607,106.77706789970398,200.0,555
run2_g9_g9_22,-0.12124400927711733,1.4036549835950398,2,546.0,806.3584336042404,1.4768469479931143,3.370624303817749,0.0,1.4768469479931143,151.0,90.62865126132965,0.6001897434525142,2.4274275302886963,3.1950740948418117,3.7952638382943262,46.0,14.314960956573486,0.3111948034037714,1.28828763961792,4.226157836292101,4.5373526396958725,104.94361221790314,197.0,547
run2_g9_g9_23,-3.1495391989344728,0.5400111719696521,1,544.0,803.9405646324158,1.477831920280176,3.2207815647125244,0.0,1.477831920280176,146.0,88.97164368629456,0.6093948197691408,2.4274275302886963,3.250251691635341,3.8596465114044816,46.0,13.37107539176941,0.2906755519949872,1.28828763961792,4.256106827570044,4.546782379565031,102.34271907806396,192.0,545
run2_g9_g9_24,0.6165348452770718,1.5662439756427666,2,547.0,808.0893312692642,1.4773113917171192,3.370624303817749,0.0,1.4773113917171192,151.0,90.59318041801453,0.5999548372053942,2.4274275302886963,3.1886063648375456,3.78856120204294,47.0,14.379173755645752,0.305939867141399,1.28828763961792,4.170487535760758,4.476427402902157,104.97235417366028,198.0,548
run2_g9_g9_3,1.6353966241179532,2.1589511500294645,2,554.0,819.8168061971664,1.4798137295977734,3.2207815647125244,0.0,1.4798137295977734,153.0,91.65350890159607,0.5990425418404972,2.410245656967163,3.203984939974118,3.803027481814615,47.0,15.12355899810791,0.32177785102357254,1.28828763961792,4.202147803408034,4.523925654431607,106.77706789970398,200.0,555
run2_g9_g9_4,-1.0193798361585427,1.1361611883793925,2,544.0,803.001991391182,1.4761066018220257,3.370624303817749,0.0,1.4761066018220257,149.0,89.46140897274017,0.6004121407566455,2.4274275302886963,3.2140672582907963,3.8144793990474417,47.0,14.308147430419922,0.30442866873233876,1.28828763961792,4.223800151906115,4.5282288206384536,103.7695564031601,196.0,545
run2_g9_g9_5,0.888489289591374,2.151103972535354,2,546.0,807.0259135961533,1.4780694388207936,3.370624303817749,0.0,1.4780694388207936,152.0,91.73546576499939,0.6035228010855223,2.4274275302886963,3.1717356663001213,3.7752584673856435,46.0,14.378202438354492,0.31256961822509766,1.28828763961792,4.181625081145245,4.494194699370342,106.11366820335388,198.0,547
run2_g9_g9_6,0.45403885916569836,2.5198097933843386,2,547.0,809.7387789487839,1.4803268353725483,3.370624303817749,0.0,1.4803268353725483,155.0,92.34288966655731,0.5957605784939182,2.4274275302886963,3.2123117285390053,3.8080723070329237,48.0,14.939503908157349,0.3112396647532781,1.28828763961792,4.226336379845937,4.5375760445992155,107.28239357471466,203.0,548
run2_g9_g9_7,-0.12124400927711733,1.4036549835950398,2,546.0,806.3584336042404,1.4768469479931143,3.370624303817749,0.0,1.4768469479931143,151.0,90.62865126132965,0.6001897434525142,2.4274275302886963,3.1950740948418117,3.7952638382943262,46.0,14.314960956573486,0.3111948034037714,1.28828763961792,4.226157836292101,4.5373526396958725,104.94361221790314,197.0,547
run2_g9_g9_8,-0.12124400927711733,1.4036549835950398,2,546.0,806.3584336042404,1.4768469479931143,3.370624303817749,0.0,1.4768469479931143,151.0,90.62865126132965,0.6001897434525142,2.4274275302886963,3.1950740948418117,3.7952638382943262,46.0,14.314960956573486,0.3111948034037714,1.28828763961792,4.226157836292101,4.5373526396958725,104.94361221790314,197.0,547
run2_g9_g9_9,1.726546724370242,2.3098708905353216,2,549.0,811.6414974927902,1.4783998132837708,3.370624303817749,0.0,1.4783998132837708,154.0,91.5948498249054,0.5947717521097753,2.4274275302886963,3.1901711860260407,3.7849429381358157,47.0,15.08815598487854,0.32102459542294765,1.28828763961792,4.163583562729206,4.484608158152154,106.68300580978394,201.0,550
