H0_count,H0_sum_persistence,H0_mean_persistence,H0_max_persistence,H0_birth_mean,H0_death_mean,H1_count,H1_sum_persistence,H1_mean_persistence,H1_max_persistence,H1_birth_mean,H1_death_mean,H2_count,H2_sum_persistence,H2_mean_persistence,H2_max_persistence,H2_birth_mean,H2_death_mean,H1H2_sum_persistence,H1H2_count,n_mut_chain_residues,n_partner_residues,n_mut_chain_points,n_partner_points,n_interface_points,mutation,pdb_file,total_score,complex_normalized,dG_cross,dG_cross/dSASAx100,dG_separated,dG_separated/dSASAx100,dSASA_hphobic,dSASA_int,dSASA_polar,delta_unsatHbonds,dslf_fa13,fa_atr,fa_dun,fa_elec,fa_intra_rep,fa_intra_sol_xover4,fa_rep,fa_sol,hbond_E_fraction,hbond_bb_sc,hbond_lr_bb,hbond_sc,hbond_sr_bb,hbonds_int,lk_ball_wtd,nres_all,nres_int,omega,p_aa_pp,packstat,per_residue_energy_int,pro_close,rama_prepro,ref,sc_value,side1_normalized,side1_score,side2_normalized,side2_score,yhh_planarity,description,score_file
561.0,826.7778928279877,1.4737573847201206,3.2051174640655518,0.0,1.4737573847201206,158.0,93.6789585351944,0.5929048008556608,2.410245656967163,3.1781676894501794,3.77107249030584,45.0,14.157074451446533,0.3146016544765896,1.28828763961792,4.127041069666545,4.441642724143135,107.83603298664093,203.0,38,39,292,270,562,run1_g0_g0_00,single-objective/run1/g0/g0_00.pdb,-155.933,-0.645,59.433,2.469,95.101,3.951,1215.991,2407.156,1191.165,32.0,-1.995,-1327.618,257.231,-291.816,1.96,32.207,301.032,777.39,-0.046,-32.107,-49.521,-20.556,-51.523,7.0,-33.429,269.0,83.0,92.414,-45.788,0.768,0.602,1.946,58.96,174.685,0.677,1.327,51.765,-0.041,-1.821,0.597,g0_00_0001,single-objective/run1/g0/g0_00.pdb.sc
561.0,826.7322311401367,1.473675991337142,3.2051174640655518,0.0,1.473675991337142,160.0,93.84111797809601,0.5865069873631,2.410245656967163,3.1727145425975323,3.7592215299606324,43.0,13.554632663726807,0.31522401543550715,1.28828763961792,4.1558391105297,4.471063125965207,107.39575064182281,203.0,38,39,292,270,562,run1_g0_g0_01,single-objective/run1/g0/g0_01.pdb,116.251,0.326,65.119,2.715,352.574,14.701,1200.803,2398.357,1197.554,29.0,-1.995,-1328.734,257.151,-294.451,1.944,32.76,571.458,789.896,-0.014,-32.591,-49.521,-20.556,-51.523,8.0,-34.274,269.0,83.0,92.414,-46.69,0.625,3.721,1.946,57.761,170.674,0.671,1.409,54.937,5.771,253.934,0.585,g0_01_0001,single-objective/run1/g0/g0_01.pdb.sc
558.0,822.3668078184128,1.4737756412516358,3.370624303817749,0.0,1.4737756412516358,158.0,96.36499631404877,0.6099050399623339,2.410245656967163,3.1585977235926856,3.76850276355502,46.0,14.854743480682373,0.3229292061017907,1.28828763961792,4.104279896487361,4.427209102589151,111.21973979473114,204.0,38,39,289,270,559,run1_g0_g0_02,single-objective/run1/g0/g0_02.pdb,387.53,0.476,346.076,14.139,385.235,15.739,1223.966,2447.616,1223.651,37.0,-1.995,-1323.936,253.043,-274.168,1.959,31.588,818.876,776.106,-0.006,-29.622,-49.521,-18.817,-51.523,4.0,-34.2,269.0,85.0,91.945,-43.174,0.696,4.163,1.946,61.077,177.35,0.609,4.931,202.151,3.447,151.687,0.597,g0_02_0001,single-objective/run1/g0/g0_02.pdb.sc
557.0,820.9816043376923,1.4739346576978316,3.2051174640655518,0.0,1.4739346576978316,159.0,91.20163679122925,0.573595199944838,2.410245656967163,3.2109413506849758,3.784536550629814,44.0,13.158783674240112,0.2990632653236389,1.28828763961792,4.181691787459633,4.480755052783272,104.36042046546936,203.0,38,39,288,270,558,run1_g0_g0_03,single-objective/run1/g0/g0_03.pdb,23.824,0.015,228.853,9.294,261.058,10.601,1247.959,2462.468,1214.509,33.0,-1.995,-1320.075,256.609,-290.479,1.969,32.681,470.35,772.407,-0.016,-32.107,-49.521,-20.556,-51.523,6.0,-32.467,269.0,83.0,92.347,-43.389,0.675,2.74,1.946,60.884,176.146,0.663,3.421,133.408,2.136,93.988,0.597,g0_03_0001,single-objective/run1/g0/g0_03.pdb.sc
563.0,830.3152284622192,1.4748050239115795,3.370624303817749,0.0,1.4748050239115795,160.0,94.46045172214508,0.5903778232634067,2.410245656967163,3.173611018806696,3.763988842070103,44.0,14.052697896957397,0.3193794976581227,1.28828763961792,4.10108879479495,4.420468292453072,108.51314961910248,204.0,38,39,294,270,564,run1_g0_g0_04,single-objective/run1/g0/g0_04.pdb,654.019,1.986,286.58,11.671,319.912,13.028,1252.084,2455.484,1203.4,29.0,-1.995,-1336.55,258.873,-291.466,1.986,31.984,1008.381,778.306,-0.011,-32.107,-47.916,-17.189,-51.523,5.0,-33.736,269.0,85.0,91.484,-40.523,0.694,6.113,99.83,62.542,173.042,0.673,4.085,167.502,8.002,352.105,0.597,g0_04_0001,single-objective/run1/g0/g0_04.pdb.sc
561.0,827.2684277296066,1.4746317784841474,3.370624303817749,0.0,1.4746317784841474,159.0,93.55538654327393,0.5883986575048674,2.410245656967163,3.15571114552096,3.7441098030258275,48.0,13.913154363632202,0.2898573825756709,1.28828763961792,4.134585380554199,4.42444276312987,107.46854090690613,207.0,38,39,292,270,562,run1_g0_g0_05,single-objective/run1/g0/g0_05.pdb,737.097,2.483,641.636,26.299,665.651,27.283,1291.666,2439.779,1148.113,32.0,-1.995,-1339.421,253.36,-289.514,1.963,31.502,1041.584,769.783,-0.004,-32.107,-49.521,-18.488,-50.988,5.0,-33.16,269.0,83.0,92.673,-41.166,0.724,9.802,156.168,70.937,174.891,0.638,8.721,340.122,10.759,473.412,0.597,g0_05_0001,single-objective/run1/g0/g0_05.pdb.sc
559.0,823.5012633800507,1.4731686285868526,3.2207815647125244,0.0,1.4731686285868526,154.0,92.4419094324112,0.6002721391715012,2.410245656967163,3.170421856564361,3.770693995735862,44.0,13.523634672164917,0.3073553334582936,0.9367504119873047,4.221888699314811,4.5292440327731045,105.96554410457611,198.0,38,39,290,270,560,run1_g0_g0_06,single-objective/run1/g0/g0_06.pdb,1069.88,3.063,1036.457,41.074,1084.582,42.981,1275.549,2523.396,1247.847,41.0,-1.995,-1331.046,256.01,-282.688,1.954,31.989,1512.822,777.574,-0.002,-29.622,-49.521,-20.556,-51.523,4.0,-34.517,269.0,85.0,91.987,-43.674,0.689,12.357,1.946,60.219,179.935,0.598,13.274,544.235,11.503,506.119,0.585,g0_06_0001,single-objective/run1/g0/g0_06.pdb.sc
571.0,839.3779997825623,1.4700140101270793,3.2051174640655518,0.0,1.4700140101270793,163.0,97.1352047920227,0.5959215017915503,2.410245656967163,3.1420649107248506,3.737986412516401,48.0,15.056148529052734,0.31366976102193195,1.28828763961792,4.105145623286565,4.418815384308497,112.19135332107544,211.0,38,39,302,270,572,run1_g0_g0_07,single-objective/run1/g0/g0_07.pdb,737.97,1.086,510.457,20.319,552.982,22.012,1228.458,2512.211,1283.753,36.0,-1.995,-1352.335,264.072,-297.016,2.028,33.786,1195.456,804.651,-0.007,-32.107,-49.521,-21.293,-51.523,6.0,-34.555,269.0,84.0,92.829,-46.024,0.706,6.117,1.946,58.425,170.551,0.646,6.896,275.858,5.408,237.947,0.597,g0_07_0001,single-objective/run1/g0/g0_07.pdb.sc
555.0,819.9447777271271,1.4773779778867155,3.2207815647125244,0.0,1.4773779778867155,154.0,91.28421115875244,0.5927546179139769,2.410245656967163,3.193314474898499,3.7860690928124763,45.0,14.05765438079834,0.31239231957329644,1.28828763961792,4.147030931048923,4.459423250622219,105.34186553955078,199.0,38,39,286,270,556,run1_g0_g0_08,single-objective/run1/g0/g0_08.pdb,-155.938,-0.638,55.811,2.332,88.978,3.718,1256.445,2393.309,1136.865,34.0,-1.995,-1315.647,252.962,-276.025,1.946,31.178,293.116,753.971,-0.043,-29.622,-49.521,-18.6,-51.523,6.0,-33.559,269.0,83.0,92.414,-45.16,0.713,0.632,1.946,59.422,178.171,0.666,1.287,50.207,0.051,2.245,0.588,g0_08_0001,single-objective/run1/g0/g0_08.pdb.sc
562.0,827.2775136232376,1.4720240455929494,3.2051174640655518,0.0,1.4720240455929494,157.0,94.84875285625458,0.6041321837977999,2.410245656967163,3.159415207850705,3.763547391648505,47.0,14.403152465820312,0.306450052464262,1.28828763961792,4.11496646353539,4.421416515999652,109.25190532207489,204.0,38,39,293,270,563,run1_g0_g0_09,single-objective/run1/g0/g0_09.pdb,30.753,-0.031,215.668,9.008,252.217,10.535,1190.419,2394.172,1203.754,32.0,-1.995,-1331.326,255.505,-288.752,1.972,32.776,483.279,779.63,-0.016,-32.107,-49.521,-18.271,-51.523,6.0,-32.725,269.0,83.0,92.414,-45.066,0.729,2.577,1.946,59.708,174.213,0.63,3.324,129.631,1.914,84.23,0.597,g0_09_0001,single-objective/run1/g0/g0_09.pdb.sc
558.0,823.4588251113892,1.4757326614899446,3.2051174640655518,0.0,1.4757326614899446,158.0,93.43199741840363,0.5913417558126812,2.410245656967163,3.179487458512753,3.770829214325434,44.0,13.909262418746948,0.316119600426067,1.28828763961792,4.1638113260269165,4.479930926452983,107.34125983715057,202.0,38,39,289,270,559,run1_g0_g0_10,single-objective/run1/g0/g0_10.pdb,-155.483,-0.644,56.672,2.35,92.844,3.851,1226.409,2411.17,1184.761,29.0,-1.995,-1322.913,255.186,-292.125,1.939,32.346,298.412,780.781,-0.048,-32.107,-49.521,-20.556,-51.523,7.0,-34.186,269.0,83.0,92.414,-45.926,0.684,0.592,1.946,59.392,172.36,0.689,1.294,50.481,-0.031,-1.362,0.596,g0_10_0001,single-objective/run1/g0/g0_10.pdb.sc
560.0,825.8234490156174,1.474684730385031,3.2051174640655518,0.0,1.474684730385031,161.0,93.77317106723785,0.5824420563182475,2.0924081802368164,3.170213914806058,3.7526559711243053,46.0,14.683403730392456,0.31920442892157513,1.28828763961792,4.187870150027067,4.507074578948643,108.45657479763031,207.0,38,39,291,270,561,run1_g0_g0_11,single-objective/run1/g0/g0_11.pdb,-108.871,-0.465,104.441,4.261,136.85,5.583,1208.862,2451.267,1242.405,35.0,-1.995,-1333.355,257.424,-296.658,1.951,32.337,343.223,791.98,-0.022,-32.109,-49.521,-20.556,-51.523,7.0,-32.757,269.0,83.0,92.414,-45.555,0.692,1.158,1.946,58.86,174.427,0.678,1.874,73.098,0.522,22.984,0.596,g0_11_0001,single-objective/run1/g0/g0_11.pdb.sc
557.0,820.8472031354904,1.473693362900342,3.2051174640655518,0.0,1.473693362900342,155.0,91.73654556274414,0.5918486810499622,2.410245656967163,3.162744572854811,3.7545932539047735,44.0,13.77941632270813,0.3131685527888211,1.28828763961792,4.1665940284729,4.479762581261721,105.51596188545227,199.0,38,39,288,270,558,run1_g0_g0_12,single-objective/run1/g0/g0_12.pdb,-156.899,-0.642,58.415,2.476,90.903,3.853,1236.337,2359.252,1122.915,28.0,-1.995,-1322.71,255.063,-286.857,1.931,32.221,295.524,773.559,-0.04,-32.107,-49.521,-18.6,-51.523,7.0,-34.164,269.0,83.0,92.414,-45.935,0.712,0.6,1.946,59.036,174.232,0.665,1.332,51.965,-0.05,-2.194,0.588,g0_12_0001,single-objective/run1/g0/g0_12.pdb.sc
569.0,838.9604549407959,1.474447196732506,3.2051174640655518,0.0,1.474447196732506,166.0,97.69058656692505,0.5884975094393076,2.0924081802368164,3.145263565592019,3.7337610750313264,53.0,17.043961763381958,0.32158418421475393,1.28828763961792,4.121949195861816,4.443533380076571,114.734548330307,219.0,38,39,300,270,570,run1_g0_g0_13,single-objective/run1/g0/g0_13.pdb,501.658,1.475,620.731,24.563,661.84,26.19,1291.637,2527.059,1235.421,35.0,-1.995,-1354.13,261.005,-288.783,2.001,32.81,955.669,796.847,-0.007,-32.109,-49.521,-20.556,-51.523,8.0,-31.23,269.0,83.0,92.414,-45.749,0.738,7.461,1.946,59.015,174.952,0.661,8.506,331.751,6.534,287.502,0.597,g0_13_0001,single-objective/run1/g0/g0_13.pdb.sc
558.0,822.4816819429398,1.473981508858315,3.2051174640655518,0.0,1.473981508858315,161.0,94.06690120697021,0.5842664671240386,2.410245656967163,3.1827472159581154,3.767013683082154,46.0,13.304187059402466,0.2892214578130971,1.28828763961792,4.16599530759065,4.455216765403748,107.37108826637268,207.0,38,39,289,270,559,run1_g0_g0_14,single-objective/run1/g0/g0_14.pdb,680.226,2.27,589.354,24.069,621.538,25.384,1264.376,2448.568,1184.192,33.0,-1.995,-1341.288,257.156,-293.152,1.975,32.244,1141.642,774.154,-0.007,-32.107,-49.521,-20.227,-51.523,6.0,-32.866,269.0,83.0,92.363,-42.852,0.711,9.223,1.946,65.355,178.327,0.648,8.051,313.987,10.262,451.507,0.596,g0_14_0001,single-objective/run1/g0/g0_14.pdb.sc
558.0,821.9127006530762,1.4729618291273767,3.2051174640655518,0.0,1.4729618291273767,150.0,92.820760846138,0.6188050723075866,2.410245656967163,3.15287899573644,3.771684068044027,46.0,13.77203631401062,0.29939209378283954,0.8472099304199219,4.243831048841062,4.543223142623901,106.59279716014862,196.0,38,39,289,270,559,run1_g0_g0_15,single-objective/run1/g0/g0_15.pdb,886.469,1.121,222.555,9.423,289.341,12.251,1145.214,2361.794,1216.579,32.0,-1.995,-1325.403,256.124,-289.21,1.938,32.023,1103.539,776.916,-0.012,-32.107,-49.064,-20.227,-51.523,6.0,-33.071,269.0,84.0,92.83,-42.59,0.706,6.228,231.137,65.196,171.371,0.637,3.165,126.589,9.013,396.591,0.585,g0_15_0001,single-objective/run1/g0/g0_15.pdb.sc
562.0,828.8571428060532,1.4748347736762513,3.2207815647125244,0.0,1.4748347736762513,158.0,95.66843783855438,0.6054964420161669,2.410245656967163,3.1623666535449932,3.7678630955611605,47.0,14.518192052841187,0.30889770325194016,1.28828763961792,4.114540409534536,4.423438112786475,110.18662989139557,205.0,38,39,293,270,563,run1_g0_g0_16,single-objective/run1/g0/g0_16.pdb,313.777,0.293,262.728,10.841,332.241,13.709,1241.486,2423.501,1182.015,33.0,-1.995,-1331.67,254.777,-282.335,1.966,31.741,767.074,774.84,-0.009,-30.764,-49.521,-20.556,-51.523,6.0,-33.132,269.0,84.0,92.829,-45.796,0.724,3.589,1.946,58.405,176.894,0.652,3.799,151.947,3.399,149.535,0.597,g0_16_0001,single-objective/run1/g0/g0_16.pdb.sc
555.0,818.3541201353073,1.474511928171725,3.2051174640655518,0.0,1.474511928171725,154.0,90.14156007766724,0.5853348056991379,2.410245656967163,3.1828370016890686,3.7681718073882067,45.0,13.541249752044678,0.3009166611565484,1.28828763961792,4.166168128119574,4.467084789276123,103.68280982971191,199.0,38,39,286,270,556,run1_g0_g0_17,single-objective/run1/g0/g0_17.pdb,338.834,0.788,428.889,17.962,468.086,19.603,1225.37,2387.771,1162.4,30.0,-1.995,-1320.914,254.51,-289.117,1.992,31.562,787.781,769.006,-0.008,-32.107,-49.521,-18.6,-51.523,5.0,-33.098,269.0,85.0,91.987,-42.228,0.72,5.18,1.946,61.658,176.901,0.66,5.773,236.702,4.627,203.577,0.597,g0_17_0001,single-objective/run1/g0/g0_17.pdb.sc
560.0,825.0242850780487,1.473257651925087,3.2051174640655518,0.0,1.473257651925087,156.0,91.73498594760895,0.5880447817154419,2.410245656967163,3.179680802119084,3.767725583834526,45.0,13.795026540756226,0.30655614535013836,1.28828763961792,4.162895478142632,4.469451623492771,105.53001248836517,201.0,38,39,291,270,561,run1_g0_g0_18,single-objective/run1/g0/g0_18.pdb,0.607,-0.319,92.934,3.862,124.035,5.154,1204.962,2406.643,1201.682,34.0,-1.995,-1327.457,256.563,-291.825,1.959,32.168,457.397,770.281,-0.022,-32.107,-49.365,-20.227,-51.523,5.0,-32.962,269.0,83.0,92.512,-43.578,0.714,1.662,1.946,61.927,176.299,0.679,1.825,71.192,1.517,66.75,0.597,g0_18_0001,single-objective/run1/g0/g0_18.pdb.sc
566.0,832.1714763641357,1.4702676260850456,3.2051174640655518,0.0,1.4702676260850456,161.0,95.62945830821991,0.5939717907342852,2.410245656967163,3.129077278308987,3.723049069043272,50.0,14.240729331970215,0.2848145866394043,1.28828763961792,4.067242650985718,4.352057237625122,109.87018764019012,211.0,38,39,297,270,567,run1_g0_g0_19,single-objective/run1/g0/g0_19.pdb,1271.448,4.165,1326.201,52.756,1365.277,54.31,1214.16,2513.852,1299.691,39.0,-1.995,-1351.223,255.776,-287.299,1.965,32.477,1719.417,797.913,-0.003,-32.107,-49.521,-18.271,-51.523,6.0,-32.618,269.0,84.0,92.829,-44.523,0.719,15.984,1.946,61.625,175.985,0.615,17.009,680.373,15.052,662.303,0.597,g0_19_0001,single-objective/run1/g0/g0_19.pdb.sc
569.0,836.0799102783203,1.4693847280814065,3.2051174640655518,0.0,1.4693847280814065,160.0,95.5234659910202,0.5970216624438762,2.410245656967163,3.133266318589449,3.7302879810333254,44.0,14.091368198394775,0.3202583681453358,1.28828763961792,4.105363341895017,4.425621710040352,109.61483418941498,204.0,38,39,300,270,570,run1_g0_g0_20,single-objective/run1/g0/g0_20.pdb,1262.916,3.287,1098.05,42.94,1143.846,44.731,1305.078,2557.174,1252.095,41.0,-1.995,-1350.352,260.746,-294.522,1.983,32.881,1724.622,795.426,-0.003,-32.107,-49.521,-20.556,-51.523,4.0,-35.509,269.0,86.0,92.402,-45.062,0.705,12.9,1.946,59.141,174.318,0.616,13.738,576.995,12.101,532.448,0.597,g0_20_0001,single-objective/run1/g0/g0_20.pdb.sc
561.0,827.0181174278259,1.4741855925629697,3.2051174640655518,0.0,1.4741855925629697,157.0,92.48687040805817,0.5890883465481412,2.410245656967163,3.184412108105459,3.7735004546536004,44.0,12.985691785812378,0.29512935876846313,1.28828763961792,4.153733838688243,4.448863197456706,105.47256219387054,201.0,38,39,292,270,562,run1_g0_g0_21,single-objective/run1/g0/g0_21.pdb,-21.017,-0.234,145.141,6.06,175.948,7.346,1186.885,2395.01,1208.125,33.0,-1.995,-1331.351,258.77,-291.773,1.979,32.415,431.269,778.367,-0.021,-32.107,-49.521,-18.751,-51.523,6.0,-34.444,269.0,83.0,92.167,-44.258,0.761,1.76,1.946,60.813,176.395,0.638,2.343,91.375,1.244,54.722,0.585,g0_21_0001,single-objective/run1/g0/g0_21.pdb.sc
555.0,818.3642063140869,1.4745301014668233,3.2051174640655518,0.0,1.4745301014668233,150.0,88.7111064195633,0.5914073761304219,2.410245656967163,3.19308797121048,3.7844953473409015,45.0,13.412620782852173,0.2980582396189372,0.8472099304199219,4.229817077848646,4.527875317467584,102.12372720241547,195.0,38,39,286,270,556,run1_g0_g0_22,single-objective/run1/g0/g0_22.pdb,-123.733,-0.527,90.388,3.755,123.177,5.118,1178.236,2406.856,1228.621,32.0,-1.995,-1315.64,253.835,-285.678,1.928,31.566,321.578,772.636,-0.036,-32.107,-49.521,-18.6,-51.523,7.0,-32.849,269.0,83.0,92.414,-45.206,0.723,0.976,1.946,59.087,173.813,0.669,1.672,65.195,0.359,15.799,0.585,g0_22_0001,single-objective/run1/g0/g0_22.pdb.sc
557.0,821.044161438942,1.474046968472068,3.2051174640655518,0.0,1.474046968472068,156.0,92.22516345977783,0.591186945254986,2.410245656967163,3.175678375439766,3.766865320694752,45.0,13.372008800506592,0.2971557511223687,1.28828763961792,4.164550177256266,4.461705928378635,105.59717226028442,201.0,38,39,288,270,558,run1_g0_g0_23,single-objective/run1/g0/g0_23.pdb,477.761,1.534,602.907,25.528,634.896,26.882,1223.444,2361.77,1138.326,34.0,-1.995,-1334.356,256.222,-282.329,1.957,31.78,929.58,766.899,-0.006,-30.909,-49.521,-20.227,-51.523,6.0,-33.345,269.0,83.0,92.414,-43.568,0.766,7.668,1.946,64.035,180.114,0.645,8.237,321.239,7.163,315.173,0.588,g0_23_0001,single-objective/run1/g0/g0_23.pdb.sc
560.0,826.4532297849655,1.4758093389017242,3.2051174640655518,0.0,1.4758093389017242,160.0,92.92183816432953,0.5807614885270596,2.0924081802368164,3.1738253213465213,3.754586809873581,49.0,15.196746826171875,0.31013769033003824,1.28828763961792,4.178409172564137,4.488546862894175,108.1185849905014,209.0,38,39,291,270,561,run1_g0_g0_24,single-objective/run1/g0/g0_24.pdb,-153.476,-0.641,56.408,2.331,95.001,3.926,1248.8,2419.705,1170.906,34.0,-1.995,-1330.374,257.411,-287.134,1.948,31.726,303.83,775.671,-0.052,-32.673,-49.521,-18.6,-51.523,9.0,-33.243,269.0,83.0,92.414,-46.203,0.683,0.613,1.946,57.77,174.479,0.703,1.292,50.376,0.011,0.496,0.597,g0_24_0001,single-objective/run1/g0/g0_24.pdb.sc
555.0,819.9447777271271,1.4773779778867155,3.2207815647125244,0.0,1.4773779778867155,154.0,91.28421115875244,0.5927546179139769,2.410245656967163,3.193314474898499,3.7860690928124763,45.0,14.05765438079834,0.31239231957329644,1.28828763961792,4.147030931048923,4.459423250622219,105.34186553955078,199.0,38,39,286,270,556,run1_g1_g1_0,single-objective/run1/g1/g1_0.pdb,-155.938,-0.638,55.811,2.332,88.978,3.718,1256.445,2393.309,1136.865,34.0,-1.995,-1315.647,252.962,-276.025,1.946,31.178,293.116,753.971,-0.043,-29.622,-49.521,-18.6,-51.523,6.0,-33.559,269.0,83.0,92.414,-45.16,0.713,0.632,1.946,59.422,178.171,0.666,1.287,50.207,0.051,2.245,0.588,g0_08_0001,single-objective/run1/g1/g1_0.pdb.sc
558.0,823.4588251113892,1.4757326614899446,3.2051174640655518,0.0,1.4757326614899446,158.0,93.43199741840363,0.5913417558126812,2.410245656967163,3.179487458512753,3.770829214325434,44.0,13.909262418746948,0.316119600426067,1.28828763961792,4.1638113260269165,4.479930926452983,107.34125983715057,202.0,38,39,289,270,559,run1_g1_g1_1,single-objective/run1/g1/g1_1.pdb,-155.483,-0.644,56.672,2.35,92.844,3.851,1226.409,2411.17,1184.761,29.0,-1.995,-1322.913,255.186,-292.125,1.939,32.346,298.412,780.781,-0.048,-32.107,-49.521,-20.556,-51.523,7.0,-34.186,269.0,83.0,92.414,-45.926,0.684,0.592,1.946,59.392,172.36,0.689,1.294,50.481,-0.031,-1.362,0.596,g0_10_0001,single-objective/run1/g1/g1_1.pdb.sc
560.0,826.0826569795609,1.4751476017492158,3.2051174640655518,0.0,1.4751476017492158,156.0,91.47475099563599,0.5863766089463845,2.410245656967163,3.1962501330253406,3.782626741971725,45.0,13.784862041473389,0.3063302675882975,1.28828763961792,4.154912159177992,4.461242426766289,105.25961303710938,201.0,38,39,291,270,561,run1_g1_g1_10,single-objective/run1/g1/g1_10.pdb,-18.788,-0.128,54.926,2.329,89.064,3.776,1265.125,2358.748,1093.623,28.0,-1.995,-1327.685,258.814,-283.028,1.957,32.575,317.633,771.497,-0.05,-32.107,-49.521,-16.971,-51.523,7.0,-34.106,269.0,83.0,90.996,-37.879,0.693,1.484,91.744,76.635,173.59,0.672,1.305,50.905,1.643,72.282,0.588,temp_g1_12_0001,single-objective/run1/g1/g1_10.pdb.sc
561.0,826.7322311401367,1.473675991337142,3.2051174640655518,0.0,1.473675991337142,160.0,93.84111797809601,0.5865069873631,2.410245656967163,3.1727145425975323,3.7592215299606324,43.0,13.554632663726807,0.31522401543550715,1.28828763961792,4.1558391105297,4.471063125965207,107.39575064182281,203.0,38,39,292,270,562,run1_g1_g1_11,single-objective/run1/g1/g1_11.pdb,116.251,0.326,65.119,2.715,352.574,14.701,1200.803,2398.357,1197.554,29.0,-1.995,-1328.734,257.151,-294.451,1.944,32.76,571.458,789.896,-0.014,-32.591,-49.521,-20.556,-51.523,8.0,-34.274,269.0,83.0,92.414,-46.69,0.625,3.721,1.946,57.761,170.674,0.671,1.409,54.937,5.771,253.934,0.585,g0_01_0001,single-objective/run1/g1/g1_11.pdb.sc
556.0,822.8661761283875,1.4799751369215601,3.2207815647125244,0.0,1.4799751369215601,158.0,92.2775514125824,0.5840351355226734,2.410245656967163,3.2076938650276086,3.791729000550282,46.0,14.684199810028076,0.31922173500061035,1.28828763961792,4.14771134438722,4.466933079387831,106.96175122261047,204.0,38,39,287,270,557,run1_g1_g1_12,single-objective/run1/g1/g1_12.pdb,-126.012,-0.518,87.992,3.656,124.416,5.169,1269.268,2407.01,1137.742,31.0,-1.995,-1320.569,250.095,-272.997,1.951,31.375,325.532,758.23,-0.033,-30.106,-49.521,-18.6,-51.523,8.0,-32.526,269.0,83.0,92.414,-46.207,0.727,1.012,1.946,58.212,177.689,0.673,1.695,66.118,0.406,17.869,0.588,temp_g1_08_0001,single-objective/run1/g1/g1_12.pdb.sc
555.0,818.3642063140869,1.4745301014668233,3.2051174640655518,0.0,1.4745301014668233,150.0,88.7111064195633,0.5914073761304219,2.410245656967163,3.19308797121048,3.7844953473409015,45.0,13.412620782852173,0.2980582396189372,0.8472099304199219,4.229817077848646,4.527875317467584,102.12372720241547,195.0,38,39,286,270,556,run1_g1_g1_13,single-objective/run1/g1/g1_13.pdb,-123.733,-0.527,90.388,3.755,123.177,5.118,1178.236,2406.856,1228.621,32.0,-1.995,-1315.64,253.835,-285.678,1.928,31.566,321.578,772.636,-0.036,-32.107,-49.521,-18.6,-51.523,7.0,-32.849,269.0,83.0,92.414,-45.206,0.723,0.976,1.946,59.087,173.813,0.669,1.672,65.195,0.359,15.799,0.585,g0_22_0001,single-objective/run1/g1/g1_13.pdb.sc
567.0,836.6465820074081,1.4755671640342296,3.2051174640655518,0.0,1.4755671640342296,161.0,94.46974623203278,0.5867686101368496,2.410245656967163,3.1972503551044817,3.7840189652413314,50.0,14.88289999961853,0.2976579999923706,1.28828763961792,4.165347385406494,4.463005385398865,109.3526462316513,211.0,38,39,298,270,568,run1_g1_g1_14,single-objective/run1/g1/g1_14.pdb,118.31,-0.015,139.512,5.518,177.434,7.018,1288.872,2528.285,1239.413,34.0,-1.995,-1341.681,261.96,-289.474,2.054,33.206,572.279,772.335,-0.019,-32.107,-49.365,-19.483,-51.523,6.0,-32.679,269.0,83.0,92.265,-43.184,0.689,2.47,1.946,65.01,178.151,0.681,2.451,95.603,2.487,109.431,0.597,temp_g1_18_0001,single-objective/run1/g1/g1_14.pdb.sc
560.0,825.0242850780487,1.473257651925087,3.2051174640655518,0.0,1.473257651925087,156.0,91.73498594760895,0.5880447817154419,2.410245656967163,3.179680802119084,3.767725583834526,45.0,13.795026540756226,0.30655614535013836,1.28828763961792,4.162895478142632,4.469451623492771,105.53001248836517,201.0,38,39,291,270,561,run1_g1_g1_15,single-objective/run1/g1/g1_15.pdb,0.607,-0.319,92.934,3.862,124.035,5.154,1204.962,2406.643,1201.682,34.0,-1.995,-1327.457,256.563,-291.825,1.959,32.168,457.397,770.281,-0.022,-32.107,-49.365,-20.227,-51.523,5.0,-32.962,269.0,83.0,92.512,-43.578,0.714,1.662,1.946,61.927,176.299,0.679,1.825,71.192,1.517,66.75,0.597,g0_18_0001,single-objective/run1/g1/g1_15.pdb.sc
558.0,822.5973490476608,1.4741887975764532,3.2051174640655518,0.0,1.4741887975764532,157.0,94.73234605789185,0.6033907392222411,2.410245656967163,3.1659970936501862,3.769387832872427,43.0,13.921245813369751,0.3237499026365058,1.28828763961792,4.210114900455919,4.533864803092424,108.6535918712616,200.0,38,39,289,270,559,run1_g1_g1_16,single-objective/run1/g1/g1_16.pdb,75.332,-0.219,128.992,5.352,196.746,8.164,1206.26,2409.951,1203.691,32.0,-1.995,-1323.133,257.982,-293.881,1.934,33.1,521.106,788.754,-0.019,-32.591,-49.521,-20.556,-51.523,7.0,-34.115,269.0,84.0,93.626,-46.392,0.692,1.944,1.946,58.601,171.405,0.658,2.06,82.394,1.838,80.886,0.585,temp_g1_01_0001,single-objective/run1/g1/g1_16.pdb.sc
560.0,825.8234490156174,1.474684730385031,3.2051174640655518,0.0,1.474684730385031,161.0,93.77317106723785,0.5824420563182475,2.0924081802368164,3.170213914806058,3.7526559711243053,46.0,14.683403730392456,0.31920442892157513,1.28828763961792,4.187870150027067,4.507074578948643,108.45657479763031,207.0,38,39,291,270,561,run1_g1_g1_17,single-objective/run1/g1/g1_17.pdb,-108.871,-0.465,104.441,4.261,136.85,5.583,1208.862,2451.267,1242.405,35.0,-1.995,-1333.355,257.424,-296.658,1.951,32.337,343.223,791.98,-0.022,-32.109,-49.521,-20.556,-51.523,7.0,-32.757,269.0,83.0,92.414,-45.555,0.692,1.158,1.946,58.86,174.427,0.678,1.874,73.098,0.522,22.984,0.596,g0_11_0001,single-objective/run1/g1/g1_17.pdb.sc
552.0,813.1030895709991,1.473012843425723,3.075467348098755,0.0,1.473012843425723,147.0,88.55685842037201,0.6024276083018504,2.410245656967163,3.1812764552174784,3.7837040635193286,46.0,13.414396286010742,0.2916173105654509,0.8472099304199219,4.217139238896578,4.508756549462028,101.97125470638275,193.0,38,39,283,270,553,run1_g1_g1_18,single-objective/run1/g1/g1_18.pdb,-132.729,-0.558,68.525,2.901,111.379,4.716,1185.992,2361.745,1175.753,31.0,-1.995,-1312.438,255.478,-285.989,1.938,31.684,309.159,768.472,-0.034,-32.107,-49.521,-16.971,-51.523,6.0,-33.155,269.0,83.0,92.414,-44.276,0.732,0.849,1.946,59.789,173.78,0.67,1.37,53.434,0.388,17.066,0.585,temp_g1_22_0001,single-objective/run1/g1/g1_18.pdb.sc
564.0,831.0929979085922,1.4735691452280004,3.370624303817749,0.0,1.4735691452280004,161.0,96.45599782466888,0.5991055765507384,2.410245656967163,3.178965329383471,3.7780709059342095,47.0,15.261498928070068,0.324712743150427,1.28828763961792,4.112038921802602,4.436751664953029,111.71749675273895,208.0,38,39,295,270,565,run1_g1_g1_19,single-objective/run1/g1/g1_19.pdb,423.509,0.613,370.323,14.652,411.925,16.298,1244.931,2527.472,1282.541,41.0,-1.995,-1334.328,253.545,-269.027,2.031,31.874,857.309,774.529,-0.008,-29.622,-49.521,-17.421,-51.523,4.0,-34.766,269.0,85.0,91.945,-42.202,0.67,4.572,1.946,61.66,178.479,0.616,5.247,215.118,3.943,173.503,0.597,temp_g1_02_0001,single-objective/run1/g1/g1_19.pdb.sc
555.0,819.9447777271271,1.4773779778867155,3.2207815647125244,0.0,1.4773779778867155,154.0,91.28421115875244,0.5927546179139769,2.410245656967163,3.193314474898499,3.7860690928124763,45.0,14.05765438079834,0.31239231957329644,1.28828763961792,4.147030931048923,4.459423250622219,105.34186553955078,199.0,38,39,286,270,556,run1_g1_g1_2,single-objective/run1/g1/g1_2.pdb,-155.938,-0.638,55.811,2.332,88.978,3.718,1256.445,2393.309,1136.865,34.0,-1.995,-1315.647,252.962,-276.025,1.946,31.178,293.116,753.971,-0.043,-29.622,-49.521,-18.6,-51.523,6.0,-33.559,269.0,83.0,92.414,-45.16,0.713,0.632,1.946,59.422,178.171,0.666,1.287,50.207,0.051,2.245,0.588,g0_08_0001,single-objective/run1/g1/g1_2.pdb.sc
557.0,820.8472031354904,1.473693362900342,3.2051174640655518,0.0,1.473693362900342,155.0,91.73654556274414,0.5918486810499622,2.410245656967163,3.162744572854811,3.7545932539047735,44.0,13.77941632270813,0.3131685527888211,1.28828763961792,4.1665940284729,4.479762581261721,105.51596188545227,199.0,38,39,288,270,558,run1_g1_g1_20,single-objective/run1/g1/g1_20.pdb,-156.899,-0.642,58.415,2.476,90.903,3.853,1236.337,2359.252,1122.915,28.0,-1.995,-1322.71,255.063,-286.857,1.931,32.221,295.524,773.559,-0.04,-32.107,-49.521,-18.6,-51.523,7.0,-34.164,269.0,83.0,92.414,-45.935,0.712,0.6,1.946,59.036,174.232,0.665,1.332,51.965,-0.05,-2.194,0.588,g0_12_0001,single-objective/run1/g1/g1_20.pdb.sc
563.0,828.0803660154343,1.4708354636153362,3.075467348098755,0.0,1.4708354636153362,157.0,95.00541365146637,0.6051300232577476,2.410245656967163,3.149318114207808,3.754448137465556,47.0,14.09873342514038,0.2999730515987315,1.28828763961792,4.108658359405842,4.408631411004574,109.10414707660675,204.0,38,39,294,270,564,run1_g1_g1_21,single-objective/run1/g1/g1_21.pdb,448.572,0.696,404.878,16.279,449.99,18.093,1282.78,2487.076,1204.296,34.0,-1.995,-1335.84,254.842,-280.519,2.0,32.734,894.947,779.603,-0.007,-32.107,-49.521,-18.6,-51.523,5.0,-33.709,269.0,85.0,91.987,-44.167,0.658,4.864,1.946,60.156,177.741,0.619,5.679,232.842,4.105,180.612,0.597,temp_g1_00_0001,single-objective/run1/g1/g1_21.pdb.sc
564.0,830.4848819971085,1.472490925526788,3.2051174640655518,0.0,1.472490925526788,159.0,94.36449670791626,0.5934874006787186,2.4274275302886963,3.1278738435709252,3.721361244249644,45.0,14.519121408462524,0.3226471424102783,1.28828763961792,4.17290309270223,4.495550235112508,108.88361811637878,204.0,38,39,295,270,565,run1_g1_g1_22,single-objective/run1/g1/g1_22.pdb,1343.655,2.038,491.551,20.079,529.092,21.612,1200.957,2448.132,1247.175,28.0,-1.995,-1342.839,260.124,-297.412,1.948,32.762,1564.432,799.151,-0.008,-32.107,-49.064,-20.227,-51.523,6.0,-34.713,269.0,84.0,92.83,-42.216,0.714,9.15,231.137,66.094,166.679,0.657,6.619,264.768,11.45,503.791,0.596,temp_g1_10_0001,single-objective/run1/g1/g1_22.pdb.sc
556.0,819.3805426359177,1.4737060119351038,3.370624303817749,0.0,1.4737060119351038,155.0,90.16934132575989,0.5817376859726444,2.410245656967163,3.172831446124661,3.7545691320973056,45.0,13.306435108184814,0.29569855795966254,1.28828763961792,4.158427053027683,4.4541256109873455,103.4757764339447,200.0,38,39,287,270,557,run1_g1_g1_23,single-objective/run1/g1/g1_23.pdb,524.268,1.229,466.205,19.474,527.667,22.042,1236.223,2393.953,1157.729,28.0,-1.995,-1327.761,251.118,-288.472,1.995,30.982,964.657,776.464,-0.006,-32.107,-49.521,-16.861,-51.523,4.0,-32.833,269.0,85.0,92.13,-38.617,0.728,6.578,1.946,65.767,178.305,0.652,6.339,259.897,6.801,299.243,0.597,temp_g1_17_0001,single-objective/run1/g1/g1_23.pdb.sc
558.0,823.4588251113892,1.4757326614899446,3.2051174640655518,0.0,1.4757326614899446,158.0,93.43199741840363,0.5913417558126812,2.410245656967163,3.179487458512753,3.770829214325434,44.0,13.909262418746948,0.316119600426067,1.28828763961792,4.1638113260269165,4.479930926452983,107.34125983715057,202.0,38,39,289,270,559,run1_g1_g1_24,single-objective/run1/g1/g1_24.pdb,-155.483,-0.644,56.672,2.35,92.844,3.851,1226.409,2411.17,1184.761,29.0,-1.995,-1322.913,255.186,-292.125,1.939,32.346,298.412,780.781,-0.048,-32.107,-49.521,-20.556,-51.523,7.0,-34.186,269.0,83.0,92.414,-45.926,0.684,0.592,1.946,59.392,172.36,0.689,1.294,50.481,-0.031,-1.362,0.596,g0_10_0001,single-objective/run1/g1/g1_24.pdb.sc
563.0,830.3152284622192,1.4748050239115795,3.370624303817749,0.0,1.4748050239115795,160.0,94.46045172214508,0.5903778232634067,2.410245656967163,3.173611018806696,3.763988842070103,44.0,14.052697896957397,0.3193794976581227,1.28828763961792,4.10108879479495,4.420468292453072,108.51314961910248,204.0,38,39,294,270,564,run1_g1_g1_3,single-objective/run1/g1/g1_3.pdb,654.019,1.986,286.58,11.671,319.912,13.028,1252.084,2455.484,1203.4,29.0,-1.995,-1336.55,258.873,-291.466,1.986,31.984,1008.381,778.306,-0.011,-32.107,-47.916,-17.189,-51.523,5.0,-33.736,269.0,85.0,91.484,-40.523,0.694,6.113,99.83,62.542,173.042,0.673,4.085,167.502,8.002,352.105,0.597,g0_04_0001,single-objective/run1/g1/g1_3.pdb.sc
556.0,820.6714185476303,1.476027731200774,3.2051174640655518,0.0,1.476027731200774,158.0,93.93471837043762,0.5945235339901115,2.410245656967163,3.2154657131508935,3.8099892471410053,44.0,12.825158596038818,0.29148087718270044,1.28828763961792,4.262691010128368,4.554171887311068,106.75987696647644,202.0,38,39,287,270,557,run1_g1_g1_4,single-objective/run1/g1/g1_4.pdb,141.55,0.328,310.129,12.669,343.404,14.028,1272.875,2448.02,1175.144,31.0,-1.995,-1322.058,255.094,-284.725,1.97,33.218,581.527,774.07,-0.01,-32.107,-49.521,-18.6,-51.523,6.0,-33.284,269.0,83.0,92.347,-43.84,0.672,3.75,1.946,60.544,177.899,0.645,4.477,174.617,3.106,136.668,0.588,temp_g1_03_0001,single-objective/run1/g1/g1_4.pdb.sc
560.0,826.4532297849655,1.4758093389017242,3.2051174640655518,0.0,1.4758093389017242,160.0,92.92183816432953,0.5807614885270596,2.0924081802368164,3.1738253213465213,3.754586809873581,49.0,15.196746826171875,0.31013769033003824,1.28828763961792,4.178409172564137,4.488546862894175,108.1185849905014,209.0,38,39,291,270,561,run1_g1_g1_5,single-objective/run1/g1/g1_5.pdb,-153.476,-0.641,56.408,2.331,95.001,3.926,1248.8,2419.705,1170.906,34.0,-1.995,-1330.374,257.411,-287.134,1.948,31.726,303.83,775.671,-0.052,-32.673,-49.521,-18.6,-51.523,9.0,-33.243,269.0,83.0,92.414,-46.203,0.683,0.613,1.946,57.77,174.479,0.703,1.292,50.376,0.011,0.496,0.597,g0_24_0001,single-objective/run1/g1/g1_5.pdb.sc
569.0,838.9604549407959,1.474447196732506,3.2051174640655518,0.0,1.474447196732506,166.0,97.69058656692505,0.5884975094393076,2.0924081802368164,3.145263565592019,3.7337610750313264,53.0,17.043961763381958,0.32158418421475393,1.28828763961792,4.121949195861816,4.443533380076571,114.734548330307,219.0,38,39,300,270,570,run1_g1_g1_6,single-objective/run1/g1/g1_6.pdb,501.658,1.475,620.731,24.563,661.84,26.19,1291.637,2527.059,1235.421,35.0,-1.995,-1354.13,261.005,-288.783,2.001,32.81,955.669,796.847,-0.007,-32.109,-49.521,-20.556,-51.523,8.0,-31.23,269.0,83.0,92.414,-45.749,0.738,7.461,1.946,59.015,174.952,0.661,8.506,331.751,6.534,287.502,0.597,g0_13_0001,single-objective/run1/g1/g1_6.pdb.sc
548.0,808.2607653141022,1.4749284038578507,3.2051174640655518,0.0,1.4749284038578507,153.0,90.82791721820831,0.5936465177660674,2.410245656967163,3.194657399763469,3.7883039175295363,43.0,12.67021131515503,0.2946560770966286,1.28828763961792,4.245649531830189,4.5403056089268174,103.49812853336334,196.0,38,39,279,270,549,run1_g1_g1_7,single-objective/run1/g1/g1_7.pdb,482.671,1.557,605.926,25.851,635.183,27.099,1225.354,2343.897,1118.542,35.0,-1.995,-1323.653,251.069,-282.524,1.918,31.826,926.158,768.227,-0.006,-30.909,-49.521,-20.227,-51.523,5.0,-33.821,269.0,83.0,92.414,-42.28,0.715,7.706,1.946,65.015,179.973,0.641,8.287,323.196,7.191,316.42,0.576,temp_g1_23_0001,single-objective/run1/g1/g1_7.pdb.sc
561.0,826.7778928279877,1.4737573847201206,3.2051174640655518,0.0,1.4737573847201206,158.0,93.6789585351944,0.5929048008556608,2.410245656967163,3.1781676894501794,3.77107249030584,45.0,14.157074451446533,0.3146016544765896,1.28828763961792,4.127041069666545,4.441642724143135,107.83603298664093,203.0,38,39,292,270,562,run1_g1_g1_8,single-objective/run1/g1/g1_8.pdb,-155.933,-0.645,59.433,2.469,95.101,3.951,1215.991,2407.156,1191.165,32.0,-1.995,-1327.618,257.231,-291.816,1.96,32.207,301.032,777.39,-0.046,-32.107,-49.521,-20.556,-51.523,7.0,-33.429,269.0,83.0,92.414,-45.788,0.768,0.602,1.946,58.96,174.685,0.677,1.327,51.765,-0.041,-1.821,0.597,g0_00_0001,single-objective/run1/g1/g1_8.pdb.sc
555.0,818.3541201353073,1.474511928171725,3.2051174640655518,0.0,1.474511928171725,154.0,90.14156007766724,0.5853348056991379,2.410245656967163,3.1828370016890686,3.7681718073882067,45.0,13.541249752044678,0.3009166611565484,1.28828763961792,4.166168128119574,4.467084789276123,103.68280982971191,199.0,38,39,286,270,556,run1_g1_g1_9,single-objective/run1/g1/g1_9.pdb,338.834,0.788,428.889,17.962,468.086,19.603,1225.37,2387.771,1162.4,30.0,-1.995,-1320.914,254.51,-289.117,1.992,31.562,787.781,769.006,-0.008,-32.107,-49.521,-18.6,-51.523,5.0,-33.098,269.0,85.0,91.987,-42.228,0.72,5.18,1.946,61.658,176.901,0.66,5.773,236.702,4.627,203.577,0.597,g0_17_0001,single-objective/run1/g1/g1_9.pdb.sc
545.0,805.0886214971542,1.4772268284351453,3.2051174640655518,0.0,1.4772268284351453,153.0,90.10848593711853,0.5889443525301865,2.410245656967163,3.239195856393552,3.8281402089237386,43.0,12.689062595367432,0.2950944789620333,1.28828763961792,4.253998135411462,4.549092614373495,102.79754853248596,196.0,38,39,276,270,546,run1_g10_g10_0,single-objective/run1/g10/g10_0.pdb,-84.558,-0.435,31.649,1.292,61.261,2.501,1285.255,2449.246,1163.991,32.0,-1.995,-1295.36,249.717,-284.859,1.98,32.456,328.106,756.878,-0.076,-32.107,-48.639,-17.969,-51.523,7.0,-31.913,269.0,83.0,93.067,-39.174,0.661,1.151,18.397,65.345,172.452,0.65,0.874,34.081,1.397,61.458,0.585,temp_g8_17_0001,single-objective/run1/g10/g10_0.pdb.sc
545.0,805.0886214971542,1.4772268284351453,3.2051174640655518,0.0,1.4772268284351453,153.0,90.10848593711853,0.5889443525301865,2.410245656967163,3.239195856393552,3.8281402089237386,43.0,12.689062595367432,0.2950944789620333,1.28828763961792,4.253998135411462,4.549092614373495,102.79754853248596,196.0,38,39,276,270,546,run1_g10_g10_1,single-objective/run1/g10/g10_1.pdb,-84.558,-0.435,31.649,1.292,61.261,2.501,1285.255,2449.246,1163.991,32.0,-1.995,-1295.36,249.717,-284.859,1.98,32.456,328.106,756.878,-0.076,-32.107,-48.639,-17.969,-51.523,7.0,-31.913,269.0,83.0,93.067,-39.174,0.661,1.151,18.397,65.345,172.452,0.65,0.874,34.081,1.397,61.458,0.585,temp_g8_17_0001,single-objective/run1/g10/g10_1.pdb.sc
556.0,822.4802269935608,1.4792809838013683,3.2207815647125244,0.0,1.4792809838013683,159.0,93.01222825050354,0.5849825676132299,2.0924081802368164,3.1959233763832717,3.7809059439965016,50.0,15.46105432510376,0.3092210865020752,1.28828763961792,4.174108481407165,4.483329567909241,108.4732825756073,209.0,38,39,287,270,557,run1_g10_g10_10,single-objective/run1/g10/g10_10.pdb,-87.322,-0.372,93.801,3.907,131.543,5.478,1323.04,2401.12,1078.08,36.0,-1.995,-1325.197,253.8,-274.601,1.976,31.316,362.333,752.268,-0.038,-30.188,-49.521,-16.971,-51.523,9.0,-32.437,269.0,83.0,92.167,-44.425,0.737,1.321,1.946,59.282,183.86,0.69,1.785,69.62,0.91,40.021,0.588,temp_g10_07_0001,single-objective/run1/g10/g10_10.pdb.sc
546.0,807.7653068304062,1.4794236388835278,3.2207815647125244,0.0,1.4794236388835278,151.0,86.78939425945282,0.5747642003937273,2.410245656967163,3.234528897613879,3.8092930980076063,46.0,13.857078075408936,0.3012408277262812,1.28828763961792,4.240895053614741,4.542135881341022,100.64647233486176,197.0,38,39,277,270,547,run1_g10_g10_11,single-objective/run1/g10/g10_11.pdb,43.358,0.08,33.17,1.377,68.808,2.856,1239.418,2409.506,1170.088,36.0,-1.995,-1297.757,251.493,-271.54,1.917,32.098,342.53,750.648,-0.059,-29.622,-48.639,-17.64,-51.523,6.0,-32.656,269.0,83.0,91.052,-33.432,0.693,2.136,108.196,80.454,169.188,0.684,0.96,37.455,3.177,139.8,0.585,temp_g8_06_0001,single-objective/run1/g10/g10_11.pdb.sc
549.0,810.5543135404587,1.4764195146456442,3.2051174640655518,0.0,1.4764195146456442,154.0,89.10439240932465,0.5785999507099003,2.410245656967163,3.230904276494856,3.8095042272047563,45.0,13.261924743652344,0.29470943874782984,1.28828763961792,4.265105406443278,4.559814845191108,102.36631715297699,199.0,38,39,280,270,550,run1_g10_g10_12,single-objective/run1/g10/g10_12.pdb,34.469,0.051,38.373,1.585,67.628,2.793,1247.171,2421.025,1173.854,32.0,-1.995,-1301.304,253.39,-287.994,1.923,32.544,343.653,766.881,-0.052,-32.107,-48.639,-19.596,-51.523,5.0,-32.465,269.0,83.0,91.052,-34.941,0.745,2.043,108.196,79.422,167.388,0.672,1.012,39.472,2.957,130.102,0.585,temp_g6_07_0001,single-objective/run1/g10/g10_12.pdb.sc
549.0,810.5543135404587,1.4764195146456442,3.2051174640655518,0.0,1.4764195146456442,154.0,89.10439240932465,0.5785999507099003,2.410245656967163,3.230904276494856,3.8095042272047563,45.0,13.261924743652344,0.29470943874782984,1.28828763961792,4.265105406443278,4.559814845191108,102.36631715297699,199.0,38,39,280,270,550,run1_g10_g10_13,single-objective/run1/g10/g10_13.pdb,34.469,0.051,38.373,1.585,67.628,2.793,1247.171,2421.025,1173.854,32.0,-1.995,-1301.304,253.39,-287.994,1.923,32.544,343.653,766.881,-0.052,-32.107,-48.639,-19.596,-51.523,5.0,-32.465,269.0,83.0,91.052,-34.941,0.745,2.043,108.196,79.422,167.388,0.672,1.012,39.472,2.957,130.102,0.585,temp_g6_07_0001,single-objective/run1/g10/g10_13.pdb.sc
549.0,810.5543135404587,1.4764195146456442,3.2051174640655518,0.0,1.4764195146456442,154.0,89.10439240932465,0.5785999507099003,2.410245656967163,3.230904276494856,3.8095042272047563,45.0,13.261924743652344,0.29470943874782984,1.28828763961792,4.265105406443278,4.559814845191108,102.36631715297699,199.0,38,39,280,270,550,run1_g10_g10_14,single-objective/run1/g10/g10_14.pdb,34.469,0.051,38.373,1.585,67.628,2.793,1247.171,2421.025,1173.854,32.0,-1.995,-1301.304,253.39,-287.994,1.923,32.544,343.653,766.881,-0.052,-32.107,-48.639,-19.596,-51.523,5.0,-32.465,269.0,83.0,91.052,-34.941,0.745,2.043,108.196,79.422,167.388,0.672,1.012,39.472,2.957,130.102,0.585,temp_g6_07_0001,single-objective/run1/g10/g10_14.pdb.sc
541.0,798.4160952568054,1.4758153331918769,3.2051174640655518,0.0,1.4758153331918769,150.0,89.86400532722473,0.5990933688481649,2.410245656967163,3.2313779179255167,3.8304712867736814,43.0,12.716803073883057,0.2957396063693734,1.28828763961792,4.2820426752400955,4.577782281609469,102.58080840110779,193.0,38,39,272,270,542,run1_g10_g10_15,single-objective/run1/g10/g10_15.pdb,-80.606,-0.393,37.675,1.55,69.111,2.844,1235.277,2430.357,1195.081,34.0,-1.995,-1292.732,245.876,-285.066,1.978,31.782,324.13,756.396,-0.059,-32.107,-48.639,-16.971,-51.523,6.0,-31.542,269.0,83.0,93.634,-36.952,0.728,1.288,18.397,68.639,175.505,0.637,0.983,38.332,1.558,68.541,0.585,temp_g9_10_0001,single-objective/run1/g10/g10_15.pdb.sc
560.0,826.6579878330231,1.4761749782732554,3.2051174640655518,0.0,1.4761749782732554,160.0,92.6471300125122,0.5790445625782012,2.0924081802368164,3.181185929477215,3.760230492055416,50.0,15.130983829498291,0.3026196765899658,1.28828763961792,4.1691578674316405,4.471777544021607,107.7781138420105,210.0,38,39,291,270,561,run1_g10_g10_16,single-objective/run1/g10/g10_16.pdb,-134.107,-0.558,53.2,2.206,91.458,3.792,1286.55,2411.572,1125.021,34.0,-1.995,-1331.161,259.696,-285.276,1.983,31.758,320.921,770.673,-0.055,-32.673,-49.521,-16.971,-51.523,9.0,-33.78,269.0,83.0,92.167,-45.619,0.68,0.715,1.946,58.415,176.267,0.699,1.266,49.363,0.227,9.987,0.588,temp_g7_17_0001,single-objective/run1/g10/g10_16.pdb.sc
548.0,810.4152146577835,1.4788598807623787,3.2207815647125244,0.0,1.4788598807623787,156.0,92.8685611486435,0.5953112894143814,2.410245656967163,3.2230124313097734,3.818323720724155,43.0,13.099228858947754,0.30463322927785474,1.28828763961792,4.232450718103453,4.537083947381308,105.96779000759125,199.0,38,39,279,270,549,run1_g10_g10_17,single-objective/run1/g10/g10_17.pdb,252.329,0.865,43.495,1.796,69.026,2.85,1264.239,2422.314,1158.075,29.0,-1.995,-1301.477,250.587,-276.267,1.921,32.032,382.586,756.451,-0.048,-29.622,-48.639,-19.925,-51.523,6.0,-31.733,269.0,83.0,90.881,-25.147,0.671,4.672,261.405,94.318,167.891,0.647,1.046,40.795,7.886,346.991,0.585,temp_g5_14_0001,single-objective/run1/g10/g10_17.pdb.sc
551.0,813.463173031807,1.4763396969724265,3.2051174640655518,0.0,1.4763396969724265,157.0,90.674440741539,0.5775442085448345,2.410245656967163,3.2246887691461357,3.80223297769097,44.0,13.282289505004883,0.30187021602283826,1.28828763961792,4.23482993516055,4.536700151183388,103.95673024654388,201.0,38,39,282,270,552,run1_g10_g10_18,single-objective/run1/g10/g10_18.pdb,47.0,0.1,49.28,2.033,77.525,3.198,1257.271,2424.318,1167.048,29.0,-1.995,-1306.609,254.059,-288.79,1.925,32.583,353.215,772.107,-0.043,-32.107,-48.639,-19.925,-51.523,6.0,-32.477,269.0,83.0,91.097,-32.843,0.685,2.204,108.196,81.842,166.3,0.663,1.12,43.687,3.164,139.213,0.585,temp_g4_04_0001,single-objective/run1/g10/g10_18.pdb.sc
540.0,797.3284749984741,1.4765342129601373,3.2051174640655518,0.0,1.4765342129601373,152.0,88.82318639755249,0.5843630684049506,2.410245656967163,3.245394291062104,3.8297573594670546,43.0,11.869714736938477,0.2760398776032204,0.8472099304199219,4.370701978372973,4.6467418559761935,100.69290113449097,195.0,38,39,271,270,541,run1_g10_g10_19,single-objective/run1/g10/g10_19.pdb,171.592,0.407,243.659,10.048,346.846,14.304,1273.136,2424.853,1151.716,33.0,-1.995,-1288.141,248.182,-280.178,1.978,32.812,594.367,754.889,-0.015,-29.622,-49.499,-17.969,-51.523,9.0,-29.809,269.0,83.0,92.356,-44.027,0.681,3.927,1.946,60.974,176.265,0.625,3.669,143.075,4.155,182.836,0.585,temp_g10_00_0001,single-objective/run1/g10/g10_19.pdb.sc
538.0,796.1795350313187,1.4798876115823767,3.2207815647125244,0.0,1.4798876115823767,152.0,89.27553081512451,0.587339018520556,2.410245656967163,3.2388080970237128,3.826147115544269,43.0,12.90751838684082,0.3001748462056005,1.28828763961792,4.236865309781806,4.537040155987407,102.18304920196533,195.0,38,39,269,270,539,run1_g10_g10_2,single-objective/run1/g10/g10_2.pdb,181.582,0.6,39.93,1.681,73.211,3.082,1279.206,2375.63,1096.424,31.0,-1.995,-1287.366,247.909,-271.683,1.901,31.338,325.204,743.822,-0.056,-29.622,-49.499,-17.969,-51.523,6.0,-31.964,269.0,83.0,90.781,-29.389,0.7,3.839,244.954,93.719,172.387,0.649,1.016,39.634,6.342,279.042,0.576,temp_g8_01_0001,single-objective/run1/g10/g10_2.pdb.sc
545.0,805.31181371212,1.4776363554350826,3.370624303817749,0.0,1.4776363554350826,151.0,90.49860799312592,0.5993285297558008,2.870814323425293,3.227482273878641,3.8268108036344413,45.0,13.400339603424072,0.29778532452053497,1.28828763961792,4.265105406443278,4.562890730963813,103.89894759654999,196.0,38,39,276,270,546,run1_g10_g10_20,single-objective/run1/g10/g10_20.pdb,60.816,0.148,56.481,2.346,83.029,3.448,1251.258,2407.743,1156.485,32.0,-1.995,-1297.769,248.331,-277.801,1.928,31.828,363.792,757.986,-0.033,-30.909,-48.639,-17.858,-51.523,5.0,-32.49,269.0,82.0,91.077,-34.24,0.698,2.375,108.196,79.986,170.332,0.658,1.245,48.56,3.399,146.161,0.585,temp_g10_08_0001,single-objective/run1/g10/g10_20.pdb.sc
550.0,811.8407911062241,1.4760741656476801,3.2051174640655518,0.0,1.4760741656476801,156.0,92.15590298175812,0.5907429678317828,2.410245656967163,3.218226086634856,3.808969054466639,44.0,13.383992195129395,0.3041816407983953,1.28828763961792,4.262183248996735,4.56636488979513,105.53989517688751,200.0,38,39,281,270,551,run1_g10_g10_21,single-objective/run1/g10/g10_21.pdb,110.135,0.295,96.808,4.004,128.903,5.332,1239.887,2417.661,1177.774,32.0,-1.995,-1312.948,248.726,-281.012,1.935,32.126,411.109,773.956,-0.032,-32.107,-48.639,-16.971,-51.523,6.0,-32.285,269.0,83.0,91.097,-32.401,0.708,2.826,108.196,81.486,170.802,0.656,1.714,66.848,3.812,167.709,0.585,temp_g10_21_0001,single-objective/run1/g10/g10_21.pdb.sc
549.0,810.5543135404587,1.4764195146456442,3.2051174640655518,0.0,1.4764195146456442,154.0,89.10439240932465,0.5785999507099003,2.410245656967163,3.230904276494856,3.8095042272047563,45.0,13.261924743652344,0.29470943874782984,1.28828763961792,4.265105406443278,4.559814845191108,102.36631715297699,199.0,38,39,280,270,550,run1_g10_g10_22,single-objective/run1/g10/g10_22.pdb,34.469,0.051,38.373,1.585,67.628,2.793,1247.171,2421.025,1173.854,32.0,-1.995,-1301.304,253.39,-287.994,1.923,32.544,343.653,766.881,-0.052,-32.107,-48.639,-19.596,-51.523,5.0,-32.465,269.0,83.0,91.052,-34.941,0.745,2.043,108.196,79.422,167.388,0.672,1.012,39.472,2.957,130.102,0.585,temp_g6_07_0001,single-objective/run1/g10/g10_22.pdb.sc
551.0,813.463173031807,1.4763396969724265,3.2051174640655518,0.0,1.4763396969724265,157.0,90.674440741539,0.5775442085448345,2.410245656967163,3.2246887691461357,3.80223297769097,44.0,13.282289505004883,0.30187021602283826,1.28828763961792,4.23482993516055,4.536700151183388,103.95673024654388,201.0,38,39,282,270,552,run1_g10_g10_23,single-objective/run1/g10/g10_23.pdb,47.0,0.1,49.28,2.033,77.525,3.198,1257.271,2424.318,1167.048,29.0,-1.995,-1306.609,254.059,-288.79,1.925,32.583,353.215,772.107,-0.043,-32.107,-48.639,-19.925,-51.523,6.0,-32.477,269.0,83.0,91.097,-32.843,0.685,2.204,108.196,81.842,166.3,0.663,1.12,43.687,3.164,139.213,0.585,temp_g4_04_0001,single-objective/run1/g10/g10_23.pdb.sc
545.0,805.0886214971542,1.4772268284351453,3.2051174640655518,0.0,1.4772268284351453,153.0,90.10848593711853,0.5889443525301865,2.410245656967163,3.239195856393552,3.8281402089237386,43.0,12.689062595367432,0.2950944789620333,1.28828763961792,4.253998135411462,4.549092614373495,102.79754853248596,196.0,38,39,276,270,546,run1_g10_g10_24,single-objective/run1/g10/g10_24.pdb,-84.558,-0.435,31.649,1.292,61.261,2.501,1285.255,2449.246,1163.991,32.0,-1.995,-1295.36,249.717,-284.859,1.98,32.456,328.106,756.878,-0.076,-32.107,-48.639,-17.969,-51.523,7.0,-31.913,269.0,83.0,93.067,-39.174,0.661,1.151,18.397,65.345,172.452,0.65,0.874,34.081,1.397,61.458,0.585,temp_g8_17_0001,single-objective/run1/g10/g10_24.pdb.sc
543.0,802.4511116743088,1.4778105187372168,3.2051174640655518,0.0,1.4778105187372168,155.0,87.51902532577515,0.5646388730695171,2.410245656967163,3.270023956606465,3.834662829675982,44.0,12.8367280960083,0.291743820363825,1.28828763961792,4.285490626638586,4.577234447002411,100.35575342178345,199.0,38,39,274,270,544,run1_g10_g10_3,single-objective/run1/g10/g10_3.pdb,116.3,0.371,36.117,1.563,60.821,2.632,1179.621,2310.877,1131.256,27.0,-1.995,-1294.94,252.536,-288.817,1.937,32.24,451.849,759.848,-0.055,-32.107,-49.499,-19.596,-51.523,6.0,-32.512,269.0,83.0,90.95,-40.267,0.719,2.276,91.744,74.441,171.435,0.665,0.996,38.856,3.411,150.071,0.576,temp_g10_09_0001,single-objective/run1/g10/g10_3.pdb.sc
543.0,802.0531933307648,1.4770777041082224,3.2051174640655518,0.0,1.4770777041082224,151.0,86.48352754116058,0.5727385929878185,2.410245656967163,3.2359075301530345,3.808646123140853,44.0,12.746000528335571,0.2896818301894448,1.28828763961792,4.335212935100902,4.624894765290347,99.22952806949615,195.0,38,39,274,270,544,run1_g10_g10_4,single-objective/run1/g10/g10_4.pdb,31.607,0.052,34.553,1.481,62.385,2.673,1195.6,2333.584,1137.985,34.0,-1.995,-1293.412,252.426,-285.134,1.893,32.472,333.361,761.832,-0.066,-32.107,-48.639,-16.642,-51.523,6.0,-33.004,269.0,83.0,91.052,-34.17,0.716,2.044,108.196,79.48,166.946,0.666,0.97,37.838,2.996,131.817,0.576,temp_g10_02_0001,single-objective/run1/g10/g10_4.pdb.sc
540.0,797.7130746841431,1.477246434600265,3.2207815647125244,0.0,1.477246434600265,153.0,90.50339412689209,0.5915254518097522,2.410245656967163,3.211174692203796,3.8027001440135484,43.0,12.992719173431396,0.30215625984724176,1.28828763961792,4.2409890751506,4.543145334997843,103.49611330032349,196.0,38,39,271,270,541,run1_g10_g10_5,single-objective/run1/g10/g10_5.pdb,470.21,1.541,43.559,1.831,71.19,2.992,1306.877,2379.168,1072.291,32.0,-1.995,-1296.624,248.838,-269.906,1.905,31.459,569.462,740.305,-0.057,-29.622,-48.639,-17.969,-51.523,6.0,-31.317,269.0,83.0,91.3,-24.029,0.689,6.835,279.114,109.196,169.68,0.65,1.09,42.525,11.926,524.749,0.576,temp_g10_22_0001,single-objective/run1/g10/g10_5.pdb.sc
553.0,818.0351077318192,1.4792678259164904,3.370624303817749,0.0,1.4792678259164904,160.0,92.77278792858124,0.5798299245536327,2.0924081802368164,3.2254607893526552,3.805290713906288,49.0,14.49298882484436,0.29577528213968085,1.28828763961792,4.236655702396315,4.532430984535996,107.2657767534256,209.0,38,39,284,270,554,run1_g10_g10_6,single-objective/run1/g10/g10_6.pdb,-146.036,-0.587,53.217,2.157,99.327,4.026,1265.179,2466.987,1201.809,29.0,-1.995,-1312.892,244.945,-282.461,1.953,31.29,308.074,759.737,-0.038,-30.764,-49.521,-16.861,-51.523,6.0,-32.593,269.0,83.0,92.414,-45.58,0.719,0.751,1.946,58.08,179.121,0.684,1.243,48.466,0.315,13.839,0.596,temp_g10_23_0001,single-objective/run1/g10/g10_6.pdb.sc
545.0,805.0886214971542,1.4772268284351453,3.2051174640655518,0.0,1.4772268284351453,153.0,90.10848593711853,0.5889443525301865,2.410245656967163,3.239195856393552,3.8281402089237386,43.0,12.689062595367432,0.2950944789620333,1.28828763961792,4.253998135411462,4.549092614373495,102.79754853248596,196.0,38,39,276,270,546,run1_g10_g10_7,single-objective/run1/g10/g10_7.pdb,-84.558,-0.435,31.649,1.292,61.261,2.501,1285.255,2449.246,1163.991,32.0,-1.995,-1295.36,249.717,-284.859,1.98,32.456,328.106,756.878,-0.076,-32.107,-48.639,-17.969,-51.523,7.0,-31.913,269.0,83.0,93.067,-39.174,0.661,1.151,18.397,65.345,172.452,0.65,0.874,34.081,1.397,61.458,0.585,temp_g8_17_0001,single-objective/run1/g10/g10_7.pdb.sc
549.0,810.5543135404587,1.4764195146456442,3.2051174640655518,0.0,1.4764195146456442,154.0,89.10439240932465,0.5785999507099003,2.410245656967163,3.230904276494856,3.8095042272047563,45.0,13.261924743652344,0.29470943874782984,1.28828763961792,4.265105406443278,4.559814845191108,102.36631715297699,199.0,38,39,280,270,550,run1_g10_g10_8,single-objective/run1/g10/g10_8.pdb,34.469,0.051,38.373,1.585,67.628,2.793,1247.171,2421.025,1173.854,32.0,-1.995,-1301.304,253.39,-287.994,1.923,32.544,343.653,766.881,-0.052,-32.107,-48.639,-19.596,-51.523,5.0,-32.465,269.0,83.0,91.052,-34.941,0.745,2.043,108.196,79.422,167.388,0.672,1.012,39.472,2.957,130.102,0.585,temp_g6_07_0001,single-objective/run1/g10/g10_8.pdb.sc
548.0,810.4152146577835,1.4788598807623787,3.2207815647125244,0.0,1.4788598807623787,156.0,92.8685611486435,0.5953112894143814,2.410245656967163,3.2230124313097734,3.818323720724155,43.0,13.099228858947754,0.30463322927785474,1.28828763961792,4.232450718103453,4.537083947381308,105.96779000759125,199.0,38,39,279,270,549,run1_g10_g10_9,single-objective/run1/g10/g10_9.pdb,252.329,0.865,43.495,1.796,69.026,2.85,1264.239,2422.314,1158.075,29.0,-1.995,-1301.477,250.587,-276.267,1.921,32.032,382.586,756.451,-0.048,-29.622,-48.639,-19.925,-51.523,6.0,-31.733,269.0,83.0,90.881,-25.147,0.671,4.672,261.405,94.318,167.891,0.647,1.046,40.795,7.886,346.991,0.585,temp_g5_14_0001,single-objective/run1/g10/g10_9.pdb.sc
545.0,805.0886214971542,1.4772268284351453,3.2051174640655518,0.0,1.4772268284351453,153.0,90.10848593711853,0.5889443525301865,2.410245656967163,3.239195856393552,3.8281402089237386,43.0,12.689062595367432,0.2950944789620333,1.28828763961792,4.253998135411462,4.549092614373495,102.79754853248596,196.0,38,39,276,270,546,run1_g11_g11_0,single-objective/run1/g11/g11_0.pdb,-84.558,-0.435,31.649,1.292,61.261,2.501,1285.255,2449.246,1163.991,32.0,-1.995,-1295.36,249.717,-284.859,1.98,32.456,328.106,756.878,-0.076,-32.107,-48.639,-17.969,-51.523,7.0,-31.913,269.0,83.0,93.067,-39.174,0.661,1.151,18.397,65.345,172.452,0.65,0.874,34.081,1.397,61.458,0.585,temp_g8_17_0001,single-objective/run1/g11/g11_0.pdb.sc
545.0,805.0886214971542,1.4772268284351453,3.2051174640655518,0.0,1.4772268284351453,153.0,90.10848593711853,0.5889443525301865,2.410245656967163,3.239195856393552,3.8281402089237386,43.0,12.689062595367432,0.2950944789620333,1.28828763961792,4.253998135411462,4.549092614373495,102.79754853248596,196.0,38,39,276,270,546,run1_g11_g11_1,single-objective/run1/g11/g11_1.pdb,-84.558,-0.435,31.649,1.292,61.261,2.501,1285.255,2449.246,1163.991,32.0,-1.995,-1295.36,249.717,-284.859,1.98,32.456,328.106,756.878,-0.076,-32.107,-48.639,-17.969,-51.523,7.0,-31.913,269.0,83.0,93.067,-39.174,0.661,1.151,18.397,65.345,172.452,0.65,0.874,34.081,1.397,61.458,0.585,temp_g8_17_0001,single-objective/run1/g11/g11_1.pdb.sc
541.0,798.4160952568054,1.4758153331918769,3.2051174640655518,0.0,1.4758153331918769,150.0,89.86400532722473,0.5990933688481649,2.410245656967163,3.2313779179255167,3.8304712867736814,43.0,12.716803073883057,0.2957396063693734,1.28828763961792,4.2820426752400955,4.577782281609469,102.58080840110779,193.0,38,39,272,270,542,run1_g11_g11_10,single-objective/run1/g11/g11_10.pdb,-80.606,-0.393,37.675,1.55,69.111,2.844,1235.277,2430.357,1195.081,34.0,-1.995,-1292.732,245.876,-285.066,1.978,31.782,324.13,756.396,-0.059,-32.107,-48.639,-16.971,-51.523,6.0,-31.542,269.0,83.0,93.634,-36.952,0.728,1.288,18.397,68.639,175.505,0.637,0.983,38.332,1.558,68.541,0.585,temp_g9_10_0001,single-objective/run1/g11/g11_10.pdb.sc
551.0,813.463173031807,1.4763396969724265,3.2051174640655518,0.0,1.4763396969724265,157.0,90.674440741539,0.5775442085448345,2.410245656967163,3.2246887691461357,3.80223297769097,44.0,13.282289505004883,0.30187021602283826,1.28828763961792,4.23482993516055,4.536700151183388,103.95673024654388,201.0,38,39,282,270,552,run1_g11_g11_11,single-objective/run1/g11/g11_11.pdb,47.0,0.1,49.28,2.033,77.525,3.198,1257.271,2424.318,1167.048,29.0,-1.995,-1306.609,254.059,-288.79,1.925,32.583,353.215,772.107,-0.043,-32.107,-48.639,-19.925,-51.523,6.0,-32.477,269.0,83.0,91.097,-32.843,0.685,2.204,108.196,81.842,166.3,0.663,1.12,43.687,3.164,139.213,0.585,temp_g4_04_0001,single-objective/run1/g11/g11_11.pdb.sc
543.0,802.0547995567322,1.4770806621670942,3.2051174640655518,0.0,1.4770806621670942,152.0,91.10753083229065,0.5993916502124385,2.4274275302886963,3.2371973316920433,3.8365889819044816,44.0,13.13383150100708,0.29849617047743365,1.28828763961792,4.302685705098239,4.601181875575673,104.24136233329773,196.0,38,39,274,270,544,run1_g11_g11_12,single-objective/run1/g11/g11_12.pdb,-10.206,-0.138,104.811,4.353,134.723,5.595,1252.157,2407.85,1155.694,36.0,-1.995,-1289.455,252.35,-282.946,1.957,33.353,386.922,759.628,-0.035,-32.107,-48.639,-17.969,-51.523,7.0,-31.634,269.0,83.0,93.067,-37.933,0.624,2.118,18.397,66.981,170.764,0.645,1.817,70.857,2.386,104.962,0.576,temp_g11_00_0001,single-objective/run1/g11/g11_12.pdb.sc
546.0,806.9306309223175,1.477894928429153,3.2051174640655518,0.0,1.477894928429153,152.0,89.23633992671967,0.5870811837284189,2.410245656967163,3.2172307756386305,3.8043119593670496,45.0,12.998263120651245,0.2888502915700277,1.28828763961792,4.26593927277459,4.554789564344618,102.23460304737091,197.0,38,39,277,270,547,run1_g11_g11_13,single-objective/run1/g11/g11_13.pdb,31.438,0.041,35.53,1.472,66.393,2.751,1257.961,2413.653,1155.691,28.0,-1.995,-1304.121,250.039,-287.637,1.92,31.745,344.174,761.215,-0.05,-32.107,-48.639,-18.598,-51.523,6.0,-32.357,269.0,83.0,91.052,-33.912,0.652,2.019,108.196,79.806,173.598,0.674,0.977,38.088,2.944,129.527,0.585,temp_g11_13_0001,single-objective/run1/g11/g11_13.pdb.sc
545.0,805.0886214971542,1.4772268284351453,3.2051174640655518,0.0,1.4772268284351453,153.0,90.10848593711853,0.5889443525301865,2.410245656967163,3.239195856393552,3.8281402089237386,43.0,12.689062595367432,0.2950944789620333,1.28828763961792,4.253998135411462,4.549092614373495,102.79754853248596,196.0,38,39,276,270,546,run1_g11_g11_14,single-objective/run1/g11/g11_14.pdb,-84.558,-0.435,31.649,1.292,61.261,2.501,1285.255,2449.246,1163.991,32.0,-1.995,-1295.36,249.717,-284.859,1.98,32.456,328.106,756.878,-0.076,-32.107,-48.639,-17.969,-51.523,7.0,-31.913,269.0,83.0,93.067,-39.174,0.661,1.151,18.397,65.345,172.452,0.65,0.874,34.081,1.397,61.458,0.585,temp_g8_17_0001,single-objective/run1/g11/g11_14.pdb.sc
548.0,810.4152146577835,1.4788598807623787,3.2207815647125244,0.0,1.4788598807623787,156.0,92.8685611486435,0.5953112894143814,2.410245656967163,3.2230124313097734,3.818323720724155,43.0,13.099228858947754,0.30463322927785474,1.28828763961792,4.232450718103453,4.537083947381308,105.96779000759125,199.0,38,39,279,270,549,run1_g11_g11_15,single-objective/run1/g11/g11_15.pdb,252.329,0.865,43.495,1.796,69.026,2.85,1264.239,2422.314,1158.075,29.0,-1.995,-1301.477,250.587,-276.267,1.921,32.032,382.586,756.451,-0.048,-29.622,-48.639,-19.925,-51.523,6.0,-31.733,269.0,83.0,90.881,-25.147,0.671,4.672,261.405,94.318,167.891,0.647,1.046,40.795,7.886,346.991,0.585,temp_g5_14_0001,single-objective/run1/g11/g11_15.pdb.sc
549.0,810.5543135404587,1.4764195146456442,3.2051174640655518,0.0,1.4764195146456442,154.0,89.10439240932465,0.5785999507099003,2.410245656967163,3.230904276494856,3.8095042272047563,45.0,13.261924743652344,0.29470943874782984,1.28828763961792,4.265105406443278,4.559814845191108,102.36631715297699,199.0,38,39,280,270,550,run1_g11_g11_16,single-objective/run1/g11/g11_16.pdb,34.469,0.051,38.373,1.585,67.628,2.793,1247.171,2421.025,1173.854,32.0,-1.995,-1301.304,253.39,-287.994,1.923,32.544,343.653,766.881,-0.052,-32.107,-48.639,-19.596,-51.523,5.0,-32.465,269.0,83.0,91.052,-34.941,0.745,2.043,108.196,79.422,167.388,0.672,1.012,39.472,2.957,130.102,0.585,temp_g6_07_0001,single-objective/run1/g11/g11_16.pdb.sc
549.0,810.5543135404587,1.4764195146456442,3.2051174640655518,0.0,1.4764195146456442,154.0,89.10439240932465,0.5785999507099003,2.410245656967163,3.230904276494856,3.8095042272047563,45.0,13.261924743652344,0.29470943874782984,1.28828763961792,4.265105406443278,4.559814845191108,102.36631715297699,199.0,38,39,280,270,550,run1_g11_g11_17,single-objective/run1/g11/g11_17.pdb,34.469,0.051,38.373,1.585,67.628,2.793,1247.171,2421.025,1173.854,32.0,-1.995,-1301.304,253.39,-287.994,1.923,32.544,343.653,766.881,-0.052,-32.107,-48.639,-19.596,-51.523,5.0,-32.465,269.0,83.0,91.052,-34.941,0.745,2.043,108.196,79.422,167.388,0.672,1.012,39.472,2.957,130.102,0.585,temp_g6_07_0001,single-objective/run1/g11/g11_17.pdb.sc
546.0,807.7653068304062,1.4794236388835278,3.2207815647125244,0.0,1.4794236388835278,151.0,86.78939425945282,0.5747642003937273,2.410245656967163,3.234528897613879,3.8092930980076063,46.0,13.857078075408936,0.3012408277262812,1.28828763961792,4.240895053614741,4.542135881341022,100.64647233486176,197.0,38,39,277,270,547,run1_g11_g11_18,single-objective/run1/g11/g11_18.pdb,43.358,0.08,33.17,1.377,68.808,2.856,1239.418,2409.506,1170.088,36.0,-1.995,-1297.757,251.493,-271.54,1.917,32.098,342.53,750.648,-0.059,-29.622,-48.639,-17.64,-51.523,6.0,-32.656,269.0,83.0,91.052,-33.432,0.693,2.136,108.196,80.454,169.188,0.684,0.96,37.455,3.177,139.8,0.585,temp_g8_06_0001,single-objective/run1/g11/g11_18.pdb.sc
551.0,813.463173031807,1.4763396969724265,3.2051174640655518,0.0,1.4763396969724265,157.0,90.674440741539,0.5775442085448345,2.410245656967163,3.2246887691461357,3.80223297769097,44.0,13.282289505004883,0.30187021602283826,1.28828763961792,4.23482993516055,4.536700151183388,103.95673024654388,201.0,38,39,282,270,552,run1_g11_g11_19,single-objective/run1/g11/g11_19.pdb,47.0,0.1,49.28,2.033,77.525,3.198,1257.271,2424.318,1167.048,29.0,-1.995,-1306.609,254.059,-288.79,1.925,32.583,353.215,772.107,-0.043,-32.107,-48.639,-19.925,-51.523,6.0,-32.477,269.0,83.0,91.097,-32.843,0.685,2.204,108.196,81.842,166.3,0.663,1.12,43.687,3.164,139.213,0.585,temp_g4_04_0001,single-objective/run1/g11/g11_19.pdb.sc
545.0,805.0886214971542,1.4772268284351453,3.2051174640655518,0.0,1.4772268284351453,153.0,90.10848593711853,0.5889443525301865,2.410245656967163,3.239195856393552,3.8281402089237386,43.0,12.689062595367432,0.2950944789620333,1.28828763961792,4.253998135411462,4.549092614373495,102.79754853248596,196.0,38,39,276,270,546,run1_g11_g11_2,single-objective/run1/g11/g11_2.pdb,-84.558,-0.435,31.649,1.292,61.261,2.501,1285.255,2449.246,1163.991,32.0,-1.995,-1295.36,249.717,-284.859,1.98,32.456,328.106,756.878,-0.076,-32.107,-48.639,-17.969,-51.523,7.0,-31.913,269.0,83.0,93.067,-39.174,0.661,1.151,18.397,65.345,172.452,0.65,0.874,34.081,1.397,61.458,0.585,temp_g8_17_0001,single-objective/run1/g11/g11_2.pdb.sc
549.0,810.5543135404587,1.4764195146456442,3.2051174640655518,0.0,1.4764195146456442,154.0,89.10439240932465,0.5785999507099003,2.410245656967163,3.230904276494856,3.8095042272047563,45.0,13.261924743652344,0.29470943874782984,1.28828763961792,4.265105406443278,4.559814845191108,102.36631715297699,199.0,38,39,280,270,550,run1_g11_g11_20,single-objective/run1/g11/g11_20.pdb,34.469,0.051,38.373,1.585,67.628,2.793,1247.171,2421.025,1173.854,32.0,-1.995,-1301.304,253.39,-287.994,1.923,32.544,343.653,766.881,-0.052,-32.107,-48.639,-19.596,-51.523,5.0,-32.465,269.0,83.0,91.052,-34.941,0.745,2.043,108.196,79.422,167.388,0.672,1.012,39.472,2.957,130.102,0.585,temp_g6_07_0001,single-objective/run1/g11/g11_20.pdb.sc
545.0,805.0886214971542,1.4772268284351453,3.2051174640655518,0.0,1.4772268284351453,153.0,90.10848593711853,0.5889443525301865,2.410245656967163,3.239195856393552,3.8281402089237386,43.0,12.689062595367432,0.2950944789620333,1.28828763961792,4.253998135411462,4.549092614373495,102.79754853248596,196.0,38,39,276,270,546,run1_g11_g11_21,single-objective/run1/g11/g11_21.pdb,-84.558,-0.435,31.649,1.292,61.261,2.501,1285.255,2449.246,1163.991,32.0,-1.995,-1295.36,249.717,-284.859,1.98,32.456,328.106,756.878,-0.076,-32.107,-48.639,-17.969,-51.523,7.0,-31.913,269.0,83.0,93.067,-39.174,0.661,1.151,18.397,65.345,172.452,0.65,0.874,34.081,1.397,61.458,0.585,temp_g8_17_0001,single-objective/run1/g11/g11_21.pdb.sc
545.0,805.0241638422012,1.477108557508626,3.2207815647125244,0.0,1.477108557508626,155.0,91.34660923480988,0.589332962805225,2.410245656967163,3.2523216932050643,3.8416546560102893,47.0,13.890488862991333,0.2955423162338581,1.28828763961792,4.298658193425929,4.594200509659787,105.23709809780121,202.0,38,39,276,270,546,run1_g11_g11_22,single-objective/run1/g11/g11_22.pdb,216.427,-0.618,42.318,1.67,75.201,2.967,1368.828,2534.786,1165.958,36.0,-1.995,-1289.833,249.577,-275.848,2.014,31.986,645.094,743.505,-0.054,-29.622,-49.499,-17.969,-51.523,6.0,-31.583,269.0,83.0,92.923,-43.3,0.652,0.593,1.946,61.712,178.257,0.634,1.036,40.398,0.2,8.805,0.585,temp_g11_07_0001,single-objective/run1/g11/g11_22.pdb.sc
549.0,810.5543135404587,1.4764195146456442,3.2051174640655518,0.0,1.4764195146456442,154.0,89.10439240932465,0.5785999507099003,2.410245656967163,3.230904276494856,3.8095042272047563,45.0,13.261924743652344,0.29470943874782984,1.28828763961792,4.265105406443278,4.559814845191108,102.36631715297699,199.0,38,39,280,270,550,run1_g11_g11_23,single-objective/run1/g11/g11_23.pdb,34.469,0.051,38.373,1.585,67.628,2.793,1247.171,2421.025,1173.854,32.0,-1.995,-1301.304,253.39,-287.994,1.923,32.544,343.653,766.881,-0.052,-32.107,-48.639,-19.596,-51.523,5.0,-32.465,269.0,83.0,91.052,-34.941,0.745,2.043,108.196,79.422,167.388,0.672,1.012,39.472,2.957,130.102,0.585,temp_g6_07_0001,single-objective/run1/g11/g11_23.pdb.sc
540.0,797.3284749984741,1.4765342129601373,3.2051174640655518,0.0,1.4765342129601373,152.0,88.82318639755249,0.5843630684049506,2.410245656967163,3.245394291062104,3.8297573594670546,43.0,11.869714736938477,0.2760398776032204,0.8472099304199219,4.370701978372973,4.6467418559761935,100.69290113449097,195.0,38,39,271,270,541,run1_g11_g11_24,single-objective/run1/g11/g11_24.pdb,171.592,0.407,243.659,10.048,346.846,14.304,1273.136,2424.853,1151.716,33.0,-1.995,-1288.141,248.182,-280.178,1.978,32.812,594.367,754.889,-0.015,-29.622,-49.499,-17.969,-51.523,9.0,-29.809,269.0,83.0,92.356,-44.027,0.681,3.927,1.946,60.974,176.265,0.625,3.669,143.075,4.155,182.836,0.585,temp_g10_00_0001,single-objective/run1/g11/g11_24.pdb.sc
549.0,810.5973831415176,1.4764979656493946,3.370624303817749,0.0,1.4764979656493946,156.0,93.32645618915558,0.5982465140330486,2.410245656967163,3.2069655618606467,3.8052120758936954,46.0,13.587016582489014,0.2953699257062829,1.28828763961792,4.2651022568992945,4.560472182605578,106.91347277164459,202.0,38,39,280,270,550,run1_g11_g11_3,single-objective/run1/g11/g11_3.pdb,199.438,0.187,55.936,2.309,-52.555,-2.17,1267.055,2422.196,1155.14,35.0,-1.995,-1307.551,245.634,-274.873,1.922,31.253,497.093,762.945,0.052,-30.764,-48.639,-15.233,-51.523,5.0,-31.909,269.0,83.0,91.097,-31.724,0.707,2.489,108.196,81.854,173.072,0.631,1.204,46.95,3.628,159.61,0.585,temp_g11_21_0001,single-objective/run1/g11/g11_3.pdb.sc
543.0,802.0531933307648,1.4770777041082224,3.2051174640655518,0.0,1.4770777041082224,151.0,86.48352754116058,0.5727385929878185,2.410245656967163,3.2359075301530345,3.808646123140853,44.0,12.746000528335571,0.2896818301894448,1.28828763961792,4.335212935100902,4.624894765290347,99.22952806949615,195.0,38,39,274,270,544,run1_g11_g11_4,single-objective/run1/g11/g11_4.pdb,31.607,0.052,34.553,1.481,62.385,2.673,1195.6,2333.584,1137.985,34.0,-1.995,-1293.412,252.426,-285.134,1.893,32.472,333.361,761.832,-0.066,-32.107,-48.639,-16.642,-51.523,6.0,-33.004,269.0,83.0,91.052,-34.17,0.716,2.044,108.196,79.48,166.946,0.666,0.97,37.838,2.996,131.817,0.576,temp_g10_02_0001,single-objective/run1/g11/g11_4.pdb.sc
548.0,810.4152146577835,1.4788598807623787,3.2207815647125244,0.0,1.4788598807623787,156.0,92.8685611486435,0.5953112894143814,2.410245656967163,3.2230124313097734,3.818323720724155,43.0,13.099228858947754,0.30463322927785474,1.28828763961792,4.232450718103453,4.537083947381308,105.96779000759125,199.0,38,39,279,270,549,run1_g11_g11_5,single-objective/run1/g11/g11_5.pdb,252.329,0.865,43.495,1.796,69.026,2.85,1264.239,2422.314,1158.075,29.0,-1.995,-1301.477,250.587,-276.267,1.921,32.032,382.586,756.451,-0.048,-29.622,-48.639,-19.925,-51.523,6.0,-31.733,269.0,83.0,90.881,-25.147,0.671,4.672,261.405,94.318,167.891,0.647,1.046,40.795,7.886,346.991,0.585,temp_g5_14_0001,single-objective/run1/g11/g11_5.pdb.sc
548.0,809.3941657543182,1.4769966528363472,3.2051174640655518,0.0,1.4769966528363472,154.0,89.34196674823761,0.5801426412223222,2.410245656967163,3.22359805370306,3.8037406949253825,45.0,13.266809940338135,0.2948179986741808,1.28828763961792,4.265044154061211,4.559862152735392,102.60877668857574,199.0,38,39,279,270,549,run1_g11_g11_6,single-objective/run1/g11/g11_6.pdb,36.624,0.06,39.18,1.618,67.295,2.78,1247.171,2421.025,1173.854,29.0,-1.995,-1299.32,253.662,-289.738,1.928,31.872,340.538,772.457,-0.05,-32.107,-48.639,-18.598,-51.523,6.0,-32.893,269.0,83.0,91.001,-35.793,0.696,2.047,108.196,78.601,168.389,0.667,1.023,39.913,2.954,129.982,0.585,temp_g11_22_0001,single-objective/run1/g11/g11_6.pdb.sc
545.0,805.0886214971542,1.4772268284351453,3.2051174640655518,0.0,1.4772268284351453,153.0,90.10848593711853,0.5889443525301865,2.410245656967163,3.239195856393552,3.8281402089237386,43.0,12.689062595367432,0.2950944789620333,1.28828763961792,4.253998135411462,4.549092614373495,102.79754853248596,196.0,38,39,276,270,546,run1_g11_g11_7,single-objective/run1/g11/g11_7.pdb,-84.558,-0.435,31.649,1.292,61.261,2.501,1285.255,2449.246,1163.991,32.0,-1.995,-1295.36,249.717,-284.859,1.98,32.456,328.106,756.878,-0.076,-32.107,-48.639,-17.969,-51.523,7.0,-31.913,269.0,83.0,93.067,-39.174,0.661,1.151,18.397,65.345,172.452,0.65,0.874,34.081,1.397,61.458,0.585,temp_g8_17_0001,single-objective/run1/g11/g11_7.pdb.sc
543.0,802.4511116743088,1.4778105187372168,3.2051174640655518,0.0,1.4778105187372168,155.0,87.51902532577515,0.5646388730695171,2.410245656967163,3.270023956606465,3.834662829675982,44.0,12.8367280960083,0.291743820363825,1.28828763961792,4.285490626638586,4.577234447002411,100.35575342178345,199.0,38,39,274,270,544,run1_g11_g11_8,single-objective/run1/g11/g11_8.pdb,116.3,0.371,36.117,1.563,60.821,2.632,1179.621,2310.877,1131.256,27.0,-1.995,-1294.94,252.536,-288.817,1.937,32.24,451.849,759.848,-0.055,-32.107,-49.499,-19.596,-51.523,6.0,-32.512,269.0,83.0,90.95,-40.267,0.719,2.276,91.744,74.441,171.435,0.665,0.996,38.856,3.411,150.071,0.576,temp_g10_09_0001,single-objective/run1/g11/g11_8.pdb.sc
545.0,805.8886061906815,1.478694690258131,3.2207815647125244,0.0,1.478694690258131,152.0,90.89514458179474,0.5979943722486496,2.410245656967163,3.2363477733574415,3.834342145606091,45.0,13.362159252166748,0.2969368722703722,1.28828763961792,4.28888218137953,4.585819053649902,104.25730383396149,197.0,38,39,276,270,546,run1_g11_g11_9,single-objective/run1/g11/g11_9.pdb,44.932,0.095,37.211,1.542,68.014,2.819,1258.151,2413.08,1154.929,34.0,-1.995,-1293.951,250.062,-275.469,1.92,32.119,341.214,751.88,-0.051,-29.622,-48.639,-19.449,-51.523,5.0,-31.936,269.0,83.0,91.01,-33.3,0.693,2.177,108.196,80.758,173.071,0.665,1.01,39.375,3.211,141.278,0.585,temp_g11_08_0001,single-objective/run1/g11/g11_9.pdb.sc
549.0,810.5973831415176,1.4764979656493946,3.370624303817749,0.0,1.4764979656493946,156.0,93.32645618915558,0.5982465140330486,2.410245656967163,3.2069655618606467,3.8052120758936954,46.0,13.587016582489014,0.2953699257062829,1.28828763961792,4.2651022568992945,4.560472182605578,106.91347277164459,202.0,38,39,280,270,550,run1_g12_g12_0,single-objective/run1/g12/g12_0.pdb,199.438,0.187,55.936,2.309,-52.555,-2.17,1267.055,2422.196,1155.14,35.0,-1.995,-1307.551,245.634,-274.873,1.922,31.253,497.093,762.945,0.052,-30.764,-48.639,-15.233,-51.523,5.0,-31.909,269.0,83.0,91.097,-31.724,0.707,2.489,108.196,81.854,173.072,0.631,1.204,46.95,3.628,159.61,0.585,temp_g11_21_0001,single-objective/run1/g12/g12_0.pdb.sc
545.0,805.0886214971542,1.4772268284351453,3.2051174640655518,0.0,1.4772268284351453,153.0,90.10848593711853,0.5889443525301865,2.410245656967163,3.239195856393552,3.8281402089237386,43.0,12.689062595367432,0.2950944789620333,1.28828763961792,4.253998135411462,4.549092614373495,102.79754853248596,196.0,38,39,276,270,546,run1_g12_g12_1,single-objective/run1/g12/g12_1.pdb,-84.558,-0.435,31.649,1.292,61.261,2.501,1285.255,2449.246,1163.991,32.0,-1.995,-1295.36,249.717,-284.859,1.98,32.456,328.106,756.878,-0.076,-32.107,-48.639,-17.969,-51.523,7.0,-31.913,269.0,83.0,93.067,-39.174,0.661,1.151,18.397,65.345,172.452,0.65,0.874,34.081,1.397,61.458,0.585,temp_g8_17_0001,single-objective/run1/g12/g12_1.pdb.sc
541.0,798.4160952568054,1.4758153331918769,3.2051174640655518,0.0,1.4758153331918769,150.0,89.86400532722473,0.5990933688481649,2.410245656967163,3.2313779179255167,3.8304712867736814,43.0,12.716803073883057,0.2957396063693734,1.28828763961792,4.2820426752400955,4.577782281609469,102.58080840110779,193.0,38,39,272,270,542,run1_g12_g12_10,single-objective/run1/g12/g12_10.pdb,-80.606,-0.393,37.675,1.55,69.111,2.844,1235.277,2430.357,1195.081,34.0,-1.995,-1292.732,245.876,-285.066,1.978,31.782,324.13,756.396,-0.059,-32.107,-48.639,-16.971,-51.523,6.0,-31.542,269.0,83.0,93.634,-36.952,0.728,1.288,18.397,68.639,175.505,0.637,0.983,38.332,1.558,68.541,0.585,temp_g9_10_0001,single-objective/run1/g12/g12_10.pdb.sc
539.0,796.2364228963852,1.4772475378411598,3.2207815647125244,0.0,1.4772475378411598,151.0,89.52688145637512,0.5928932546779809,2.410245656967163,3.257614200478358,3.8505074551563387,46.0,13.106831789016724,0.28493112584818964,0.8472099304199219,4.401696199956148,4.686627325804337,102.63371324539185,197.0,38,39,270,270,540,run1_g12_g12_11,single-objective/run1/g12/g12_11.pdb,421.16,0.103,241.117,9.656,269.735,10.802,1315.612,2497.049,1181.437,31.0,-1.995,-1275.443,245.225,-276.629,1.934,31.626,838.473,744.728,-0.011,-29.622,-49.499,-17.969,-51.523,6.0,-31.193,269.0,83.0,93.06,-42.898,0.689,2.949,1.946,62.352,178.003,0.607,3.603,140.518,2.37,104.287,0.585,temp_g12_22_0001,single-objective/run1/g12/g12_11.pdb.sc
545.0,805.0886214971542,1.4772268284351453,3.2051174640655518,0.0,1.4772268284351453,153.0,90.10848593711853,0.5889443525301865,2.410245656967163,3.239195856393552,3.8281402089237386,43.0,12.689062595367432,0.2950944789620333,1.28828763961792,4.253998135411462,4.549092614373495,102.79754853248596,196.0,38,39,276,270,546,run1_g12_g12_12,single-objective/run1/g12/g12_12.pdb,-84.558,-0.435,31.649,1.292,61.261,2.501,1285.255,2449.246,1163.991,32.0,-1.995,-1295.36,249.717,-284.859,1.98,32.456,328.106,756.878,-0.076,-32.107,-48.639,-17.969,-51.523,7.0,-31.913,269.0,83.0,93.067,-39.174,0.661,1.151,18.397,65.345,172.452,0.65,0.874,34.081,1.397,61.458,0.585,temp_g8_17_0001,single-objective/run1/g12/g12_12.pdb.sc
546.0,807.7653068304062,1.4794236388835278,3.2207815647125244,0.0,1.4794236388835278,151.0,86.78939425945282,0.5747642003937273,2.410245656967163,3.234528897613879,3.8092930980076063,46.0,13.857078075408936,0.3012408277262812,1.28828763961792,4.240895053614741,4.542135881341022,100.64647233486176,197.0,38,39,277,270,547,run1_g12_g12_13,single-objective/run1/g12/g12_13.pdb,43.358,0.08,33.17,1.377,68.808,2.856,1239.418,2409.506,1170.088,36.0,-1.995,-1297.757,251.493,-271.54,1.917,32.098,342.53,750.648,-0.059,-29.622,-48.639,-17.64,-51.523,6.0,-32.656,269.0,83.0,91.052,-33.432,0.693,2.136,108.196,80.454,169.188,0.684,0.96,37.455,3.177,139.8,0.585,temp_g8_06_0001,single-objective/run1/g12/g12_13.pdb.sc
547.0,807.8692388534546,1.4769090289825495,3.2207815647125244,0.0,1.4769090289825495,151.0,91.3181619644165,0.604756039499447,2.4274275302886963,3.18981581807926,3.794571857578707,45.0,13.397417068481445,0.29772037929958767,1.28828763961792,4.307848972744412,4.605569352043999,104.71557903289795,196.0,38,39,278,270,548,run1_g12_g12_14,single-objective/run1/g12/g12_14.pdb,874.027,1.585,429.525,17.393,462.023,18.709,1245.05,2469.505,1224.456,35.0,-1.995,-1302.433,252.712,-282.572,1.918,31.789,1176.519,763.558,-0.009,-29.622,-48.639,-19.596,-51.523,6.0,-32.801,269.0,84.0,91.526,-33.184,0.657,6.907,108.196,80.116,169.474,0.657,5.859,234.353,7.859,345.813,0.585,temp_g12_23_0001,single-objective/run1/g12/g12_14.pdb.sc
545.0,805.0886214971542,1.4772268284351453,3.2051174640655518,0.0,1.4772268284351453,153.0,90.10848593711853,0.5889443525301865,2.410245656967163,3.239195856393552,3.8281402089237386,43.0,12.689062595367432,0.2950944789620333,1.28828763961792,4.253998135411462,4.549092614373495,102.79754853248596,196.0,38,39,276,270,546,run1_g12_g12_15,single-objective/run1/g12/g12_15.pdb,-84.558,-0.435,31.649,1.292,61.261,2.501,1285.255,2449.246,1163.991,32.0,-1.995,-1295.36,249.717,-284.859,1.98,32.456,328.106,756.878,-0.076,-32.107,-48.639,-17.969,-51.523,7.0,-31.913,269.0,83.0,93.067,-39.174,0.661,1.151,18.397,65.345,172.452,0.65,0.874,34.081,1.397,61.458,0.585,temp_g8_17_0001,single-objective/run1/g12/g12_15.pdb.sc
549.0,810.5543135404587,1.4764195146456442,3.2051174640655518,0.0,1.4764195146456442,154.0,89.10439240932465,0.5785999507099003,2.410245656967163,3.230904276494856,3.8095042272047563,45.0,13.261924743652344,0.29470943874782984,1.28828763961792,4.265105406443278,4.559814845191108,102.36631715297699,199.0,38,39,280,270,550,run1_g12_g12_16,single-objective/run1/g12/g12_16.pdb,34.469,0.051,38.373,1.585,67.628,2.793,1247.171,2421.025,1173.854,32.0,-1.995,-1301.304,253.39,-287.994,1.923,32.544,343.653,766.881,-0.052,-32.107,-48.639,-19.596,-51.523,5.0,-32.465,269.0,83.0,91.052,-34.941,0.745,2.043,108.196,79.422,167.388,0.672,1.012,39.472,2.957,130.102,0.585,temp_g6_07_0001,single-objective/run1/g12/g12_16.pdb.sc
542.0,801.8684322834015,1.4794620521833977,3.2207815647125244,0.0,1.4794620521833977,152.0,90.06173980236053,0.5925114460681614,2.410245656967163,3.22657389311414,3.8190853391823016,42.0,13.01135778427124,0.30979423295883907,1.28828763961792,4.2201198396228605,4.5299140725816995,103.07309758663177,194.0,38,39,273,270,543,run1_g12_g12_17,single-objective/run1/g12/g12_17.pdb,252.34,0.871,42.62,1.804,73.505,3.111,1239.089,2362.418,1123.329,32.0,-1.995,-1294.718,245.387,-272.438,1.901,31.637,379.794,751.07,-0.056,-29.622,-48.639,-17.969,-51.523,6.0,-31.032,269.0,83.0,90.881,-24.951,0.659,4.684,261.405,94.293,168.274,0.647,1.034,40.336,7.919,348.452,0.585,temp_g12_05_0001,single-objective/run1/g12/g12_17.pdb.sc
545.0,805.0886214971542,1.4772268284351453,3.2051174640655518,0.0,1.4772268284351453,153.0,90.10848593711853,0.5889443525301865,2.410245656967163,3.239195856393552,3.8281402089237386,43.0,12.689062595367432,0.2950944789620333,1.28828763961792,4.253998135411462,4.549092614373495,102.79754853248596,196.0,38,39,276,270,546,run1_g12_g12_18,single-objective/run1/g12/g12_18.pdb,-84.558,-0.435,31.649,1.292,61.261,2.501,1285.255,2449.246,1163.991,32.0,-1.995,-1295.36,249.717,-284.859,1.98,32.456,328.106,756.878,-0.076,-32.107,-48.639,-17.969,-51.523,7.0,-31.913,269.0,83.0,93.067,-39.174,0.661,1.151,18.397,65.345,172.452,0.65,0.874,34.081,1.397,61.458,0.585,temp_g8_17_0001,single-objective/run1/g12/g12_18.pdb.sc
545.0,805.8886061906815,1.478694690258131,3.2207815647125244,0.0,1.478694690258131,152.0,90.89514458179474,0.5979943722486496,2.410245656967163,3.2363477733574415,3.834342145606091,45.0,13.362159252166748,0.2969368722703722,1.28828763961792,4.28888218137953,4.585819053649902,104.25730383396149,197.0,38,39,276,270,546,run1_g12_g12_19,single-objective/run1/g12/g12_19.pdb,44.932,0.095,37.211,1.542,68.014,2.819,1258.151,2413.08,1154.929,34.0,-1.995,-1293.951,250.062,-275.469,1.92,32.119,341.214,751.88,-0.051,-29.622,-48.639,-19.449,-51.523,5.0,-31.936,269.0,83.0,91.01,-33.3,0.693,2.177,108.196,80.758,173.071,0.665,1.01,39.375,3.211,141.278,0.585,temp_g11_08_0001,single-objective/run1/g12/g12_19.pdb.sc
545.0,805.0886214971542,1.4772268284351453,3.2051174640655518,0.0,1.4772268284351453,153.0,90.10848593711853,0.5889443525301865,2.410245656967163,3.239195856393552,3.8281402089237386,43.0,12.689062595367432,0.2950944789620333,1.28828763961792,4.253998135411462,4.549092614373495,102.79754853248596,196.0,38,39,276,270,546,run1_g12_g12_2,single-objective/run1/g12/g12_2.pdb,-84.558,-0.435,31.649,1.292,61.261,2.501,1285.255,2449.246,1163.991,32.0,-1.995,-1295.36,249.717,-284.859,1.98,32.456,328.106,756.878,-0.076,-32.107,-48.639,-17.969,-51.523,7.0,-31.913,269.0,83.0,93.067,-39.174,0.661,1.151,18.397,65.345,172.452,0.65,0.874,34.081,1.397,61.458,0.585,temp_g8_17_0001,single-objective/run1/g12/g12_2.pdb.sc
549.0,810.5543135404587,1.4764195146456442,3.2051174640655518,0.0,1.4764195146456442,154.0,89.10439240932465,0.5785999507099003,2.410245656967163,3.230904276494856,3.8095042272047563,45.0,13.261924743652344,0.29470943874782984,1.28828763961792,4.265105406443278,4.559814845191108,102.36631715297699,199.0,38,39,280,270,550,run1_g12_g12_20,single-objective/run1/g12/g12_20.pdb,34.469,0.051,38.373,1.585,67.628,2.793,1247.171,2421.025,1173.854,32.0,-1.995,-1301.304,253.39,-287.994,1.923,32.544,343.653,766.881,-0.052,-32.107,-48.639,-19.596,-51.523,5.0,-32.465,269.0,83.0,91.052,-34.941,0.745,2.043,108.196,79.422,167.388,0.672,1.012,39.472,2.957,130.102,0.585,temp_g6_07_0001,single-objective/run1/g12/g12_20.pdb.sc
548.0,808.6425849199295,1.475625154963375,3.2051174640655518,0.0,1.475625154963375,152.0,89.39172720909119,0.588103468480863,2.410245656967163,3.2127327417072498,3.8008362101881126,43.0,12.838600158691406,0.2985720967137536,1.28828763961792,4.203962947047034,4.502535043760788,102.23032736778259,195.0,38,39,279,270,549,run1_g12_g12_21,single-objective/run1/g12/g12_21.pdb,19.92,-0.02,145.716,5.935,175.675,7.156,1242.554,2455.048,1212.494,33.0,-1.995,-1308.375,253.401,-283.908,1.92,32.247,434.741,770.294,-0.02,-32.107,-48.639,-17.969,-51.523,5.0,-33.236,269.0,83.0,92.515,-39.992,0.695,2.521,18.397,64.211,169.353,0.665,2.408,93.9,2.621,115.334,0.585,temp_g12_19_0001,single-objective/run1/g12/g12_21.pdb.sc
549.0,809.6440390348434,1.4747614554368733,3.1151397228240967,0.0,1.4747614554368733,154.0,89.73800146579742,0.5827142952324508,2.410245656967163,3.2018452565391344,3.784559551771585,46.0,13.14380693435669,0.2857349333555802,1.28828763961792,4.295421833577364,4.581156766932944,102.88180840015411,200.0,38,39,280,270,550,run1_g12_g12_22,single-objective/run1/g12/g12_22.pdb,448.967,1.461,38.4,1.588,60.661,2.509,1279.249,2418.202,1138.953,36.0,-1.995,-1307.223,253.588,-287.54,1.932,31.934,566.992,764.539,-0.067,-32.107,-48.639,-18.598,-51.523,6.0,-31.474,269.0,83.0,91.245,-29.568,0.677,6.583,279.114,100.409,167.296,0.666,1.021,39.827,11.512,506.522,0.585,temp_g12_06_0001,single-objective/run1/g12/g12_22.pdb.sc
548.0,810.4152146577835,1.4788598807623787,3.2207815647125244,0.0,1.4788598807623787,156.0,92.8685611486435,0.5953112894143814,2.410245656967163,3.2230124313097734,3.818323720724155,43.0,13.099228858947754,0.30463322927785474,1.28828763961792,4.232450718103453,4.537083947381308,105.96779000759125,199.0,38,39,279,270,549,run1_g12_g12_23,single-objective/run1/g12/g12_23.pdb,252.329,0.865,43.495,1.796,69.026,2.85,1264.239,2422.314,1158.075,29.0,-1.995,-1301.477,250.587,-276.267,1.921,32.032,382.586,756.451,-0.048,-29.622,-48.639,-19.925,-51.523,6.0,-31.733,269.0,83.0,90.881,-25.147,0.671,4.672,261.405,94.318,167.891,0.647,1.046,40.795,7.886,346.991,0.585,temp_g5_14_0001,single-objective/run1/g12/g12_23.pdb.sc
545.0,805.0886214971542,1.4772268284351453,3.2051174640655518,0.0,1.4772268284351453,153.0,90.10848593711853,0.5889443525301865,2.410245656967163,3.239195856393552,3.8281402089237386,43.0,12.689062595367432,0.2950944789620333,1.28828763961792,4.253998135411462,4.549092614373495,102.79754853248596,196.0,38,39,276,270,546,run1_g12_g12_24,single-objective/run1/g12/g12_24.pdb,-84.558,-0.435,31.649,1.292,61.261,2.501,1285.255,2449.246,1163.991,32.0,-1.995,-1295.36,249.717,-284.859,1.98,32.456,328.106,756.878,-0.076,-32.107,-48.639,-17.969,-51.523,7.0,-31.913,269.0,83.0,93.067,-39.174,0.661,1.151,18.397,65.345,172.452,0.65,0.874,34.081,1.397,61.458,0.585,temp_g8_17_0001,single-objective/run1/g12/g12_24.pdb.sc
545.0,805.0886214971542,1.4772268284351453,3.2051174640655518,0.0,1.4772268284351453,153.0,90.10848593711853,0.5889443525301865,2.410245656967163,3.239195856393552,3.8281402089237386,43.0,12.689062595367432,0.2950944789620333,1.28828763961792,4.253998135411462,4.549092614373495,102.79754853248596,196.0,38,39,276,270,546,run1_g12_g12_3,single-objective/run1/g12/g12_3.pdb,-84.558,-0.435,31.649,1.292,61.261,2.501,1285.255,2449.246,1163.991,32.0,-1.995,-1295.36,249.717,-284.859,1.98,32.456,328.106,756.878,-0.076,-32.107,-48.639,-17.969,-51.523,7.0,-31.913,269.0,83.0,93.067,-39.174,0.661,1.151,18.397,65.345,172.452,0.65,0.874,34.081,1.397,61.458,0.585,temp_g8_17_0001,single-objective/run1/g12/g12_3.pdb.sc
549.0,810.5543135404587,1.4764195146456442,3.2051174640655518,0.0,1.4764195146456442,154.0,89.10439240932465,0.5785999507099003,2.410245656967163,3.230904276494856,3.8095042272047563,45.0,13.261924743652344,0.29470943874782984,1.28828763961792,4.265105406443278,4.559814845191108,102.36631715297699,199.0,38,39,280,270,550,run1_g12_g12_4,single-objective/run1/g12/g12_4.pdb,34.469,0.051,38.373,1.585,67.628,2.793,1247.171,2421.025,1173.854,32.0,-1.995,-1301.304,253.39,-287.994,1.923,32.544,343.653,766.881,-0.052,-32.107,-48.639,-19.596,-51.523,5.0,-32.465,269.0,83.0,91.052,-34.941,0.745,2.043,108.196,79.422,167.388,0.672,1.012,39.472,2.957,130.102,0.585,temp_g6_07_0001,single-objective/run1/g12/g12_4.pdb.sc
543.0,802.2022080421448,1.4773521326742998,3.2051174640655518,0.0,1.4773521326742998,152.0,88.05575013160706,0.579314145602678,2.410245656967163,3.2273456705243966,3.8066598161270746,46.0,13.766022205352783,0.2992613522902779,1.28828763961792,4.330648904261381,4.62991025655166,101.82177233695984,198.0,38,39,274,270,544,run1_g12_g12_5,single-objective/run1/g12/g12_5.pdb,26.183,0.033,33.336,1.378,62.79,2.595,1294.154,2419.5,1125.347,35.0,-1.995,-1295.906,249.192,-287.66,1.918,31.747,338.886,756.57,-0.065,-32.107,-48.639,-18.598,-51.523,6.0,-32.047,269.0,83.0,90.823,-34.223,0.673,1.988,108.196,79.198,171.777,0.663,0.961,37.49,2.899,127.547,0.576,temp_g12_16_0001,single-objective/run1/g12/g12_5.pdb.sc
540.0,798.9969172477722,1.479623920829208,3.370624303817749,0.0,1.479623920829208,153.0,86.95699381828308,0.5683463648253796,2.410245656967163,3.2710728801153843,3.839419244940764,45.0,13.004857540130615,0.2889968342251248,1.28828763961792,4.3191126982371015,4.608109532462226,99.9618513584137,198.0,38,39,271,270,541,run1_g12_g12_6,single-objective/run1/g12/g12_6.pdb,265.803,0.433,37.811,1.649,-71.389,-3.113,1188.921,2293.285,1104.364,35.0,-1.995,-1289.147,249.754,-273.218,1.923,30.974,592.444,741.824,0.038,-29.622,-49.499,-15.902,-51.523,5.0,-33.029,269.0,83.0,90.95,-39.709,0.701,2.482,91.744,74.668,174.589,0.657,1.018,39.713,3.779,166.289,0.576,temp_g12_08_0001,single-objective/run1/g12/g12_6.pdb.sc
538.0,796.3443440198898,1.4801939479923603,3.2207815647125244,0.0,1.4801939479923603,149.0,92.05096650123596,0.6177917214848051,2.4274275302886963,3.222302422427491,3.840094143912296,42.0,12.542404651641846,0.2986286821819487,1.28828763961792,4.362338775680179,4.660967457862127,104.59337115287781,191.0,38,39,269,270,539,run1_g12_g12_7,single-objective/run1/g12/g12_7.pdb,250.232,0.879,44.883,1.93,73.181,3.147,1235.489,2325.433,1089.943,27.0,-1.995,-1283.275,247.07,-275.662,1.893,31.409,368.686,747.007,-0.037,-29.622,-48.639,-19.778,-51.523,5.0,-30.893,269.0,83.0,90.94,-24.16,0.691,4.714,261.405,94.895,171.896,0.652,1.076,41.968,7.938,349.277,0.576,temp_g12_15_0001,single-objective/run1/g12/g12_7.pdb.sc
549.0,810.8138526678085,1.476892263511491,3.370624303817749,0.0,1.476892263511491,158.0,92.99772715568542,0.5885932098461103,2.410245656967163,3.226651570464991,3.815244780311102,46.0,13.529475688934326,0.2941190367159636,1.28828763961792,4.266312210456185,4.560431247172148,106.52720284461975,204.0,38,39,280,270,550,run1_g12_g12_8,single-objective/run1/g12/g12_8.pdb,128.358,-0.065,54.804,2.271,-54.017,-2.238,1304.294,2413.55,1109.256,32.0,-1.995,-1307.981,248.709,-276.442,1.991,31.358,452.101,761.148,0.051,-30.764,-49.499,-15.233,-51.523,5.0,-32.327,269.0,83.0,90.996,-37.402,0.723,1.715,91.744,76.737,176.164,0.626,1.204,46.975,2.167,95.334,0.576,temp_g12_03_0001,single-objective/run1/g12/g12_8.pdb.sc
543.0,802.4511116743088,1.4778105187372168,3.2051174640655518,0.0,1.4778105187372168,155.0,87.51902532577515,0.5646388730695171,2.410245656967163,3.270023956606465,3.834662829675982,44.0,12.8367280960083,0.291743820363825,1.28828763961792,4.285490626638586,4.577234447002411,100.35575342178345,199.0,38,39,274,270,544,run1_g12_g12_9,single-objective/run1/g12/g12_9.pdb,116.3,0.371,36.117,1.563,60.821,2.632,1179.621,2310.877,1131.256,27.0,-1.995,-1294.94,252.536,-288.817,1.937,32.24,451.849,759.848,-0.055,-32.107,-49.499,-19.596,-51.523,6.0,-32.512,269.0,83.0,90.95,-40.267,0.719,2.276,91.744,74.441,171.435,0.665,0.996,38.856,3.411,150.071,0.576,temp_g10_09_0001,single-objective/run1/g12/g12_9.pdb.sc
540.0,798.9969172477722,1.479623920829208,3.370624303817749,0.0,1.479623920829208,153.0,86.95699381828308,0.5683463648253796,2.410245656967163,3.2710728801153843,3.839419244940764,45.0,13.004857540130615,0.2889968342251248,1.28828763961792,4.3191126982371015,4.608109532462226,99.9618513584137,198.0,38,39,271,270,541,run1_g13_g13_0,single-objective/run1/g13/g13_0.pdb,265.803,0.433,37.811,1.649,-71.389,-3.113,1188.921,2293.285,1104.364,35.0,-1.995,-1289.147,249.754,-273.218,1.923,30.974,592.444,741.824,0.038,-29.622,-49.499,-15.902,-51.523,5.0,-33.029,269.0,83.0,90.95,-39.709,0.701,2.482,91.744,74.668,174.589,0.657,1.018,39.713,3.779,166.289,0.576,temp_g12_08_0001,single-objective/run1/g13/g13_0.pdb.sc
549.0,810.8138526678085,1.476892263511491,3.370624303817749,0.0,1.476892263511491,158.0,92.99772715568542,0.5885932098461103,2.410245656967163,3.226651570464991,3.815244780311102,46.0,13.529475688934326,0.2941190367159636,1.28828763961792,4.266312210456185,4.560431247172148,106.52720284461975,204.0,38,39,280,270,550,run1_g13_g13_1,single-objective/run1/g13/g13_1.pdb,128.358,-0.065,54.804,2.271,-54.017,-2.238,1304.294,2413.55,1109.256,32.0,-1.995,-1307.981,248.709,-276.442,1.991,31.358,452.101,761.148,0.051,-30.764,-49.499,-15.233,-51.523,5.0,-32.327,269.0,83.0,90.996,-37.402,0.723,1.715,91.744,76.737,176.164,0.626,1.204,46.975,2.167,95.334,0.576,temp_g12_03_0001,single-objective/run1/g13/g13_1.pdb.sc
549.0,810.5543135404587,1.4764195146456442,3.2051174640655518,0.0,1.4764195146456442,154.0,89.10439240932465,0.5785999507099003,2.410245656967163,3.230904276494856,3.8095042272047563,45.0,13.261924743652344,0.29470943874782984,1.28828763961792,4.265105406443278,4.559814845191108,102.36631715297699,199.0,38,39,280,270,550,run1_g13_g13_10,single-objective/run1/g13/g13_10.pdb,34.469,0.051,38.373,1.585,67.628,2.793,1247.171,2421.025,1173.854,32.0,-1.995,-1301.304,253.39,-287.994,1.923,32.544,343.653,766.881,-0.052,-32.107,-48.639,-19.596,-51.523,5.0,-32.465,269.0,83.0,91.052,-34.941,0.745,2.043,108.196,79.422,167.388,0.672,1.012,39.472,2.957,130.102,0.585,temp_g6_07_0001,single-objective/run1/g13/g13_10.pdb.sc
542.0,801.8684322834015,1.4794620521833977,3.2207815647125244,0.0,1.4794620521833977,152.0,90.06173980236053,0.5925114460681614,2.410245656967163,3.22657389311414,3.8190853391823016,42.0,13.01135778427124,0.30979423295883907,1.28828763961792,4.2201198396228605,4.5299140725816995,103.07309758663177,194.0,38,39,273,270,543,run1_g13_g13_11,single-objective/run1/g13/g13_11.pdb,252.34,0.871,42.62,1.804,73.505,3.111,1239.089,2362.418,1123.329,32.0,-1.995,-1294.718,245.387,-272.438,1.901,31.637,379.794,751.07,-0.056,-29.622,-48.639,-17.969,-51.523,6.0,-31.032,269.0,83.0,90.881,-24.951,0.659,4.684,261.405,94.293,168.274,0.647,1.034,40.336,7.919,348.452,0.585,temp_g12_05_0001,single-objective/run1/g13/g13_11.pdb.sc
545.0,805.0886214971542,1.4772268284351453,3.2051174640655518,0.0,1.4772268284351453,153.0,90.10848593711853,0.5889443525301865,2.410245656967163,3.239195856393552,3.8281402089237386,43.0,12.689062595367432,0.2950944789620333,1.28828763961792,4.253998135411462,4.549092614373495,102.79754853248596,196.0,38,39,276,270,546,run1_g13_g13_12,single-objective/run1/g13/g13_12.pdb,-84.558,-0.435,31.649,1.292,61.261,2.501,1285.255,2449.246,1163.991,32.0,-1.995,-1295.36,249.717,-284.859,1.98,32.456,328.106,756.878,-0.076,-32.107,-48.639,-17.969,-51.523,7.0,-31.913,269.0,83.0,93.067,-39.174,0.661,1.151,18.397,65.345,172.452,0.65,0.874,34.081,1.397,61.458,0.585,temp_g8_17_0001,single-objective/run1/g13/g13_12.pdb.sc
545.0,805.0886214971542,1.4772268284351453,3.2051174640655518,0.0,1.4772268284351453,153.0,90.10848593711853,0.5889443525301865,2.410245656967163,3.239195856393552,3.8281402089237386,43.0,12.689062595367432,0.2950944789620333,1.28828763961792,4.253998135411462,4.549092614373495,102.79754853248596,196.0,38,39,276,270,546,run1_g13_g13_13,single-objective/run1/g13/g13_13.pdb,-84.558,-0.435,31.649,1.292,61.261,2.501,1285.255,2449.246,1163.991,32.0,-1.995,-1295.36,249.717,-284.859,1.98,32.456,328.106,756.878,-0.076,-32.107,-48.639,-17.969,-51.523,7.0,-31.913,269.0,83.0,93.067,-39.174,0.661,1.151,18.397,65.345,172.452,0.65,0.874,34.081,1.397,61.458,0.585,temp_g8_17_0001,single-objective/run1/g13/g13_13.pdb.sc
545.0,805.2114119529724,1.4774521320238025,3.370624303817749,0.0,1.4774521320238025,154.0,94.38647973537445,0.6128992190608731,2.4274275302886963,3.218423450922037,3.83132266998291,48.0,13.627733707427979,0.28391111890474957,1.28828763961792,4.318337058027585,4.602248176932335,108.01421344280243,202.0,38,39,276,270,546,run1_g13_g13_14,single-objective/run1/g13/g13_14.pdb,200.634,0.191,54.12,2.246,-55.525,-2.305,1294.424,2409.295,1114.871,35.0,-1.995,-1298.72,244.242,-274.154,1.935,30.846,494.398,750.786,0.049,-30.764,-48.639,-15.233,-51.523,5.0,-31.032,269.0,83.0,91.156,-30.516,0.653,2.461,108.196,82.801,178.266,0.645,1.18,46.024,3.596,158.215,0.585,temp_g13_00_0001,single-objective/run1/g13/g13_14.pdb.sc
538.0,796.3443440198898,1.4801939479923603,3.2207815647125244,0.0,1.4801939479923603,149.0,92.05096650123596,0.6177917214848051,2.4274275302886963,3.222302422427491,3.840094143912296,42.0,12.542404651641846,0.2986286821819487,1.28828763961792,4.362338775680179,4.660967457862127,104.59337115287781,191.0,38,39,269,270,539,run1_g13_g13_15,single-objective/run1/g13/g13_15.pdb,250.232,0.879,44.883,1.93,73.181,3.147,1235.489,2325.433,1089.943,27.0,-1.995,-1283.275,247.07,-275.662,1.893,31.409,368.686,747.007,-0.037,-29.622,-48.639,-19.778,-51.523,5.0,-30.893,269.0,83.0,90.94,-24.16,0.691,4.714,261.405,94.895,171.896,0.652,1.076,41.968,7.938,349.277,0.576,temp_g12_15_0001,single-objective/run1/g13/g13_15.pdb.sc
545.0,805.0886214971542,1.4772268284351453,3.2051174640655518,0.0,1.4772268284351453,153.0,90.10848593711853,0.5889443525301865,2.410245656967163,3.239195856393552,3.8281402089237386,43.0,12.689062595367432,0.2950944789620333,1.28828763961792,4.253998135411462,4.549092614373495,102.79754853248596,196.0,38,39,276,270,546,run1_g13_g13_16,single-objective/run1/g13/g13_16.pdb,-84.558,-0.435,31.649,1.292,61.261,2.501,1285.255,2449.246,1163.991,32.0,-1.995,-1295.36,249.717,-284.859,1.98,32.456,328.106,756.878,-0.076,-32.107,-48.639,-17.969,-51.523,7.0,-31.913,269.0,83.0,93.067,-39.174,0.661,1.151,18.397,65.345,172.452,0.65,0.874,34.081,1.397,61.458,0.585,temp_g8_17_0001,single-objective/run1/g13/g13_16.pdb.sc
549.0,809.8023159503937,1.4750497558294966,3.370624303817749,0.0,1.4750497558294966,158.0,91.04942727088928,0.5762621979170208,2.410245656967163,3.2270322117624404,3.803294409679461,47.0,13.402488708496094,0.2851593342233211,1.28828763961792,4.2777681046343865,4.562927438857708,104.45191597938538,205.0,38,39,280,270,550,run1_g13_g13_17,single-objective/run1/g13/g13_17.pdb,306.173,0.341,83.414,3.449,1.502,0.062,1313.666,2418.727,1105.061,33.0,-1.995,-1310.108,246.378,-274.289,1.928,31.197,617.944,763.113,-2.638,-30.764,-49.499,-14.904,-51.523,6.0,-31.807,269.0,83.0,91.139,-33.392,0.693,3.053,91.744,83.406,177.03,0.633,1.688,65.825,4.263,187.579,0.576,temp_g13_08_0001,single-objective/run1/g13/g13_17.pdb.sc
544.0,804.0418902635574,1.4780181806315393,3.2051174640655518,0.0,1.4780181806315393,156.0,88.62362813949585,0.5681001803813837,2.410245656967163,3.281229697740995,3.849329878122379,46.0,13.276854276657104,0.2886272668838501,1.28828763961792,4.29791141592938,4.58653868281323,101.90048241615295,202.0,38,39,275,270,545,run1_g13_g13_18,single-objective/run1/g13/g13_18.pdb,340.504,1.204,36.123,1.562,64.488,2.789,1174.233,2312.358,1138.125,27.0,-1.995,-1300.18,252.267,-286.785,1.948,32.38,680.812,756.148,-0.052,-32.107,-49.499,-17.202,-51.523,6.0,-33.392,269.0,83.0,90.9,-39.581,0.627,4.214,91.744,75.072,170.922,0.668,0.995,38.797,7.067,310.933,0.576,temp_g13_09_0001,single-objective/run1/g13/g13_18.pdb.sc
548.0,808.6425849199295,1.475625154963375,3.2051174640655518,0.0,1.475625154963375,152.0,89.39172720909119,0.588103468480863,2.410245656967163,3.2127327417072498,3.8008362101881126,43.0,12.838600158691406,0.2985720967137536,1.28828763961792,4.203962947047034,4.502535043760788,102.23032736778259,195.0,38,39,279,270,549,run1_g13_g13_19,single-objective/run1/g13/g13_19.pdb,19.92,-0.02,145.716,5.935,175.675,7.156,1242.554,2455.048,1212.494,33.0,-1.995,-1308.375,253.401,-283.908,1.92,32.247,434.741,770.294,-0.02,-32.107,-48.639,-17.969,-51.523,5.0,-33.236,269.0,83.0,92.515,-39.992,0.695,2.521,18.397,64.211,169.353,0.665,2.408,93.9,2.621,115.334,0.585,temp_g12_19_0001,single-objective/run1/g13/g13_19.pdb.sc
540.0,798.9969172477722,1.479623920829208,3.370624303817749,0.0,1.479623920829208,153.0,86.95699381828308,0.5683463648253796,2.410245656967163,3.2710728801153843,3.839419244940764,45.0,13.004857540130615,0.2889968342251248,1.28828763961792,4.3191126982371015,4.608109532462226,99.9618513584137,198.0,38,39,271,270,541,run1_g13_g13_2,single-objective/run1/g13/g13_2.pdb,265.803,0.433,37.811,1.649,-71.389,-3.113,1188.921,2293.285,1104.364,35.0,-1.995,-1289.147,249.754,-273.218,1.923,30.974,592.444,741.824,0.038,-29.622,-49.499,-15.902,-51.523,5.0,-33.029,269.0,83.0,90.95,-39.709,0.701,2.482,91.744,74.668,174.589,0.657,1.018,39.713,3.779,166.289,0.576,temp_g12_08_0001,single-objective/run1/g13/g13_2.pdb.sc
545.0,805.0886214971542,1.4772268284351453,3.2051174640655518,0.0,1.4772268284351453,153.0,90.10848593711853,0.5889443525301865,2.410245656967163,3.239195856393552,3.8281402089237386,43.0,12.689062595367432,0.2950944789620333,1.28828763961792,4.253998135411462,4.549092614373495,102.79754853248596,196.0,38,39,276,270,546,run1_g13_g13_20,single-objective/run1/g13/g13_20.pdb,-84.558,-0.435,31.649,1.292,61.261,2.501,1285.255,2449.246,1163.991,32.0,-1.995,-1295.36,249.717,-284.859,1.98,32.456,328.106,756.878,-0.076,-32.107,-48.639,-17.969,-51.523,7.0,-31.913,269.0,83.0,93.067,-39.174,0.661,1.151,18.397,65.345,172.452,0.65,0.874,34.081,1.397,61.458,0.585,temp_g8_17_0001,single-objective/run1/g13/g13_20.pdb.sc
549.0,810.8138526678085,1.476892263511491,3.370624303817749,0.0,1.476892263511491,158.0,92.99772715568542,0.5885932098461103,2.410245656967163,3.226651570464991,3.815244780311102,46.0,13.529475688934326,0.2941190367159636,1.28828763961792,4.266312210456185,4.560431247172148,106.52720284461975,204.0,38,39,280,270,550,run1_g13_g13_21,single-objective/run1/g13/g13_21.pdb,128.358,-0.065,54.804,2.271,-54.017,-2.238,1304.294,2413.55,1109.256,32.0,-1.995,-1307.981,248.709,-276.442,1.991,31.358,452.101,761.148,0.051,-30.764,-49.499,-15.233,-51.523,5.0,-32.327,269.0,83.0,90.996,-37.402,0.723,1.715,91.744,76.737,176.164,0.626,1.204,46.975,2.167,95.334,0.576,temp_g12_03_0001,single-objective/run1/g13/g13_21.pdb.sc
547.0,808.5472309589386,1.478148502667164,3.2051174640655518,0.0,1.478148502667164,155.0,93.85580468177795,0.6055213205275997,2.410245656967163,3.225894163500878,3.831415484028478,44.0,12.846365690231323,0.29196285659616644,1.28828763961792,4.238467920910228,4.530430777506395,106.70217037200928,199.0,38,39,278,270,548,run1_g13_g13_22,single-objective/run1/g13/g13_22.pdb,400.436,1.368,108.647,4.405,135.458,5.492,1298.978,2466.33,1167.353,32.0,-1.995,-1304.248,251.684,-285.417,1.946,32.745,816.502,759.745,-0.034,-32.107,-48.639,-17.969,-51.523,7.0,-31.734,269.0,83.0,93.74,-39.555,0.657,5.471,18.397,65.156,173.123,0.653,1.861,72.596,8.67,381.494,0.585,temp_g13_15_0001,single-objective/run1/g13/g13_22.pdb.sc
545.0,805.8886061906815,1.478694690258131,3.2207815647125244,0.0,1.478694690258131,152.0,90.89514458179474,0.5979943722486496,2.410245656967163,3.2363477733574415,3.834342145606091,45.0,13.362159252166748,0.2969368722703722,1.28828763961792,4.28888218137953,4.585819053649902,104.25730383396149,197.0,38,39,276,270,546,run1_g13_g13_23,single-objective/run1/g13/g13_23.pdb,44.932,0.095,37.211,1.542,68.014,2.819,1258.151,2413.08,1154.929,34.0,-1.995,-1293.951,250.062,-275.469,1.92,32.119,341.214,751.88,-0.051,-29.622,-48.639,-19.449,-51.523,5.0,-31.936,269.0,83.0,91.01,-33.3,0.693,2.177,108.196,80.758,173.071,0.665,1.01,39.375,3.211,141.278,0.585,temp_g11_08_0001,single-objective/run1/g13/g13_23.pdb.sc
546.0,807.7653068304062,1.4794236388835278,3.2207815647125244,0.0,1.4794236388835278,151.0,86.78939425945282,0.5747642003937273,2.410245656967163,3.234528897613879,3.8092930980076063,46.0,13.857078075408936,0.3012408277262812,1.28828763961792,4.240895053614741,4.542135881341022,100.64647233486176,197.0,38,39,277,270,547,run1_g13_g13_24,single-objective/run1/g13/g13_24.pdb,43.358,0.08,33.17,1.377,68.808,2.856,1239.418,2409.506,1170.088,36.0,-1.995,-1297.757,251.493,-271.54,1.917,32.098,342.53,750.648,-0.059,-29.622,-48.639,-17.64,-51.523,6.0,-32.656,269.0,83.0,91.052,-33.432,0.693,2.136,108.196,80.454,169.188,0.684,0.96,37.455,3.177,139.8,0.585,temp_g8_06_0001,single-objective/run1/g13/g13_24.pdb.sc
543.0,802.4511116743088,1.4778105187372168,3.2051174640655518,0.0,1.4778105187372168,155.0,87.51902532577515,0.5646388730695171,2.410245656967163,3.270023956606465,3.834662829675982,44.0,12.8367280960083,0.291743820363825,1.28828763961792,4.285490626638586,4.577234447002411,100.35575342178345,199.0,38,39,274,270,544,run1_g13_g13_3,single-objective/run1/g13/g13_3.pdb,116.3,0.371,36.117,1.563,60.821,2.632,1179.621,2310.877,1131.256,27.0,-1.995,-1294.94,252.536,-288.817,1.937,32.24,451.849,759.848,-0.055,-32.107,-49.499,-19.596,-51.523,6.0,-32.512,269.0,83.0,90.95,-40.267,0.719,2.276,91.744,74.441,171.435,0.665,0.996,38.856,3.411,150.071,0.576,temp_g10_09_0001,single-objective/run1/g13/g13_3.pdb.sc
549.0,810.5973831415176,1.4764979656493946,3.370624303817749,0.0,1.4764979656493946,156.0,93.32645618915558,0.5982465140330486,2.410245656967163,3.2069655618606467,3.8052120758936954,46.0,13.587016582489014,0.2953699257062829,1.28828763961792,4.2651022568992945,4.560472182605578,106.91347277164459,202.0,38,39,280,270,550,run1_g13_g13_4,single-objective/run1/g13/g13_4.pdb,199.438,0.187,55.936,2.309,-52.555,-2.17,1267.055,2422.196,1155.14,35.0,-1.995,-1307.551,245.634,-274.873,1.922,31.253,497.093,762.945,0.052,-30.764,-48.639,-15.233,-51.523,5.0,-31.909,269.0,83.0,91.097,-31.724,0.707,2.489,108.196,81.854,173.072,0.631,1.204,46.95,3.628,159.61,0.585,temp_g11_21_0001,single-objective/run1/g13/g13_4.pdb.sc
543.0,802.2022080421448,1.4773521326742998,3.2051174640655518,0.0,1.4773521326742998,152.0,88.05575013160706,0.579314145602678,2.410245656967163,3.2273456705243966,3.8066598161270746,46.0,13.766022205352783,0.2992613522902779,1.28828763961792,4.330648904261381,4.62991025655166,101.82177233695984,198.0,38,39,274,270,544,run1_g13_g13_5,single-objective/run1/g13/g13_5.pdb,26.183,0.033,33.336,1.378,62.79,2.595,1294.154,2419.5,1125.347,35.0,-1.995,-1295.906,249.192,-287.66,1.918,31.747,338.886,756.57,-0.065,-32.107,-48.639,-18.598,-51.523,6.0,-32.047,269.0,83.0,90.823,-34.223,0.673,1.988,108.196,79.198,171.777,0.663,0.961,37.49,2.899,127.547,0.576,temp_g12_16_0001,single-objective/run1/g13/g13_5.pdb.sc
545.0,805.0886214971542,1.4772268284351453,3.2051174640655518,0.0,1.4772268284351453,153.0,90.10848593711853,0.5889443525301865,2.410245656967163,3.239195856393552,3.8281402089237386,43.0,12.689062595367432,0.2950944789620333,1.28828763961792,4.253998135411462,4.549092614373495,102.79754853248596,196.0,38,39,276,270,546,run1_g13_g13_6,single-objective/run1/g13/g13_6.pdb,-84.558,-0.435,31.649,1.292,61.261,2.501,1285.255,2449.246,1163.991,32.0,-1.995,-1295.36,249.717,-284.859,1.98,32.456,328.106,756.878,-0.076,-32.107,-48.639,-17.969,-51.523,7.0,-31.913,269.0,83.0,93.067,-39.174,0.661,1.151,18.397,65.345,172.452,0.65,0.874,34.081,1.397,61.458,0.585,temp_g8_17_0001,single-objective/run1/g13/g13_6.pdb.sc
549.0,809.6440390348434,1.4747614554368733,3.1151397228240967,0.0,1.4747614554368733,154.0,89.73800146579742,0.5827142952324508,2.410245656967163,3.2018452565391344,3.784559551771585,46.0,13.14380693435669,0.2857349333555802,1.28828763961792,4.295421833577364,4.581156766932944,102.88180840015411,200.0,38,39,280,270,550,run1_g13_g13_7,single-objective/run1/g13/g13_7.pdb,448.967,1.461,38.4,1.588,60.661,2.509,1279.249,2418.202,1138.953,36.0,-1.995,-1307.223,253.588,-287.54,1.932,31.934,566.992,764.539,-0.067,-32.107,-48.639,-18.598,-51.523,6.0,-31.474,269.0,83.0,91.245,-29.568,0.677,6.583,279.114,100.409,167.296,0.666,1.021,39.827,11.512,506.522,0.585,temp_g12_06_0001,single-objective/run1/g13/g13_7.pdb.sc
550.0,809.849293589592,1.4724532610719854,3.075467348098755,0.0,1.4724532610719854,151.0,91.5145765542984,0.6060567983728371,2.410245656967163,3.20046048843308,3.806517286805917,45.0,13.303048133850098,0.2956232918633355,1.28828763961792,4.222804911931356,4.5184282037946915,104.8176246881485,196.0,38,39,281,270,551,run1_g13_g13_8,single-objective/run1/g13/g13_8.pdb,32.793,-0.006,125.815,5.055,165.122,6.635,1315.319,2488.796,1173.477,37.0,-1.995,-1307.105,252.296,-282.006,2.095,32.921,433.496,765.4,-0.025,-32.107,-48.639,-16.971,-51.523,6.0,-30.914,269.0,83.0,92.838,-36.265,0.67,2.537,18.397,68.223,174.069,0.641,2.128,82.989,2.899,127.563,0.585,temp_g13_10_0001,single-objective/run1/g13/g13_8.pdb.sc
537.0,794.8490997552872,1.480165921332006,3.2207815647125244,0.0,1.480165921332006,148.0,88.71500134468079,0.5994256847613567,2.410245656967163,3.2256736932574093,3.825099378018766,42.0,12.457927942276001,0.2966173319589524,1.28828763961792,4.199002379462833,4.495619711421785,101.17292928695679,190.0,38,39,268,270,538,run1_g13_g13_9,single-objective/run1/g13/g13_9.pdb,205.35,0.648,112.037,4.726,146.534,6.182,1265.268,2370.475,1105.207,37.0,-1.995,-1287.78,242.354,-269.765,1.905,31.232,439.782,741.583,-0.037,-29.622,-48.639,-17.969,-51.523,7.0,-30.584,269.0,83.0,92.851,-31.608,0.697,4.667,171.606,77.31,175.628,0.637,1.906,74.316,7.115,313.071,0.585,temp_g13_17_0001,single-objective/run1/g13/g13_9.pdb.sc
540.0,798.9969172477722,1.479623920829208,3.370624303817749,0.0,1.479623920829208,153.0,86.95699381828308,0.5683463648253796,2.410245656967163,3.2710728801153843,3.839419244940764,45.0,13.004857540130615,0.2889968342251248,1.28828763961792,4.3191126982371015,4.608109532462226,99.9618513584137,198.0,38,39,271,270,541,run1_g14_g14_0,single-objective/run1/g14/g14_0.pdb,265.803,0.433,37.811,1.649,-71.389,-3.113,1188.921,2293.285,1104.364,35.0,-1.995,-1289.147,249.754,-273.218,1.923,30.974,592.444,741.824,0.038,-29.622,-49.499,-15.902,-51.523,5.0,-33.029,269.0,83.0,90.95,-39.709,0.701,2.482,91.744,74.668,174.589,0.657,1.018,39.713,3.779,166.289,0.576,temp_g12_08_0001,single-objective/run1/g14/g14_0.pdb.sc
540.0,798.9969172477722,1.479623920829208,3.370624303817749,0.0,1.479623920829208,153.0,86.95699381828308,0.5683463648253796,2.410245656967163,3.2710728801153843,3.839419244940764,45.0,13.004857540130615,0.2889968342251248,1.28828763961792,4.3191126982371015,4.608109532462226,99.9618513584137,198.0,38,39,271,270,541,run1_g14_g14_1,single-objective/run1/g14/g14_1.pdb,265.803,0.433,37.811,1.649,-71.389,-3.113,1188.921,2293.285,1104.364,35.0,-1.995,-1289.147,249.754,-273.218,1.923,30.974,592.444,741.824,0.038,-29.622,-49.499,-15.902,-51.523,5.0,-33.029,269.0,83.0,90.95,-39.709,0.701,2.482,91.744,74.668,174.589,0.657,1.018,39.713,3.779,166.289,0.576,temp_g12_08_0001,single-objective/run1/g14/g14_1.pdb.sc
541.0,799.8275537490845,1.4784243137691024,3.370624303817749,0.0,1.4784243137691024,149.0,88.93021047115326,0.5968470501419681,2.4274275302886963,3.223937912275327,3.8207849624172954,48.0,13.572790622711182,0.28276647130648297,1.28828763961792,4.340090895692508,4.62285736699899,102.50300109386444,197.0,38,39,272,270,542,run1_g14_g14_10,single-objective/run1/g14/g14_10.pdb,187.295,0.141,45.875,1.921,-66.175,-2.772,1287.973,2387.587,1099.613,36.0,-1.995,-1288.533,242.099,-274.622,1.921,30.358,483.015,745.561,0.041,-30.764,-48.639,-14.904,-51.523,5.0,-30.512,269.0,83.0,91.11,-32.527,0.693,2.296,108.196,80.54,177.929,0.65,1.106,43.139,3.35,147.389,0.585,temp_g14_14_0001,single-objective/run1/g14/g14_10.pdb.sc
545.0,805.2114119529724,1.4774521320238025,3.370624303817749,0.0,1.4774521320238025,154.0,94.38647973537445,0.6128992190608731,2.4274275302886963,3.218423450922037,3.83132266998291,48.0,13.627733707427979,0.28391111890474957,1.28828763961792,4.318337058027585,4.602248176932335,108.01421344280243,202.0,38,39,276,270,546,run1_g14_g14_11,single-objective/run1/g14/g14_11.pdb,200.634,0.191,54.12,2.246,-55.525,-2.305,1294.424,2409.295,1114.871,35.0,-1.995,-1298.72,244.242,-274.154,1.935,30.846,494.398,750.786,0.049,-30.764,-48.639,-15.233,-51.523,5.0,-31.032,269.0,83.0,91.156,-30.516,0.653,2.461,108.196,82.801,178.266,0.645,1.18,46.024,3.596,158.215,0.585,temp_g13_00_0001,single-objective/run1/g14/g14_11.pdb.sc
553.0,815.3721396923065,1.474452332174153,3.2051174640655518,0.0,1.474452332174153,152.0,90.79575753211975,0.5973405100797352,2.410245656967163,3.181462485539286,3.7788029956190208,44.0,13.218948364257812,0.300430644642223,1.28828763961792,4.15706030888991,4.457490953532132,104.01470589637756,196.0,38,39,284,270,554,run1_g14_g14_12,single-objective/run1/g14/g14_12.pdb,341.223,1.152,350.951,14.148,444.419,17.916,1306.48,2480.526,1174.046,36.0,-1.995,-1323.085,252.87,-284.178,1.979,32.005,767.242,766.773,-0.008,-32.107,-48.639,-16.231,-51.523,5.0,-33.833,269.0,83.0,92.428,-38.747,0.711,6.325,18.397,64.776,174.505,0.647,5.049,196.895,7.456,328.066,0.585,temp_g14_19_0001,single-objective/run1/g14/g14_12.pdb.sc
543.0,802.4511116743088,1.4778105187372168,3.2051174640655518,0.0,1.4778105187372168,155.0,87.51902532577515,0.5646388730695171,2.410245656967163,3.270023956606465,3.834662829675982,44.0,12.8367280960083,0.291743820363825,1.28828763961792,4.285490626638586,4.577234447002411,100.35575342178345,199.0,38,39,274,270,544,run1_g14_g14_13,single-objective/run1/g14/g14_13.pdb,116.3,0.371,36.117,1.563,60.821,2.632,1179.621,2310.877,1131.256,27.0,-1.995,-1294.94,252.536,-288.817,1.937,32.24,451.849,759.848,-0.055,-32.107,-49.499,-19.596,-51.523,6.0,-32.512,269.0,83.0,90.95,-40.267,0.719,2.276,91.744,74.441,171.435,0.665,0.996,38.856,3.411,150.071,0.576,temp_g10_09_0001,single-objective/run1/g14/g14_13.pdb.sc
545.0,805.0886214971542,1.4772268284351453,3.2051174640655518,0.0,1.4772268284351453,153.0,90.10848593711853,0.5889443525301865,2.410245656967163,3.239195856393552,3.8281402089237386,43.0,12.689062595367432,0.2950944789620333,1.28828763961792,4.253998135411462,4.549092614373495,102.79754853248596,196.0,38,39,276,270,546,run1_g14_g14_14,single-objective/run1/g14/g14_14.pdb,-84.558,-0.435,31.649,1.292,61.261,2.501,1285.255,2449.246,1163.991,32.0,-1.995,-1295.36,249.717,-284.859,1.98,32.456,328.106,756.878,-0.076,-32.107,-48.639,-17.969,-51.523,7.0,-31.913,269.0,83.0,93.067,-39.174,0.661,1.151,18.397,65.345,172.452,0.65,0.874,34.081,1.397,61.458,0.585,temp_g8_17_0001,single-objective/run1/g14/g14_14.pdb.sc
541.0,798.3917399644852,1.4757703141672553,3.370624303817749,0.0,1.4757703141672553,156.0,87.97987389564514,0.5639735506131098,2.410245656967163,3.2384182474552055,3.8023917980683155,47.0,13.325925350189209,0.2835303265997704,1.28828763961792,4.2793971122579375,4.562927438857708,101.30579924583435,203.0,38,39,272,270,542,run1_g14_g14_15,single-objective/run1/g14/g14_15.pdb,303.271,0.331,83.747,3.564,-1.88,-0.08,1313.25,2350.014,1036.764,32.0,-1.995,-1301.236,242.159,-272.782,1.903,30.556,612.085,755.95,1.704,-30.764,-49.499,-14.904,-51.523,6.0,-30.923,269.0,83.0,91.139,-32.11,0.744,3.01,91.744,84.274,178.622,0.637,1.693,66.014,4.177,183.807,0.576,temp_g14_17_0001,single-objective/run1/g14/g14_15.pdb.sc
540.0,798.9969172477722,1.479623920829208,3.370624303817749,0.0,1.479623920829208,153.0,86.95699381828308,0.5683463648253796,2.410245656967163,3.2710728801153843,3.839419244940764,45.0,13.004857540130615,0.2889968342251248,1.28828763961792,4.3191126982371015,4.608109532462226,99.9618513584137,198.0,38,39,271,270,541,run1_g14_g14_16,single-objective/run1/g14/g14_16.pdb,265.803,0.433,37.811,1.649,-71.389,-3.113,1188.921,2293.285,1104.364,35.0,-1.995,-1289.147,249.754,-273.218,1.923,30.974,592.444,741.824,0.038,-29.622,-49.499,-15.902,-51.523,5.0,-33.029,269.0,83.0,90.95,-39.709,0.701,2.482,91.744,74.668,174.589,0.657,1.018,39.713,3.779,166.289,0.576,temp_g12_08_0001,single-objective/run1/g14/g14_16.pdb.sc
549.0,810.8138526678085,1.476892263511491,3.370624303817749,0.0,1.476892263511491,158.0,92.99772715568542,0.5885932098461103,2.410245656967163,3.226651570464991,3.815244780311102,46.0,13.529475688934326,0.2941190367159636,1.28828763961792,4.266312210456185,4.560431247172148,106.52720284461975,204.0,38,39,280,270,550,run1_g14_g14_17,single-objective/run1/g14/g14_17.pdb,128.358,-0.065,54.804,2.271,-54.017,-2.238,1304.294,2413.55,1109.256,32.0,-1.995,-1307.981,248.709,-276.442,1.991,31.358,452.101,761.148,0.051,-30.764,-49.499,-15.233,-51.523,5.0,-32.327,269.0,83.0,90.996,-37.402,0.723,1.715,91.744,76.737,176.164,0.626,1.204,46.975,2.167,95.334,0.576,temp_g12_03_0001,single-objective/run1/g14/g14_17.pdb.sc
549.0,809.8023159503937,1.4750497558294966,3.370624303817749,0.0,1.4750497558294966,158.0,91.04942727088928,0.5762621979170208,2.410245656967163,3.2270322117624404,3.803294409679461,47.0,13.402488708496094,0.2851593342233211,1.28828763961792,4.2777681046343865,4.562927438857708,104.45191597938538,205.0,38,39,280,270,550,run1_g14_g14_18,single-objective/run1/g14/g14_18.pdb,306.173,0.341,83.414,3.449,1.502,0.062,1313.666,2418.727,1105.061,33.0,-1.995,-1310.108,246.378,-274.289,1.928,31.197,617.944,763.113,-2.638,-30.764,-49.499,-14.904,-51.523,6.0,-31.807,269.0,83.0,91.139,-33.392,0.693,3.053,91.744,83.406,177.03,0.633,1.688,65.825,4.263,187.579,0.576,temp_g13_08_0001,single-objective/run1/g14/g14_18.pdb.sc
545.0,805.0886214971542,1.4772268284351453,3.2051174640655518,0.0,1.4772268284351453,153.0,90.10848593711853,0.5889443525301865,2.410245656967163,3.239195856393552,3.8281402089237386,43.0,12.689062595367432,0.2950944789620333,1.28828763961792,4.253998135411462,4.549092614373495,102.79754853248596,196.0,38,39,276,270,546,run1_g14_g14_19,single-objective/run1/g14/g14_19.pdb,-84.558,-0.435,31.649,1.292,61.261,2.501,1285.255,2449.246,1163.991,32.0,-1.995,-1295.36,249.717,-284.859,1.98,32.456,328.106,756.878,-0.076,-32.107,-48.639,-17.969,-51.523,7.0,-31.913,269.0,83.0,93.067,-39.174,0.661,1.151,18.397,65.345,172.452,0.65,0.874,34.081,1.397,61.458,0.585,temp_g8_17_0001,single-objective/run1/g14/g14_19.pdb.sc
545.0,805.8886061906815,1.478694690258131,3.2207815647125244,0.0,1.478694690258131,152.0,90.89514458179474,0.5979943722486496,2.410245656967163,3.2363477733574415,3.834342145606091,45.0,13.362159252166748,0.2969368722703722,1.28828763961792,4.28888218137953,4.585819053649902,104.25730383396149,197.0,38,39,276,270,546,run1_g14_g14_2,single-objective/run1/g14/g14_2.pdb,44.932,0.095,37.211,1.542,68.014,2.819,1258.151,2413.08,1154.929,34.0,-1.995,-1293.951,250.062,-275.469,1.92,32.119,341.214,751.88,-0.051,-29.622,-48.639,-19.449,-51.523,5.0,-31.936,269.0,83.0,91.01,-33.3,0.693,2.177,108.196,80.758,173.071,0.665,1.01,39.375,3.211,141.278,0.585,temp_g11_08_0001,single-objective/run1/g14/g14_2.pdb.sc
544.0,804.7400124073029,1.4793014933957773,3.2207815647125244,0.0,1.4793014933957773,151.0,86.73380100727081,0.5743960331607338,2.410245656967163,3.235411276880479,3.809807310041213,45.0,13.475598812103271,0.2994577513800727,1.28828763961792,4.306292910046047,4.6057506614261206,100.20939981937408,196.0,38,39,275,270,545,run1_g14_g14_20,single-objective/run1/g14/g14_20.pdb,38.644,0.079,33.073,1.401,66.309,2.81,1210.117,2360.103,1149.986,35.0,-1.995,-1291.45,252.634,-273.548,1.887,32.567,329.624,756.449,-0.05,-29.622,-48.639,-17.64,-51.523,6.0,-33.128,269.0,83.0,91.001,-33.766,0.645,2.128,108.196,80.206,166.814,0.668,0.949,37.029,3.172,139.567,0.576,temp_g14_24_0001,single-objective/run1/g14/g14_20.pdb.sc
540.0,798.9969172477722,1.479623920829208,3.370624303817749,0.0,1.479623920829208,153.0,86.95699381828308,0.5683463648253796,2.410245656967163,3.2710728801153843,3.839419244940764,45.0,13.004857540130615,0.2889968342251248,1.28828763961792,4.3191126982371015,4.608109532462226,99.9618513584137,198.0,38,39,271,270,541,run1_g14_g14_21,single-objective/run1/g14/g14_21.pdb,265.803,0.433,37.811,1.649,-71.389,-3.113,1188.921,2293.285,1104.364,35.0,-1.995,-1289.147,249.754,-273.218,1.923,30.974,592.444,741.824,0.038,-29.622,-49.499,-15.902,-51.523,5.0,-33.029,269.0,83.0,90.95,-39.709,0.701,2.482,91.744,74.668,174.589,0.657,1.018,39.713,3.779,166.289,0.576,temp_g12_08_0001,single-objective/run1/g14/g14_21.pdb.sc
549.0,810.5973831415176,1.4764979656493946,3.370624303817749,0.0,1.4764979656493946,156.0,93.32645618915558,0.5982465140330486,2.410245656967163,3.2069655618606467,3.8052120758936954,46.0,13.587016582489014,0.2953699257062829,1.28828763961792,4.2651022568992945,4.560472182605578,106.91347277164459,202.0,38,39,280,270,550,run1_g14_g14_22,single-objective/run1/g14/g14_22.pdb,199.438,0.187,55.936,2.309,-52.555,-2.17,1267.055,2422.196,1155.14,35.0,-1.995,-1307.551,245.634,-274.873,1.922,31.253,497.093,762.945,0.052,-30.764,-48.639,-15.233,-51.523,5.0,-31.909,269.0,83.0,91.097,-31.724,0.707,2.489,108.196,81.854,173.072,0.631,1.204,46.95,3.628,159.61,0.585,temp_g11_21_0001,single-objective/run1/g14/g14_22.pdb.sc
545.0,805.0886214971542,1.4772268284351453,3.2051174640655518,0.0,1.4772268284351453,153.0,90.10848593711853,0.5889443525301865,2.410245656967163,3.239195856393552,3.8281402089237386,43.0,12.689062595367432,0.2950944789620333,1.28828763961792,4.253998135411462,4.549092614373495,102.79754853248596,196.0,38,39,276,270,546,run1_g14_g14_23,single-objective/run1/g14/g14_23.pdb,-84.558,-0.435,31.649,1.292,61.261,2.501,1285.255,2449.246,1163.991,32.0,-1.995,-1295.36,249.717,-284.859,1.98,32.456,328.106,756.878,-0.076,-32.107,-48.639,-17.969,-51.523,7.0,-31.913,269.0,83.0,93.067,-39.174,0.661,1.151,18.397,65.345,172.452,0.65,0.874,34.081,1.397,61.458,0.585,temp_g8_17_0001,single-objective/run1/g14/g14_23.pdb.sc
543.0,802.2022080421448,1.4773521326742998,3.2051174640655518,0.0,1.4773521326742998,152.0,88.05575013160706,0.579314145602678,2.410245656967163,3.2273456705243966,3.8066598161270746,46.0,13.766022205352783,0.2992613522902779,1.28828763961792,4.330648904261381,4.62991025655166,101.82177233695984,198.0,38,39,274,270,544,run1_g14_g14_24,single-objective/run1/g14/g14_24.pdb,26.183,0.033,33.336,1.378,62.79,2.595,1294.154,2419.5,1125.347,35.0,-1.995,-1295.906,249.192,-287.66,1.918,31.747,338.886,756.57,-0.065,-32.107,-48.639,-18.598,-51.523,6.0,-32.047,269.0,83.0,90.823,-34.223,0.673,1.988,108.196,79.198,171.777,0.663,0.961,37.49,2.899,127.547,0.576,temp_g12_16_0001,single-objective/run1/g14/g14_24.pdb.sc
549.0,810.8138526678085,1.476892263511491,3.370624303817749,0.0,1.476892263511491,158.0,92.99772715568542,0.5885932098461103,2.410245656967163,3.226651570464991,3.815244780311102,46.0,13.529475688934326,0.2941190367159636,1.28828763961792,4.266312210456185,4.560431247172148,106.52720284461975,204.0,38,39,280,270,550,run1_g14_g14_3,single-objective/run1/g14/g14_3.pdb,128.358,-0.065,54.804,2.271,-54.017,-2.238,1304.294,2413.55,1109.256,32.0,-1.995,-1307.981,248.709,-276.442,1.991,31.358,452.101,761.148,0.051,-30.764,-49.499,-15.233,-51.523,5.0,-32.327,269.0,83.0,90.996,-37.402,0.723,1.715,91.744,76.737,176.164,0.626,1.204,46.975,2.167,95.334,0.576,temp_g12_03_0001,single-objective/run1/g14/g14_3.pdb.sc
542.0,801.8684322834015,1.4794620521833977,3.2207815647125244,0.0,1.4794620521833977,152.0,90.06173980236053,0.5925114460681614,2.410245656967163,3.22657389311414,3.8190853391823016,42.0,13.01135778427124,0.30979423295883907,1.28828763961792,4.2201198396228605,4.5299140725816995,103.07309758663177,194.0,38,39,273,270,543,run1_g14_g14_4,single-objective/run1/g14/g14_4.pdb,252.34,0.871,42.62,1.804,73.505,3.111,1239.089,2362.418,1123.329,32.0,-1.995,-1294.718,245.387,-272.438,1.901,31.637,379.794,751.07,-0.056,-29.622,-48.639,-17.969,-51.523,6.0,-31.032,269.0,83.0,90.881,-24.951,0.659,4.684,261.405,94.293,168.274,0.647,1.034,40.336,7.919,348.452,0.585,temp_g12_05_0001,single-objective/run1/g14/g14_4.pdb.sc
545.0,805.0010521411896,1.4770661507177791,3.2051174640655518,0.0,1.4770661507177791,153.0,90.89763045310974,0.5941021598242466,2.410245656967163,3.2431334825902205,3.837235642414467,43.0,12.5908362865448,0.29281014619871626,1.28828763961792,4.255891129027965,4.548701275226682,103.48846673965454,196.0,38,39,276,270,546,run1_g14_g14_5,single-objective/run1/g14/g14_5.pdb,126.958,0.353,31.7,1.294,61.318,2.504,1285.255,2449.246,1163.991,32.0,-1.995,-1295.678,248.697,-285.977,1.936,32.471,541.263,757.336,-0.076,-32.107,-48.639,-16.971,-51.523,7.0,-31.874,269.0,83.0,93.017,-38.86,0.68,2.911,18.397,65.876,171.004,0.65,0.875,34.107,4.716,207.497,0.585,temp_g14_12_0001,single-objective/run1/g14/g14_5.pdb.sc
539.0,795.200560092926,1.4753257144581189,3.1109073162078857,0.0,1.4753257144581189,149.0,85.11746883392334,0.5712581800934452,2.410245656967163,3.2308159530562843,3.8020741331497296,43.0,12.573799133300781,0.2924139333325763,1.28828763961792,4.315203805302465,4.607617738635041,97.69126796722412,192.0,38,39,270,270,540,run1_g14_g14_6,single-objective/run1/g14/g14_6.pdb,245.543,0.714,39.604,1.74,63.85,2.805,1157.853,2275.93,1118.078,31.0,-1.995,-1290.583,251.156,-283.213,1.885,31.689,522.322,758.303,-0.064,-32.107,-48.639,-17.64,-51.523,6.0,-32.837,269.0,83.0,91.469,-34.991,0.728,4.194,125.905,90.8,164.968,0.673,1.052,41.026,6.979,307.095,0.576,temp_g14_03_0001,single-objective/run1/g14/g14_6.pdb.sc
545.0,805.0886214971542,1.4772268284351453,3.2051174640655518,0.0,1.4772268284351453,153.0,90.10848593711853,0.5889443525301865,2.410245656967163,3.239195856393552,3.8281402089237386,43.0,12.689062595367432,0.2950944789620333,1.28828763961792,4.253998135411462,4.549092614373495,102.79754853248596,196.0,38,39,276,270,546,run1_g14_g14_7,single-objective/run1/g14/g14_7.pdb,-84.558,-0.435,31.649,1.292,61.261,2.501,1285.255,2449.246,1163.991,32.0,-1.995,-1295.36,249.717,-284.859,1.98,32.456,328.106,756.878,-0.076,-32.107,-48.639,-17.969,-51.523,7.0,-31.913,269.0,83.0,93.067,-39.174,0.661,1.151,18.397,65.345,172.452,0.65,0.874,34.081,1.397,61.458,0.585,temp_g8_17_0001,single-objective/run1/g14/g14_7.pdb.sc
550.0,809.849293589592,1.4724532610719854,3.075467348098755,0.0,1.4724532610719854,151.0,91.5145765542984,0.6060567983728371,2.410245656967163,3.20046048843308,3.806517286805917,45.0,13.303048133850098,0.2956232918633355,1.28828763961792,4.222804911931356,4.5184282037946915,104.8176246881485,196.0,38,39,281,270,551,run1_g14_g14_8,single-objective/run1/g14/g14_8.pdb,32.793,-0.006,125.815,5.055,165.122,6.635,1315.319,2488.796,1173.477,37.0,-1.995,-1307.105,252.296,-282.006,2.095,32.921,433.496,765.4,-0.025,-32.107,-48.639,-16.971,-51.523,6.0,-30.914,269.0,83.0,92.838,-36.265,0.67,2.537,18.397,68.223,174.069,0.641,2.128,82.989,2.899,127.563,0.585,temp_g13_10_0001,single-objective/run1/g14/g14_8.pdb.sc
545.0,805.0886214971542,1.4772268284351453,3.2051174640655518,0.0,1.4772268284351453,153.0,90.10848593711853,0.5889443525301865,2.410245656967163,3.239195856393552,3.8281402089237386,43.0,12.689062595367432,0.2950944789620333,1.28828763961792,4.253998135411462,4.549092614373495,102.79754853248596,196.0,38,39,276,270,546,run1_g14_g14_9,single-objective/run1/g14/g14_9.pdb,-84.558,-0.435,31.649,1.292,61.261,2.501,1285.255,2449.246,1163.991,32.0,-1.995,-1295.36,249.717,-284.859,1.98,32.456,328.106,756.878,-0.076,-32.107,-48.639,-17.969,-51.523,7.0,-31.913,269.0,83.0,93.067,-39.174,0.661,1.151,18.397,65.345,172.452,0.65,0.874,34.081,1.397,61.458,0.585,temp_g8_17_0001,single-objective/run1/g14/g14_9.pdb.sc
540.0,798.9969172477722,1.479623920829208,3.370624303817749,0.0,1.479623920829208,153.0,86.95699381828308,0.5683463648253796,2.410245656967163,3.2710728801153843,3.839419244940764,45.0,13.004857540130615,0.2889968342251248,1.28828763961792,4.3191126982371015,4.608109532462226,99.9618513584137,198.0,38,39,271,270,541,run1_g15_g15_0,single-objective/run1/g15/g15_0.pdb,265.803,0.433,37.811,1.649,-71.389,-3.113,1188.921,2293.285,1104.364,35.0,-1.995,-1289.147,249.754,-273.218,1.923,30.974,592.444,741.824,0.038,-29.622,-49.499,-15.902,-51.523,5.0,-33.029,269.0,83.0,90.95,-39.709,0.701,2.482,91.744,74.668,174.589,0.657,1.018,39.713,3.779,166.289,0.576,temp_g12_08_0001,single-objective/run1/g15/g15_0.pdb.sc
540.0,798.9969172477722,1.479623920829208,3.370624303817749,0.0,1.479623920829208,153.0,86.95699381828308,0.5683463648253796,2.410245656967163,3.2710728801153843,3.839419244940764,45.0,13.004857540130615,0.2889968342251248,1.28828763961792,4.3191126982371015,4.608109532462226,99.9618513584137,198.0,38,39,271,270,541,run1_g15_g15_1,single-objective/run1/g15/g15_1.pdb,265.803,0.433,37.811,1.649,-71.389,-3.113,1188.921,2293.285,1104.364,35.0,-1.995,-1289.147,249.754,-273.218,1.923,30.974,592.444,741.824,0.038,-29.622,-49.499,-15.902,-51.523,5.0,-33.029,269.0,83.0,90.95,-39.709,0.701,2.482,91.744,74.668,174.589,0.657,1.018,39.713,3.779,166.289,0.576,temp_g12_08_0001,single-objective/run1/g15/g15_1.pdb.sc
548.0,808.5202662944794,1.4754019457928456,3.2051174640655518,0.0,1.4754019457928456,153.0,89.48893904685974,0.5848950264500636,2.410245656967163,3.234016167572121,3.818911194022185,42.0,11.808260679244995,0.2811490637915475,1.28828763961792,4.221355404172625,4.502504467964172,101.29719972610474,195.0,38,39,279,270,549,run1_g15_g15_10,single-objective/run1/g15/g15_10.pdb,440.013,1.069,37.795,1.546,65.981,2.699,1289.243,2444.58,1155.337,27.0,-1.995,-1305.779,249.229,-284.914,1.945,32.494,703.668,764.498,-0.082,-32.107,-49.499,-16.971,-51.523,7.0,-30.947,269.0,83.0,92.884,-34.691,0.689,5.284,155.155,76.626,171.358,0.651,0.919,35.852,9.153,402.724,0.585,temp_g15_05_0001,single-objective/run1/g15/g15_10.pdb.sc
545.0,805.4886839389801,1.4779608879614314,3.370624303817749,0.0,1.4779608879614314,154.0,89.78304672241211,0.5830067968987799,2.410245656967163,3.230739489778296,3.8137462866770755,44.0,12.938065528869629,0.2940469438379461,1.28828763961792,4.283369486982172,4.577416430820119,102.72111225128174,198.0,38,39,276,270,546,run1_g15_g15_11,single-objective/run1/g15/g15_11.pdb,976.926,1.871,375.876,16.279,301.484,13.057,1198.118,2308.935,1110.816,36.0,-1.995,-1297.691,250.237,-274.433,1.927,31.102,1305.166,746.85,-0.01,-29.622,-49.499,-14.904,-51.523,4.0,-33.25,269.0,86.0,90.939,-38.97,0.707,6.918,91.744,75.204,175.067,0.638,5.02,210.841,8.729,384.075,0.576,temp_g15_01_0001,single-objective/run1/g15/g15_11.pdb.sc
545.0,805.0886214971542,1.4772268284351453,3.2051174640655518,0.0,1.4772268284351453,153.0,90.10848593711853,0.5889443525301865,2.410245656967163,3.239195856393552,3.8281402089237386,43.0,12.689062595367432,0.2950944789620333,1.28828763961792,4.253998135411462,4.549092614373495,102.79754853248596,196.0,38,39,276,270,546,run1_g15_g15_12,single-objective/run1/g15/g15_12.pdb,-84.558,-0.435,31.649,1.292,61.261,2.501,1285.255,2449.246,1163.991,32.0,-1.995,-1295.36,249.717,-284.859,1.98,32.456,328.106,756.878,-0.076,-32.107,-48.639,-17.969,-51.523,7.0,-31.913,269.0,83.0,93.067,-39.174,0.661,1.151,18.397,65.345,172.452,0.65,0.874,34.081,1.397,61.458,0.585,temp_g8_17_0001,single-objective/run1/g15/g15_12.pdb.sc
540.0,798.9694010019302,1.4795729648183893,3.370624303817749,0.0,1.4795729648183893,146.0,87.45269119739532,0.5989910355985981,2.4274275302886963,3.2240221116640795,3.8230131472626776,47.0,12.948953628540039,0.27550965167106467,1.28828763961792,4.335499043160296,4.611008694831361,100.40164482593536,193.0,38,39,271,270,541,run1_g15_g15_13,single-objective/run1/g15/g15_13.pdb,179.007,0.109,39.061,1.638,-69.454,-2.912,1311.243,2385.185,1073.942,38.0,-1.995,-1283.566,238.023,-272.714,1.907,30.235,482.823,733.123,0.05,-30.764,-48.624,-14.904,-51.523,5.0,-30.354,269.0,83.0,91.11,-32.434,0.676,2.219,108.196,80.35,179.533,0.659,1.019,39.736,3.282,144.403,0.585,temp_g15_10_0001,single-objective/run1/g15/g15_13.pdb.sc
549.0,810.8138526678085,1.476892263511491,3.370624303817749,0.0,1.476892263511491,158.0,92.99772715568542,0.5885932098461103,2.410245656967163,3.226651570464991,3.815244780311102,46.0,13.529475688934326,0.2941190367159636,1.28828763961792,4.266312210456185,4.560431247172148,106.52720284461975,204.0,38,39,280,270,550,run1_g15_g15_14,single-objective/run1/g15/g15_14.pdb,128.358,-0.065,54.804,2.271,-54.017,-2.238,1304.294,2413.55,1109.256,32.0,-1.995,-1307.981,248.709,-276.442,1.991,31.358,452.101,761.148,0.051,-30.764,-49.499,-15.233,-51.523,5.0,-32.327,269.0,83.0,90.996,-37.402,0.723,1.715,91.744,76.737,176.164,0.626,1.204,46.975,2.167,95.334,0.576,temp_g12_03_0001,single-objective/run1/g15/g15_14.pdb.sc
545.0,805.2114119529724,1.4774521320238025,3.370624303817749,0.0,1.4774521320238025,154.0,94.38647973537445,0.6128992190608731,2.4274275302886963,3.218423450922037,3.83132266998291,48.0,13.627733707427979,0.28391111890474957,1.28828763961792,4.318337058027585,4.602248176932335,108.01421344280243,202.0,38,39,276,270,546,run1_g15_g15_15,single-objective/run1/g15/g15_15.pdb,200.634,0.191,54.12,2.246,-55.525,-2.305,1294.424,2409.295,1114.871,35.0,-1.995,-1298.72,244.242,-274.154,1.935,30.846,494.398,750.786,0.049,-30.764,-48.639,-15.233,-51.523,5.0,-31.032,269.0,83.0,91.156,-30.516,0.653,2.461,108.196,82.801,178.266,0.645,1.18,46.024,3.596,158.215,0.585,temp_g13_00_0001,single-objective/run1/g15/g15_15.pdb.sc
541.0,798.3917399644852,1.4757703141672553,3.370624303817749,0.0,1.4757703141672553,156.0,87.97987389564514,0.5639735506131098,2.410245656967163,3.2384182474552055,3.8023917980683155,47.0,13.325925350189209,0.2835303265997704,1.28828763961792,4.2793971122579375,4.562927438857708,101.30579924583435,203.0,38,39,272,270,542,run1_g15_g15_16,single-objective/run1/g15/g15_16.pdb,303.271,0.331,83.747,3.564,-1.88,-0.08,1313.25,2350.014,1036.764,32.0,-1.995,-1301.236,242.159,-272.782,1.903,30.556,612.085,755.95,1.704,-30.764,-49.499,-14.904,-51.523,6.0,-30.923,269.0,83.0,91.139,-32.11,0.744,3.01,91.744,84.274,178.622,0.637,1.693,66.014,4.177,183.807,0.576,temp_g14_17_0001,single-objective/run1/g15/g15_16.pdb.sc
540.0,798.9969172477722,1.479623920829208,3.370624303817749,0.0,1.479623920829208,153.0,86.95699381828308,0.5683463648253796,2.410245656967163,3.2710728801153843,3.839419244940764,45.0,13.004857540130615,0.2889968342251248,1.28828763961792,4.3191126982371015,4.608109532462226,99.9618513584137,198.0,38,39,271,270,541,run1_g15_g15_17,single-objective/run1/g15/g15_17.pdb,265.803,0.433,37.811,1.649,-71.389,-3.113,1188.921,2293.285,1104.364,35.0,-1.995,-1289.147,249.754,-273.218,1.923,30.974,592.444,741.824,0.038,-29.622,-49.499,-15.902,-51.523,5.0,-33.029,269.0,83.0,90.95,-39.709,0.701,2.482,91.744,74.668,174.589,0.657,1.018,39.713,3.779,166.289,0.576,temp_g12_08_0001,single-objective/run1/g15/g15_17.pdb.sc
540.0,798.9969172477722,1.479623920829208,3.370624303817749,0.0,1.479623920829208,153.0,86.95699381828308,0.5683463648253796,2.410245656967163,3.2710728801153843,3.839419244940764,45.0,13.004857540130615,0.2889968342251248,1.28828763961792,4.3191126982371015,4.608109532462226,99.9618513584137,198.0,38,39,271,270,541,run1_g15_g15_18,single-objective/run1/g15/g15_18.pdb,265.803,0.433,37.811,1.649,-71.389,-3.113,1188.921,2293.285,1104.364,35.0,-1.995,-1289.147,249.754,-273.218,1.923,30.974,592.444,741.824,0.038,-29.622,-49.499,-15.902,-51.523,5.0,-33.029,269.0,83.0,90.95,-39.709,0.701,2.482,91.744,74.668,174.589,0.657,1.018,39.713,3.779,166.289,0.576,temp_g12_08_0001,single-objective/run1/g15/g15_18.pdb.sc
550.0,809.849293589592,1.4724532610719854,3.075467348098755,0.0,1.4724532610719854,151.0,91.5145765542984,0.6060567983728371,2.410245656967163,3.20046048843308,3.806517286805917,45.0,13.303048133850098,0.2956232918633355,1.28828763961792,4.222804911931356,4.5184282037946915,104.8176246881485,196.0,38,39,281,270,551,run1_g15_g15_19,single-objective/run1/g15/g15_19.pdb,32.793,-0.006,125.815,5.055,165.122,6.635,1315.319,2488.796,1173.477,37.0,-1.995,-1307.105,252.296,-282.006,2.095,32.921,433.496,765.4,-0.025,-32.107,-48.639,-16.971,-51.523,6.0,-30.914,269.0,83.0,92.838,-36.265,0.67,2.537,18.397,68.223,174.069,0.641,2.128,82.989,2.899,127.563,0.585,temp_g13_10_0001,single-objective/run1/g15/g15_19.pdb.sc
545.0,805.0886214971542,1.4772268284351453,3.2051174640655518,0.0,1.4772268284351453,153.0,90.10848593711853,0.5889443525301865,2.410245656967163,3.239195856393552,3.8281402089237386,43.0,12.689062595367432,0.2950944789620333,1.28828763961792,4.253998135411462,4.549092614373495,102.79754853248596,196.0,38,39,276,270,546,run1_g15_g15_2,single-objective/run1/g15/g15_2.pdb,-84.558,-0.435,31.649,1.292,61.261,2.501,1285.255,2449.246,1163.991,32.0,-1.995,-1295.36,249.717,-284.859,1.98,32.456,328.106,756.878,-0.076,-32.107,-48.639,-17.969,-51.523,7.0,-31.913,269.0,83.0,93.067,-39.174,0.661,1.151,18.397,65.345,172.452,0.65,0.874,34.081,1.397,61.458,0.585,temp_g8_17_0001,single-objective/run1/g15/g15_2.pdb.sc
543.0,803.2017693519592,1.4791929453995565,3.370624303817749,0.0,1.4791929453995565,155.0,91.64558637142181,0.5912618475575601,2.410245656967163,3.213180782718043,3.804442630275603,45.0,13.521870851516724,0.30048601892259386,1.28828763961792,4.3068099286821155,4.607295947604709,105.16745722293854,200.0,38,39,274,270,544,run1_g15_g15_20,single-objective/run1/g15/g15_20.pdb,473.023,1.219,100.282,4.317,-7.845,-0.338,1234.4,2323.0,1088.6,35.0,-1.995,-1302.421,243.362,-272.678,1.897,30.834,606.02,757.234,0.446,-30.764,-48.639,-15.233,-50.988,5.0,-31.554,269.0,83.0,91.357,-28.445,0.749,4.897,262.418,89.092,172.95,0.645,1.802,70.283,7.641,336.202,0.576,temp_g15_22_0001,single-objective/run1/g15/g15_20.pdb.sc
541.0,801.5490064620972,1.4816062966027674,3.370624303817749,0.0,1.4816062966027674,154.0,89.9394359588623,0.5840223114211838,2.410245656967163,3.2547014734961768,3.8387237849173608,46.0,13.054977893829346,0.28380386725715967,1.28828763961792,4.321996331214905,4.605800198472065,102.99441385269165,200.0,38,39,272,270,542,run1_g15_g15_21,single-objective/run1/g15/g15_21.pdb,499.133,0.884,148.185,6.414,39.305,1.701,1218.459,2310.28,1091.821,35.0,-1.995,-1299.635,246.618,-271.896,1.933,30.953,834.023,739.122,-0.089,-29.622,-49.499,-15.902,-51.523,5.0,-31.913,269.0,84.0,91.366,-39.87,0.681,3.874,91.744,73.983,180.67,0.668,2.348,93.917,5.262,231.533,0.576,temp_g15_16_0001,single-objective/run1/g15/g15_21.pdb.sc
542.0,801.4886053800583,1.478761264538853,3.2051174640655518,0.0,1.478761264538853,153.0,90.55025732517242,0.5918317472233492,2.410245656967163,3.2314347433888053,3.8232664906121547,41.0,13.006340026855469,0.31722780553306024,1.28828763961792,4.293483117731606,4.610710923264667,103.5565973520279,194.0,38,39,273,270,543,run1_g15_g15_22,single-objective/run1/g15/g15_22.pdb,-32.085,-0.233,62.149,2.661,109.359,4.682,1196.27,2335.939,1139.669,30.0,-1.995,-1300.718,248.196,-282.154,1.969,31.792,374.312,763.347,-0.037,-32.107,-48.639,-16.971,-51.523,6.0,-32.038,269.0,83.0,92.287,-38.682,0.754,1.793,18.397,65.497,176.37,0.659,1.296,50.553,2.233,98.263,0.576,temp_g15_07_0001,single-objective/run1/g15/g15_22.pdb.sc
545.0,805.0886214971542,1.4772268284351453,3.2051174640655518,0.0,1.4772268284351453,153.0,90.10848593711853,0.5889443525301865,2.410245656967163,3.239195856393552,3.8281402089237386,43.0,12.689062595367432,0.2950944789620333,1.28828763961792,4.253998135411462,4.549092614373495,102.79754853248596,196.0,38,39,276,270,546,run1_g15_g15_23,single-objective/run1/g15/g15_23.pdb,-84.558,-0.435,31.649,1.292,61.261,2.501,1285.255,2449.246,1163.991,32.0,-1.995,-1295.36,249.717,-284.859,1.98,32.456,328.106,756.878,-0.076,-32.107,-48.639,-17.969,-51.523,7.0,-31.913,269.0,83.0,93.067,-39.174,0.661,1.151,18.397,65.345,172.452,0.65,0.874,34.081,1.397,61.458,0.585,temp_g8_17_0001,single-objective/run1/g15/g15_23.pdb.sc
543.0,802.4511116743088,1.4778105187372168,3.2051174640655518,0.0,1.4778105187372168,155.0,87.51902532577515,0.5646388730695171,2.410245656967163,3.270023956606465,3.834662829675982,44.0,12.8367280960083,0.291743820363825,1.28828763961792,4.285490626638586,4.577234447002411,100.35575342178345,199.0,38,39,274,270,544,run1_g15_g15_24,single-objective/run1/g15/g15_24.pdb,116.3,0.371,36.117,1.563,60.821,2.632,1179.621,2310.877,1131.256,27.0,-1.995,-1294.94,252.536,-288.817,1.937,32.24,451.849,759.848,-0.055,-32.107,-49.499,-19.596,-51.523,6.0,-32.512,269.0,83.0,90.95,-40.267,0.719,2.276,91.744,74.441,171.435,0.665,0.996,38.856,3.411,150.071,0.576,temp_g10_09_0001,single-objective/run1/g15/g15_24.pdb.sc
546.0,806.4800673723221,1.4770697204621284,3.370624303817749,0.0,1.4770697204621284,154.0,91.74041986465454,0.5957170121081463,2.410245656967163,3.199189551464923,3.794906563573069,42.0,12.485549926757812,0.2972749982561384,1.28828763961792,4.2172072160811656,4.514482214337304,104.22596979141235,196.0,38,39,277,270,547,run1_g15_g15_3,single-objective/run1/g15/g15_3.pdb,369.91,0.773,33.394,1.413,-71.983,-3.046,1268.248,2363.219,1094.97,39.0,-1.995,-1301.351,249.791,-283.279,1.914,32.168,782.423,760.164,0.067,-32.107,-48.639,-16.231,-51.523,6.0,-31.749,269.0,83.0,93.017,-39.814,0.669,3.542,18.397,65.501,172.639,0.658,0.897,34.973,5.887,259.019,0.585,temp_g15_19_0001,single-objective/run1/g15/g15_3.pdb.sc
540.0,798.9969172477722,1.479623920829208,3.370624303817749,0.0,1.479623920829208,153.0,86.95699381828308,0.5683463648253796,2.410245656967163,3.2710728801153843,3.839419244940764,45.0,13.004857540130615,0.2889968342251248,1.28828763961792,4.3191126982371015,4.608109532462226,99.9618513584137,198.0,38,39,271,270,541,run1_g15_g15_4,single-objective/run1/g15/g15_4.pdb,265.803,0.433,37.811,1.649,-71.389,-3.113,1188.921,2293.285,1104.364,35.0,-1.995,-1289.147,249.754,-273.218,1.923,30.974,592.444,741.824,0.038,-29.622,-49.499,-15.902,-51.523,5.0,-33.029,269.0,83.0,90.95,-39.709,0.701,2.482,91.744,74.668,174.589,0.657,1.018,39.713,3.779,166.289,0.576,temp_g12_08_0001,single-objective/run1/g15/g15_4.pdb.sc
540.0,798.9969172477722,1.479623920829208,3.370624303817749,0.0,1.479623920829208,153.0,86.95699381828308,0.5683463648253796,2.410245656967163,3.2710728801153843,3.839419244940764,45.0,13.004857540130615,0.2889968342251248,1.28828763961792,4.3191126982371015,4.608109532462226,99.9618513584137,198.0,38,39,271,270,541,run1_g15_g15_5,single-objective/run1/g15/g15_5.pdb,265.803,0.433,37.811,1.649,-71.389,-3.113,1188.921,2293.285,1104.364,35.0,-1.995,-1289.147,249.754,-273.218,1.923,30.974,592.444,741.824,0.038,-29.622,-49.499,-15.902,-51.523,5.0,-33.029,269.0,83.0,90.95,-39.709,0.701,2.482,91.744,74.668,174.589,0.657,1.018,39.713,3.779,166.289,0.576,temp_g12_08_0001,single-objective/run1/g15/g15_5.pdb.sc
549.0,810.5973831415176,1.4764979656493946,3.370624303817749,0.0,1.4764979656493946,156.0,93.32645618915558,0.5982465140330486,2.410245656967163,3.2069655618606467,3.8052120758936954,46.0,13.587016582489014,0.2953699257062829,1.28828763961792,4.2651022568992945,4.560472182605578,106.91347277164459,202.0,38,39,280,270,550,run1_g15_g15_6,single-objective/run1/g15/g15_6.pdb,199.438,0.187,55.936,2.309,-52.555,-2.17,1267.055,2422.196,1155.14,35.0,-1.995,-1307.551,245.634,-274.873,1.922,31.253,497.093,762.945,0.052,-30.764,-48.639,-15.233,-51.523,5.0,-31.909,269.0,83.0,91.097,-31.724,0.707,2.489,108.196,81.854,173.072,0.631,1.204,46.95,3.628,159.61,0.585,temp_g11_21_0001,single-objective/run1/g15/g15_6.pdb.sc
546.0,807.383418917656,1.4787242104718974,3.2051174640655518,0.0,1.4787242104718974,159.0,88.61729502677917,0.5573414781558439,2.0924081802368164,3.2499566378083617,3.8072981159642056,47.0,13.991036891937256,0.29768163599866504,1.28828763961792,4.305209672197383,4.602891308196048,102.60833191871643,206.0,38,39,277,270,547,run1_g15_g15_7,single-objective/run1/g15/g15_7.pdb,178.867,0.606,76.622,3.253,111.526,4.735,1152.453,2355.176,1202.723,29.0,-1.995,-1306.2,258.733,-294.175,1.992,32.319,511.735,774.483,-0.037,-32.109,-49.499,-19.596,-51.523,7.0,-31.84,269.0,83.0,90.95,-40.545,0.723,2.984,91.744,73.71,170.108,0.679,1.496,58.34,4.304,189.362,0.576,temp_g15_13_0001,single-objective/run1/g15/g15_7.pdb.sc
549.0,810.8138526678085,1.476892263511491,3.370624303817749,0.0,1.476892263511491,158.0,92.99772715568542,0.5885932098461103,2.410245656967163,3.226651570464991,3.815244780311102,46.0,13.529475688934326,0.2941190367159636,1.28828763961792,4.266312210456185,4.560431247172148,106.52720284461975,204.0,38,39,280,270,550,run1_g15_g15_8,single-objective/run1/g15/g15_8.pdb,128.358,-0.065,54.804,2.271,-54.017,-2.238,1304.294,2413.55,1109.256,32.0,-1.995,-1307.981,248.709,-276.442,1.991,31.358,452.101,761.148,0.051,-30.764,-49.499,-15.233,-51.523,5.0,-32.327,269.0,83.0,90.996,-37.402,0.723,1.715,91.744,76.737,176.164,0.626,1.204,46.975,2.167,95.334,0.576,temp_g12_03_0001,single-objective/run1/g15/g15_8.pdb.sc
549.0,810.2184385061264,1.4758077204118878,3.370624303817749,0.0,1.4758077204118878,158.0,91.46028244495392,0.5788625471199615,2.410245656967163,3.227866985375368,3.80672953249533,49.0,13.898582935333252,0.2836445497006786,1.28828763961792,4.28416904138059,4.5678135910812685,105.35886538028717,207.0,38,39,280,270,550,run1_g15_g15_9,single-objective/run1/g15/g15_9.pdb,416.669,0.752,323.311,13.077,241.718,9.777,1338.079,2472.389,1134.311,32.0,-1.995,-1309.441,246.053,-276.272,1.984,30.981,842.268,760.149,-0.014,-30.764,-49.499,-14.904,-51.523,5.0,-32.421,269.0,83.0,92.557,-40.306,0.701,5.106,1.946,66.53,180.749,0.636,4.785,186.597,5.392,237.232,0.576,temp_g15_18_0001,single-objective/run1/g15/g15_9.pdb.sc
540.0,798.9969172477722,1.479623920829208,3.370624303817749,0.0,1.479623920829208,153.0,86.95699381828308,0.5683463648253796,2.410245656967163,3.2710728801153843,3.839419244940764,45.0,13.004857540130615,0.2889968342251248,1.28828763961792,4.3191126982371015,4.608109532462226,99.9618513584137,198.0,38,39,271,270,541,run1_g16_g16_0,single-objective/run1/g16/g16_0.pdb,265.803,0.433,37.811,1.649,-71.389,-3.113,1188.921,2293.285,1104.364,35.0,-1.995,-1289.147,249.754,-273.218,1.923,30.974,592.444,741.824,0.038,-29.622,-49.499,-15.902,-51.523,5.0,-33.029,269.0,83.0,90.95,-39.709,0.701,2.482,91.744,74.668,174.589,0.657,1.018,39.713,3.779,166.289,0.576,temp_g12_08_0001,single-objective/run1/g16/g16_0.pdb.sc
540.0,798.9969172477722,1.479623920829208,3.370624303817749,0.0,1.479623920829208,153.0,86.95699381828308,0.5683463648253796,2.410245656967163,3.2710728801153843,3.839419244940764,45.0,13.004857540130615,0.2889968342251248,1.28828763961792,4.3191126982371015,4.608109532462226,99.9618513584137,198.0,38,39,271,270,541,run1_g16_g16_1,single-objective/run1/g16/g16_1.pdb,265.803,0.433,37.811,1.649,-71.389,-3.113,1188.921,2293.285,1104.364,35.0,-1.995,-1289.147,249.754,-273.218,1.923,30.974,592.444,741.824,0.038,-29.622,-49.499,-15.902,-51.523,5.0,-33.029,269.0,83.0,90.95,-39.709,0.701,2.482,91.744,74.668,174.589,0.657,1.018,39.713,3.779,166.289,0.576,temp_g12_08_0001,single-objective/run1/g16/g16_1.pdb.sc
540.0,798.9969172477722,1.479623920829208,3.370624303817749,0.0,1.479623920829208,153.0,86.95699381828308,0.5683463648253796,2.410245656967163,3.2710728801153843,3.839419244940764,45.0,13.004857540130615,0.2889968342251248,1.28828763961792,4.3191126982371015,4.608109532462226,99.9618513584137,198.0,38,39,271,270,541,run1_g16_g16_10,single-objective/run1/g16/g16_10.pdb,265.803,0.433,37.811,1.649,-71.389,-3.113,1188.921,2293.285,1104.364,35.0,-1.995,-1289.147,249.754,-273.218,1.923,30.974,592.444,741.824,0.038,-29.622,-49.499,-15.902,-51.523,5.0,-33.029,269.0,83.0,90.95,-39.709,0.701,2.482,91.744,74.668,174.589,0.657,1.018,39.713,3.779,166.289,0.576,temp_g12_08_0001,single-objective/run1/g16/g16_10.pdb.sc
545.0,804.9406577348709,1.476955335293341,3.370624303817749,0.0,1.476955335293341,153.0,91.44771158695221,0.5976974613526288,2.410245656967163,3.2203288226345785,3.8180262839872072,43.0,12.901567459106445,0.30003645253735917,1.28828763961792,4.258756044299104,4.558792496836463,104.34927904605865,196.0,38,39,276,270,546,run1_g16_g16_11,single-objective/run1/g16/g16_11.pdb,394.195,0.592,171.59,7.322,81.768,3.489,1151.445,2343.527,1192.082,35.0,-1.995,-1305.035,254.989,-273.804,1.945,32.297,815.942,758.862,-0.033,-29.622,-49.499,-15.902,-51.523,5.0,-32.5,269.0,83.0,92.66,-42.5,0.707,3.692,1.946,65.011,172.346,0.631,2.709,105.662,4.562,200.747,0.576,temp_g16_18_0001,single-objective/run1/g16/g16_11.pdb.sc
540.0,799.2798075675964,1.4801477917918453,3.370624303817749,0.0,1.4801477917918453,150.0,86.90508985519409,0.5793672657012939,2.410245656967163,3.235976045926412,3.815343311627706,44.0,13.155877351760864,0.29899721254001965,1.28828763961792,4.332373071800578,4.631370284340599,100.06096720695496,194.0,38,39,271,270,541,run1_g16_g16_12,single-objective/run1/g16/g16_12.pdb,269.221,0.446,190.022,8.345,88.421,3.883,1192.295,2277.178,1084.882,37.0,-1.995,-1296.553,246.773,-273.063,1.964,30.244,601.632,740.365,-0.031,-29.622,-49.499,-14.904,-51.523,5.0,-33.666,269.0,83.0,90.971,-38.501,0.699,3.393,91.744,76.042,178.233,0.675,2.973,115.933,3.765,165.647,0.576,temp_g16_00_0001,single-objective/run1/g16/g16_12.pdb.sc
546.0,806.4800673723221,1.4770697204621284,3.370624303817749,0.0,1.4770697204621284,154.0,91.74041986465454,0.5957170121081463,2.410245656967163,3.199189551464923,3.794906563573069,42.0,12.485549926757812,0.2972749982561384,1.28828763961792,4.2172072160811656,4.514482214337304,104.22596979141235,196.0,38,39,277,270,547,run1_g16_g16_13,single-objective/run1/g16/g16_13.pdb,369.91,0.773,33.394,1.413,-71.983,-3.046,1268.248,2363.219,1094.97,39.0,-1.995,-1301.351,249.791,-283.279,1.914,32.168,782.423,760.164,0.067,-32.107,-48.639,-16.231,-51.523,6.0,-31.749,269.0,83.0,93.017,-39.814,0.669,3.542,18.397,65.501,172.639,0.658,0.897,34.973,5.887,259.019,0.585,temp_g15_19_0001,single-objective/run1/g16/g16_13.pdb.sc
545.0,805.0886214971542,1.4772268284351453,3.2051174640655518,0.0,1.4772268284351453,153.0,90.10848593711853,0.5889443525301865,2.410245656967163,3.239195856393552,3.8281402089237386,43.0,12.689062595367432,0.2950944789620333,1.28828763961792,4.253998135411462,4.549092614373495,102.79754853248596,196.0,38,39,276,270,546,run1_g16_g16_14,single-objective/run1/g16/g16_14.pdb,-84.558,-0.435,31.649,1.292,61.261,2.501,1285.255,2449.246,1163.991,32.0,-1.995,-1295.36,249.717,-284.859,1.98,32.456,328.106,756.878,-0.076,-32.107,-48.639,-17.969,-51.523,7.0,-31.913,269.0,83.0,93.067,-39.174,0.661,1.151,18.397,65.345,172.452,0.65,0.874,34.081,1.397,61.458,0.585,temp_g8_17_0001,single-objective/run1/g16/g16_14.pdb.sc
539.0,796.9206047058105,1.478516891847515,3.2051174640655518,0.0,1.478516891847515,147.0,86.54275786876678,0.5887262440052162,2.410245656967163,3.234400792186763,3.823127036191979,42.0,11.668540954589844,0.27782240368071054,0.8472099304199219,4.324226265861874,4.602048669542585,98.21129882335663,189.0,38,39,270,270,540,run1_g16_g16_15,single-objective/run1/g16/g16_15.pdb,-89.27,-0.456,22.32,0.962,55.809,2.405,1208.799,2320.454,1111.655,33.0,-1.995,-1287.484,247.84,-283.24,1.944,31.934,318.215,752.538,-0.116,-32.107,-48.639,-17.969,-51.523,8.0,-31.331,269.0,83.0,93.067,-38.992,0.68,1.063,18.397,65.209,174.282,0.656,0.744,29.014,1.346,59.234,0.585,temp_g16_12_0001,single-objective/run1/g16/g16_15.pdb.sc
542.0,801.4886053800583,1.478761264538853,3.2051174640655518,0.0,1.478761264538853,153.0,90.55025732517242,0.5918317472233492,2.410245656967163,3.2314347433888053,3.8232664906121547,41.0,13.006340026855469,0.31722780553306024,1.28828763961792,4.293483117731606,4.610710923264667,103.5565973520279,194.0,38,39,273,270,543,run1_g16_g16_16,single-objective/run1/g16/g16_16.pdb,-32.085,-0.233,62.149,2.661,109.359,4.682,1196.27,2335.939,1139.669,30.0,-1.995,-1300.718,248.196,-282.154,1.969,31.792,374.312,763.347,-0.037,-32.107,-48.639,-16.971,-51.523,6.0,-32.038,269.0,83.0,92.287,-38.682,0.754,1.793,18.397,65.497,176.37,0.659,1.296,50.553,2.233,98.263,0.576,temp_g15_07_0001,single-objective/run1/g16/g16_16.pdb.sc
533.0,789.3245205879211,1.4809090442550115,3.370624303817749,0.0,1.4809090442550115,147.0,87.12650549411774,0.5926973162865152,2.4274275302886963,3.2720207559819126,3.8647180722684276,44.0,11.936083316802979,0.27127462083643133,0.8472099304199219,4.447700928558003,4.718975549394434,99.06258881092072,191.0,38,39,264,270,534,run1_g16_g16_17,single-objective/run1/g16/g16_17.pdb,278.177,0.484,44.308,1.955,-61.868,-2.729,1148.089,2266.944,1118.855,34.0,-1.995,-1273.904,247.549,-274.511,1.893,30.319,589.521,739.613,0.056,-29.622,-49.499,-16.258,-51.523,5.0,-32.126,269.0,83.0,91.054,-36.509,0.708,2.631,91.744,77.723,174.132,0.658,1.057,41.239,4.025,177.114,0.576,temp_g16_05_0001,single-objective/run1/g16/g16_17.pdb.sc
545.0,805.2114119529724,1.4774521320238025,3.370624303817749,0.0,1.4774521320238025,154.0,94.38647973537445,0.6128992190608731,2.4274275302886963,3.218423450922037,3.83132266998291,48.0,13.627733707427979,0.28391111890474957,1.28828763961792,4.318337058027585,4.602248176932335,108.01421344280243,202.0,38,39,276,270,546,run1_g16_g16_18,single-objective/run1/g16/g16_18.pdb,200.634,0.191,54.12,2.246,-55.525,-2.305,1294.424,2409.295,1114.871,35.0,-1.995,-1298.72,244.242,-274.154,1.935,30.846,494.398,750.786,0.049,-30.764,-48.639,-15.233,-51.523,5.0,-31.032,269.0,83.0,91.156,-30.516,0.653,2.461,108.196,82.801,178.266,0.645,1.18,46.024,3.596,158.215,0.585,temp_g13_00_0001,single-objective/run1/g16/g16_18.pdb.sc
548.0,808.5202662944794,1.4754019457928456,3.2051174640655518,0.0,1.4754019457928456,153.0,89.48893904685974,0.5848950264500636,2.410245656967163,3.234016167572121,3.818911194022185,42.0,11.808260679244995,0.2811490637915475,1.28828763961792,4.221355404172625,4.502504467964172,101.29719972610474,195.0,38,39,279,270,549,run1_g16_g16_19,single-objective/run1/g16/g16_19.pdb,440.013,1.069,37.795,1.546,65.981,2.699,1289.243,2444.58,1155.337,27.0,-1.995,-1305.779,249.229,-284.914,1.945,32.494,703.668,764.498,-0.082,-32.107,-49.499,-16.971,-51.523,7.0,-30.947,269.0,83.0,92.884,-34.691,0.689,5.284,155.155,76.626,171.358,0.651,0.919,35.852,9.153,402.724,0.585,temp_g15_05_0001,single-objective/run1/g16/g16_19.pdb.sc
540.0,798.9969172477722,1.479623920829208,3.370624303817749,0.0,1.479623920829208,153.0,86.95699381828308,0.5683463648253796,2.410245656967163,3.2710728801153843,3.839419244940764,45.0,13.004857540130615,0.2889968342251248,1.28828763961792,4.3191126982371015,4.608109532462226,99.9618513584137,198.0,38,39,271,270,541,run1_g16_g16_2,single-objective/run1/g16/g16_2.pdb,265.803,0.433,37.811,1.649,-71.389,-3.113,1188.921,2293.285,1104.364,35.0,-1.995,-1289.147,249.754,-273.218,1.923,30.974,592.444,741.824,0.038,-29.622,-49.499,-15.902,-51.523,5.0,-33.029,269.0,83.0,90.95,-39.709,0.701,2.482,91.744,74.668,174.589,0.657,1.018,39.713,3.779,166.289,0.576,temp_g12_08_0001,single-objective/run1/g16/g16_2.pdb.sc
543.0,803.2017693519592,1.4791929453995565,3.370624303817749,0.0,1.4791929453995565,155.0,91.64558637142181,0.5912618475575601,2.410245656967163,3.213180782718043,3.804442630275603,45.0,13.521870851516724,0.30048601892259386,1.28828763961792,4.3068099286821155,4.607295947604709,105.16745722293854,200.0,38,39,274,270,544,run1_g16_g16_20,single-objective/run1/g16/g16_20.pdb,473.023,1.219,100.282,4.317,-7.845,-0.338,1234.4,2323.0,1088.6,35.0,-1.995,-1302.421,243.362,-272.678,1.897,30.834,606.02,757.234,0.446,-30.764,-48.639,-15.233,-50.988,5.0,-31.554,269.0,83.0,91.357,-28.445,0.749,4.897,262.418,89.092,172.95,0.645,1.802,70.283,7.641,336.202,0.576,temp_g15_22_0001,single-objective/run1/g16/g16_20.pdb.sc
545.0,805.5168045759201,1.4780124854604038,3.370624303817749,0.0,1.4780124854604038,159.0,91.40821099281311,0.5748944087598309,2.410245656967163,3.2351484793537066,3.8100428881135375,45.0,13.267853260040283,0.2948411835564507,1.28828763961792,4.294174369176229,4.58901555273268,104.6760642528534,204.0,38,39,276,270,546,run1_g16_g16_21,single-objective/run1/g16/g16_21.pdb,672.62,1.856,98.646,4.319,10.364,0.454,1162.786,2283.812,1121.026,39.0,-1.995,-1306.272,256.881,-274.595,1.942,31.936,992.522,758.008,-0.337,-29.622,-49.499,-16.205,-51.523,5.0,-32.571,269.0,83.0,90.945,-37.498,0.695,5.537,91.744,77.185,170.66,0.648,1.829,71.325,8.824,388.247,0.576,temp_g16_01_0001,single-objective/run1/g16/g16_21.pdb.sc
541.0,801.5490064620972,1.4816062966027674,3.370624303817749,0.0,1.4816062966027674,154.0,89.9394359588623,0.5840223114211838,2.410245656967163,3.2547014734961768,3.8387237849173608,46.0,13.054977893829346,0.28380386725715967,1.28828763961792,4.321996331214905,4.605800198472065,102.99441385269165,200.0,38,39,272,270,542,run1_g16_g16_22,single-objective/run1/g16/g16_22.pdb,499.133,0.884,148.185,6.414,39.305,1.701,1218.459,2310.28,1091.821,35.0,-1.995,-1299.635,246.618,-271.896,1.933,30.953,834.023,739.122,-0.089,-29.622,-49.499,-15.902,-51.523,5.0,-31.913,269.0,84.0,91.366,-39.87,0.681,3.874,91.744,73.983,180.67,0.668,2.348,93.917,5.262,231.533,0.576,temp_g15_16_0001,single-objective/run1/g16/g16_22.pdb.sc
542.0,800.2688477039337,1.476510789121649,3.370624303817749,0.0,1.476510789121649,151.0,89.08522534370422,0.5899683797596306,2.410245656967163,3.236452947389211,3.8264213271488416,48.0,12.920427083969116,0.26917556424935657,0.8472099304199219,4.372562100489934,4.641737664739291,102.00565242767334,199.0,38,39,273,270,543,run1_g16_g16_23,single-objective/run1/g16/g16_23.pdb,341.189,0.464,152.496,6.314,70.291,2.91,1276.367,2415.099,1138.732,34.0,-1.995,-1295.062,243.597,-276.645,1.92,30.595,758.35,757.167,-0.065,-30.764,-49.499,-14.904,-51.523,6.0,-31.926,269.0,83.0,93.28,-40.855,0.688,4.144,1.946,66.072,180.858,0.629,2.542,99.143,5.564,244.796,0.576,temp_g16_09_0001,single-objective/run1/g16/g16_23.pdb.sc
551.0,811.9647736549377,1.4736202788655857,3.2207815647125244,0.0,1.4736202788655857,155.0,92.57779610157013,0.5972761038810976,2.410245656967163,3.2030637502670287,3.8003398541481266,44.0,12.981099367141724,0.29502498561685736,1.28828763961792,4.266843448985707,4.561868434602564,105.55889546871185,199.0,38,39,282,270,552,run1_g16_g16_24,single-objective/run1/g16/g16_24.pdb,371.174,0.569,93.285,3.822,-9.397,-0.385,1284.28,2441.01,1156.73,32.0,-1.995,-1315.445,248.008,-274.04,1.928,31.414,666.717,757.833,0.406,-30.764,-48.639,-15.571,-51.523,7.0,-31.448,269.0,83.0,91.24,-27.054,0.691,3.729,108.196,87.568,174.162,0.618,1.8,70.2,5.439,239.331,0.585,temp_g16_06_0001,single-objective/run1/g16/g16_24.pdb.sc
543.0,802.4511116743088,1.4778105187372168,3.2051174640655518,0.0,1.4778105187372168,155.0,87.51902532577515,0.5646388730695171,2.410245656967163,3.270023956606465,3.834662829675982,44.0,12.8367280960083,0.291743820363825,1.28828763961792,4.285490626638586,4.577234447002411,100.35575342178345,199.0,38,39,274,270,544,run1_g16_g16_3,single-objective/run1/g16/g16_3.pdb,116.3,0.371,36.117,1.563,60.821,2.632,1179.621,2310.877,1131.256,27.0,-1.995,-1294.94,252.536,-288.817,1.937,32.24,451.849,759.848,-0.055,-32.107,-49.499,-19.596,-51.523,6.0,-32.512,269.0,83.0,90.95,-40.267,0.719,2.276,91.744,74.441,171.435,0.665,0.996,38.856,3.411,150.071,0.576,temp_g10_09_0001,single-objective/run1/g16/g16_3.pdb.sc
547.0,807.3329244852066,1.4759285639583302,3.370624303817749,0.0,1.4759285639583302,152.0,90.35662245750427,0.5944514635362124,2.410245656967163,3.188063234090805,3.7825146976270174,43.0,12.80140995979309,0.2977072083672812,1.28828763961792,4.198484065920808,4.496191274288089,103.15803241729736,195.0,38,39,278,270,548,run1_g16_g16_4,single-objective/run1/g16/g16_4.pdb,222.724,0.229,110.452,4.64,5.259,0.221,1281.97,2380.302,1098.332,38.0,-1.995,-1301.183,246.94,-284.045,1.925,31.826,640.505,756.904,-0.916,-32.107,-48.639,-16.231,-51.523,6.0,-31.78,269.0,83.0,93.79,-40.035,0.709,3.312,18.397,64.448,174.943,0.662,1.902,74.197,4.562,200.736,0.585,temp_g16_03_0001,single-objective/run1/g16/g16_4.pdb.sc
540.0,798.9969172477722,1.479623920829208,3.370624303817749,0.0,1.479623920829208,153.0,86.95699381828308,0.5683463648253796,2.410245656967163,3.2710728801153843,3.839419244940764,45.0,13.004857540130615,0.2889968342251248,1.28828763961792,4.3191126982371015,4.608109532462226,99.9618513584137,198.0,38,39,271,270,541,run1_g16_g16_5,single-objective/run1/g16/g16_5.pdb,265.803,0.433,37.811,1.649,-71.389,-3.113,1188.921,2293.285,1104.364,35.0,-1.995,-1289.147,249.754,-273.218,1.923,30.974,592.444,741.824,0.038,-29.622,-49.499,-15.902,-51.523,5.0,-33.029,269.0,83.0,90.95,-39.709,0.701,2.482,91.744,74.668,174.589,0.657,1.018,39.713,3.779,166.289,0.576,temp_g12_08_0001,single-objective/run1/g16/g16_5.pdb.sc
528.0,782.4141869544983,1.4818450510501862,3.370624303817749,0.0,1.4818450510501862,146.0,86.15448665618896,0.5900992236725272,2.4274275302886963,3.2772331874664515,3.8673324111389786,42.0,11.857287406921387,0.2823163668314616,1.28828763961792,4.368038325082688,4.65035469191415,98.01177406311035,188.0,38,39,259,270,529,run1_g16_g16_6,single-objective/run1/g16/g16_6.pdb,259.469,0.426,32.425,1.426,-75.093,-3.303,1223.794,2273.278,1049.484,35.0,-1.995,-1270.194,237.908,-273.64,1.904,29.598,587.462,720.374,0.047,-29.622,-49.499,-14.904,-51.523,5.0,-31.054,269.0,83.0,90.78,-37.63,0.682,2.446,91.744,76.268,182.915,0.671,0.966,37.663,3.758,165.334,0.576,temp_g16_17_0001,single-objective/run1/g16/g16_6.pdb.sc
540.0,798.9969172477722,1.479623920829208,3.370624303817749,0.0,1.479623920829208,153.0,86.95699381828308,0.5683463648253796,2.410245656967163,3.2710728801153843,3.839419244940764,45.0,13.004857540130615,0.2889968342251248,1.28828763961792,4.3191126982371015,4.608109532462226,99.9618513584137,198.0,38,39,271,270,541,run1_g16_g16_7,single-objective/run1/g16/g16_7.pdb,265.803,0.433,37.811,1.649,-71.389,-3.113,1188.921,2293.285,1104.364,35.0,-1.995,-1289.147,249.754,-273.218,1.923,30.974,592.444,741.824,0.038,-29.622,-49.499,-15.902,-51.523,5.0,-33.029,269.0,83.0,90.95,-39.709,0.701,2.482,91.744,74.668,174.589,0.657,1.018,39.713,3.779,166.289,0.576,temp_g12_08_0001,single-objective/run1/g16/g16_7.pdb.sc
549.0,810.8138526678085,1.476892263511491,3.370624303817749,0.0,1.476892263511491,158.0,92.99772715568542,0.5885932098461103,2.410245656967163,3.226651570464991,3.815244780311102,46.0,13.529475688934326,0.2941190367159636,1.28828763961792,4.266312210456185,4.560431247172148,106.52720284461975,204.0,38,39,280,270,550,run1_g16_g16_8,single-objective/run1/g16/g16_8.pdb,128.358,-0.065,54.804,2.271,-54.017,-2.238,1304.294,2413.55,1109.256,32.0,-1.995,-1307.981,248.709,-276.442,1.991,31.358,452.101,761.148,0.051,-30.764,-49.499,-15.233,-51.523,5.0,-32.327,269.0,83.0,90.996,-37.402,0.723,1.715,91.744,76.737,176.164,0.626,1.204,46.975,2.167,95.334,0.576,temp_g12_03_0001,single-objective/run1/g16/g16_8.pdb.sc
549.0,810.5973831415176,1.4764979656493946,3.370624303817749,0.0,1.4764979656493946,156.0,93.32645618915558,0.5982465140330486,2.410245656967163,3.2069655618606467,3.8052120758936954,46.0,13.587016582489014,0.2953699257062829,1.28828763961792,4.2651022568992945,4.560472182605578,106.91347277164459,202.0,38,39,280,270,550,run1_g16_g16_9,single-objective/run1/g16/g16_9.pdb,199.438,0.187,55.936,2.309,-52.555,-2.17,1267.055,2422.196,1155.14,35.0,-1.995,-1307.551,245.634,-274.873,1.922,31.253,497.093,762.945,0.052,-30.764,-48.639,-15.233,-51.523,5.0,-31.909,269.0,83.0,91.097,-31.724,0.707,2.489,108.196,81.854,173.072,0.631,1.204,46.95,3.628,159.61,0.585,temp_g11_21_0001,single-objective/run1/g16/g16_9.pdb.sc
528.0,782.4141869544983,1.4818450510501862,3.370624303817749,0.0,1.4818450510501862,146.0,86.15448665618896,0.5900992236725272,2.4274275302886963,3.2772331874664515,3.8673324111389786,42.0,11.857287406921387,0.2823163668314616,1.28828763961792,4.368038325082688,4.65035469191415,98.01177406311035,188.0,38,39,259,270,529,run1_g17_g17_0,single-objective/run1/g17/g17_0.pdb,259.469,0.426,32.425,1.426,-75.093,-3.303,1223.794,2273.278,1049.484,35.0,-1.995,-1270.194,237.908,-273.64,1.904,29.598,587.462,720.374,0.047,-29.622,-49.499,-14.904,-51.523,5.0,-31.054,269.0,83.0,90.78,-37.63,0.682,2.446,91.744,76.268,182.915,0.671,0.966,37.663,3.758,165.334,0.576,temp_g16_17_0001,single-objective/run1/g17/g17_0.pdb.sc
540.0,798.9969172477722,1.479623920829208,3.370624303817749,0.0,1.479623920829208,153.0,86.95699381828308,0.5683463648253796,2.410245656967163,3.2710728801153843,3.839419244940764,45.0,13.004857540130615,0.2889968342251248,1.28828763961792,4.3191126982371015,4.608109532462226,99.9618513584137,198.0,38,39,271,270,541,run1_g17_g17_1,single-objective/run1/g17/g17_1.pdb,265.803,0.433,37.811,1.649,-71.389,-3.113,1188.921,2293.285,1104.364,35.0,-1.995,-1289.147,249.754,-273.218,1.923,30.974,592.444,741.824,0.038,-29.622,-49.499,-15.902,-51.523,5.0,-33.029,269.0,83.0,90.95,-39.709,0.701,2.482,91.744,74.668,174.589,0.657,1.018,39.713,3.779,166.289,0.576,temp_g12_08_0001,single-objective/run1/g17/g17_1.pdb.sc
540.0,799.2798075675964,1.4801477917918453,3.370624303817749,0.0,1.4801477917918453,150.0,86.90508985519409,0.5793672657012939,2.410245656967163,3.235976045926412,3.815343311627706,44.0,13.155877351760864,0.29899721254001965,1.28828763961792,4.332373071800578,4.631370284340599,100.06096720695496,194.0,38,39,271,270,541,run1_g17_g17_10,single-objective/run1/g17/g17_10.pdb,269.221,0.446,190.022,8.345,88.421,3.883,1192.295,2277.178,1084.882,37.0,-1.995,-1296.553,246.773,-273.063,1.964,30.244,601.632,740.365,-0.031,-29.622,-49.499,-14.904,-51.523,5.0,-33.666,269.0,83.0,90.971,-38.501,0.699,3.393,91.744,76.042,178.233,0.675,2.973,115.933,3.765,165.647,0.576,temp_g16_00_0001,single-objective/run1/g17/g17_10.pdb.sc
533.0,789.3245205879211,1.4809090442550115,3.370624303817749,0.0,1.4809090442550115,147.0,87.12650549411774,0.5926973162865152,2.4274275302886963,3.2720207559819126,3.8647180722684276,44.0,11.936083316802979,0.27127462083643133,0.8472099304199219,4.447700928558003,4.718975549394434,99.06258881092072,191.0,38,39,264,270,534,run1_g17_g17_11,single-objective/run1/g17/g17_11.pdb,278.177,0.484,44.308,1.955,-61.868,-2.729,1148.089,2266.944,1118.855,34.0,-1.995,-1273.904,247.549,-274.511,1.893,30.319,589.521,739.613,0.056,-29.622,-49.499,-16.258,-51.523,5.0,-32.126,269.0,83.0,91.054,-36.509,0.708,2.631,91.744,77.723,174.132,0.658,1.057,41.239,4.025,177.114,0.576,temp_g16_05_0001,single-objective/run1/g17/g17_11.pdb.sc
540.0,798.9969172477722,1.479623920829208,3.370624303817749,0.0,1.479623920829208,153.0,86.95699381828308,0.5683463648253796,2.410245656967163,3.2710728801153843,3.839419244940764,45.0,13.004857540130615,0.2889968342251248,1.28828763961792,4.3191126982371015,4.608109532462226,99.9618513584137,198.0,38,39,271,270,541,run1_g17_g17_12,single-objective/run1/g17/g17_12.pdb,265.803,0.433,37.811,1.649,-71.389,-3.113,1188.921,2293.285,1104.364,35.0,-1.995,-1289.147,249.754,-273.218,1.923,30.974,592.444,741.824,0.038,-29.622,-49.499,-15.902,-51.523,5.0,-33.029,269.0,83.0,90.95,-39.709,0.701,2.482,91.744,74.668,174.589,0.657,1.018,39.713,3.779,166.289,0.576,temp_g12_08_0001,single-objective/run1/g17/g17_12.pdb.sc
540.0,798.9969172477722,1.479623920829208,3.370624303817749,0.0,1.479623920829208,153.0,86.95699381828308,0.5683463648253796,2.410245656967163,3.2710728801153843,3.839419244940764,45.0,13.004857540130615,0.2889968342251248,1.28828763961792,4.3191126982371015,4.608109532462226,99.9618513584137,198.0,38,39,271,270,541,run1_g17_g17_13,single-objective/run1/g17/g17_13.pdb,265.803,0.433,37.811,1.649,-71.389,-3.113,1188.921,2293.285,1104.364,35.0,-1.995,-1289.147,249.754,-273.218,1.923,30.974,592.444,741.824,0.038,-29.622,-49.499,-15.902,-51.523,5.0,-33.029,269.0,83.0,90.95,-39.709,0.701,2.482,91.744,74.668,174.589,0.657,1.018,39.713,3.779,166.289,0.576,temp_g12_08_0001,single-objective/run1/g17/g17_13.pdb.sc
545.0,804.9406577348709,1.476955335293341,3.370624303817749,0.0,1.476955335293341,153.0,91.44771158695221,0.5976974613526288,2.410245656967163,3.2203288226345785,3.8180262839872072,43.0,12.901567459106445,0.30003645253735917,1.28828763961792,4.258756044299104,4.558792496836463,104.34927904605865,196.0,38,39,276,270,546,run1_g17_g17_14,single-objective/run1/g17/g17_14.pdb,394.195,0.592,171.59,7.322,81.768,3.489,1151.445,2343.527,1192.082,35.0,-1.995,-1305.035,254.989,-273.804,1.945,32.297,815.942,758.862,-0.033,-29.622,-49.499,-15.902,-51.523,5.0,-32.5,269.0,83.0,92.66,-42.5,0.707,3.692,1.946,65.011,172.346,0.631,2.709,105.662,4.562,200.747,0.576,temp_g16_18_0001,single-objective/run1/g17/g17_14.pdb.sc
537.0,794.8255368471146,1.4801220425458372,3.370624303817749,0.0,1.4801220425458372,149.0,87.3674705028534,0.5863588624352577,2.4274275302886963,3.2670349930756846,3.853393855510942,45.0,12.721953868865967,0.28271008597479924,1.28828763961792,4.369093587663438,4.651803673638238,100.08942437171936,194.0,38,39,268,270,538,run1_g17_g17_15,single-objective/run1/g17/g17_15.pdb,266.232,0.438,34.956,1.523,-72.066,-3.139,1197.14,2295.648,1098.507,36.0,-1.995,-1280.794,247.46,-273.406,1.915,30.545,589.38,735.984,0.048,-29.622,-49.499,-15.902,-51.523,5.0,-32.54,269.0,83.0,91.009,-38.605,0.672,2.485,91.744,75.413,176.091,0.677,0.999,38.978,3.802,167.274,0.576,temp_g17_07_0001,single-objective/run1/g17/g17_15.pdb.sc
545.0,805.2114119529724,1.4774521320238025,3.370624303817749,0.0,1.4774521320238025,154.0,94.38647973537445,0.6128992190608731,2.4274275302886963,3.218423450922037,3.83132266998291,48.0,13.627733707427979,0.28391111890474957,1.28828763961792,4.318337058027585,4.602248176932335,108.01421344280243,202.0,38,39,276,270,546,run1_g17_g17_16,single-objective/run1/g17/g17_16.pdb,200.634,0.191,54.12,2.246,-55.525,-2.305,1294.424,2409.295,1114.871,35.0,-1.995,-1298.72,244.242,-274.154,1.935,30.846,494.398,750.786,0.049,-30.764,-48.639,-15.233,-51.523,5.0,-31.032,269.0,83.0,91.156,-30.516,0.653,2.461,108.196,82.801,178.266,0.645,1.18,46.024,3.596,158.215,0.585,temp_g13_00_0001,single-objective/run1/g17/g17_16.pdb.sc
537.0,794.2503618001938,1.4790509530729865,3.370624303817749,0.0,1.4790509530729865,147.0,88.32304167747498,0.6008370182141155,2.410245656967163,3.2108175349073345,3.81165455312145,41.0,11.483242273330688,0.2800790798373339,0.8472099304199219,4.352845569936241,4.6329246497735745,99.80628395080566,188.0,38,39,268,270,538,run1_g17_g17_17,single-objective/run1/g17/g17_17.pdb,221.341,0.229,100.322,4.439,-4.733,-0.209,1202.719,2260.097,1057.378,36.0,-1.995,-1289.5,247.47,-284.186,1.944,31.306,626.914,752.005,1.238,-32.107,-48.639,-16.231,-51.523,7.0,-31.499,269.0,83.0,93.79,-39.128,0.677,3.289,18.397,64.434,179.313,0.651,1.756,68.495,4.647,204.483,0.576,temp_g17_15_0001,single-objective/run1/g17/g17_17.pdb.sc
545.0,805.0886214971542,1.4772268284351453,3.2051174640655518,0.0,1.4772268284351453,153.0,90.10848593711853,0.5889443525301865,2.410245656967163,3.239195856393552,3.8281402089237386,43.0,12.689062595367432,0.2950944789620333,1.28828763961792,4.253998135411462,4.549092614373495,102.79754853248596,196.0,38,39,276,270,546,run1_g17_g17_18,single-objective/run1/g17/g17_18.pdb,-84.558,-0.435,31.649,1.292,61.261,2.501,1285.255,2449.246,1163.991,32.0,-1.995,-1295.36,249.717,-284.859,1.98,32.456,328.106,756.878,-0.076,-32.107,-48.639,-17.969,-51.523,7.0,-31.913,269.0,83.0,93.067,-39.174,0.661,1.151,18.397,65.345,172.452,0.65,0.874,34.081,1.397,61.458,0.585,temp_g8_17_0001,single-objective/run1/g17/g17_18.pdb.sc
540.0,798.9969172477722,1.479623920829208,3.370624303817749,0.0,1.479623920829208,153.0,86.95699381828308,0.5683463648253796,2.410245656967163,3.2710728801153843,3.839419244940764,45.0,13.004857540130615,0.2889968342251248,1.28828763961792,4.3191126982371015,4.608109532462226,99.9618513584137,198.0,38,39,271,270,541,run1_g17_g17_19,single-objective/run1/g17/g17_19.pdb,265.803,0.433,37.811,1.649,-71.389,-3.113,1188.921,2293.285,1104.364,35.0,-1.995,-1289.147,249.754,-273.218,1.923,30.974,592.444,741.824,0.038,-29.622,-49.499,-15.902,-51.523,5.0,-33.029,269.0,83.0,90.95,-39.709,0.701,2.482,91.744,74.668,174.589,0.657,1.018,39.713,3.779,166.289,0.576,temp_g12_08_0001,single-objective/run1/g17/g17_19.pdb.sc
545.0,805.5168045759201,1.4780124854604038,3.370624303817749,0.0,1.4780124854604038,159.0,91.40821099281311,0.5748944087598309,2.410245656967163,3.2351484793537066,3.8100428881135375,45.0,13.267853260040283,0.2948411835564507,1.28828763961792,4.294174369176229,4.58901555273268,104.6760642528534,204.0,38,39,276,270,546,run1_g17_g17_2,single-objective/run1/g17/g17_2.pdb,672.62,1.856,98.646,4.319,10.364,0.454,1162.786,2283.812,1121.026,39.0,-1.995,-1306.272,256.881,-274.595,1.942,31.936,992.522,758.008,-0.337,-29.622,-49.499,-16.205,-51.523,5.0,-32.571,269.0,83.0,90.945,-37.498,0.695,5.537,91.744,77.185,170.66,0.648,1.829,71.325,8.824,388.247,0.576,temp_g16_01_0001,single-objective/run1/g17/g17_2.pdb.sc
547.0,807.3329244852066,1.4759285639583302,3.370624303817749,0.0,1.4759285639583302,152.0,90.35662245750427,0.5944514635362124,2.410245656967163,3.188063234090805,3.7825146976270174,43.0,12.80140995979309,0.2977072083672812,1.28828763961792,4.198484065920808,4.496191274288089,103.15803241729736,195.0,38,39,278,270,548,run1_g17_g17_20,single-objective/run1/g17/g17_20.pdb,222.724,0.229,110.452,4.64,5.259,0.221,1281.97,2380.302,1098.332,38.0,-1.995,-1301.183,246.94,-284.045,1.925,31.826,640.505,756.904,-0.916,-32.107,-48.639,-16.231,-51.523,6.0,-31.78,269.0,83.0,93.79,-40.035,0.709,3.312,18.397,64.448,174.943,0.662,1.902,74.197,4.562,200.736,0.585,temp_g16_03_0001,single-objective/run1/g17/g17_20.pdb.sc
540.0,798.6825231313705,1.479041709502538,3.370624303817749,0.0,1.479041709502538,150.0,86.8950526714325,0.5793003511428833,2.410245656967163,3.2439292669296265,3.8232296180725096,44.0,13.013949871063232,0.29577158797870984,1.28828763961792,4.342732413248583,4.638504001227292,99.90900254249573,194.0,38,39,271,270,541,run1_g17_g17_21,single-objective/run1/g17/g17_21.pdb,174.83,0.107,37.713,1.644,-67.155,-2.928,1168.369,2293.569,1125.199,32.0,-1.995,-1285.545,249.07,-272.556,1.886,30.91,470.14,747.474,0.052,-29.622,-48.639,-15.902,-51.523,5.0,-33.309,269.0,83.0,91.052,-34.546,0.694,2.232,108.196,79.493,169.67,0.661,1.027,40.039,3.301,145.234,0.576,temp_g17_10_0001,single-objective/run1/g17/g17_21.pdb.sc
546.0,806.4800673723221,1.4770697204621284,3.370624303817749,0.0,1.4770697204621284,154.0,91.74041986465454,0.5957170121081463,2.410245656967163,3.199189551464923,3.794906563573069,42.0,12.485549926757812,0.2972749982561384,1.28828763961792,4.2172072160811656,4.514482214337304,104.22596979141235,196.0,38,39,277,270,547,run1_g17_g17_22,single-objective/run1/g17/g17_22.pdb,369.91,0.773,33.394,1.413,-71.983,-3.046,1268.248,2363.219,1094.97,39.0,-1.995,-1301.351,249.791,-283.279,1.914,32.168,782.423,760.164,0.067,-32.107,-48.639,-16.231,-51.523,6.0,-31.749,269.0,83.0,93.017,-39.814,0.669,3.542,18.397,65.501,172.639,0.658,0.897,34.973,5.887,259.019,0.585,temp_g15_19_0001,single-objective/run1/g17/g17_22.pdb.sc
540.0,798.9969172477722,1.479623920829208,3.370624303817749,0.0,1.479623920829208,153.0,86.95699381828308,0.5683463648253796,2.410245656967163,3.2710728801153843,3.839419244940764,45.0,13.004857540130615,0.2889968342251248,1.28828763961792,4.3191126982371015,4.608109532462226,99.9618513584137,198.0,38,39,271,270,541,run1_g17_g17_23,single-objective/run1/g17/g17_23.pdb,265.803,0.433,37.811,1.649,-71.389,-3.113,1188.921,2293.285,1104.364,35.0,-1.995,-1289.147,249.754,-273.218,1.923,30.974,592.444,741.824,0.038,-29.622,-49.499,-15.902,-51.523,5.0,-33.029,269.0,83.0,90.95,-39.709,0.701,2.482,91.744,74.668,174.589,0.657,1.018,39.713,3.779,166.289,0.576,temp_g12_08_0001,single-objective/run1/g17/g17_23.pdb.sc
538.0,795.9258595705032,1.479416095855954,3.2051174640655518,0.0,1.479416095855954,151.0,90.28429710865021,0.5979092523751669,2.4274275302886963,3.24831205093308,3.846221303308247,42.0,13.169422626495361,0.3135576815832229,1.28828763961792,4.349822929927281,4.663380611510504,103.45371973514557,193.0,38,39,269,270,539,run1_g17_g17_24,single-objective/run1/g17/g17_24.pdb,-43.009,-0.267,59.979,2.567,106.211,4.546,1216.21,2336.369,1120.159,31.0,-1.995,-1290.68,243.03,-282.106,1.9,31.214,363.768,755.146,-0.037,-32.107,-48.639,-18.103,-51.523,6.0,-31.391,269.0,83.0,92.287,-38.132,0.707,1.702,18.397,65.977,179.374,0.65,1.332,51.959,2.029,89.275,0.576,temp_g17_16_0001,single-objective/run1/g17/g17_24.pdb.sc
540.0,798.9969172477722,1.479623920829208,3.370624303817749,0.0,1.479623920829208,153.0,86.95699381828308,0.5683463648253796,2.410245656967163,3.2710728801153843,3.839419244940764,45.0,13.004857540130615,0.2889968342251248,1.28828763961792,4.3191126982371015,4.608109532462226,99.9618513584137,198.0,38,39,271,270,541,run1_g17_g17_3,single-objective/run1/g17/g17_3.pdb,265.803,0.433,37.811,1.649,-71.389,-3.113,1188.921,2293.285,1104.364,35.0,-1.995,-1289.147,249.754,-273.218,1.923,30.974,592.444,741.824,0.038,-29.622,-49.499,-15.902,-51.523,5.0,-33.029,269.0,83.0,90.95,-39.709,0.701,2.482,91.744,74.668,174.589,0.657,1.018,39.713,3.779,166.289,0.576,temp_g12_08_0001,single-objective/run1/g17/g17_3.pdb.sc
541.0,801.0510340929031,1.480685830116272,3.370624303817749,0.0,1.480685830116272,154.0,88.43766212463379,0.5742705332768427,2.410245656967163,3.2734467998727577,3.8477173331496,44.0,12.858108043670654,0.29222972826524213,1.28828763961792,4.34627427296205,4.638504001227292,101.29577016830444,198.0,38,39,272,270,542,run1_g17_g17_4,single-objective/run1/g17/g17_4.pdb,380.308,0.858,35.641,1.554,-71.429,-3.115,1188.921,2293.285,1104.364,35.0,-1.995,-1293.317,252.422,-273.078,1.926,31.257,704.911,745.454,0.049,-29.622,-49.499,-15.902,-51.523,5.0,-33.306,269.0,83.0,90.921,-40.024,0.656,3.171,91.744,75.116,174.246,0.661,0.991,38.632,5.104,224.576,0.576,temp_g17_05_0001,single-objective/run1/g17/g17_4.pdb.sc
542.0,801.6809426546097,1.4791161303590585,3.370624303817749,0.0,1.4791161303590585,155.0,87.35081315040588,0.5635536332284251,2.410245656967163,3.2628187133419897,3.8263723465704147,44.0,12.663174390792847,0.2877994179725647,1.28828763961792,4.326733946800232,4.614533364772797,100.01398754119873,199.0,38,39,273,270,543,run1_g17_g17_5,single-objective/run1/g17/g17_5.pdb,450.463,0.871,73.685,3.21,-28.178,-1.228,1187.477,2295.552,1108.075,36.0,-1.995,-1298.763,252.73,-274.354,1.973,31.15,775.904,739.716,0.124,-29.622,-49.499,-15.902,-51.523,5.0,-32.653,269.0,83.0,91.093,-35.052,0.695,3.862,91.744,80.161,174.777,0.663,1.61,62.78,5.858,257.773,0.576,temp_g17_00_0001,single-objective/run1/g17/g17_5.pdb.sc
528.0,782.4141869544983,1.4818450510501862,3.370624303817749,0.0,1.4818450510501862,146.0,86.15448665618896,0.5900992236725272,2.4274275302886963,3.2772331874664515,3.8673324111389786,42.0,11.857287406921387,0.2823163668314616,1.28828763961792,4.368038325082688,4.65035469191415,98.01177406311035,188.0,38,39,259,270,529,run1_g17_g17_6,single-objective/run1/g17/g17_6.pdb,259.469,0.426,32.425,1.426,-75.093,-3.303,1223.794,2273.278,1049.484,35.0,-1.995,-1270.194,237.908,-273.64,1.904,29.598,587.462,720.374,0.047,-29.622,-49.499,-14.904,-51.523,5.0,-31.054,269.0,83.0,90.78,-37.63,0.682,2.446,91.744,76.268,182.915,0.671,0.966,37.663,3.758,165.334,0.576,temp_g16_17_0001,single-objective/run1/g17/g17_6.pdb.sc
539.0,796.9206047058105,1.478516891847515,3.2051174640655518,0.0,1.478516891847515,147.0,86.54275786876678,0.5887262440052162,2.410245656967163,3.234400792186763,3.823127036191979,42.0,11.668540954589844,0.27782240368071054,0.8472099304199219,4.324226265861874,4.602048669542585,98.21129882335663,189.0,38,39,270,270,540,run1_g17_g17_7,single-objective/run1/g17/g17_7.pdb,-89.27,-0.456,22.32,0.962,55.809,2.405,1208.799,2320.454,1111.655,33.0,-1.995,-1287.484,247.84,-283.24,1.944,31.934,318.215,752.538,-0.116,-32.107,-48.639,-17.969,-51.523,8.0,-31.331,269.0,83.0,93.067,-38.992,0.68,1.063,18.397,65.209,174.282,0.656,0.744,29.014,1.346,59.234,0.585,temp_g16_12_0001,single-objective/run1/g17/g17_7.pdb.sc
530.0,784.3087162971497,1.4798277665983957,3.370624303817749,0.0,1.4798277665983957,147.0,85.60226774215698,0.5823283519874625,2.4274275302886963,3.2630621624641676,3.8453905144516303,43.0,11.733224391937256,0.27286568353342455,1.28828763961792,4.337129820224851,4.609995503758276,97.33549213409424,190.0,38,39,261,270,531,run1_g17_g17_8,single-objective/run1/g17/g17_8.pdb,448.03,0.899,106.806,4.694,-4.799,-0.211,1222.351,2275.546,1053.195,39.0,-1.995,-1277.804,238.602,-272.17,1.905,29.631,765.105,729.07,0.846,-29.622,-49.499,-14.904,-51.523,6.0,-30.568,269.0,83.0,90.923,-33.784,0.621,3.983,91.744,80.512,181.827,0.648,1.843,71.87,5.88,258.701,0.576,temp_g17_06_0001,single-objective/run1/g17/g17_8.pdb.sc
549.0,810.3061934709549,1.475967565520865,3.370624303817749,0.0,1.475967565520865,156.0,92.54574525356293,0.5932419567536085,2.410245656967163,3.2155621900008273,3.808804146754436,44.0,13.227184772491455,0.30061783573844214,1.28828763961792,4.272179164669731,4.572797000408173,105.77293002605438,200.0,38,39,280,270,550,run1_g17_g17_9,single-objective/run1/g17/g17_9.pdb,313.962,0.515,147.293,6.267,60.842,2.589,1141.688,2350.252,1208.564,42.0,-1.995,-1312.978,260.21,-276.669,1.993,32.231,747.58,765.791,-0.065,-30.106,-49.499,-16.689,-51.523,6.0,-33.005,269.0,83.0,92.414,-45.107,0.649,3.397,1.946,58.343,170.448,0.643,2.481,96.757,4.209,185.177,0.576,temp_g17_21_0001,single-objective/run1/g17/g17_9.pdb.sc
528.0,782.4141869544983,1.4818450510501862,3.370624303817749,0.0,1.4818450510501862,146.0,86.15448665618896,0.5900992236725272,2.4274275302886963,3.2772331874664515,3.8673324111389786,42.0,11.857287406921387,0.2823163668314616,1.28828763961792,4.368038325082688,4.65035469191415,98.01177406311035,188.0,38,39,259,270,529,run1_g18_g18_0,single-objective/run1/g18/g18_0.pdb,259.469,0.426,32.425,1.426,-75.093,-3.303,1223.794,2273.278,1049.484,35.0,-1.995,-1270.194,237.908,-273.64,1.904,29.598,587.462,720.374,0.047,-29.622,-49.499,-14.904,-51.523,5.0,-31.054,269.0,83.0,90.78,-37.63,0.682,2.446,91.744,76.268,182.915,0.671,0.966,37.663,3.758,165.334,0.576,temp_g16_17_0001,single-objective/run1/g18/g18_0.pdb.sc
528.0,782.4141869544983,1.4818450510501862,3.370624303817749,0.0,1.4818450510501862,146.0,86.15448665618896,0.5900992236725272,2.4274275302886963,3.2772331874664515,3.8673324111389786,42.0,11.857287406921387,0.2823163668314616,1.28828763961792,4.368038325082688,4.65035469191415,98.01177406311035,188.0,38,39,259,270,529,run1_g18_g18_1,single-objective/run1/g18/g18_1.pdb,259.469,0.426,32.425,1.426,-75.093,-3.303,1223.794,2273.278,1049.484,35.0,-1.995,-1270.194,237.908,-273.64,1.904,29.598,587.462,720.374,0.047,-29.622,-49.499,-14.904,-51.523,5.0,-31.054,269.0,83.0,90.78,-37.63,0.682,2.446,91.744,76.268,182.915,0.671,0.966,37.663,3.758,165.334,0.576,temp_g16_17_0001,single-objective/run1/g18/g18_1.pdb.sc
540.0,798.014332652092,1.4778043197260962,3.370624303817749,0.0,1.4778043197260962,150.0,87.66024613380432,0.5844016408920288,2.410245656967163,3.2577268759409588,3.8421285168329873,44.0,12.711414337158203,0.28889578038995917,1.1082782745361328,4.312631276520816,4.601527056910775,100.37166047096252,194.0,38,39,271,270,541,run1_g18_g18_10,single-objective/run1/g18/g18_10.pdb,283.021,0.497,39.135,1.723,-72.183,-3.178,1183.135,2271.391,1088.256,34.0,-1.995,-1292.299,251.711,-272.833,1.976,31.181,609.883,738.722,0.038,-29.622,-49.499,-15.902,-51.523,5.0,-31.855,269.0,83.0,90.748,-39.54,0.673,2.647,91.744,74.768,176.779,0.606,1.035,40.373,4.075,179.293,0.576,temp_g18_01_0001,single-objective/run1/g18/g18_10.pdb.sc
530.0,784.3087162971497,1.4798277665983957,3.370624303817749,0.0,1.4798277665983957,147.0,85.60226774215698,0.5823283519874625,2.4274275302886963,3.2630621624641676,3.8453905144516303,43.0,11.733224391937256,0.27286568353342455,1.28828763961792,4.337129820224851,4.609995503758276,97.33549213409424,190.0,38,39,261,270,531,run1_g18_g18_11,single-objective/run1/g18/g18_11.pdb,448.03,0.899,106.806,4.694,-4.799,-0.211,1222.351,2275.546,1053.195,39.0,-1.995,-1277.804,238.602,-272.17,1.905,29.631,765.105,729.07,0.846,-29.622,-49.499,-14.904,-51.523,6.0,-30.568,269.0,83.0,90.923,-33.784,0.621,3.983,91.744,80.512,181.827,0.648,1.843,71.87,5.88,258.701,0.576,temp_g17_06_0001,single-objective/run1/g18/g18_11.pdb.sc
547.0,807.3329244852066,1.4759285639583302,3.370624303817749,0.0,1.4759285639583302,152.0,90.35662245750427,0.5944514635362124,2.410245656967163,3.188063234090805,3.7825146976270174,43.0,12.80140995979309,0.2977072083672812,1.28828763961792,4.198484065920808,4.496191274288089,103.15803241729736,195.0,38,39,278,270,548,run1_g18_g18_12,single-objective/run1/g18/g18_12.pdb,222.724,0.229,110.452,4.64,5.259,0.221,1281.97,2380.302,1098.332,38.0,-1.995,-1301.183,246.94,-284.045,1.925,31.826,640.505,756.904,-0.916,-32.107,-48.639,-16.231,-51.523,6.0,-31.78,269.0,83.0,93.79,-40.035,0.709,3.312,18.397,64.448,174.943,0.662,1.902,74.197,4.562,200.736,0.585,temp_g16_03_0001,single-objective/run1/g18/g18_12.pdb.sc
536.0,793.4343793392181,1.4802880211552578,3.370624303817749,0.0,1.4802880211552578,148.0,87.21587181091309,0.5892964311548181,2.4274275302886963,3.2586000755026534,3.8478965066574715,44.0,12.667609214782715,0.2879002094268799,1.28828763961792,4.3582152778452095,4.646115487272089,99.8834810256958,192.0,38,39,267,270,537,run1_g18_g18_13,single-objective/run1/g18/g18_13.pdb,263.974,0.428,34.47,1.498,-73.701,-3.203,1208.421,2301.171,1092.75,36.0,-1.995,-1280.033,246.44,-272.958,1.914,30.514,590.14,732.044,0.047,-29.622,-49.499,-15.902,-51.523,5.0,-32.121,269.0,83.0,91.009,-38.775,0.709,2.452,91.744,74.315,177.706,0.678,0.976,38.055,3.761,165.498,0.576,temp_g18_15_0001,single-objective/run1/g18/g18_13.pdb.sc
530.0,784.6973458528519,1.4805610299110412,3.370624303817749,0.0,1.4805610299110412,144.0,84.78820264339447,0.5888069628013505,2.410245656967163,3.257255937490198,3.8460629002915487,43.0,12.140724182128906,0.2823424228402071,0.8472099304199219,4.469747332639472,4.7520897554796795,96.92892682552338,187.0,38,39,261,270,531,run1_g18_g18_14,single-objective/run1/g18/g18_14.pdb,171.956,0.088,40.083,1.765,-73.717,-3.246,1145.469,2270.84,1125.371,34.0,-1.995,-1270.175,243.199,-272.819,1.857,29.858,458.751,741.198,0.037,-29.622,-48.639,-14.904,-51.523,5.0,-32.666,269.0,83.0,90.823,-32.905,0.665,2.172,108.196,80.83,171.915,0.643,0.971,37.888,3.236,142.37,0.576,temp_g18_19_0001,single-objective/run1/g18/g18_14.pdb.sc
540.0,798.9969172477722,1.479623920829208,3.370624303817749,0.0,1.479623920829208,153.0,86.95699381828308,0.5683463648253796,2.410245656967163,3.2710728801153843,3.839419244940764,45.0,13.004857540130615,0.2889968342251248,1.28828763961792,4.3191126982371015,4.608109532462226,99.9618513584137,198.0,38,39,271,270,541,run1_g18_g18_15,single-objective/run1/g18/g18_15.pdb,265.803,0.433,37.811,1.649,-71.389,-3.113,1188.921,2293.285,1104.364,35.0,-1.995,-1289.147,249.754,-273.218,1.923,30.974,592.444,741.824,0.038,-29.622,-49.499,-15.902,-51.523,5.0,-33.029,269.0,83.0,90.95,-39.709,0.701,2.482,91.744,74.668,174.589,0.657,1.018,39.713,3.779,166.289,0.576,temp_g12_08_0001,single-objective/run1/g18/g18_15.pdb.sc
540.0,798.9969172477722,1.479623920829208,3.370624303817749,0.0,1.479623920829208,153.0,86.95699381828308,0.5683463648253796,2.410245656967163,3.2710728801153843,3.839419244940764,45.0,13.004857540130615,0.2889968342251248,1.28828763961792,4.3191126982371015,4.608109532462226,99.9618513584137,198.0,38,39,271,270,541,run1_g18_g18_16,single-objective/run1/g18/g18_16.pdb,265.803,0.433,37.811,1.649,-71.389,-3.113,1188.921,2293.285,1104.364,35.0,-1.995,-1289.147,249.754,-273.218,1.923,30.974,592.444,741.824,0.038,-29.622,-49.499,-15.902,-51.523,5.0,-33.029,269.0,83.0,90.95,-39.709,0.701,2.482,91.744,74.668,174.589,0.657,1.018,39.713,3.779,166.289,0.576,temp_g12_08_0001,single-objective/run1/g18/g18_16.pdb.sc
533.0,789.3245205879211,1.4809090442550115,3.370624303817749,0.0,1.4809090442550115,147.0,87.12650549411774,0.5926973162865152,2.4274275302886963,3.2720207559819126,3.8647180722684276,44.0,11.936083316802979,0.27127462083643133,0.8472099304199219,4.447700928558003,4.718975549394434,99.06258881092072,191.0,38,39,264,270,534,run1_g18_g18_17,single-objective/run1/g18/g18_17.pdb,278.177,0.484,44.308,1.955,-61.868,-2.729,1148.089,2266.944,1118.855,34.0,-1.995,-1273.904,247.549,-274.511,1.893,30.319,589.521,739.613,0.056,-29.622,-49.499,-16.258,-51.523,5.0,-32.126,269.0,83.0,91.054,-36.509,0.708,2.631,91.744,77.723,174.132,0.658,1.057,41.239,4.025,177.114,0.576,temp_g16_05_0001,single-objective/run1/g18/g18_17.pdb.sc
540.0,797.4745790958405,1.4768047761034082,3.370624303817749,0.0,1.4768047761034082,148.0,90.38283038139343,0.61069479987428,2.410245656967163,3.2030664489075944,3.813761248781874,41.0,11.883747339248657,0.28984749607923554,0.8472099304199219,4.402622909080692,4.692470405159927,102.26657772064209,189.0,38,39,271,270,541,run1_g18_g18_18,single-objective/run1/g18/g18_18.pdb,507.487,0.978,365.343,15.736,276.518,11.91,1147.92,2321.76,1173.84,34.0,-1.995,-1294.63,250.87,-273.097,1.902,32.005,898.124,757.277,-0.012,-29.622,-48.639,-14.904,-51.523,5.0,-31.794,269.0,83.0,92.153,-36.392,0.702,5.743,18.397,69.116,169.661,0.614,5.198,202.724,6.225,273.912,0.576,temp_g18_14_0001,single-objective/run1/g18/g18_18.pdb.sc
540.0,798.6825231313705,1.479041709502538,3.370624303817749,0.0,1.479041709502538,150.0,86.8950526714325,0.5793003511428833,2.410245656967163,3.2439292669296265,3.8232296180725096,44.0,13.013949871063232,0.29577158797870984,1.28828763961792,4.342732413248583,4.638504001227292,99.90900254249573,194.0,38,39,271,270,541,run1_g18_g18_19,single-objective/run1/g18/g18_19.pdb,174.83,0.107,37.713,1.644,-67.155,-2.928,1168.369,2293.569,1125.199,32.0,-1.995,-1285.545,249.07,-272.556,1.886,30.91,470.14,747.474,0.052,-29.622,-48.639,-15.902,-51.523,5.0,-33.309,269.0,83.0,91.052,-34.546,0.694,2.232,108.196,79.493,169.67,0.661,1.027,40.039,3.301,145.234,0.576,temp_g17_10_0001,single-objective/run1/g18/g18_19.pdb.sc
537.0,794.8255368471146,1.4801220425458372,3.370624303817749,0.0,1.4801220425458372,149.0,87.3674705028534,0.5863588624352577,2.4274275302886963,3.2670349930756846,3.853393855510942,45.0,12.721953868865967,0.28271008597479924,1.28828763961792,4.369093587663438,4.651803673638238,100.08942437171936,194.0,38,39,268,270,538,run1_g18_g18_2,single-objective/run1/g18/g18_2.pdb,266.232,0.438,34.956,1.523,-72.066,-3.139,1197.14,2295.648,1098.507,36.0,-1.995,-1280.794,247.46,-273.406,1.915,30.545,589.38,735.984,0.048,-29.622,-49.499,-15.902,-51.523,5.0,-32.54,269.0,83.0,91.009,-38.605,0.672,2.485,91.744,75.413,176.091,0.677,0.999,38.978,3.802,167.274,0.576,temp_g17_07_0001,single-objective/run1/g18/g18_2.pdb.sc
546.0,806.4800673723221,1.4770697204621284,3.370624303817749,0.0,1.4770697204621284,154.0,91.74041986465454,0.5957170121081463,2.410245656967163,3.199189551464923,3.794906563573069,42.0,12.485549926757812,0.2972749982561384,1.28828763961792,4.2172072160811656,4.514482214337304,104.22596979141235,196.0,38,39,277,270,547,run1_g18_g18_20,single-objective/run1/g18/g18_20.pdb,369.91,0.773,33.394,1.413,-71.983,-3.046,1268.248,2363.219,1094.97,39.0,-1.995,-1301.351,249.791,-283.279,1.914,32.168,782.423,760.164,0.067,-32.107,-48.639,-16.231,-51.523,6.0,-31.749,269.0,83.0,93.017,-39.814,0.669,3.542,18.397,65.501,172.639,0.658,0.897,34.973,5.887,259.019,0.585,temp_g15_19_0001,single-objective/run1/g18/g18_20.pdb.sc
545.0,805.2114119529724,1.4774521320238025,3.370624303817749,0.0,1.4774521320238025,154.0,94.38647973537445,0.6128992190608731,2.4274275302886963,3.218423450922037,3.83132266998291,48.0,13.627733707427979,0.28391111890474957,1.28828763961792,4.318337058027585,4.602248176932335,108.01421344280243,202.0,38,39,276,270,546,run1_g18_g18_21,single-objective/run1/g18/g18_21.pdb,200.634,0.191,54.12,2.246,-55.525,-2.305,1294.424,2409.295,1114.871,35.0,-1.995,-1298.72,244.242,-274.154,1.935,30.846,494.398,750.786,0.049,-30.764,-48.639,-15.233,-51.523,5.0,-31.032,269.0,83.0,91.156,-30.516,0.653,2.461,108.196,82.801,178.266,0.645,1.18,46.024,3.596,158.215,0.585,temp_g13_00_0001,single-objective/run1/g18/g18_21.pdb.sc
541.0,801.0510340929031,1.480685830116272,3.370624303817749,0.0,1.480685830116272,154.0,88.43766212463379,0.5742705332768427,2.410245656967163,3.2734467998727577,3.8477173331496,44.0,12.858108043670654,0.29222972826524213,1.28828763961792,4.34627427296205,4.638504001227292,101.29577016830444,198.0,38,39,272,270,542,run1_g18_g18_22,single-objective/run1/g18/g18_22.pdb,380.308,0.858,35.641,1.554,-71.429,-3.115,1188.921,2293.285,1104.364,35.0,-1.995,-1293.317,252.422,-273.078,1.926,31.257,704.911,745.454,0.049,-29.622,-49.499,-15.902,-51.523,5.0,-33.306,269.0,83.0,90.921,-40.024,0.656,3.171,91.744,75.116,174.246,0.661,0.991,38.632,5.104,224.576,0.576,temp_g17_05_0001,single-objective/run1/g18/g18_22.pdb.sc
542.0,800.6763743162155,1.47726268324025,3.370624303817749,0.0,1.47726268324025,156.0,89.97678744792938,0.5767742785123678,2.410245656967163,3.2582221313928947,3.8349964099052625,42.0,12.16612195968628,0.28966957046872094,1.28828763961792,4.268644156910124,4.558313727378845,102.14290940761566,198.0,38,39,273,270,543,run1_g18_g18_23,single-objective/run1/g18/g18_23.pdb,292.892,0.445,147.186,6.295,58.631,2.508,1165.809,2337.956,1172.146,40.0,-1.995,-1296.524,250.247,-275.104,1.934,31.584,725.933,749.947,-0.047,-29.622,-49.499,-16.205,-51.523,5.0,-32.067,269.0,83.0,92.414,-44.726,0.692,3.22,1.946,59.69,175.887,0.638,2.46,95.935,3.893,171.296,0.576,temp_g18_02_0001,single-objective/run1/g18/g18_23.pdb.sc
544.0,803.507621884346,1.477036069640342,3.2051174640655518,0.0,1.477036069640342,151.0,90.21164131164551,0.5974280881565928,2.410245656967163,3.220912015990706,3.8183401041472984,42.0,12.644544839859009,0.3010605914252145,1.28828763961792,4.239799005644662,4.540859597069876,102.85618615150452,193.0,38,39,275,270,545,run1_g18_g18_24,single-objective/run1/g18/g18_24.pdb,220.649,-0.113,149.81,6.103,215.968,8.798,1278.667,2454.834,1176.167,35.0,-1.995,-1297.415,247.148,-287.101,1.982,31.689,660.879,760.065,-0.022,-32.107,-49.499,-16.971,-51.523,6.0,-32.321,269.0,84.0,93.381,-45.246,0.721,2.218,1.946,60.331,176.824,0.646,2.301,92.057,2.141,94.214,0.585,temp_g18_18_0001,single-objective/run1/g18/g18_24.pdb.sc
529.0,783.9342521429062,1.4819173008372517,3.370624303817749,0.0,1.4819173008372517,147.0,86.9135217666626,0.5912484473922626,2.4274275302886963,3.273135478804712,3.8643839261969744,43.0,12.18514633178711,0.28337549608807233,1.28828763961792,4.368682151617006,4.652057647705078,99.0986680984497,190.0,38,39,260,270,530,run1_g18_g18_3,single-objective/run1/g18/g18_3.pdb,275.957,0.487,32.407,1.426,-74.866,-3.293,1223.794,2273.278,1049.484,35.0,-1.995,-1274.271,240.884,-274.051,1.953,29.775,604.833,720.74,0.047,-29.622,-49.499,-14.904,-51.523,5.0,-31.131,269.0,83.0,90.78,-37.281,0.679,2.604,91.744,76.374,182.576,0.671,0.965,37.654,4.055,178.437,0.576,temp_g18_00_0001,single-objective/run1/g18/g18_3.pdb.sc
531.0,786.6765904426575,1.4815001703251554,3.370624303817749,0.0,1.4815001703251554,147.0,87.39840495586395,0.5945469724888705,2.4274275302886963,3.264133113582118,3.8586800860709887,43.0,11.935111999511719,0.2775607441746911,0.8472099304199219,4.466062335080879,4.74362307925557,99.33351695537567,190.0,38,39,262,270,532,run1_g18_g18_4,single-objective/run1/g18/g18_4.pdb,277.67,0.487,49.66,2.191,-60.004,-2.647,1148.089,2266.944,1118.855,34.0,-1.995,-1273.636,245.08,-275.403,1.889,29.573,589.681,740.866,0.058,-29.622,-49.499,-15.26,-51.523,5.0,-32.252,269.0,83.0,91.054,-36.398,0.709,2.652,91.744,77.612,175.182,0.658,1.061,41.387,4.062,178.748,0.576,temp_g18_11_0001,single-objective/run1/g18/g18_4.pdb.sc
540.0,798.9969172477722,1.479623920829208,3.370624303817749,0.0,1.479623920829208,153.0,86.95699381828308,0.5683463648253796,2.410245656967163,3.2710728801153843,3.839419244940764,45.0,13.004857540130615,0.2889968342251248,1.28828763961792,4.3191126982371015,4.608109532462226,99.9618513584137,198.0,38,39,271,270,541,run1_g18_g18_5,single-objective/run1/g18/g18_5.pdb,265.803,0.433,37.811,1.649,-71.389,-3.113,1188.921,2293.285,1104.364,35.0,-1.995,-1289.147,249.754,-273.218,1.923,30.974,592.444,741.824,0.038,-29.622,-49.499,-15.902,-51.523,5.0,-33.029,269.0,83.0,90.95,-39.709,0.701,2.482,91.744,74.668,174.589,0.657,1.018,39.713,3.779,166.289,0.576,temp_g12_08_0001,single-objective/run1/g18/g18_5.pdb.sc
528.0,782.4141869544983,1.4818450510501862,3.370624303817749,0.0,1.4818450510501862,146.0,86.15448665618896,0.5900992236725272,2.4274275302886963,3.2772331874664515,3.8673324111389786,42.0,11.857287406921387,0.2823163668314616,1.28828763961792,4.368038325082688,4.65035469191415,98.01177406311035,188.0,38,39,259,270,529,run1_g18_g18_6,single-objective/run1/g18/g18_6.pdb,259.469,0.426,32.425,1.426,-75.093,-3.303,1223.794,2273.278,1049.484,35.0,-1.995,-1270.194,237.908,-273.64,1.904,29.598,587.462,720.374,0.047,-29.622,-49.499,-14.904,-51.523,5.0,-31.054,269.0,83.0,90.78,-37.63,0.682,2.446,91.744,76.268,182.915,0.671,0.966,37.663,3.758,165.334,0.576,temp_g16_17_0001,single-objective/run1/g18/g18_6.pdb.sc
529.0,782.9175587892532,1.4799953852348833,3.370624303817749,0.0,1.4799953852348833,146.0,85.3074038028717,0.584297286321039,2.4274275302886963,3.2544844869064957,3.838781773227535,43.0,11.949528217315674,0.27789600505385287,1.28828763961792,4.338204677714858,4.616100682768711,97.25693202018738,189.0,38,39,260,270,530,run1_g18_g18_7,single-objective/run1/g18/g18_7.pdb,446.046,0.862,68.823,3.022,-13.081,-0.574,1233.117,2277.514,1044.397,37.0,-1.995,-1277.068,237.583,-271.539,1.905,29.6,765.865,725.299,0.267,-29.622,-49.499,-14.904,-51.523,5.0,-30.203,269.0,83.0,90.923,-33.953,0.646,3.863,91.744,79.414,183.442,0.673,1.505,58.702,5.953,261.951,0.576,temp_g18_08_0001,single-objective/run1/g18/g18_7.pdb.sc
528.0,782.4141869544983,1.4818450510501862,3.370624303817749,0.0,1.4818450510501862,146.0,86.15448665618896,0.5900992236725272,2.4274275302886963,3.2772331874664515,3.8673324111389786,42.0,11.857287406921387,0.2823163668314616,1.28828763961792,4.368038325082688,4.65035469191415,98.01177406311035,188.0,38,39,259,270,529,run1_g18_g18_8,single-objective/run1/g18/g18_8.pdb,259.469,0.426,32.425,1.426,-75.093,-3.303,1223.794,2273.278,1049.484,35.0,-1.995,-1270.194,237.908,-273.64,1.904,29.598,587.462,720.374,0.047,-29.622,-49.499,-14.904,-51.523,5.0,-31.054,269.0,83.0,90.78,-37.63,0.682,2.446,91.744,76.268,182.915,0.671,0.966,37.663,3.758,165.334,0.576,temp_g16_17_0001,single-objective/run1/g18/g18_8.pdb.sc
540.0,798.9969172477722,1.479623920829208,3.370624303817749,0.0,1.479623920829208,153.0,86.95699381828308,0.5683463648253796,2.410245656967163,3.2710728801153843,3.839419244940764,45.0,13.004857540130615,0.2889968342251248,1.28828763961792,4.3191126982371015,4.608109532462226,99.9618513584137,198.0,38,39,271,270,541,run1_g18_g18_9,single-objective/run1/g18/g18_9.pdb,265.803,0.433,37.811,1.649,-71.389,-3.113,1188.921,2293.285,1104.364,35.0,-1.995,-1289.147,249.754,-273.218,1.923,30.974,592.444,741.824,0.038,-29.622,-49.499,-15.902,-51.523,5.0,-33.029,269.0,83.0,90.95,-39.709,0.701,2.482,91.744,74.668,174.589,0.657,1.018,39.713,3.779,166.289,0.576,temp_g12_08_0001,single-objective/run1/g18/g18_9.pdb.sc
528.0,782.4141869544983,1.4818450510501862,3.370624303817749,0.0,1.4818450510501862,146.0,86.15448665618896,0.5900992236725272,2.4274275302886963,3.2772331874664515,3.8673324111389786,42.0,11.857287406921387,0.2823163668314616,1.28828763961792,4.368038325082688,4.65035469191415,98.01177406311035,188.0,38,39,259,270,529,run1_g19_g19_0,single-objective/run1/g19/g19_0.pdb,259.469,0.426,32.425,1.426,-75.093,-3.303,1223.794,2273.278,1049.484,35.0,-1.995,-1270.194,237.908,-273.64,1.904,29.598,587.462,720.374,0.047,-29.622,-49.499,-14.904,-51.523,5.0,-31.054,269.0,83.0,90.78,-37.63,0.682,2.446,91.744,76.268,182.915,0.671,0.966,37.663,3.758,165.334,0.576,temp_g16_17_0001,single-objective/run1/g19/g19_0.pdb.sc
528.0,782.4141869544983,1.4818450510501862,3.370624303817749,0.0,1.4818450510501862,146.0,86.15448665618896,0.5900992236725272,2.4274275302886963,3.2772331874664515,3.8673324111389786,42.0,11.857287406921387,0.2823163668314616,1.28828763961792,4.368038325082688,4.65035469191415,98.01177406311035,188.0,38,39,259,270,529,run1_g19_g19_1,single-objective/run1/g19/g19_1.pdb,259.469,0.426,32.425,1.426,-75.093,-3.303,1223.794,2273.278,1049.484,35.0,-1.995,-1270.194,237.908,-273.64,1.904,29.598,587.462,720.374,0.047,-29.622,-49.499,-14.904,-51.523,5.0,-31.054,269.0,83.0,90.78,-37.63,0.682,2.446,91.744,76.268,182.915,0.671,0.966,37.663,3.758,165.334,0.576,temp_g16_17_0001,single-objective/run1/g19/g19_1.pdb.sc
544.0,803.6507993936539,1.4772992635912754,3.370624303817749,0.0,1.4772992635912754,153.0,90.93505501747131,0.594346764820074,2.410245656967163,3.211084699319079,3.805431464139153,42.0,12.485549926757812,0.2972749982561384,1.28828763961792,4.2172072160811656,4.514482214337304,103.42060494422913,195.0,38,39,275,270,545,run1_g19_g19_10,single-objective/run1/g19/g19_10.pdb,370.844,0.779,36.024,1.524,-71.657,-3.032,1268.248,2363.665,1095.417,38.0,-1.995,-1300.282,250.368,-283.672,1.915,32.292,782.317,760.014,0.057,-32.107,-48.639,-16.231,-51.523,6.0,-32.106,269.0,83.0,93.017,-39.385,0.697,3.56,18.397,66.279,171.6,0.651,0.93,36.281,5.891,259.223,0.585,temp_g19_12_0001,single-objective/run1/g19/g19_10.pdb.sc
528.0,782.4141869544983,1.4818450510501862,3.370624303817749,0.0,1.4818450510501862,146.0,86.15448665618896,0.5900992236725272,2.4274275302886963,3.2772331874664515,3.8673324111389786,42.0,11.857287406921387,0.2823163668314616,1.28828763961792,4.368038325082688,4.65035469191415,98.01177406311035,188.0,38,39,259,270,529,run1_g19_g19_11,single-objective/run1/g19/g19_11.pdb,259.469,0.426,32.425,1.426,-75.093,-3.303,1223.794,2273.278,1049.484,35.0,-1.995,-1270.194,237.908,-273.64,1.904,29.598,587.462,720.374,0.047,-29.622,-49.499,-14.904,-51.523,5.0,-31.054,269.0,83.0,90.78,-37.63,0.682,2.446,91.744,76.268,182.915,0.671,0.966,37.663,3.758,165.334,0.576,temp_g16_17_0001,single-objective/run1/g19/g19_11.pdb.sc
530.0,785.3302870988846,1.4817552586771408,3.370624303817749,0.0,1.4817552586771408,146.0,86.94091439247131,0.5954857150169268,2.4274275302886963,3.260406151209792,3.855891866226719,43.0,12.261709690093994,0.2851560393045115,1.28828763961792,4.366901608400567,4.652057647705078,99.20262408256531,189.0,38,39,261,270,531,run1_g19_g19_12,single-objective/run1/g19/g19_12.pdb,277.564,0.495,36.363,1.6,-71.212,-3.133,1202.73,2273.05,1070.319,35.0,-1.995,-1274.88,242.448,-274.719,1.953,29.794,605.402,724.573,0.038,-29.622,-49.499,-14.904,-51.523,5.0,-31.397,269.0,83.0,90.78,-37.945,0.71,2.632,91.744,75.815,180.962,0.663,0.999,38.948,4.08,179.505,0.576,temp_g19_03_0001,single-objective/run1/g19/g19_12.pdb.sc
529.0,783.9342521429062,1.4819173008372517,3.370624303817749,0.0,1.4819173008372517,147.0,86.9135217666626,0.5912484473922626,2.4274275302886963,3.273135478804712,3.8643839261969744,43.0,12.18514633178711,0.28337549608807233,1.28828763961792,4.368682151617006,4.652057647705078,99.0986680984497,190.0,38,39,260,270,530,run1_g19_g19_13,single-objective/run1/g19/g19_13.pdb,275.957,0.487,32.407,1.426,-74.866,-3.293,1223.794,2273.278,1049.484,35.0,-1.995,-1274.271,240.884,-274.051,1.953,29.775,604.833,720.74,0.047,-29.622,-49.499,-14.904,-51.523,5.0,-31.131,269.0,83.0,90.78,-37.281,0.679,2.604,91.744,76.374,182.576,0.671,0.965,37.654,4.055,178.437,0.576,temp_g18_00_0001,single-objective/run1/g19/g19_13.pdb.sc
535.0,792.1215705871582,1.4806010665180527,3.370624303817749,0.0,1.4806010665180527,147.0,87.56340956687927,0.5956694528359134,2.4274275302886963,3.258123693012056,3.8537931458479693,43.0,12.443767547607422,0.28938994296761444,1.28828763961792,4.346152848975603,4.635542791943218,100.0071771144867,190.0,38,39,266,270,536,run1_g19_g19_14,single-objective/run1/g19/g19_14.pdb,265.305,0.433,34.049,1.492,-76.546,-3.355,1182.388,2281.354,1098.966,36.0,-1.995,-1277.797,246.44,-272.879,1.912,30.514,585.623,732.552,0.036,-29.622,-49.499,-15.902,-51.523,5.0,-32.336,269.0,83.0,91.255,-37.875,0.689,2.471,91.744,76.936,177.179,0.666,0.97,37.84,3.8,167.216,0.576,temp_g19_02_0001,single-objective/run1/g19/g19_14.pdb.sc
532.0,786.87151491642,1.4790817949556767,3.370624303817749,0.0,1.4790817949556767,150.0,88.60679864883423,0.5907119909922282,2.4274275302886963,3.2457479858398437,3.8364599768320717,41.0,11.871702671051025,0.28955372368417137,1.28828763961792,4.3380581344046245,4.6276118580887955,100.47850131988525,191.0,38,39,263,270,533,run1_g19_g19_15,single-objective/run1/g19/g19_15.pdb,371.187,0.75,95.367,4.213,8.108,0.358,1197.659,2263.805,1066.146,39.0,-1.995,-1280.301,241.354,-275.033,1.913,30.168,691.901,733.804,-0.431,-29.622,-49.499,-15.207,-51.523,5.0,-30.676,269.0,83.0,90.825,-35.513,0.625,3.485,91.744,78.299,179.971,0.656,1.786,69.645,4.991,219.621,0.576,temp_g19_00_0001,single-objective/run1/g19/g19_15.pdb.sc
529.0,783.9342521429062,1.4819173008372517,3.370624303817749,0.0,1.4819173008372517,147.0,86.9135217666626,0.5912484473922626,2.4274275302886963,3.273135478804712,3.8643839261969744,43.0,12.18514633178711,0.28337549608807233,1.28828763961792,4.368682151617006,4.652057647705078,99.0986680984497,190.0,38,39,260,270,530,run1_g19_g19_16,single-objective/run1/g19/g19_16.pdb,275.957,0.49,32.487,1.429,-73.402,-3.229,1223.794,2273.278,1049.484,35.0,-1.995,-1274.271,240.884,-274.051,1.953,29.775,604.833,720.74,0.048,-29.622,-49.499,-14.904,-51.523,5.0,-31.131,269.0,83.0,90.78,-37.281,0.693,2.611,91.744,76.374,182.576,0.671,0.981,38.276,4.056,178.478,0.576,temp_g19_08_0001,single-objective/run1/g19/g19_16.pdb.sc
528.0,782.4141869544983,1.4818450510501862,3.370624303817749,0.0,1.4818450510501862,146.0,86.15448665618896,0.5900992236725272,2.4274275302886963,3.2772331874664515,3.8673324111389786,42.0,11.857287406921387,0.2823163668314616,1.28828763961792,4.368038325082688,4.65035469191415,98.01177406311035,188.0,38,39,259,270,529,run1_g19_g19_17,single-objective/run1/g19/g19_17.pdb,259.469,0.426,32.425,1.426,-75.093,-3.303,1223.794,2273.278,1049.484,35.0,-1.995,-1270.194,237.908,-273.64,1.904,29.598,587.462,720.374,0.047,-29.622,-49.499,-14.904,-51.523,5.0,-31.054,269.0,83.0,90.78,-37.63,0.682,2.446,91.744,76.268,182.915,0.671,0.966,37.663,3.758,165.334,0.576,temp_g16_17_0001,single-objective/run1/g19/g19_17.pdb.sc
529.0,782.9175587892532,1.4799953852348833,3.370624303817749,0.0,1.4799953852348833,146.0,85.3074038028717,0.584297286321039,2.4274275302886963,3.2544844869064957,3.838781773227535,43.0,11.949528217315674,0.27789600505385287,1.28828763961792,4.338204677714858,4.616100682768711,97.25693202018738,189.0,38,39,260,270,530,run1_g19_g19_18,single-objective/run1/g19/g19_18.pdb,446.046,0.862,68.823,3.022,-13.081,-0.574,1233.117,2277.514,1044.397,37.0,-1.995,-1277.068,237.583,-271.539,1.905,29.6,765.865,725.299,0.267,-29.622,-49.499,-14.904,-51.523,5.0,-30.203,269.0,83.0,90.923,-33.953,0.646,3.863,91.744,79.414,183.442,0.673,1.505,58.702,5.953,261.951,0.576,temp_g18_08_0001,single-objective/run1/g19/g19_18.pdb.sc
529.0,782.5982872247696,1.4793918473058025,3.370624303817749,0.0,1.4793918473058025,146.0,85.71185183525085,0.587067478323636,2.4274275302886963,3.258107701393023,3.845175179716659,41.0,11.555001735687256,0.28182931062651845,1.28828763961792,4.38795071694909,4.669780027575609,97.26685357093811,187.0,38,39,260,270,530,run1_g19_g19_19,single-objective/run1/g19/g19_19.pdb,353.671,0.555,105.127,4.619,-5.149,-0.226,1222.863,2276.058,1053.195,40.0,-1.995,-1273.371,236.354,-270.584,1.868,29.549,640.182,730.75,0.789,-29.622,-48.639,-14.904,-51.523,6.0,-30.652,269.0,83.0,91.025,-27.957,0.692,3.68,108.196,85.895,178.523,0.648,1.821,71.03,5.327,234.39,0.576,temp_g19_11_0001,single-objective/run1/g19/g19_19.pdb.sc
540.0,798.9969172477722,1.479623920829208,3.370624303817749,0.0,1.479623920829208,153.0,86.95699381828308,0.5683463648253796,2.410245656967163,3.2710728801153843,3.839419244940764,45.0,13.004857540130615,0.2889968342251248,1.28828763961792,4.3191126982371015,4.608109532462226,99.9618513584137,198.0,38,39,271,270,541,run1_g19_g19_2,single-objective/run1/g19/g19_2.pdb,265.803,0.433,37.811,1.649,-71.389,-3.113,1188.921,2293.285,1104.364,35.0,-1.995,-1289.147,249.754,-273.218,1.923,30.974,592.444,741.824,0.038,-29.622,-49.499,-15.902,-51.523,5.0,-33.029,269.0,83.0,90.95,-39.709,0.701,2.482,91.744,74.668,174.589,0.657,1.018,39.713,3.779,166.289,0.576,temp_g12_08_0001,single-objective/run1/g19/g19_2.pdb.sc
535.0,791.7579489946365,1.4799213999899747,3.370624303817749,0.0,1.4799213999899747,148.0,86.28279376029968,0.5829918497317547,2.4274275302886963,3.27459404275224,3.857585892483995,44.0,13.036792755126953,0.2962907444347035,1.28828763961792,4.356907568194649,4.653198312629353,99.31958651542664,192.0,38,39,266,270,536,run1_g19_g19_20,single-objective/run1/g19/g19_20.pdb,98.149,-0.186,34.916,1.522,-73.227,-3.191,1214.8,2294.7,1079.901,36.0,-1.995,-1273.469,245.428,-273.412,1.877,30.379,417.424,737.041,0.048,-29.622,-49.499,-15.902,-51.523,5.0,-32.736,269.0,83.0,90.95,-39.147,0.651,1.334,91.744,74.732,175.303,0.667,0.996,38.834,1.634,71.895,0.576,temp_g19_15_0001,single-objective/run1/g19/g19_20.pdb.sc
528.0,782.9459171295166,1.4828521157755996,3.370624303817749,0.0,1.4828521157755996,143.0,84.95747590065002,0.5941082230814687,2.4274275302886963,3.2767090347263363,3.870817257807805,41.0,11.78981637954712,0.2875564970621249,1.28828763961792,4.396447018879216,4.684003515941341,96.74729228019714,184.0,38,39,259,270,529,run1_g19_g19_21,single-objective/run1/g19/g19_21.pdb,97.259,-0.177,32.433,1.427,-74.957,-3.297,1223.794,2273.278,1049.484,35.0,-1.995,-1267.676,238.941,-273.53,1.871,29.558,418.575,723.274,0.047,-29.622,-49.499,-14.904,-51.523,5.0,-31.178,269.0,83.0,90.78,-37.479,0.7,1.36,91.744,76.435,182.911,0.67,0.963,37.569,1.712,75.31,0.576,temp_g19_01_0001,single-objective/run1/g19/g19_21.pdb.sc
533.0,789.3245205879211,1.4809090442550115,3.370624303817749,0.0,1.4809090442550115,147.0,87.12650549411774,0.5926973162865152,2.4274275302886963,3.2720207559819126,3.8647180722684276,44.0,11.936083316802979,0.27127462083643133,0.8472099304199219,4.447700928558003,4.718975549394434,99.06258881092072,191.0,38,39,264,270,534,run1_g19_g19_22,single-objective/run1/g19/g19_22.pdb,278.177,0.484,44.308,1.955,-61.868,-2.729,1148.089,2266.944,1118.855,34.0,-1.995,-1273.904,247.549,-274.511,1.893,30.319,589.521,739.613,0.056,-29.622,-49.499,-16.258,-51.523,5.0,-32.126,269.0,83.0,91.054,-36.509,0.708,2.631,91.744,77.723,174.132,0.658,1.057,41.239,4.025,177.114,0.576,temp_g16_05_0001,single-objective/run1/g19/g19_22.pdb.sc
531.0,786.6765904426575,1.4815001703251554,3.370624303817749,0.0,1.4815001703251554,147.0,87.39840495586395,0.5945469724888705,2.4274275302886963,3.264133113582118,3.8586800860709887,43.0,11.935111999511719,0.2775607441746911,0.8472099304199219,4.466062335080879,4.74362307925557,99.33351695537567,190.0,38,39,262,270,532,run1_g19_g19_23,single-objective/run1/g19/g19_23.pdb,277.67,0.487,49.66,2.191,-60.004,-2.647,1148.089,2266.944,1118.855,34.0,-1.995,-1273.636,245.08,-275.403,1.889,29.573,589.681,740.866,0.058,-29.622,-49.499,-15.26,-51.523,5.0,-32.252,269.0,83.0,91.054,-36.398,0.709,2.652,91.744,77.612,175.182,0.658,1.061,41.387,4.062,178.748,0.576,temp_g18_11_0001,single-objective/run1/g19/g19_23.pdb.sc
531.0,786.462243437767,1.4810965036492787,3.370624303817749,0.0,1.4810965036492787,147.0,87.34936285018921,0.5942133527223755,2.4274275302886963,3.280785638458875,3.87499899118125,44.0,12.077557563781738,0.27448994463140314,1.28828763961792,4.403446728532964,4.677936673164368,99.42692041397095,191.0,38,39,262,270,532,run1_g19_g19_24,single-objective/run1/g19/g19_24.pdb,256.581,0.366,21.042,0.92,-87.802,-3.838,1242.575,2287.744,1045.169,38.0,-1.995,-1270.205,239.99,-272.532,1.908,30.345,582.631,721.898,0.04,-29.622,-49.499,-15.902,-51.523,5.0,-30.75,269.0,83.0,91.56,-38.252,0.66,2.247,91.744,74.979,181.228,0.668,0.784,30.581,3.543,155.9,0.576,temp_g19_13_0001,single-objective/run1/g19/g19_24.pdb.sc
528.0,782.4141869544983,1.4818450510501862,3.370624303817749,0.0,1.4818450510501862,146.0,86.15448665618896,0.5900992236725272,2.4274275302886963,3.2772331874664515,3.8673324111389786,42.0,11.857287406921387,0.2823163668314616,1.28828763961792,4.368038325082688,4.65035469191415,98.01177406311035,188.0,38,39,259,270,529,run1_g19_g19_3,single-objective/run1/g19/g19_3.pdb,259.469,0.426,32.425,1.426,-75.093,-3.303,1223.794,2273.278,1049.484,35.0,-1.995,-1270.194,237.908,-273.64,1.904,29.598,587.462,720.374,0.047,-29.622,-49.499,-14.904,-51.523,5.0,-31.054,269.0,83.0,90.78,-37.63,0.682,2.446,91.744,76.268,182.915,0.671,0.966,37.663,3.758,165.334,0.576,temp_g16_17_0001,single-objective/run1/g19/g19_3.pdb.sc
533.0,789.9348615407944,1.4820541492322596,3.370624303817749,0.0,1.4820541492322596,149.0,88.60489475727081,0.5946637232031599,2.4274275302886963,3.2738920002175655,3.8685557234207257,45.0,12.196067810058594,0.2710237291124132,0.8472099304199219,4.448561885621813,4.719585614734226,100.8009625673294,194.0,38,39,264,270,534,run1_g19_g19_4,single-objective/run1/g19/g19_4.pdb,311.631,0.524,62.884,2.753,-49.527,-2.168,1160.769,2284.284,1123.515,35.0,-1.995,-1276.784,244.458,-273.682,1.901,30.324,623.218,741.343,0.071,-29.622,-49.499,-16.258,-51.523,5.0,-30.985,269.0,83.0,91.054,-36.513,0.711,2.755,91.744,77.731,176.142,0.667,1.214,47.341,4.122,181.354,0.576,temp_g19_17_0001,single-objective/run1/g19/g19_4.pdb.sc
541.0,801.0510340929031,1.480685830116272,3.370624303817749,0.0,1.480685830116272,154.0,88.43766212463379,0.5742705332768427,2.410245656967163,3.2734467998727577,3.8477173331496,44.0,12.858108043670654,0.29222972826524213,1.28828763961792,4.34627427296205,4.638504001227292,101.29577016830444,198.0,38,39,272,270,542,run1_g19_g19_5,single-objective/run1/g19/g19_5.pdb,380.308,0.858,35.641,1.554,-71.429,-3.115,1188.921,2293.285,1104.364,35.0,-1.995,-1293.317,252.422,-273.078,1.926,31.257,704.911,745.454,0.049,-29.622,-49.499,-15.902,-51.523,5.0,-33.306,269.0,83.0,90.921,-40.024,0.656,3.171,91.744,75.116,174.246,0.661,0.991,38.632,5.104,224.576,0.576,temp_g17_05_0001,single-objective/run1/g19/g19_5.pdb.sc
530.0,784.6973458528519,1.4805610299110412,3.370624303817749,0.0,1.4805610299110412,144.0,84.78820264339447,0.5888069628013505,2.410245656967163,3.257255937490198,3.8460629002915487,43.0,12.140724182128906,0.2823424228402071,0.8472099304199219,4.469747332639472,4.7520897554796795,96.92892682552338,187.0,38,39,261,270,531,run1_g19_g19_6,single-objective/run1/g19/g19_6.pdb,171.956,0.088,40.083,1.765,-73.717,-3.246,1145.469,2270.84,1125.371,34.0,-1.995,-1270.175,243.199,-272.819,1.857,29.858,458.751,741.198,0.037,-29.622,-48.639,-14.904,-51.523,5.0,-32.666,269.0,83.0,90.823,-32.905,0.665,2.172,108.196,80.83,171.915,0.643,0.971,37.888,3.236,142.37,0.576,temp_g18_19_0001,single-objective/run1/g19/g19_6.pdb.sc
540.0,798.9969172477722,1.479623920829208,3.370624303817749,0.0,1.479623920829208,153.0,86.95699381828308,0.5683463648253796,2.410245656967163,3.2710728801153843,3.839419244940764,45.0,13.004857540130615,0.2889968342251248,1.28828763961792,4.3191126982371015,4.608109532462226,99.9618513584137,198.0,38,39,271,270,541,run1_g19_g19_7,single-objective/run1/g19/g19_7.pdb,265.803,0.433,37.811,1.649,-71.389,-3.113,1188.921,2293.285,1104.364,35.0,-1.995,-1289.147,249.754,-273.218,1.923,30.974,592.444,741.824,0.038,-29.622,-49.499,-15.902,-51.523,5.0,-33.029,269.0,83.0,90.95,-39.709,0.701,2.482,91.744,74.668,174.589,0.657,1.018,39.713,3.779,166.289,0.576,temp_g12_08_0001,single-objective/run1/g19/g19_7.pdb.sc
536.0,793.4343793392181,1.4802880211552578,3.370624303817749,0.0,1.4802880211552578,148.0,87.21587181091309,0.5892964311548181,2.4274275302886963,3.2586000755026534,3.8478965066574715,44.0,12.667609214782715,0.2879002094268799,1.28828763961792,4.3582152778452095,4.646115487272089,99.8834810256958,192.0,38,39,267,270,537,run1_g19_g19_8,single-objective/run1/g19/g19_8.pdb,263.974,0.428,34.47,1.498,-73.701,-3.203,1208.421,2301.171,1092.75,36.0,-1.995,-1280.033,246.44,-272.958,1.914,30.514,590.14,732.044,0.047,-29.622,-49.499,-15.902,-51.523,5.0,-32.121,269.0,83.0,91.009,-38.775,0.709,2.452,91.744,74.315,177.706,0.678,0.976,38.055,3.761,165.498,0.576,temp_g18_15_0001,single-objective/run1/g19/g19_8.pdb.sc
528.0,782.4141869544983,1.4818450510501862,3.370624303817749,0.0,1.4818450510501862,146.0,86.15448665618896,0.5900992236725272,2.4274275302886963,3.2772331874664515,3.8673324111389786,42.0,11.857287406921387,0.2823163668314616,1.28828763961792,4.368038325082688,4.65035469191415,98.01177406311035,188.0,38,39,259,270,529,run1_g19_g19_9,single-objective/run1/g19/g19_9.pdb,259.469,0.426,32.425,1.426,-75.093,-3.303,1223.794,2273.278,1049.484,35.0,-1.995,-1270.194,237.908,-273.64,1.904,29.598,587.462,720.374,0.047,-29.622,-49.499,-14.904,-51.523,5.0,-31.054,269.0,83.0,90.78,-37.63,0.682,2.446,91.744,76.268,182.915,0.671,0.966,37.663,3.758,165.334,0.576,temp_g16_17_0001,single-objective/run1/g19/g19_9.pdb.sc
555.0,819.9447777271271,1.4773779778867155,3.2207815647125244,0.0,1.4773779778867155,154.0,91.28421115875244,0.5927546179139769,2.410245656967163,3.193314474898499,3.7860690928124763,45.0,14.05765438079834,0.31239231957329644,1.28828763961792,4.147030931048923,4.459423250622219,105.34186553955078,199.0,38,39,286,270,556,run1_g2_g2_0,single-objective/run1/g2/g2_0.pdb,-155.938,-0.638,55.811,2.332,88.978,3.718,1256.445,2393.309,1136.865,34.0,-1.995,-1315.647,252.962,-276.025,1.946,31.178,293.116,753.971,-0.043,-29.622,-49.521,-18.6,-51.523,6.0,-33.559,269.0,83.0,92.414,-45.16,0.713,0.632,1.946,59.422,178.171,0.666,1.287,50.207,0.051,2.245,0.588,g0_08_0001,single-objective/run1/g2/g2_0.pdb.sc
555.0,819.9447777271271,1.4773779778867155,3.2207815647125244,0.0,1.4773779778867155,154.0,91.28421115875244,0.5927546179139769,2.410245656967163,3.193314474898499,3.7860690928124763,45.0,14.05765438079834,0.31239231957329644,1.28828763961792,4.147030931048923,4.459423250622219,105.34186553955078,199.0,38,39,286,270,556,run1_g2_g2_1,single-objective/run1/g2/g2_1.pdb,-155.938,-0.638,55.811,2.332,88.978,3.718,1256.445,2393.309,1136.865,34.0,-1.995,-1315.647,252.962,-276.025,1.946,31.178,293.116,753.971,-0.043,-29.622,-49.521,-18.6,-51.523,6.0,-33.559,269.0,83.0,92.414,-45.16,0.713,0.632,1.946,59.422,178.171,0.666,1.287,50.207,0.051,2.245,0.588,g0_08_0001,single-objective/run1/g2/g2_1.pdb.sc
559.0,823.9750012159348,1.4740161023540872,3.2051174640655518,0.0,1.4740161023540872,158.0,94.13439106941223,0.5957872852494445,2.3385000228881836,3.1549843942062763,3.750771679455721,48.0,14.167476177215576,0.29515575369199115,0.8472099304199219,4.2524580756823225,4.547613829374313,108.30186724662781,206.0,38,39,290,270,560,run1_g2_g2_10,single-objective/run1/g2/g2_10.pdb,413.514,1.33,178.441,7.363,498.448,20.566,1268.003,2423.592,1155.589,37.0,-1.995,-1327.033,256.501,-291.418,1.941,32.204,728.842,777.523,-0.008,-31.823,-49.521,-20.227,-51.523,7.0,-31.878,269.0,85.0,92.636,-40.305,0.664,6.691,128.94,68.08,171.985,0.688,2.462,100.948,10.632,467.817,0.585,temp_g2_11_0001,single-objective/run1/g2/g2_10.pdb.sc
558.0,823.4588251113892,1.4757326614899446,3.2051174640655518,0.0,1.4757326614899446,158.0,93.43199741840363,0.5913417558126812,2.410245656967163,3.179487458512753,3.770829214325434,44.0,13.909262418746948,0.316119600426067,1.28828763961792,4.1638113260269165,4.479930926452983,107.34125983715057,202.0,38,39,289,270,559,run1_g2_g2_11,single-objective/run1/g2/g2_11.pdb,-155.483,-0.644,56.672,2.35,92.844,3.851,1226.409,2411.17,1184.761,29.0,-1.995,-1322.913,255.186,-292.125,1.939,32.346,298.412,780.781,-0.048,-32.107,-49.521,-20.556,-51.523,7.0,-34.186,269.0,83.0,92.414,-45.926,0.684,0.592,1.946,59.392,172.36,0.689,1.294,50.481,-0.031,-1.362,0.596,g0_10_0001,single-objective/run1/g2/g2_11.pdb.sc
561.0,826.7778928279877,1.4737573847201206,3.2051174640655518,0.0,1.4737573847201206,158.0,93.6789585351944,0.5929048008556608,2.410245656967163,3.1781676894501794,3.77107249030584,45.0,14.157074451446533,0.3146016544765896,1.28828763961792,4.127041069666545,4.441642724143135,107.83603298664093,203.0,38,39,292,270,562,run1_g2_g2_12,single-objective/run1/g2/g2_12.pdb,-155.933,-0.645,59.433,2.469,95.101,3.951,1215.991,2407.156,1191.165,32.0,-1.995,-1327.618,257.231,-291.816,1.96,32.207,301.032,777.39,-0.046,-32.107,-49.521,-20.556,-51.523,7.0,-33.429,269.0,83.0,92.414,-45.788,0.768,0.602,1.946,58.96,174.685,0.677,1.327,51.765,-0.041,-1.821,0.597,g0_00_0001,single-objective/run1/g2/g2_12.pdb.sc
563.0,830.3152284622192,1.4748050239115795,3.370624303817749,0.0,1.4748050239115795,160.0,94.46045172214508,0.5903778232634067,2.410245656967163,3.173611018806696,3.763988842070103,44.0,14.052697896957397,0.3193794976581227,1.28828763961792,4.10108879479495,4.420468292453072,108.51314961910248,204.0,38,39,294,270,564,run1_g2_g2_13,single-objective/run1/g2/g2_13.pdb,654.019,1.986,286.58,11.671,319.912,13.028,1252.084,2455.484,1203.4,29.0,-1.995,-1336.55,258.873,-291.466,1.986,31.984,1008.381,778.306,-0.011,-32.107,-47.916,-17.189,-51.523,5.0,-33.736,269.0,85.0,91.484,-40.523,0.694,6.113,99.83,62.542,173.042,0.673,4.085,167.502,8.002,352.105,0.597,g0_04_0001,single-objective/run1/g2/g2_13.pdb.sc
557.0,821.8222947120667,1.4754439761437463,3.2051174640655518,0.0,1.4754439761437463,158.0,94.96575665473938,0.6010490927515151,2.410245656967163,3.1593384863455083,3.7603875790970234,46.0,13.230069875717163,0.28761021468950354,0.8751273155212402,4.223970547966335,4.511580762655838,108.19582653045654,204.0,38,39,288,270,558,run1_g2_g2_14,single-objective/run1/g2/g2_14.pdb,346.526,0.486,342.003,13.866,384.049,15.571,1272.32,2466.406,1194.086,31.0,-1.995,-1328.206,256.179,-293.253,1.966,32.533,797.162,780.177,-0.011,-32.107,-49.521,-20.227,-51.523,6.0,-32.892,269.0,83.0,92.243,-44.084,0.75,4.24,1.946,61.594,175.94,0.66,5.022,195.877,3.547,156.055,0.596,temp_g2_01_0001,single-objective/run1/g2/g2_14.pdb.sc
564.0,832.0169222354889,1.4752073089281719,3.2051174640655518,0.0,1.4752073089281719,158.0,95.18309700489044,0.6024246645879142,2.870814323425293,3.1905799236478685,3.7930045882357826,50.0,14.888242721557617,0.29776485443115236,1.28828763961792,4.1494640493392945,4.447228903770447,110.07133972644806,208.0,38,39,295,270,565,run1_g2_g2_15,single-objective/run1/g2/g2_15.pdb,193.899,0.259,204.357,8.087,240.348,9.512,1328.575,2526.842,1198.267,37.0,-1.995,-1340.704,255.302,-278.734,2.065,32.539,642.93,764.157,-0.011,-30.909,-49.365,-17.744,-51.523,5.0,-32.426,269.0,82.0,92.291,-42.616,0.718,3.389,1.946,65.552,182.537,0.673,3.316,129.324,3.456,148.615,0.597,temp_g2_14_0001,single-objective/run1/g2/g2_15.pdb.sc
567.0,836.6465820074081,1.4755671640342296,3.2051174640655518,0.0,1.4755671640342296,161.0,94.46974623203278,0.5867686101368496,2.410245656967163,3.1972503551044817,3.7840189652413314,50.0,14.88289999961853,0.2976579999923706,1.28828763961792,4.165347385406494,4.463005385398865,109.3526462316513,211.0,38,39,298,270,568,run1_g2_g2_16,single-objective/run1/g2/g2_16.pdb,118.31,-0.015,139.512,5.518,177.434,7.018,1288.872,2528.285,1239.413,34.0,-1.995,-1341.681,261.96,-289.474,2.054,33.206,572.279,772.335,-0.019,-32.107,-49.365,-19.483,-51.523,6.0,-32.679,269.0,83.0,92.265,-43.184,0.689,2.47,1.946,65.01,178.151,0.681,2.451,95.603,2.487,109.431,0.597,temp_g1_18_0001,single-objective/run1/g2/g2_16.pdb.sc
560.0,826.4532297849655,1.4758093389017242,3.2051174640655518,0.0,1.4758093389017242,160.0,92.92183816432953,0.5807614885270596,2.0924081802368164,3.1738253213465213,3.754586809873581,49.0,15.196746826171875,0.31013769033003824,1.28828763961792,4.178409172564137,4.488546862894175,108.1185849905014,209.0,38,39,291,270,561,run1_g2_g2_17,single-objective/run1/g2/g2_17.pdb,-153.476,-0.641,56.408,2.331,95.001,3.926,1248.8,2419.705,1170.906,34.0,-1.995,-1330.374,257.411,-287.134,1.948,31.726,303.83,775.671,-0.052,-32.673,-49.521,-18.6,-51.523,9.0,-33.243,269.0,83.0,92.414,-46.203,0.683,0.613,1.946,57.77,174.479,0.703,1.292,50.376,0.011,0.496,0.597,g0_24_0001,single-objective/run1/g2/g2_17.pdb.sc
560.0,825.0242850780487,1.473257651925087,3.2051174640655518,0.0,1.473257651925087,156.0,91.73498594760895,0.5880447817154419,2.410245656967163,3.179680802119084,3.767725583834526,45.0,13.795026540756226,0.30655614535013836,1.28828763961792,4.162895478142632,4.469451623492771,105.53001248836517,201.0,38,39,291,270,561,run1_g2_g2_18,single-objective/run1/g2/g2_18.pdb,0.607,-0.319,92.934,3.862,124.035,5.154,1204.962,2406.643,1201.682,34.0,-1.995,-1327.457,256.563,-291.825,1.959,32.168,457.397,770.281,-0.022,-32.107,-49.365,-20.227,-51.523,5.0,-32.962,269.0,83.0,92.512,-43.578,0.714,1.662,1.946,61.927,176.299,0.679,1.825,71.192,1.517,66.75,0.597,g0_18_0001,single-objective/run1/g2/g2_18.pdb.sc
552.0,813.1030895709991,1.473012843425723,3.075467348098755,0.0,1.473012843425723,147.0,88.55685842037201,0.6024276083018504,2.410245656967163,3.1812764552174784,3.7837040635193286,46.0,13.414396286010742,0.2916173105654509,0.8472099304199219,4.217139238896578,4.508756549462028,101.97125470638275,193.0,38,39,283,270,553,run1_g2_g2_19,single-objective/run1/g2/g2_19.pdb,-132.729,-0.558,68.525,2.901,111.379,4.716,1185.992,2361.745,1175.753,31.0,-1.995,-1312.438,255.478,-285.989,1.938,31.684,309.159,768.472,-0.034,-32.107,-49.521,-16.971,-51.523,6.0,-33.155,269.0,83.0,92.414,-44.276,0.732,0.849,1.946,59.789,173.78,0.67,1.37,53.434,0.388,17.066,0.585,temp_g1_22_0001,single-objective/run1/g2/g2_19.pdb.sc
556.0,819.3805426359177,1.4737060119351038,3.370624303817749,0.0,1.4737060119351038,155.0,90.16934132575989,0.5817376859726444,2.410245656967163,3.172831446124661,3.7545691320973056,45.0,13.306435108184814,0.29569855795966254,1.28828763961792,4.158427053027683,4.4541256109873455,103.4757764339447,200.0,38,39,287,270,557,run1_g2_g2_2,single-objective/run1/g2/g2_2.pdb,524.268,1.229,466.205,19.474,527.667,22.042,1236.223,2393.953,1157.729,28.0,-1.995,-1327.761,251.118,-288.472,1.995,30.982,964.657,776.464,-0.006,-32.107,-49.521,-16.861,-51.523,4.0,-32.833,269.0,85.0,92.13,-38.617,0.728,6.578,1.946,65.767,178.305,0.652,6.339,259.897,6.801,299.243,0.597,temp_g1_17_0001,single-objective/run1/g2/g2_2.pdb.sc
560.0,825.8234490156174,1.474684730385031,3.2051174640655518,0.0,1.474684730385031,161.0,93.77317106723785,0.5824420563182475,2.0924081802368164,3.170213914806058,3.7526559711243053,46.0,14.683403730392456,0.31920442892157513,1.28828763961792,4.187870150027067,4.507074578948643,108.45657479763031,207.0,38,39,291,270,561,run1_g2_g2_20,single-objective/run1/g2/g2_20.pdb,-108.871,-0.465,104.441,4.261,136.85,5.583,1208.862,2451.267,1242.405,35.0,-1.995,-1333.355,257.424,-296.658,1.951,32.337,343.223,791.98,-0.022,-32.109,-49.521,-20.556,-51.523,7.0,-32.757,269.0,83.0,92.414,-45.555,0.692,1.158,1.946,58.86,174.427,0.678,1.874,73.098,0.522,22.984,0.596,g0_11_0001,single-objective/run1/g2/g2_20.pdb.sc
557.0,820.8472031354904,1.473693362900342,3.2051174640655518,0.0,1.473693362900342,155.0,91.73654556274414,0.5918486810499622,2.410245656967163,3.162744572854811,3.7545932539047735,44.0,13.77941632270813,0.3131685527888211,1.28828763961792,4.1665940284729,4.479762581261721,105.51596188545227,199.0,38,39,288,270,558,run1_g2_g2_21,single-objective/run1/g2/g2_21.pdb,-156.899,-0.642,58.415,2.476,90.903,3.853,1236.337,2359.252,1122.915,28.0,-1.995,-1322.71,255.063,-286.857,1.931,32.221,295.524,773.559,-0.04,-32.107,-49.521,-18.6,-51.523,7.0,-34.164,269.0,83.0,92.414,-45.935,0.712,0.6,1.946,59.036,174.232,0.665,1.332,51.965,-0.05,-2.194,0.588,g0_12_0001,single-objective/run1/g2/g2_21.pdb.sc
556.0,822.8661761283875,1.4799751369215601,3.2207815647125244,0.0,1.4799751369215601,158.0,92.2775514125824,0.5840351355226734,2.410245656967163,3.2076938650276086,3.791729000550282,46.0,14.684199810028076,0.31922173500061035,1.28828763961792,4.14771134438722,4.466933079387831,106.96175122261047,204.0,38,39,287,270,557,run1_g2_g2_22,single-objective/run1/g2/g2_22.pdb,-126.012,-0.518,87.992,3.656,124.416,5.169,1269.268,2407.01,1137.742,31.0,-1.995,-1320.569,250.095,-272.997,1.951,31.375,325.532,758.23,-0.033,-30.106,-49.521,-18.6,-51.523,8.0,-32.526,269.0,83.0,92.414,-46.207,0.727,1.012,1.946,58.212,177.689,0.673,1.695,66.118,0.406,17.869,0.588,temp_g1_08_0001,single-objective/run1/g2/g2_22.pdb.sc
558.0,822.5973490476608,1.4741887975764532,3.2051174640655518,0.0,1.4741887975764532,157.0,94.73234605789185,0.6033907392222411,2.410245656967163,3.1659970936501862,3.769387832872427,43.0,13.921245813369751,0.3237499026365058,1.28828763961792,4.210114900455919,4.533864803092424,108.6535918712616,200.0,38,39,289,270,559,run1_g2_g2_23,single-objective/run1/g2/g2_23.pdb,75.332,-0.219,128.992,5.352,196.746,8.164,1206.26,2409.951,1203.691,32.0,-1.995,-1323.133,257.982,-293.881,1.934,33.1,521.106,788.754,-0.019,-32.591,-49.521,-20.556,-51.523,7.0,-34.115,269.0,84.0,93.626,-46.392,0.692,1.944,1.946,58.601,171.405,0.658,2.06,82.394,1.838,80.886,0.585,temp_g1_01_0001,single-objective/run1/g2/g2_23.pdb.sc
555.0,818.3642063140869,1.4745301014668233,3.2051174640655518,0.0,1.4745301014668233,150.0,88.7111064195633,0.5914073761304219,2.410245656967163,3.19308797121048,3.7844953473409015,45.0,13.412620782852173,0.2980582396189372,0.8472099304199219,4.229817077848646,4.527875317467584,102.12372720241547,195.0,38,39,286,270,556,run1_g2_g2_24,single-objective/run1/g2/g2_24.pdb,-123.733,-0.527,90.388,3.755,123.177,5.118,1178.236,2406.856,1228.621,32.0,-1.995,-1315.64,253.835,-285.678,1.928,31.566,321.578,772.636,-0.036,-32.107,-49.521,-18.6,-51.523,7.0,-32.849,269.0,83.0,92.414,-45.206,0.723,0.976,1.946,59.087,173.813,0.669,1.672,65.195,0.359,15.799,0.585,g0_22_0001,single-objective/run1/g2/g2_24.pdb.sc
558.0,823.4588251113892,1.4757326614899446,3.2051174640655518,0.0,1.4757326614899446,158.0,93.43199741840363,0.5913417558126812,2.410245656967163,3.179487458512753,3.770829214325434,44.0,13.909262418746948,0.316119600426067,1.28828763961792,4.1638113260269165,4.479930926452983,107.34125983715057,202.0,38,39,289,270,559,run1_g2_g2_3,single-objective/run1/g2/g2_3.pdb,-155.483,-0.644,56.672,2.35,92.844,3.851,1226.409,2411.17,1184.761,29.0,-1.995,-1322.913,255.186,-292.125,1.939,32.346,298.412,780.781,-0.048,-32.107,-49.521,-20.556,-51.523,7.0,-34.186,269.0,83.0,92.414,-45.926,0.684,0.592,1.946,59.392,172.36,0.689,1.294,50.481,-0.031,-1.362,0.596,g0_10_0001,single-objective/run1/g2/g2_3.pdb.sc
555.0,819.9447777271271,1.4773779778867155,3.2207815647125244,0.0,1.4773779778867155,154.0,91.28421115875244,0.5927546179139769,2.410245656967163,3.193314474898499,3.7860690928124763,45.0,14.05765438079834,0.31239231957329644,1.28828763961792,4.147030931048923,4.459423250622219,105.34186553955078,199.0,38,39,286,270,556,run1_g2_g2_4,single-objective/run1/g2/g2_4.pdb,-155.938,-0.638,55.811,2.332,88.978,3.718,1256.445,2393.309,1136.865,34.0,-1.995,-1315.647,252.962,-276.025,1.946,31.178,293.116,753.971,-0.043,-29.622,-49.521,-18.6,-51.523,6.0,-33.559,269.0,83.0,92.414,-45.16,0.713,0.632,1.946,59.422,178.171,0.666,1.287,50.207,0.051,2.245,0.588,g0_08_0001,single-objective/run1/g2/g2_4.pdb.sc
558.0,825.2799392938614,1.4789963069782461,3.2207815647125244,0.0,1.4789963069782461,159.0,94.16936254501343,0.5922601417925373,2.410245656967163,3.179507209070074,3.771767350862611,48.0,14.794539451599121,0.308219571908315,1.28828763961792,4.168727005521457,4.476946577429771,108.96390199661255,207.0,38,39,289,270,559,run1_g2_g2_5,single-objective/run1/g2/g2_5.pdb,-16.518,-0.162,164.765,6.722,215.314,8.784,1336.656,2451.151,1114.494,34.0,-1.995,-1328.799,250.856,-275.908,1.989,31.388,442.571,754.343,-0.017,-29.622,-49.521,-18.6,-51.523,7.0,-32.837,269.0,83.0,92.414,-45.101,0.7,2.175,1.946,58.746,182.546,0.668,2.717,105.948,1.695,74.573,0.588,temp_g2_12_0001,single-objective/run1/g2/g2_5.pdb.sc
560.0,826.0826569795609,1.4751476017492158,3.2051174640655518,0.0,1.4751476017492158,156.0,91.47475099563599,0.5863766089463845,2.410245656967163,3.1962501330253406,3.782626741971725,45.0,13.784862041473389,0.3063302675882975,1.28828763961792,4.154912159177992,4.461242426766289,105.25961303710938,201.0,38,39,291,270,561,run1_g2_g2_6,single-objective/run1/g2/g2_6.pdb,-18.788,-0.128,54.926,2.329,89.064,3.776,1265.125,2358.748,1093.623,28.0,-1.995,-1327.685,258.814,-283.028,1.957,32.575,317.633,771.497,-0.05,-32.107,-49.521,-16.971,-51.523,7.0,-34.106,269.0,83.0,90.996,-37.879,0.693,1.484,91.744,76.635,173.59,0.672,1.305,50.905,1.643,72.282,0.588,temp_g1_12_0001,single-objective/run1/g2/g2_6.pdb.sc
555.0,819.9447777271271,1.4773779778867155,3.2207815647125244,0.0,1.4773779778867155,154.0,91.28421115875244,0.5927546179139769,2.410245656967163,3.193314474898499,3.7860690928124763,45.0,14.05765438079834,0.31239231957329644,1.28828763961792,4.147030931048923,4.459423250622219,105.34186553955078,199.0,38,39,286,270,556,run1_g2_g2_7,single-objective/run1/g2/g2_7.pdb,-155.938,-0.638,55.811,2.332,88.978,3.718,1256.445,2393.309,1136.865,34.0,-1.995,-1315.647,252.962,-276.025,1.946,31.178,293.116,753.971,-0.043,-29.622,-49.521,-18.6,-51.523,6.0,-33.559,269.0,83.0,92.414,-45.16,0.713,0.632,1.946,59.422,178.171,0.666,1.287,50.207,0.051,2.245,0.588,g0_08_0001,single-objective/run1/g2/g2_7.pdb.sc
553.0,816.0603412389755,1.4756968196003175,3.2051174640655518,0.0,1.4756968196003175,147.0,88.43827509880066,0.6016209190394602,2.4274275302886963,3.200194144735531,3.801815063774991,47.0,13.40431523323059,0.2851981964517147,0.8472099304199219,4.300471173956039,4.585669370407754,101.84259033203125,194.0,38,39,284,270,554,run1_g2_g2_8,single-objective/run1/g2/g2_8.pdb,-19.466,-0.125,63.274,2.715,95.27,4.088,1229.649,2330.302,1100.653,31.0,-1.995,-1312.314,255.607,-283.668,1.939,32.02,311.78,764.491,-0.04,-32.107,-49.521,-16.971,-51.523,6.0,-33.244,269.0,83.0,90.996,-38.341,0.734,1.492,91.744,75.851,175.214,0.667,1.307,50.988,1.656,72.86,0.576,temp_g2_10_0001,single-objective/run1/g2/g2_8.pdb.sc
564.0,830.4848819971085,1.472490925526788,3.2051174640655518,0.0,1.472490925526788,159.0,94.36449670791626,0.5934874006787186,2.4274275302886963,3.1278738435709252,3.721361244249644,45.0,14.519121408462524,0.3226471424102783,1.28828763961792,4.17290309270223,4.495550235112508,108.88361811637878,204.0,38,39,295,270,565,run1_g2_g2_9,single-objective/run1/g2/g2_9.pdb,1343.655,2.038,491.551,20.079,529.092,21.612,1200.957,2448.132,1247.175,28.0,-1.995,-1342.839,260.124,-297.412,1.948,32.762,1564.432,799.151,-0.008,-32.107,-49.064,-20.227,-51.523,6.0,-34.713,269.0,84.0,92.83,-42.216,0.714,9.15,231.137,66.094,166.679,0.657,6.619,264.768,11.45,503.791,0.596,temp_g1_10_0001,single-objective/run1/g2/g2_9.pdb.sc
555.0,819.9447777271271,1.4773779778867155,3.2207815647125244,0.0,1.4773779778867155,154.0,91.28421115875244,0.5927546179139769,2.410245656967163,3.193314474898499,3.7860690928124763,45.0,14.05765438079834,0.31239231957329644,1.28828763961792,4.147030931048923,4.459423250622219,105.34186553955078,199.0,38,39,286,270,556,run1_g3_g3_0,single-objective/run1/g3/g3_0.pdb,-155.938,-0.638,55.811,2.332,88.978,3.718,1256.445,2393.309,1136.865,34.0,-1.995,-1315.647,252.962,-276.025,1.946,31.178,293.116,753.971,-0.043,-29.622,-49.521,-18.6,-51.523,6.0,-33.559,269.0,83.0,92.414,-45.16,0.713,0.632,1.946,59.422,178.171,0.666,1.287,50.207,0.051,2.245,0.588,g0_08_0001,single-objective/run1/g3/g3_0.pdb.sc
555.0,819.9447777271271,1.4773779778867155,3.2207815647125244,0.0,1.4773779778867155,154.0,91.28421115875244,0.5927546179139769,2.410245656967163,3.193314474898499,3.7860690928124763,45.0,14.05765438079834,0.31239231957329644,1.28828763961792,4.147030931048923,4.459423250622219,105.34186553955078,199.0,38,39,286,270,556,run1_g3_g3_1,single-objective/run1/g3/g3_1.pdb,-155.938,-0.638,55.811,2.332,88.978,3.718,1256.445,2393.309,1136.865,34.0,-1.995,-1315.647,252.962,-276.025,1.946,31.178,293.116,753.971,-0.043,-29.622,-49.521,-18.6,-51.523,6.0,-33.559,269.0,83.0,92.414,-45.16,0.713,0.632,1.946,59.422,178.171,0.666,1.287,50.207,0.051,2.245,0.588,g0_08_0001,single-objective/run1/g3/g3_1.pdb.sc
555.0,819.9447777271271,1.4773779778867155,3.2207815647125244,0.0,1.4773779778867155,154.0,91.28421115875244,0.5927546179139769,2.410245656967163,3.193314474898499,3.7860690928124763,45.0,14.05765438079834,0.31239231957329644,1.28828763961792,4.147030931048923,4.459423250622219,105.34186553955078,199.0,38,39,286,270,556,run1_g3_g3_10,single-objective/run1/g3/g3_10.pdb,-155.938,-0.638,55.811,2.332,88.978,3.718,1256.445,2393.309,1136.865,34.0,-1.995,-1315.647,252.962,-276.025,1.946,31.178,293.116,753.971,-0.043,-29.622,-49.521,-18.6,-51.523,6.0,-33.559,269.0,83.0,92.414,-45.16,0.713,0.632,1.946,59.422,178.171,0.666,1.287,50.207,0.051,2.245,0.588,g0_08_0001,single-objective/run1/g3/g3_10.pdb.sc
552.0,813.1030895709991,1.473012843425723,3.075467348098755,0.0,1.473012843425723,147.0,88.55685842037201,0.6024276083018504,2.410245656967163,3.1812764552174784,3.7837040635193286,46.0,13.414396286010742,0.2916173105654509,0.8472099304199219,4.217139238896578,4.508756549462028,101.97125470638275,193.0,38,39,283,270,553,run1_g3_g3_11,single-objective/run1/g3/g3_11.pdb,-132.729,-0.558,68.525,2.901,111.379,4.716,1185.992,2361.745,1175.753,31.0,-1.995,-1312.438,255.478,-285.989,1.938,31.684,309.159,768.472,-0.034,-32.107,-49.521,-16.971,-51.523,6.0,-33.155,269.0,83.0,92.414,-44.276,0.732,0.849,1.946,59.789,173.78,0.67,1.37,53.434,0.388,17.066,0.585,temp_g1_22_0001,single-objective/run1/g3/g3_11.pdb.sc
557.0,822.6465774774551,1.4769238374819662,3.2051174640655518,0.0,1.4769238374819662,157.0,91.60581278800964,0.5834765145733098,2.410245656967163,3.2000425150439997,3.7835190296173096,47.0,14.375240564346313,0.30585618222013433,1.28828763961792,4.164854389555911,4.470710571776045,105.98105335235596,204.0,38,39,288,270,558,run1_g3_g3_12,single-objective/run1/g3/g3_12.pdb,-97.431,-0.435,108.092,4.373,144.957,5.865,1239.873,2471.537,1231.664,32.0,-1.995,-1322.216,254.786,-287.183,1.983,32.664,352.274,777.993,-0.03,-32.107,-49.521,-19.485,-51.523,7.0,-34.016,269.0,83.0,92.414,-45.622,0.716,1.246,1.946,59.636,171.946,0.693,1.95,76.044,0.622,27.361,0.596,temp_g3_11_0001,single-objective/run1/g3/g3_12.pdb.sc
555.0,819.9447777271271,1.4773779778867155,3.2207815647125244,0.0,1.4773779778867155,154.0,91.28421115875244,0.5927546179139769,2.410245656967163,3.193314474898499,3.7860690928124763,45.0,14.05765438079834,0.31239231957329644,1.28828763961792,4.147030931048923,4.459423250622219,105.34186553955078,199.0,38,39,286,270,556,run1_g3_g3_13,single-objective/run1/g3/g3_13.pdb,-155.938,-0.638,55.811,2.332,88.978,3.718,1256.445,2393.309,1136.865,34.0,-1.995,-1315.647,252.962,-276.025,1.946,31.178,293.116,753.971,-0.043,-29.622,-49.521,-18.6,-51.523,6.0,-33.559,269.0,83.0,92.414,-45.16,0.713,0.632,1.946,59.422,178.171,0.666,1.287,50.207,0.051,2.245,0.588,g0_08_0001,single-objective/run1/g3/g3_13.pdb.sc
561.0,827.3899600505829,1.4748484136374027,3.2207815647125244,0.0,1.4748484136374027,162.0,95.15223324298859,0.5873594644628926,2.0924081802368164,3.17320943393825,3.7605688984011425,47.0,15.216132402420044,0.32374749792383073,1.28828763961792,4.1950811223780855,4.518828620301917,110.36836564540863,209.0,38,39,292,270,562,run1_g3_g3_14,single-objective/run1/g3/g3_14.pdb,123.78,0.358,63.742,2.588,352.293,14.305,1264.833,2462.71,1197.878,37.0,-1.995,-1327.749,256.193,-282.883,1.963,31.668,575.496,767.697,-0.013,-29.704,-49.521,-20.556,-51.523,8.0,-32.675,269.0,83.0,92.414,-45.177,0.716,3.828,1.946,59.03,178.559,0.686,1.376,53.672,6.0,264.012,0.597,temp_g3_12_0001,single-objective/run1/g3/g3_14.pdb.sc
552.0,815.4450908899307,1.4772555994382803,3.2207815647125244,0.0,1.4772555994382803,155.0,91.62801277637482,0.5911484695249988,2.410245656967163,3.19821628832048,3.7893647578454788,44.0,13.68575644493103,0.31103991920297797,1.28828763961792,4.186526141383431,4.497566060586409,105.31376922130585,199.0,38,39,283,270,553,run1_g3_g3_15,single-objective/run1/g3/g3_15.pdb,-23.921,-0.146,57.514,2.448,87.829,3.738,1254.736,2349.772,1095.036,37.0,-1.995,-1315.87,251.019,-275.548,1.926,31.298,313.474,754.88,-0.044,-29.622,-49.521,-18.6,-51.523,6.0,-34.087,269.0,83.0,90.996,-37.195,0.689,1.522,91.744,76.326,177.801,0.657,1.305,50.876,1.715,75.443,0.577,temp_g3_04_0001,single-objective/run1/g3/g3_15.pdb.sc
551.0,812.9235588312149,1.4753603608551995,3.2051174640655518,0.0,1.4753603608551995,147.0,88.9428082704544,0.6050531174860844,2.4274275302886963,3.197068427695709,3.8021215451817936,45.0,13.514565229415894,0.30032367176479763,0.8472099304199219,4.241919416851467,4.5422430886162655,102.4573734998703,192.0,38,39,282,270,552,run1_g3_g3_16,single-objective/run1/g3/g3_16.pdb,-133.192,-0.559,84.675,3.515,115.958,4.814,1221.544,2408.898,1187.354,32.0,-1.995,-1308.418,250.174,-284.159,1.92,31.071,316.016,758.685,-0.038,-32.107,-49.521,-18.6,-51.523,7.0,-31.967,269.0,83.0,92.414,-44.988,0.738,0.874,1.946,59.184,178.092,0.671,1.598,62.322,0.232,10.194,0.585,temp_g3_24_0001,single-objective/run1/g3/g3_16.pdb.sc
552.0,814.3742034435272,1.4753155859484188,3.2207815647125244,0.0,1.4753155859484188,152.0,90.93921625614166,0.5982843174746162,2.410245656967163,3.194850734189937,3.793135051664553,45.0,13.113409519195557,0.2914091004265679,0.8751273155212402,4.22645623948839,4.517865339914958,104.05262577533722,197.0,38,39,283,270,553,run1_g3_g3_17,single-objective/run1/g3/g3_17.pdb,387.378,0.9,277.839,11.291,307.16,12.482,1339.537,2460.779,1121.242,32.0,-1.995,-1311.921,254.997,-275.758,1.956,30.968,799.43,750.71,-0.013,-29.622,-49.521,-16.971,-51.523,6.0,-32.82,269.0,83.0,92.66,-42.854,0.671,5.591,19.655,72.937,176.462,0.651,4.159,162.213,6.859,301.815,0.588,temp_g3_07_0001,single-objective/run1/g3/g3_17.pdb.sc
561.0,826.7778928279877,1.4737573847201206,3.2051174640655518,0.0,1.4737573847201206,158.0,93.6789585351944,0.5929048008556608,2.410245656967163,3.1781676894501794,3.77107249030584,45.0,14.157074451446533,0.3146016544765896,1.28828763961792,4.127041069666545,4.441642724143135,107.83603298664093,203.0,38,39,292,270,562,run1_g3_g3_18,single-objective/run1/g3/g3_18.pdb,-155.933,-0.645,59.433,2.469,95.101,3.951,1215.991,2407.156,1191.165,32.0,-1.995,-1327.618,257.231,-291.816,1.96,32.207,301.032,777.39,-0.046,-32.107,-49.521,-20.556,-51.523,7.0,-33.429,269.0,83.0,92.414,-45.788,0.768,0.602,1.946,58.96,174.685,0.677,1.327,51.765,-0.041,-1.821,0.597,g0_00_0001,single-objective/run1/g3/g3_18.pdb.sc
560.0,826.0826569795609,1.4751476017492158,3.2051174640655518,0.0,1.4751476017492158,156.0,91.47475099563599,0.5863766089463845,2.410245656967163,3.1962501330253406,3.782626741971725,45.0,13.784862041473389,0.3063302675882975,1.28828763961792,4.154912159177992,4.461242426766289,105.25961303710938,201.0,38,39,291,270,561,run1_g3_g3_19,single-objective/run1/g3/g3_19.pdb,-18.788,-0.128,54.926,2.329,89.064,3.776,1265.125,2358.748,1093.623,28.0,-1.995,-1327.685,258.814,-283.028,1.957,32.575,317.633,771.497,-0.05,-32.107,-49.521,-16.971,-51.523,7.0,-34.106,269.0,83.0,90.996,-37.879,0.693,1.484,91.744,76.635,173.59,0.672,1.305,50.905,1.643,72.282,0.588,temp_g1_12_0001,single-objective/run1/g3/g3_19.pdb.sc
555.0,819.9447777271271,1.4773779778867155,3.2207815647125244,0.0,1.4773779778867155,154.0,91.28421115875244,0.5927546179139769,2.410245656967163,3.193314474898499,3.7860690928124763,45.0,14.05765438079834,0.31239231957329644,1.28828763961792,4.147030931048923,4.459423250622219,105.34186553955078,199.0,38,39,286,270,556,run1_g3_g3_2,single-objective/run1/g3/g3_2.pdb,-155.938,-0.638,55.811,2.332,88.978,3.718,1256.445,2393.309,1136.865,34.0,-1.995,-1315.647,252.962,-276.025,1.946,31.178,293.116,753.971,-0.043,-29.622,-49.521,-18.6,-51.523,6.0,-33.559,269.0,83.0,92.414,-45.16,0.713,0.632,1.946,59.422,178.171,0.666,1.287,50.207,0.051,2.245,0.588,g0_08_0001,single-objective/run1/g3/g3_2.pdb.sc
560.0,825.8234490156174,1.474684730385031,3.2051174640655518,0.0,1.474684730385031,161.0,93.77317106723785,0.5824420563182475,2.0924081802368164,3.170213914806058,3.7526559711243053,46.0,14.683403730392456,0.31920442892157513,1.28828763961792,4.187870150027067,4.507074578948643,108.45657479763031,207.0,38,39,291,270,561,run1_g3_g3_20,single-objective/run1/g3/g3_20.pdb,-108.871,-0.465,104.441,4.261,136.85,5.583,1208.862,2451.267,1242.405,35.0,-1.995,-1333.355,257.424,-296.658,1.951,32.337,343.223,791.98,-0.022,-32.109,-49.521,-20.556,-51.523,7.0,-32.757,269.0,83.0,92.414,-45.555,0.692,1.158,1.946,58.86,174.427,0.678,1.874,73.098,0.522,22.984,0.596,g0_11_0001,single-objective/run1/g3/g3_20.pdb.sc
557.0,820.8472031354904,1.473693362900342,3.2051174640655518,0.0,1.473693362900342,155.0,91.73654556274414,0.5918486810499622,2.410245656967163,3.162744572854811,3.7545932539047735,44.0,13.77941632270813,0.3131685527888211,1.28828763961792,4.1665940284729,4.479762581261721,105.51596188545227,199.0,38,39,288,270,558,run1_g3_g3_21,single-objective/run1/g3/g3_21.pdb,-156.899,-0.642,58.415,2.476,90.903,3.853,1236.337,2359.252,1122.915,28.0,-1.995,-1322.71,255.063,-286.857,1.931,32.221,295.524,773.559,-0.04,-32.107,-49.521,-18.6,-51.523,7.0,-34.164,269.0,83.0,92.414,-45.935,0.712,0.6,1.946,59.036,174.232,0.665,1.332,51.965,-0.05,-2.194,0.588,g0_12_0001,single-objective/run1/g3/g3_21.pdb.sc
560.0,826.4532297849655,1.4758093389017242,3.2051174640655518,0.0,1.4758093389017242,160.0,92.92183816432953,0.5807614885270596,2.0924081802368164,3.1738253213465213,3.754586809873581,49.0,15.196746826171875,0.31013769033003824,1.28828763961792,4.178409172564137,4.488546862894175,108.1185849905014,209.0,38,39,291,270,561,run1_g3_g3_22,single-objective/run1/g3/g3_22.pdb,-153.476,-0.641,56.408,2.331,95.001,3.926,1248.8,2419.705,1170.906,34.0,-1.995,-1330.374,257.411,-287.134,1.948,31.726,303.83,775.671,-0.052,-32.673,-49.521,-18.6,-51.523,9.0,-33.243,269.0,83.0,92.414,-46.203,0.683,0.613,1.946,57.77,174.479,0.703,1.292,50.376,0.011,0.496,0.597,g0_24_0001,single-objective/run1/g3/g3_22.pdb.sc
553.0,816.0603412389755,1.4756968196003175,3.2051174640655518,0.0,1.4756968196003175,147.0,88.43827509880066,0.6016209190394602,2.4274275302886963,3.200194144735531,3.801815063774991,47.0,13.40431523323059,0.2851981964517147,0.8472099304199219,4.300471173956039,4.585669370407754,101.84259033203125,194.0,38,39,284,270,554,run1_g3_g3_23,single-objective/run1/g3/g3_23.pdb,-19.466,-0.125,63.274,2.715,95.27,4.088,1229.649,2330.302,1100.653,31.0,-1.995,-1312.314,255.607,-283.668,1.939,32.02,311.78,764.491,-0.04,-32.107,-49.521,-16.971,-51.523,6.0,-33.244,269.0,83.0,90.996,-38.341,0.734,1.492,91.744,75.851,175.214,0.667,1.307,50.988,1.656,72.86,0.576,temp_g2_10_0001,single-objective/run1/g3/g3_23.pdb.sc
559.0,823.9750012159348,1.4740161023540872,3.2051174640655518,0.0,1.4740161023540872,158.0,94.13439106941223,0.5957872852494445,2.3385000228881836,3.1549843942062763,3.750771679455721,48.0,14.167476177215576,0.29515575369199115,0.8472099304199219,4.2524580756823225,4.547613829374313,108.30186724662781,206.0,38,39,290,270,560,run1_g3_g3_24,single-objective/run1/g3/g3_24.pdb,413.514,1.33,178.441,7.363,498.448,20.566,1268.003,2423.592,1155.589,37.0,-1.995,-1327.033,256.501,-291.418,1.941,32.204,728.842,777.523,-0.008,-31.823,-49.521,-20.227,-51.523,7.0,-31.878,269.0,85.0,92.636,-40.305,0.664,6.691,128.94,68.08,171.985,0.688,2.462,100.948,10.632,467.817,0.585,temp_g2_11_0001,single-objective/run1/g3/g3_24.pdb.sc
564.0,830.4848819971085,1.472490925526788,3.2051174640655518,0.0,1.472490925526788,159.0,94.36449670791626,0.5934874006787186,2.4274275302886963,3.1278738435709252,3.721361244249644,45.0,14.519121408462524,0.3226471424102783,1.28828763961792,4.17290309270223,4.495550235112508,108.88361811637878,204.0,38,39,295,270,565,run1_g3_g3_3,single-objective/run1/g3/g3_3.pdb,1343.655,2.038,491.551,20.079,529.092,21.612,1200.957,2448.132,1247.175,28.0,-1.995,-1342.839,260.124,-297.412,1.948,32.762,1564.432,799.151,-0.008,-32.107,-49.064,-20.227,-51.523,6.0,-34.713,269.0,84.0,92.83,-42.216,0.714,9.15,231.137,66.094,166.679,0.657,6.619,264.768,11.45,503.791,0.596,temp_g1_10_0001,single-objective/run1/g3/g3_3.pdb.sc
553.0,816.4828318357468,1.4764608170628333,3.2051174640655518,0.0,1.4764608170628333,156.0,92.73410189151764,0.594449371099472,2.410245656967163,3.186401918148383,3.780851289247855,44.0,14.027280807495117,0.3188018365339799,1.28828763961792,4.160575714978305,4.479377551512285,106.76138269901276,200.0,38,39,284,270,554,run1_g3_g3_4,single-objective/run1/g3/g3_4.pdb,-75.544,-0.346,57.073,2.382,91.636,3.824,1225.719,2396.335,1170.616,29.0,-1.995,-1318.876,253.905,-288.413,1.933,32.021,349.214,774.707,-0.04,-32.107,-48.639,-18.927,-51.523,7.0,-33.533,269.0,83.0,92.515,-39.652,0.673,1.472,18.397,64.632,170.212,0.682,1.299,50.664,1.625,71.494,0.585,temp_g3_03_0001,single-objective/run1/g3/g3_4.pdb.sc
553.0,815.372555732727,1.4744530845076438,3.2051174640655518,0.0,1.4744530845076438,152.0,86.89842104911804,0.5717001384810397,2.410245656967163,3.2126027486826243,3.784302887163664,44.0,12.982282876968384,0.29505188356746326,1.28828763961792,4.250138700008392,4.545190583575856,99.88070392608643,196.0,38,39,284,270,554,run1_g3_g3_5,single-objective/run1/g3/g3_5.pdb,-1.211,-0.337,80.937,3.337,116.679,4.81,1204.532,2425.532,1221.0,32.0,-1.995,-1305.245,254.312,-290.316,1.923,31.524,437.805,769.931,-0.035,-32.107,-49.365,-18.271,-51.523,6.0,-32.854,269.0,83.0,92.461,-44.231,0.704,1.591,1.946,61.519,172.68,0.662,1.675,65.313,1.517,66.735,0.597,temp_g3_18_0001,single-objective/run1/g3/g3_5.pdb.sc
557.0,821.8222947120667,1.4754439761437463,3.2051174640655518,0.0,1.4754439761437463,158.0,94.96575665473938,0.6010490927515151,2.410245656967163,3.1593384863455083,3.7603875790970234,46.0,13.230069875717163,0.28761021468950354,0.8751273155212402,4.223970547966335,4.511580762655838,108.19582653045654,204.0,38,39,288,270,558,run1_g3_g3_6,single-objective/run1/g3/g3_6.pdb,346.526,0.486,342.003,13.866,384.049,15.571,1272.32,2466.406,1194.086,31.0,-1.995,-1328.206,256.179,-293.253,1.966,32.533,797.162,780.177,-0.011,-32.107,-49.521,-20.227,-51.523,6.0,-32.892,269.0,83.0,92.243,-44.084,0.75,4.24,1.946,61.594,175.94,0.66,5.022,195.877,3.547,156.055,0.596,temp_g2_01_0001,single-objective/run1/g3/g3_6.pdb.sc
552.0,815.5405654907227,1.4774285606715991,3.2051174640655518,0.0,1.4774285606715991,157.0,92.48665189743042,0.5890869547607033,2.870814323425293,3.2146117353135613,3.8036986900742646,48.0,14.158738374710083,0.2949737161397934,1.28828763961792,4.173785865306854,4.468759581446648,106.6453902721405,205.0,38,39,283,270,553,run1_g3_g3_7,single-objective/run1/g3/g3_7.pdb,394.524,1.104,204.291,8.142,241.39,9.621,1324.047,2508.988,1184.94,39.0,-1.995,-1329.097,251.341,-274.233,2.052,32.011,829.709,758.153,-0.011,-30.909,-49.365,-15.789,-51.523,5.0,-32.886,269.0,82.0,92.242,-40.279,0.687,5.276,1.946,70.974,181.577,0.679,3.316,129.318,7.054,303.308,0.596,temp_g3_15_0001,single-objective/run1/g3/g3_7.pdb.sc
553.0,816.4183490276337,1.4763442116232073,3.2207815647125244,0.0,1.4763442116232073,155.0,90.78252589702606,0.5856937154646843,2.0924081802368164,3.183800962663466,3.7694946781281504,49.0,14.792971849441528,0.3018973846824802,0.8472099304199219,4.278933890011846,4.580831274694326,105.57549774646759,204.0,38,39,284,270,554,run1_g3_g3_8,single-objective/run1/g3/g3_8.pdb,68.77,0.061,65.249,2.742,88.127,3.704,1221.308,2379.346,1158.038,33.0,-1.995,-1316.693,255.209,-278.877,1.92,30.948,487.026,763.584,-0.057,-31.33,-49.521,-18.6,-51.523,9.0,-32.744,269.0,83.0,92.831,-45.467,0.74,2.88,19.655,69.653,174.109,0.692,1.348,52.561,4.238,186.481,0.585,temp_g3_17_0001,single-objective/run1/g3/g3_8.pdb.sc
558.0,823.4588251113892,1.4757326614899446,3.2051174640655518,0.0,1.4757326614899446,158.0,93.43199741840363,0.5913417558126812,2.410245656967163,3.179487458512753,3.770829214325434,44.0,13.909262418746948,0.316119600426067,1.28828763961792,4.1638113260269165,4.479930926452983,107.34125983715057,202.0,38,39,289,270,559,run1_g3_g3_9,single-objective/run1/g3/g3_9.pdb,-155.483,-0.644,56.672,2.35,92.844,3.851,1226.409,2411.17,1184.761,29.0,-1.995,-1322.913,255.186,-292.125,1.939,32.346,298.412,780.781,-0.048,-32.107,-49.521,-20.556,-51.523,7.0,-34.186,269.0,83.0,92.414,-45.926,0.684,0.592,1.946,59.392,172.36,0.689,1.294,50.481,-0.031,-1.362,0.596,g0_10_0001,single-objective/run1/g3/g3_9.pdb.sc
553.0,816.4183490276337,1.4763442116232073,3.2207815647125244,0.0,1.4763442116232073,155.0,90.78252589702606,0.5856937154646843,2.0924081802368164,3.183800962663466,3.7694946781281504,49.0,14.792971849441528,0.3018973846824802,0.8472099304199219,4.278933890011846,4.580831274694326,105.57549774646759,204.0,38,39,284,270,554,run1_g4_g4_0,single-objective/run1/g4/g4_0.pdb,68.77,0.061,65.249,2.742,88.127,3.704,1221.308,2379.346,1158.038,33.0,-1.995,-1316.693,255.209,-278.877,1.92,30.948,487.026,763.584,-0.057,-31.33,-49.521,-18.6,-51.523,9.0,-32.744,269.0,83.0,92.831,-45.467,0.74,2.88,19.655,69.653,174.109,0.692,1.348,52.561,4.238,186.481,0.585,temp_g3_17_0001,single-objective/run1/g4/g4_0.pdb.sc
555.0,819.9447777271271,1.4773779778867155,3.2207815647125244,0.0,1.4773779778867155,154.0,91.28421115875244,0.5927546179139769,2.410245656967163,3.193314474898499,3.7860690928124763,45.0,14.05765438079834,0.31239231957329644,1.28828763961792,4.147030931048923,4.459423250622219,105.34186553955078,199.0,38,39,286,270,556,run1_g4_g4_1,single-objective/run1/g4/g4_1.pdb,-155.938,-0.638,55.811,2.332,88.978,3.718,1256.445,2393.309,1136.865,34.0,-1.995,-1315.647,252.962,-276.025,1.946,31.178,293.116,753.971,-0.043,-29.622,-49.521,-18.6,-51.523,6.0,-33.559,269.0,83.0,92.414,-45.16,0.713,0.632,1.946,59.422,178.171,0.666,1.287,50.207,0.051,2.245,0.588,g0_08_0001,single-objective/run1/g4/g4_1.pdb.sc
553.0,816.4828318357468,1.4764608170628333,3.2051174640655518,0.0,1.4764608170628333,156.0,92.73410189151764,0.594449371099472,2.410245656967163,3.186401918148383,3.780851289247855,44.0,14.027280807495117,0.3188018365339799,1.28828763961792,4.160575714978305,4.479377551512285,106.76138269901276,200.0,38,39,284,270,554,run1_g4_g4_10,single-objective/run1/g4/g4_10.pdb,-75.544,-0.346,57.073,2.382,91.636,3.824,1225.719,2396.335,1170.616,29.0,-1.995,-1318.876,253.905,-288.413,1.933,32.021,349.214,774.707,-0.04,-32.107,-48.639,-18.927,-51.523,7.0,-33.533,269.0,83.0,92.515,-39.652,0.673,1.472,18.397,64.632,170.212,0.682,1.299,50.664,1.625,71.494,0.585,temp_g3_03_0001,single-objective/run1/g4/g4_10.pdb.sc
547.0,808.3684504032135,1.4778216643568802,3.2051174640655518,0.0,1.4778216643568802,148.0,91.04268944263458,0.6151533070448283,2.870814323425293,3.217159856815596,3.832313163860424,48.0,13.7289719581604,0.2860202491283417,0.8472099304199219,4.285289878646533,4.571310127774875,104.77166140079498,196.0,38,39,278,270,548,run1_g4_g4_11,single-objective/run1/g4/g4_11.pdb,-133.409,-0.558,62.65,2.586,107.183,4.424,1257.622,2422.597,1164.975,31.0,-1.995,-1302.155,250.698,-284.906,1.931,30.528,305.999,757.221,-0.036,-32.107,-49.521,-16.365,-51.523,6.0,-32.781,269.0,82.0,92.439,-43.751,0.708,0.842,1.946,62.875,177.474,0.682,1.33,51.878,0.4,17.185,0.585,temp_g4_11_0001,single-objective/run1/g4/g4_11.pdb.sc
553.0,816.0603412389755,1.4756968196003175,3.2051174640655518,0.0,1.4756968196003175,147.0,88.43827509880066,0.6016209190394602,2.4274275302886963,3.200194144735531,3.801815063774991,47.0,13.40431523323059,0.2851981964517147,0.8472099304199219,4.300471173956039,4.585669370407754,101.84259033203125,194.0,38,39,284,270,554,run1_g4_g4_12,single-objective/run1/g4/g4_12.pdb,-19.466,-0.125,63.274,2.715,95.27,4.088,1229.649,2330.302,1100.653,31.0,-1.995,-1312.314,255.607,-283.668,1.939,32.02,311.78,764.491,-0.04,-32.107,-49.521,-16.971,-51.523,6.0,-33.244,269.0,83.0,90.996,-38.341,0.734,1.492,91.744,75.851,175.214,0.667,1.307,50.988,1.656,72.86,0.576,temp_g2_10_0001,single-objective/run1/g4/g4_12.pdb.sc
561.0,826.7778928279877,1.4737573847201206,3.2051174640655518,0.0,1.4737573847201206,158.0,93.6789585351944,0.5929048008556608,2.410245656967163,3.1781676894501794,3.77107249030584,45.0,14.157074451446533,0.3146016544765896,1.28828763961792,4.127041069666545,4.441642724143135,107.83603298664093,203.0,38,39,292,270,562,run1_g4_g4_13,single-objective/run1/g4/g4_13.pdb,-155.933,-0.645,59.433,2.469,95.101,3.951,1215.991,2407.156,1191.165,32.0,-1.995,-1327.618,257.231,-291.816,1.96,32.207,301.032,777.39,-0.046,-32.107,-49.521,-20.556,-51.523,7.0,-33.429,269.0,83.0,92.414,-45.788,0.768,0.602,1.946,58.96,174.685,0.677,1.327,51.765,-0.041,-1.821,0.597,g0_00_0001,single-objective/run1/g4/g4_13.pdb.sc
551.0,813.463173031807,1.4763396969724265,3.2051174640655518,0.0,1.4763396969724265,157.0,90.674440741539,0.5775442085448345,2.410245656967163,3.2246887691461357,3.80223297769097,44.0,13.282289505004883,0.30187021602283826,1.28828763961792,4.23482993516055,4.536700151183388,103.95673024654388,201.0,38,39,282,270,552,run1_g4_g4_14,single-objective/run1/g4/g4_14.pdb,47.0,0.1,49.28,2.033,77.525,3.198,1257.271,2424.318,1167.048,29.0,-1.995,-1306.609,254.059,-288.79,1.925,32.583,353.215,772.107,-0.043,-32.107,-48.639,-19.925,-51.523,6.0,-32.477,269.0,83.0,91.097,-32.843,0.685,2.204,108.196,81.842,166.3,0.663,1.12,43.687,3.164,139.213,0.585,temp_g4_04_0001,single-objective/run1/g4/g4_14.pdb.sc
555.0,819.9447777271271,1.4773779778867155,3.2207815647125244,0.0,1.4773779778867155,154.0,91.28421115875244,0.5927546179139769,2.410245656967163,3.193314474898499,3.7860690928124763,45.0,14.05765438079834,0.31239231957329644,1.28828763961792,4.147030931048923,4.459423250622219,105.34186553955078,199.0,38,39,286,270,556,run1_g4_g4_15,single-objective/run1/g4/g4_15.pdb,-155.938,-0.638,55.811,2.332,88.978,3.718,1256.445,2393.309,1136.865,34.0,-1.995,-1315.647,252.962,-276.025,1.946,31.178,293.116,753.971,-0.043,-29.622,-49.521,-18.6,-51.523,6.0,-33.559,269.0,83.0,92.414,-45.16,0.713,0.632,1.946,59.422,178.171,0.666,1.287,50.207,0.051,2.245,0.588,g0_08_0001,single-objective/run1/g4/g4_15.pdb.sc
555.0,819.9447777271271,1.4773779778867155,3.2207815647125244,0.0,1.4773779778867155,154.0,91.28421115875244,0.5927546179139769,2.410245656967163,3.193314474898499,3.7860690928124763,45.0,14.05765438079834,0.31239231957329644,1.28828763961792,4.147030931048923,4.459423250622219,105.34186553955078,199.0,38,39,286,270,556,run1_g4_g4_16,single-objective/run1/g4/g4_16.pdb,-155.938,-0.638,55.811,2.332,88.978,3.718,1256.445,2393.309,1136.865,34.0,-1.995,-1315.647,252.962,-276.025,1.946,31.178,293.116,753.971,-0.043,-29.622,-49.521,-18.6,-51.523,6.0,-33.559,269.0,83.0,92.414,-45.16,0.713,0.632,1.946,59.422,178.171,0.666,1.287,50.207,0.051,2.245,0.588,g0_08_0001,single-objective/run1/g4/g4_16.pdb.sc
559.0,823.9750012159348,1.4740161023540872,3.2051174640655518,0.0,1.4740161023540872,158.0,94.13439106941223,0.5957872852494445,2.3385000228881836,3.1549843942062763,3.750771679455721,48.0,14.167476177215576,0.29515575369199115,0.8472099304199219,4.2524580756823225,4.547613829374313,108.30186724662781,206.0,38,39,290,270,560,run1_g4_g4_17,single-objective/run1/g4/g4_17.pdb,413.514,1.33,178.441,7.363,498.448,20.566,1268.003,2423.592,1155.589,37.0,-1.995,-1327.033,256.501,-291.418,1.941,32.204,728.842,777.523,-0.008,-31.823,-49.521,-20.227,-51.523,7.0,-31.878,269.0,85.0,92.636,-40.305,0.664,6.691,128.94,68.08,171.985,0.688,2.462,100.948,10.632,467.817,0.585,temp_g2_11_0001,single-objective/run1/g4/g4_17.pdb.sc
560.0,825.8234490156174,1.474684730385031,3.2051174640655518,0.0,1.474684730385031,161.0,93.77317106723785,0.5824420563182475,2.0924081802368164,3.170213914806058,3.7526559711243053,46.0,14.683403730392456,0.31920442892157513,1.28828763961792,4.187870150027067,4.507074578948643,108.45657479763031,207.0,38,39,291,270,561,run1_g4_g4_18,single-objective/run1/g4/g4_18.pdb,-108.871,-0.465,104.441,4.261,136.85,5.583,1208.862,2451.267,1242.405,35.0,-1.995,-1333.355,257.424,-296.658,1.951,32.337,343.223,791.98,-0.022,-32.109,-49.521,-20.556,-51.523,7.0,-32.757,269.0,83.0,92.414,-45.555,0.692,1.158,1.946,58.86,174.427,0.678,1.874,73.098,0.522,22.984,0.596,g0_11_0001,single-objective/run1/g4/g4_18.pdb.sc
566.0,834.7421725988388,1.4748094922240969,3.2051174640655518,0.0,1.4748094922240969,163.0,94.43106269836426,0.5793316729960998,2.410245656967163,3.1940476119152605,3.7733792849113605,46.0,14.221220016479492,0.30915695687998895,1.28828763961792,4.1113956959351246,4.420552652815114,108.65228271484375,209.0,38,39,297,270,567,run1_g4_g4_19,single-objective/run1/g4/g4_19.pdb,525.576,0.979,339.371,13.628,378.595,15.203,1344.457,2490.298,1145.841,41.0,-1.995,-1342.121,262.246,-275.525,1.982,33.459,847.101,788.605,-0.01,-32.107,-49.521,-16.971,-51.523,5.0,-35.107,269.0,85.0,90.569,-36.318,0.762,4.981,91.744,78.147,172.324,0.639,4.868,199.574,5.087,223.846,0.588,temp_g4_19_0001,single-objective/run1/g4/g4_19.pdb.sc
555.0,819.9447777271271,1.4773779778867155,3.2207815647125244,0.0,1.4773779778867155,154.0,91.28421115875244,0.5927546179139769,2.410245656967163,3.193314474898499,3.7860690928124763,45.0,14.05765438079834,0.31239231957329644,1.28828763961792,4.147030931048923,4.459423250622219,105.34186553955078,199.0,38,39,286,270,556,run1_g4_g4_2,single-objective/run1/g4/g4_2.pdb,-155.938,-0.638,55.811,2.332,88.978,3.718,1256.445,2393.309,1136.865,34.0,-1.995,-1315.647,252.962,-276.025,1.946,31.178,293.116,753.971,-0.043,-29.622,-49.521,-18.6,-51.523,6.0,-33.559,269.0,83.0,92.414,-45.16,0.713,0.632,1.946,59.422,178.171,0.666,1.287,50.207,0.051,2.245,0.588,g0_08_0001,single-objective/run1/g4/g4_2.pdb.sc
560.0,826.4532297849655,1.4758093389017242,3.2051174640655518,0.0,1.4758093389017242,160.0,92.92183816432953,0.5807614885270596,2.0924081802368164,3.1738253213465213,3.754586809873581,49.0,15.196746826171875,0.31013769033003824,1.28828763961792,4.178409172564137,4.488546862894175,108.1185849905014,209.0,38,39,291,270,561,run1_g4_g4_20,single-objective/run1/g4/g4_20.pdb,-153.476,-0.641,56.408,2.331,95.001,3.926,1248.8,2419.705,1170.906,34.0,-1.995,-1330.374,257.411,-287.134,1.948,31.726,303.83,775.671,-0.052,-32.673,-49.521,-18.6,-51.523,9.0,-33.243,269.0,83.0,92.414,-46.203,0.683,0.613,1.946,57.77,174.479,0.703,1.292,50.376,0.011,0.496,0.597,g0_24_0001,single-objective/run1/g4/g4_20.pdb.sc
552.0,813.1030895709991,1.473012843425723,3.075467348098755,0.0,1.473012843425723,147.0,88.55685842037201,0.6024276083018504,2.410245656967163,3.1812764552174784,3.7837040635193286,46.0,13.414396286010742,0.2916173105654509,0.8472099304199219,4.217139238896578,4.508756549462028,101.97125470638275,193.0,38,39,283,270,553,run1_g4_g4_21,single-objective/run1/g4/g4_21.pdb,-132.729,-0.558,68.525,2.901,111.379,4.716,1185.992,2361.745,1175.753,31.0,-1.995,-1312.438,255.478,-285.989,1.938,31.684,309.159,768.472,-0.034,-32.107,-49.521,-16.971,-51.523,6.0,-33.155,269.0,83.0,92.414,-44.276,0.732,0.849,1.946,59.789,173.78,0.67,1.37,53.434,0.388,17.066,0.585,temp_g1_22_0001,single-objective/run1/g4/g4_21.pdb.sc
553.0,815.372555732727,1.4744530845076438,3.2051174640655518,0.0,1.4744530845076438,152.0,86.89842104911804,0.5717001384810397,2.410245656967163,3.2126027486826243,3.784302887163664,44.0,12.982282876968384,0.29505188356746326,1.28828763961792,4.250138700008392,4.545190583575856,99.88070392608643,196.0,38,39,284,270,554,run1_g4_g4_22,single-objective/run1/g4/g4_22.pdb,-1.211,-0.337,80.937,3.337,116.679,4.81,1204.532,2425.532,1221.0,32.0,-1.995,-1305.245,254.312,-290.316,1.923,31.524,437.805,769.931,-0.035,-32.107,-49.365,-18.271,-51.523,6.0,-32.854,269.0,83.0,92.461,-44.231,0.704,1.591,1.946,61.519,172.68,0.662,1.675,65.313,1.517,66.735,0.597,temp_g3_18_0001,single-objective/run1/g4/g4_22.pdb.sc
543.0,803.6664754152298,1.480048757670773,3.2207815647125244,0.0,1.480048757670773,147.0,90.06708657741547,0.6127012692341188,2.4274275302886963,3.2186363562434708,3.8313376254775897,44.0,13.655216932296753,0.31034583937038074,0.8472099304199219,4.33445790680972,4.644803746180101,103.72230350971222,191.0,38,39,274,270,544,run1_g4_g4_23,single-objective/run1/g4/g4_23.pdb,-135.076,-0.552,77.052,3.244,107.858,4.541,1214.199,2375.408,1161.209,33.0,-1.995,-1290.879,246.307,-273.744,1.889,30.777,301.32,741.882,-0.028,-29.622,-49.521,-18.6,-51.523,6.0,-32.408,269.0,83.0,92.372,-43.982,0.635,0.898,1.946,59.803,180.326,0.649,1.569,61.202,0.302,13.3,0.577,temp_g4_16_0001,single-objective/run1/g4/g4_23.pdb.sc
560.0,826.0826569795609,1.4751476017492158,3.2051174640655518,0.0,1.4751476017492158,156.0,91.47475099563599,0.5863766089463845,2.410245656967163,3.1962501330253406,3.782626741971725,45.0,13.784862041473389,0.3063302675882975,1.28828763961792,4.154912159177992,4.461242426766289,105.25961303710938,201.0,38,39,291,270,561,run1_g4_g4_24,single-objective/run1/g4/g4_24.pdb,-18.788,-0.128,54.926,2.329,89.064,3.776,1265.125,2358.748,1093.623,28.0,-1.995,-1327.685,258.814,-283.028,1.957,32.575,317.633,771.497,-0.05,-32.107,-49.521,-16.971,-51.523,7.0,-34.106,269.0,83.0,90.996,-37.879,0.693,1.484,91.744,76.635,173.59,0.672,1.305,50.905,1.643,72.282,0.588,temp_g1_12_0001,single-objective/run1/g4/g4_24.pdb.sc
557.0,820.8472031354904,1.473693362900342,3.2051174640655518,0.0,1.473693362900342,155.0,91.73654556274414,0.5918486810499622,2.410245656967163,3.162744572854811,3.7545932539047735,44.0,13.77941632270813,0.3131685527888211,1.28828763961792,4.1665940284729,4.479762581261721,105.51596188545227,199.0,38,39,288,270,558,run1_g4_g4_3,single-objective/run1/g4/g4_3.pdb,-156.899,-0.642,58.415,2.476,90.903,3.853,1236.337,2359.252,1122.915,28.0,-1.995,-1322.71,255.063,-286.857,1.931,32.221,295.524,773.559,-0.04,-32.107,-49.521,-18.6,-51.523,7.0,-34.164,269.0,83.0,92.414,-45.935,0.712,0.6,1.946,59.036,174.232,0.665,1.332,51.965,-0.05,-2.194,0.588,g0_12_0001,single-objective/run1/g4/g4_3.pdb.sc
552.0,815.4450908899307,1.4772555994382803,3.2207815647125244,0.0,1.4772555994382803,155.0,91.62801277637482,0.5911484695249988,2.410245656967163,3.19821628832048,3.7893647578454788,44.0,13.68575644493103,0.31103991920297797,1.28828763961792,4.186526141383431,4.497566060586409,105.31376922130585,199.0,38,39,283,270,553,run1_g4_g4_4,single-objective/run1/g4/g4_4.pdb,-23.921,-0.146,57.514,2.448,87.829,3.738,1254.736,2349.772,1095.036,37.0,-1.995,-1315.87,251.019,-275.548,1.926,31.298,313.474,754.88,-0.044,-29.622,-49.521,-18.6,-51.523,6.0,-34.087,269.0,83.0,90.996,-37.195,0.689,1.522,91.744,76.326,177.801,0.657,1.305,50.876,1.715,75.443,0.577,temp_g3_04_0001,single-objective/run1/g4/g4_4.pdb.sc
553.0,816.4183490276337,1.4763442116232073,3.2207815647125244,0.0,1.4763442116232073,155.0,90.78252589702606,0.5856937154646843,2.0924081802368164,3.183800962663466,3.7694946781281504,49.0,14.792971849441528,0.3018973846824802,0.8472099304199219,4.278933890011846,4.580831274694326,105.57549774646759,204.0,38,39,284,270,554,run1_g4_g4_5,single-objective/run1/g4/g4_5.pdb,68.77,0.061,65.249,2.742,88.127,3.704,1221.308,2379.346,1158.038,33.0,-1.995,-1316.693,255.209,-278.877,1.92,30.948,487.026,763.584,-0.057,-31.33,-49.521,-18.6,-51.523,9.0,-32.744,269.0,83.0,92.831,-45.467,0.74,2.88,19.655,69.653,174.109,0.692,1.348,52.561,4.238,186.481,0.585,temp_g3_17_0001,single-objective/run1/g4/g4_5.pdb.sc
559.0,824.5433533191681,1.4750328324135387,3.2051174640655518,0.0,1.4750328324135387,158.0,93.91245174407959,0.5943826059751873,2.0924081802368164,3.15986445282079,3.7542470587959773,53.0,15.313611507415771,0.28893606617765605,1.28828763961792,4.242620144250258,4.531556210427914,109.22606325149536,211.0,38,39,290,270,560,run1_g4_g4_6,single-objective/run1/g4/g4_6.pdb,93.566,0.191,266.712,10.711,308.872,12.405,1246.43,2489.984,1243.553,37.0,-1.995,-1331.816,257.657,-287.427,1.975,33.126,539.998,787.46,-0.014,-32.189,-49.521,-19.156,-51.523,7.0,-34.123,269.0,83.0,92.414,-44.978,0.672,3.255,1.946,60.084,171.052,0.674,3.969,154.785,2.623,115.399,0.585,temp_g4_12_0001,single-objective/run1/g4/g4_6.pdb.sc
555.0,819.9447777271271,1.4773779778867155,3.2207815647125244,0.0,1.4773779778867155,154.0,91.28421115875244,0.5927546179139769,2.410245656967163,3.193314474898499,3.7860690928124763,45.0,14.05765438079834,0.31239231957329644,1.28828763961792,4.147030931048923,4.459423250622219,105.34186553955078,199.0,38,39,286,270,556,run1_g4_g4_7,single-objective/run1/g4/g4_7.pdb,-155.938,-0.638,55.811,2.332,88.978,3.718,1256.445,2393.309,1136.865,34.0,-1.995,-1315.647,252.962,-276.025,1.946,31.178,293.116,753.971,-0.043,-29.622,-49.521,-18.6,-51.523,6.0,-33.559,269.0,83.0,92.414,-45.16,0.713,0.632,1.946,59.422,178.171,0.666,1.287,50.207,0.051,2.245,0.588,g0_08_0001,single-objective/run1/g4/g4_7.pdb.sc
554.0,818.0969113111496,1.4767092261934107,3.2207815647125244,0.0,1.4767092261934107,154.0,91.2469733953476,0.5925128142555038,2.410245656967163,3.2007240312440053,3.7932368454995093,46.0,14.400975465774536,0.31306468403857685,1.28828763961792,4.160026835358662,4.473091519397238,105.64794886112213,200.0,38,39,285,270,555,run1_g4_g4_8,single-objective/run1/g4/g4_8.pdb,-153.571,-0.626,54.128,2.289,89.081,3.768,1248.769,2364.379,1115.61,31.0,-1.995,-1315.273,254.415,-276.133,1.942,31.215,295.381,752.616,-0.05,-29.622,-49.521,-18.6,-51.523,7.0,-33.582,269.0,83.0,92.414,-45.199,0.68,0.67,1.946,59.299,178.071,0.665,1.295,50.486,0.116,5.09,0.577,temp_g4_01_0001,single-objective/run1/g4/g4_8.pdb.sc
552.0,815.5405654907227,1.4774285606715991,3.2051174640655518,0.0,1.4774285606715991,157.0,92.48665189743042,0.5890869547607033,2.870814323425293,3.2146117353135613,3.8036986900742646,48.0,14.158738374710083,0.2949737161397934,1.28828763961792,4.173785865306854,4.468759581446648,106.6453902721405,205.0,38,39,283,270,553,run1_g4_g4_9,single-objective/run1/g4/g4_9.pdb,394.524,1.104,204.291,8.142,241.39,9.621,1324.047,2508.988,1184.94,39.0,-1.995,-1329.097,251.341,-274.233,2.052,32.011,829.709,758.153,-0.011,-30.909,-49.365,-15.789,-51.523,5.0,-32.886,269.0,82.0,92.242,-40.279,0.687,5.276,1.946,70.974,181.577,0.679,3.316,129.318,7.054,303.308,0.596,temp_g3_15_0001,single-objective/run1/g4/g4_9.pdb.sc
551.0,813.463173031807,1.4763396969724265,3.2051174640655518,0.0,1.4763396969724265,157.0,90.674440741539,0.5775442085448345,2.410245656967163,3.2246887691461357,3.80223297769097,44.0,13.282289505004883,0.30187021602283826,1.28828763961792,4.23482993516055,4.536700151183388,103.95673024654388,201.0,38,39,282,270,552,run1_g5_g5_0,single-objective/run1/g5/g5_0.pdb,47.0,0.1,49.28,2.033,77.525,3.198,1257.271,2424.318,1167.048,29.0,-1.995,-1306.609,254.059,-288.79,1.925,32.583,353.215,772.107,-0.043,-32.107,-48.639,-19.925,-51.523,6.0,-32.477,269.0,83.0,91.097,-32.843,0.685,2.204,108.196,81.842,166.3,0.663,1.12,43.687,3.164,139.213,0.585,temp_g4_04_0001,single-objective/run1/g5/g5_0.pdb.sc
553.0,816.4183490276337,1.4763442116232073,3.2207815647125244,0.0,1.4763442116232073,155.0,90.78252589702606,0.5856937154646843,2.0924081802368164,3.183800962663466,3.7694946781281504,49.0,14.792971849441528,0.3018973846824802,0.8472099304199219,4.278933890011846,4.580831274694326,105.57549774646759,204.0,38,39,284,270,554,run1_g5_g5_1,single-objective/run1/g5/g5_1.pdb,68.77,0.061,65.249,2.742,88.127,3.704,1221.308,2379.346,1158.038,33.0,-1.995,-1316.693,255.209,-278.877,1.92,30.948,487.026,763.584,-0.057,-31.33,-49.521,-18.6,-51.523,9.0,-32.744,269.0,83.0,92.831,-45.467,0.74,2.88,19.655,69.653,174.109,0.692,1.348,52.561,4.238,186.481,0.585,temp_g3_17_0001,single-objective/run1/g5/g5_1.pdb.sc
553.0,816.4183490276337,1.4763442116232073,3.2207815647125244,0.0,1.4763442116232073,155.0,90.78252589702606,0.5856937154646843,2.0924081802368164,3.183800962663466,3.7694946781281504,49.0,14.792971849441528,0.3018973846824802,0.8472099304199219,4.278933890011846,4.580831274694326,105.57549774646759,204.0,38,39,284,270,554,run1_g5_g5_10,single-objective/run1/g5/g5_10.pdb,68.77,0.061,65.249,2.742,88.127,3.704,1221.308,2379.346,1158.038,33.0,-1.995,-1316.693,255.209,-278.877,1.92,30.948,487.026,763.584,-0.057,-31.33,-49.521,-18.6,-51.523,9.0,-32.744,269.0,83.0,92.831,-45.467,0.74,2.88,19.655,69.653,174.109,0.692,1.348,52.561,4.238,186.481,0.585,temp_g3_17_0001,single-objective/run1/g5/g5_10.pdb.sc
553.0,815.372555732727,1.4744530845076438,3.2051174640655518,0.0,1.4744530845076438,152.0,86.89842104911804,0.5717001384810397,2.410245656967163,3.2126027486826243,3.784302887163664,44.0,12.982282876968384,0.29505188356746326,1.28828763961792,4.250138700008392,4.545190583575856,99.88070392608643,196.0,38,39,284,270,554,run1_g5_g5_11,single-objective/run1/g5/g5_11.pdb,-1.211,-0.337,80.937,3.337,116.679,4.81,1204.532,2425.532,1221.0,32.0,-1.995,-1305.245,254.312,-290.316,1.923,31.524,437.805,769.931,-0.035,-32.107,-49.365,-18.271,-51.523,6.0,-32.854,269.0,83.0,92.461,-44.231,0.704,1.591,1.946,61.519,172.68,0.662,1.675,65.313,1.517,66.735,0.597,temp_g3_18_0001,single-objective/run1/g5/g5_11.pdb.sc
552.0,815.5405654907227,1.4774285606715991,3.2051174640655518,0.0,1.4774285606715991,157.0,92.48665189743042,0.5890869547607033,2.870814323425293,3.2146117353135613,3.8036986900742646,48.0,14.158738374710083,0.2949737161397934,1.28828763961792,4.173785865306854,4.468759581446648,106.6453902721405,205.0,38,39,283,270,553,run1_g5_g5_12,single-objective/run1/g5/g5_12.pdb,394.524,1.104,204.291,8.142,241.39,9.621,1324.047,2508.988,1184.94,39.0,-1.995,-1329.097,251.341,-274.233,2.052,32.011,829.709,758.153,-0.011,-30.909,-49.365,-15.789,-51.523,5.0,-32.886,269.0,82.0,92.242,-40.279,0.687,5.276,1.946,70.974,181.577,0.679,3.316,129.318,7.054,303.308,0.596,temp_g3_15_0001,single-objective/run1/g5/g5_12.pdb.sc
547.0,808.3684504032135,1.4778216643568802,3.2051174640655518,0.0,1.4778216643568802,148.0,91.04268944263458,0.6151533070448283,2.870814323425293,3.217159856815596,3.832313163860424,48.0,13.7289719581604,0.2860202491283417,0.8472099304199219,4.285289878646533,4.571310127774875,104.77166140079498,196.0,38,39,278,270,548,run1_g5_g5_13,single-objective/run1/g5/g5_13.pdb,-133.409,-0.558,62.65,2.586,107.183,4.424,1257.622,2422.597,1164.975,31.0,-1.995,-1302.155,250.698,-284.906,1.931,30.528,305.999,757.221,-0.036,-32.107,-49.521,-16.365,-51.523,6.0,-32.781,269.0,82.0,92.439,-43.751,0.708,0.842,1.946,62.875,177.474,0.682,1.33,51.878,0.4,17.185,0.585,temp_g4_11_0001,single-objective/run1/g5/g5_13.pdb.sc
546.0,807.1237152814865,1.4782485627866053,3.2207815647125244,0.0,1.4782485627866053,147.0,88.48993074893951,0.6019723180199967,2.410245656967163,3.2114240450112996,3.8133963630312966,43.0,12.752733945846558,0.2965752080429432,0.9367504119873047,4.316940939703653,4.613516147746596,101.24266469478607,190.0,38,39,277,270,547,run1_g5_g5_14,single-objective/run1/g5/g5_14.pdb,221.734,-0.055,167.153,6.974,232.746,9.711,1235.673,2396.635,1160.962,32.0,-1.995,-1295.566,250.367,-278.11,1.91,30.712,654.098,756.153,-0.018,-29.622,-49.521,-18.6,-51.523,6.0,-32.65,269.0,84.0,92.829,-46.03,0.674,2.472,1.946,58.512,178.248,0.617,2.545,101.78,2.407,105.888,0.577,temp_g5_07_0001,single-objective/run1/g5/g5_14.pdb.sc
554.0,818.0969113111496,1.4767092261934107,3.2207815647125244,0.0,1.4767092261934107,154.0,91.2469733953476,0.5925128142555038,2.410245656967163,3.2007240312440053,3.7932368454995093,46.0,14.400975465774536,0.31306468403857685,1.28828763961792,4.160026835358662,4.473091519397238,105.64794886112213,200.0,38,39,285,270,555,run1_g5_g5_15,single-objective/run1/g5/g5_15.pdb,-153.571,-0.626,54.128,2.289,89.081,3.768,1248.769,2364.379,1115.61,31.0,-1.995,-1315.273,254.415,-276.133,1.942,31.215,295.381,752.616,-0.05,-29.622,-49.521,-18.6,-51.523,7.0,-33.582,269.0,83.0,92.414,-45.199,0.68,0.67,1.946,59.299,178.071,0.665,1.295,50.486,0.116,5.09,0.577,temp_g4_01_0001,single-objective/run1/g5/g5_15.pdb.sc
561.0,826.7778928279877,1.4737573847201206,3.2051174640655518,0.0,1.4737573847201206,158.0,93.6789585351944,0.5929048008556608,2.410245656967163,3.1781676894501794,3.77107249030584,45.0,14.157074451446533,0.3146016544765896,1.28828763961792,4.127041069666545,4.441642724143135,107.83603298664093,203.0,38,39,292,270,562,run1_g5_g5_16,single-objective/run1/g5/g5_16.pdb,-155.933,-0.645,59.433,2.469,95.101,3.951,1215.991,2407.156,1191.165,32.0,-1.995,-1327.618,257.231,-291.816,1.96,32.207,301.032,777.39,-0.046,-32.107,-49.521,-20.556,-51.523,7.0,-33.429,269.0,83.0,92.414,-45.788,0.768,0.602,1.946,58.96,174.685,0.677,1.327,51.765,-0.041,-1.821,0.597,g0_00_0001,single-objective/run1/g5/g5_16.pdb.sc
556.0,818.2079830169678,1.4715970917571364,3.075467348098755,0.0,1.4715970917571364,155.0,88.68636345863342,0.572170086829893,2.410245656967163,3.2264983654022217,3.7986684522321146,44.0,12.912257432937622,0.29346039620312775,1.28828763961792,4.251730187372728,4.545190583575856,101.59862089157104,199.0,38,39,287,270,557,run1_g5_g5_17,single-objective/run1/g5/g5_17.pdb,8.249,-0.302,84.916,3.473,120.768,4.939,1208.848,2445.238,1236.39,29.0,-1.995,-1311.187,258.838,-290.132,1.93,32.389,442.313,777.247,-0.033,-32.107,-49.408,-18.609,-51.523,7.0,-32.373,269.0,83.0,92.461,-43.375,0.69,1.687,1.946,62.1,169.138,0.657,1.726,67.333,1.652,72.684,0.597,temp_g5_22_0001,single-objective/run1/g5/g5_17.pdb.sc
553.0,816.4828318357468,1.4764608170628333,3.2051174640655518,0.0,1.4764608170628333,156.0,92.73410189151764,0.594449371099472,2.410245656967163,3.186401918148383,3.780851289247855,44.0,14.027280807495117,0.3188018365339799,1.28828763961792,4.160575714978305,4.479377551512285,106.76138269901276,200.0,38,39,284,270,554,run1_g5_g5_18,single-objective/run1/g5/g5_18.pdb,-75.544,-0.346,57.073,2.382,91.636,3.824,1225.719,2396.335,1170.616,29.0,-1.995,-1318.876,253.905,-288.413,1.933,32.021,349.214,774.707,-0.04,-32.107,-48.639,-18.927,-51.523,7.0,-33.533,269.0,83.0,92.515,-39.652,0.673,1.472,18.397,64.632,170.212,0.682,1.299,50.664,1.625,71.494,0.585,temp_g3_03_0001,single-objective/run1/g5/g5_18.pdb.sc
557.0,820.8472031354904,1.473693362900342,3.2051174640655518,0.0,1.473693362900342,155.0,91.73654556274414,0.5918486810499622,2.410245656967163,3.162744572854811,3.7545932539047735,44.0,13.77941632270813,0.3131685527888211,1.28828763961792,4.1665940284729,4.479762581261721,105.51596188545227,199.0,38,39,288,270,558,run1_g5_g5_19,single-objective/run1/g5/g5_19.pdb,-156.899,-0.642,58.415,2.476,90.903,3.853,1236.337,2359.252,1122.915,28.0,-1.995,-1322.71,255.063,-286.857,1.931,32.221,295.524,773.559,-0.04,-32.107,-49.521,-18.6,-51.523,7.0,-34.164,269.0,83.0,92.414,-45.935,0.712,0.6,1.946,59.036,174.232,0.665,1.332,51.965,-0.05,-2.194,0.588,g0_12_0001,single-objective/run1/g5/g5_19.pdb.sc
555.0,819.9447777271271,1.4773779778867155,3.2207815647125244,0.0,1.4773779778867155,154.0,91.28421115875244,0.5927546179139769,2.410245656967163,3.193314474898499,3.7860690928124763,45.0,14.05765438079834,0.31239231957329644,1.28828763961792,4.147030931048923,4.459423250622219,105.34186553955078,199.0,38,39,286,270,556,run1_g5_g5_2,single-objective/run1/g5/g5_2.pdb,-155.938,-0.638,55.811,2.332,88.978,3.718,1256.445,2393.309,1136.865,34.0,-1.995,-1315.647,252.962,-276.025,1.946,31.178,293.116,753.971,-0.043,-29.622,-49.521,-18.6,-51.523,6.0,-33.559,269.0,83.0,92.414,-45.16,0.713,0.632,1.946,59.422,178.171,0.666,1.287,50.207,0.051,2.245,0.588,g0_08_0001,single-objective/run1/g5/g5_2.pdb.sc
555.0,819.9447777271271,1.4773779778867155,3.2207815647125244,0.0,1.4773779778867155,154.0,91.28421115875244,0.5927546179139769,2.410245656967163,3.193314474898499,3.7860690928124763,45.0,14.05765438079834,0.31239231957329644,1.28828763961792,4.147030931048923,4.459423250622219,105.34186553955078,199.0,38,39,286,270,556,run1_g5_g5_20,single-objective/run1/g5/g5_20.pdb,-155.938,-0.638,55.811,2.332,88.978,3.718,1256.445,2393.309,1136.865,34.0,-1.995,-1315.647,252.962,-276.025,1.946,31.178,293.116,753.971,-0.043,-29.622,-49.521,-18.6,-51.523,6.0,-33.559,269.0,83.0,92.414,-45.16,0.713,0.632,1.946,59.422,178.171,0.666,1.287,50.207,0.051,2.245,0.588,g0_08_0001,single-objective/run1/g5/g5_20.pdb.sc
560.0,827.6935449838638,1.4780241874711855,3.2051174640655518,0.0,1.4780241874711855,158.0,93.59069871902466,0.5923461944242067,2.870814323425293,3.2287398380569265,3.821086032481133,50.0,14.972281217575073,0.29944562435150146,1.28828763961792,4.224742631912232,4.5241882562637326,108.56297993659973,208.0,38,39,291,270,561,run1_g5_g5_21,single-objective/run1/g5/g5_21.pdb,476.567,1.274,247.918,9.703,289.589,11.334,1385.354,2555.053,1169.699,42.0,-1.995,-1338.43,250.842,-271.1,2.079,32.525,920.248,759.31,-0.012,-30.909,-49.365,-15.789,-51.523,5.0,-32.974,269.0,82.0,92.24,-42.006,0.755,5.865,1.946,66.736,184.135,0.687,3.859,150.492,7.685,330.442,0.596,temp_g5_09_0001,single-objective/run1/g5/g5_21.pdb.sc
554.0,818.11869764328,1.4767485517026715,3.2207815647125244,0.0,1.4767485517026715,157.0,92.16243541240692,0.5870218816076874,2.0924081802368164,3.1795524981371157,3.766574379744803,52.0,15.391782522201538,0.29599581773464495,0.8472099304199219,4.294592907795539,4.590588725530184,107.55421793460846,209.0,38,39,285,270,555,run1_g5_g5_22,single-objective/run1/g5/g5_22.pdb,145.746,0.246,98.033,4.028,132.024,5.424,1270.427,2434.018,1163.591,36.0,-1.995,-1319.91,253.388,-277.918,1.923,30.993,562.112,764.257,-0.034,-30.846,-49.521,-16.971,-51.523,8.0,-32.273,269.0,83.0,92.831,-44.926,0.707,3.453,19.655,70.168,175.717,0.696,1.755,68.462,4.957,218.107,0.585,temp_g5_00_0001,single-objective/run1/g5/g5_22.pdb.sc
557.0,823.1973749399185,1.477912701866999,3.370624303817749,0.0,1.477912701866999,159.0,93.71549475193024,0.5894056273706304,2.410245656967163,3.208495908563242,3.7979015359338724,45.0,14.175672769546509,0.31501495043436684,1.28828763961792,4.143867222468058,4.458882172902425,107.89116752147675,204.0,38,39,288,270,558,run1_g5_g5_23,single-objective/run1/g5/g5_23.pdb,-154.671,-0.616,58.27,2.404,93.446,3.856,1269.653,2423.575,1153.922,31.0,-1.995,-1321.096,251.62,-282.703,1.978,31.422,298.872,760.708,-0.041,-29.622,-49.521,-18.323,-51.523,6.0,-33.178,269.0,83.0,92.414,-45.362,0.651,0.697,1.946,59.062,180.053,0.667,1.307,50.958,0.157,6.888,0.577,temp_g5_16_0001,single-objective/run1/g5/g5_23.pdb.sc
554.0,817.4922701120377,1.4756178160867106,3.2207815647125244,0.0,1.4756178160867106,156.0,93.68031799793243,0.6005148589611053,2.0924081802368164,3.1922346498721685,3.792749508833274,47.0,13.864638090133667,0.294992299790078,1.28828763961792,4.186675264480266,4.481667564270344,107.5449560880661,203.0,38,39,285,270,555,run1_g5_g5_24,single-objective/run1/g5/g5_24.pdb,-141.016,-0.589,55.703,2.304,99.903,4.133,1234.19,2417.461,1183.271,32.0,-1.995,-1315.473,248.765,-281.536,1.934,31.632,308.727,762.286,-0.044,-30.764,-49.521,-18.6,-51.523,7.0,-32.325,269.0,83.0,92.414,-44.949,0.695,0.753,1.946,59.048,178.323,0.663,1.28,49.932,0.286,12.57,0.596,temp_g5_18_0001,single-objective/run1/g5/g5_24.pdb.sc
560.0,826.4532297849655,1.4758093389017242,3.2051174640655518,0.0,1.4758093389017242,160.0,92.92183816432953,0.5807614885270596,2.0924081802368164,3.1738253213465213,3.754586809873581,49.0,15.196746826171875,0.31013769033003824,1.28828763961792,4.178409172564137,4.488546862894175,108.1185849905014,209.0,38,39,291,270,561,run1_g5_g5_3,single-objective/run1/g5/g5_3.pdb,-153.476,-0.641,56.408,2.331,95.001,3.926,1248.8,2419.705,1170.906,34.0,-1.995,-1330.374,257.411,-287.134,1.948,31.726,303.83,775.671,-0.052,-32.673,-49.521,-18.6,-51.523,9.0,-33.243,269.0,83.0,92.414,-46.203,0.683,0.613,1.946,57.77,174.479,0.703,1.292,50.376,0.011,0.496,0.597,g0_24_0001,single-objective/run1/g5/g5_3.pdb.sc
555.0,819.9447777271271,1.4773779778867155,3.2207815647125244,0.0,1.4773779778867155,154.0,91.28421115875244,0.5927546179139769,2.410245656967163,3.193314474898499,3.7860690928124763,45.0,14.05765438079834,0.31239231957329644,1.28828763961792,4.147030931048923,4.459423250622219,105.34186553955078,199.0,38,39,286,270,556,run1_g5_g5_4,single-objective/run1/g5/g5_4.pdb,-155.938,-0.638,55.811,2.332,88.978,3.718,1256.445,2393.309,1136.865,34.0,-1.995,-1315.647,252.962,-276.025,1.946,31.178,293.116,753.971,-0.043,-29.622,-49.521,-18.6,-51.523,6.0,-33.559,269.0,83.0,92.414,-45.16,0.713,0.632,1.946,59.422,178.171,0.666,1.287,50.207,0.051,2.245,0.588,g0_08_0001,single-objective/run1/g5/g5_4.pdb.sc
548.0,810.4152146577835,1.4788598807623787,3.2207815647125244,0.0,1.4788598807623787,156.0,92.8685611486435,0.5953112894143814,2.410245656967163,3.2230124313097734,3.818323720724155,43.0,13.099228858947754,0.30463322927785474,1.28828763961792,4.232450718103453,4.537083947381308,105.96779000759125,199.0,38,39,279,270,549,run1_g5_g5_5,single-objective/run1/g5/g5_5.pdb,252.329,0.865,43.495,1.796,69.026,2.85,1264.239,2422.314,1158.075,29.0,-1.995,-1301.477,250.587,-276.267,1.921,32.032,382.586,756.451,-0.048,-29.622,-48.639,-19.925,-51.523,6.0,-31.733,269.0,83.0,90.881,-25.147,0.671,4.672,261.405,94.318,167.891,0.647,1.046,40.795,7.886,346.991,0.585,temp_g5_14_0001,single-objective/run1/g5/g5_5.pdb.sc
553.0,816.4183490276337,1.4763442116232073,3.2207815647125244,0.0,1.4763442116232073,155.0,90.78252589702606,0.5856937154646843,2.0924081802368164,3.183800962663466,3.7694946781281504,49.0,14.792971849441528,0.3018973846824802,0.8472099304199219,4.278933890011846,4.580831274694326,105.57549774646759,204.0,38,39,284,270,554,run1_g5_g5_6,single-objective/run1/g5/g5_6.pdb,68.77,0.061,65.249,2.742,88.127,3.704,1221.308,2379.346,1158.038,33.0,-1.995,-1316.693,255.209,-278.877,1.92,30.948,487.026,763.584,-0.057,-31.33,-49.521,-18.6,-51.523,9.0,-32.744,269.0,83.0,92.831,-45.467,0.74,2.88,19.655,69.653,174.109,0.692,1.348,52.561,4.238,186.481,0.585,temp_g3_17_0001,single-objective/run1/g5/g5_6.pdb.sc
551.0,813.463173031807,1.4763396969724265,3.2051174640655518,0.0,1.4763396969724265,157.0,90.674440741539,0.5775442085448345,2.410245656967163,3.2246887691461357,3.80223297769097,44.0,13.282289505004883,0.30187021602283826,1.28828763961792,4.23482993516055,4.536700151183388,103.95673024654388,201.0,38,39,282,270,552,run1_g5_g5_7,single-objective/run1/g5/g5_7.pdb,47.0,0.1,49.28,2.033,77.525,3.198,1257.271,2424.318,1167.048,29.0,-1.995,-1306.609,254.059,-288.79,1.925,32.583,353.215,772.107,-0.043,-32.107,-48.639,-19.925,-51.523,6.0,-32.477,269.0,83.0,91.097,-32.843,0.685,2.204,108.196,81.842,166.3,0.663,1.12,43.687,3.164,139.213,0.585,temp_g4_04_0001,single-objective/run1/g5/g5_7.pdb.sc
552.0,815.4450908899307,1.4772555994382803,3.2207815647125244,0.0,1.4772555994382803,155.0,91.62801277637482,0.5911484695249988,2.410245656967163,3.19821628832048,3.7893647578454788,44.0,13.68575644493103,0.31103991920297797,1.28828763961792,4.186526141383431,4.497566060586409,105.31376922130585,199.0,38,39,283,270,553,run1_g5_g5_8,single-objective/run1/g5/g5_8.pdb,-23.921,-0.146,57.514,2.448,87.829,3.738,1254.736,2349.772,1095.036,37.0,-1.995,-1315.87,251.019,-275.548,1.926,31.298,313.474,754.88,-0.044,-29.622,-49.521,-18.6,-51.523,6.0,-34.087,269.0,83.0,90.996,-37.195,0.689,1.522,91.744,76.326,177.801,0.657,1.305,50.876,1.715,75.443,0.577,temp_g3_04_0001,single-objective/run1/g5/g5_8.pdb.sc
555.0,819.9447777271271,1.4773779778867155,3.2207815647125244,0.0,1.4773779778867155,154.0,91.28421115875244,0.5927546179139769,2.410245656967163,3.193314474898499,3.7860690928124763,45.0,14.05765438079834,0.31239231957329644,1.28828763961792,4.147030931048923,4.459423250622219,105.34186553955078,199.0,38,39,286,270,556,run1_g5_g5_9,single-objective/run1/g5/g5_9.pdb,-155.938,-0.638,55.811,2.332,88.978,3.718,1256.445,2393.309,1136.865,34.0,-1.995,-1315.647,252.962,-276.025,1.946,31.178,293.116,753.971,-0.043,-29.622,-49.521,-18.6,-51.523,6.0,-33.559,269.0,83.0,92.414,-45.16,0.713,0.632,1.946,59.422,178.171,0.666,1.287,50.207,0.051,2.245,0.588,g0_08_0001,single-objective/run1/g5/g5_9.pdb.sc
548.0,810.4152146577835,1.4788598807623787,3.2207815647125244,0.0,1.4788598807623787,156.0,92.8685611486435,0.5953112894143814,2.410245656967163,3.2230124313097734,3.818323720724155,43.0,13.099228858947754,0.30463322927785474,1.28828763961792,4.232450718103453,4.537083947381308,105.96779000759125,199.0,38,39,279,270,549,run1_g6_g6_0,single-objective/run1/g6/g6_0.pdb,252.329,0.865,43.495,1.796,69.026,2.85,1264.239,2422.314,1158.075,29.0,-1.995,-1301.477,250.587,-276.267,1.921,32.032,382.586,756.451,-0.048,-29.622,-48.639,-19.925,-51.523,6.0,-31.733,269.0,83.0,90.881,-25.147,0.671,4.672,261.405,94.318,167.891,0.647,1.046,40.795,7.886,346.991,0.585,temp_g5_14_0001,single-objective/run1/g6/g6_0.pdb.sc
551.0,813.463173031807,1.4763396969724265,3.2051174640655518,0.0,1.4763396969724265,157.0,90.674440741539,0.5775442085448345,2.410245656967163,3.2246887691461357,3.80223297769097,44.0,13.282289505004883,0.30187021602283826,1.28828763961792,4.23482993516055,4.536700151183388,103.95673024654388,201.0,38,39,282,270,552,run1_g6_g6_1,single-objective/run1/g6/g6_1.pdb,47.0,0.1,49.28,2.033,77.525,3.198,1257.271,2424.318,1167.048,29.0,-1.995,-1306.609,254.059,-288.79,1.925,32.583,353.215,772.107,-0.043,-32.107,-48.639,-19.925,-51.523,6.0,-32.477,269.0,83.0,91.097,-32.843,0.685,2.204,108.196,81.842,166.3,0.663,1.12,43.687,3.164,139.213,0.585,temp_g4_04_0001,single-objective/run1/g6/g6_1.pdb.sc
557.0,820.8472031354904,1.473693362900342,3.2051174640655518,0.0,1.473693362900342,155.0,91.73654556274414,0.5918486810499622,2.410245656967163,3.162744572854811,3.7545932539047735,44.0,13.77941632270813,0.3131685527888211,1.28828763961792,4.1665940284729,4.479762581261721,105.51596188545227,199.0,38,39,288,270,558,run1_g6_g6_10,single-objective/run1/g6/g6_10.pdb,-156.899,-0.642,58.415,2.476,90.903,3.853,1236.337,2359.252,1122.915,28.0,-1.995,-1322.71,255.063,-286.857,1.931,32.221,295.524,773.559,-0.04,-32.107,-49.521,-18.6,-51.523,7.0,-34.164,269.0,83.0,92.414,-45.935,0.712,0.6,1.946,59.036,174.232,0.665,1.332,51.965,-0.05,-2.194,0.588,g0_12_0001,single-objective/run1/g6/g6_10.pdb.sc
553.0,816.4183490276337,1.4763442116232073,3.2207815647125244,0.0,1.4763442116232073,155.0,90.78252589702606,0.5856937154646843,2.0924081802368164,3.183800962663466,3.7694946781281504,49.0,14.792971849441528,0.3018973846824802,0.8472099304199219,4.278933890011846,4.580831274694326,105.57549774646759,204.0,38,39,284,270,554,run1_g6_g6_11,single-objective/run1/g6/g6_11.pdb,68.77,0.061,65.249,2.742,88.127,3.704,1221.308,2379.346,1158.038,33.0,-1.995,-1316.693,255.209,-278.877,1.92,30.948,487.026,763.584,-0.057,-31.33,-49.521,-18.6,-51.523,9.0,-32.744,269.0,83.0,92.831,-45.467,0.74,2.88,19.655,69.653,174.109,0.692,1.348,52.561,4.238,186.481,0.585,temp_g3_17_0001,single-objective/run1/g6/g6_11.pdb.sc
557.0,821.2115250825882,1.474347441799979,3.2051174640655518,0.0,1.474347441799979,157.0,91.93788528442383,0.5855916260154383,2.410245656967163,3.1729223758551726,3.758514001870611,45.0,14.015997886657715,0.31146661970350475,1.28828763961792,4.1515894995795355,4.46305611928304,105.95388317108154,202.0,38,39,288,270,558,run1_g6_g6_12,single-objective/run1/g6/g6_12.pdb,-99.298,-0.427,99.911,4.187,140.474,5.887,1228.955,2386.237,1157.282,34.0,-1.995,-1326.265,258.061,-284.917,1.951,32.663,345.536,775.747,-0.031,-32.107,-49.521,-18.6,-51.523,7.0,-33.853,269.0,83.0,92.414,-44.926,0.693,1.292,1.946,60.361,175.143,0.674,1.865,72.73,0.785,34.533,0.588,temp_g6_19_0001,single-objective/run1/g6/g6_12.pdb.sc
548.0,810.4152146577835,1.4788598807623787,3.2207815647125244,0.0,1.4788598807623787,156.0,92.8685611486435,0.5953112894143814,2.410245656967163,3.2230124313097734,3.818323720724155,43.0,13.099228858947754,0.30463322927785474,1.28828763961792,4.232450718103453,4.537083947381308,105.96779000759125,199.0,38,39,279,270,549,run1_g6_g6_13,single-objective/run1/g6/g6_13.pdb,252.329,0.865,43.495,1.796,69.026,2.85,1264.239,2422.314,1158.075,29.0,-1.995,-1301.477,250.587,-276.267,1.921,32.032,382.586,756.451,-0.048,-29.622,-48.639,-19.925,-51.523,6.0,-31.733,269.0,83.0,90.881,-25.147,0.671,4.672,261.405,94.318,167.891,0.647,1.046,40.795,7.886,346.991,0.585,temp_g5_14_0001,single-objective/run1/g6/g6_13.pdb.sc
555.0,819.9447777271271,1.4773779778867155,3.2207815647125244,0.0,1.4773779778867155,154.0,91.28421115875244,0.5927546179139769,2.410245656967163,3.193314474898499,3.7860690928124763,45.0,14.05765438079834,0.31239231957329644,1.28828763961792,4.147030931048923,4.459423250622219,105.34186553955078,199.0,38,39,286,270,556,run1_g6_g6_14,single-objective/run1/g6/g6_14.pdb,-155.938,-0.638,55.811,2.332,88.978,3.718,1256.445,2393.309,1136.865,34.0,-1.995,-1315.647,252.962,-276.025,1.946,31.178,293.116,753.971,-0.043,-29.622,-49.521,-18.6,-51.523,6.0,-33.559,269.0,83.0,92.414,-45.16,0.713,0.632,1.946,59.422,178.171,0.666,1.287,50.207,0.051,2.245,0.588,g0_08_0001,single-objective/run1/g6/g6_14.pdb.sc
561.0,826.7778928279877,1.4737573847201206,3.2051174640655518,0.0,1.4737573847201206,158.0,93.6789585351944,0.5929048008556608,2.410245656967163,3.1781676894501794,3.77107249030584,45.0,14.157074451446533,0.3146016544765896,1.28828763961792,4.127041069666545,4.441642724143135,107.83603298664093,203.0,38,39,292,270,562,run1_g6_g6_15,single-objective/run1/g6/g6_15.pdb,-155.933,-0.645,59.433,2.469,95.101,3.951,1215.991,2407.156,1191.165,32.0,-1.995,-1327.618,257.231,-291.816,1.96,32.207,301.032,777.39,-0.046,-32.107,-49.521,-20.556,-51.523,7.0,-33.429,269.0,83.0,92.414,-45.788,0.768,0.602,1.946,58.96,174.685,0.677,1.327,51.765,-0.041,-1.821,0.597,g0_00_0001,single-objective/run1/g6/g6_15.pdb.sc
552.0,817.5463424921036,1.481062214659608,3.370624303817749,0.0,1.481062214659608,153.0,89.40535056591034,0.584348696509218,2.410245656967163,3.2354371789234135,3.8197858754326317,45.0,13.605180263519287,0.3023373391893175,1.28828763961792,4.122723070780436,4.4250604099697535,103.01053082942963,198.0,38,39,283,270,553,run1_g6_g6_16,single-objective/run1/g6/g6_16.pdb,-155.725,-0.61,57.379,2.387,91.36,3.801,1297.793,2403.68,1105.887,29.0,-1.995,-1309.562,246.625,-275.233,1.972,30.862,293.705,742.082,-0.034,-29.622,-49.521,-15.233,-51.523,6.0,-32.781,269.0,83.0,92.414,-44.409,0.706,0.652,1.946,59.985,183.988,0.659,1.293,50.417,0.085,3.734,0.577,temp_g6_23_0001,single-objective/run1/g6/g6_16.pdb.sc
560.0,826.4532297849655,1.4758093389017242,3.2051174640655518,0.0,1.4758093389017242,160.0,92.92183816432953,0.5807614885270596,2.0924081802368164,3.1738253213465213,3.754586809873581,49.0,15.196746826171875,0.31013769033003824,1.28828763961792,4.178409172564137,4.488546862894175,108.1185849905014,209.0,38,39,291,270,561,run1_g6_g6_17,single-objective/run1/g6/g6_17.pdb,-153.476,-0.641,56.408,2.331,95.001,3.926,1248.8,2419.705,1170.906,34.0,-1.995,-1330.374,257.411,-287.134,1.948,31.726,303.83,775.671,-0.052,-32.673,-49.521,-18.6,-51.523,9.0,-33.243,269.0,83.0,92.414,-46.203,0.683,0.613,1.946,57.77,174.479,0.703,1.292,50.376,0.011,0.496,0.597,g0_24_0001,single-objective/run1/g6/g6_17.pdb.sc
550.0,812.0306832790375,1.4764194241437045,3.2051174640655518,0.0,1.4764194241437045,159.0,92.42092335224152,0.5812636688820221,2.410245656967163,3.2056676749163455,3.7869313437983676,46.0,13.21000337600708,0.2871739864349365,1.28828763961792,4.224727324817492,4.511901311252428,105.6309267282486,205.0,38,39,281,270,551,run1_g6_g6_18,single-objective/run1/g6/g6_18.pdb,553.371,1.592,118.174,4.98,155.165,6.539,1210.525,2372.759,1162.235,35.0,-1.995,-1316.413,257.069,-284.072,1.941,32.866,856.34,773.038,-0.023,-32.107,-48.639,-17.64,-51.523,5.0,-32.263,269.0,83.0,91.047,-31.582,0.716,5.483,108.196,83.015,165.511,0.654,2.066,80.574,8.512,374.528,0.585,temp_g6_00_0001,single-objective/run1/g6/g6_18.pdb.sc
553.0,816.4183490276337,1.4763442116232073,3.2207815647125244,0.0,1.4763442116232073,155.0,90.78252589702606,0.5856937154646843,2.0924081802368164,3.183800962663466,3.7694946781281504,49.0,14.792971849441528,0.3018973846824802,0.8472099304199219,4.278933890011846,4.580831274694326,105.57549774646759,204.0,38,39,284,270,554,run1_g6_g6_19,single-objective/run1/g6/g6_19.pdb,68.77,0.061,65.249,2.742,88.127,3.704,1221.308,2379.346,1158.038,33.0,-1.995,-1316.693,255.209,-278.877,1.92,30.948,487.026,763.584,-0.057,-31.33,-49.521,-18.6,-51.523,9.0,-32.744,269.0,83.0,92.831,-45.467,0.74,2.88,19.655,69.653,174.109,0.692,1.348,52.561,4.238,186.481,0.585,temp_g3_17_0001,single-objective/run1/g6/g6_19.pdb.sc
554.0,818.0969113111496,1.4767092261934107,3.2207815647125244,0.0,1.4767092261934107,154.0,91.2469733953476,0.5925128142555038,2.410245656967163,3.2007240312440053,3.7932368454995093,46.0,14.400975465774536,0.31306468403857685,1.28828763961792,4.160026835358662,4.473091519397238,105.64794886112213,200.0,38,39,285,270,555,run1_g6_g6_2,single-objective/run1/g6/g6_2.pdb,-153.571,-0.626,54.128,2.289,89.081,3.768,1248.769,2364.379,1115.61,31.0,-1.995,-1315.273,254.415,-276.133,1.942,31.215,295.381,752.616,-0.05,-29.622,-49.521,-18.6,-51.523,7.0,-33.582,269.0,83.0,92.414,-45.199,0.68,0.67,1.946,59.299,178.071,0.665,1.295,50.486,0.116,5.09,0.577,temp_g4_01_0001,single-objective/run1/g6/g6_2.pdb.sc
552.0,815.4450908899307,1.4772555994382803,3.2207815647125244,0.0,1.4772555994382803,155.0,91.62801277637482,0.5911484695249988,2.410245656967163,3.19821628832048,3.7893647578454788,44.0,13.68575644493103,0.31103991920297797,1.28828763961792,4.186526141383431,4.497566060586409,105.31376922130585,199.0,38,39,283,270,553,run1_g6_g6_20,single-objective/run1/g6/g6_20.pdb,-23.921,-0.146,57.514,2.448,87.829,3.738,1254.736,2349.772,1095.036,37.0,-1.995,-1315.87,251.019,-275.548,1.926,31.298,313.474,754.88,-0.044,-29.622,-49.521,-18.6,-51.523,6.0,-34.087,269.0,83.0,90.996,-37.195,0.689,1.522,91.744,76.326,177.801,0.657,1.305,50.876,1.715,75.443,0.577,temp_g3_04_0001,single-objective/run1/g6/g6_20.pdb.sc
553.0,813.6712056398392,1.471376502061192,3.075467348098755,0.0,1.471376502061192,156.0,89.1553635597229,0.5715087407674545,2.410245656967163,3.223496566980313,3.7950053077477675,43.0,12.787113666534424,0.2973747364310331,1.28828763961792,4.281926509945891,4.579301246376925,101.94247722625732,199.0,38,39,284,270,554,run1_g6_g6_21,single-objective/run1/g6/g6_21.pdb,22.145,-0.244,87.709,3.621,125.512,5.182,1196.591,2422.095,1225.504,29.0,-1.995,-1313.935,256.822,-290.543,1.917,32.538,448.939,779.839,-0.037,-32.107,-49.408,-18.609,-51.523,7.0,-32.669,269.0,83.0,92.507,-39.977,0.69,1.861,1.946,67.162,170.648,0.666,1.731,67.52,1.975,86.902,0.596,temp_g6_17_0001,single-objective/run1/g6/g6_21.pdb.sc
554.0,817.4922701120377,1.4756178160867106,3.2207815647125244,0.0,1.4756178160867106,156.0,93.68031799793243,0.6005148589611053,2.0924081802368164,3.1922346498721685,3.792749508833274,47.0,13.864638090133667,0.294992299790078,1.28828763961792,4.186675264480266,4.481667564270344,107.5449560880661,203.0,38,39,285,270,555,run1_g6_g6_22,single-objective/run1/g6/g6_22.pdb,-141.016,-0.589,55.703,2.304,99.903,4.133,1234.19,2417.461,1183.271,32.0,-1.995,-1315.473,248.765,-281.536,1.934,31.632,308.727,762.286,-0.044,-30.764,-49.521,-18.6,-51.523,7.0,-32.325,269.0,83.0,92.414,-44.949,0.695,0.753,1.946,59.048,178.323,0.663,1.28,49.932,0.286,12.57,0.596,temp_g5_18_0001,single-objective/run1/g6/g6_22.pdb.sc
551.0,813.463173031807,1.4763396969724265,3.2051174640655518,0.0,1.4763396969724265,157.0,90.674440741539,0.5775442085448345,2.410245656967163,3.2246887691461357,3.80223297769097,44.0,13.282289505004883,0.30187021602283826,1.28828763961792,4.23482993516055,4.536700151183388,103.95673024654388,201.0,38,39,282,270,552,run1_g6_g6_23,single-objective/run1/g6/g6_23.pdb,47.0,0.1,49.28,2.033,77.525,3.198,1257.271,2424.318,1167.048,29.0,-1.995,-1306.609,254.059,-288.79,1.925,32.583,353.215,772.107,-0.043,-32.107,-48.639,-19.925,-51.523,6.0,-32.477,269.0,83.0,91.097,-32.843,0.685,2.204,108.196,81.842,166.3,0.663,1.12,43.687,3.164,139.213,0.585,temp_g4_04_0001,single-objective/run1/g6/g6_23.pdb.sc
551.0,813.463173031807,1.4763396969724265,3.2051174640655518,0.0,1.4763396969724265,157.0,90.674440741539,0.5775442085448345,2.410245656967163,3.2246887691461357,3.80223297769097,44.0,13.282289505004883,0.30187021602283826,1.28828763961792,4.23482993516055,4.536700151183388,103.95673024654388,201.0,38,39,282,270,552,run1_g6_g6_24,single-objective/run1/g6/g6_24.pdb,47.0,0.1,49.28,2.033,77.525,3.198,1257.271,2424.318,1167.048,29.0,-1.995,-1306.609,254.059,-288.79,1.925,32.583,353.215,772.107,-0.043,-32.107,-48.639,-19.925,-51.523,6.0,-32.477,269.0,83.0,91.097,-32.843,0.685,2.204,108.196,81.842,166.3,0.663,1.12,43.687,3.164,139.213,0.585,temp_g4_04_0001,single-objective/run1/g6/g6_24.pdb.sc
555.0,819.9447777271271,1.4773779778867155,3.2207815647125244,0.0,1.4773779778867155,154.0,91.28421115875244,0.5927546179139769,2.410245656967163,3.193314474898499,3.7860690928124763,45.0,14.05765438079834,0.31239231957329644,1.28828763961792,4.147030931048923,4.459423250622219,105.34186553955078,199.0,38,39,286,270,556,run1_g6_g6_3,single-objective/run1/g6/g6_3.pdb,-155.938,-0.638,55.811,2.332,88.978,3.718,1256.445,2393.309,1136.865,34.0,-1.995,-1315.647,252.962,-276.025,1.946,31.178,293.116,753.971,-0.043,-29.622,-49.521,-18.6,-51.523,6.0,-33.559,269.0,83.0,92.414,-45.16,0.713,0.632,1.946,59.422,178.171,0.666,1.287,50.207,0.051,2.245,0.588,g0_08_0001,single-objective/run1/g6/g6_3.pdb.sc
546.0,807.1237152814865,1.4782485627866053,3.2207815647125244,0.0,1.4782485627866053,147.0,88.48993074893951,0.6019723180199967,2.410245656967163,3.2114240450112996,3.8133963630312966,43.0,12.752733945846558,0.2965752080429432,0.9367504119873047,4.316940939703653,4.613516147746596,101.24266469478607,190.0,38,39,277,270,547,run1_g6_g6_4,single-objective/run1/g6/g6_4.pdb,221.734,-0.055,167.153,6.974,232.746,9.711,1235.673,2396.635,1160.962,32.0,-1.995,-1295.566,250.367,-278.11,1.91,30.712,654.098,756.153,-0.018,-29.622,-49.521,-18.6,-51.523,6.0,-32.65,269.0,84.0,92.829,-46.03,0.674,2.472,1.946,58.512,178.248,0.617,2.545,101.78,2.407,105.888,0.577,temp_g5_07_0001,single-objective/run1/g6/g6_4.pdb.sc
552.0,814.2297577857971,1.4750539090322412,3.1219027042388916,0.0,1.4750539090322412,157.0,92.61074340343475,0.5898773465186927,2.4274275302886963,3.186371636998122,3.7762489835168145,44.0,13.398094415664673,0.30450214581056073,0.8472099304199219,4.185044077309695,4.489546223120256,106.00883781909943,201.0,38,39,283,270,553,run1_g6_g6_5,single-objective/run1/g6/g6_5.pdb,484.541,1.257,184.132,7.849,238.304,10.159,1254.529,2345.818,1091.289,36.0,-1.995,-1318.585,253.712,-275.591,1.98,30.945,760.516,753.872,-0.017,-29.255,-49.521,-18.6,-51.523,7.0,-31.816,269.0,85.0,93.083,-39.475,0.705,6.465,157.375,77.76,171.074,0.681,2.549,104.494,10.115,445.063,0.585,temp_g6_01_0001,single-objective/run1/g6/g6_5.pdb.sc
552.0,815.0309644937515,1.4765053704596949,3.2207815647125244,0.0,1.4765053704596949,150.0,90.83953130245209,0.6055968753496805,2.240664482116699,3.193265639146169,3.7988625144958497,46.0,14.320125818252563,0.31130708300549054,1.223414421081543,4.381401041279668,4.692708124285159,105.15965712070465,196.0,38,39,283,270,553,run1_g6_g6_6,single-objective/run1/g6/g6_6.pdb,300.423,0.246,197.88,8.071,317.085,12.933,1288.121,2451.738,1163.617,35.0,-1.995,-1307.31,253.954,-279.176,1.926,30.935,734.738,763.157,-0.013,-29.704,-49.521,-18.6,-51.523,7.0,-32.215,269.0,84.0,92.829,-45.73,0.703,3.431,1.946,58.581,177.552,0.614,2.926,117.031,3.891,171.212,0.577,temp_g6_14_0001,single-objective/run1/g6/g6_6.pdb.sc
556.0,818.2079830169678,1.4715970917571364,3.075467348098755,0.0,1.4715970917571364,155.0,88.68636345863342,0.572170086829893,2.410245656967163,3.2264983654022217,3.7986684522321146,44.0,12.912257432937622,0.29346039620312775,1.28828763961792,4.251730187372728,4.545190583575856,101.59862089157104,199.0,38,39,287,270,557,run1_g6_g6_7,single-objective/run1/g6/g6_7.pdb,8.249,-0.302,84.916,3.473,120.768,4.939,1208.848,2445.238,1236.39,29.0,-1.995,-1311.187,258.838,-290.132,1.93,32.389,442.313,777.247,-0.033,-32.107,-49.408,-18.609,-51.523,7.0,-32.373,269.0,83.0,92.461,-43.375,0.69,1.687,1.946,62.1,169.138,0.657,1.726,67.333,1.652,72.684,0.597,temp_g5_22_0001,single-objective/run1/g6/g6_7.pdb.sc
555.0,819.9447777271271,1.4773779778867155,3.2207815647125244,0.0,1.4773779778867155,154.0,91.28421115875244,0.5927546179139769,2.410245656967163,3.193314474898499,3.7860690928124763,45.0,14.05765438079834,0.31239231957329644,1.28828763961792,4.147030931048923,4.459423250622219,105.34186553955078,199.0,38,39,286,270,556,run1_g6_g6_8,single-objective/run1/g6/g6_8.pdb,-155.938,-0.638,55.811,2.332,88.978,3.718,1256.445,2393.309,1136.865,34.0,-1.995,-1315.647,252.962,-276.025,1.946,31.178,293.116,753.971,-0.043,-29.622,-49.521,-18.6,-51.523,6.0,-33.559,269.0,83.0,92.414,-45.16,0.713,0.632,1.946,59.422,178.171,0.666,1.287,50.207,0.051,2.245,0.588,g0_08_0001,single-objective/run1/g6/g6_8.pdb.sc
549.0,810.5543135404587,1.4764195146456442,3.2051174640655518,0.0,1.4764195146456442,154.0,89.10439240932465,0.5785999507099003,2.410245656967163,3.230904276494856,3.8095042272047563,45.0,13.261924743652344,0.29470943874782984,1.28828763961792,4.265105406443278,4.559814845191108,102.36631715297699,199.0,38,39,280,270,550,run1_g6_g6_9,single-objective/run1/g6/g6_9.pdb,34.469,0.051,38.373,1.585,67.628,2.793,1247.171,2421.025,1173.854,32.0,-1.995,-1301.304,253.39,-287.994,1.923,32.544,343.653,766.881,-0.052,-32.107,-48.639,-19.596,-51.523,5.0,-32.465,269.0,83.0,91.052,-34.941,0.745,2.043,108.196,79.422,167.388,0.672,1.012,39.472,2.957,130.102,0.585,temp_g6_07_0001,single-objective/run1/g6/g6_9.pdb.sc
549.0,810.5543135404587,1.4764195146456442,3.2051174640655518,0.0,1.4764195146456442,154.0,89.10439240932465,0.5785999507099003,2.410245656967163,3.230904276494856,3.8095042272047563,45.0,13.261924743652344,0.29470943874782984,1.28828763961792,4.265105406443278,4.559814845191108,102.36631715297699,199.0,38,39,280,270,550,run1_g7_g7_0,single-objective/run1/g7/g7_0.pdb,34.469,0.051,38.373,1.585,67.628,2.793,1247.171,2421.025,1173.854,32.0,-1.995,-1301.304,253.39,-287.994,1.923,32.544,343.653,766.881,-0.052,-32.107,-48.639,-19.596,-51.523,5.0,-32.465,269.0,83.0,91.052,-34.941,0.745,2.043,108.196,79.422,167.388,0.672,1.012,39.472,2.957,130.102,0.585,temp_g6_07_0001,single-objective/run1/g7/g7_0.pdb.sc
548.0,810.4152146577835,1.4788598807623787,3.2207815647125244,0.0,1.4788598807623787,156.0,92.8685611486435,0.5953112894143814,2.410245656967163,3.2230124313097734,3.818323720724155,43.0,13.099228858947754,0.30463322927785474,1.28828763961792,4.232450718103453,4.537083947381308,105.96779000759125,199.0,38,39,279,270,549,run1_g7_g7_1,single-objective/run1/g7/g7_1.pdb,252.329,0.865,43.495,1.796,69.026,2.85,1264.239,2422.314,1158.075,29.0,-1.995,-1301.477,250.587,-276.267,1.921,32.032,382.586,756.451,-0.048,-29.622,-48.639,-19.925,-51.523,6.0,-31.733,269.0,83.0,90.881,-25.147,0.671,4.672,261.405,94.318,167.891,0.647,1.046,40.795,7.886,346.991,0.585,temp_g5_14_0001,single-objective/run1/g7/g7_1.pdb.sc
554.0,817.4922701120377,1.4756178160867106,3.2207815647125244,0.0,1.4756178160867106,156.0,93.68031799793243,0.6005148589611053,2.0924081802368164,3.1922346498721685,3.792749508833274,47.0,13.864638090133667,0.294992299790078,1.28828763961792,4.186675264480266,4.481667564270344,107.5449560880661,203.0,38,39,285,270,555,run1_g7_g7_10,single-objective/run1/g7/g7_10.pdb,-141.016,-0.589,55.703,2.304,99.903,4.133,1234.19,2417.461,1183.271,32.0,-1.995,-1315.473,248.765,-281.536,1.934,31.632,308.727,762.286,-0.044,-30.764,-49.521,-18.6,-51.523,7.0,-32.325,269.0,83.0,92.414,-44.949,0.695,0.753,1.946,59.048,178.323,0.663,1.28,49.932,0.286,12.57,0.596,temp_g5_18_0001,single-objective/run1/g7/g7_10.pdb.sc
546.0,804.9589092731476,1.4742837166174865,3.1109073162078857,0.0,1.4742837166174865,154.0,89.70084857940674,0.5824730427234204,2.410245656967163,3.21440208887125,3.7968751315946703,42.0,12.728333473205566,0.30305555888584684,1.28828763961792,4.281484950156439,4.584540509042286,102.4291820526123,196.0,38,39,277,270,547,run1_g7_g7_11,single-objective/run1/g7/g7_11.pdb,259.452,0.784,54.409,2.354,78.319,3.389,1190.412,2311.054,1120.641,31.0,-1.995,-1299.378,253.712,-288.003,1.906,32.461,532.45,770.996,-0.045,-32.107,-48.639,-19.778,-51.523,5.0,-32.203,269.0,83.0,91.514,-33.099,0.674,4.424,125.905,93.388,163.269,0.663,1.209,47.148,7.274,320.058,0.576,temp_g7_01_0001,single-objective/run1/g7/g7_11.pdb.sc
548.0,810.4152146577835,1.4788598807623787,3.2207815647125244,0.0,1.4788598807623787,156.0,92.8685611486435,0.5953112894143814,2.410245656967163,3.2230124313097734,3.818323720724155,43.0,13.099228858947754,0.30463322927785474,1.28828763961792,4.232450718103453,4.537083947381308,105.96779000759125,199.0,38,39,279,270,549,run1_g7_g7_12,single-objective/run1/g7/g7_12.pdb,252.329,0.865,43.495,1.796,69.026,2.85,1264.239,2422.314,1158.075,29.0,-1.995,-1301.477,250.587,-276.267,1.921,32.032,382.586,756.451,-0.048,-29.622,-48.639,-19.925,-51.523,6.0,-31.733,269.0,83.0,90.881,-25.147,0.671,4.672,261.405,94.318,167.891,0.647,1.046,40.795,7.886,346.991,0.585,temp_g5_14_0001,single-objective/run1/g7/g7_12.pdb.sc
555.0,819.9447777271271,1.4773779778867155,3.2207815647125244,0.0,1.4773779778867155,154.0,91.28421115875244,0.5927546179139769,2.410245656967163,3.193314474898499,3.7860690928124763,45.0,14.05765438079834,0.31239231957329644,1.28828763961792,4.147030931048923,4.459423250622219,105.34186553955078,199.0,38,39,286,270,556,run1_g7_g7_13,single-objective/run1/g7/g7_13.pdb,-155.938,-0.638,55.811,2.332,88.978,3.718,1256.445,2393.309,1136.865,34.0,-1.995,-1315.647,252.962,-276.025,1.946,31.178,293.116,753.971,-0.043,-29.622,-49.521,-18.6,-51.523,6.0,-33.559,269.0,83.0,92.414,-45.16,0.713,0.632,1.946,59.422,178.171,0.666,1.287,50.207,0.051,2.245,0.588,g0_08_0001,single-objective/run1/g7/g7_13.pdb.sc
551.0,813.463173031807,1.4763396969724265,3.2051174640655518,0.0,1.4763396969724265,157.0,90.674440741539,0.5775442085448345,2.410245656967163,3.2246887691461357,3.80223297769097,44.0,13.282289505004883,0.30187021602283826,1.28828763961792,4.23482993516055,4.536700151183388,103.95673024654388,201.0,38,39,282,270,552,run1_g7_g7_14,single-objective/run1/g7/g7_14.pdb,47.0,0.1,49.28,2.033,77.525,3.198,1257.271,2424.318,1167.048,29.0,-1.995,-1306.609,254.059,-288.79,1.925,32.583,353.215,772.107,-0.043,-32.107,-48.639,-19.925,-51.523,6.0,-32.477,269.0,83.0,91.097,-32.843,0.685,2.204,108.196,81.842,166.3,0.663,1.12,43.687,3.164,139.213,0.585,temp_g4_04_0001,single-objective/run1/g7/g7_14.pdb.sc
553.0,813.6712056398392,1.471376502061192,3.075467348098755,0.0,1.471376502061192,156.0,89.1553635597229,0.5715087407674545,2.410245656967163,3.223496566980313,3.7950053077477675,43.0,12.787113666534424,0.2973747364310331,1.28828763961792,4.281926509945891,4.579301246376925,101.94247722625732,199.0,38,39,284,270,554,run1_g7_g7_15,single-objective/run1/g7/g7_15.pdb,22.145,-0.244,87.709,3.621,125.512,5.182,1196.591,2422.095,1225.504,29.0,-1.995,-1313.935,256.822,-290.543,1.917,32.538,448.939,779.839,-0.037,-32.107,-49.408,-18.609,-51.523,7.0,-32.669,269.0,83.0,92.507,-39.977,0.69,1.861,1.946,67.162,170.648,0.666,1.731,67.52,1.975,86.902,0.596,temp_g6_17_0001,single-objective/run1/g7/g7_15.pdb.sc
556.0,818.2079830169678,1.4715970917571364,3.075467348098755,0.0,1.4715970917571364,155.0,88.68636345863342,0.572170086829893,2.410245656967163,3.2264983654022217,3.7986684522321146,44.0,12.912257432937622,0.29346039620312775,1.28828763961792,4.251730187372728,4.545190583575856,101.59862089157104,199.0,38,39,287,270,557,run1_g7_g7_16,single-objective/run1/g7/g7_16.pdb,8.249,-0.302,84.916,3.473,120.768,4.939,1208.848,2445.238,1236.39,29.0,-1.995,-1311.187,258.838,-290.132,1.93,32.389,442.313,777.247,-0.033,-32.107,-49.408,-18.609,-51.523,7.0,-32.373,269.0,83.0,92.461,-43.375,0.69,1.687,1.946,62.1,169.138,0.657,1.726,67.333,1.652,72.684,0.597,temp_g5_22_0001,single-objective/run1/g7/g7_16.pdb.sc
551.0,813.463173031807,1.4763396969724265,3.2051174640655518,0.0,1.4763396969724265,157.0,90.674440741539,0.5775442085448345,2.410245656967163,3.2246887691461357,3.80223297769097,44.0,13.282289505004883,0.30187021602283826,1.28828763961792,4.23482993516055,4.536700151183388,103.95673024654388,201.0,38,39,282,270,552,run1_g7_g7_17,single-objective/run1/g7/g7_17.pdb,47.0,0.1,49.28,2.033,77.525,3.198,1257.271,2424.318,1167.048,29.0,-1.995,-1306.609,254.059,-288.79,1.925,32.583,353.215,772.107,-0.043,-32.107,-48.639,-19.925,-51.523,6.0,-32.477,269.0,83.0,91.097,-32.843,0.685,2.204,108.196,81.842,166.3,0.663,1.12,43.687,3.164,139.213,0.585,temp_g4_04_0001,single-objective/run1/g7/g7_17.pdb.sc
560.0,826.4532297849655,1.4758093389017242,3.2051174640655518,0.0,1.4758093389017242,160.0,92.92183816432953,0.5807614885270596,2.0924081802368164,3.1738253213465213,3.754586809873581,49.0,15.196746826171875,0.31013769033003824,1.28828763961792,4.178409172564137,4.488546862894175,108.1185849905014,209.0,38,39,291,270,561,run1_g7_g7_18,single-objective/run1/g7/g7_18.pdb,-153.476,-0.641,56.408,2.331,95.001,3.926,1248.8,2419.705,1170.906,34.0,-1.995,-1330.374,257.411,-287.134,1.948,31.726,303.83,775.671,-0.052,-32.673,-49.521,-18.6,-51.523,9.0,-33.243,269.0,83.0,92.414,-46.203,0.683,0.613,1.946,57.77,174.479,0.703,1.292,50.376,0.011,0.496,0.597,g0_24_0001,single-objective/run1/g7/g7_18.pdb.sc
547.0,806.9015176296234,1.4751398859773737,3.1151397228240967,0.0,1.4751398859773737,154.0,87.89638590812683,0.5707557526501742,2.410245656967163,3.2321419050167135,3.8028976576668874,43.0,12.524212837219238,0.29126076365626136,1.28828763961792,4.260621519975884,4.551882283632145,100.42059874534607,197.0,38,39,278,270,548,run1_g7_g7_19,single-objective/run1/g7/g7_19.pdb,55.296,-0.106,126.155,5.234,162.365,6.736,1263.737,2410.477,1146.74,27.0,-1.995,-1306.43,248.618,-288.739,1.907,32.208,491.193,761.62,-0.025,-32.107,-49.408,-18.609,-51.523,6.0,-31.484,269.0,83.0,92.507,-40.123,0.724,2.312,1.946,66.704,178.414,0.684,2.239,87.338,2.376,104.56,0.596,temp_g7_21_0001,single-objective/run1/g7/g7_19.pdb.sc
557.0,821.2115250825882,1.474347441799979,3.2051174640655518,0.0,1.474347441799979,157.0,91.93788528442383,0.5855916260154383,2.410245656967163,3.1729223758551726,3.758514001870611,45.0,14.015997886657715,0.31146661970350475,1.28828763961792,4.1515894995795355,4.46305611928304,105.95388317108154,202.0,38,39,288,270,558,run1_g7_g7_2,single-objective/run1/g7/g7_2.pdb,-99.298,-0.427,99.911,4.187,140.474,5.887,1228.955,2386.237,1157.282,34.0,-1.995,-1326.265,258.061,-284.917,1.951,32.663,345.536,775.747,-0.031,-32.107,-49.521,-18.6,-51.523,7.0,-33.853,269.0,83.0,92.414,-44.926,0.693,1.292,1.946,60.361,175.143,0.674,1.865,72.73,0.785,34.533,0.588,temp_g6_19_0001,single-objective/run1/g7/g7_2.pdb.sc
560.0,826.6579878330231,1.4761749782732554,3.2051174640655518,0.0,1.4761749782732554,160.0,92.6471300125122,0.5790445625782012,2.0924081802368164,3.181185929477215,3.760230492055416,50.0,15.130983829498291,0.3026196765899658,1.28828763961792,4.1691578674316405,4.471777544021607,107.7781138420105,210.0,38,39,291,270,561,run1_g7_g7_20,single-objective/run1/g7/g7_20.pdb,-134.107,-0.558,53.2,2.206,91.458,3.792,1286.55,2411.572,1125.021,34.0,-1.995,-1331.161,259.696,-285.276,1.983,31.758,320.921,770.673,-0.055,-32.673,-49.521,-16.971,-51.523,9.0,-33.78,269.0,83.0,92.167,-45.619,0.68,0.715,1.946,58.415,176.267,0.699,1.266,49.363,0.227,9.987,0.588,temp_g7_17_0001,single-objective/run1/g7/g7_20.pdb.sc
552.0,814.284908413887,1.475153819590375,3.2051174640655518,0.0,1.475153819590375,150.0,89.90902924537659,0.5993935283025106,2.4274275302886963,3.1739838139216103,3.773377342224121,47.0,13.924775838851929,0.29627182635855165,1.28828763961792,4.268318500924618,4.564590327283169,103.83380508422852,197.0,38,39,283,270,553,run1_g7_g7_21,single-objective/run1/g7/g7_21.pdb,-110.033,-0.472,96.622,4.058,135.665,5.698,1214.57,2380.937,1166.366,35.0,-1.995,-1316.009,255.334,-284.87,1.927,32.417,336.467,768.826,-0.03,-32.107,-49.521,-18.271,-51.523,6.0,-34.483,269.0,83.0,92.368,-46.805,0.708,1.136,1.946,57.849,177.84,0.676,1.778,69.326,0.567,24.946,0.576,temp_g7_12_0001,single-objective/run1/g7/g7_21.pdb.sc
552.0,815.2191309928894,1.4768462517987127,3.370624303817749,0.0,1.4768462517987127,148.0,91.76655423641205,0.6200442853811625,2.240664482116699,3.1764335430957176,3.79647782847688,44.0,13.258885383605957,0.30133830417286267,1.223414421081543,4.3265809633515095,4.627919267524373,105.025439620018,192.0,38,39,283,270,553,run1_g7_g7_22,single-objective/run1/g7/g7_22.pdb,512.604,0.429,224.168,9.299,208.162,8.635,1277.365,2410.55,1133.184,43.0,-1.995,-1309.561,253.193,-278.123,1.94,30.474,951.261,756.705,-0.011,-29.622,-49.521,-16.861,-51.523,4.0,-32.02,269.0,84.0,92.829,-45.967,0.693,4.008,1.946,58.319,180.554,0.58,3.521,140.853,4.451,195.837,0.577,temp_g7_06_0001,single-objective/run1/g7/g7_22.pdb.sc
553.0,816.4183490276337,1.4763442116232073,3.2207815647125244,0.0,1.4763442116232073,155.0,90.78252589702606,0.5856937154646843,2.0924081802368164,3.183800962663466,3.7694946781281504,49.0,14.792971849441528,0.3018973846824802,0.8472099304199219,4.278933890011846,4.580831274694326,105.57549774646759,204.0,38,39,284,270,554,run1_g7_g7_23,single-objective/run1/g7/g7_23.pdb,68.77,0.061,65.249,2.742,88.127,3.704,1221.308,2379.346,1158.038,33.0,-1.995,-1316.693,255.209,-278.877,1.92,30.948,487.026,763.584,-0.057,-31.33,-49.521,-18.6,-51.523,9.0,-32.744,269.0,83.0,92.831,-45.467,0.74,2.88,19.655,69.653,174.109,0.692,1.348,52.561,4.238,186.481,0.585,temp_g3_17_0001,single-objective/run1/g7/g7_23.pdb.sc
546.0,807.1237152814865,1.4782485627866053,3.2207815647125244,0.0,1.4782485627866053,147.0,88.48993074893951,0.6019723180199967,2.410245656967163,3.2114240450112996,3.8133963630312966,43.0,12.752733945846558,0.2965752080429432,0.9367504119873047,4.316940939703653,4.613516147746596,101.24266469478607,190.0,38,39,277,270,547,run1_g7_g7_24,single-objective/run1/g7/g7_24.pdb,221.734,-0.055,167.153,6.974,232.746,9.711,1235.673,2396.635,1160.962,32.0,-1.995,-1295.566,250.367,-278.11,1.91,30.712,654.098,756.153,-0.018,-29.622,-49.521,-18.6,-51.523,6.0,-32.65,269.0,84.0,92.829,-46.03,0.674,2.472,1.946,58.512,178.248,0.617,2.545,101.78,2.407,105.888,0.577,temp_g5_07_0001,single-objective/run1/g7/g7_24.pdb.sc
551.0,813.463173031807,1.4763396969724265,3.2051174640655518,0.0,1.4763396969724265,157.0,90.674440741539,0.5775442085448345,2.410245656967163,3.2246887691461357,3.80223297769097,44.0,13.282289505004883,0.30187021602283826,1.28828763961792,4.23482993516055,4.536700151183388,103.95673024654388,201.0,38,39,282,270,552,run1_g7_g7_3,single-objective/run1/g7/g7_3.pdb,47.0,0.1,49.28,2.033,77.525,3.198,1257.271,2424.318,1167.048,29.0,-1.995,-1306.609,254.059,-288.79,1.925,32.583,353.215,772.107,-0.043,-32.107,-48.639,-19.925,-51.523,6.0,-32.477,269.0,83.0,91.097,-32.843,0.685,2.204,108.196,81.842,166.3,0.663,1.12,43.687,3.164,139.213,0.585,temp_g4_04_0001,single-objective/run1/g7/g7_3.pdb.sc
561.0,826.7778928279877,1.4737573847201206,3.2051174640655518,0.0,1.4737573847201206,158.0,93.6789585351944,0.5929048008556608,2.410245656967163,3.1781676894501794,3.77107249030584,45.0,14.157074451446533,0.3146016544765896,1.28828763961792,4.127041069666545,4.441642724143135,107.83603298664093,203.0,38,39,292,270,562,run1_g7_g7_4,single-objective/run1/g7/g7_4.pdb,-155.933,-0.645,59.433,2.469,95.101,3.951,1215.991,2407.156,1191.165,32.0,-1.995,-1327.618,257.231,-291.816,1.96,32.207,301.032,777.39,-0.046,-32.107,-49.521,-20.556,-51.523,7.0,-33.429,269.0,83.0,92.414,-45.788,0.768,0.602,1.946,58.96,174.685,0.677,1.327,51.765,-0.041,-1.821,0.597,g0_00_0001,single-objective/run1/g7/g7_4.pdb.sc
548.0,810.4152146577835,1.4788598807623787,3.2207815647125244,0.0,1.4788598807623787,156.0,92.8685611486435,0.5953112894143814,2.410245656967163,3.2230124313097734,3.818323720724155,43.0,13.099228858947754,0.30463322927785474,1.28828763961792,4.232450718103453,4.537083947381308,105.96779000759125,199.0,38,39,279,270,549,run1_g7_g7_5,single-objective/run1/g7/g7_5.pdb,252.329,0.865,43.495,1.796,69.026,2.85,1264.239,2422.314,1158.075,29.0,-1.995,-1301.477,250.587,-276.267,1.921,32.032,382.586,756.451,-0.048,-29.622,-48.639,-19.925,-51.523,6.0,-31.733,269.0,83.0,90.881,-25.147,0.671,4.672,261.405,94.318,167.891,0.647,1.046,40.795,7.886,346.991,0.585,temp_g5_14_0001,single-objective/run1/g7/g7_5.pdb.sc
549.0,810.5543135404587,1.4764195146456442,3.2051174640655518,0.0,1.4764195146456442,154.0,89.10439240932465,0.5785999507099003,2.410245656967163,3.230904276494856,3.8095042272047563,45.0,13.261924743652344,0.29470943874782984,1.28828763961792,4.265105406443278,4.559814845191108,102.36631715297699,199.0,38,39,280,270,550,run1_g7_g7_6,single-objective/run1/g7/g7_6.pdb,34.469,0.051,38.373,1.585,67.628,2.793,1247.171,2421.025,1173.854,32.0,-1.995,-1301.304,253.39,-287.994,1.923,32.544,343.653,766.881,-0.052,-32.107,-48.639,-19.596,-51.523,5.0,-32.465,269.0,83.0,91.052,-34.941,0.745,2.043,108.196,79.422,167.388,0.672,1.012,39.472,2.957,130.102,0.585,temp_g6_07_0001,single-objective/run1/g7/g7_6.pdb.sc
553.0,816.4183490276337,1.4763442116232073,3.2207815647125244,0.0,1.4763442116232073,155.0,90.78252589702606,0.5856937154646843,2.0924081802368164,3.183800962663466,3.7694946781281504,49.0,14.792971849441528,0.3018973846824802,0.8472099304199219,4.278933890011846,4.580831274694326,105.57549774646759,204.0,38,39,284,270,554,run1_g7_g7_7,single-objective/run1/g7/g7_7.pdb,68.77,0.061,65.249,2.742,88.127,3.704,1221.308,2379.346,1158.038,33.0,-1.995,-1316.693,255.209,-278.877,1.92,30.948,487.026,763.584,-0.057,-31.33,-49.521,-18.6,-51.523,9.0,-32.744,269.0,83.0,92.831,-45.467,0.74,2.88,19.655,69.653,174.109,0.692,1.348,52.561,4.238,186.481,0.585,temp_g3_17_0001,single-objective/run1/g7/g7_7.pdb.sc
545.0,804.935704946518,1.4769462476082897,3.2051174640655518,0.0,1.4769462476082897,149.0,89.76032638549805,0.6024182978892486,2.4274275302886963,3.229068988121596,3.8314872860108444,45.0,13.363869190216064,0.29697487089369035,1.28828763961792,4.277207745446099,4.574182616339789,103.12419557571411,194.0,38,39,276,270,546,run1_g7_g7_8,single-objective/run1/g7/g7_8.pdb,-97.222,-0.438,34.436,1.421,67.783,2.797,1252.203,2423.119,1170.915,31.0,-1.995,-1291.951,251.96,-288.856,1.913,32.021,320.635,760.125,-0.06,-32.107,-48.639,-19.596,-51.523,6.0,-32.003,269.0,83.0,92.47,-41.962,0.675,1.161,18.397,61.897,171.407,0.675,0.962,37.526,1.337,58.81,0.585,temp_g7_23_0001,single-objective/run1/g7/g7_8.pdb.sc
557.0,820.8472031354904,1.473693362900342,3.2051174640655518,0.0,1.473693362900342,155.0,91.73654556274414,0.5918486810499622,2.410245656967163,3.162744572854811,3.7545932539047735,44.0,13.77941632270813,0.3131685527888211,1.28828763961792,4.1665940284729,4.479762581261721,105.51596188545227,199.0,38,39,288,270,558,run1_g7_g7_9,single-objective/run1/g7/g7_9.pdb,-156.899,-0.642,58.415,2.476,90.903,3.853,1236.337,2359.252,1122.915,28.0,-1.995,-1322.71,255.063,-286.857,1.931,32.221,295.524,773.559,-0.04,-32.107,-49.521,-18.6,-51.523,7.0,-34.164,269.0,83.0,92.414,-45.935,0.712,0.6,1.946,59.036,174.232,0.665,1.332,51.965,-0.05,-2.194,0.588,g0_12_0001,single-objective/run1/g7/g7_9.pdb.sc
549.0,810.5543135404587,1.4764195146456442,3.2051174640655518,0.0,1.4764195146456442,154.0,89.10439240932465,0.5785999507099003,2.410245656967163,3.230904276494856,3.8095042272047563,45.0,13.261924743652344,0.29470943874782984,1.28828763961792,4.265105406443278,4.559814845191108,102.36631715297699,199.0,38,39,280,270,550,run1_g8_g8_0,single-objective/run1/g8/g8_0.pdb,34.469,0.051,38.373,1.585,67.628,2.793,1247.171,2421.025,1173.854,32.0,-1.995,-1301.304,253.39,-287.994,1.923,32.544,343.653,766.881,-0.052,-32.107,-48.639,-19.596,-51.523,5.0,-32.465,269.0,83.0,91.052,-34.941,0.745,2.043,108.196,79.422,167.388,0.672,1.012,39.472,2.957,130.102,0.585,temp_g6_07_0001,single-objective/run1/g8/g8_0.pdb.sc
549.0,810.5543135404587,1.4764195146456442,3.2051174640655518,0.0,1.4764195146456442,154.0,89.10439240932465,0.5785999507099003,2.410245656967163,3.230904276494856,3.8095042272047563,45.0,13.261924743652344,0.29470943874782984,1.28828763961792,4.265105406443278,4.559814845191108,102.36631715297699,199.0,38,39,280,270,550,run1_g8_g8_1,single-objective/run1/g8/g8_1.pdb,34.469,0.051,38.373,1.585,67.628,2.793,1247.171,2421.025,1173.854,32.0,-1.995,-1301.304,253.39,-287.994,1.923,32.544,343.653,766.881,-0.052,-32.107,-48.639,-19.596,-51.523,5.0,-32.465,269.0,83.0,91.052,-34.941,0.745,2.043,108.196,79.422,167.388,0.672,1.012,39.472,2.957,130.102,0.585,temp_g6_07_0001,single-objective/run1/g8/g8_1.pdb.sc
545.0,805.0886214971542,1.4772268284351453,3.2051174640655518,0.0,1.4772268284351453,153.0,90.10848593711853,0.5889443525301865,2.410245656967163,3.239195856393552,3.8281402089237386,43.0,12.689062595367432,0.2950944789620333,1.28828763961792,4.253998135411462,4.549092614373495,102.79754853248596,196.0,38,39,276,270,546,run1_g8_g8_10,single-objective/run1/g8/g8_10.pdb,-84.558,-0.435,31.649,1.292,61.261,2.501,1285.255,2449.246,1163.991,32.0,-1.995,-1295.36,249.717,-284.859,1.98,32.456,328.106,756.878,-0.076,-32.107,-48.639,-17.969,-51.523,7.0,-31.913,269.0,83.0,93.067,-39.174,0.661,1.151,18.397,65.345,172.452,0.65,0.874,34.081,1.397,61.458,0.585,temp_g8_17_0001,single-objective/run1/g8/g8_10.pdb.sc
548.0,810.4152146577835,1.4788598807623787,3.2207815647125244,0.0,1.4788598807623787,156.0,92.8685611486435,0.5953112894143814,2.410245656967163,3.2230124313097734,3.818323720724155,43.0,13.099228858947754,0.30463322927785474,1.28828763961792,4.232450718103453,4.537083947381308,105.96779000759125,199.0,38,39,279,270,549,run1_g8_g8_11,single-objective/run1/g8/g8_11.pdb,252.329,0.865,43.495,1.796,69.026,2.85,1264.239,2422.314,1158.075,29.0,-1.995,-1301.477,250.587,-276.267,1.921,32.032,382.586,756.451,-0.048,-29.622,-48.639,-19.925,-51.523,6.0,-31.733,269.0,83.0,90.881,-25.147,0.671,4.672,261.405,94.318,167.891,0.647,1.046,40.795,7.886,346.991,0.585,temp_g5_14_0001,single-objective/run1/g8/g8_11.pdb.sc
558.0,823.5983369350433,1.4759826826792892,3.2051174640655518,0.0,1.4759826826792892,158.0,92.5458242893219,0.5857330651222905,2.0924081802368164,3.169371546069278,3.7551046111915687,50.0,15.130983829498291,0.3026196765899658,1.28828763961792,4.1691578674316405,4.471777544021607,107.67680811882019,208.0,38,39,289,270,559,run1_g8_g8_12,single-objective/run1/g8/g8_12.pdb,-132.131,-0.55,55.458,2.3,91.549,3.796,1286.55,2411.572,1125.021,32.0,-1.995,-1327.112,259.791,-285.449,1.962,31.726,319.677,772.707,-0.046,-32.673,-49.521,-16.971,-51.523,9.0,-33.954,269.0,83.0,92.117,-46.552,0.761,0.729,1.946,58.157,174.949,0.694,1.295,50.488,0.227,10.001,0.588,temp_g8_20_0001,single-objective/run1/g8/g8_12.pdb.sc
548.0,810.4152146577835,1.4788598807623787,3.2207815647125244,0.0,1.4788598807623787,156.0,92.8685611486435,0.5953112894143814,2.410245656967163,3.2230124313097734,3.818323720724155,43.0,13.099228858947754,0.30463322927785474,1.28828763961792,4.232450718103453,4.537083947381308,105.96779000759125,199.0,38,39,279,270,549,run1_g8_g8_13,single-objective/run1/g8/g8_13.pdb,252.329,0.865,43.495,1.796,69.026,2.85,1264.239,2422.314,1158.075,29.0,-1.995,-1301.477,250.587,-276.267,1.921,32.032,382.586,756.451,-0.048,-29.622,-48.639,-19.925,-51.523,6.0,-31.733,269.0,83.0,90.881,-25.147,0.671,4.672,261.405,94.318,167.891,0.647,1.046,40.795,7.886,346.991,0.585,temp_g5_14_0001,single-objective/run1/g8/g8_13.pdb.sc
555.0,819.9447777271271,1.4773779778867155,3.2207815647125244,0.0,1.4773779778867155,154.0,91.28421115875244,0.5927546179139769,2.410245656967163,3.193314474898499,3.7860690928124763,45.0,14.05765438079834,0.31239231957329644,1.28828763961792,4.147030931048923,4.459423250622219,105.34186553955078,199.0,38,39,286,270,556,run1_g8_g8_14,single-objective/run1/g8/g8_14.pdb,-155.938,-0.638,55.811,2.332,88.978,3.718,1256.445,2393.309,1136.865,34.0,-1.995,-1315.647,252.962,-276.025,1.946,31.178,293.116,753.971,-0.043,-29.622,-49.521,-18.6,-51.523,6.0,-33.559,269.0,83.0,92.414,-45.16,0.713,0.632,1.946,59.422,178.171,0.666,1.287,50.207,0.051,2.245,0.588,g0_08_0001,single-objective/run1/g8/g8_14.pdb.sc
554.0,817.0894935131073,1.474890782514634,3.2207815647125244,0.0,1.474890782514634,155.0,93.46038353443146,0.6029702163511707,2.0924081802368164,3.1829195337910807,3.7858897501422515,46.0,13.217635869979858,0.28733991021695343,1.28828763961792,4.24225608162258,4.529595991839534,106.67801940441132,201.0,38,39,285,270,555,run1_g8_g8_15,single-objective/run1/g8/g8_15.pdb,106.145,0.098,174.915,7.341,224.091,9.405,1232.45,2382.555,1150.105,32.0,-1.995,-1320.521,248.936,-283.288,1.926,32.089,551.251,761.455,-0.02,-30.764,-49.521,-18.6,-51.523,7.0,-31.837,269.0,83.0,92.557,-40.458,0.706,2.986,1.946,64.497,179.408,0.649,2.948,114.976,3.02,132.865,0.588,temp_g8_10_0001,single-objective/run1/g8/g8_15.pdb.sc
551.0,813.463173031807,1.4763396969724265,3.2051174640655518,0.0,1.4763396969724265,157.0,90.674440741539,0.5775442085448345,2.410245656967163,3.2246887691461357,3.80223297769097,44.0,13.282289505004883,0.30187021602283826,1.28828763961792,4.23482993516055,4.536700151183388,103.95673024654388,201.0,38,39,282,270,552,run1_g8_g8_16,single-objective/run1/g8/g8_16.pdb,47.0,0.1,49.28,2.033,77.525,3.198,1257.271,2424.318,1167.048,29.0,-1.995,-1306.609,254.059,-288.79,1.925,32.583,353.215,772.107,-0.043,-32.107,-48.639,-19.925,-51.523,6.0,-32.477,269.0,83.0,91.097,-32.843,0.685,2.204,108.196,81.842,166.3,0.663,1.12,43.687,3.164,139.213,0.585,temp_g4_04_0001,single-objective/run1/g8/g8_16.pdb.sc
551.0,813.463173031807,1.4763396969724265,3.2051174640655518,0.0,1.4763396969724265,157.0,90.674440741539,0.5775442085448345,2.410245656967163,3.2246887691461357,3.80223297769097,44.0,13.282289505004883,0.30187021602283826,1.28828763961792,4.23482993516055,4.536700151183388,103.95673024654388,201.0,38,39,282,270,552,run1_g8_g8_17,single-objective/run1/g8/g8_17.pdb,47.0,0.1,49.28,2.033,77.525,3.198,1257.271,2424.318,1167.048,29.0,-1.995,-1306.609,254.059,-288.79,1.925,32.583,353.215,772.107,-0.043,-32.107,-48.639,-19.925,-51.523,6.0,-32.477,269.0,83.0,91.097,-32.843,0.685,2.204,108.196,81.842,166.3,0.663,1.12,43.687,3.164,139.213,0.585,temp_g4_04_0001,single-objective/run1/g8/g8_17.pdb.sc
549.0,810.5917438268661,1.4764876936737088,3.2051174640655518,0.0,1.4764876936737088,156.0,90.92381131649017,0.5828449443364755,2.410245656967163,3.224837444531612,3.8076823888680873,45.0,13.46172285079956,0.2991493966844347,1.28828763961792,4.24884279039171,4.547992187076145,104.38553416728973,201.0,38,39,280,270,550,run1_g8_g8_18,single-objective/run1/g8/g8_18.pdb,173.17,0.259,123.835,5.114,175.638,7.253,1246.614,2421.549,1174.935,27.0,-1.995,-1303.479,252.911,-278.442,1.934,32.986,487.223,765.236,-0.023,-29.622,-49.499,-19.596,-51.523,6.0,-31.205,269.0,83.0,90.996,-36.066,0.658,2.751,91.744,80.679,170.304,0.649,2.093,81.618,3.335,146.736,0.585,temp_g8_00_0001,single-objective/run1/g8/g8_18.pdb.sc
546.0,804.9589092731476,1.4742837166174865,3.1109073162078857,0.0,1.4742837166174865,154.0,89.70084857940674,0.5824730427234204,2.410245656967163,3.21440208887125,3.7968751315946703,42.0,12.728333473205566,0.30305555888584684,1.28828763961792,4.281484950156439,4.584540509042286,102.4291820526123,196.0,38,39,277,270,547,run1_g8_g8_19,single-objective/run1/g8/g8_19.pdb,259.452,0.784,54.409,2.354,78.319,3.389,1190.412,2311.054,1120.641,31.0,-1.995,-1299.378,253.712,-288.003,1.906,32.461,532.45,770.996,-0.045,-32.107,-48.639,-19.778,-51.523,5.0,-32.203,269.0,83.0,91.514,-33.099,0.674,4.424,125.905,93.388,163.269,0.663,1.209,47.148,7.274,320.058,0.576,temp_g7_01_0001,single-objective/run1/g8/g8_19.pdb.sc
549.0,810.5543135404587,1.4764195146456442,3.2051174640655518,0.0,1.4764195146456442,154.0,89.10439240932465,0.5785999507099003,2.410245656967163,3.230904276494856,3.8095042272047563,45.0,13.261924743652344,0.29470943874782984,1.28828763961792,4.265105406443278,4.559814845191108,102.36631715297699,199.0,38,39,280,270,550,run1_g8_g8_2,single-objective/run1/g8/g8_2.pdb,34.469,0.051,38.373,1.585,67.628,2.793,1247.171,2421.025,1173.854,32.0,-1.995,-1301.304,253.39,-287.994,1.923,32.544,343.653,766.881,-0.052,-32.107,-48.639,-19.596,-51.523,5.0,-32.465,269.0,83.0,91.052,-34.941,0.745,2.043,108.196,79.422,167.388,0.672,1.012,39.472,2.957,130.102,0.585,temp_g6_07_0001,single-objective/run1/g8/g8_2.pdb.sc
560.0,826.6579878330231,1.4761749782732554,3.2051174640655518,0.0,1.4761749782732554,160.0,92.6471300125122,0.5790445625782012,2.0924081802368164,3.181185929477215,3.760230492055416,50.0,15.130983829498291,0.3026196765899658,1.28828763961792,4.1691578674316405,4.471777544021607,107.7781138420105,210.0,38,39,291,270,561,run1_g8_g8_20,single-objective/run1/g8/g8_20.pdb,-134.107,-0.558,53.2,2.206,91.458,3.792,1286.55,2411.572,1125.021,34.0,-1.995,-1331.161,259.696,-285.276,1.983,31.758,320.921,770.673,-0.055,-32.673,-49.521,-16.971,-51.523,9.0,-33.78,269.0,83.0,92.167,-45.619,0.68,0.715,1.946,58.415,176.267,0.699,1.266,49.363,0.227,9.987,0.588,temp_g7_17_0001,single-objective/run1/g8/g8_20.pdb.sc
548.0,810.4152146577835,1.4788598807623787,3.2207815647125244,0.0,1.4788598807623787,156.0,92.8685611486435,0.5953112894143814,2.410245656967163,3.2230124313097734,3.818323720724155,43.0,13.099228858947754,0.30463322927785474,1.28828763961792,4.232450718103453,4.537083947381308,105.96779000759125,199.0,38,39,279,270,549,run1_g8_g8_21,single-objective/run1/g8/g8_21.pdb,252.329,0.865,43.495,1.796,69.026,2.85,1264.239,2422.314,1158.075,29.0,-1.995,-1301.477,250.587,-276.267,1.921,32.032,382.586,756.451,-0.048,-29.622,-48.639,-19.925,-51.523,6.0,-31.733,269.0,83.0,90.881,-25.147,0.671,4.672,261.405,94.318,167.891,0.647,1.046,40.795,7.886,346.991,0.585,temp_g5_14_0001,single-objective/run1/g8/g8_21.pdb.sc
554.0,817.4922701120377,1.4756178160867106,3.2207815647125244,0.0,1.4756178160867106,156.0,93.68031799793243,0.6005148589611053,2.0924081802368164,3.1922346498721685,3.792749508833274,47.0,13.864638090133667,0.294992299790078,1.28828763961792,4.186675264480266,4.481667564270344,107.5449560880661,203.0,38,39,285,270,555,run1_g8_g8_22,single-objective/run1/g8/g8_22.pdb,-141.016,-0.589,55.703,2.304,99.903,4.133,1234.19,2417.461,1183.271,32.0,-1.995,-1315.473,248.765,-281.536,1.934,31.632,308.727,762.286,-0.044,-30.764,-49.521,-18.6,-51.523,7.0,-32.325,269.0,83.0,92.414,-44.949,0.695,0.753,1.946,59.048,178.323,0.663,1.28,49.932,0.286,12.57,0.596,temp_g5_18_0001,single-objective/run1/g8/g8_22.pdb.sc
553.0,816.1776067018509,1.475908872878573,3.2207815647125244,0.0,1.475908872878573,152.0,92.16163992881775,0.6063265784790641,2.870814323425293,3.1895760721281956,3.7959026506072595,45.0,14.05765438079834,0.31239231957329644,1.28828763961792,4.147030931048923,4.459423250622219,106.21929430961609,197.0,38,39,284,270,554,run1_g8_g8_23,single-objective/run1/g8/g8_23.pdb,-147.853,-0.609,59.033,2.457,91.443,3.805,1267.973,2403.002,1135.028,28.0,-1.995,-1310.936,251.794,-275.64,1.934,30.754,295.377,755.458,-0.04,-29.622,-49.521,-17.199,-51.523,7.0,-34.246,269.0,82.0,92.389,-44.781,0.723,0.716,1.946,59.601,177.768,0.655,1.33,51.888,0.158,6.787,0.588,temp_g8_13_0001,single-objective/run1/g8/g8_23.pdb.sc
545.0,804.935704946518,1.4769462476082897,3.2051174640655518,0.0,1.4769462476082897,149.0,89.76032638549805,0.6024182978892486,2.4274275302886963,3.229068988121596,3.8314872860108444,45.0,13.363869190216064,0.29697487089369035,1.28828763961792,4.277207745446099,4.574182616339789,103.12419557571411,194.0,38,39,276,270,546,run1_g8_g8_24,single-objective/run1/g8/g8_24.pdb,-97.222,-0.438,34.436,1.421,67.783,2.797,1252.203,2423.119,1170.915,31.0,-1.995,-1291.951,251.96,-288.856,1.913,32.021,320.635,760.125,-0.06,-32.107,-48.639,-19.596,-51.523,6.0,-32.003,269.0,83.0,92.47,-41.962,0.675,1.161,18.397,61.897,171.407,0.675,0.962,37.526,1.337,58.81,0.585,temp_g7_23_0001,single-objective/run1/g8/g8_24.pdb.sc
538.0,796.1795350313187,1.4798876115823767,3.2207815647125244,0.0,1.4798876115823767,152.0,89.27553081512451,0.587339018520556,2.410245656967163,3.2388080970237128,3.826147115544269,43.0,12.90751838684082,0.3001748462056005,1.28828763961792,4.236865309781806,4.537040155987407,102.18304920196533,195.0,38,39,269,270,539,run1_g8_g8_3,single-objective/run1/g8/g8_3.pdb,181.582,0.6,39.93,1.681,73.211,3.082,1279.206,2375.63,1096.424,31.0,-1.995,-1287.366,247.909,-271.683,1.901,31.338,325.204,743.822,-0.056,-29.622,-49.499,-17.969,-51.523,6.0,-31.964,269.0,83.0,90.781,-29.389,0.7,3.839,244.954,93.719,172.387,0.649,1.016,39.634,6.342,279.042,0.576,temp_g8_01_0001,single-objective/run1/g8/g8_3.pdb.sc
547.0,806.9015176296234,1.4751398859773737,3.1151397228240967,0.0,1.4751398859773737,154.0,87.89638590812683,0.5707557526501742,2.410245656967163,3.2321419050167135,3.8028976576668874,43.0,12.524212837219238,0.29126076365626136,1.28828763961792,4.260621519975884,4.551882283632145,100.42059874534607,197.0,38,39,278,270,548,run1_g8_g8_4,single-objective/run1/g8/g8_4.pdb,55.296,-0.106,126.155,5.234,162.365,6.736,1263.737,2410.477,1146.74,27.0,-1.995,-1306.43,248.618,-288.739,1.907,32.208,491.193,761.62,-0.025,-32.107,-49.408,-18.609,-51.523,6.0,-31.484,269.0,83.0,92.507,-40.123,0.724,2.312,1.946,66.704,178.414,0.684,2.239,87.338,2.376,104.56,0.596,temp_g7_21_0001,single-objective/run1/g8/g8_4.pdb.sc
557.0,820.8472031354904,1.473693362900342,3.2051174640655518,0.0,1.473693362900342,155.0,91.73654556274414,0.5918486810499622,2.410245656967163,3.162744572854811,3.7545932539047735,44.0,13.77941632270813,0.3131685527888211,1.28828763961792,4.1665940284729,4.479762581261721,105.51596188545227,199.0,38,39,288,270,558,run1_g8_g8_5,single-objective/run1/g8/g8_5.pdb,-156.899,-0.642,58.415,2.476,90.903,3.853,1236.337,2359.252,1122.915,28.0,-1.995,-1322.71,255.063,-286.857,1.931,32.221,295.524,773.559,-0.04,-32.107,-49.521,-18.6,-51.523,7.0,-34.164,269.0,83.0,92.414,-45.935,0.712,0.6,1.946,59.036,174.232,0.665,1.332,51.965,-0.05,-2.194,0.588,g0_12_0001,single-objective/run1/g8/g8_5.pdb.sc
546.0,807.7653068304062,1.4794236388835278,3.2207815647125244,0.0,1.4794236388835278,151.0,86.78939425945282,0.5747642003937273,2.410245656967163,3.234528897613879,3.8092930980076063,46.0,13.857078075408936,0.3012408277262812,1.28828763961792,4.240895053614741,4.542135881341022,100.64647233486176,197.0,38,39,277,270,547,run1_g8_g8_6,single-objective/run1/g8/g8_6.pdb,43.358,0.08,33.17,1.377,68.808,2.856,1239.418,2409.506,1170.088,36.0,-1.995,-1297.757,251.493,-271.54,1.917,32.098,342.53,750.648,-0.059,-29.622,-48.639,-17.64,-51.523,6.0,-32.656,269.0,83.0,91.052,-33.432,0.693,2.136,108.196,80.454,169.188,0.684,0.96,37.455,3.177,139.8,0.585,temp_g8_06_0001,single-objective/run1/g8/g8_6.pdb.sc
551.0,813.463173031807,1.4763396969724265,3.2051174640655518,0.0,1.4763396969724265,157.0,90.674440741539,0.5775442085448345,2.410245656967163,3.2246887691461357,3.80223297769097,44.0,13.282289505004883,0.30187021602283826,1.28828763961792,4.23482993516055,4.536700151183388,103.95673024654388,201.0,38,39,282,270,552,run1_g8_g8_7,single-objective/run1/g8/g8_7.pdb,47.0,0.1,49.28,2.033,77.525,3.198,1257.271,2424.318,1167.048,29.0,-1.995,-1306.609,254.059,-288.79,1.925,32.583,353.215,772.107,-0.043,-32.107,-48.639,-19.925,-51.523,6.0,-32.477,269.0,83.0,91.097,-32.843,0.685,2.204,108.196,81.842,166.3,0.663,1.12,43.687,3.164,139.213,0.585,temp_g4_04_0001,single-objective/run1/g8/g8_7.pdb.sc
549.0,810.5543135404587,1.4764195146456442,3.2051174640655518,0.0,1.4764195146456442,154.0,89.10439240932465,0.5785999507099003,2.410245656967163,3.230904276494856,3.8095042272047563,45.0,13.261924743652344,0.29470943874782984,1.28828763961792,4.265105406443278,4.559814845191108,102.36631715297699,199.0,38,39,280,270,550,run1_g8_g8_8,single-objective/run1/g8/g8_8.pdb,34.469,0.051,38.373,1.585,67.628,2.793,1247.171,2421.025,1173.854,32.0,-1.995,-1301.304,253.39,-287.994,1.923,32.544,343.653,766.881,-0.052,-32.107,-48.639,-19.596,-51.523,5.0,-32.465,269.0,83.0,91.052,-34.941,0.745,2.043,108.196,79.422,167.388,0.672,1.012,39.472,2.957,130.102,0.585,temp_g6_07_0001,single-objective/run1/g8/g8_8.pdb.sc
561.0,826.7778928279877,1.4737573847201206,3.2051174640655518,0.0,1.4737573847201206,158.0,93.6789585351944,0.5929048008556608,2.410245656967163,3.1781676894501794,3.77107249030584,45.0,14.157074451446533,0.3146016544765896,1.28828763961792,4.127041069666545,4.441642724143135,107.83603298664093,203.0,38,39,292,270,562,run1_g8_g8_9,single-objective/run1/g8/g8_9.pdb,-155.933,-0.645,59.433,2.469,95.101,3.951,1215.991,2407.156,1191.165,32.0,-1.995,-1327.618,257.231,-291.816,1.96,32.207,301.032,777.39,-0.046,-32.107,-49.521,-20.556,-51.523,7.0,-33.429,269.0,83.0,92.414,-45.788,0.768,0.602,1.946,58.96,174.685,0.677,1.327,51.765,-0.041,-1.821,0.597,g0_00_0001,single-objective/run1/g8/g8_9.pdb.sc
545.0,805.0886214971542,1.4772268284351453,3.2051174640655518,0.0,1.4772268284351453,153.0,90.10848593711853,0.5889443525301865,2.410245656967163,3.239195856393552,3.8281402089237386,43.0,12.689062595367432,0.2950944789620333,1.28828763961792,4.253998135411462,4.549092614373495,102.79754853248596,196.0,38,39,276,270,546,run1_g9_g9_0,single-objective/run1/g9/g9_0.pdb,-84.558,-0.435,31.649,1.292,61.261,2.501,1285.255,2449.246,1163.991,32.0,-1.995,-1295.36,249.717,-284.859,1.98,32.456,328.106,756.878,-0.076,-32.107,-48.639,-17.969,-51.523,7.0,-31.913,269.0,83.0,93.067,-39.174,0.661,1.151,18.397,65.345,172.452,0.65,0.874,34.081,1.397,61.458,0.585,temp_g8_17_0001,single-objective/run1/g9/g9_0.pdb.sc
549.0,810.5543135404587,1.4764195146456442,3.2051174640655518,0.0,1.4764195146456442,154.0,89.10439240932465,0.5785999507099003,2.410245656967163,3.230904276494856,3.8095042272047563,45.0,13.261924743652344,0.29470943874782984,1.28828763961792,4.265105406443278,4.559814845191108,102.36631715297699,199.0,38,39,280,270,550,run1_g9_g9_1,single-objective/run1/g9/g9_1.pdb,34.469,0.051,38.373,1.585,67.628,2.793,1247.171,2421.025,1173.854,32.0,-1.995,-1301.304,253.39,-287.994,1.923,32.544,343.653,766.881,-0.052,-32.107,-48.639,-19.596,-51.523,5.0,-32.465,269.0,83.0,91.052,-34.941,0.745,2.043,108.196,79.422,167.388,0.672,1.012,39.472,2.957,130.102,0.585,temp_g6_07_0001,single-objective/run1/g9/g9_1.pdb.sc
552.0,815.4412593841553,1.4772486583046291,3.2207815647125244,0.0,1.4772486583046291,148.0,88.37446248531342,0.5971247465223879,2.410245656967163,3.2030253321737856,3.8001500786961735,46.0,14.056198358535767,0.30556952953338623,1.28828763961792,4.163909829181174,4.46947935871456,102.43066084384918,194.0,38,39,283,270,553,run1_g9_g9_10,single-objective/run1/g9/g9_10.pdb,-160.331,-0.668,50.701,2.108,80.892,3.363,1213.278,2405.142,1191.864,31.0,-1.995,-1308.887,252.203,-273.359,1.94,31.07,286.446,747.569,-0.041,-29.622,-49.521,-16.642,-51.523,6.0,-33.351,269.0,83.0,92.368,-46.147,0.752,0.499,1.946,57.79,178.796,0.669,1.192,46.472,-0.115,-5.08,0.588,temp_g9_14_0001,single-objective/run1/g9/g9_10.pdb.sc
548.0,810.4152146577835,1.4788598807623787,3.2207815647125244,0.0,1.4788598807623787,156.0,92.8685611486435,0.5953112894143814,2.410245656967163,3.2230124313097734,3.818323720724155,43.0,13.099228858947754,0.30463322927785474,1.28828763961792,4.232450718103453,4.537083947381308,105.96779000759125,199.0,38,39,279,270,549,run1_g9_g9_11,single-objective/run1/g9/g9_11.pdb,252.329,0.865,43.495,1.796,69.026,2.85,1264.239,2422.314,1158.075,29.0,-1.995,-1301.477,250.587,-276.267,1.921,32.032,382.586,756.451,-0.048,-29.622,-48.639,-19.925,-51.523,6.0,-31.733,269.0,83.0,90.881,-25.147,0.671,4.672,261.405,94.318,167.891,0.647,1.046,40.795,7.886,346.991,0.585,temp_g5_14_0001,single-objective/run1/g9/g9_11.pdb.sc
551.0,813.463173031807,1.4763396969724265,3.2051174640655518,0.0,1.4763396969724265,157.0,90.674440741539,0.5775442085448345,2.410245656967163,3.2246887691461357,3.80223297769097,44.0,13.282289505004883,0.30187021602283826,1.28828763961792,4.23482993516055,4.536700151183388,103.95673024654388,201.0,38,39,282,270,552,run1_g9_g9_12,single-objective/run1/g9/g9_12.pdb,47.0,0.1,49.28,2.033,77.525,3.198,1257.271,2424.318,1167.048,29.0,-1.995,-1306.609,254.059,-288.79,1.925,32.583,353.215,772.107,-0.043,-32.107,-48.639,-19.925,-51.523,6.0,-32.477,269.0,83.0,91.097,-32.843,0.685,2.204,108.196,81.842,166.3,0.663,1.12,43.687,3.164,139.213,0.585,temp_g4_04_0001,single-objective/run1/g9/g9_12.pdb.sc
548.0,810.4152146577835,1.4788598807623787,3.2207815647125244,0.0,1.4788598807623787,156.0,92.8685611486435,0.5953112894143814,2.410245656967163,3.2230124313097734,3.818323720724155,43.0,13.099228858947754,0.30463322927785474,1.28828763961792,4.232450718103453,4.537083947381308,105.96779000759125,199.0,38,39,279,270,549,run1_g9_g9_13,single-objective/run1/g9/g9_13.pdb,252.329,0.865,43.495,1.796,69.026,2.85,1264.239,2422.314,1158.075,29.0,-1.995,-1301.477,250.587,-276.267,1.921,32.032,382.586,756.451,-0.048,-29.622,-48.639,-19.925,-51.523,6.0,-31.733,269.0,83.0,90.881,-25.147,0.671,4.672,261.405,94.318,167.891,0.647,1.046,40.795,7.886,346.991,0.585,temp_g5_14_0001,single-objective/run1/g9/g9_13.pdb.sc
555.0,819.9447777271271,1.4773779778867155,3.2207815647125244,0.0,1.4773779778867155,154.0,91.28421115875244,0.5927546179139769,2.410245656967163,3.193314474898499,3.7860690928124763,45.0,14.05765438079834,0.31239231957329644,1.28828763961792,4.147030931048923,4.459423250622219,105.34186553955078,199.0,38,39,286,270,556,run1_g9_g9_14,single-objective/run1/g9/g9_14.pdb,-155.938,-0.638,55.811,2.332,88.978,3.718,1256.445,2393.309,1136.865,34.0,-1.995,-1315.647,252.962,-276.025,1.946,31.178,293.116,753.971,-0.043,-29.622,-49.521,-18.6,-51.523,6.0,-33.559,269.0,83.0,92.414,-45.16,0.713,0.632,1.946,59.422,178.171,0.666,1.287,50.207,0.051,2.245,0.588,g0_08_0001,single-objective/run1/g9/g9_14.pdb.sc
545.0,804.935704946518,1.4769462476082897,3.2051174640655518,0.0,1.4769462476082897,149.0,89.76032638549805,0.6024182978892486,2.4274275302886963,3.229068988121596,3.8314872860108444,45.0,13.363869190216064,0.29697487089369035,1.28828763961792,4.277207745446099,4.574182616339789,103.12419557571411,194.0,38,39,276,270,546,run1_g9_g9_15,single-objective/run1/g9/g9_15.pdb,-97.222,-0.438,34.436,1.421,67.783,2.797,1252.203,2423.119,1170.915,31.0,-1.995,-1291.951,251.96,-288.856,1.913,32.021,320.635,760.125,-0.06,-32.107,-48.639,-19.596,-51.523,6.0,-32.003,269.0,83.0,92.47,-41.962,0.675,1.161,18.397,61.897,171.407,0.675,0.962,37.526,1.337,58.81,0.585,temp_g7_23_0001,single-objective/run1/g9/g9_15.pdb.sc
545.0,805.0886214971542,1.4772268284351453,3.2051174640655518,0.0,1.4772268284351453,153.0,90.10848593711853,0.5889443525301865,2.410245656967163,3.239195856393552,3.8281402089237386,43.0,12.689062595367432,0.2950944789620333,1.28828763961792,4.253998135411462,4.549092614373495,102.79754853248596,196.0,38,39,276,270,546,run1_g9_g9_16,single-objective/run1/g9/g9_16.pdb,-84.558,-0.435,31.649,1.292,61.261,2.501,1285.255,2449.246,1163.991,32.0,-1.995,-1295.36,249.717,-284.859,1.98,32.456,328.106,756.878,-0.076,-32.107,-48.639,-17.969,-51.523,7.0,-31.913,269.0,83.0,93.067,-39.174,0.661,1.151,18.397,65.345,172.452,0.65,0.874,34.081,1.397,61.458,0.585,temp_g8_17_0001,single-objective/run1/g9/g9_16.pdb.sc
549.0,810.5917438268661,1.4764876936737088,3.2051174640655518,0.0,1.4764876936737088,156.0,90.92381131649017,0.5828449443364755,2.410245656967163,3.224837444531612,3.8076823888680873,45.0,13.46172285079956,0.2991493966844347,1.28828763961792,4.24884279039171,4.547992187076145,104.38553416728973,201.0,38,39,280,270,550,run1_g9_g9_17,single-objective/run1/g9/g9_17.pdb,173.17,0.259,123.835,5.114,175.638,7.253,1246.614,2421.549,1174.935,27.0,-1.995,-1303.479,252.911,-278.442,1.934,32.986,487.223,765.236,-0.023,-29.622,-49.499,-19.596,-51.523,6.0,-31.205,269.0,83.0,90.996,-36.066,0.658,2.751,91.744,80.679,170.304,0.649,2.093,81.618,3.335,146.736,0.585,temp_g8_00_0001,single-objective/run1/g9/g9_17.pdb.sc
549.0,810.5543135404587,1.4764195146456442,3.2051174640655518,0.0,1.4764195146456442,154.0,89.10439240932465,0.5785999507099003,2.410245656967163,3.230904276494856,3.8095042272047563,45.0,13.261924743652344,0.29470943874782984,1.28828763961792,4.265105406443278,4.559814845191108,102.36631715297699,199.0,38,39,280,270,550,run1_g9_g9_18,single-objective/run1/g9/g9_18.pdb,34.469,0.051,38.373,1.585,67.628,2.793,1247.171,2421.025,1173.854,32.0,-1.995,-1301.304,253.39,-287.994,1.923,32.544,343.653,766.881,-0.052,-32.107,-48.639,-19.596,-51.523,5.0,-32.465,269.0,83.0,91.052,-34.941,0.745,2.043,108.196,79.422,167.388,0.672,1.012,39.472,2.957,130.102,0.585,temp_g6_07_0001,single-objective/run1/g9/g9_18.pdb.sc
561.0,826.7778928279877,1.4737573847201206,3.2051174640655518,0.0,1.4737573847201206,158.0,93.6789585351944,0.5929048008556608,2.410245656967163,3.1781676894501794,3.77107249030584,45.0,14.157074451446533,0.3146016544765896,1.28828763961792,4.127041069666545,4.441642724143135,107.83603298664093,203.0,38,39,292,270,562,run1_g9_g9_19,single-objective/run1/g9/g9_19.pdb,-155.933,-0.645,59.433,2.469,95.101,3.951,1215.991,2407.156,1191.165,32.0,-1.995,-1327.618,257.231,-291.816,1.96,32.207,301.032,777.39,-0.046,-32.107,-49.521,-20.556,-51.523,7.0,-33.429,269.0,83.0,92.414,-45.788,0.768,0.602,1.946,58.96,174.685,0.677,1.327,51.765,-0.041,-1.821,0.597,g0_00_0001,single-objective/run1/g9/g9_19.pdb.sc
549.0,810.5543135404587,1.4764195146456442,3.2051174640655518,0.0,1.4764195146456442,154.0,89.10439240932465,0.5785999507099003,2.410245656967163,3.230904276494856,3.8095042272047563,45.0,13.261924743652344,0.29470943874782984,1.28828763961792,4.265105406443278,4.559814845191108,102.36631715297699,199.0,38,39,280,270,550,run1_g9_g9_2,single-objective/run1/g9/g9_2.pdb,34.469,0.051,38.373,1.585,67.628,2.793,1247.171,2421.025,1173.854,32.0,-1.995,-1301.304,253.39,-287.994,1.923,32.544,343.653,766.881,-0.052,-32.107,-48.639,-19.596,-51.523,5.0,-32.465,269.0,83.0,91.052,-34.941,0.745,2.043,108.196,79.422,167.388,0.672,1.012,39.472,2.957,130.102,0.585,temp_g6_07_0001,single-objective/run1/g9/g9_2.pdb.sc
551.0,813.463173031807,1.4763396969724265,3.2051174640655518,0.0,1.4763396969724265,157.0,90.674440741539,0.5775442085448345,2.410245656967163,3.2246887691461357,3.80223297769097,44.0,13.282289505004883,0.30187021602283826,1.28828763961792,4.23482993516055,4.536700151183388,103.95673024654388,201.0,38,39,282,270,552,run1_g9_g9_20,single-objective/run1/g9/g9_20.pdb,47.0,0.1,49.28,2.033,77.525,3.198,1257.271,2424.318,1167.048,29.0,-1.995,-1306.609,254.059,-288.79,1.925,32.583,353.215,772.107,-0.043,-32.107,-48.639,-19.925,-51.523,6.0,-32.477,269.0,83.0,91.097,-32.843,0.685,2.204,108.196,81.842,166.3,0.663,1.12,43.687,3.164,139.213,0.585,temp_g4_04_0001,single-objective/run1/g9/g9_20.pdb.sc
551.0,813.463173031807,1.4763396969724265,3.2051174640655518,0.0,1.4763396969724265,157.0,90.674440741539,0.5775442085448345,2.410245656967163,3.2246887691461357,3.80223297769097,44.0,13.282289505004883,0.30187021602283826,1.28828763961792,4.23482993516055,4.536700151183388,103.95673024654388,201.0,38,39,282,270,552,run1_g9_g9_21,single-objective/run1/g9/g9_21.pdb,47.0,0.1,49.28,2.033,77.525,3.198,1257.271,2424.318,1167.048,29.0,-1.995,-1306.609,254.059,-288.79,1.925,32.583,353.215,772.107,-0.043,-32.107,-48.639,-19.925,-51.523,6.0,-32.477,269.0,83.0,91.097,-32.843,0.685,2.204,108.196,81.842,166.3,0.663,1.12,43.687,3.164,139.213,0.585,temp_g4_04_0001,single-objective/run1/g9/g9_21.pdb.sc
538.0,796.1795350313187,1.4798876115823767,3.2207815647125244,0.0,1.4798876115823767,152.0,89.27553081512451,0.587339018520556,2.410245656967163,3.2388080970237128,3.826147115544269,43.0,12.90751838684082,0.3001748462056005,1.28828763961792,4.236865309781806,4.537040155987407,102.18304920196533,195.0,38,39,269,270,539,run1_g9_g9_22,single-objective/run1/g9/g9_22.pdb,181.582,0.6,39.93,1.681,73.211,3.082,1279.206,2375.63,1096.424,31.0,-1.995,-1287.366,247.909,-271.683,1.901,31.338,325.204,743.822,-0.056,-29.622,-49.499,-17.969,-51.523,6.0,-31.964,269.0,83.0,90.781,-29.389,0.7,3.839,244.954,93.719,172.387,0.649,1.016,39.634,6.342,279.042,0.576,temp_g8_01_0001,single-objective/run1/g9/g9_22.pdb.sc
554.0,817.4922701120377,1.4756178160867106,3.2207815647125244,0.0,1.4756178160867106,156.0,93.68031799793243,0.6005148589611053,2.0924081802368164,3.1922346498721685,3.792749508833274,47.0,13.864638090133667,0.294992299790078,1.28828763961792,4.186675264480266,4.481667564270344,107.5449560880661,203.0,38,39,285,270,555,run1_g9_g9_23,single-objective/run1/g9/g9_23.pdb,-141.016,-0.589,55.703,2.304,99.903,4.133,1234.19,2417.461,1183.271,32.0,-1.995,-1315.473,248.765,-281.536,1.934,31.632,308.727,762.286,-0.044,-30.764,-49.521,-18.6,-51.523,7.0,-32.325,269.0,83.0,92.414,-44.949,0.695,0.753,1.946,59.048,178.323,0.663,1.28,49.932,0.286,12.57,0.596,temp_g5_18_0001,single-objective/run1/g9/g9_23.pdb.sc
541.0,798.4160952568054,1.4758153331918769,3.2051174640655518,0.0,1.4758153331918769,150.0,89.86400532722473,0.5990933688481649,2.410245656967163,3.2313779179255167,3.8304712867736814,43.0,12.716803073883057,0.2957396063693734,1.28828763961792,4.2820426752400955,4.577782281609469,102.58080840110779,193.0,38,39,272,270,542,run1_g9_g9_24,single-objective/run1/g9/g9_24.pdb,-80.606,-0.393,37.675,1.55,69.111,2.844,1235.277,2430.357,1195.081,34.0,-1.995,-1292.732,245.876,-285.066,1.978,31.782,324.13,756.396,-0.059,-32.107,-48.639,-16.971,-51.523,6.0,-31.542,269.0,83.0,93.634,-36.952,0.728,1.288,18.397,68.639,175.505,0.637,0.983,38.332,1.558,68.541,0.585,temp_g9_10_0001,single-objective/run1/g9/g9_24.pdb.sc
546.0,804.9589092731476,1.4742837166174865,3.1109073162078857,0.0,1.4742837166174865,154.0,89.70084857940674,0.5824730427234204,2.410245656967163,3.21440208887125,3.7968751315946703,42.0,12.728333473205566,0.30305555888584684,1.28828763961792,4.281484950156439,4.584540509042286,102.4291820526123,196.0,38,39,277,270,547,run1_g9_g9_3,single-objective/run1/g9/g9_3.pdb,259.452,0.784,54.409,2.354,78.319,3.389,1190.412,2311.054,1120.641,31.0,-1.995,-1299.378,253.712,-288.003,1.906,32.461,532.45,770.996,-0.045,-32.107,-48.639,-19.778,-51.523,5.0,-32.203,269.0,83.0,91.514,-33.099,0.674,4.424,125.905,93.388,163.269,0.663,1.209,47.148,7.274,320.058,0.576,temp_g7_01_0001,single-objective/run1/g9/g9_3.pdb.sc
554.0,817.0894935131073,1.474890782514634,3.2207815647125244,0.0,1.474890782514634,155.0,93.46038353443146,0.6029702163511707,2.0924081802368164,3.1829195337910807,3.7858897501422515,46.0,13.217635869979858,0.28733991021695343,1.28828763961792,4.24225608162258,4.529595991839534,106.67801940441132,201.0,38,39,285,270,555,run1_g9_g9_4,single-objective/run1/g9/g9_4.pdb,106.145,0.098,174.915,7.341,224.091,9.405,1232.45,2382.555,1150.105,32.0,-1.995,-1320.521,248.936,-283.288,1.926,32.089,551.251,761.455,-0.02,-30.764,-49.521,-18.6,-51.523,7.0,-31.837,269.0,83.0,92.557,-40.458,0.706,2.986,1.946,64.497,179.408,0.649,2.948,114.976,3.02,132.865,0.588,temp_g8_10_0001,single-objective/run1/g9/g9_4.pdb.sc
548.0,810.4152146577835,1.4788598807623787,3.2207815647125244,0.0,1.4788598807623787,156.0,92.8685611486435,0.5953112894143814,2.410245656967163,3.2230124313097734,3.818323720724155,43.0,13.099228858947754,0.30463322927785474,1.28828763961792,4.232450718103453,4.537083947381308,105.96779000759125,199.0,38,39,279,270,549,run1_g9_g9_5,single-objective/run1/g9/g9_5.pdb,252.329,0.865,43.495,1.796,69.026,2.85,1264.239,2422.314,1158.075,29.0,-1.995,-1301.477,250.587,-276.267,1.921,32.032,382.586,756.451,-0.048,-29.622,-48.639,-19.925,-51.523,6.0,-31.733,269.0,83.0,90.881,-25.147,0.671,4.672,261.405,94.318,167.891,0.647,1.046,40.795,7.886,346.991,0.585,temp_g5_14_0001,single-objective/run1/g9/g9_5.pdb.sc
546.0,807.7653068304062,1.4794236388835278,3.2207815647125244,0.0,1.4794236388835278,151.0,86.78939425945282,0.5747642003937273,2.410245656967163,3.234528897613879,3.8092930980076063,46.0,13.857078075408936,0.3012408277262812,1.28828763961792,4.240895053614741,4.542135881341022,100.64647233486176,197.0,38,39,277,270,547,run1_g9_g9_6,single-objective/run1/g9/g9_6.pdb,43.358,0.08,33.17,1.377,68.808,2.856,1239.418,2409.506,1170.088,36.0,-1.995,-1297.757,251.493,-271.54,1.917,32.098,342.53,750.648,-0.059,-29.622,-48.639,-17.64,-51.523,6.0,-32.656,269.0,83.0,91.052,-33.432,0.693,2.136,108.196,80.454,169.188,0.684,0.96,37.455,3.177,139.8,0.585,temp_g8_06_0001,single-objective/run1/g9/g9_6.pdb.sc
560.0,826.6579878330231,1.4761749782732554,3.2051174640655518,0.0,1.4761749782732554,160.0,92.6471300125122,0.5790445625782012,2.0924081802368164,3.181185929477215,3.760230492055416,50.0,15.130983829498291,0.3026196765899658,1.28828763961792,4.1691578674316405,4.471777544021607,107.7781138420105,210.0,38,39,291,270,561,run1_g9_g9_7,single-objective/run1/g9/g9_7.pdb,-134.107,-0.558,53.2,2.206,91.458,3.792,1286.55,2411.572,1125.021,34.0,-1.995,-1331.161,259.696,-285.276,1.983,31.758,320.921,770.673,-0.055,-32.673,-49.521,-16.971,-51.523,9.0,-33.78,269.0,83.0,92.167,-45.619,0.68,0.715,1.946,58.415,176.267,0.699,1.266,49.363,0.227,9.987,0.588,temp_g7_17_0001,single-objective/run1/g9/g9_7.pdb.sc
549.0,810.5543135404587,1.4764195146456442,3.2051174640655518,0.0,1.4764195146456442,154.0,89.10439240932465,0.5785999507099003,2.410245656967163,3.230904276494856,3.8095042272047563,45.0,13.261924743652344,0.29470943874782984,1.28828763961792,4.265105406443278,4.559814845191108,102.36631715297699,199.0,38,39,280,270,550,run1_g9_g9_8,single-objective/run1/g9/g9_8.pdb,34.469,0.051,38.373,1.585,67.628,2.793,1247.171,2421.025,1173.854,32.0,-1.995,-1301.304,253.39,-287.994,1.923,32.544,343.653,766.881,-0.052,-32.107,-48.639,-19.596,-51.523,5.0,-32.465,269.0,83.0,91.052,-34.941,0.745,2.043,108.196,79.422,167.388,0.672,1.012,39.472,2.957,130.102,0.585,temp_g6_07_0001,single-objective/run1/g9/g9_8.pdb.sc
549.0,810.5543135404587,1.4764195146456442,3.2051174640655518,0.0,1.4764195146456442,154.0,89.10439240932465,0.5785999507099003,2.410245656967163,3.230904276494856,3.8095042272047563,45.0,13.261924743652344,0.29470943874782984,1.28828763961792,4.265105406443278,4.559814845191108,102.36631715297699,199.0,38,39,280,270,550,run1_g9_g9_9,single-objective/run1/g9/g9_9.pdb,34.469,0.051,38.373,1.585,67.628,2.793,1247.171,2421.025,1173.854,32.0,-1.995,-1301.304,253.39,-287.994,1.923,32.544,343.653,766.881,-0.052,-32.107,-48.639,-19.596,-51.523,5.0,-32.465,269.0,83.0,91.052,-34.941,0.745,2.043,108.196,79.422,167.388,0.672,1.012,39.472,2.957,130.102,0.585,temp_g6_07_0001,single-objective/run1/g9/g9_9.pdb.sc
561.0,826.7778928279877,1.4737573847201206,3.2051174640655518,0.0,1.4737573847201206,158.0,93.6789585351944,0.5929048008556608,2.410245656967163,3.1781676894501794,3.77107249030584,45.0,14.157074451446533,0.3146016544765896,1.28828763961792,4.127041069666545,4.441642724143135,107.83603298664093,203.0,38,39,292,270,562,run2_g0_g0_00,single-objective/run2/g0/g0_00.pdb,-155.933,-0.645,59.433,2.469,95.889,3.984,1215.991,2407.156,1191.165,32.0,-1.995,-1327.618,257.231,-291.816,1.96,32.207,301.032,777.39,-0.046,-32.107,-49.521,-20.556,-51.523,7.0,-33.429,269.0,83.0,92.414,-45.788,0.73,0.602,1.946,58.96,174.685,0.677,1.327,51.765,-0.041,-1.821,0.597,g0_00_0001,single-objective/run2/g0/g0_00.pdb.sc
558.0,822.2957273721695,1.4736482569393718,3.2051174640655518,0.0,1.4736482569393718,154.0,92.49114286899567,0.6005918368116602,2.410245656967163,3.1794095139998895,3.7800013508115495,47.0,14.334539890289307,0.3049902104316874,1.28828763961792,4.209731867972841,4.514722078404528,106.82568275928497,201.0,38,39,289,270,559,run2_g0_g0_01,single-objective/run2/g0/g0_01.pdb,20.639,0.011,210.638,8.636,263.672,10.811,1262.23,2438.996,1176.766,38.0,-1.995,-1324.695,257.83,-289.511,2.167,32.331,471.657,772.285,-0.017,-32.107,-49.521,-18.927,-51.523,7.0,-33.636,269.0,83.0,92.614,-44.211,0.69,2.706,1.946,60.225,175.127,0.653,3.273,127.631,2.203,96.934,0.585,g0_01_0001,single-objective/run2/g0/g0_01.pdb.sc
555.0,818.6461086273193,1.4750380335627375,3.2051174640655518,0.0,1.4750380335627375,154.0,92.45553827285767,0.6003606381354394,2.4274275302886963,3.195983052253723,3.7963436903891625,46.0,14.139273881912231,0.307375519172005,1.28828763961792,4.20576562570489,4.5131411448768946,106.5948121547699,200.0,38,39,286,270,556,run2_g0_g0_02,single-objective/run2/g0/g0_02.pdb,2.583,-0.052,206.465,8.537,247.434,10.231,1238.004,2418.387,1180.384,36.0,-1.995,-1316.165,252.159,-288.816,1.99,31.621,458.235,761.326,-0.017,-32.107,-49.521,-19.16,-51.523,6.0,-33.172,269.0,83.0,92.414,-44.359,0.705,2.524,1.946,60.049,179.066,0.675,3.136,122.303,1.982,87.194,0.597,g0_02_0001,single-objective/run2/g0/g0_02.pdb.sc
560.0,826.3236086368561,1.4755778725658144,3.2051174640655518,0.0,1.4755778725658144,159.0,96.06696307659149,0.6041947363307641,2.410245656967163,3.18368520901638,3.7878799453471443,45.0,13.744563341140747,0.30543474091423883,1.28828763961792,4.157301796807183,4.462736537721422,109.81152641773224,204.0,38,39,291,270,561,run2_g0_g0_03,single-objective/run2/g0/g0_03.pdb,168.475,0.561,106.063,4.41,134.402,5.589,1233.819,2404.849,1171.031,36.0,-1.995,-1334.246,260.423,-291.674,1.948,32.748,621.774,781.18,-0.033,-32.107,-49.521,-20.556,-51.523,7.0,-33.934,269.0,83.0,92.363,-45.202,0.719,2.968,1.946,59.906,176.361,0.67,1.919,74.839,3.899,171.545,0.585,g0_03_0001,single-objective/run2/g0/g0_03.pdb.sc
556.0,820.3157052993774,1.4753879591715422,3.2051174640655518,0.0,1.4753879591715422,158.0,93.80075764656067,0.593675681307346,2.0924081802368164,3.1480663441404513,3.741742025447797,50.0,15.283419847488403,0.30566839694976805,1.28828763961792,4.1738509178161625,4.4795193147659305,109.08417749404907,208.0,38,39,287,270,557,run2_g0_g0_04,single-objective/run2/g0/g0_04.pdb,135.925,0.428,109.218,4.53,148.07,6.141,1278.058,2411.013,1132.955,33.0,-1.995,-1328.537,255.768,-284.115,1.935,31.424,423.998,769.582,-0.03,-32.189,-49.521,-18.6,-50.988,8.0,-32.625,269.0,83.0,92.675,-41.634,0.692,3.105,156.168,70.161,173.822,0.703,1.968,76.757,4.112,180.925,0.597,g0_04_0001,single-objective/run2/g0/g0_04.pdb.sc
555.0,818.0766022205353,1.4740118958928563,3.2051174640655518,0.0,1.4740118958928563,157.0,92.98169648647308,0.5922401050093827,2.410245656967163,3.1882762627996457,3.7805163678090286,45.0,13.492011308670044,0.299822473526001,1.28828763961792,4.190851979785496,4.490674453311496,106.47370779514313,202.0,38,39,286,270,556,run2_g0_g0_05,single-objective/run2/g0/g0_05.pdb,2.576,-0.047,203.642,8.456,245.037,10.174,1256.8,2408.386,1151.586,35.0,-1.995,-1313.138,256.521,-292.795,1.984,32.059,448.316,773.047,-0.014,-32.107,-49.521,-20.556,-51.523,5.0,-33.121,269.0,83.0,92.363,-44.667,0.73,2.539,1.946,60.729,174.446,0.668,3.114,121.452,2.029,89.254,0.588,g0_05_0001,single-objective/run2/g0/g0_05.pdb.sc
561.0,826.7221646308899,1.473658047470392,3.2207815647125244,0.0,1.473658047470392,160.0,95.35747480392456,0.5959842175245285,2.410245656967163,3.1538865968585013,3.74987081438303,43.0,14.13262939453125,0.32866579987281974,1.28828763961792,4.184385909590611,4.51305170946343,109.49010419845581,203.0,38,39,292,270,562,run2_g0_g0_06,single-objective/run2/g0/g0_06.pdb,678.543,0.881,448.747,18.57,490.157,20.284,1184.107,2416.465,1232.358,37.0,-1.995,-1333.544,259.363,-287.232,1.945,32.326,1127.459,783.125,-0.009,-29.622,-49.521,-20.556,-51.523,7.0,-34.782,269.0,84.0,92.829,-45.042,0.709,5.473,1.946,59.029,173.749,0.636,6.137,245.491,4.869,214.254,0.588,g0_06_0001,single-objective/run2/g0/g0_06.pdb.sc
557.0,822.6497668027878,1.4769295633802295,3.370624303817749,0.0,1.4769295633802295,157.0,93.38857972621918,0.594831718001396,2.410245656967163,3.1801490320521557,3.7749807500535515,45.0,14.162598609924316,0.3147244135538737,1.28828763961792,4.127041069666545,4.4417654832204185,107.5511783361435,202.0,38,39,288,270,558,run2_g0_g0_07,single-objective/run2/g0/g0_07.pdb,-159.848,-0.661,57.175,2.374,91.49,3.799,1233.708,2408.036,1174.328,29.0,-1.995,-1319.764,252.203,-290.97,1.951,31.418,298.102,770.925,-0.042,-32.107,-49.521,-18.817,-51.523,6.0,-33.803,269.0,83.0,92.414,-46.017,0.72,0.558,1.946,59.207,175.908,0.685,1.301,50.729,-0.101,-4.433,0.597,g0_07_0001,single-objective/run2/g0/g0_07.pdb.sc
551.0,812.7490768432617,1.4750436966302392,3.2051174640655518,0.0,1.4750436966302392,158.0,93.5039587020874,0.5917972069752367,2.410245656967163,3.188998246494728,3.7807954534699646,43.0,13.441237211227417,0.3125869118890097,1.28828763961792,4.232342525970104,4.544929437859114,106.94519591331482,201.0,38,39,282,270,552,run2_g0_g0_08,single-objective/run2/g0/g0_08.pdb,-154.059,-0.618,61.157,2.594,94.389,4.003,1186.691,2357.753,1171.062,32.0,-1.995,-1313.135,255.735,-293.708,1.91,32.497,287.424,779.345,-0.032,-32.107,-49.521,-20.556,-51.523,6.0,-33.246,269.0,83.0,92.363,-45.333,0.712,0.671,1.946,60.1,175.156,0.663,1.345,52.436,0.073,3.228,0.588,g0_08_0001,single-objective/run2/g0/g0_08.pdb.sc
561.0,828.133211016655,1.4761732816696167,3.2051174640655518,0.0,1.4761732816696167,157.0,92.74683725833893,0.5907441863588466,2.410245656967163,3.1838167343929316,3.774560920751778,49.0,15.130182027816772,0.3087792250574852,1.28828763961792,4.185905573319416,4.494684798376901,107.8770192861557,206.0,38,39,292,270,562,run2_g0_g0_09,single-objective/run2/g0/g0_09.pdb,-78.991,-0.691,53.109,2.176,84.888,3.477,1226.251,2441.077,1214.826,31.0,-1.995,-1329.862,257.58,-285.717,1.969,32.367,372.657,782.256,-0.032,-32.107,-49.521,-20.227,-51.523,5.0,-32.788,269.0,83.0,92.368,-47.916,0.725,0.449,1.946,57.021,173.906,0.683,1.201,46.852,-0.218,-9.61,0.597,g0_09_0001,single-objective/run2/g0/g0_09.pdb.sc
559.0,825.2420511245728,1.4762827390421696,3.2207815647125244,0.0,1.4762827390421696,156.0,93.59269893169403,0.59995319828009,2.410245656967163,3.181207148692547,3.7811603469726367,48.0,14.67418098449707,0.30571210384368896,1.28828763961792,4.158653810620308,4.464365914463997,108.2668799161911,204.0,38,39,290,270,560,run2_g0_g0_10,single-objective/run2/g0/g0_10.pdb,47.721,-0.299,132.949,5.506,169.765,7.03,1245.028,2414.7,1169.672,30.0,-1.995,-1324.818,254.243,-281.725,1.956,31.626,503.126,761.184,-0.024,-30.764,-49.521,-20.227,-51.523,6.0,-33.579,269.0,84.0,92.829,-45.255,0.686,1.686,1.946,60.943,178.682,0.673,2.205,88.214,1.214,53.4,0.597,g0_10_0001,single-objective/run2/g0/g0_10.pdb.sc
559.0,823.2233180999756,1.4726714098389546,3.2051174640655518,0.0,1.4726714098389546,158.0,94.15456891059875,0.5959149931050554,2.410245656967163,3.138873637477054,3.734788630582109,46.0,14.538474559783936,0.3160537947779116,1.28828763961792,4.072153998457867,4.388207793235779,108.69304347038269,204.0,38,39,290,270,560,run2_g0_g0_11,single-objective/run2/g0/g0_11.pdb,843.714,2.308,841.606,34.989,885.128,36.799,1245.377,2405.333,1159.956,37.0,-1.995,-1335.519,256.335,-282.101,1.952,32.345,1287.418,785.515,-0.004,-32.107,-49.521,-18.6,-51.523,5.0,-33.813,269.0,85.0,91.987,-44.018,0.727,9.965,1.946,60.621,174.196,0.634,10.98,450.19,9.019,396.853,0.597,g0_11_0001,single-objective/run2/g0/g0_11.pdb.sc
553.0,816.1019896268845,1.47577213314084,3.2051174640655518,0.0,1.47577213314084,155.0,90.95657789707184,0.5868166315940119,2.410245656967163,3.196058271008153,3.782874902602165,45.0,13.379515171051025,0.29732255935668944,1.28828763961792,4.213159916136,4.510482475492689,104.33609306812286,200.0,38,39,284,270,554,run2_g0_g0_12,single-objective/run2/g0/g0_12.pdb,33.989,0.055,205.415,8.5,247.218,10.23,1219.049,2416.52,1197.47,34.0,-1.995,-1320.661,256.49,-292.032,2.016,32.022,479.036,772.62,-0.017,-32.107,-49.521,-18.927,-51.523,6.0,-32.905,269.0,83.0,92.167,-43.539,0.741,2.682,1.946,61.353,178.952,0.672,3.123,121.789,2.291,100.796,0.596,g0_12_0001,single-objective/run2/g0/g0_12.pdb.sc
554.0,816.9311624765396,1.4746049864197466,3.2051174640655518,0.0,1.4746049864197466,156.0,93.3303153514862,0.5982712522531167,2.4274275302886963,3.186658393114041,3.784929645367158,45.0,14.24226427078247,0.3164947615729438,1.28828763961792,4.160970973968506,4.4774657355414496,107.57257962226868,201.0,38,39,285,270,555,run2_g0_g0_13,single-objective/run2/g0/g0_13.pdb,-106.016,-0.456,102.408,4.205,140.033,5.751,1231.672,2435.111,1203.439,34.0,-1.995,-1318.774,254.345,-289.063,1.943,32.406,342.546,773.398,-0.032,-32.107,-49.521,-20.556,-51.523,7.0,-32.697,269.0,83.0,92.414,-44.415,0.724,1.185,1.946,59.614,175.427,0.683,1.878,73.248,0.571,25.128,0.596,g0_13_0001,single-objective/run2/g0/g0_13.pdb.sc
554.0,817.4756435155869,1.4755878041797597,3.370624303817749,0.0,1.4755878041797597,152.0,92.02194154262543,0.6054075101488515,2.410245656967163,3.157187884575442,3.762595394724294,45.0,14.16929292678833,0.31487317615085175,1.28828763961792,4.126122204462687,4.440995380613539,106.19123446941376,197.0,38,39,285,270,555,run2_g0_g0_14,single-objective/run2/g0/g0_14.pdb,46.086,-0.309,140.519,5.925,174.358,7.352,1224.106,2371.516,1147.41,26.0,-1.995,-1321.781,250.6,-287.006,1.942,30.99,507.564,764.853,-0.022,-32.107,-49.521,-16.861,-51.523,6.0,-33.78,269.0,84.0,92.829,-46.29,0.667,1.656,1.946,57.95,177.681,0.666,2.303,92.118,1.068,46.989,0.597,g0_14_0001,single-objective/run2/g0/g0_14.pdb.sc
557.0,821.0181317329407,1.4740002365043818,3.2051174640655518,0.0,1.4740002365043818,153.0,91.81133472919464,0.6000740831973506,2.410245656967163,3.192658051166659,3.7927321343640097,46.0,14.175024032592773,0.30815269636071246,1.28828763961792,4.161780010098997,4.4699327064597085,105.98635876178741,199.0,38,39,288,270,558,run2_g0_g0_15,single-objective/run2/g0/g0_15.pdb,-148.88,-0.613,64.402,2.686,100.103,4.175,1200.73,2397.634,1196.904,35.0,-1.995,-1322.658,254.608,-286.72,1.933,32.271,301.919,772.228,-0.044,-32.107,-49.521,-17.531,-51.523,7.0,-35.186,269.0,83.0,92.414,-44.58,0.715,0.674,1.946,59.789,175.248,0.665,1.385,54.005,0.044,1.918,0.585,g0_15_0001,single-objective/run2/g0/g0_15.pdb.sc
561.0,826.2912364006042,1.472889904457405,3.2051174640655518,0.0,1.472889904457405,158.0,94.45308649539948,0.5978043449075916,2.410245656967163,3.166648364519771,3.7644527094273625,43.0,13.730273246765137,0.3193086801573288,1.28828763961792,4.176279511562614,4.495588191719943,108.18335974216461,201.0,38,39,292,270,562,run2_g0_g0_16,single-objective/run2/g0/g0_16.pdb,224.025,-0.024,178.174,7.536,248.723,10.52,1180.36,2364.206,1183.846,33.0,-1.995,-1329.263,260.279,-291.31,1.967,32.709,674.67,780.855,-0.012,-32.107,-49.521,-18.927,-51.523,6.0,-34.067,269.0,84.0,92.583,-45.932,0.697,2.518,1.946,58.868,174.205,0.653,2.747,109.877,2.309,101.603,0.588,g0_16_0001,single-objective/run2/g0/g0_16.pdb.sc
558.0,821.3874648809433,1.4720205463816187,3.075467348098755,0.0,1.4720205463816187,160.0,92.92844700813293,0.5808027938008309,2.410245656967163,3.1831708773970604,3.763973671197891,43.0,13.702791690826416,0.3186695742052655,1.28828763961792,4.15726696613223,4.475936540337496,106.63123869895935,203.0,38,39,289,270,559,run2_g0_g0_17,single-objective/run2/g0/g0_17.pdb,125.772,0.363,67.332,2.771,356.918,14.688,1216.111,2430.001,1213.89,33.0,-1.995,-1329.323,257.983,-293.106,1.958,32.526,576.061,783.815,-0.014,-32.107,-49.521,-20.894,-51.523,8.0,-33.08,269.0,83.0,92.414,-45.155,0.714,3.832,1.946,59.507,175.67,0.677,1.421,55.412,5.968,262.607,0.596,g0_17_0001,single-objective/run2/g0/g0_17.pdb.sc
570.0,837.5055363178253,1.4693079584523252,3.2051174640655518,0.0,1.4693079584523252,165.0,97.70176327228546,0.5921318986199119,2.0924081802368164,3.121098832650618,3.71323073127053,47.0,15.242358207702637,0.3243054937809072,1.28828763961792,4.091448251237261,4.415753745018168,112.9441214799881,212.0,38,39,301,270,571,run2_g0_g0_18,single-objective/run2/g0/g0_18.pdb,943.873,2.192,731.409,29.312,842.189,33.752,1204.89,2495.237,1290.347,38.0,-1.995,-1355.263,266.001,-293.745,1.976,32.973,1375.889,821.094,-0.005,-32.109,-49.521,-20.556,-51.523,7.0,-33.009,269.0,86.0,92.402,-44.602,0.713,9.486,1.946,63.897,169.422,0.627,9.283,389.866,9.68,425.931,0.597,g0_18_0001,single-objective/run2/g0/g0_18.pdb.sc
566.0,831.6631736755371,1.4693695647977687,3.2051174640655518,0.0,1.4693695647977687,165.0,96.61762416362762,0.5855613585674402,2.410245656967163,3.1403168324268225,3.725878190994263,46.0,14.022255897521973,0.3048316499461298,1.28828763961792,4.125718318897745,4.4305499688438745,110.6398800611496,211.0,38,39,297,270,567,run2_g0_g0_19,single-objective/run2/g0/g0_19.pdb,840.993,2.725,121.408,5.075,877.927,36.7,1213.906,2392.179,1178.273,39.0,-1.995,-1349.517,262.052,-279.757,1.978,33.555,1268.0,798.1,-0.005,-29.622,-49.521,-20.556,-51.523,7.0,-31.713,269.0,83.0,92.557,-40.092,0.73,11.516,1.946,65.298,171.219,0.67,2.238,87.279,19.739,868.529,0.585,g0_19_0001,single-objective/run2/g0/g0_19.pdb.sc
556.0,818.8773629665375,1.4728010125297437,3.2051174640655518,0.0,1.4728010125297437,159.0,91.05557262897491,0.5726765574149366,2.410245656967163,3.1734635552520274,3.746140112666964,43.0,12.973879098892212,0.30171811857888864,1.28828763961792,4.2200252566226695,4.521743375201558,104.02945172786713,202.0,38,39,287,270,557,run2_g0_g0_20,single-objective/run2/g0/g0_20.pdb,548.078,1.467,538.579,23.095,577.692,24.773,1175.952,2331.987,1156.035,28.0,-1.995,-1326.587,259.396,-289.249,1.983,32.064,975.07,791.041,-0.008,-32.107,-49.521,-20.556,-51.523,7.0,-32.937,269.0,83.0,92.557,-40.827,0.647,7.453,1.946,63.88,174.856,0.61,7.353,286.748,7.541,331.811,0.588,g0_20_0001,single-objective/run2/g0/g0_20.pdb.sc
555.0,817.6554194688797,1.4732530080520354,3.2051174640655518,0.0,1.4732530080520354,154.0,93.65516674518585,0.6081504334102977,2.4274275302886963,3.1839265211836083,3.7920769545939064,46.0,13.541444301605225,0.29437922394793964,1.28828763961792,4.203298019326252,4.497677243274191,107.19661104679108,200.0,38,39,286,270,556,run2_g0_g0_21,single-objective/run2/g0/g0_21.pdb,28.766,-0.208,92.505,3.833,152.837,6.334,1244.485,2413.102,1168.616,31.0,-1.995,-1317.304,249.386,-285.466,1.948,31.638,472.651,763.405,-0.029,-32.107,-49.521,-18.6,-51.523,7.0,-31.78,269.0,83.0,92.615,-40.831,0.705,2.008,1.946,63.923,179.784,0.684,1.868,72.866,2.132,93.815,0.597,g0_21_0001,single-objective/run2/g0/g0_21.pdb.sc
566.0,832.8460595607758,1.4714594691886498,3.2051174640655518,0.0,1.4714594691886498,160.0,96.46304142475128,0.6028940089046955,2.410245656967163,3.1277589179575442,3.73065292686224,48.0,14.885671138763428,0.3101181487242381,1.28828763961792,4.106000815828641,4.416118964552879,111.34871256351471,208.0,38,39,297,270,567,run2_g0_g0_22,single-objective/run2/g0/g0_22.pdb,1503.885,3.477,885.61,36.563,928.047,38.315,1260.751,2422.13,1161.38,39.0,-1.995,-1345.99,260.112,-284.76,1.973,33.049,1716.597,790.87,-0.004,-32.107,-49.064,-20.227,-51.523,4.0,-34.127,269.0,85.0,91.987,-40.33,0.737,13.667,231.137,67.251,170.444,0.619,11.461,469.895,15.722,691.784,0.588,g0_22_0001,single-objective/run2/g0/g0_22.pdb.sc
557.0,821.0352749824524,1.4740310143311532,3.2051174640655518,0.0,1.4740310143311532,155.0,90.74535799026489,0.585453922517838,2.410245656967163,3.212822557264759,3.7982764797825967,45.0,13.487272024154663,0.29971715609232585,1.28828763961792,4.199504110548231,4.499221266640557,104.23263001441956,200.0,38,39,288,270,558,run2_g0_g0_23,single-objective/run2/g0/g0_23.pdb,-72.01,-0.339,138.689,5.668,169.442,6.925,1246.222,2446.878,1200.656,31.0,-1.995,-1316.128,257.332,-291.85,1.979,31.99,372.117,774.838,-0.02,-32.107,-49.521,-18.927,-51.523,6.0,-32.684,269.0,83.0,92.167,-45.493,0.643,1.538,1.946,59.144,176.109,0.644,2.265,88.317,0.894,39.356,0.597,g0_23_0001,single-objective/run2/g0/g0_23.pdb.sc
561.0,827.0813412666321,1.4742982910278646,3.2051174640655518,0.0,1.4742982910278646,157.0,93.57842934131622,0.5960409512185747,2.4274275302886963,3.16634419845168,3.7623851496702545,45.0,14.103551387786865,0.3134122530619303,1.28828763961792,4.128379509184096,4.441791762246026,107.68198072910309,202.0,38,39,292,270,562,run2_g0_g0_24,single-objective/run2/g0/g0_24.pdb,-95.713,-0.442,107.71,4.494,140.175,5.849,1221.085,2396.591,1175.507,33.0,-1.995,-1329.979,257.703,-294.689,1.959,32.294,360.233,776.223,-0.029,-32.107,-49.521,-20.227,-51.523,6.0,-32.639,269.0,83.0,92.414,-45.495,0.717,1.255,1.946,61.673,177.424,0.658,1.875,73.11,0.706,31.064,0.597,g0_24_0001,single-objective/run2/g0/g0_24.pdb.sc
561.0,828.133211016655,1.4761732816696167,3.2051174640655518,0.0,1.4761732816696167,157.0,92.74683725833893,0.5907441863588466,2.410245656967163,3.1838167343929316,3.774560920751778,49.0,15.130182027816772,0.3087792250574852,1.28828763961792,4.185905573319416,4.494684798376901,107.8770192861557,206.0,38,39,292,270,562,run2_g1_g1_0,single-objective/run2/g1/g1_0.pdb,-78.991,-0.691,53.109,2.176,84.888,3.477,1226.251,2441.077,1214.826,31.0,-1.995,-1329.862,257.58,-285.717,1.969,32.367,372.657,782.256,-0.032,-32.107,-49.521,-20.227,-51.523,5.0,-32.788,269.0,83.0,92.368,-47.916,0.725,0.449,1.946,57.021,173.906,0.683,1.201,46.852,-0.218,-9.61,0.597,g0_09_0001,single-objective/run2/g1/g1_0.pdb.sc
561.0,826.7778928279877,1.4737573847201206,3.2051174640655518,0.0,1.4737573847201206,158.0,93.6789585351944,0.5929048008556608,2.410245656967163,3.1781676894501794,3.77107249030584,45.0,14.157074451446533,0.3146016544765896,1.28828763961792,4.127041069666545,4.441642724143135,107.83603298664093,203.0,38,39,292,270,562,run2_g1_g1_1,single-objective/run2/g1/g1_1.pdb,-155.933,-0.645,59.433,2.469,95.889,3.984,1215.991,2407.156,1191.165,32.0,-1.995,-1327.618,257.231,-291.816,1.96,32.207,301.032,777.39,-0.046,-32.107,-49.521,-20.556,-51.523,7.0,-33.429,269.0,83.0,92.414,-45.788,0.73,0.602,1.946,58.96,174.685,0.677,1.327,51.765,-0.041,-1.821,0.597,g0_00_0001,single-objective/run2/g1/g1_1.pdb.sc
561.0,827.0813412666321,1.4742982910278646,3.2051174640655518,0.0,1.4742982910278646,157.0,93.57842934131622,0.5960409512185747,2.4274275302886963,3.16634419845168,3.7623851496702545,45.0,14.103551387786865,0.3134122530619303,1.28828763961792,4.128379509184096,4.441791762246026,107.68198072910309,202.0,38,39,292,270,562,run2_g1_g1_10,single-objective/run2/g1/g1_10.pdb,-95.713,-0.442,107.71,4.494,140.175,5.849,1221.085,2396.591,1175.507,33.0,-1.995,-1329.979,257.703,-294.689,1.959,32.294,360.233,776.223,-0.029,-32.107,-49.521,-20.227,-51.523,6.0,-32.639,269.0,83.0,92.414,-45.495,0.717,1.255,1.946,61.673,177.424,0.658,1.875,73.11,0.706,31.064,0.597,g0_24_0001,single-objective/run2/g1/g1_10.pdb.sc
557.0,821.0181317329407,1.4740002365043818,3.2051174640655518,0.0,1.4740002365043818,153.0,91.81133472919464,0.6000740831973506,2.410245656967163,3.192658051166659,3.7927321343640097,46.0,14.175024032592773,0.30815269636071246,1.28828763961792,4.161780010098997,4.4699327064597085,105.98635876178741,199.0,38,39,288,270,558,run2_g1_g1_11,single-objective/run2/g1/g1_11.pdb,-148.88,-0.613,64.402,2.686,100.103,4.175,1200.73,2397.634,1196.904,35.0,-1.995,-1322.658,254.608,-286.72,1.933,32.271,301.919,772.228,-0.044,-32.107,-49.521,-17.531,-51.523,7.0,-35.186,269.0,83.0,92.414,-44.58,0.715,0.674,1.946,59.789,175.248,0.665,1.385,54.005,0.044,1.918,0.585,g0_15_0001,single-objective/run2/g1/g1_11.pdb.sc
558.0,822.2957273721695,1.4736482569393718,3.2051174640655518,0.0,1.4736482569393718,154.0,92.49114286899567,0.6005918368116602,2.410245656967163,3.1794095139998895,3.7800013508115495,47.0,14.334539890289307,0.3049902104316874,1.28828763961792,4.209731867972841,4.514722078404528,106.82568275928497,201.0,38,39,289,270,559,run2_g1_g1_12,single-objective/run2/g1/g1_12.pdb,20.639,0.011,210.638,8.636,263.672,10.811,1262.23,2438.996,1176.766,38.0,-1.995,-1324.695,257.83,-289.511,2.167,32.331,471.657,772.285,-0.017,-32.107,-49.521,-18.927,-51.523,7.0,-33.636,269.0,83.0,92.614,-44.211,0.69,2.706,1.946,60.225,175.127,0.653,3.273,127.631,2.203,96.934,0.585,g0_01_0001,single-objective/run2/g1/g1_12.pdb.sc
551.0,812.7490768432617,1.4750436966302392,3.2051174640655518,0.0,1.4750436966302392,158.0,93.5039587020874,0.5917972069752367,2.410245656967163,3.188998246494728,3.7807954534699646,43.0,13.441237211227417,0.3125869118890097,1.28828763961792,4.232342525970104,4.544929437859114,106.94519591331482,201.0,38,39,282,270,552,run2_g1_g1_13,single-objective/run2/g1/g1_13.pdb,-154.059,-0.618,61.157,2.594,94.389,4.003,1186.691,2357.753,1171.062,32.0,-1.995,-1313.135,255.735,-293.708,1.91,32.497,287.424,779.345,-0.032,-32.107,-49.521,-20.556,-51.523,6.0,-33.246,269.0,83.0,92.363,-45.333,0.712,0.671,1.946,60.1,175.156,0.663,1.345,52.436,0.073,3.228,0.588,g0_08_0001,single-objective/run2/g1/g1_13.pdb.sc
559.0,824.2794687747955,1.4745607670389902,3.2207815647125244,0.0,1.4745607670389902,156.0,92.10141599178314,0.5903936922550201,2.410245656967163,3.1898284944204183,3.7802221866754384,47.0,14.067468404769897,0.29930783839935954,1.28828763961792,4.188463677751257,4.487771516150617,106.16888439655304,203.0,38,39,290,270,560,run2_g1_g1_14,single-objective/run2/g1/g1_14.pdb,242.313,0.169,175.662,7.309,233.521,9.716,1228.838,2403.372,1174.535,31.0,-1.995,-1329.705,256.513,-279.197,1.959,31.827,679.214,769.72,-0.014,-30.764,-49.521,-18.598,-51.523,6.0,-34.068,269.0,84.0,92.726,-40.76,0.698,3.131,1.946,65.754,178.202,0.652,2.811,112.421,3.423,150.609,0.585,temp_g1_10_0001,single-objective/run2/g1/g1_14.pdb.sc
561.0,827.738275885582,1.4754692974787558,3.2051174640655518,0.0,1.4754692974787558,156.0,96.76811587810516,0.6203084351160587,2.410245656967163,3.1659757685966983,3.7862842037127566,46.0,13.908847332000732,0.302366246347842,1.28828763961792,4.153970951619356,4.456337197967198,110.6769632101059,202.0,38,39,292,270,562,run2_g1_g1_15,single-objective/run2/g1/g1_15.pdb,697.137,1.718,406.788,16.828,438.386,18.135,1277.692,2417.285,1139.594,33.0,-1.995,-1339.934,259.755,-291.846,1.951,32.709,1157.296,773.432,-0.007,-32.107,-49.521,-20.227,-51.523,4.0,-34.153,269.0,86.0,92.352,-43.581,0.726,6.526,1.946,62.97,179.028,0.658,5.402,226.864,7.599,334.356,0.585,temp_g1_03_0001,single-objective/run2/g1/g1_15.pdb.sc
556.0,819.4978939294815,1.4739170754127364,3.370624303817749,0.0,1.4739170754127364,156.0,92.97678029537201,0.5960050018934103,2.4274275302886963,3.1723571916421256,3.768362193535536,43.0,13.353953838348389,0.31055706600810207,1.28828763961792,4.18503112571184,4.495588191719943,106.3307341337204,199.0,38,39,287,270,557,run2_g1_g1_16,single-objective/run2/g1/g1_16.pdb,217.12,-0.05,167.822,7.153,238.516,10.167,1204.882,2346.035,1141.152,33.0,-1.995,-1320.77,254.959,-293.32,1.963,32.112,667.402,774.662,-0.016,-32.107,-49.521,-17.189,-51.523,6.0,-32.97,269.0,84.0,92.686,-45.855,0.733,2.427,1.946,58.901,177.152,0.659,2.637,105.497,2.235,98.353,0.588,temp_g1_16_0001,single-objective/run2/g1/g1_16.pdb.sc
553.0,815.7777084112167,1.4751857294958712,3.370624303817749,0.0,1.4751857294958712,155.0,90.99369192123413,0.587056076911188,2.410245656967163,3.165177522167083,3.7522335990782705,44.0,13.945293426513672,0.3169384869662198,1.28828763961792,4.119594021276995,4.436532508243214,104.9389853477478,199.0,38,39,284,270,554,run2_g1_g1_17,single-objective/run2/g1/g1_17.pdb,367.847,0.412,338.424,14.496,377.164,16.156,1145.448,2334.566,1189.118,30.0,-1.995,-1316.497,252.559,-280.389,1.925,31.269,803.923,781.313,-0.008,-32.107,-49.521,-16.861,-51.523,4.0,-35.259,269.0,85.0,91.987,-45.035,0.674,3.975,1.946,60.052,171.472,0.654,4.867,199.558,3.144,138.32,0.588,temp_g1_07_0001,single-objective/run2/g1/g1_17.pdb.sc
558.0,821.6930338144302,1.4725681609577603,3.2051174640655518,0.0,1.4725681609577603,159.0,94.55660367012024,0.5946956205667939,2.240664482116699,3.126833582824131,3.7215292033909253,48.0,15.180664300918579,0.3162638396024704,1.28828763961792,4.1647966504096985,4.481060490012169,109.73726797103882,207.0,38,39,289,270,559,run2_g1_g1_18,single-objective/run2/g1/g1_18.pdb,651.424,1.438,242.204,10.024,385.548,15.957,1270.188,2416.122,1145.934,36.0,-1.995,-1336.137,258.401,-277.29,1.941,32.273,926.232,778.306,-0.012,-29.704,-49.521,-16.971,-50.988,8.0,-31.992,269.0,84.0,93.091,-41.501,0.696,6.271,156.168,69.801,170.714,0.689,3.555,142.182,8.741,384.599,0.597,temp_g1_04_0001,single-objective/run2/g1/g1_18.pdb.sc
554.0,817.4756435155869,1.4755878041797597,3.370624303817749,0.0,1.4755878041797597,152.0,92.02194154262543,0.6054075101488515,2.410245656967163,3.157187884575442,3.762595394724294,45.0,14.16929292678833,0.31487317615085175,1.28828763961792,4.126122204462687,4.440995380613539,106.19123446941376,197.0,38,39,285,270,555,run2_g1_g1_19,single-objective/run2/g1/g1_19.pdb,46.086,-0.309,140.519,5.925,174.358,7.352,1224.106,2371.516,1147.41,26.0,-1.995,-1321.781,250.6,-287.006,1.942,30.99,507.564,764.853,-0.022,-32.107,-49.521,-16.861,-51.523,6.0,-33.78,269.0,84.0,92.829,-46.29,0.667,1.656,1.946,57.95,177.681,0.666,2.303,92.118,1.068,46.989,0.597,g0_14_0001,single-objective/run2/g1/g1_19.pdb.sc
560.0,826.3236086368561,1.4755778725658144,3.2051174640655518,0.0,1.4755778725658144,159.0,96.06696307659149,0.6041947363307641,2.410245656967163,3.18368520901638,3.7878799453471443,45.0,13.744563341140747,0.30543474091423883,1.28828763961792,4.157301796807183,4.462736537721422,109.81152641773224,204.0,38,39,291,270,561,run2_g1_g1_2,single-objective/run2/g1/g1_2.pdb,168.475,0.561,106.063,4.41,134.402,5.589,1233.819,2404.849,1171.031,36.0,-1.995,-1334.246,260.423,-291.674,1.948,32.748,621.774,781.18,-0.033,-32.107,-49.521,-20.556,-51.523,7.0,-33.934,269.0,83.0,92.363,-45.202,0.719,2.968,1.946,59.906,176.361,0.67,1.919,74.839,3.899,171.545,0.585,g0_03_0001,single-objective/run2/g1/g1_2.pdb.sc
548.0,808.7688281536102,1.475855525827756,3.370624303817749,0.0,1.475855525827756,151.0,89.98327457904816,0.5959157256890606,2.410245656967163,3.1877270194868377,3.7836427451758983,46.0,13.533057928085327,0.2941969114801158,1.28828763961792,4.213221907615662,4.507418819095777,103.51633250713348,197.0,38,39,279,270,549,run2_g1_g1_20,single-objective/run2/g1/g1_20.pdb,1.019,-0.051,199.852,8.409,236.249,9.94,1262.506,2376.656,1114.149,29.0,-1.995,-1305.772,249.583,-287.76,1.967,30.87,445.51,760.178,-0.012,-32.107,-49.521,-16.533,-51.523,5.0,-33.606,269.0,83.0,92.363,-44.403,0.743,2.525,1.946,62.877,178.357,0.657,3.07,119.714,2.043,89.885,0.588,temp_g1_05_0001,single-objective/run2/g1/g1_20.pdb.sc
556.0,819.4424324035645,1.4738173244668424,3.370624303817749,0.0,1.4738173244668424,152.0,93.05271077156067,0.6121888866550044,2.4274275302886963,3.1809855103492737,3.793174397004278,49.0,13.692893981933594,0.27944681595782844,1.28828763961792,4.248155044049633,4.5276018600074615,106.74560475349426,201.0,38,39,287,270,557,run2_g1_g1_21,single-objective/run2/g1/g1_21.pdb,151.671,0.174,109.035,4.533,233.908,9.724,1263.313,2405.498,1142.185,35.0,-1.995,-1316.526,249.454,-277.853,1.957,31.884,582.125,762.513,-0.016,-29.622,-49.521,-15.233,-51.523,6.0,-30.829,269.0,83.0,92.615,-40.486,0.693,3.219,1.946,63.778,178.39,0.675,2.08,81.128,4.229,186.072,0.597,temp_g1_21_0001,single-objective/run2/g1/g1_21.pdb.sc
554.0,816.9311624765396,1.4746049864197466,3.2051174640655518,0.0,1.4746049864197466,156.0,93.3303153514862,0.5982712522531167,2.4274275302886963,3.186658393114041,3.784929645367158,45.0,14.24226427078247,0.3164947615729438,1.28828763961792,4.160970973968506,4.4774657355414496,107.57257962226868,201.0,38,39,285,270,555,run2_g1_g1_22,single-objective/run2/g1/g1_22.pdb,-106.016,-0.456,102.408,4.205,140.033,5.751,1231.672,2435.111,1203.439,34.0,-1.995,-1318.774,254.345,-289.063,1.943,32.406,342.546,773.398,-0.032,-32.107,-49.521,-20.556,-51.523,7.0,-32.697,269.0,83.0,92.414,-44.415,0.724,1.185,1.946,59.614,175.427,0.683,1.878,73.248,0.571,25.128,0.596,g0_13_0001,single-objective/run2/g1/g1_22.pdb.sc
556.0,820.3157052993774,1.4753879591715422,3.2051174640655518,0.0,1.4753879591715422,158.0,93.80075764656067,0.593675681307346,2.0924081802368164,3.1480663441404513,3.741742025447797,50.0,15.283419847488403,0.30566839694976805,1.28828763961792,4.1738509178161625,4.4795193147659305,109.08417749404907,208.0,38,39,287,270,557,run2_g1_g1_23,single-objective/run2/g1/g1_23.pdb,135.925,0.428,109.218,4.53,148.07,6.141,1278.058,2411.013,1132.955,33.0,-1.995,-1328.537,255.768,-284.115,1.935,31.424,423.998,769.582,-0.03,-32.189,-49.521,-18.6,-50.988,8.0,-32.625,269.0,83.0,92.675,-41.634,0.692,3.105,156.168,70.161,173.822,0.703,1.968,76.757,4.112,180.925,0.597,g0_04_0001,single-objective/run2/g1/g1_23.pdb.sc
561.0,826.7778928279877,1.4737573847201206,3.2051174640655518,0.0,1.4737573847201206,158.0,93.6789585351944,0.5929048008556608,2.410245656967163,3.1781676894501794,3.77107249030584,45.0,14.157074451446533,0.3146016544765896,1.28828763961792,4.127041069666545,4.441642724143135,107.83603298664093,203.0,38,39,292,270,562,run2_g1_g1_24,single-objective/run2/g1/g1_24.pdb,-155.933,-0.645,59.433,2.469,95.889,3.984,1215.991,2407.156,1191.165,32.0,-1.995,-1327.618,257.231,-291.816,1.96,32.207,301.032,777.39,-0.046,-32.107,-49.521,-20.556,-51.523,7.0,-33.429,269.0,83.0,92.414,-45.788,0.73,0.602,1.946,58.96,174.685,0.677,1.327,51.765,-0.041,-1.821,0.597,g0_00_0001,single-objective/run2/g1/g1_24.pdb.sc
557.0,821.0352749824524,1.4740310143311532,3.2051174640655518,0.0,1.4740310143311532,155.0,90.74535799026489,0.585453922517838,2.410245656967163,3.212822557264759,3.7982764797825967,45.0,13.487272024154663,0.29971715609232585,1.28828763961792,4.199504110548231,4.499221266640557,104.23263001441956,200.0,38,39,288,270,558,run2_g1_g1_3,single-objective/run2/g1/g1_3.pdb,-72.01,-0.339,138.689,5.668,169.442,6.925,1246.222,2446.878,1200.656,31.0,-1.995,-1316.128,257.332,-291.85,1.979,31.99,372.117,774.838,-0.02,-32.107,-49.521,-18.927,-51.523,6.0,-32.684,269.0,83.0,92.167,-45.493,0.643,1.538,1.946,59.144,176.109,0.644,2.265,88.317,0.894,39.356,0.597,g0_23_0001,single-objective/run2/g1/g1_3.pdb.sc
561.0,826.2912364006042,1.472889904457405,3.2051174640655518,0.0,1.472889904457405,158.0,94.45308649539948,0.5978043449075916,2.410245656967163,3.166648364519771,3.7644527094273625,43.0,13.730273246765137,0.3193086801573288,1.28828763961792,4.176279511562614,4.495588191719943,108.18335974216461,201.0,38,39,292,270,562,run2_g1_g1_4,single-objective/run2/g1/g1_4.pdb,224.025,-0.024,178.174,7.536,248.723,10.52,1180.36,2364.206,1183.846,33.0,-1.995,-1329.263,260.279,-291.31,1.967,32.709,674.67,780.855,-0.012,-32.107,-49.521,-18.927,-51.523,6.0,-34.067,269.0,84.0,92.583,-45.932,0.697,2.518,1.946,58.868,174.205,0.653,2.747,109.877,2.309,101.603,0.588,g0_16_0001,single-objective/run2/g1/g1_4.pdb.sc
547.0,808.0384984016418,1.4772184614289614,3.2207815647125244,0.0,1.4772184614289614,156.0,94.52660489082336,0.6059397749411755,2.4274275302886963,3.2116183241208396,3.817558099062015,45.0,14.526643753051758,0.3228143056233724,1.28828763961792,4.185359202490913,4.508173508114285,109.05324864387512,201.0,38,39,278,270,548,run2_g1_g1_5,single-objective/run2/g1/g1_5.pdb,-94.892,-0.415,102.036,4.19,135.45,5.563,1251.915,2434.993,1183.078,33.0,-1.995,-1305.466,249.205,-277.472,1.937,31.767,338.739,754.044,-0.027,-29.622,-49.521,-20.556,-51.523,7.0,-32.234,269.0,83.0,92.391,-41.512,0.651,1.312,1.946,63.311,181.073,0.66,1.875,73.116,0.814,35.8,0.596,temp_g1_13_0001,single-objective/run2/g1/g1_5.pdb.sc
555.0,818.6461086273193,1.4750380335627375,3.2051174640655518,0.0,1.4750380335627375,154.0,92.45553827285767,0.6003606381354394,2.4274275302886963,3.195983052253723,3.7963436903891625,46.0,14.139273881912231,0.307375519172005,1.28828763961792,4.20576562570489,4.5131411448768946,106.5948121547699,200.0,38,39,286,270,556,run2_g1_g1_6,single-objective/run2/g1/g1_6.pdb,2.583,-0.052,206.465,8.537,247.434,10.231,1238.004,2418.387,1180.384,36.0,-1.995,-1316.165,252.159,-288.816,1.99,31.621,458.235,761.326,-0.017,-32.107,-49.521,-19.16,-51.523,6.0,-33.172,269.0,83.0,92.414,-44.359,0.705,2.524,1.946,60.049,179.066,0.675,3.136,122.303,1.982,87.194,0.597,g0_02_0001,single-objective/run2/g1/g1_6.pdb.sc
559.0,825.2420511245728,1.4762827390421696,3.2207815647125244,0.0,1.4762827390421696,156.0,93.59269893169403,0.59995319828009,2.410245656967163,3.181207148692547,3.7811603469726367,48.0,14.67418098449707,0.30571210384368896,1.28828763961792,4.158653810620308,4.464365914463997,108.2668799161911,204.0,38,39,290,270,560,run2_g1_g1_7,single-objective/run2/g1/g1_7.pdb,47.721,-0.299,132.949,5.506,169.765,7.03,1245.028,2414.7,1169.672,30.0,-1.995,-1324.818,254.243,-281.725,1.956,31.626,503.126,761.184,-0.024,-30.764,-49.521,-20.227,-51.523,6.0,-33.579,269.0,84.0,92.829,-45.255,0.686,1.686,1.946,60.943,178.682,0.673,2.205,88.214,1.214,53.4,0.597,g0_10_0001,single-objective/run2/g1/g1_7.pdb.sc
554.0,816.8452031612396,1.4744498252007936,3.2051174640655518,0.0,1.4744498252007936,153.0,90.20301473140717,0.5895621877869749,2.410245656967163,3.186392361042546,3.7759545488295214,44.0,13.634103298187256,0.3098659840497104,1.28828763961792,4.115054450251839,4.42492043430155,103.83711802959442,197.0,38,39,285,270,555,run2_g1_g1_8,single-objective/run2/g1/g1_8.pdb,-164.732,-0.671,49.951,2.143,84.981,3.645,1199.196,2331.226,1132.03,30.0,-1.995,-1314.441,248.378,-285.137,1.939,31.735,289.944,758.447,-0.052,-32.107,-49.521,-18.6,-51.523,7.0,-32.503,269.0,83.0,93.21,-45.092,0.707,0.522,1.946,60.377,179.616,0.669,1.222,47.648,-0.099,-4.351,0.597,temp_g1_00_0001,single-objective/run2/g1/g1_8.pdb.sc
554.0,819.8168061971664,1.4798137295977734,3.2207815647125244,0.0,1.4798137295977734,153.0,91.65350890159607,0.5990425418404972,2.410245656967163,3.203984939974118,3.803027481814615,47.0,15.12355899810791,0.32177785102357254,1.28828763961792,4.202147803408034,4.523925654431607,106.77706789970398,200.0,38,39,285,270,555,run2_g1_g1_9,single-objective/run2/g1/g1_9.pdb,-92.136,-0.67,48.396,1.971,81.215,3.308,1267.396,2455.4,1188.003,39.0,-1.995,-1312.779,253.31,-272.77,1.954,31.338,351.579,756.306,-0.043,-29.622,-49.521,-18.271,-51.523,5.0,-33.958,269.0,83.0,92.326,-46.507,0.69,0.525,1.946,58.596,176.866,0.663,1.169,45.579,-0.045,-1.985,0.588,temp_g1_09_0001,single-objective/run2/g1/g1_9.pdb.sc
549.0,811.6414974927902,1.4783998132837708,3.370624303817749,0.0,1.4783998132837708,154.0,91.5948498249054,0.5947717521097753,2.4274275302886963,3.1901711860260407,3.7849429381358157,47.0,15.08815598487854,0.32102459542294765,1.28828763961792,4.163583562729206,4.484608158152154,106.68300580978394,201.0,38,39,280,270,550,run2_g10_g10_0,single-objective/run2/g10/g10_0.pdb,55.744,-0.329,126.087,5.48,22.587,0.982,1181.539,2301.022,1119.483,37.0,-1.995,-1305.663,250.78,-273.293,1.917,30.958,492.625,756.399,-0.169,-30.764,-49.521,-16.861,-51.523,6.0,-33.246,269.0,83.0,92.414,-44.732,0.712,1.638,1.946,58.748,176.97,0.688,2.215,86.398,1.127,49.593,0.588,temp_g9_04_0001,single-objective/run2/g10/g10_0.pdb.sc
546.0,806.3584336042404,1.4768469479931143,3.370624303817749,0.0,1.4768469479931143,151.0,90.62865126132965,0.6001897434525142,2.4274275302886963,3.1950740948418117,3.7952638382943262,46.0,14.314960956573486,0.3111948034037714,1.28828763961792,4.226157836292101,4.5373526396958725,104.94361221790314,197.0,38,39,277,270,547,run2_g10_g10_1,single-objective/run2/g10/g10_1.pdb,65.268,-0.296,129.156,5.635,26.274,1.146,1167.268,2292.152,1124.884,37.0,-1.995,-1302.463,250.784,-273.909,1.902,30.918,491.153,764.18,-0.146,-30.764,-49.521,-16.861,-51.523,6.0,-33.028,269.0,83.0,92.414,-43.78,0.673,1.719,1.946,59.939,175.289,0.67,2.237,87.252,1.259,55.399,0.588,temp_g5_16_0001,single-objective/run2/g10/g10_1.pdb.sc
546.0,806.3584336042404,1.4768469479931143,3.370624303817749,0.0,1.4768469479931143,151.0,90.62865126132965,0.6001897434525142,2.4274275302886963,3.1950740948418117,3.7952638382943262,46.0,14.314960956573486,0.3111948034037714,1.28828763961792,4.226157836292101,4.5373526396958725,104.94361221790314,197.0,38,39,277,270,547,run2_g10_g10_10,single-objective/run2/g10/g10_10.pdb,65.268,-0.296,129.156,5.635,26.274,1.146,1167.268,2292.152,1124.884,37.0,-1.995,-1302.463,250.784,-273.909,1.902,30.918,491.153,764.18,-0.146,-30.764,-49.521,-16.861,-51.523,6.0,-33.028,269.0,83.0,92.414,-43.78,0.673,1.719,1.946,59.939,175.289,0.67,2.237,87.252,1.259,55.399,0.588,temp_g5_16_0001,single-objective/run2/g10/g10_10.pdb.sc
546.0,806.3584336042404,1.4768469479931143,3.370624303817749,0.0,1.4768469479931143,151.0,90.62865126132965,0.6001897434525142,2.4274275302886963,3.1950740948418117,3.7952638382943262,46.0,14.314960956573486,0.3111948034037714,1.28828763961792,4.226157836292101,4.5373526396958725,104.94361221790314,197.0,38,39,277,270,547,run2_g10_g10_11,single-objective/run2/g10/g10_11.pdb,65.268,-0.296,129.156,5.635,26.274,1.146,1167.268,2292.152,1124.884,37.0,-1.995,-1302.463,250.784,-273.909,1.902,30.918,491.153,764.18,-0.146,-30.764,-49.521,-16.861,-51.523,6.0,-33.028,269.0,83.0,92.414,-43.78,0.673,1.719,1.946,59.939,175.289,0.67,2.237,87.252,1.259,55.399,0.588,temp_g5_16_0001,single-objective/run2/g10/g10_11.pdb.sc
551.0,813.381071805954,1.476190692932766,3.370624303817749,0.0,1.476190692932766,153.0,91.63865280151367,0.5989454431471481,2.4274275302886963,3.1914626040489846,3.7904080471961326,47.0,14.664548397064209,0.31201166802264274,1.28828763961792,4.187458104275643,4.499469772298285,106.30320119857788,200.0,38,39,282,270,552,run2_g10_g10_12,single-objective/run2/g10/g10_12.pdb,61.922,-0.308,131.351,5.73,26.318,1.148,1167.268,2292.152,1124.884,35.0,-1.995,-1309.919,252.381,-273.7,1.924,31.097,494.587,762.128,-0.117,-30.764,-49.521,-16.861,-51.523,6.0,-33.019,269.0,83.0,92.414,-44.229,0.708,1.709,1.946,59.593,176.797,0.665,2.265,88.345,1.216,53.525,0.588,temp_g8_00_0001,single-objective/run2/g10/g10_12.pdb.sc
549.0,811.6414974927902,1.4783998132837708,3.370624303817749,0.0,1.4783998132837708,154.0,91.5948498249054,0.5947717521097753,2.4274275302886963,3.1901711860260407,3.7849429381358157,47.0,15.08815598487854,0.32102459542294765,1.28828763961792,4.163583562729206,4.484608158152154,106.68300580978394,201.0,38,39,280,270,550,run2_g10_g10_13,single-objective/run2/g10/g10_13.pdb,55.744,-0.329,126.087,5.48,22.587,0.982,1181.539,2301.022,1119.483,37.0,-1.995,-1305.663,250.78,-273.293,1.917,30.958,492.625,756.399,-0.169,-30.764,-49.521,-16.861,-51.523,6.0,-33.246,269.0,83.0,92.414,-44.732,0.712,1.638,1.946,58.748,176.97,0.688,2.215,86.398,1.127,49.593,0.588,temp_g9_04_0001,single-objective/run2/g10/g10_13.pdb.sc
546.0,806.3584336042404,1.4768469479931143,3.370624303817749,0.0,1.4768469479931143,151.0,90.62865126132965,0.6001897434525142,2.4274275302886963,3.1950740948418117,3.7952638382943262,46.0,14.314960956573486,0.3111948034037714,1.28828763961792,4.226157836292101,4.5373526396958725,104.94361221790314,197.0,38,39,277,270,547,run2_g10_g10_14,single-objective/run2/g10/g10_14.pdb,65.268,-0.296,129.156,5.635,26.274,1.146,1167.268,2292.152,1124.884,37.0,-1.995,-1302.463,250.784,-273.909,1.902,30.918,491.153,764.18,-0.146,-30.764,-49.521,-16.861,-51.523,6.0,-33.028,269.0,83.0,92.414,-43.78,0.673,1.719,1.946,59.939,175.289,0.67,2.237,87.252,1.259,55.399,0.588,temp_g5_16_0001,single-objective/run2/g10/g10_14.pdb.sc
542.0,800.9080094099045,1.4776900542618163,3.370624303817749,0.0,1.4776900542618163,150.0,89.6857875585556,0.5979052503903707,2.4274275302886963,3.2163924400011696,3.8142976903915407,44.0,13.63346815109253,0.30985154888846655,1.28828763961792,4.199882220138203,4.50973376902667,103.31925570964813,194.0,38,39,273,270,543,run2_g10_g10_15,single-objective/run2/g10/g10_15.pdb,57.964,-0.311,126.036,5.525,25.012,1.096,1191.171,2281.28,1090.109,36.0,-1.995,-1295.259,244.333,-273.501,1.897,30.748,488.744,752.958,-0.153,-30.764,-49.521,-16.861,-51.523,6.0,-31.737,269.0,83.0,92.414,-43.761,0.684,1.668,1.946,59.921,179.338,0.663,2.214,86.349,1.183,52.054,0.588,temp_g10_22_0001,single-objective/run2/g10/g10_15.pdb.sc
548.0,811.7871599197388,1.4813634305104721,3.2207815647125244,0.0,1.4813634305104721,151.0,90.48970854282379,0.5992695929988331,2.410245656967163,3.210017977171386,3.8092875701702194,46.0,14.870222806930542,0.3232657131941422,1.28828763961792,4.238952108051466,4.562217821245608,105.35993134975433,197.0,38,39,279,270,549,run2_g10_g10_16,single-objective/run2/g10/g10_16.pdb,-84.338,-0.636,48.643,1.974,81.379,3.302,1297.373,2464.252,1166.879,34.0,-1.995,-1308.117,249.303,-272.866,1.938,31.223,354.169,756.314,-0.043,-29.622,-49.521,-18.271,-51.523,5.0,-33.462,269.0,83.0,92.326,-45.53,0.644,0.59,1.946,59.223,179.539,0.667,1.202,46.887,0.048,2.099,0.588,temp_g5_00_0001,single-objective/run2/g10/g10_16.pdb.sc
544.0,805.277170419693,1.480288916212671,3.2207815647125244,0.0,1.480288916212671,145.0,86.1123937368393,0.5938785774954434,2.410245656967163,3.265583058883404,3.8594616363788474,47.0,13.700895071029663,0.2915084057665886,0.8472099304199219,4.368644080263503,4.660152486030092,99.81328880786896,192.0,38,39,275,270,545,run2_g10_g10_17,single-objective/run2/g10/g10_17.pdb,-92.937,-0.676,41.106,1.681,74.505,3.047,1223.457,2445.1,1221.643,35.0,-1.995,-1282.742,253.979,-272.949,1.916,31.536,325.46,753.995,-0.055,-29.622,-49.521,-17.64,-51.523,6.0,-32.972,269.0,83.0,92.326,-46.373,0.666,0.451,1.946,58.67,171.994,0.631,0.989,38.583,-0.027,-1.178,0.577,temp_g8_20_0001,single-objective/run2/g10/g10_17.pdb.sc
543.0,803.0780290365219,1.4789650626823607,3.370624303817749,0.0,1.4789650626823607,151.0,91.17469763755798,0.6038059446195893,2.4274275302886963,3.178105736410381,3.78191168102997,44.0,13.877096176147461,0.31538854945789685,1.28828763961792,4.209207187999379,4.524595737457275,105.05179381370544,195.0,38,39,274,270,544,run2_g10_g10_18,single-objective/run2/g10/g10_18.pdb,261.495,0.436,102.317,4.486,-2.889,-0.127,1219.243,2281.003,1061.76,35.0,-1.995,-1300.665,245.689,-274.777,1.895,29.978,541.202,751.14,1.324,-30.764,-49.521,-16.861,-50.988,6.0,-33.025,269.0,83.0,92.673,-41.804,0.715,3.147,156.168,66.6,175.965,0.681,1.911,74.51,4.244,186.719,0.588,temp_g10_05_0001,single-objective/run2/g10/g10_18.pdb.sc
544.0,803.9405646324158,1.477831920280176,3.2207815647125244,0.0,1.477831920280176,146.0,88.97164368629456,0.6093948197691408,2.4274275302886963,3.250251691635341,3.8596465114044816,46.0,13.37107539176941,0.2906755519949872,1.28828763961792,4.256106827570044,4.546782379565031,102.34271907806396,192.0,38,39,275,270,545,run2_g10_g10_19,single-objective/run2/g10/g10_19.pdb,55.069,0.153,43.908,1.87,82.158,3.498,1262.806,2348.653,1085.847,33.0,-1.995,-1292.438,251.411,-276.025,1.948,30.917,495.758,738.245,-0.05,-31.491,-49.507,-16.642,-51.523,6.0,-32.693,269.0,83.0,92.276,-45.164,0.708,2.3,1.946,59.11,180.36,0.645,1.116,43.534,3.349,147.335,0.577,temp_g9_20_0001,single-objective/run2/g10/g10_19.pdb.sc
545.0,804.9515019655228,1.476975232964262,3.370624303817749,0.0,1.476975232964262,151.0,91.51847183704376,0.6060825949473096,2.4274275302886963,3.2108920038930626,3.8169745988403725,47.0,14.448948860168457,0.3074244438333714,1.28828763961792,4.242756554420958,4.55018099825433,105.96742069721222,198.0,38,39,276,270,546,run2_g10_g10_2,single-objective/run2/g10/g10_2.pdb,62.537,-0.296,130.859,5.735,27.468,1.204,1174.516,2281.662,1107.146,34.0,-1.995,-1301.617,247.832,-272.962,1.901,31.069,489.122,761.352,-0.112,-30.764,-49.521,-16.861,-51.523,6.0,-31.754,269.0,83.0,92.414,-43.595,0.688,1.719,1.946,60.232,176.673,0.656,2.258,88.077,1.241,54.615,0.588,temp_g10_02_0001,single-objective/run2/g10/g10_2.pdb.sc
543.0,802.1132496595383,1.4771883050820227,3.370624303817749,0.0,1.4771883050820227,149.0,89.09625577926636,0.5979614481829957,2.4274275302886963,3.200781441374913,3.798742889557909,46.0,13.788460493087769,0.2997491411540819,1.28828763961792,4.285610255987748,4.58535939714183,102.88471627235413,195.0,38,39,274,270,544,run2_g10_g10_20,single-objective/run2/g10/g10_20.pdb,225.903,0.297,277.471,12.064,175.992,7.652,1167.767,2300.077,1132.311,37.0,-1.995,-1296.916,250.024,-275.074,1.941,30.811,647.197,761.905,-0.016,-30.764,-49.521,-16.861,-51.523,5.0,-32.609,269.0,83.0,92.414,-42.573,0.677,3.641,1.946,61.184,175.732,0.662,4.061,158.38,3.268,143.786,0.588,temp_g10_14_0001,single-objective/run2/g10/g10_20.pdb.sc
552.0,814.5450320243835,1.4756250580151875,3.370624303817749,0.0,1.4756250580151875,154.0,91.27343702316284,0.5926846559945639,2.4274275302886963,3.1875432358159648,3.7802278918105285,46.0,14.32286524772644,0.31136663582014,1.28828763961792,4.191885937815127,4.503252573635267,105.59630227088928,200.0,38,39,283,270,553,run2_g10_g10_21,single-objective/run2/g10/g10_21.pdb,230.847,0.071,169.743,7.398,70.147,3.057,1165.825,2294.42,1128.595,34.0,-1.995,-1315.102,252.381,-274.427,1.925,31.097,660.509,760.241,-0.044,-30.764,-49.521,-16.861,-51.523,6.0,-32.584,269.0,83.0,92.557,-39.92,0.703,2.94,1.946,64.979,177.324,0.665,2.874,112.082,2.999,131.942,0.588,temp_g10_17_0001,single-objective/run2/g10/g10_21.pdb.sc
544.0,804.6188592910767,1.479078785461538,3.370624303817749,0.0,1.479078785461538,152.0,90.58484828472137,0.595952949241588,2.4274275302886963,3.1937419246686134,3.7896948739102014,46.0,14.738568544387817,0.3204036640084308,1.28828763961792,4.201764282972916,4.522167946981347,105.32341682910919,198.0,38,39,275,270,545,run2_g10_g10_22,single-objective/run2/g10/g10_22.pdb,59.08,-0.319,126.012,5.476,22.402,0.974,1181.539,2301.022,1119.483,35.0,-1.995,-1298.207,249.183,-273.512,1.895,30.779,489.191,758.451,-0.171,-30.764,-49.521,-16.861,-51.523,6.0,-33.255,269.0,83.0,92.414,-44.283,0.755,1.645,1.946,59.094,175.462,0.687,2.197,85.681,1.157,50.891,0.588,temp_g10_09_0001,single-objective/run2/g10/g10_22.pdb.sc
547.0,807.4218512773514,1.4760911357904047,3.370624303817749,0.0,1.4760911357904047,150.0,89.48636591434479,0.5965757727622986,2.4274275302886963,3.21221285422643,3.8087886269887288,47.0,14.315932273864746,0.3045943036992499,1.28828763961792,4.214072785478957,4.518667089178207,103.80229818820953,197.0,38,39,278,270,548,run2_g10_g10_23,single-objective/run2/g10/g10_23.pdb,70.608,-0.279,129.114,5.633,25.59,1.116,1167.268,2292.152,1124.884,33.0,-1.995,-1300.627,254.026,-271.54,1.904,31.632,490.609,762.906,-0.149,-30.764,-49.521,-16.231,-51.523,6.0,-33.068,269.0,83.0,92.414,-43.344,0.698,1.736,1.946,60.4,172.797,0.67,2.237,87.231,1.293,56.894,0.588,temp_g7_05_0001,single-objective/run2/g10/g10_23.pdb.sc
547.0,808.0893312692642,1.4773113917171192,3.370624303817749,0.0,1.4773113917171192,151.0,90.59318041801453,0.5999548372053942,2.4274275302886963,3.1886063648375456,3.78856120204294,47.0,14.379173755645752,0.305939867141399,1.28828763961792,4.170487535760758,4.476427402902157,104.97235417366028,198.0,38,39,278,270,548,run2_g10_g10_24,single-objective/run2/g10/g10_24.pdb,349.455,0.758,178.321,7.808,73.333,3.211,1190.588,2283.814,1093.226,35.0,-1.995,-1303.282,252.933,-269.733,1.9,31.581,611.191,760.759,-0.052,-30.764,-49.521,-16.231,-50.988,6.0,-32.951,269.0,83.0,92.673,-40.408,0.69,4.157,156.168,67.533,170.002,0.68,2.868,111.836,5.3,233.202,0.588,temp_g9_24_0001,single-objective/run2/g10/g10_24.pdb.sc
549.0,812.7536978721619,1.4804256791842656,3.370624303817749,0.0,1.4804256791842656,149.0,92.87656426429749,0.6233326460691107,2.4274275302886963,3.1981814451665684,3.821514091235679,48.0,15.432172775268555,0.32150359948476154,1.28828763961792,4.229750211040179,4.5512538105249405,108.30873703956604,197.0,38,39,280,270,550,run2_g10_g10_3,single-objective/run2/g10/g10_3.pdb,-94.246,-0.685,42.12,1.733,76.997,3.168,1299.8,2430.363,1130.562,37.0,-1.995,-1303.306,249.669,-271.724,1.941,30.339,349.708,746.696,-0.045,-29.622,-49.521,-16.533,-51.523,5.0,-33.663,269.0,83.0,92.326,-46.586,0.635,0.462,1.946,58.441,178.572,0.658,1.101,42.933,-0.105,-4.615,0.588,temp_g9_05_0001,single-objective/run2/g10/g10_3.pdb.sc
546.0,806.3584336042404,1.4768469479931143,3.370624303817749,0.0,1.4768469479931143,151.0,90.62865126132965,0.6001897434525142,2.4274275302886963,3.1950740948418117,3.7952638382943262,46.0,14.314960956573486,0.3111948034037714,1.28828763961792,4.226157836292101,4.5373526396958725,104.94361221790314,197.0,38,39,277,270,547,run2_g10_g10_4,single-objective/run2/g10/g10_4.pdb,65.268,-0.296,129.156,5.635,26.274,1.146,1167.268,2292.152,1124.884,37.0,-1.995,-1302.463,250.784,-273.909,1.902,30.918,491.153,764.18,-0.146,-30.764,-49.521,-16.861,-51.523,6.0,-33.028,269.0,83.0,92.414,-43.78,0.673,1.719,1.946,59.939,175.289,0.67,2.237,87.252,1.259,55.399,0.588,temp_g5_16_0001,single-objective/run2/g10/g10_4.pdb.sc
546.0,806.3584336042404,1.4768469479931143,3.370624303817749,0.0,1.4768469479931143,151.0,90.62865126132965,0.6001897434525142,2.4274275302886963,3.1950740948418117,3.7952638382943262,46.0,14.314960956573486,0.3111948034037714,1.28828763961792,4.226157836292101,4.5373526396958725,104.94361221790314,197.0,38,39,277,270,547,run2_g10_g10_5,single-objective/run2/g10/g10_5.pdb,65.268,-0.296,129.156,5.635,26.274,1.146,1167.268,2292.152,1124.884,37.0,-1.995,-1302.463,250.784,-273.909,1.902,30.918,491.153,764.18,-0.146,-30.764,-49.521,-16.861,-51.523,6.0,-33.028,269.0,83.0,92.414,-43.78,0.673,1.719,1.946,59.939,175.289,0.67,2.237,87.252,1.259,55.399,0.588,temp_g5_16_0001,single-objective/run2/g10/g10_5.pdb.sc
545.0,804.5052207708359,1.4761563683868548,3.370624303817749,0.0,1.4761563683868548,150.0,88.55325472354889,0.590355031490326,2.4274275302886963,3.227433038552602,3.817788070042928,47.0,13.999842643737793,0.297868992419953,1.28828763961792,4.220798096758254,4.518667089178207,102.55309736728668,197.0,38,39,276,270,546,run2_g10_g10_6,single-objective/run2/g10/g10_6.pdb,65.014,-0.312,123.398,5.408,17.186,0.753,1183.722,2281.952,1098.231,35.0,-1.995,-1297.554,252.403,-271.071,1.903,31.612,484.861,759.171,-0.222,-30.764,-49.521,-16.231,-51.523,6.0,-32.672,269.0,83.0,92.517,-43.141,0.698,1.63,1.946,60.6,173.885,0.672,2.162,84.314,1.159,50.985,0.588,temp_g10_18_0001,single-objective/run2/g10/g10_6.pdb.sc
544.0,803.4418030977249,1.476915079223759,3.370624303817749,0.0,1.476915079223759,151.0,89.69554007053375,0.5940101991426077,2.4274275302886963,3.210193483245294,3.8042036823879015,46.0,13.998871326446533,0.30432328970535943,1.28828763961792,4.233029349990513,4.5373526396958725,103.69441139698029,197.0,38,39,275,270,545,run2_g10_g10_7,single-objective/run2/g10/g10_7.pdb,59.675,-0.328,125.672,5.507,16.363,0.717,1183.722,2281.952,1098.231,35.0,-1.995,-1299.39,249.161,-273.44,1.901,30.899,485.405,760.445,-0.187,-30.764,-49.521,-16.861,-51.523,6.0,-32.632,269.0,83.0,92.517,-43.577,0.652,1.616,1.946,60.14,176.377,0.667,2.191,85.447,1.105,48.64,0.588,temp_g10_00_0001,single-objective/run2/g10/g10_7.pdb.sc
546.0,806.3584336042404,1.4768469479931143,3.370624303817749,0.0,1.4768469479931143,151.0,90.62865126132965,0.6001897434525142,2.4274275302886963,3.1950740948418117,3.7952638382943262,46.0,14.314960956573486,0.3111948034037714,1.28828763961792,4.226157836292101,4.5373526396958725,104.94361221790314,197.0,38,39,277,270,547,run2_g10_g10_8,single-objective/run2/g10/g10_8.pdb,65.268,-0.296,129.156,5.635,26.274,1.146,1167.268,2292.152,1124.884,37.0,-1.995,-1302.463,250.784,-273.909,1.902,30.918,491.153,764.18,-0.146,-30.764,-49.521,-16.861,-51.523,6.0,-33.028,269.0,83.0,92.414,-43.78,0.673,1.719,1.946,59.939,175.289,0.67,2.237,87.252,1.259,55.399,0.588,temp_g5_16_0001,single-objective/run2/g10/g10_8.pdb.sc
544.0,803.001991391182,1.4761066018220257,3.370624303817749,0.0,1.4761066018220257,149.0,89.46140897274017,0.6004121407566455,2.4274275302886963,3.2140672582907963,3.8144793990474417,47.0,14.308147430419922,0.30442866873233876,1.28828763961792,4.223800151906115,4.5282288206384536,103.7695564031601,196.0,38,39,275,270,545,run2_g10_g10_9,single-objective/run2/g10/g10_9.pdb,73.608,-0.252,134.519,5.889,29.061,1.272,1169.181,2284.353,1115.172,31.0,-1.995,-1295.214,250.48,-271.612,1.899,31.749,487.968,760.403,-0.106,-30.764,-49.521,-16.231,-51.523,6.0,-31.547,269.0,83.0,92.433,-42.322,0.723,1.82,1.946,62.409,174.464,0.653,2.293,89.446,1.4,61.585,0.588,temp_g9_19_0001,single-objective/run2/g10/g10_9.pdb.sc
546.0,806.3584336042404,1.4768469479931143,3.370624303817749,0.0,1.4768469479931143,151.0,90.62865126132965,0.6001897434525142,2.4274275302886963,3.1950740948418117,3.7952638382943262,46.0,14.314960956573486,0.3111948034037714,1.28828763961792,4.226157836292101,4.5373526396958725,104.94361221790314,197.0,38,39,277,270,547,run2_g11_g11_0,single-objective/run2/g11/g11_0.pdb,65.268,-0.296,129.156,5.635,26.274,1.146,1167.268,2292.152,1124.884,37.0,-1.995,-1302.463,250.784,-273.909,1.902,30.918,491.153,764.18,-0.146,-30.764,-49.521,-16.861,-51.523,6.0,-33.028,269.0,83.0,92.414,-43.78,0.673,1.719,1.946,59.939,175.289,0.67,2.237,87.252,1.259,55.399,0.588,temp_g5_16_0001,single-objective/run2/g11/g11_0.pdb.sc
546.0,806.3584336042404,1.4768469479931143,3.370624303817749,0.0,1.4768469479931143,151.0,90.62865126132965,0.6001897434525142,2.4274275302886963,3.1950740948418117,3.7952638382943262,46.0,14.314960956573486,0.3111948034037714,1.28828763961792,4.226157836292101,4.5373526396958725,104.94361221790314,197.0,38,39,277,270,547,run2_g11_g11_1,single-objective/run2/g11/g11_1.pdb,65.268,-0.296,129.156,5.635,26.274,1.146,1167.268,2292.152,1124.884,37.0,-1.995,-1302.463,250.784,-273.909,1.902,30.918,491.153,764.18,-0.146,-30.764,-49.521,-16.861,-51.523,6.0,-33.028,269.0,83.0,92.414,-43.78,0.673,1.719,1.946,59.939,175.289,0.67,2.237,87.252,1.259,55.399,0.588,temp_g5_16_0001,single-objective/run2/g11/g11_1.pdb.sc
548.0,811.7871599197388,1.4813634305104721,3.2207815647125244,0.0,1.4813634305104721,151.0,90.48970854282379,0.5992695929988331,2.410245656967163,3.210017977171386,3.8092875701702194,46.0,14.870222806930542,0.3232657131941422,1.28828763961792,4.238952108051466,4.562217821245608,105.35993134975433,197.0,38,39,279,270,549,run2_g11_g11_10,single-objective/run2/g11/g11_10.pdb,-84.338,-0.636,48.643,1.974,81.379,3.302,1297.373,2464.252,1166.879,34.0,-1.995,-1308.117,249.303,-272.866,1.938,31.223,354.169,756.314,-0.043,-29.622,-49.521,-18.271,-51.523,5.0,-33.462,269.0,83.0,92.326,-45.53,0.644,0.59,1.946,59.223,179.539,0.667,1.202,46.887,0.048,2.099,0.588,temp_g5_00_0001,single-objective/run2/g11/g11_10.pdb.sc
549.0,811.6414974927902,1.4783998132837708,3.370624303817749,0.0,1.4783998132837708,154.0,91.5948498249054,0.5947717521097753,2.4274275302886963,3.1901711860260407,3.7849429381358157,47.0,15.08815598487854,0.32102459542294765,1.28828763961792,4.163583562729206,4.484608158152154,106.68300580978394,201.0,38,39,280,270,550,run2_g11_g11_11,single-objective/run2/g11/g11_11.pdb,55.744,-0.329,126.087,5.48,22.587,0.982,1181.539,2301.022,1119.483,37.0,-1.995,-1305.663,250.78,-273.293,1.917,30.958,492.625,756.399,-0.169,-30.764,-49.521,-16.861,-51.523,6.0,-33.246,269.0,83.0,92.414,-44.732,0.712,1.638,1.946,58.748,176.97,0.688,2.215,86.398,1.127,49.593,0.588,temp_g9_04_0001,single-objective/run2/g11/g11_11.pdb.sc
549.0,811.6414974927902,1.4783998132837708,3.370624303817749,0.0,1.4783998132837708,154.0,91.5948498249054,0.5947717521097753,2.4274275302886963,3.1901711860260407,3.7849429381358157,47.0,15.08815598487854,0.32102459542294765,1.28828763961792,4.163583562729206,4.484608158152154,106.68300580978394,201.0,38,39,280,270,550,run2_g11_g11_12,single-objective/run2/g11/g11_12.pdb,55.744,-0.329,126.087,5.48,22.587,0.982,1181.539,2301.022,1119.483,37.0,-1.995,-1305.663,250.78,-273.293,1.917,30.958,492.625,756.399,-0.169,-30.764,-49.521,-16.861,-51.523,6.0,-33.246,269.0,83.0,92.414,-44.732,0.712,1.638,1.946,58.748,176.97,0.688,2.215,86.398,1.127,49.593,0.588,temp_g9_04_0001,single-objective/run2/g11/g11_12.pdb.sc
544.0,803.4418030977249,1.476915079223759,3.370624303817749,0.0,1.476915079223759,151.0,89.69554007053375,0.5940101991426077,2.4274275302886963,3.210193483245294,3.8042036823879015,46.0,13.998871326446533,0.30432328970535943,1.28828763961792,4.233029349990513,4.5373526396958725,103.69441139698029,197.0,38,39,275,270,545,run2_g11_g11_13,single-objective/run2/g11/g11_13.pdb,59.675,-0.328,125.672,5.507,16.363,0.717,1183.722,2281.952,1098.231,35.0,-1.995,-1299.39,249.161,-273.44,1.901,30.899,485.405,760.445,-0.187,-30.764,-49.521,-16.861,-51.523,6.0,-32.632,269.0,83.0,92.517,-43.577,0.652,1.616,1.946,60.14,176.377,0.667,2.191,85.447,1.105,48.64,0.588,temp_g10_00_0001,single-objective/run2/g11/g11_13.pdb.sc
548.0,810.2463057041168,1.4785516527447387,3.370624303817749,0.0,1.4785516527447387,153.0,91.39326345920563,0.5973415912366381,2.4274275302886963,3.189641337768704,3.7869829290053425,47.0,15.206174373626709,0.32353562497078103,1.28828763961792,4.1605544800454,4.484090105016181,106.59943783283234,200.0,38,39,279,270,549,run2_g11_g11_14,single-objective/run2/g11/g11_14.pdb,57.129,-0.325,128.429,5.618,22.43,0.981,1180.849,2286.187,1105.338,37.0,-1.995,-1304.988,250.468,-273.319,1.914,30.935,494.82,754.486,-0.137,-30.764,-49.521,-16.861,-51.523,6.0,-33.061,269.0,83.0,92.414,-44.744,0.712,1.657,1.946,58.74,177.606,0.681,2.227,86.872,1.151,50.631,0.576,temp_g11_13_0001,single-objective/run2/g11/g11_14.pdb.sc
546.0,806.3584336042404,1.4768469479931143,3.370624303817749,0.0,1.4768469479931143,151.0,90.62865126132965,0.6001897434525142,2.4274275302886963,3.1950740948418117,3.7952638382943262,46.0,14.314960956573486,0.3111948034037714,1.28828763961792,4.226157836292101,4.5373526396958725,104.94361221790314,197.0,38,39,277,270,547,run2_g11_g11_15,single-objective/run2/g11/g11_15.pdb,65.268,-0.296,129.156,5.635,26.274,1.146,1167.268,2292.152,1124.884,37.0,-1.995,-1302.463,250.784,-273.909,1.902,30.918,491.153,764.18,-0.146,-30.764,-49.521,-16.861,-51.523,6.0,-33.028,269.0,83.0,92.414,-43.78,0.673,1.719,1.946,59.939,175.289,0.67,2.237,87.252,1.259,55.399,0.588,temp_g5_16_0001,single-objective/run2/g11/g11_15.pdb.sc
542.0,800.9080094099045,1.4776900542618163,3.370624303817749,0.0,1.4776900542618163,150.0,89.6857875585556,0.5979052503903707,2.4274275302886963,3.2163924400011696,3.8142976903915407,44.0,13.63346815109253,0.30985154888846655,1.28828763961792,4.199882220138203,4.50973376902667,103.31925570964813,194.0,38,39,273,270,543,run2_g11_g11_16,single-objective/run2/g11/g11_16.pdb,57.964,-0.311,126.036,5.525,25.012,1.096,1191.171,2281.28,1090.109,36.0,-1.995,-1295.259,244.333,-273.501,1.897,30.748,488.744,752.958,-0.153,-30.764,-49.521,-16.861,-51.523,6.0,-31.737,269.0,83.0,92.414,-43.761,0.684,1.668,1.946,59.921,179.338,0.663,2.214,86.349,1.183,52.054,0.588,temp_g10_22_0001,single-objective/run2/g11/g11_16.pdb.sc
545.0,804.5052207708359,1.4761563683868548,3.370624303817749,0.0,1.4761563683868548,150.0,88.55325472354889,0.590355031490326,2.4274275302886963,3.227433038552602,3.817788070042928,47.0,13.999842643737793,0.297868992419953,1.28828763961792,4.220798096758254,4.518667089178207,102.55309736728668,197.0,38,39,276,270,546,run2_g11_g11_17,single-objective/run2/g11/g11_17.pdb,65.014,-0.312,123.398,5.408,17.186,0.753,1183.722,2281.952,1098.231,35.0,-1.995,-1297.554,252.403,-271.071,1.903,31.612,484.861,759.171,-0.222,-30.764,-49.521,-16.231,-51.523,6.0,-32.672,269.0,83.0,92.517,-43.141,0.698,1.63,1.946,60.6,173.885,0.672,2.162,84.314,1.159,50.985,0.588,temp_g10_18_0001,single-objective/run2/g11/g11_17.pdb.sc
552.0,814.5450320243835,1.4756250580151875,3.370624303817749,0.0,1.4756250580151875,154.0,91.27343702316284,0.5926846559945639,2.4274275302886963,3.1875432358159648,3.7802278918105285,46.0,14.32286524772644,0.31136663582014,1.28828763961792,4.191885937815127,4.503252573635267,105.59630227088928,200.0,38,39,283,270,553,run2_g11_g11_18,single-objective/run2/g11/g11_18.pdb,230.847,0.071,169.743,7.398,70.147,3.057,1165.825,2294.42,1128.595,34.0,-1.995,-1315.102,252.381,-274.427,1.925,31.097,660.509,760.241,-0.044,-30.764,-49.521,-16.861,-51.523,6.0,-32.584,269.0,83.0,92.557,-39.92,0.703,2.94,1.946,64.979,177.324,0.665,2.874,112.082,2.999,131.942,0.588,temp_g10_17_0001,single-objective/run2/g11/g11_18.pdb.sc
546.0,806.3584336042404,1.4768469479931143,3.370624303817749,0.0,1.4768469479931143,151.0,90.62865126132965,0.6001897434525142,2.4274275302886963,3.1950740948418117,3.7952638382943262,46.0,14.314960956573486,0.3111948034037714,1.28828763961792,4.226157836292101,4.5373526396958725,104.94361221790314,197.0,38,39,277,270,547,run2_g11_g11_19,single-objective/run2/g11/g11_19.pdb,65.268,-0.296,129.156,5.635,26.274,1.146,1167.268,2292.152,1124.884,37.0,-1.995,-1302.463,250.784,-273.909,1.902,30.918,491.153,764.18,-0.146,-30.764,-49.521,-16.861,-51.523,6.0,-33.028,269.0,83.0,92.414,-43.78,0.673,1.719,1.946,59.939,175.289,0.67,2.237,87.252,1.259,55.399,0.588,temp_g5_16_0001,single-objective/run2/g11/g11_19.pdb.sc
545.0,806.2554425001144,1.4793677844038797,3.370624303817749,0.0,1.4793677844038797,147.0,90.55842113494873,0.6160436811901274,2.4274275302886963,3.234092869726168,3.8501365509162953,47.0,13.62632942199707,0.28992190259568235,1.28828763961792,4.239438975110967,4.529360877706649,104.1847505569458,194.0,38,39,276,270,546,run2_g11_g11_2,single-objective/run2/g11/g11_2.pdb,160.36,0.549,87.386,3.683,126.295,5.324,1264.131,2372.411,1108.28,38.0,-1.995,-1298.462,252.075,-273.635,1.947,31.287,596.753,742.489,-0.028,-31.491,-49.507,-14.904,-51.523,5.0,-33.085,269.0,83.0,92.276,-45.226,0.7,2.853,1.946,59.041,181.797,0.646,1.671,65.184,3.901,171.627,0.577,temp_g11_19_0001,single-objective/run2/g11/g11_2.pdb.sc
549.0,810.0509834289551,1.4755027020563845,3.370624303817749,0.0,1.4755027020563845,150.0,89.01735126972198,0.5934490084648132,2.4274275302886963,3.2178496225674946,3.811298631032308,47.0,14.308147430419922,0.30442866873233876,1.28828763961792,4.223800151906115,4.5282288206384536,103.3254987001419,197.0,38,39,280,270,550,run2_g11_g11_20,single-objective/run2/g11/g11_20.pdb,103.244,-0.154,159.074,6.728,52.983,2.241,1193.997,2364.269,1170.272,38.0,-1.995,-1301.121,250.58,-269.801,1.909,31.926,517.336,762.937,-0.058,-30.764,-49.521,-16.231,-51.523,6.0,-31.285,269.0,83.0,92.433,-41.723,0.684,2.137,1.946,62.893,174.659,0.661,2.648,103.284,1.683,74.074,0.588,temp_g11_09_0001,single-objective/run2/g11/g11_20.pdb.sc
544.0,805.277170419693,1.480288916212671,3.2207815647125244,0.0,1.480288916212671,145.0,86.1123937368393,0.5938785774954434,2.410245656967163,3.265583058883404,3.8594616363788474,47.0,13.700895071029663,0.2915084057665886,0.8472099304199219,4.368644080263503,4.660152486030092,99.81328880786896,192.0,38,39,275,270,545,run2_g11_g11_21,single-objective/run2/g11/g11_21.pdb,-92.937,-0.676,41.106,1.681,74.505,3.047,1223.457,2445.1,1221.643,35.0,-1.995,-1282.742,253.979,-272.949,1.916,31.536,325.46,753.995,-0.055,-29.622,-49.521,-17.64,-51.523,6.0,-32.972,269.0,83.0,92.326,-46.373,0.666,0.451,1.946,58.67,171.994,0.631,0.989,38.583,-0.027,-1.178,0.577,temp_g8_20_0001,single-objective/run2/g11/g11_21.pdb.sc
545.0,805.9997684955597,1.4788986577900178,3.370624303817749,0.0,1.4788986577900178,154.0,92.12866413593292,0.5982380788047592,2.4274275302886963,3.1779156915553206,3.7761537703600796,44.0,13.877096176147461,0.31538854945789685,1.28828763961792,4.209207187999379,4.524595737457275,106.00576031208038,198.0,38,39,276,270,546,run2_g11_g11_22,single-objective/run2/g11/g11_22.pdb,396.05,0.938,107.571,4.72,0.809,0.036,1225.478,2278.945,1053.467,31.0,-1.995,-1304.816,246.206,-274.289,1.896,30.089,566.683,753.939,-4.726,-30.764,-49.521,-16.861,-50.988,6.0,-33.001,269.0,83.0,91.255,-34.601,0.699,4.069,245.966,83.27,172.997,0.681,1.949,75.997,5.949,261.744,0.588,temp_g11_18_0001,single-objective/run2/g11/g11_22.pdb.sc
551.0,813.381071805954,1.476190692932766,3.370624303817749,0.0,1.476190692932766,153.0,91.63865280151367,0.5989454431471481,2.4274275302886963,3.1914626040489846,3.7904080471961326,47.0,14.664548397064209,0.31201166802264274,1.28828763961792,4.187458104275643,4.499469772298285,106.30320119857788,200.0,38,39,282,270,552,run2_g11_g11_23,single-objective/run2/g11/g11_23.pdb,61.922,-0.308,131.351,5.73,26.318,1.148,1167.268,2292.152,1124.884,35.0,-1.995,-1309.919,252.381,-273.7,1.924,31.097,494.587,762.128,-0.117,-30.764,-49.521,-16.861,-51.523,6.0,-33.019,269.0,83.0,92.414,-44.229,0.708,1.709,1.946,59.593,176.797,0.665,2.265,88.345,1.216,53.525,0.588,temp_g8_00_0001,single-objective/run2/g11/g11_23.pdb.sc
541.0,799.3234969377518,1.47749260062431,3.370624303817749,0.0,1.47749260062431,149.0,88.81540167331696,0.5960765212974293,2.4274275302886963,3.2260075327534006,3.8220840540508294,44.0,13.63346815109253,0.30985154888846655,1.28828763961792,4.199882220138203,4.50973376902667,102.44886982440948,193.0,38,39,272,270,542,run2_g11_g11_24,single-objective/run2/g11/g11_24.pdb,62.73,-0.294,126.007,5.524,24.783,1.086,1191.171,2281.28,1090.109,34.0,-1.995,-1293.138,245.107,-272.009,1.894,30.716,488.36,752.937,-0.154,-30.764,-49.521,-15.233,-51.523,6.0,-32.0,269.0,83.0,92.414,-43.214,0.718,1.695,1.946,60.27,177.897,0.663,2.214,86.335,1.236,54.375,0.588,temp_g11_15_0001,single-objective/run2/g11/g11_24.pdb.sc
547.0,807.4218512773514,1.4760911357904047,3.370624303817749,0.0,1.4760911357904047,150.0,89.48636591434479,0.5965757727622986,2.4274275302886963,3.21221285422643,3.8087886269887288,47.0,14.315932273864746,0.3045943036992499,1.28828763961792,4.214072785478957,4.518667089178207,103.80229818820953,197.0,38,39,278,270,548,run2_g11_g11_3,single-objective/run2/g11/g11_3.pdb,70.608,-0.279,129.114,5.633,25.59,1.116,1167.268,2292.152,1124.884,33.0,-1.995,-1300.627,254.026,-271.54,1.904,31.632,490.609,762.906,-0.149,-30.764,-49.521,-16.231,-51.523,6.0,-33.068,269.0,83.0,92.414,-43.344,0.698,1.736,1.946,60.4,172.797,0.67,2.237,87.231,1.293,56.894,0.588,temp_g7_05_0001,single-objective/run2/g11/g11_3.pdb.sc
544.0,804.6188592910767,1.479078785461538,3.370624303817749,0.0,1.479078785461538,152.0,90.58484828472137,0.595952949241588,2.4274275302886963,3.1937419246686134,3.7896948739102014,46.0,14.738568544387817,0.3204036640084308,1.28828763961792,4.201764282972916,4.522167946981347,105.32341682910919,198.0,38,39,275,270,545,run2_g11_g11_4,single-objective/run2/g11/g11_4.pdb,59.08,-0.319,126.012,5.476,22.402,0.974,1181.539,2301.022,1119.483,35.0,-1.995,-1298.207,249.183,-273.512,1.895,30.779,489.191,758.451,-0.171,-30.764,-49.521,-16.861,-51.523,6.0,-33.255,269.0,83.0,92.414,-44.283,0.755,1.645,1.946,59.094,175.462,0.687,2.197,85.681,1.157,50.891,0.588,temp_g10_09_0001,single-objective/run2/g11/g11_4.pdb.sc
546.0,806.3584336042404,1.4768469479931143,3.370624303817749,0.0,1.4768469479931143,151.0,90.62865126132965,0.6001897434525142,2.4274275302886963,3.1950740948418117,3.7952638382943262,46.0,14.314960956573486,0.3111948034037714,1.28828763961792,4.226157836292101,4.5373526396958725,104.94361221790314,197.0,38,39,277,270,547,run2_g11_g11_5,single-objective/run2/g11/g11_5.pdb,65.268,-0.296,129.156,5.635,26.274,1.146,1167.268,2292.152,1124.884,37.0,-1.995,-1302.463,250.784,-273.909,1.902,30.918,491.153,764.18,-0.146,-30.764,-49.521,-16.861,-51.523,6.0,-33.028,269.0,83.0,92.414,-43.78,0.673,1.719,1.946,59.939,175.289,0.67,2.237,87.252,1.259,55.399,0.588,temp_g5_16_0001,single-objective/run2/g11/g11_5.pdb.sc
546.0,806.3584336042404,1.4768469479931143,3.370624303817749,0.0,1.4768469479931143,151.0,90.62865126132965,0.6001897434525142,2.4274275302886963,3.1950740948418117,3.7952638382943262,46.0,14.314960956573486,0.3111948034037714,1.28828763961792,4.226157836292101,4.5373526396958725,104.94361221790314,197.0,38,39,277,270,547,run2_g11_g11_6,single-objective/run2/g11/g11_6.pdb,65.268,-0.296,129.156,5.635,26.274,1.146,1167.268,2292.152,1124.884,37.0,-1.995,-1302.463,250.784,-273.909,1.902,30.918,491.153,764.18,-0.146,-30.764,-49.521,-16.861,-51.523,6.0,-33.028,269.0,83.0,92.414,-43.78,0.673,1.719,1.946,59.939,175.289,0.67,2.237,87.252,1.259,55.399,0.588,temp_g5_16_0001,single-objective/run2/g11/g11_6.pdb.sc
546.0,806.0245445966721,1.4762354296642346,3.370624303817749,0.0,1.4762354296642346,152.0,89.29284369945526,0.5874529190753636,2.4274275302886963,3.2342905394340815,3.821743458509445,47.0,13.999842643737793,0.297868992419953,1.28828763961792,4.220798096758254,4.518667089178207,103.29268634319305,199.0,38,39,277,270,547,run2_g11_g11_7,single-objective/run2/g11/g11_7.pdb,70.686,-0.29,125.607,5.504,16.618,0.728,1183.722,2281.952,1098.231,33.0,-1.995,-1301.201,255.028,-271.263,1.965,31.766,490.893,759.747,-0.185,-30.764,-49.521,-16.231,-51.523,6.0,-32.727,269.0,83.0,92.517,-42.793,0.691,1.68,1.946,60.706,173.546,0.667,2.19,85.415,1.228,54.04,0.588,temp_g11_06_0001,single-objective/run2/g11/g11_7.pdb.sc
547.0,807.5984497070312,1.4764139848391795,3.370624303817749,0.0,1.4764139848391795,153.0,92.77917063236237,0.606399808054656,2.4274275302886963,3.1894325516582316,3.7958323597128873,46.0,14.094347715377808,0.30639886337777844,1.28828763961792,4.256084333295408,4.562483196673186,106.87351834774017,199.0,38,39,278,270,548,run2_g11_g11_8,single-objective/run2/g11/g11_8.pdb,44.293,-0.396,107.905,4.626,3.417,0.147,1169.026,2332.487,1163.46,36.0,-1.995,-1305.523,250.983,-276.991,1.907,30.451,478.035,765.546,-1.119,-30.764,-49.521,-16.861,-51.523,6.0,-33.713,269.0,83.0,92.414,-44.652,0.665,1.393,1.946,59.258,174.71,0.679,1.983,77.346,0.87,38.289,0.588,temp_g11_11_0001,single-objective/run2/g11/g11_8.pdb.sc
544.0,803.9405646324158,1.477831920280176,3.2207815647125244,0.0,1.477831920280176,146.0,88.97164368629456,0.6093948197691408,2.4274275302886963,3.250251691635341,3.8596465114044816,46.0,13.37107539176941,0.2906755519949872,1.28828763961792,4.256106827570044,4.546782379565031,102.34271907806396,192.0,38,39,275,270,545,run2_g11_g11_9,single-objective/run2/g11/g11_9.pdb,55.069,0.153,43.908,1.87,82.158,3.498,1262.806,2348.653,1085.847,33.0,-1.995,-1292.438,251.411,-276.025,1.948,30.917,495.758,738.245,-0.05,-31.491,-49.507,-16.642,-51.523,6.0,-32.693,269.0,83.0,92.276,-45.164,0.708,2.3,1.946,59.11,180.36,0.645,1.116,43.534,3.349,147.335,0.577,temp_g9_20_0001,single-objective/run2/g11/g11_9.pdb.sc
546.0,806.3584336042404,1.4768469479931143,3.370624303817749,0.0,1.4768469479931143,151.0,90.62865126132965,0.6001897434525142,2.4274275302886963,3.1950740948418117,3.7952638382943262,46.0,14.314960956573486,0.3111948034037714,1.28828763961792,4.226157836292101,4.5373526396958725,104.94361221790314,197.0,38,39,277,270,547,run2_g12_g12_0,single-objective/run2/g12/g12_0.pdb,65.268,-0.296,129.156,5.635,26.274,1.146,1167.268,2292.152,1124.884,37.0,-1.995,-1302.463,250.784,-273.909,1.902,30.918,491.153,764.18,-0.146,-30.764,-49.521,-16.861,-51.523,6.0,-33.028,269.0,83.0,92.414,-43.78,0.673,1.719,1.946,59.939,175.289,0.67,2.237,87.252,1.259,55.399,0.588,temp_g5_16_0001,single-objective/run2/g12/g12_0.pdb.sc
546.0,806.3584336042404,1.4768469479931143,3.370624303817749,0.0,1.4768469479931143,151.0,90.62865126132965,0.6001897434525142,2.4274275302886963,3.1950740948418117,3.7952638382943262,46.0,14.314960956573486,0.3111948034037714,1.28828763961792,4.226157836292101,4.5373526396958725,104.94361221790314,197.0,38,39,277,270,547,run2_g12_g12_1,single-objective/run2/g12/g12_1.pdb,65.268,-0.296,129.156,5.635,26.274,1.146,1167.268,2292.152,1124.884,37.0,-1.995,-1302.463,250.784,-273.909,1.902,30.918,491.153,764.18,-0.146,-30.764,-49.521,-16.861,-51.523,6.0,-33.028,269.0,83.0,92.414,-43.78,0.673,1.719,1.946,59.939,175.289,0.67,2.237,87.252,1.259,55.399,0.588,temp_g5_16_0001,single-objective/run2/g12/g12_1.pdb.sc
549.0,810.7929434776306,1.4768541775548827,3.370624303817749,0.0,1.4768541775548827,156.0,93.9761813879013,0.6024114191532135,2.4274275302886963,3.19160149876888,3.7940129179220934,47.0,14.161818742752075,0.3013152923989803,1.28828763961792,4.2336842810854,4.53499957348438,108.13800013065338,203.0,38,39,280,270,550,run2_g12_g12_10,single-objective/run2/g12/g12_10.pdb,208.233,0.211,107.829,4.623,2.588,0.111,1169.026,2332.487,1163.46,35.0,-1.995,-1314.897,253.219,-276.75,1.946,30.614,651.037,761.607,-1.478,-30.764,-49.521,-16.861,-51.523,6.0,-33.517,269.0,83.0,92.414,-45.015,0.7,2.508,1.946,59.046,176.661,0.678,1.964,76.61,2.989,131.525,0.588,temp_g12_08_0001,single-objective/run2/g12/g12_10.pdb.sc
546.0,806.3584336042404,1.4768469479931143,3.370624303817749,0.0,1.4768469479931143,151.0,90.62865126132965,0.6001897434525142,2.4274275302886963,3.1950740948418117,3.7952638382943262,46.0,14.314960956573486,0.3111948034037714,1.28828763961792,4.226157836292101,4.5373526396958725,104.94361221790314,197.0,38,39,277,270,547,run2_g12_g12_11,single-objective/run2/g12/g12_11.pdb,65.268,-0.296,129.156,5.635,26.274,1.146,1167.268,2292.152,1124.884,37.0,-1.995,-1302.463,250.784,-273.909,1.902,30.918,491.153,764.18,-0.146,-30.764,-49.521,-16.861,-51.523,6.0,-33.028,269.0,83.0,92.414,-43.78,0.673,1.719,1.946,59.939,175.289,0.67,2.237,87.252,1.259,55.399,0.588,temp_g5_16_0001,single-objective/run2/g12/g12_11.pdb.sc
544.0,803.4418030977249,1.476915079223759,3.370624303817749,0.0,1.476915079223759,151.0,89.69554007053375,0.5940101991426077,2.4274275302886963,3.210193483245294,3.8042036823879015,46.0,13.998871326446533,0.30432328970535943,1.28828763961792,4.233029349990513,4.5373526396958725,103.69441139698029,197.0,38,39,275,270,545,run2_g12_g12_12,single-objective/run2/g12/g12_12.pdb,59.675,-0.328,125.672,5.507,16.363,0.717,1183.722,2281.952,1098.231,35.0,-1.995,-1299.39,249.161,-273.44,1.901,30.899,485.405,760.445,-0.187,-30.764,-49.521,-16.861,-51.523,6.0,-32.632,269.0,83.0,92.517,-43.577,0.652,1.616,1.946,60.14,176.377,0.667,2.191,85.447,1.105,48.64,0.588,temp_g10_00_0001,single-objective/run2/g12/g12_12.pdb.sc
547.0,807.5984497070312,1.4764139848391795,3.370624303817749,0.0,1.4764139848391795,153.0,92.77917063236237,0.606399808054656,2.4274275302886963,3.1894325516582316,3.7958323597128873,46.0,14.094347715377808,0.30639886337777844,1.28828763961792,4.256084333295408,4.562483196673186,106.87351834774017,199.0,38,39,278,270,548,run2_g12_g12_13,single-objective/run2/g12/g12_13.pdb,44.293,-0.396,107.905,4.626,3.417,0.147,1169.026,2332.487,1163.46,36.0,-1.995,-1305.523,250.983,-276.991,1.907,30.451,478.035,765.546,-1.119,-30.764,-49.521,-16.861,-51.523,6.0,-33.713,269.0,83.0,92.414,-44.652,0.665,1.393,1.946,59.258,174.71,0.679,1.983,77.346,0.87,38.289,0.588,temp_g11_11_0001,single-objective/run2/g12/g12_13.pdb.sc
549.0,811.6414974927902,1.4783998132837708,3.370624303817749,0.0,1.4783998132837708,154.0,91.5948498249054,0.5947717521097753,2.4274275302886963,3.1901711860260407,3.7849429381358157,47.0,15.08815598487854,0.32102459542294765,1.28828763961792,4.163583562729206,4.484608158152154,106.68300580978394,201.0,38,39,280,270,550,run2_g12_g12_14,single-objective/run2/g12/g12_14.pdb,55.744,-0.329,126.087,5.48,22.587,0.982,1181.539,2301.022,1119.483,37.0,-1.995,-1305.663,250.78,-273.293,1.917,30.958,492.625,756.399,-0.169,-30.764,-49.521,-16.861,-51.523,6.0,-33.246,269.0,83.0,92.414,-44.732,0.712,1.638,1.946,58.748,176.97,0.688,2.215,86.398,1.127,49.593,0.588,temp_g9_04_0001,single-objective/run2/g12/g12_14.pdb.sc
549.0,811.6414974927902,1.4783998132837708,3.370624303817749,0.0,1.4783998132837708,154.0,91.5948498249054,0.5947717521097753,2.4274275302886963,3.1901711860260407,3.7849429381358157,47.0,15.08815598487854,0.32102459542294765,1.28828763961792,4.163583562729206,4.484608158152154,106.68300580978394,201.0,38,39,280,270,550,run2_g12_g12_15,single-objective/run2/g12/g12_15.pdb,55.744,-0.329,126.087,5.48,22.587,0.982,1181.539,2301.022,1119.483,37.0,-1.995,-1305.663,250.78,-273.293,1.917,30.958,492.625,756.399,-0.169,-30.764,-49.521,-16.861,-51.523,6.0,-33.246,269.0,83.0,92.414,-44.732,0.712,1.638,1.946,58.748,176.97,0.688,2.215,86.398,1.127,49.593,0.588,temp_g9_04_0001,single-objective/run2/g12/g12_15.pdb.sc
546.0,806.5162155628204,1.4771359259392316,3.370624303817749,0.0,1.4771359259392316,151.0,91.33684742450714,0.6048797842682592,2.4274275302886963,3.202592681575295,3.807472465843554,47.0,14.527793884277344,0.3091019975378158,1.28828763961792,4.232294392078481,4.541396389616296,105.86464130878448,198.0,38,39,277,270,547,run2_g12_g12_16,single-objective/run2/g12/g12_16.pdb,62.898,-0.294,131.343,5.724,29.628,1.291,1171.816,2294.798,1122.982,37.0,-1.995,-1303.383,249.573,-273.82,1.906,30.908,492.806,761.05,-0.103,-30.764,-49.521,-16.861,-51.523,6.0,-33.162,269.0,83.0,92.414,-43.757,0.677,1.724,1.946,59.932,176.563,0.666,2.264,88.293,1.246,54.832,0.588,temp_g12_19_0001,single-objective/run2/g12/g12_16.pdb.sc
548.0,810.2463057041168,1.4785516527447387,3.370624303817749,0.0,1.4785516527447387,153.0,91.39326345920563,0.5973415912366381,2.4274275302886963,3.189641337768704,3.7869829290053425,47.0,15.206174373626709,0.32353562497078103,1.28828763961792,4.1605544800454,4.484090105016181,106.59943783283234,200.0,38,39,279,270,549,run2_g12_g12_17,single-objective/run2/g12/g12_17.pdb,57.129,-0.325,128.429,5.618,22.43,0.981,1180.849,2286.187,1105.338,37.0,-1.995,-1304.988,250.468,-273.319,1.914,30.935,494.82,754.486,-0.137,-30.764,-49.521,-16.861,-51.523,6.0,-33.061,269.0,83.0,92.414,-44.744,0.712,1.657,1.946,58.74,177.606,0.681,2.227,86.872,1.151,50.631,0.576,temp_g11_13_0001,single-objective/run2/g12/g12_17.pdb.sc
545.0,805.9997684955597,1.4788986577900178,3.370624303817749,0.0,1.4788986577900178,154.0,92.12866413593292,0.5982380788047592,2.4274275302886963,3.1779156915553206,3.7761537703600796,44.0,13.877096176147461,0.31538854945789685,1.28828763961792,4.209207187999379,4.524595737457275,106.00576031208038,198.0,38,39,276,270,546,run2_g12_g12_18,single-objective/run2/g12/g12_18.pdb,396.05,0.938,107.571,4.72,0.809,0.036,1225.478,2278.945,1053.467,31.0,-1.995,-1304.816,246.206,-274.289,1.896,30.089,566.683,753.939,-4.726,-30.764,-49.521,-16.861,-50.988,6.0,-33.001,269.0,83.0,91.255,-34.601,0.699,4.069,245.966,83.27,172.997,0.681,1.949,75.997,5.949,261.744,0.588,temp_g11_18_0001,single-objective/run2/g12/g12_18.pdb.sc
546.0,806.3584336042404,1.4768469479931143,3.370624303817749,0.0,1.4768469479931143,151.0,90.62865126132965,0.6001897434525142,2.4274275302886963,3.1950740948418117,3.7952638382943262,46.0,14.314960956573486,0.3111948034037714,1.28828763961792,4.226157836292101,4.5373526396958725,104.94361221790314,197.0,38,39,277,270,547,run2_g12_g12_19,single-objective/run2/g12/g12_19.pdb,65.268,-0.296,129.156,5.635,26.274,1.146,1167.268,2292.152,1124.884,37.0,-1.995,-1302.463,250.784,-273.909,1.902,30.918,491.153,764.18,-0.146,-30.764,-49.521,-16.861,-51.523,6.0,-33.028,269.0,83.0,92.414,-43.78,0.673,1.719,1.946,59.939,175.289,0.67,2.237,87.252,1.259,55.399,0.588,temp_g5_16_0001,single-objective/run2/g12/g12_19.pdb.sc
544.0,803.4408656358719,1.4769133559482939,3.370624303817749,0.0,1.4769133559482939,148.0,89.04989445209503,0.6016884760276692,2.4274275302886963,3.201000125827016,3.802688601854685,47.0,14.294596195220947,0.3041403445791691,1.28828763961792,4.255329502389786,4.559469846968955,103.34449064731598,195.0,38,39,275,270,545,run2_g12_g12_2,single-objective/run2/g12/g12_2.pdb,52.751,-0.351,120.531,5.265,15.592,0.681,1157.682,2289.372,1131.69,36.0,-1.995,-1297.157,250.115,-273.1,1.9,30.879,481.591,758.954,-0.224,-30.764,-49.521,-16.533,-51.523,5.0,-33.015,269.0,83.0,92.368,-45.878,0.699,1.54,1.946,57.519,176.377,0.675,2.089,81.471,1.054,46.37,0.588,temp_g12_00_0001,single-objective/run2/g12/g12_2.pdb.sc
544.0,803.3766144514084,1.4767952471533243,3.370624303817749,0.0,1.4767952471533243,152.0,89.56474316120148,0.589241731323694,2.4274275302886963,3.226662358955333,3.815904090279027,46.0,13.998871326446533,0.30432328970535943,1.28828763961792,4.233029349990513,4.5373526396958725,103.56361448764801,198.0,38,39,275,270,545,run2_g12_g12_20,single-objective/run2/g12/g12_20.pdb,70.113,-0.291,123.388,5.407,17.176,0.753,1183.722,2281.952,1098.231,35.0,-1.995,-1300.916,252.559,-272.14,1.961,31.021,491.053,761.0,-0.223,-30.764,-49.521,-15.233,-51.523,6.0,-32.95,269.0,83.0,92.517,-42.681,0.683,1.687,1.946,60.595,174.597,0.672,2.162,84.309,1.266,55.716,0.588,temp_g12_07_0001,single-objective/run2/g12/g12_20.pdb.sc
547.0,809.0806618928909,1.4791236963306964,3.370624303817749,0.0,1.4791236963306964,151.0,90.73398292064667,0.6008873041102428,2.4274275302886963,3.1821639782545583,3.7830512823648013,45.0,13.881818771362305,0.308484861585829,1.28828763961792,4.196672095192803,4.505156956778633,104.61580169200897,196.0,38,39,278,270,548,run2_g12_g12_21,single-objective/run2/g12/g12_21.pdb,400.501,0.954,109.767,4.817,1.24,0.054,1225.478,2278.945,1053.467,31.0,-1.995,-1303.214,248.657,-272.098,1.903,30.291,566.138,752.41,-2.473,-30.764,-49.521,-15.233,-50.988,6.0,-33.027,269.0,83.0,91.255,-34.317,0.699,4.092,245.966,83.319,171.13,0.676,1.977,77.091,5.967,262.566,0.588,temp_g12_22_0001,single-objective/run2/g12/g12_21.pdb.sc
547.0,807.4218512773514,1.4760911357904047,3.370624303817749,0.0,1.4760911357904047,150.0,89.48636591434479,0.5965757727622986,2.4274275302886963,3.21221285422643,3.8087886269887288,47.0,14.315932273864746,0.3045943036992499,1.28828763961792,4.214072785478957,4.518667089178207,103.80229818820953,197.0,38,39,278,270,548,run2_g12_g12_22,single-objective/run2/g12/g12_22.pdb,70.608,-0.279,129.114,5.633,25.59,1.116,1167.268,2292.152,1124.884,33.0,-1.995,-1300.627,254.026,-271.54,1.904,31.632,490.609,762.906,-0.149,-30.764,-49.521,-16.231,-51.523,6.0,-33.068,269.0,83.0,92.414,-43.344,0.698,1.736,1.946,60.4,172.797,0.67,2.237,87.231,1.293,56.894,0.588,temp_g7_05_0001,single-objective/run2/g12/g12_22.pdb.sc
544.0,805.277170419693,1.480288916212671,3.2207815647125244,0.0,1.480288916212671,145.0,86.1123937368393,0.5938785774954434,2.410245656967163,3.265583058883404,3.8594616363788474,47.0,13.700895071029663,0.2915084057665886,0.8472099304199219,4.368644080263503,4.660152486030092,99.81328880786896,192.0,38,39,275,270,545,run2_g12_g12_23,single-objective/run2/g12/g12_23.pdb,-92.937,-0.676,41.106,1.681,74.505,3.047,1223.457,2445.1,1221.643,35.0,-1.995,-1282.742,253.979,-272.949,1.916,31.536,325.46,753.995,-0.055,-29.622,-49.521,-17.64,-51.523,6.0,-32.972,269.0,83.0,92.326,-46.373,0.666,0.451,1.946,58.67,171.994,0.631,0.989,38.583,-0.027,-1.178,0.577,temp_g8_20_0001,single-objective/run2/g12/g12_23.pdb.sc
547.0,807.886757016182,1.47694105487419,3.370624303817749,0.0,1.47694105487419,154.0,92.30109679698944,0.5993577714090224,2.4274275302886963,3.2079492041042874,3.8073069755133098,46.0,14.217010021209717,0.3090654352436895,1.28828763961792,4.228287204452183,4.5373526396958725,106.51810681819916,200.0,38,39,278,270,548,run2_g12_g12_24,single-objective/run2/g12/g12_24.pdb,283.734,0.521,130.979,5.714,27.618,1.205,1167.268,2292.152,1124.884,33.0,-1.995,-1306.647,252.113,-274.51,1.923,31.062,711.676,764.909,-0.138,-30.764,-49.521,-16.861,-51.523,6.0,-32.97,269.0,83.0,92.363,-43.155,0.719,3.553,1.946,60.793,174.308,0.669,2.249,87.702,4.71,207.223,0.588,temp_g12_06_0001,single-objective/run2/g12/g12_24.pdb.sc
546.0,806.3584336042404,1.4768469479931143,3.370624303817749,0.0,1.4768469479931143,151.0,90.62865126132965,0.6001897434525142,2.4274275302886963,3.1950740948418117,3.7952638382943262,46.0,14.314960956573486,0.3111948034037714,1.28828763961792,4.226157836292101,4.5373526396958725,104.94361221790314,197.0,38,39,277,270,547,run2_g12_g12_3,single-objective/run2/g12/g12_3.pdb,65.268,-0.296,129.156,5.635,26.274,1.146,1167.268,2292.152,1124.884,37.0,-1.995,-1302.463,250.784,-273.909,1.902,30.918,491.153,764.18,-0.146,-30.764,-49.521,-16.861,-51.523,6.0,-33.028,269.0,83.0,92.414,-43.78,0.673,1.719,1.946,59.939,175.289,0.67,2.237,87.252,1.259,55.399,0.588,temp_g5_16_0001,single-objective/run2/g12/g12_3.pdb.sc
546.0,806.0245445966721,1.4762354296642346,3.370624303817749,0.0,1.4762354296642346,152.0,89.29284369945526,0.5874529190753636,2.4274275302886963,3.2342905394340815,3.821743458509445,47.0,13.999842643737793,0.297868992419953,1.28828763961792,4.220798096758254,4.518667089178207,103.29268634319305,199.0,38,39,277,270,547,run2_g12_g12_4,single-objective/run2/g12/g12_4.pdb,70.686,-0.29,125.607,5.504,16.618,0.728,1183.722,2281.952,1098.231,33.0,-1.995,-1301.201,255.028,-271.263,1.965,31.766,490.893,759.747,-0.185,-30.764,-49.521,-16.231,-51.523,6.0,-32.727,269.0,83.0,92.517,-42.793,0.691,1.68,1.946,60.706,173.546,0.667,2.19,85.415,1.228,54.04,0.588,temp_g11_06_0001,single-objective/run2/g12/g12_4.pdb.sc
549.0,811.7992794513702,1.4786872121154284,3.370624303817749,0.0,1.4786872121154284,154.0,92.13513445854187,0.5982800938866355,2.4274275302886963,3.1975433067841963,3.795823400670832,48.0,15.498241186141968,0.322880024711291,1.28828763961792,4.17090701063474,4.493787035346031,107.63337564468384,202.0,38,39,280,270,550,run2_g12_g12_5,single-objective/run2/g12/g12_5.pdb,53.242,-0.33,125.884,5.469,24.165,1.05,1183.01,2301.706,1118.695,34.0,-1.995,-1306.606,249.57,-273.229,1.92,30.948,494.278,753.296,-0.158,-30.764,-49.521,-16.861,-51.523,6.0,-33.493,269.0,83.0,92.414,-44.708,0.733,1.636,1.946,58.74,178.244,0.689,2.195,85.62,1.14,50.177,0.588,temp_g12_11_0001,single-objective/run2/g12/g12_5.pdb.sc
544.0,804.6188592910767,1.479078785461538,3.370624303817749,0.0,1.479078785461538,152.0,90.58484828472137,0.595952949241588,2.4274275302886963,3.1937419246686134,3.7896948739102014,46.0,14.738568544387817,0.3204036640084308,1.28828763961792,4.201764282972916,4.522167946981347,105.32341682910919,198.0,38,39,275,270,545,run2_g12_g12_6,single-objective/run2/g12/g12_6.pdb,59.08,-0.319,126.012,5.476,22.402,0.974,1181.539,2301.022,1119.483,35.0,-1.995,-1298.207,249.183,-273.512,1.895,30.779,489.191,758.451,-0.171,-30.764,-49.521,-16.861,-51.523,6.0,-33.255,269.0,83.0,92.414,-44.283,0.755,1.645,1.946,59.094,175.462,0.687,2.197,85.681,1.157,50.891,0.588,temp_g10_09_0001,single-objective/run2/g12/g12_6.pdb.sc
542.0,801.386056303978,1.4785720596014353,3.370624303817749,0.0,1.4785720596014353,152.0,91.4557877779007,0.6016828143282941,2.4274275302886963,3.2308464152248284,3.8325292295531224,44.0,13.554189682006836,0.30804976550015534,1.28828763961792,4.201684003526514,4.50973376902667,105.00997745990753,196.0,38,39,273,270,543,run2_g12_g12_7,single-objective/run2/g12/g12_7.pdb,340.071,0.739,127.69,5.597,25.112,1.101,1191.171,2281.28,1090.109,32.0,-1.995,-1299.172,248.788,-272.047,1.904,31.109,764.888,756.149,-0.152,-30.764,-49.521,-15.233,-51.523,6.0,-31.956,269.0,83.0,92.363,-43.119,0.74,3.502,1.946,60.755,176.911,0.661,2.206,86.035,4.652,204.67,0.588,temp_g12_24_0001,single-objective/run2/g12/g12_7.pdb.sc
545.0,804.5052207708359,1.4761563683868548,3.370624303817749,0.0,1.4761563683868548,150.0,88.55325472354889,0.590355031490326,2.4274275302886963,3.227433038552602,3.817788070042928,47.0,13.999842643737793,0.297868992419953,1.28828763961792,4.220798096758254,4.518667089178207,102.55309736728668,197.0,38,39,276,270,546,run2_g12_g12_8,single-objective/run2/g12/g12_8.pdb,65.014,-0.312,123.398,5.408,17.186,0.753,1183.722,2281.952,1098.231,35.0,-1.995,-1297.554,252.403,-271.071,1.903,31.612,484.861,759.171,-0.222,-30.764,-49.521,-16.231,-51.523,6.0,-32.672,269.0,83.0,92.517,-43.141,0.698,1.63,1.946,60.6,173.885,0.672,2.162,84.314,1.159,50.985,0.588,temp_g10_18_0001,single-objective/run2/g12/g12_8.pdb.sc
548.0,809.4393270015717,1.477079063871481,3.370624303817749,0.0,1.477079063871481,148.0,89.2339700460434,0.6029322300408337,2.4274275302886963,3.1997563009326524,3.802688530973486,47.0,14.31968355178833,0.304674118123156,1.28828763961792,4.213795499598726,4.518469617721882,103.55365359783173,195.0,38,39,279,270,549,run2_g12_g12_9,single-objective/run2/g12/g12_9.pdb,69.719,-0.28,129.12,5.633,26.223,1.144,1167.268,2292.152,1124.884,35.0,-1.995,-1300.86,253.235,-271.718,1.909,31.12,490.609,762.651,-0.146,-30.764,-49.521,-15.233,-51.523,6.0,-33.053,269.0,83.0,92.414,-43.496,0.698,1.739,1.946,59.989,173.423,0.67,2.237,87.234,1.297,57.071,0.588,temp_g12_05_0001,single-objective/run2/g12/g12_9.pdb.sc
546.0,806.3584336042404,1.4768469479931143,3.370624303817749,0.0,1.4768469479931143,151.0,90.62865126132965,0.6001897434525142,2.4274275302886963,3.1950740948418117,3.7952638382943262,46.0,14.314960956573486,0.3111948034037714,1.28828763961792,4.226157836292101,4.5373526396958725,104.94361221790314,197.0,38,39,277,270,547,run2_g13_g13_0,single-objective/run2/g13/g13_0.pdb,65.268,-0.296,129.156,5.635,26.274,1.146,1167.268,2292.152,1124.884,37.0,-1.995,-1302.463,250.784,-273.909,1.902,30.918,491.153,764.18,-0.146,-30.764,-49.521,-16.861,-51.523,6.0,-33.028,269.0,83.0,92.414,-43.78,0.673,1.719,1.946,59.939,175.289,0.67,2.237,87.252,1.259,55.399,0.588,temp_g5_16_0001,single-objective/run2/g13/g13_0.pdb.sc
546.0,806.3584336042404,1.4768469479931143,3.370624303817749,0.0,1.4768469479931143,151.0,90.62865126132965,0.6001897434525142,2.4274275302886963,3.1950740948418117,3.7952638382943262,46.0,14.314960956573486,0.3111948034037714,1.28828763961792,4.226157836292101,4.5373526396958725,104.94361221790314,197.0,38,39,277,270,547,run2_g13_g13_1,single-objective/run2/g13/g13_1.pdb,65.268,-0.296,129.156,5.635,26.274,1.146,1167.268,2292.152,1124.884,37.0,-1.995,-1302.463,250.784,-273.909,1.902,30.918,491.153,764.18,-0.146,-30.764,-49.521,-16.861,-51.523,6.0,-33.028,269.0,83.0,92.414,-43.78,0.673,1.719,1.946,59.939,175.289,0.67,2.237,87.252,1.259,55.399,0.588,temp_g5_16_0001,single-objective/run2/g13/g13_1.pdb.sc
547.0,808.4998562335968,1.4780618943941441,3.370624303817749,0.0,1.4780618943941441,150.0,90.26138651371002,0.6017425767580669,2.4274275302886963,3.2121982089678447,3.8139407857259116,47.0,14.320406675338745,0.3046895037306116,1.28828763961792,4.21370575275827,4.518395256488882,104.58179318904877,197.0,38,39,278,270,548,run2_g13_g13_10,single-objective/run2/g13/g13_10.pdb,71.337,-0.272,129.232,5.638,27.063,1.181,1167.268,2292.152,1124.884,37.0,-1.995,-1302.163,253.429,-271.994,1.91,30.997,490.643,762.211,-0.141,-30.764,-49.521,-15.233,-51.523,6.0,-33.142,269.0,83.0,92.414,-42.908,0.712,1.734,1.946,60.649,175.795,0.671,2.256,87.97,1.272,55.967,0.588,temp_g13_11_0001,single-objective/run2/g13/g13_10.pdb.sc
546.0,806.0245445966721,1.4762354296642346,3.370624303817749,0.0,1.4762354296642346,152.0,89.29284369945526,0.5874529190753636,2.4274275302886963,3.2342905394340815,3.821743458509445,47.0,13.999842643737793,0.297868992419953,1.28828763961792,4.220798096758254,4.518667089178207,103.29268634319305,199.0,38,39,277,270,547,run2_g13_g13_11,single-objective/run2/g13/g13_11.pdb,70.686,-0.29,125.607,5.504,16.618,0.728,1183.722,2281.952,1098.231,33.0,-1.995,-1301.201,255.028,-271.263,1.965,31.766,490.893,759.747,-0.185,-30.764,-49.521,-16.231,-51.523,6.0,-32.727,269.0,83.0,92.517,-42.793,0.691,1.68,1.946,60.706,173.546,0.667,2.19,85.415,1.228,54.04,0.588,temp_g11_06_0001,single-objective/run2/g13/g13_11.pdb.sc
545.0,804.5052207708359,1.4761563683868548,3.370624303817749,0.0,1.4761563683868548,150.0,88.55325472354889,0.590355031490326,2.4274275302886963,3.227433038552602,3.817788070042928,47.0,13.999842643737793,0.297868992419953,1.28828763961792,4.220798096758254,4.518667089178207,102.55309736728668,197.0,38,39,276,270,546,run2_g13_g13_12,single-objective/run2/g13/g13_12.pdb,65.014,-0.312,123.398,5.408,17.186,0.753,1183.722,2281.952,1098.231,35.0,-1.995,-1297.554,252.403,-271.071,1.903,31.612,484.861,759.171,-0.222,-30.764,-49.521,-16.231,-51.523,6.0,-32.672,269.0,83.0,92.517,-43.141,0.698,1.63,1.946,60.6,173.885,0.672,2.162,84.314,1.159,50.985,0.588,temp_g10_18_0001,single-objective/run2/g13/g13_12.pdb.sc
544.0,803.3766144514084,1.4767952471533243,3.370624303817749,0.0,1.4767952471533243,152.0,89.56474316120148,0.589241731323694,2.4274275302886963,3.226662358955333,3.815904090279027,46.0,13.998871326446533,0.30432328970535943,1.28828763961792,4.233029349990513,4.5373526396958725,103.56361448764801,198.0,38,39,275,270,545,run2_g13_g13_13,single-objective/run2/g13/g13_13.pdb,70.113,-0.291,123.388,5.407,17.176,0.753,1183.722,2281.952,1098.231,35.0,-1.995,-1300.916,252.559,-272.14,1.961,31.021,491.053,761.0,-0.223,-30.764,-49.521,-15.233,-51.523,6.0,-32.95,269.0,83.0,92.517,-42.681,0.683,1.687,1.946,60.595,174.597,0.672,2.162,84.309,1.266,55.716,0.588,temp_g12_07_0001,single-objective/run2/g13/g13_13.pdb.sc
546.0,806.3584336042404,1.4768469479931143,3.370624303817749,0.0,1.4768469479931143,151.0,90.62865126132965,0.6001897434525142,2.4274275302886963,3.1950740948418117,3.7952638382943262,46.0,14.314960956573486,0.3111948034037714,1.28828763961792,4.226157836292101,4.5373526396958725,104.94361221790314,197.0,38,39,277,270,547,run2_g13_g13_14,single-objective/run2/g13/g13_14.pdb,65.268,-0.296,129.156,5.635,26.274,1.146,1167.268,2292.152,1124.884,37.0,-1.995,-1302.463,250.784,-273.909,1.902,30.918,491.153,764.18,-0.146,-30.764,-49.521,-16.861,-51.523,6.0,-33.028,269.0,83.0,92.414,-43.78,0.673,1.719,1.946,59.939,175.289,0.67,2.237,87.252,1.259,55.399,0.588,temp_g5_16_0001,single-objective/run2/g13/g13_14.pdb.sc
546.0,806.3584336042404,1.4768469479931143,3.370624303817749,0.0,1.4768469479931143,151.0,90.62865126132965,0.6001897434525142,2.4274275302886963,3.1950740948418117,3.7952638382943262,46.0,14.314960956573486,0.3111948034037714,1.28828763961792,4.226157836292101,4.5373526396958725,104.94361221790314,197.0,38,39,277,270,547,run2_g13_g13_15,single-objective/run2/g13/g13_15.pdb,65.268,-0.296,129.156,5.635,26.274,1.146,1167.268,2292.152,1124.884,37.0,-1.995,-1302.463,250.784,-273.909,1.902,30.918,491.153,764.18,-0.146,-30.764,-49.521,-16.861,-51.523,6.0,-33.028,269.0,83.0,92.414,-43.78,0.673,1.719,1.946,59.939,175.289,0.67,2.237,87.252,1.259,55.399,0.588,temp_g5_16_0001,single-objective/run2/g13/g13_15.pdb.sc
546.0,806.0266138315201,1.4762392194716485,3.370624303817749,0.0,1.4762392194716485,151.0,89.49566805362701,0.5926865434015034,2.4274275302886963,3.2245454875049213,3.8172320309064247,47.0,14.239368915557861,0.30296529607569916,1.28828763961792,4.215701793102508,4.518667089178207,103.73503696918488,198.0,38,39,277,270,547,run2_g13_g13_16,single-objective/run2/g13/g13_16.pdb,68.696,-0.289,129.577,5.665,23.132,1.011,1184.438,2287.17,1102.733,37.0,-1.995,-1299.998,252.403,-270.938,1.904,31.612,490.043,758.915,-0.133,-30.764,-49.521,-16.231,-51.523,6.0,-32.848,269.0,83.0,92.414,-42.68,0.672,1.707,1.946,60.958,174.411,0.665,2.241,87.4,1.233,54.262,0.588,temp_g13_22_0001,single-objective/run2/g13/g13_16.pdb.sc
549.0,811.6414974927902,1.4783998132837708,3.370624303817749,0.0,1.4783998132837708,154.0,91.5948498249054,0.5947717521097753,2.4274275302886963,3.1901711860260407,3.7849429381358157,47.0,15.08815598487854,0.32102459542294765,1.28828763961792,4.163583562729206,4.484608158152154,106.68300580978394,201.0,38,39,280,270,550,run2_g13_g13_17,single-objective/run2/g13/g13_17.pdb,55.744,-0.329,126.087,5.48,22.587,0.982,1181.539,2301.022,1119.483,37.0,-1.995,-1305.663,250.78,-273.293,1.917,30.958,492.625,756.399,-0.169,-30.764,-49.521,-16.861,-51.523,6.0,-33.246,269.0,83.0,92.414,-44.732,0.712,1.638,1.946,58.748,176.97,0.688,2.215,86.398,1.127,49.593,0.588,temp_g9_04_0001,single-objective/run2/g13/g13_17.pdb.sc
547.0,809.0806618928909,1.4791236963306964,3.370624303817749,0.0,1.4791236963306964,151.0,90.73398292064667,0.6008873041102428,2.4274275302886963,3.1821639782545583,3.7830512823648013,45.0,13.881818771362305,0.308484861585829,1.28828763961792,4.196672095192803,4.505156956778633,104.61580169200897,196.0,38,39,278,270,548,run2_g13_g13_18,single-objective/run2/g13/g13_18.pdb,400.501,0.954,109.767,4.817,1.24,0.054,1225.478,2278.945,1053.467,31.0,-1.995,-1303.214,248.657,-272.098,1.903,30.291,566.138,752.41,-2.473,-30.764,-49.521,-15.233,-50.988,6.0,-33.027,269.0,83.0,91.255,-34.317,0.699,4.092,245.966,83.319,171.13,0.676,1.977,77.091,5.967,262.566,0.588,temp_g12_22_0001,single-objective/run2/g13/g13_18.pdb.sc
549.0,810.7929434776306,1.4768541775548827,3.370624303817749,0.0,1.4768541775548827,156.0,93.9761813879013,0.6024114191532135,2.4274275302886963,3.19160149876888,3.7940129179220934,47.0,14.161818742752075,0.3013152923989803,1.28828763961792,4.2336842810854,4.53499957348438,108.13800013065338,203.0,38,39,280,270,550,run2_g13_g13_19,single-objective/run2/g13/g13_19.pdb,208.233,0.211,107.829,4.623,2.588,0.111,1169.026,2332.487,1163.46,35.0,-1.995,-1314.897,253.219,-276.75,1.946,30.614,651.037,761.607,-1.478,-30.764,-49.521,-16.861,-51.523,6.0,-33.517,269.0,83.0,92.414,-45.015,0.7,2.508,1.946,59.046,176.661,0.678,1.964,76.61,2.989,131.525,0.588,temp_g12_08_0001,single-objective/run2/g13/g13_19.pdb.sc
546.0,806.3584336042404,1.4768469479931143,3.370624303817749,0.0,1.4768469479931143,151.0,90.62865126132965,0.6001897434525142,2.4274275302886963,3.1950740948418117,3.7952638382943262,46.0,14.314960956573486,0.3111948034037714,1.28828763961792,4.226157836292101,4.5373526396958725,104.94361221790314,197.0,38,39,277,270,547,run2_g13_g13_2,single-objective/run2/g13/g13_2.pdb,65.268,-0.296,129.156,5.635,26.274,1.146,1167.268,2292.152,1124.884,37.0,-1.995,-1302.463,250.784,-273.909,1.902,30.918,491.153,764.18,-0.146,-30.764,-49.521,-16.861,-51.523,6.0,-33.028,269.0,83.0,92.414,-43.78,0.673,1.719,1.946,59.939,175.289,0.67,2.237,87.252,1.259,55.399,0.588,temp_g5_16_0001,single-objective/run2/g13/g13_2.pdb.sc
544.0,804.6188592910767,1.479078785461538,3.370624303817749,0.0,1.479078785461538,152.0,90.58484828472137,0.595952949241588,2.4274275302886963,3.1937419246686134,3.7896948739102014,46.0,14.738568544387817,0.3204036640084308,1.28828763961792,4.201764282972916,4.522167946981347,105.32341682910919,198.0,38,39,275,270,545,run2_g13_g13_20,single-objective/run2/g13/g13_20.pdb,59.08,-0.319,126.012,5.476,22.402,0.974,1181.539,2301.022,1119.483,35.0,-1.995,-1298.207,249.183,-273.512,1.895,30.779,489.191,758.451,-0.171,-30.764,-49.521,-16.861,-51.523,6.0,-33.255,269.0,83.0,92.414,-44.283,0.755,1.645,1.946,59.094,175.462,0.687,2.197,85.681,1.157,50.891,0.588,temp_g10_09_0001,single-objective/run2/g13/g13_20.pdb.sc
546.0,806.3584336042404,1.4768469479931143,3.370624303817749,0.0,1.4768469479931143,151.0,90.62865126132965,0.6001897434525142,2.4274275302886963,3.1950740948418117,3.7952638382943262,46.0,14.314960956573486,0.3111948034037714,1.28828763961792,4.226157836292101,4.5373526396958725,104.94361221790314,197.0,38,39,277,270,547,run2_g13_g13_21,single-objective/run2/g13/g13_21.pdb,65.268,-0.296,129.156,5.635,26.274,1.146,1167.268,2292.152,1124.884,37.0,-1.995,-1302.463,250.784,-273.909,1.902,30.918,491.153,764.18,-0.146,-30.764,-49.521,-16.861,-51.523,6.0,-33.028,269.0,83.0,92.414,-43.78,0.673,1.719,1.946,59.939,175.289,0.67,2.237,87.252,1.259,55.399,0.588,temp_g5_16_0001,single-objective/run2/g13/g13_21.pdb.sc
546.0,806.3584336042404,1.4768469479931143,3.370624303817749,0.0,1.4768469479931143,151.0,90.62865126132965,0.6001897434525142,2.4274275302886963,3.1950740948418117,3.7952638382943262,46.0,14.314960956573486,0.3111948034037714,1.28828763961792,4.226157836292101,4.5373526396958725,104.94361221790314,197.0,38,39,277,270,547,run2_g13_g13_22,single-objective/run2/g13/g13_22.pdb,65.268,-0.296,129.156,5.635,26.274,1.146,1167.268,2292.152,1124.884,37.0,-1.995,-1302.463,250.784,-273.909,1.902,30.918,491.153,764.18,-0.146,-30.764,-49.521,-16.861,-51.523,6.0,-33.028,269.0,83.0,92.414,-43.78,0.673,1.719,1.946,59.939,175.289,0.67,2.237,87.252,1.259,55.399,0.588,temp_g5_16_0001,single-objective/run2/g13/g13_22.pdb.sc
544.0,803.4408656358719,1.4769133559482939,3.370624303817749,0.0,1.4769133559482939,148.0,89.04989445209503,0.6016884760276692,2.4274275302886963,3.201000125827016,3.802688601854685,47.0,14.294596195220947,0.3041403445791691,1.28828763961792,4.255329502389786,4.559469846968955,103.34449064731598,195.0,38,39,275,270,545,run2_g13_g13_23,single-objective/run2/g13/g13_23.pdb,52.751,-0.351,120.531,5.265,15.592,0.681,1157.682,2289.372,1131.69,36.0,-1.995,-1297.157,250.115,-273.1,1.9,30.879,481.591,758.954,-0.224,-30.764,-49.521,-16.533,-51.523,5.0,-33.015,269.0,83.0,92.368,-45.878,0.699,1.54,1.946,57.519,176.377,0.675,2.089,81.471,1.054,46.37,0.588,temp_g12_00_0001,single-objective/run2/g13/g13_23.pdb.sc
544.0,803.4418030977249,1.476915079223759,3.370624303817749,0.0,1.476915079223759,151.0,89.69554007053375,0.5940101991426077,2.4274275302886963,3.210193483245294,3.8042036823879015,46.0,13.998871326446533,0.30432328970535943,1.28828763961792,4.233029349990513,4.5373526396958725,103.69441139698029,197.0,38,39,275,270,545,run2_g13_g13_24,single-objective/run2/g13/g13_24.pdb,59.675,-0.328,125.672,5.507,16.363,0.717,1183.722,2281.952,1098.231,35.0,-1.995,-1299.39,249.161,-273.44,1.901,30.899,485.405,760.445,-0.187,-30.764,-49.521,-16.861,-51.523,6.0,-32.632,269.0,83.0,92.517,-43.577,0.652,1.616,1.946,60.14,176.377,0.667,2.191,85.447,1.105,48.64,0.588,temp_g10_00_0001,single-objective/run2/g13/g13_24.pdb.sc
546.0,806.0335441827774,1.4762519124226692,3.370624303817749,0.0,1.4762519124226692,153.0,90.22570025920868,0.5897104592105142,2.4274275302886963,3.23975780976364,3.829468268974155,47.0,13.901891708374023,0.29578492996540473,1.28828763961792,4.222882159212802,4.518667089178207,104.1275919675827,200.0,38,39,277,270,547,run2_g13_g13_3,single-objective/run2/g13/g13_3.pdb,283.479,0.503,123.539,5.414,17.671,0.774,1183.722,2281.952,1098.231,35.0,-1.995,-1301.738,253.732,-271.672,1.924,31.756,705.383,759.9,-0.216,-30.764,-49.521,-16.231,-51.523,6.0,-32.615,269.0,83.0,92.467,-42.515,0.693,3.457,1.946,61.455,172.904,0.673,2.181,85.065,4.587,201.848,0.588,temp_g13_08_0001,single-objective/run2/g13/g13_3.pdb.sc
546.0,807.5280919075012,1.4789891793177679,3.370624303817749,0.0,1.4789891793177679,157.0,93.80110967159271,0.5974592972712912,2.4274275302886963,3.1908726472004205,3.7883319444717114,44.0,13.779145240783691,0.313162391835993,1.28828763961792,4.211433345621282,4.524595737457275,107.5802549123764,201.0,38,39,277,270,547,run2_g13_g13_4,single-objective/run2/g13/g13_4.pdb,614.515,1.746,105.808,4.643,0.493,0.022,1225.478,2278.945,1053.467,33.0,-1.995,-1309.001,247.535,-274.89,1.917,30.233,787.205,754.668,-7.759,-30.764,-49.521,-16.861,-50.988,6.0,-32.944,269.0,83.0,91.205,-33.976,0.678,5.877,245.966,84.124,172.015,0.681,1.938,75.577,9.369,412.215,0.588,temp_g13_18_0001,single-objective/run2/g13/g13_4.pdb.sc
546.0,806.4554708003998,1.477024671795604,3.370624303817749,0.0,1.477024671795604,154.0,90.63935077190399,0.5885672128045714,2.4274275302886963,3.2006197803980343,3.789186993202606,46.0,14.314960956573486,0.3111948034037714,1.28828763961792,4.226157836292101,4.5373526396958725,104.95431172847748,200.0,38,39,277,270,547,run2_g13_g13_5,single-objective/run2/g13/g13_5.pdb,36.494,-0.4,101.762,4.404,0.696,0.03,1162.657,2310.833,1148.176,37.0,-1.995,-1303.704,250.751,-275.652,1.907,30.826,468.83,761.026,-5.496,-30.764,-49.521,-16.861,-51.523,6.0,-33.469,269.0,83.0,92.414,-44.054,0.711,1.375,1.946,59.656,176.095,0.677,1.904,74.244,0.907,39.904,0.588,temp_g13_01_0001,single-objective/run2/g13/g13_5.pdb.sc
548.0,809.1267731189728,1.4765087100711183,3.370624303817749,0.0,1.4765087100711183,156.0,94.45161616802216,0.605459078000142,2.4274275302886963,3.2022510866324105,3.8077101646325526,46.0,13.996396780014038,0.3042694952176965,1.28828763961792,4.25821370145549,4.562483196673186,108.4480129480362,202.0,38,39,279,270,549,run2_g13_g13_6,single-objective/run2/g13/g13_6.pdb,262.758,0.416,107.935,4.627,3.633,0.156,1169.026,2332.487,1163.46,36.0,-1.995,-1309.708,252.312,-277.592,1.928,30.595,698.558,766.275,-1.053,-30.764,-49.521,-16.861,-51.523,6.0,-33.656,269.0,83.0,92.363,-44.027,0.759,3.214,1.946,60.112,173.729,0.679,1.984,77.361,4.305,189.437,0.588,temp_g13_24_0001,single-objective/run2/g13/g13_6.pdb.sc
547.0,808.5806112289429,1.4782095269267694,3.370624303817749,0.0,1.4782095269267694,155.0,92.43520617485046,0.596356168870003,2.4274275302886963,3.1945664005894816,3.7909225694594846,47.0,15.007134199142456,0.31930072764132883,1.28828763961792,4.1653074305108255,4.484608158152154,107.44234037399292,202.0,38,39,278,270,548,run2_g13_g13_7,single-objective/run2/g13/g13_7.pdb,59.346,-0.318,128.118,5.568,21.596,0.939,1181.539,2301.022,1119.483,35.0,-1.995,-1298.485,250.702,-273.319,1.902,30.91,488.863,757.529,-0.142,-30.764,-49.521,-16.861,-51.523,6.0,-33.182,269.0,83.0,92.363,-44.737,0.659,1.672,1.946,59.278,175.652,0.683,2.224,86.73,1.183,52.035,0.588,temp_g13_15_0001,single-objective/run2/g13/g13_7.pdb.sc
547.0,806.9712736606598,1.475267410714186,3.2207815647125244,0.0,1.475267410714186,151.0,89.94778645038605,0.595680704969444,2.4274275302886963,3.1921850616568763,3.7878657666263202,46.0,14.181888818740845,0.30830193084219226,1.28828763961792,4.208893340566884,4.517195271409077,104.12967526912689,197.0,38,39,278,270,548,run2_g13_g13_8,single-objective/run2/g13/g13_8.pdb,114.284,-0.112,180.055,7.824,76.522,3.325,1199.806,2301.327,1101.521,33.0,-1.995,-1305.396,249.185,-273.376,1.908,30.967,541.666,765.107,-0.04,-30.764,-49.521,-16.861,-51.523,6.0,-32.794,269.0,83.0,92.414,-43.913,0.697,2.316,1.946,59.918,176.731,0.659,2.92,113.89,1.781,78.344,0.588,temp_g13_19_0001,single-objective/run2/g13/g13_8.pdb.sc
549.0,811.7992794513702,1.4786872121154284,3.370624303817749,0.0,1.4786872121154284,154.0,92.13513445854187,0.5982800938866355,2.4274275302886963,3.1975433067841963,3.795823400670832,48.0,15.498241186141968,0.322880024711291,1.28828763961792,4.17090701063474,4.493787035346031,107.63337564468384,202.0,38,39,280,270,550,run2_g13_g13_9,single-objective/run2/g13/g13_9.pdb,53.242,-0.33,125.884,5.469,24.165,1.05,1183.01,2301.706,1118.695,34.0,-1.995,-1306.606,249.57,-273.229,1.92,30.948,494.278,753.296,-0.158,-30.764,-49.521,-16.861,-51.523,6.0,-33.493,269.0,83.0,92.414,-44.708,0.733,1.636,1.946,58.74,178.244,0.689,2.195,85.62,1.14,50.177,0.588,temp_g12_11_0001,single-objective/run2/g13/g13_9.pdb.sc
546.0,806.3584336042404,1.4768469479931143,3.370624303817749,0.0,1.4768469479931143,151.0,90.62865126132965,0.6001897434525142,2.4274275302886963,3.1950740948418117,3.7952638382943262,46.0,14.314960956573486,0.3111948034037714,1.28828763961792,4.226157836292101,4.5373526396958725,104.94361221790314,197.0,38,39,277,270,547,run2_g14_g14_0,single-objective/run2/g14/g14_0.pdb,65.268,-0.296,129.156,5.635,26.274,1.146,1167.268,2292.152,1124.884,37.0,-1.995,-1302.463,250.784,-273.909,1.902,30.918,491.153,764.18,-0.146,-30.764,-49.521,-16.861,-51.523,6.0,-33.028,269.0,83.0,92.414,-43.78,0.673,1.719,1.946,59.939,175.289,0.67,2.237,87.252,1.259,55.399,0.588,temp_g5_16_0001,single-objective/run2/g14/g14_0.pdb.sc
546.0,806.3584336042404,1.4768469479931143,3.370624303817749,0.0,1.4768469479931143,151.0,90.62865126132965,0.6001897434525142,2.4274275302886963,3.1950740948418117,3.7952638382943262,46.0,14.314960956573486,0.3111948034037714,1.28828763961792,4.226157836292101,4.5373526396958725,104.94361221790314,197.0,38,39,277,270,547,run2_g14_g14_1,single-objective/run2/g14/g14_1.pdb,65.268,-0.296,129.156,5.635,26.274,1.146,1167.268,2292.152,1124.884,37.0,-1.995,-1302.463,250.784,-273.909,1.902,30.918,491.153,764.18,-0.146,-30.764,-49.521,-16.861,-51.523,6.0,-33.028,269.0,83.0,92.414,-43.78,0.673,1.719,1.946,59.939,175.289,0.67,2.237,87.252,1.259,55.399,0.588,temp_g5_16_0001,single-objective/run2/g14/g14_1.pdb.sc
544.0,803.1100925207138,1.476305317133665,3.370624303817749,0.0,1.476305317133665,150.0,88.55325472354889,0.590355031490326,2.4274275302886963,3.227433038552602,3.817788070042928,47.0,13.999842643737793,0.297868992419953,1.28828763961792,4.220798096758254,4.518667089178207,102.55309736728668,197.0,38,39,275,270,545,run2_g14_g14_10,single-objective/run2/g14/g14_10.pdb,64.552,-0.313,125.5,5.5,17.149,0.752,1183.722,2281.952,1098.231,35.0,-1.995,-1296.796,251.873,-270.678,1.903,31.588,484.856,755.92,-0.179,-30.764,-49.521,-16.231,-51.523,6.0,-32.526,269.0,83.0,92.517,-43.08,0.697,1.632,1.946,60.977,175.499,0.667,2.189,85.361,1.139,50.127,0.588,temp_g14_12_0001,single-objective/run2/g14/g14_10.pdb.sc
546.0,806.4554708003998,1.477024671795604,3.370624303817749,0.0,1.477024671795604,154.0,90.63935077190399,0.5885672128045714,2.4274275302886963,3.2006197803980343,3.789186993202606,46.0,14.314960956573486,0.3111948034037714,1.28828763961792,4.226157836292101,4.5373526396958725,104.95431172847748,200.0,38,39,277,270,547,run2_g14_g14_11,single-objective/run2/g14/g14_11.pdb,36.494,-0.4,101.762,4.404,0.696,0.03,1162.657,2310.833,1148.176,37.0,-1.995,-1303.704,250.751,-275.652,1.907,30.826,468.83,761.026,-5.496,-30.764,-49.521,-16.861,-51.523,6.0,-33.469,269.0,83.0,92.414,-44.054,0.711,1.375,1.946,59.656,176.095,0.677,1.904,74.244,0.907,39.904,0.588,temp_g13_01_0001,single-objective/run2/g14/g14_11.pdb.sc
550.0,812.1223970651627,1.476586176482114,3.370624303817749,0.0,1.476586176482114,155.0,91.94014000892639,0.5931621936059768,2.4274275302886963,3.1877378894436745,3.780900083049651,47.0,14.842056512832642,0.31578843644324767,1.28828763961792,4.163583562729206,4.4793719991724545,106.78219652175903,202.0,38,39,281,270,551,run2_g14_g14_12,single-objective/run2/g14/g14_12.pdb,67.8,-0.287,125.716,5.463,21.503,0.935,1181.539,2301.022,1119.483,37.0,-1.995,-1304.237,254.558,-273.553,1.903,31.145,491.041,769.229,-0.178,-30.764,-49.521,-16.861,-51.523,6.0,-33.179,269.0,83.0,92.363,-44.468,0.718,1.747,1.946,58.948,172.182,0.687,2.193,85.533,1.352,59.48,0.588,temp_g14_07_0001,single-objective/run2/g14/g14_12.pdb.sc
549.0,811.6414974927902,1.4783998132837708,3.370624303817749,0.0,1.4783998132837708,154.0,91.5948498249054,0.5947717521097753,2.4274275302886963,3.1901711860260407,3.7849429381358157,47.0,15.08815598487854,0.32102459542294765,1.28828763961792,4.163583562729206,4.484608158152154,106.68300580978394,201.0,38,39,280,270,550,run2_g14_g14_13,single-objective/run2/g14/g14_13.pdb,55.744,-0.329,126.087,5.48,22.587,0.982,1181.539,2301.022,1119.483,37.0,-1.995,-1305.663,250.78,-273.293,1.917,30.958,492.625,756.399,-0.169,-30.764,-49.521,-16.861,-51.523,6.0,-33.246,269.0,83.0,92.414,-44.732,0.712,1.638,1.946,58.748,176.97,0.688,2.215,86.398,1.127,49.593,0.588,temp_g9_04_0001,single-objective/run2/g14/g14_13.pdb.sc
544.0,803.4408656358719,1.4769133559482939,3.370624303817749,0.0,1.4769133559482939,148.0,89.04989445209503,0.6016884760276692,2.4274275302886963,3.201000125827016,3.802688601854685,47.0,14.294596195220947,0.3041403445791691,1.28828763961792,4.255329502389786,4.559469846968955,103.34449064731598,195.0,38,39,275,270,545,run2_g14_g14_14,single-objective/run2/g14/g14_14.pdb,52.751,-0.351,120.531,5.265,15.592,0.681,1157.682,2289.372,1131.69,36.0,-1.995,-1297.157,250.115,-273.1,1.9,30.879,481.591,758.954,-0.224,-30.764,-49.521,-16.533,-51.523,5.0,-33.015,269.0,83.0,92.368,-45.878,0.699,1.54,1.946,57.519,176.377,0.675,2.089,81.471,1.054,46.37,0.588,temp_g12_00_0001,single-objective/run2/g14/g14_14.pdb.sc
541.0,799.1652781963348,1.4772001445403602,3.370624303817749,0.0,1.4772001445403602,150.0,88.24976086616516,0.5883317391077677,2.4274275302886963,3.227122662862142,3.8154544019699097,45.0,13.568998336791992,0.3015332963731554,1.28828763961792,4.311384126875136,4.612917423248291,101.81875920295715,195.0,38,39,272,270,542,run2_g14_g14_15,single-objective/run2/g14/g14_15.pdb,58.931,-0.324,125.034,5.396,17.047,0.736,1165.929,2317.046,1151.117,34.0,-1.995,-1287.019,249.523,-276.031,1.888,30.686,473.673,765.12,-0.161,-30.764,-49.521,-16.861,-51.523,5.0,-32.555,269.0,83.0,92.414,-44.08,0.666,1.628,1.946,59.662,173.781,0.642,2.104,82.047,1.206,53.077,0.588,temp_g14_02_0001,single-objective/run2/g14/g14_15.pdb.sc
545.0,804.5052207708359,1.4761563683868548,3.370624303817749,0.0,1.4761563683868548,150.0,88.55325472354889,0.590355031490326,2.4274275302886963,3.227433038552602,3.817788070042928,47.0,13.999842643737793,0.297868992419953,1.28828763961792,4.220798096758254,4.518667089178207,102.55309736728668,197.0,38,39,276,270,546,run2_g14_g14_16,single-objective/run2/g14/g14_16.pdb,65.014,-0.312,123.398,5.408,17.186,0.753,1183.722,2281.952,1098.231,35.0,-1.995,-1297.554,252.403,-271.071,1.903,31.612,484.861,759.171,-0.222,-30.764,-49.521,-16.231,-51.523,6.0,-32.672,269.0,83.0,92.517,-43.141,0.698,1.63,1.946,60.6,173.885,0.672,2.162,84.314,1.159,50.985,0.588,temp_g10_18_0001,single-objective/run2/g14/g14_16.pdb.sc
546.0,807.5280919075012,1.4789891793177679,3.370624303817749,0.0,1.4789891793177679,157.0,93.80110967159271,0.5974592972712912,2.4274275302886963,3.1908726472004205,3.7883319444717114,44.0,13.779145240783691,0.313162391835993,1.28828763961792,4.211433345621282,4.524595737457275,107.5802549123764,201.0,38,39,277,270,547,run2_g14_g14_17,single-objective/run2/g14/g14_17.pdb,614.515,1.746,105.808,4.643,0.493,0.022,1225.478,2278.945,1053.467,33.0,-1.995,-1309.001,247.535,-274.89,1.917,30.233,787.205,754.668,-7.759,-30.764,-49.521,-16.861,-50.988,6.0,-32.944,269.0,83.0,91.205,-33.976,0.678,5.877,245.966,84.124,172.015,0.681,1.938,75.577,9.369,412.215,0.588,temp_g13_18_0001,single-objective/run2/g14/g14_17.pdb.sc
546.0,806.4554708003998,1.477024671795604,3.370624303817749,0.0,1.477024671795604,154.0,90.63935077190399,0.5885672128045714,2.4274275302886963,3.2006197803980343,3.789186993202606,46.0,14.314960956573486,0.3111948034037714,1.28828763961792,4.226157836292101,4.5373526396958725,104.95431172847748,200.0,38,39,277,270,547,run2_g14_g14_18,single-objective/run2/g14/g14_18.pdb,36.494,-0.403,101.65,4.399,-0.309,-0.013,1162.657,2310.833,1148.176,35.0,-1.995,-1303.704,250.751,-275.652,1.907,30.826,468.83,761.026,12.375,-30.764,-49.521,-16.861,-51.523,6.0,-33.469,269.0,83.0,92.414,-44.054,0.704,1.37,1.946,59.656,176.095,0.676,1.885,73.508,0.913,40.189,0.588,temp_g14_22_0001,single-objective/run2/g14/g14_18.pdb.sc
546.0,806.3584336042404,1.4768469479931143,3.370624303817749,0.0,1.4768469479931143,151.0,90.62865126132965,0.6001897434525142,2.4274275302886963,3.1950740948418117,3.7952638382943262,46.0,14.314960956573486,0.3111948034037714,1.28828763961792,4.226157836292101,4.5373526396958725,104.94361221790314,197.0,38,39,277,270,547,run2_g14_g14_19,single-objective/run2/g14/g14_19.pdb,65.268,-0.296,129.156,5.635,26.274,1.146,1167.268,2292.152,1124.884,37.0,-1.995,-1302.463,250.784,-273.909,1.902,30.918,491.153,764.18,-0.146,-30.764,-49.521,-16.861,-51.523,6.0,-33.028,269.0,83.0,92.414,-43.78,0.673,1.719,1.946,59.939,175.289,0.67,2.237,87.252,1.259,55.399,0.588,temp_g5_16_0001,single-objective/run2/g14/g14_19.pdb.sc
546.0,806.0245445966721,1.4762354296642346,3.370624303817749,0.0,1.4762354296642346,152.0,89.29284369945526,0.5874529190753636,2.4274275302886963,3.2342905394340815,3.821743458509445,47.0,13.999842643737793,0.297868992419953,1.28828763961792,4.220798096758254,4.518667089178207,103.29268634319305,199.0,38,39,277,270,547,run2_g14_g14_2,single-objective/run2/g14/g14_2.pdb,70.686,-0.29,125.607,5.504,16.618,0.728,1183.722,2281.952,1098.231,33.0,-1.995,-1301.201,255.028,-271.263,1.965,31.766,490.893,759.747,-0.185,-30.764,-49.521,-16.231,-51.523,6.0,-32.727,269.0,83.0,92.517,-42.793,0.691,1.68,1.946,60.706,173.546,0.667,2.19,85.415,1.228,54.04,0.588,temp_g11_06_0001,single-objective/run2/g14/g14_2.pdb.sc
547.0,808.4998562335968,1.4780618943941441,3.370624303817749,0.0,1.4780618943941441,150.0,90.26138651371002,0.6017425767580669,2.4274275302886963,3.2121982089678447,3.8139407857259116,47.0,14.320406675338745,0.3046895037306116,1.28828763961792,4.21370575275827,4.518395256488882,104.58179318904877,197.0,38,39,278,270,548,run2_g14_g14_20,single-objective/run2/g14/g14_20.pdb,71.337,-0.272,129.232,5.638,27.063,1.181,1167.268,2292.152,1124.884,37.0,-1.995,-1302.163,253.429,-271.994,1.91,30.997,490.643,762.211,-0.141,-30.764,-49.521,-15.233,-51.523,6.0,-33.142,269.0,83.0,92.414,-42.908,0.712,1.734,1.946,60.649,175.795,0.671,2.256,87.97,1.272,55.967,0.588,temp_g13_11_0001,single-objective/run2/g14/g14_20.pdb.sc
546.0,806.3584336042404,1.4768469479931143,3.370624303817749,0.0,1.4768469479931143,151.0,90.62865126132965,0.6001897434525142,2.4274275302886963,3.1950740948418117,3.7952638382943262,46.0,14.314960956573486,0.3111948034037714,1.28828763961792,4.226157836292101,4.5373526396958725,104.94361221790314,197.0,38,39,277,270,547,run2_g14_g14_21,single-objective/run2/g14/g14_21.pdb,65.268,-0.296,129.156,5.635,26.274,1.146,1167.268,2292.152,1124.884,37.0,-1.995,-1302.463,250.784,-273.909,1.902,30.918,491.153,764.18,-0.146,-30.764,-49.521,-16.861,-51.523,6.0,-33.028,269.0,83.0,92.414,-43.78,0.673,1.719,1.946,59.939,175.289,0.67,2.237,87.252,1.259,55.399,0.588,temp_g5_16_0001,single-objective/run2/g14/g14_21.pdb.sc
545.0,804.963241815567,1.4769967739735175,3.370624303817749,0.0,1.4769967739735175,150.0,90.42706489562988,0.6028470993041992,2.4274275302886963,3.1945663356781004,3.7974134349822997,46.0,14.432979345321655,0.31376042055047076,1.28828763961792,4.223062903984733,4.536823324535204,104.86004424095154,196.0,38,39,276,270,546,run2_g14_g14_22,single-objective/run2/g14/g14_22.pdb,66.653,-0.283,131.283,5.765,29.213,1.283,1166.578,2277.317,1110.739,33.0,-1.995,-1301.788,250.471,-273.934,1.9,30.895,493.348,762.267,-0.131,-30.764,-49.521,-16.861,-51.523,6.0,-32.842,269.0,83.0,92.414,-43.792,0.651,1.758,1.946,59.932,175.925,0.668,2.27,88.52,1.304,57.393,0.576,temp_g14_00_0001,single-objective/run2/g14/g14_22.pdb.sc
542.0,801.7022287845612,1.479155403661552,3.370624303817749,0.0,1.479155403661552,152.0,89.65173709392548,0.589814059828457,2.4274275302886963,3.208761843411546,3.7985759032400033,46.0,14.422478914260864,0.3135321503100188,1.28828763961792,4.208635796671328,4.522167946981347,104.07421600818634,198.0,38,39,273,270,543,run2_g14_g14_23,single-objective/run2/g14/g14_23.pdb,53.486,-0.351,122.528,5.349,12.856,0.561,1197.992,2290.822,1092.83,35.0,-1.995,-1295.134,247.561,-273.043,1.895,30.759,483.443,754.716,-0.238,-30.764,-49.521,-16.861,-51.523,6.0,-32.859,269.0,83.0,92.517,-44.08,0.742,1.542,1.946,59.295,176.55,0.685,2.151,83.876,1.003,44.133,0.588,temp_g14_20_0001,single-objective/run2/g14/g14_23.pdb.sc
547.0,808.0510199069977,1.4772413526636154,3.370624303817749,0.0,1.4772413526636154,151.0,89.97330439090729,0.5958496979530284,2.4274275302886963,3.2279135715093044,3.823763269462333,47.0,13.905642986297607,0.2958647443893108,1.28828763961792,4.222604873332571,4.518469617721882,103.8789473772049,198.0,38,39,278,270,548,run2_g14_g14_24,single-objective/run2/g14/g14_24.pdb,282.591,0.499,125.665,5.507,16.521,0.724,1183.722,2281.952,1098.231,35.0,-1.995,-1301.972,252.941,-271.85,1.929,31.244,705.383,759.646,-0.186,-30.764,-49.521,-15.233,-51.523,6.0,-32.601,269.0,83.0,92.467,-42.667,0.67,3.457,1.946,61.044,173.529,0.667,2.191,85.443,4.579,201.461,0.588,temp_g14_03_0001,single-objective/run2/g14/g14_24.pdb.sc
547.0,809.4048899412155,1.4797164349930814,3.370624303817749,0.0,1.4797164349930814,156.0,91.00708210468292,0.5833787314402752,2.4274275302886963,3.25041212561803,3.833790857058305,49.0,14.624385595321655,0.2984568488841154,1.28828763961792,4.221191761445026,4.519648610329141,105.63146770000458,205.0,38,39,278,270,548,run2_g14_g14_3,single-objective/run2/g14/g14_3.pdb,69.763,-0.295,120.199,5.14,11.912,0.509,1237.601,2338.706,1101.104,40.0,-1.995,-1303.074,255.533,-270.945,1.97,31.697,490.314,757.41,-0.257,-30.764,-49.521,-16.231,-51.523,6.0,-32.491,269.0,83.0,92.517,-43.03,0.623,1.667,1.946,63.311,174.052,0.673,2.139,83.417,1.248,54.904,0.588,temp_g14_11_0001,single-objective/run2/g14/g14_3.pdb.sc
546.0,806.3584336042404,1.4768469479931143,3.370624303817749,0.0,1.4768469479931143,151.0,90.62865126132965,0.6001897434525142,2.4274275302886963,3.1950740948418117,3.7952638382943262,46.0,14.314960956573486,0.3111948034037714,1.28828763961792,4.226157836292101,4.5373526396958725,104.94361221790314,197.0,38,39,277,270,547,run2_g14_g14_4,single-objective/run2/g14/g14_4.pdb,65.268,-0.296,129.156,5.635,26.274,1.146,1167.268,2292.152,1124.884,37.0,-1.995,-1302.463,250.784,-273.909,1.902,30.918,491.153,764.18,-0.146,-30.764,-49.521,-16.861,-51.523,6.0,-33.028,269.0,83.0,92.414,-43.78,0.673,1.719,1.946,59.939,175.289,0.67,2.237,87.252,1.259,55.399,0.588,temp_g5_16_0001,single-objective/run2/g14/g14_4.pdb.sc
549.0,810.7929434776306,1.4768541775548827,3.370624303817749,0.0,1.4768541775548827,156.0,93.9761813879013,0.6024114191532135,2.4274275302886963,3.19160149876888,3.7940129179220934,47.0,14.161818742752075,0.3013152923989803,1.28828763961792,4.2336842810854,4.53499957348438,108.13800013065338,203.0,38,39,280,270,550,run2_g14_g14_5,single-objective/run2/g14/g14_5.pdb,208.233,0.211,107.829,4.623,2.588,0.111,1169.026,2332.487,1163.46,35.0,-1.995,-1314.897,253.219,-276.75,1.946,30.614,651.037,761.607,-1.478,-30.764,-49.521,-16.861,-51.523,6.0,-33.517,269.0,83.0,92.414,-45.015,0.7,2.508,1.946,59.046,176.661,0.678,1.964,76.61,2.989,131.525,0.588,temp_g12_08_0001,single-objective/run2/g14/g14_5.pdb.sc
546.0,806.189619064331,1.4765377638540862,3.370624303817749,0.0,1.4765377638540862,154.0,94.0979825258255,0.6110258605573085,2.4274275302886963,3.203406015773872,3.814431876331181,45.0,13.624498844146729,0.3027666409810384,1.28828763961792,4.299301968680488,4.602068609661526,107.72248136997223,199.0,38,39,277,270,547,run2_g14_g14_6,single-objective/run2/g14/g14_6.pdb,264.966,0.427,115.14,4.965,7.39,0.319,1154.28,2318.891,1164.612,34.0,-1.995,-1306.853,251.975,-278.119,1.905,30.764,696.834,769.676,-0.415,-30.764,-49.521,-16.861,-51.523,6.0,-34.577,269.0,83.0,92.363,-43.872,0.685,3.251,1.946,60.167,172.846,0.662,2.04,79.55,4.324,190.268,0.576,temp_g14_06_0001,single-objective/run2/g14/g14_6.pdb.sc
547.0,809.0806618928909,1.4791236963306964,3.370624303817749,0.0,1.4791236963306964,151.0,90.73398292064667,0.6008873041102428,2.4274275302886963,3.1821639782545583,3.7830512823648013,45.0,13.881818771362305,0.308484861585829,1.28828763961792,4.196672095192803,4.505156956778633,104.61580169200897,196.0,38,39,278,270,548,run2_g14_g14_7,single-objective/run2/g14/g14_7.pdb,400.501,0.954,109.767,4.817,1.24,0.054,1225.478,2278.945,1053.467,31.0,-1.995,-1303.214,248.657,-272.098,1.903,30.291,566.138,752.41,-2.473,-30.764,-49.521,-15.233,-50.988,6.0,-33.027,269.0,83.0,91.255,-34.317,0.699,4.092,245.966,83.319,171.13,0.676,1.977,77.091,5.967,262.566,0.588,temp_g12_22_0001,single-objective/run2/g14/g14_7.pdb.sc
544.0,804.6188592910767,1.479078785461538,3.370624303817749,0.0,1.479078785461538,152.0,90.58484828472137,0.595952949241588,2.4274275302886963,3.1937419246686134,3.7896948739102014,46.0,14.738568544387817,0.3204036640084308,1.28828763961792,4.201764282972916,4.522167946981347,105.32341682910919,198.0,38,39,275,270,545,run2_g14_g14_8,single-objective/run2/g14/g14_8.pdb,59.08,-0.319,126.012,5.476,22.402,0.974,1181.539,2301.022,1119.483,35.0,-1.995,-1298.207,249.183,-273.512,1.895,30.779,489.191,758.451,-0.171,-30.764,-49.521,-16.861,-51.523,6.0,-33.255,269.0,83.0,92.414,-44.283,0.755,1.645,1.946,59.094,175.462,0.687,2.197,85.681,1.157,50.891,0.588,temp_g10_09_0001,single-objective/run2/g14/g14_8.pdb.sc
546.0,806.3584336042404,1.4768469479931143,3.370624303817749,0.0,1.4768469479931143,151.0,90.62865126132965,0.6001897434525142,2.4274275302886963,3.1950740948418117,3.7952638382943262,46.0,14.314960956573486,0.3111948034037714,1.28828763961792,4.226157836292101,4.5373526396958725,104.94361221790314,197.0,38,39,277,270,547,run2_g14_g14_9,single-objective/run2/g14/g14_9.pdb,65.268,-0.296,129.156,5.635,26.274,1.146,1167.268,2292.152,1124.884,37.0,-1.995,-1302.463,250.784,-273.909,1.902,30.918,491.153,764.18,-0.146,-30.764,-49.521,-16.861,-51.523,6.0,-33.028,269.0,83.0,92.414,-43.78,0.673,1.719,1.946,59.939,175.289,0.67,2.237,87.252,1.259,55.399,0.588,temp_g5_16_0001,single-objective/run2/g14/g14_9.pdb.sc
546.0,806.3584336042404,1.4768469479931143,3.370624303817749,0.0,1.4768469479931143,151.0,90.62865126132965,0.6001897434525142,2.4274275302886963,3.1950740948418117,3.7952638382943262,46.0,14.314960956573486,0.3111948034037714,1.28828763961792,4.226157836292101,4.5373526396958725,104.94361221790314,197.0,38,39,277,270,547,run2_g15_g15_0,single-objective/run2/g15/g15_0.pdb,65.268,-0.296,129.156,5.635,26.274,1.146,1167.268,2292.152,1124.884,37.0,-1.995,-1302.463,250.784,-273.909,1.902,30.918,491.153,764.18,-0.146,-30.764,-49.521,-16.861,-51.523,6.0,-33.028,269.0,83.0,92.414,-43.78,0.673,1.719,1.946,59.939,175.289,0.67,2.237,87.252,1.259,55.399,0.588,temp_g5_16_0001,single-objective/run2/g15/g15_0.pdb.sc
546.0,806.3584336042404,1.4768469479931143,3.370624303817749,0.0,1.4768469479931143,151.0,90.62865126132965,0.6001897434525142,2.4274275302886963,3.1950740948418117,3.7952638382943262,46.0,14.314960956573486,0.3111948034037714,1.28828763961792,4.226157836292101,4.5373526396958725,104.94361221790314,197.0,38,39,277,270,547,run2_g15_g15_1,single-objective/run2/g15/g15_1.pdb,65.268,-0.296,129.156,5.635,26.274,1.146,1167.268,2292.152,1124.884,37.0,-1.995,-1302.463,250.784,-273.909,1.902,30.918,491.153,764.18,-0.146,-30.764,-49.521,-16.861,-51.523,6.0,-33.028,269.0,83.0,92.414,-43.78,0.673,1.719,1.946,59.939,175.289,0.67,2.237,87.252,1.259,55.399,0.588,temp_g5_16_0001,single-objective/run2/g15/g15_1.pdb.sc
546.0,806.3584336042404,1.4768469479931143,3.370624303817749,0.0,1.4768469479931143,151.0,90.62865126132965,0.6001897434525142,2.4274275302886963,3.1950740948418117,3.7952638382943262,46.0,14.314960956573486,0.3111948034037714,1.28828763961792,4.226157836292101,4.5373526396958725,104.94361221790314,197.0,38,39,277,270,547,run2_g15_g15_10,single-objective/run2/g15/g15_10.pdb,65.268,-0.296,129.156,5.635,26.274,1.146,1167.268,2292.152,1124.884,37.0,-1.995,-1302.463,250.784,-273.909,1.902,30.918,491.153,764.18,-0.146,-30.764,-49.521,-16.861,-51.523,6.0,-33.028,269.0,83.0,92.414,-43.78,0.673,1.719,1.946,59.939,175.289,0.67,2.237,87.252,1.259,55.399,0.588,temp_g5_16_0001,single-objective/run2/g15/g15_10.pdb.sc
546.0,806.3584336042404,1.4768469479931143,3.370624303817749,0.0,1.4768469479931143,151.0,90.62865126132965,0.6001897434525142,2.4274275302886963,3.1950740948418117,3.7952638382943262,46.0,14.314960956573486,0.3111948034037714,1.28828763961792,4.226157836292101,4.5373526396958725,104.94361221790314,197.0,38,39,277,270,547,run2_g15_g15_11,single-objective/run2/g15/g15_11.pdb,65.268,-0.296,129.156,5.635,26.274,1.146,1167.268,2292.152,1124.884,37.0,-1.995,-1302.463,250.784,-273.909,1.902,30.918,491.153,764.18,-0.146,-30.764,-49.521,-16.861,-51.523,6.0,-33.028,269.0,83.0,92.414,-43.78,0.673,1.719,1.946,59.939,175.289,0.67,2.237,87.252,1.259,55.399,0.588,temp_g5_16_0001,single-objective/run2/g15/g15_11.pdb.sc
543.0,803.0933862924576,1.478993344921653,3.370624303817749,0.0,1.478993344921653,153.0,89.80333578586578,0.586949907097162,2.4274275302886963,3.2173019803427403,3.8042518874399023,47.0,14.476823568344116,0.30801752273072586,1.28828763961792,4.222233741841418,4.5302512645721436,104.2801593542099,200.0,38,39,274,270,544,run2_g15_g15_12,single-objective/run2/g15/g15_12.pdb,55.506,-0.345,120.374,5.269,12.976,0.568,1185.429,2284.398,1098.968,35.0,-1.995,-1295.937,248.58,-273.709,1.895,30.79,482.665,758.708,-0.295,-30.764,-49.521,-16.861,-51.523,6.0,-33.288,269.0,83.0,92.517,-43.911,0.696,1.557,1.946,60.393,174.935,0.689,2.123,82.803,1.056,46.455,0.588,temp_g15_23_0001,single-objective/run2/g15/g15_12.pdb.sc
540.0,797.605938076973,1.4770480334758758,3.370624303817749,0.0,1.4770480334758758,146.0,87.26419579982758,0.5976999712316957,2.4274275302886963,3.2461148443287366,3.843814815560432,47.0,13.32217001914978,0.28345042593935704,0.8472099304199219,4.31777978450694,4.601230210446297,100.58636581897736,193.0,38,39,271,270,541,run2_g15_g15_13,single-objective/run2/g15/g15_13.pdb,70.673,-0.286,130.09,5.798,19.555,0.872,1138.555,2243.647,1105.092,33.0,-1.995,-1288.782,253.716,-271.709,1.94,31.483,482.798,757.969,-0.157,-30.764,-49.521,-16.231,-51.523,6.0,-32.223,269.0,83.0,92.517,-42.796,0.641,1.688,1.946,60.597,172.674,0.652,2.171,84.682,1.26,55.453,0.576,temp_g15_02_0001,single-objective/run2/g15/g15_13.pdb.sc
544.0,804.0512065887451,1.4780353062293108,3.370624303817749,0.0,1.4780353062293108,150.0,90.52081978321075,0.6034721318880717,2.4274275302886963,3.203805836836497,3.8072779687245686,48.0,14.619981288909912,0.3045829435189565,1.28828763961792,4.2580651591221494,4.562648102641106,105.14080107212067,198.0,38,39,275,270,545,run2_g15_g15_14,single-objective/run2/g15/g15_14.pdb,86.294,-0.226,157.747,6.855,34.621,1.504,1163.186,2301.241,1138.055,32.0,-1.995,-1300.242,247.025,-271.774,1.908,30.884,515.304,760.444,-0.101,-30.764,-49.521,-16.533,-51.523,5.0,-31.853,269.0,83.0,92.368,-45.882,0.75,1.935,1.946,57.528,178.387,0.683,2.538,98.988,1.401,61.648,0.588,temp_g15_14_0001,single-objective/run2/g15/g15_14.pdb.sc
546.0,806.3584336042404,1.4768469479931143,3.370624303817749,0.0,1.4768469479931143,151.0,90.62865126132965,0.6001897434525142,2.4274275302886963,3.1950740948418117,3.7952638382943262,46.0,14.314960956573486,0.3111948034037714,1.28828763961792,4.226157836292101,4.5373526396958725,104.94361221790314,197.0,38,39,277,270,547,run2_g15_g15_15,single-objective/run2/g15/g15_15.pdb,65.268,-0.296,129.156,5.635,26.274,1.146,1167.268,2292.152,1124.884,37.0,-1.995,-1302.463,250.784,-273.909,1.902,30.918,491.153,764.18,-0.146,-30.764,-49.521,-16.861,-51.523,6.0,-33.028,269.0,83.0,92.414,-43.78,0.673,1.719,1.946,59.939,175.289,0.67,2.237,87.252,1.259,55.399,0.588,temp_g5_16_0001,single-objective/run2/g15/g15_15.pdb.sc
546.0,806.3584336042404,1.4768469479931143,3.370624303817749,0.0,1.4768469479931143,151.0,90.62865126132965,0.6001897434525142,2.4274275302886963,3.1950740948418117,3.7952638382943262,46.0,14.314960956573486,0.3111948034037714,1.28828763961792,4.226157836292101,4.5373526396958725,104.94361221790314,197.0,38,39,277,270,547,run2_g15_g15_16,single-objective/run2/g15/g15_16.pdb,65.268,-0.296,129.156,5.635,26.274,1.146,1167.268,2292.152,1124.884,37.0,-1.995,-1302.463,250.784,-273.909,1.902,30.918,491.153,764.18,-0.146,-30.764,-49.521,-16.861,-51.523,6.0,-33.028,269.0,83.0,92.414,-43.78,0.673,1.719,1.946,59.939,175.289,0.67,2.237,87.252,1.259,55.399,0.588,temp_g5_16_0001,single-objective/run2/g15/g15_16.pdb.sc
539.0,797.6467233896255,1.4798640508156318,3.370624303817749,0.0,1.4798640508156318,151.0,90.7183393239975,0.6007837041324338,2.4274275302886963,3.2149102664151727,3.8156939705476067,46.0,14.276464223861694,0.3103579179100368,1.28828763961792,4.242228352505228,4.552586270415264,104.99480354785919,197.0,38,39,270,270,540,run2_g15_g15_17,single-objective/run2/g15/g15_17.pdb,51.557,-0.377,114.418,5.008,9.104,0.398,1214.153,2284.84,1070.686,35.0,-1.995,-1288.507,242.733,-273.101,1.889,30.609,481.683,748.328,-0.42,-30.764,-49.521,-16.861,-51.523,6.0,-31.893,269.0,83.0,92.965,-43.76,0.672,1.453,1.946,59.758,178.985,0.678,2.017,78.664,0.953,41.953,0.588,temp_g15_08_0001,single-objective/run2/g15/g15_17.pdb.sc
546.0,806.189619064331,1.4765377638540862,3.370624303817749,0.0,1.4765377638540862,154.0,94.0979825258255,0.6110258605573085,2.4274275302886963,3.203406015773872,3.814431876331181,45.0,13.624498844146729,0.3027666409810384,1.28828763961792,4.299301968680488,4.602068609661526,107.72248136997223,199.0,38,39,277,270,547,run2_g15_g15_18,single-objective/run2/g15/g15_18.pdb,264.966,0.427,115.14,4.965,7.39,0.319,1154.28,2318.891,1164.612,34.0,-1.995,-1306.853,251.975,-278.119,1.905,30.764,696.834,769.676,-0.415,-30.764,-49.521,-16.861,-51.523,6.0,-34.577,269.0,83.0,92.363,-43.872,0.685,3.251,1.946,60.167,172.846,0.662,2.04,79.55,4.324,190.268,0.576,temp_g14_06_0001,single-objective/run2/g15/g15_18.pdb.sc
542.0,800.6868101358414,1.4772819375200026,3.370624303817749,0.0,1.4772819375200026,149.0,89.3724091053009,0.5998148262100732,2.4274275302886963,3.2098496904309166,3.8096645166409897,45.0,13.647997856140137,0.3032888412475586,1.28828763961792,4.308981238471137,4.612270079718696,103.02040696144104,194.0,38,39,273,270,543,run2_g15_g15_19,single-objective/run2/g15/g15_19.pdb,260.07,0.009,203.628,8.762,99.826,4.296,1181.845,2323.865,1142.019,34.0,-1.995,-1290.718,249.523,-276.594,1.89,30.686,681.005,763.777,-0.035,-30.764,-49.521,-16.861,-51.523,5.0,-32.736,269.0,84.0,92.829,-44.672,0.703,2.659,1.946,58.905,174.308,0.636,3.026,121.039,2.325,102.321,0.588,temp_g15_15_0001,single-objective/run2/g15/g15_19.pdb.sc
542.0,801.7022287845612,1.479155403661552,3.370624303817749,0.0,1.479155403661552,152.0,89.65173709392548,0.589814059828457,2.4274275302886963,3.208761843411546,3.7985759032400033,46.0,14.422478914260864,0.3135321503100188,1.28828763961792,4.208635796671328,4.522167946981347,104.07421600818634,198.0,38,39,273,270,543,run2_g15_g15_2,single-objective/run2/g15/g15_2.pdb,53.486,-0.351,122.528,5.349,12.856,0.561,1197.992,2290.822,1092.83,35.0,-1.995,-1295.134,247.561,-273.043,1.895,30.759,483.443,754.716,-0.238,-30.764,-49.521,-16.861,-51.523,6.0,-32.859,269.0,83.0,92.517,-44.08,0.742,1.542,1.946,59.295,176.55,0.685,2.151,83.876,1.003,44.133,0.588,temp_g14_20_0001,single-objective/run2/g15/g15_2.pdb.sc
541.0,799.1652781963348,1.4772001445403602,3.370624303817749,0.0,1.4772001445403602,150.0,88.24976086616516,0.5883317391077677,2.4274275302886963,3.227122662862142,3.8154544019699097,45.0,13.568998336791992,0.3015332963731554,1.28828763961792,4.311384126875136,4.612917423248291,101.81875920295715,195.0,38,39,272,270,542,run2_g15_g15_20,single-objective/run2/g15/g15_20.pdb,58.931,-0.324,125.034,5.396,17.047,0.736,1165.929,2317.046,1151.117,34.0,-1.995,-1287.019,249.523,-276.031,1.888,30.686,473.673,765.12,-0.161,-30.764,-49.521,-16.861,-51.523,5.0,-32.555,269.0,83.0,92.414,-44.08,0.666,1.628,1.946,59.662,173.781,0.642,2.104,82.047,1.206,53.077,0.588,temp_g14_02_0001,single-objective/run2/g15/g15_20.pdb.sc
544.0,804.5519716739655,1.4789558302830248,3.370624303817749,0.0,1.4789558302830248,150.0,89.79951632022858,0.5986634421348572,2.4274275302886963,3.2189039746920267,3.817567416826884,46.0,14.08382511138916,0.30617011111715564,1.28828763961792,4.229408264160156,4.535578375277312,103.88334143161774,196.0,38,39,275,270,545,run2_g15_g15_21,single-objective/run2/g15/g15_21.pdb,-12.196,-0.582,53.074,2.323,-51.761,-2.265,1190.285,2284.92,1094.635,35.0,-1.995,-1297.804,249.427,-275.236,1.907,30.108,420.111,751.017,0.074,-30.764,-49.521,-15.233,-51.523,6.0,-33.21,269.0,83.0,92.414,-43.868,0.694,0.726,1.946,60.176,179.265,0.672,1.279,49.887,0.235,10.349,0.588,temp_g15_20_0001,single-objective/run2/g15/g15_21.pdb.sc
546.0,806.0245445966721,1.4762354296642346,3.370624303817749,0.0,1.4762354296642346,152.0,89.29284369945526,0.5874529190753636,2.4274275302886963,3.2342905394340815,3.821743458509445,47.0,13.999842643737793,0.297868992419953,1.28828763961792,4.220798096758254,4.518667089178207,103.29268634319305,199.0,38,39,277,270,547,run2_g15_g15_22,single-objective/run2/g15/g15_22.pdb,70.686,-0.29,125.607,5.504,16.618,0.728,1183.722,2281.952,1098.231,33.0,-1.995,-1301.201,255.028,-271.263,1.965,31.766,490.893,759.747,-0.185,-30.764,-49.521,-16.231,-51.523,6.0,-32.727,269.0,83.0,92.517,-42.793,0.691,1.68,1.946,60.706,173.546,0.667,2.19,85.415,1.228,54.04,0.588,temp_g11_06_0001,single-objective/run2/g15/g15_22.pdb.sc
546.0,807.5280919075012,1.4789891793177679,3.370624303817749,0.0,1.4789891793177679,157.0,93.80110967159271,0.5974592972712912,2.4274275302886963,3.1908726472004205,3.7883319444717114,44.0,13.779145240783691,0.313162391835993,1.28828763961792,4.211433345621282,4.524595737457275,107.5802549123764,201.0,38,39,277,270,547,run2_g15_g15_23,single-objective/run2/g15/g15_23.pdb,614.515,1.746,105.808,4.643,0.493,0.022,1225.478,2278.945,1053.467,33.0,-1.995,-1309.001,247.535,-274.89,1.917,30.233,787.205,754.668,-7.759,-30.764,-49.521,-16.861,-50.988,6.0,-32.944,269.0,83.0,91.205,-33.976,0.678,5.877,245.966,84.124,172.015,0.681,1.938,75.577,9.369,412.215,0.588,temp_g13_18_0001,single-objective/run2/g15/g15_23.pdb.sc
547.0,809.4048899412155,1.4797164349930814,3.370624303817749,0.0,1.4797164349930814,156.0,91.00708210468292,0.5833787314402752,2.4274275302886963,3.25041212561803,3.833790857058305,49.0,14.624385595321655,0.2984568488841154,1.28828763961792,4.221191761445026,4.519648610329141,105.63146770000458,205.0,38,39,278,270,548,run2_g15_g15_24,single-objective/run2/g15/g15_24.pdb,69.763,-0.295,120.199,5.14,11.912,0.509,1237.601,2338.706,1101.104,40.0,-1.995,-1303.074,255.533,-270.945,1.97,31.697,490.314,757.41,-0.257,-30.764,-49.521,-16.231,-51.523,6.0,-32.491,269.0,83.0,92.517,-43.03,0.623,1.667,1.946,63.311,174.052,0.673,2.139,83.417,1.248,54.904,0.588,temp_g14_11_0001,single-objective/run2/g15/g15_24.pdb.sc
545.0,804.5052207708359,1.4761563683868548,3.370624303817749,0.0,1.4761563683868548,150.0,88.55325472354889,0.590355031490326,2.4274275302886963,3.227433038552602,3.817788070042928,47.0,13.999842643737793,0.297868992419953,1.28828763961792,4.220798096758254,4.518667089178207,102.55309736728668,197.0,38,39,276,270,546,run2_g15_g15_3,single-objective/run2/g15/g15_3.pdb,65.014,-0.312,123.398,5.408,17.186,0.753,1183.722,2281.952,1098.231,35.0,-1.995,-1297.554,252.403,-271.071,1.903,31.612,484.861,759.171,-0.222,-30.764,-49.521,-16.231,-51.523,6.0,-32.672,269.0,83.0,92.517,-43.141,0.698,1.63,1.946,60.6,173.885,0.672,2.162,84.314,1.159,50.985,0.588,temp_g10_18_0001,single-objective/run2/g15/g15_3.pdb.sc
546.0,807.5065277814865,1.4789496845814771,3.370624303817749,0.0,1.4789496845814771,148.0,90.79537725448608,0.6134822787465276,2.4274275302886963,3.175632505803495,3.7891147845500224,45.0,13.881818771362305,0.308484861585829,1.28828763961792,4.196672095192803,4.505156956778633,104.67719602584839,193.0,38,39,277,270,547,run2_g15_g15_4,single-objective/run2/g15/g15_4.pdb,271.83,0.475,105.864,4.642,1.531,0.067,1209.754,2280.551,1070.797,30.0,-1.995,-1300.176,249.317,-273.889,1.901,30.201,544.77,754.55,-2.497,-30.764,-49.521,-15.233,-50.988,6.0,-33.12,269.0,83.0,92.673,-41.538,0.667,3.241,156.168,66.404,172.484,0.681,1.927,75.142,4.406,193.845,0.588,temp_g15_07_0001,single-objective/run2/g15/g15_4.pdb.sc
546.0,806.3584336042404,1.4768469479931143,3.370624303817749,0.0,1.4768469479931143,151.0,90.62865126132965,0.6001897434525142,2.4274275302886963,3.1950740948418117,3.7952638382943262,46.0,14.314960956573486,0.3111948034037714,1.28828763961792,4.226157836292101,4.5373526396958725,104.94361221790314,197.0,38,39,277,270,547,run2_g15_g15_5,single-objective/run2/g15/g15_5.pdb,65.268,-0.296,129.156,5.635,26.274,1.146,1167.268,2292.152,1124.884,37.0,-1.995,-1302.463,250.784,-273.909,1.902,30.918,491.153,764.18,-0.146,-30.764,-49.521,-16.861,-51.523,6.0,-33.028,269.0,83.0,92.414,-43.78,0.673,1.719,1.946,59.939,175.289,0.67,2.237,87.252,1.259,55.399,0.588,temp_g5_16_0001,single-objective/run2/g15/g15_5.pdb.sc
547.0,807.5984497070312,1.4764139848391795,3.370624303817749,0.0,1.4764139848391795,153.0,92.77917063236237,0.606399808054656,2.4274275302886963,3.1894325516582316,3.7958323597128873,46.0,14.094347715377808,0.30639886337777844,1.28828763961792,4.256084333295408,4.562483196673186,106.87351834774017,199.0,38,39,278,270,548,run2_g15_g15_6,single-objective/run2/g15/g15_6.pdb,44.293,-0.394,109.708,4.703,6.036,0.259,1169.026,2332.487,1163.46,33.0,-1.995,-1305.523,250.983,-276.991,1.907,30.451,478.035,765.546,-0.634,-30.764,-49.521,-16.861,-51.523,6.0,-33.713,269.0,83.0,92.414,-44.652,0.66,1.402,1.946,59.258,174.71,0.677,1.977,77.088,0.893,39.311,0.588,temp_g15_01_0001,single-objective/run2/g15/g15_6.pdb.sc
546.0,806.4554708003998,1.477024671795604,3.370624303817749,0.0,1.477024671795604,154.0,90.63935077190399,0.5885672128045714,2.4274275302886963,3.2006197803980343,3.789186993202606,46.0,14.314960956573486,0.3111948034037714,1.28828763961792,4.226157836292101,4.5373526396958725,104.95431172847748,200.0,38,39,277,270,547,run2_g15_g15_7,single-objective/run2/g15/g15_7.pdb,36.494,-0.4,101.762,4.404,0.696,0.03,1162.657,2310.833,1148.176,37.0,-1.995,-1303.704,250.751,-275.652,1.907,30.826,468.83,761.026,-5.496,-30.764,-49.521,-16.861,-51.523,6.0,-33.469,269.0,83.0,92.414,-44.054,0.711,1.375,1.946,59.656,176.095,0.677,1.904,74.244,0.907,39.904,0.588,temp_g13_01_0001,single-objective/run2/g15/g15_7.pdb.sc
544.0,804.6188592910767,1.479078785461538,3.370624303817749,0.0,1.479078785461538,152.0,90.58484828472137,0.595952949241588,2.4274275302886963,3.1937419246686134,3.7896948739102014,46.0,14.738568544387817,0.3204036640084308,1.28828763961792,4.201764282972916,4.522167946981347,105.32341682910919,198.0,38,39,275,270,545,run2_g15_g15_8,single-objective/run2/g15/g15_8.pdb,59.08,-0.319,126.012,5.476,22.402,0.974,1181.539,2301.022,1119.483,35.0,-1.995,-1298.207,249.183,-273.512,1.895,30.779,489.191,758.451,-0.171,-30.764,-49.521,-16.861,-51.523,6.0,-33.255,269.0,83.0,92.414,-44.283,0.755,1.645,1.946,59.094,175.462,0.687,2.197,85.681,1.157,50.891,0.588,temp_g10_09_0001,single-objective/run2/g15/g15_8.pdb.sc
546.0,806.4554708003998,1.477024671795604,3.370624303817749,0.0,1.477024671795604,154.0,90.63935077190399,0.5885672128045714,2.4274275302886963,3.2006197803980343,3.789186993202606,46.0,14.314960956573486,0.3111948034037714,1.28828763961792,4.226157836292101,4.5373526396958725,104.95431172847748,200.0,38,39,277,270,547,run2_g15_g15_9,single-objective/run2/g15/g15_9.pdb,36.494,-0.403,101.65,4.399,-0.309,-0.013,1162.657,2310.833,1148.176,35.0,-1.995,-1303.704,250.751,-275.652,1.907,30.826,468.83,761.026,12.375,-30.764,-49.521,-16.861,-51.523,6.0,-33.469,269.0,83.0,92.414,-44.054,0.704,1.37,1.946,59.656,176.095,0.676,1.885,73.508,0.913,40.189,0.588,temp_g14_22_0001,single-objective/run2/g15/g15_9.pdb.sc
544.0,804.5519716739655,1.4789558302830248,3.370624303817749,0.0,1.4789558302830248,150.0,89.79951632022858,0.5986634421348572,2.4274275302886963,3.2189039746920267,3.817567416826884,46.0,14.08382511138916,0.30617011111715564,1.28828763961792,4.229408264160156,4.535578375277312,103.88334143161774,196.0,38,39,275,270,545,run2_g16_g16_0,single-objective/run2/g16/g16_0.pdb,-12.196,-0.582,53.074,2.323,-51.761,-2.265,1190.285,2284.92,1094.635,35.0,-1.995,-1297.804,249.427,-275.236,1.907,30.108,420.111,751.017,0.074,-30.764,-49.521,-15.233,-51.523,6.0,-33.21,269.0,83.0,92.414,-43.868,0.694,0.726,1.946,60.176,179.265,0.672,1.279,49.887,0.235,10.349,0.588,temp_g15_20_0001,single-objective/run2/g16/g16_0.pdb.sc
546.0,806.3584336042404,1.4768469479931143,3.370624303817749,0.0,1.4768469479931143,151.0,90.62865126132965,0.6001897434525142,2.4274275302886963,3.1950740948418117,3.7952638382943262,46.0,14.314960956573486,0.3111948034037714,1.28828763961792,4.226157836292101,4.5373526396958725,104.94361221790314,197.0,38,39,277,270,547,run2_g16_g16_1,single-objective/run2/g16/g16_1.pdb,65.268,-0.296,129.156,5.635,26.274,1.146,1167.268,2292.152,1124.884,37.0,-1.995,-1302.463,250.784,-273.909,1.902,30.918,491.153,764.18,-0.146,-30.764,-49.521,-16.861,-51.523,6.0,-33.028,269.0,83.0,92.414,-43.78,0.673,1.719,1.946,59.939,175.289,0.67,2.237,87.252,1.259,55.399,0.588,temp_g5_16_0001,single-objective/run2/g16/g16_1.pdb.sc
542.0,802.2117345333099,1.4800954511684685,3.370624303817749,0.0,1.4800954511684685,155.0,88.62819170951843,0.5717947852226996,2.4274275302886963,3.2817838884169057,3.853578673639605,48.0,13.878422975540161,0.28913381199042004,1.28828763961792,4.300987948973973,4.590121760964394,102.5066146850586,203.0,38,39,273,270,543,run2_g16_g16_10,single-objective/run2/g16/g16_10.pdb,63.296,-0.32,115.447,4.877,3.503,0.148,1233.752,2366.965,1133.212,33.0,-1.995,-1287.815,254.272,-273.01,1.956,31.465,472.833,758.349,-0.998,-30.764,-49.521,-16.231,-51.523,5.0,-32.018,269.0,83.0,92.517,-43.33,0.643,1.58,1.946,63.034,172.544,0.663,2.015,78.593,1.194,52.548,0.588,temp_g16_24_0001,single-objective/run2/g16/g16_10.pdb.sc
538.0,796.0622109174728,1.479669537021325,3.370624303817749,0.0,1.479669537021325,150.0,89.84795343875885,0.5989863562583924,2.4274275302886963,3.2244513773918153,3.8234377336502074,46.0,14.276464223861694,0.3103579179100368,1.28828763961792,4.242228352505228,4.552586270415264,104.12441766262054,196.0,38,39,269,270,539,run2_g16_g16_11,single-objective/run2/g16/g16_11.pdb,56.323,-0.36,116.621,5.104,9.596,0.42,1214.153,2284.84,1070.686,35.0,-1.995,-1286.386,243.506,-271.609,1.886,30.577,481.298,748.307,-0.32,-30.764,-49.521,-15.233,-51.523,6.0,-32.157,269.0,83.0,92.965,-43.213,0.655,1.484,1.946,60.107,177.543,0.673,2.045,79.761,0.987,43.425,0.588,temp_g16_17_0001,single-objective/run2/g16/g16_11.pdb.sc
547.0,808.5968934297562,1.4782392932902306,3.370624303817749,0.0,1.4782392932902306,153.0,90.27208602428436,0.5900136341456494,2.4274275302886963,3.2174443738912446,3.807458008036894,47.0,14.320406675338745,0.3046895037306116,1.28828763961792,4.21370575275827,4.518395256488882,104.59249269962311,200.0,38,39,278,270,548,run2_g16_g16_12,single-objective/run2/g16/g16_12.pdb,42.563,-0.381,101.614,4.397,-1.413,-0.061,1162.657,2310.833,1148.176,35.0,-1.995,-1303.404,253.396,-273.738,1.915,30.905,468.319,759.058,2.706,-30.764,-49.521,-15.233,-51.523,6.0,-33.583,269.0,83.0,92.414,-43.182,0.704,1.38,1.946,60.366,176.6,0.676,1.884,73.49,0.933,41.042,0.588,temp_g16_07_0001,single-objective/run2/g16/g16_12.pdb.sc
544.0,804.6188592910767,1.479078785461538,3.370624303817749,0.0,1.479078785461538,152.0,90.58484828472137,0.595952949241588,2.4274275302886963,3.1937419246686134,3.7896948739102014,46.0,14.738568544387817,0.3204036640084308,1.28828763961792,4.201764282972916,4.522167946981347,105.32341682910919,198.0,38,39,275,270,545,run2_g16_g16_13,single-objective/run2/g16/g16_13.pdb,59.08,-0.319,126.012,5.476,22.402,0.974,1181.539,2301.022,1119.483,35.0,-1.995,-1298.207,249.183,-273.512,1.895,30.779,489.191,758.451,-0.171,-30.764,-49.521,-16.861,-51.523,6.0,-33.255,269.0,83.0,92.414,-44.283,0.755,1.645,1.946,59.094,175.462,0.687,2.197,85.681,1.157,50.891,0.588,temp_g10_09_0001,single-objective/run2/g16/g16_13.pdb.sc
546.0,806.189619064331,1.4765377638540862,3.370624303817749,0.0,1.4765377638540862,154.0,94.0979825258255,0.6110258605573085,2.4274275302886963,3.203406015773872,3.814431876331181,45.0,13.624498844146729,0.3027666409810384,1.28828763961792,4.299301968680488,4.602068609661526,107.72248136997223,199.0,38,39,277,270,547,run2_g16_g16_14,single-objective/run2/g16/g16_14.pdb,264.966,0.427,115.14,4.965,7.39,0.319,1154.28,2318.891,1164.612,34.0,-1.995,-1306.853,251.975,-278.119,1.905,30.764,696.834,769.676,-0.415,-30.764,-49.521,-16.861,-51.523,6.0,-34.577,269.0,83.0,92.363,-43.872,0.685,3.251,1.946,60.167,172.846,0.662,2.04,79.55,4.324,190.268,0.576,temp_g14_06_0001,single-objective/run2/g16/g16_14.pdb.sc
544.0,802.3739362955093,1.47495208877851,3.370624303817749,0.0,1.47495208877851,148.0,89.06162488460541,0.6017677357067933,2.4274275302886963,3.2131113530816258,3.814879088788419,46.0,13.294819593429565,0.2890178172484688,0.8472099304199219,4.304856974145641,4.593874791394109,102.35644447803497,194.0,38,39,275,270,545,run2_g16_g16_15,single-objective/run2/g16/g16_15.pdb,596.67,1.107,411.577,18.22,380.184,16.831,1134.932,2258.897,1123.965,35.0,-1.995,-1300.014,257.584,-274.049,1.943,31.708,999.643,774.351,-0.01,-30.764,-49.521,-16.231,-51.523,6.0,-31.958,269.0,84.0,92.933,-42.73,0.705,6.114,1.946,65.042,169.73,0.622,5.628,225.122,6.556,288.473,0.576,temp_g16_13_0001,single-objective/run2/g16/g16_15.pdb.sc
547.0,807.5984497070312,1.4764139848391795,3.370624303817749,0.0,1.4764139848391795,153.0,92.77917063236237,0.606399808054656,2.4274275302886963,3.1894325516582316,3.7958323597128873,46.0,14.094347715377808,0.30639886337777844,1.28828763961792,4.256084333295408,4.562483196673186,106.87351834774017,199.0,38,39,278,270,548,run2_g16_g16_16,single-objective/run2/g16/g16_16.pdb,44.293,-0.394,109.708,4.703,6.036,0.259,1169.026,2332.487,1163.46,33.0,-1.995,-1305.523,250.983,-276.991,1.907,30.451,478.035,765.546,-0.634,-30.764,-49.521,-16.861,-51.523,6.0,-33.713,269.0,83.0,92.414,-44.652,0.66,1.402,1.946,59.258,174.71,0.677,1.977,77.088,0.893,39.311,0.588,temp_g15_01_0001,single-objective/run2/g16/g16_16.pdb.sc
544.0,804.0512065887451,1.4780353062293108,3.370624303817749,0.0,1.4780353062293108,150.0,90.52081978321075,0.6034721318880717,2.4274275302886963,3.203805836836497,3.8072779687245686,48.0,14.619981288909912,0.3045829435189565,1.28828763961792,4.2580651591221494,4.562648102641106,105.14080107212067,198.0,38,39,275,270,545,run2_g16_g16_17,single-objective/run2/g16/g16_17.pdb,86.294,-0.226,157.747,6.855,34.621,1.504,1163.186,2301.241,1138.055,32.0,-1.995,-1300.242,247.025,-271.774,1.908,30.884,515.304,760.444,-0.101,-30.764,-49.521,-16.533,-51.523,5.0,-31.853,269.0,83.0,92.368,-45.882,0.75,1.935,1.946,57.528,178.387,0.683,2.538,98.988,1.401,61.648,0.588,temp_g15_14_0001,single-objective/run2/g16/g16_17.pdb.sc
546.0,807.5065277814865,1.4789496845814771,3.370624303817749,0.0,1.4789496845814771,148.0,90.79537725448608,0.6134822787465276,2.4274275302886963,3.175632505803495,3.7891147845500224,45.0,13.881818771362305,0.308484861585829,1.28828763961792,4.196672095192803,4.505156956778633,104.67719602584839,193.0,38,39,277,270,547,run2_g16_g16_18,single-objective/run2/g16/g16_18.pdb,271.83,0.475,105.864,4.642,1.531,0.067,1209.754,2280.551,1070.797,30.0,-1.995,-1300.176,249.317,-273.889,1.901,30.201,544.77,754.55,-2.497,-30.764,-49.521,-15.233,-50.988,6.0,-33.12,269.0,83.0,92.673,-41.538,0.667,3.241,156.168,66.404,172.484,0.681,1.927,75.142,4.406,193.845,0.588,temp_g15_07_0001,single-objective/run2/g16/g16_18.pdb.sc
546.0,806.3584336042404,1.4768469479931143,3.370624303817749,0.0,1.4768469479931143,151.0,90.62865126132965,0.6001897434525142,2.4274275302886963,3.1950740948418117,3.7952638382943262,46.0,14.314960956573486,0.3111948034037714,1.28828763961792,4.226157836292101,4.5373526396958725,104.94361221790314,197.0,38,39,277,270,547,run2_g16_g16_19,single-objective/run2/g16/g16_19.pdb,65.268,-0.296,129.156,5.635,26.274,1.146,1167.268,2292.152,1124.884,37.0,-1.995,-1302.463,250.784,-273.909,1.902,30.918,491.153,764.18,-0.146,-30.764,-49.521,-16.861,-51.523,6.0,-33.028,269.0,83.0,92.414,-43.78,0.673,1.719,1.946,59.939,175.289,0.67,2.237,87.252,1.259,55.399,0.588,temp_g5_16_0001,single-objective/run2/g16/g16_19.pdb.sc
546.0,806.3584336042404,1.4768469479931143,3.370624303817749,0.0,1.4768469479931143,151.0,90.62865126132965,0.6001897434525142,2.4274275302886963,3.1950740948418117,3.7952638382943262,46.0,14.314960956573486,0.3111948034037714,1.28828763961792,4.226157836292101,4.5373526396958725,104.94361221790314,197.0,38,39,277,270,547,run2_g16_g16_2,single-objective/run2/g16/g16_2.pdb,65.268,-0.296,129.156,5.635,26.274,1.146,1167.268,2292.152,1124.884,37.0,-1.995,-1302.463,250.784,-273.909,1.902,30.918,491.153,764.18,-0.146,-30.764,-49.521,-16.861,-51.523,6.0,-33.028,269.0,83.0,92.414,-43.78,0.673,1.719,1.946,59.939,175.289,0.67,2.237,87.252,1.259,55.399,0.588,temp_g5_16_0001,single-objective/run2/g16/g16_2.pdb.sc
547.0,809.4048899412155,1.4797164349930814,3.370624303817749,0.0,1.4797164349930814,156.0,91.00708210468292,0.5833787314402752,2.4274275302886963,3.25041212561803,3.833790857058305,49.0,14.624385595321655,0.2984568488841154,1.28828763961792,4.221191761445026,4.519648610329141,105.63146770000458,205.0,38,39,278,270,548,run2_g16_g16_20,single-objective/run2/g16/g16_20.pdb,69.763,-0.295,120.199,5.14,11.912,0.509,1237.601,2338.706,1101.104,40.0,-1.995,-1303.074,255.533,-270.945,1.97,31.697,490.314,757.41,-0.257,-30.764,-49.521,-16.231,-51.523,6.0,-32.491,269.0,83.0,92.517,-43.03,0.623,1.667,1.946,63.311,174.052,0.673,2.139,83.417,1.248,54.904,0.588,temp_g14_11_0001,single-objective/run2/g16/g16_20.pdb.sc
540.0,799.1015474796295,1.4798176805178325,3.370624303817749,0.0,1.4798176805178325,149.0,88.85665261745453,0.596353373271507,2.4274275302886963,3.2405253280729256,3.8368787013444323,44.0,13.402332305908203,0.3045984614979137,1.28828763961792,4.203280394727534,4.507878856225447,102.25898492336273,193.0,38,39,271,270,541,run2_g16_g16_21,single-objective/run2/g16/g16_21.pdb,-19.501,-0.599,49.842,2.192,-52.339,-2.302,1214.188,2274.047,1059.86,32.0,-1.995,-1290.601,242.977,-274.828,1.902,29.938,417.702,739.794,0.073,-30.764,-49.521,-15.233,-51.523,6.0,-31.919,269.0,83.0,92.414,-43.849,0.727,0.669,1.946,60.158,183.314,0.664,1.237,48.248,0.166,7.289,0.588,temp_g16_21_0001,single-objective/run2/g16/g16_21.pdb.sc
546.0,806.4554708003998,1.477024671795604,3.370624303817749,0.0,1.477024671795604,154.0,90.63935077190399,0.5885672128045714,2.4274275302886963,3.2006197803980343,3.789186993202606,46.0,14.314960956573486,0.3111948034037714,1.28828763961792,4.226157836292101,4.5373526396958725,104.95431172847748,200.0,38,39,277,270,547,run2_g16_g16_22,single-objective/run2/g16/g16_22.pdb,36.494,-0.4,101.762,4.404,0.696,0.03,1162.657,2310.833,1148.176,37.0,-1.995,-1303.704,250.751,-275.652,1.907,30.826,468.83,761.026,-5.496,-30.764,-49.521,-16.861,-51.523,6.0,-33.469,269.0,83.0,92.414,-44.054,0.711,1.375,1.946,59.656,176.095,0.677,1.904,74.244,0.907,39.904,0.588,temp_g13_01_0001,single-objective/run2/g16/g16_22.pdb.sc
542.0,800.5573362112045,1.4770430557402296,3.370624303817749,0.0,1.4770430557402296,150.0,88.09138453006744,0.5872758968671163,2.4274275302886963,3.2341388042767845,3.8214147011439006,46.0,13.763261079788208,0.2992013278214828,1.28828763961792,4.236654789551444,4.535856117372927,101.85464560985565,196.0,38,39,273,270,543,run2_g16_g16_23,single-objective/run2/g16/g16_23.pdb,-18.52,-0.62,47.351,2.082,-60.029,-2.639,1206.738,2274.72,1067.981,33.0,-1.995,-1293.195,248.401,-274.312,1.899,30.724,414.329,747.976,0.064,-30.764,-49.521,-16.231,-51.523,6.0,-32.74,269.0,83.0,92.517,-44.101,0.753,0.627,1.946,60.127,177.355,0.675,1.204,46.967,0.116,5.083,0.588,temp_g16_03_0001,single-objective/run2/g16/g16_23.pdb.sc
542.0,801.6981945037842,1.4791479603390851,3.370624303817749,0.0,1.4791479603390851,152.0,89.60174942016602,0.5894851935537238,2.4274275302886963,3.2169471383094788,3.8064323318632027,47.0,14.594841957092285,0.31052855227855924,1.28828763961792,4.219204659157611,4.52973321143617,104.1965913772583,199.0,38,39,273,270,543,run2_g16_g16_24,single-objective/run2/g16/g16_24.pdb,56.89,-0.338,122.829,5.412,15.231,0.671,1184.739,2269.562,1084.823,35.0,-1.995,-1295.262,248.268,-273.734,1.892,30.767,484.86,756.795,-0.201,-30.764,-49.521,-16.861,-51.523,6.0,-33.103,269.0,83.0,92.517,-43.922,0.711,1.581,1.946,60.385,175.572,0.682,2.154,84.013,1.073,47.209,0.576,temp_g16_12_0001,single-objective/run2/g16/g16_24.pdb.sc
546.0,806.3584336042404,1.4768469479931143,3.370624303817749,0.0,1.4768469479931143,151.0,90.62865126132965,0.6001897434525142,2.4274275302886963,3.1950740948418117,3.7952638382943262,46.0,14.314960956573486,0.3111948034037714,1.28828763961792,4.226157836292101,4.5373526396958725,104.94361221790314,197.0,38,39,277,270,547,run2_g16_g16_3,single-objective/run2/g16/g16_3.pdb,65.268,-0.296,129.156,5.635,26.274,1.146,1167.268,2292.152,1124.884,37.0,-1.995,-1302.463,250.784,-273.909,1.902,30.918,491.153,764.18,-0.146,-30.764,-49.521,-16.861,-51.523,6.0,-33.028,269.0,83.0,92.414,-43.78,0.673,1.719,1.946,59.939,175.289,0.67,2.237,87.252,1.259,55.399,0.588,temp_g5_16_0001,single-objective/run2/g16/g16_3.pdb.sc
546.0,806.3584336042404,1.4768469479931143,3.370624303817749,0.0,1.4768469479931143,151.0,90.62865126132965,0.6001897434525142,2.4274275302886963,3.1950740948418117,3.7952638382943262,46.0,14.314960956573486,0.3111948034037714,1.28828763961792,4.226157836292101,4.5373526396958725,104.94361221790314,197.0,38,39,277,270,547,run2_g16_g16_4,single-objective/run2/g16/g16_4.pdb,65.268,-0.296,129.156,5.635,26.274,1.146,1167.268,2292.152,1124.884,37.0,-1.995,-1302.463,250.784,-273.909,1.902,30.918,491.153,764.18,-0.146,-30.764,-49.521,-16.861,-51.523,6.0,-33.028,269.0,83.0,92.414,-43.78,0.673,1.719,1.946,59.939,175.289,0.67,2.237,87.252,1.259,55.399,0.588,temp_g5_16_0001,single-objective/run2/g16/g16_4.pdb.sc
543.0,803.0933862924576,1.478993344921653,3.370624303817749,0.0,1.478993344921653,153.0,89.80333578586578,0.586949907097162,2.4274275302886963,3.2173019803427403,3.8042518874399023,47.0,14.476823568344116,0.30801752273072586,1.28828763961792,4.222233741841418,4.5302512645721436,104.2801593542099,200.0,38,39,274,270,544,run2_g16_g16_5,single-objective/run2/g16/g16_5.pdb,55.506,-0.345,120.374,5.269,12.976,0.568,1185.429,2284.398,1098.968,35.0,-1.995,-1295.937,248.58,-273.709,1.895,30.79,482.665,758.708,-0.295,-30.764,-49.521,-16.861,-51.523,6.0,-33.288,269.0,83.0,92.517,-43.911,0.696,1.557,1.946,60.393,174.935,0.689,2.123,82.803,1.056,46.455,0.588,temp_g15_23_0001,single-objective/run2/g16/g16_5.pdb.sc
544.0,804.5519716739655,1.4789558302830248,3.370624303817749,0.0,1.4789558302830248,150.0,89.79951632022858,0.5986634421348572,2.4274275302886963,3.2189039746920267,3.817567416826884,46.0,14.08382511138916,0.30617011111715564,1.28828763961792,4.229408264160156,4.535578375277312,103.88334143161774,196.0,38,39,275,270,545,run2_g16_g16_6,single-objective/run2/g16/g16_6.pdb,-12.196,-0.582,53.074,2.323,-51.761,-2.265,1190.285,2284.92,1094.635,35.0,-1.995,-1297.804,249.427,-275.236,1.907,30.108,420.111,751.017,0.074,-30.764,-49.521,-15.233,-51.523,6.0,-33.21,269.0,83.0,92.414,-43.868,0.694,0.726,1.946,60.176,179.265,0.672,1.279,49.887,0.235,10.349,0.588,temp_g15_20_0001,single-objective/run2/g16/g16_6.pdb.sc
546.0,806.3584336042404,1.4768469479931143,3.370624303817749,0.0,1.4768469479931143,151.0,90.62865126132965,0.6001897434525142,2.4274275302886963,3.1950740948418117,3.7952638382943262,46.0,14.314960956573486,0.3111948034037714,1.28828763961792,4.226157836292101,4.5373526396958725,104.94361221790314,197.0,38,39,277,270,547,run2_g16_g16_7,single-objective/run2/g16/g16_7.pdb,65.268,-0.296,129.156,5.635,26.274,1.146,1167.268,2292.152,1124.884,37.0,-1.995,-1302.463,250.784,-273.909,1.902,30.918,491.153,764.18,-0.146,-30.764,-49.521,-16.861,-51.523,6.0,-33.028,269.0,83.0,92.414,-43.78,0.673,1.719,1.946,59.939,175.289,0.67,2.237,87.252,1.259,55.399,0.588,temp_g5_16_0001,single-objective/run2/g16/g16_7.pdb.sc
540.0,797.605938076973,1.4770480334758758,3.370624303817749,0.0,1.4770480334758758,146.0,87.26419579982758,0.5976999712316957,2.4274275302886963,3.2461148443287366,3.843814815560432,47.0,13.32217001914978,0.28345042593935704,0.8472099304199219,4.31777978450694,4.601230210446297,100.58636581897736,193.0,38,39,271,270,541,run2_g16_g16_8,single-objective/run2/g16/g16_8.pdb,70.673,-0.286,130.09,5.798,19.555,0.872,1138.555,2243.647,1105.092,33.0,-1.995,-1288.782,253.716,-271.709,1.94,31.483,482.798,757.969,-0.157,-30.764,-49.521,-16.231,-51.523,6.0,-32.223,269.0,83.0,92.517,-42.796,0.641,1.688,1.946,60.597,172.674,0.652,2.171,84.682,1.26,55.453,0.576,temp_g15_02_0001,single-objective/run2/g16/g16_8.pdb.sc
546.0,807.5280919075012,1.4789891793177679,3.370624303817749,0.0,1.4789891793177679,157.0,93.80110967159271,0.5974592972712912,2.4274275302886963,3.1908726472004205,3.7883319444717114,44.0,13.779145240783691,0.313162391835993,1.28828763961792,4.211433345621282,4.524595737457275,107.5802549123764,201.0,38,39,277,270,547,run2_g16_g16_9,single-objective/run2/g16/g16_9.pdb,614.515,1.746,105.808,4.643,0.493,0.022,1225.478,2278.945,1053.467,33.0,-1.995,-1309.001,247.535,-274.89,1.917,30.233,787.205,754.668,-7.759,-30.764,-49.521,-16.861,-50.988,6.0,-32.944,269.0,83.0,91.205,-33.976,0.678,5.877,245.966,84.124,172.015,0.681,1.938,75.577,9.369,412.215,0.588,temp_g13_18_0001,single-objective/run2/g16/g16_9.pdb.sc
542.0,800.5573362112045,1.4770430557402296,3.370624303817749,0.0,1.4770430557402296,150.0,88.09138453006744,0.5872758968671163,2.4274275302886963,3.2341388042767845,3.8214147011439006,46.0,13.763261079788208,0.2992013278214828,1.28828763961792,4.236654789551444,4.535856117372927,101.85464560985565,196.0,38,39,273,270,543,run2_g17_g17_0,single-objective/run2/g17/g17_0.pdb,-18.52,-0.62,47.351,2.082,-60.029,-2.639,1206.738,2274.72,1067.981,33.0,-1.995,-1293.195,248.401,-274.312,1.899,30.724,414.329,747.976,0.064,-30.764,-49.521,-16.231,-51.523,6.0,-32.74,269.0,83.0,92.517,-44.101,0.753,0.627,1.946,60.127,177.355,0.675,1.204,46.967,0.116,5.083,0.588,temp_g16_03_0001,single-objective/run2/g17/g17_0.pdb.sc
540.0,799.1015474796295,1.4798176805178325,3.370624303817749,0.0,1.4798176805178325,149.0,88.85665261745453,0.596353373271507,2.4274275302886963,3.2405253280729256,3.8368787013444323,44.0,13.402332305908203,0.3045984614979137,1.28828763961792,4.203280394727534,4.507878856225447,102.25898492336273,193.0,38,39,271,270,541,run2_g17_g17_1,single-objective/run2/g17/g17_1.pdb,-19.501,-0.599,49.842,2.192,-52.339,-2.302,1214.188,2274.047,1059.86,32.0,-1.995,-1290.601,242.977,-274.828,1.902,29.938,417.702,739.794,0.073,-30.764,-49.521,-15.233,-51.523,6.0,-31.919,269.0,83.0,92.414,-43.849,0.727,0.669,1.946,60.158,183.314,0.664,1.237,48.248,0.166,7.289,0.588,temp_g16_21_0001,single-objective/run2/g17/g17_1.pdb.sc
544.0,804.5519716739655,1.4789558302830248,3.370624303817749,0.0,1.4789558302830248,150.0,89.79951632022858,0.5986634421348572,2.4274275302886963,3.2189039746920267,3.817567416826884,46.0,14.08382511138916,0.30617011111715564,1.28828763961792,4.229408264160156,4.535578375277312,103.88334143161774,196.0,38,39,275,270,545,run2_g17_g17_10,single-objective/run2/g17/g17_10.pdb,-12.196,-0.582,53.074,2.323,-51.761,-2.265,1190.285,2284.92,1094.635,35.0,-1.995,-1297.804,249.427,-275.236,1.907,30.108,420.111,751.017,0.074,-30.764,-49.521,-15.233,-51.523,6.0,-33.21,269.0,83.0,92.414,-43.868,0.694,0.726,1.946,60.176,179.265,0.672,1.279,49.887,0.235,10.349,0.588,temp_g15_20_0001,single-objective/run2/g17/g17_10.pdb.sc
546.0,806.3584336042404,1.4768469479931143,3.370624303817749,0.0,1.4768469479931143,151.0,90.62865126132965,0.6001897434525142,2.4274275302886963,3.1950740948418117,3.7952638382943262,46.0,14.314960956573486,0.3111948034037714,1.28828763961792,4.226157836292101,4.5373526396958725,104.94361221790314,197.0,38,39,277,270,547,run2_g17_g17_11,single-objective/run2/g17/g17_11.pdb,65.268,-0.296,129.156,5.635,26.274,1.146,1167.268,2292.152,1124.884,37.0,-1.995,-1302.463,250.784,-273.909,1.902,30.918,491.153,764.18,-0.146,-30.764,-49.521,-16.861,-51.523,6.0,-33.028,269.0,83.0,92.414,-43.78,0.673,1.719,1.946,59.939,175.289,0.67,2.237,87.252,1.259,55.399,0.588,temp_g5_16_0001,single-objective/run2/g17/g17_11.pdb.sc
540.0,799.1015474796295,1.4798176805178325,3.370624303817749,0.0,1.4798176805178325,149.0,88.85665261745453,0.596353373271507,2.4274275302886963,3.2405253280729256,3.8368787013444323,44.0,13.402332305908203,0.3045984614979137,1.28828763961792,4.203280394727534,4.507878856225447,102.25898492336273,193.0,38,39,271,270,541,run2_g17_g17_12,single-objective/run2/g17/g17_12.pdb,-19.501,-0.599,49.842,2.192,-52.339,-2.302,1214.188,2274.047,1059.86,32.0,-1.995,-1290.601,242.977,-274.828,1.902,29.938,417.702,739.794,0.073,-30.764,-49.521,-15.233,-51.523,6.0,-31.919,269.0,83.0,92.414,-43.849,0.727,0.669,1.946,60.158,183.314,0.664,1.237,48.248,0.166,7.289,0.588,temp_g16_21_0001,single-objective/run2/g17/g17_12.pdb.sc
543.0,802.4105490446091,1.477735817761711,3.370624303817749,0.0,1.477735817761711,151.0,90.1667810678482,0.5971310004493259,2.4274275302886963,3.201735451521463,3.7988664519707886,45.0,14.078379392623901,0.31285287539164225,1.28828763961792,4.2424860053592255,4.555338880750868,104.2451604604721,196.0,38,39,274,270,544,run2_g17_g17_13,single-objective/run2/g17/g17_13.pdb,-18.265,-0.606,52.998,2.319,-51.396,-2.249,1190.285,2284.92,1094.635,35.0,-1.995,-1298.104,246.782,-277.15,1.899,30.029,420.621,752.985,0.074,-30.764,-49.521,-16.861,-51.523,6.0,-33.095,269.0,83.0,92.414,-44.74,0.696,0.71,1.946,59.466,178.759,0.671,1.261,49.169,0.222,9.782,0.588,temp_g17_19_0001,single-objective/run2/g17/g17_13.pdb.sc
547.0,808.5968934297562,1.4782392932902306,3.370624303817749,0.0,1.4782392932902306,153.0,90.27208602428436,0.5900136341456494,2.4274275302886963,3.2174443738912446,3.807458008036894,47.0,14.320406675338745,0.3046895037306116,1.28828763961792,4.21370575275827,4.518395256488882,104.59249269962311,200.0,38,39,278,270,548,run2_g17_g17_14,single-objective/run2/g17/g17_14.pdb,42.563,-0.381,101.614,4.397,-1.413,-0.061,1162.657,2310.833,1148.176,35.0,-1.995,-1303.404,253.396,-273.738,1.915,30.905,468.319,759.058,2.706,-30.764,-49.521,-15.233,-51.523,6.0,-33.583,269.0,83.0,92.414,-43.182,0.704,1.38,1.946,60.366,176.6,0.676,1.884,73.49,0.933,41.042,0.588,temp_g16_07_0001,single-objective/run2/g17/g17_14.pdb.sc
543.0,802.4018813371658,1.477719855132902,3.370624303817749,0.0,1.477719855132902,150.0,89.23330652713776,0.5948887101809184,2.4274275302886963,3.2116093214352928,3.806498031616211,46.0,14.084235906600952,0.3061790414478468,1.28828763961792,4.22972335504449,4.535902396492336,103.31754243373871,196.0,38,39,274,270,544,run2_g17_g17_15,single-objective/run2/g17/g17_15.pdb,-11.702,-0.583,52.975,2.318,-52.388,-2.293,1190.285,2284.92,1094.635,35.0,-1.995,-1296.717,249.876,-275.607,1.918,30.043,420.151,752.632,0.073,-30.764,-49.521,-15.233,-51.523,6.0,-33.393,269.0,83.0,92.414,-44.74,0.738,0.73,1.946,59.466,178.759,0.671,1.26,49.157,0.259,11.391,0.588,temp_g17_06_0001,single-objective/run2/g17/g17_15.pdb.sc
546.0,807.5280919075012,1.4789891793177679,3.370624303817749,0.0,1.4789891793177679,157.0,93.80110967159271,0.5974592972712912,2.4274275302886963,3.1908726472004205,3.7883319444717114,44.0,13.779145240783691,0.313162391835993,1.28828763961792,4.211433345621282,4.524595737457275,107.5802549123764,201.0,38,39,277,270,547,run2_g17_g17_16,single-objective/run2/g17/g17_16.pdb,614.515,1.746,105.808,4.643,0.493,0.022,1225.478,2278.945,1053.467,33.0,-1.995,-1309.001,247.535,-274.89,1.917,30.233,787.205,754.668,-7.759,-30.764,-49.521,-16.861,-50.988,6.0,-32.944,269.0,83.0,91.205,-33.976,0.678,5.877,245.966,84.124,172.015,0.681,1.938,75.577,9.369,412.215,0.588,temp_g13_18_0001,single-objective/run2/g17/g17_16.pdb.sc
546.0,806.4468030929565,1.4770087968735468,3.370624303817749,0.0,1.4770087968735468,153.0,89.70587623119354,0.5863129165437486,2.4274275302886963,3.2102927530513092,3.7966056695950576,47.0,14.320817470550537,0.30469824405426676,1.28828763961792,4.214014139581234,4.518712383635501,104.02669370174408,200.0,38,39,277,270,547,run2_g17_g17_17,single-objective/run2/g17/g17_17.pdb,43.057,-0.379,103.859,4.494,0.275,0.012,1162.657,2310.833,1148.176,33.0,-1.995,-1302.318,253.844,-274.109,1.926,30.84,468.359,760.673,-11.144,-30.764,-49.521,-15.233,-51.523,6.0,-33.767,269.0,83.0,92.414,-44.054,0.69,1.392,1.946,59.656,176.095,0.671,1.913,74.608,0.931,40.949,0.588,temp_g17_12_0001,single-objective/run2/g17/g17_17.pdb.sc
544.0,805.1623126268387,1.4800777805640417,3.370624303817749,0.0,1.4800777805640417,152.0,91.2704416513443,0.6004634319167388,2.4274275302886963,3.2214371914926327,3.8219006234093715,47.0,14.409210205078125,0.30657894053357715,1.28828763961792,4.232753642061923,4.539332582595501,105.67965185642242,199.0,38,39,275,270,545,run2_g17_g17_18,single-objective/run2/g17/g17_18.pdb,21.351,-0.459,92.411,4.026,-20.067,-0.874,1196.302,2295.573,1099.271,31.0,-1.995,-1300.889,246.336,-273.906,1.914,30.113,453.824,752.507,0.153,-30.764,-49.521,-15.233,-51.523,6.0,-32.047,269.0,83.0,92.414,-43.871,0.743,1.119,1.946,60.184,181.275,0.673,1.738,67.781,0.57,25.066,0.588,temp_g17_00_0001,single-objective/run2/g17/g17_18.pdb.sc
546.0,806.3584336042404,1.4768469479931143,3.370624303817749,0.0,1.4768469479931143,151.0,90.62865126132965,0.6001897434525142,2.4274275302886963,3.1950740948418117,3.7952638382943262,46.0,14.314960956573486,0.3111948034037714,1.28828763961792,4.226157836292101,4.5373526396958725,104.94361221790314,197.0,38,39,277,270,547,run2_g17_g17_19,single-objective/run2/g17/g17_19.pdb,65.268,-0.296,129.156,5.635,26.274,1.146,1167.268,2292.152,1124.884,37.0,-1.995,-1302.463,250.784,-273.909,1.902,30.918,491.153,764.18,-0.146,-30.764,-49.521,-16.861,-51.523,6.0,-33.028,269.0,83.0,92.414,-43.78,0.673,1.719,1.946,59.939,175.289,0.67,2.237,87.252,1.259,55.399,0.588,temp_g5_16_0001,single-objective/run2/g17/g17_19.pdb.sc
538.0,794.9916086196899,1.4776795699250742,3.370624303817749,0.0,1.4776795699250742,148.0,87.83898866176605,0.5935066801470679,2.4274275302886963,3.221978547605308,3.8154852277523763,45.0,13.762289762496948,0.3058286613888211,1.28828763961792,4.249510219362047,4.555338880750868,101.601278424263,193.0,38,39,269,270,539,run2_g17_g17_2,single-objective/run2/g17/g17_2.pdb,-18.395,-0.619,47.218,2.076,-61.659,-2.711,1206.738,2274.72,1067.981,33.0,-1.995,-1290.202,245.095,-274.863,1.894,29.951,413.799,745.453,0.062,-30.764,-49.521,-15.233,-51.523,6.0,-32.676,269.0,83.0,92.288,-43.133,0.657,0.632,1.946,61.008,179.494,0.674,1.185,46.22,0.142,6.23,0.588,temp_g17_23_0001,single-objective/run2/g17/g17_2.pdb.sc
546.0,806.3584336042404,1.4768469479931143,3.370624303817749,0.0,1.4768469479931143,151.0,90.62865126132965,0.6001897434525142,2.4274275302886963,3.1950740948418117,3.7952638382943262,46.0,14.314960956573486,0.3111948034037714,1.28828763961792,4.226157836292101,4.5373526396958725,104.94361221790314,197.0,38,39,277,270,547,run2_g17_g17_20,single-objective/run2/g17/g17_20.pdb,65.268,-0.296,129.156,5.635,26.274,1.146,1167.268,2292.152,1124.884,37.0,-1.995,-1302.463,250.784,-273.909,1.902,30.918,491.153,764.18,-0.146,-30.764,-49.521,-16.861,-51.523,6.0,-33.028,269.0,83.0,92.414,-43.78,0.673,1.719,1.946,59.939,175.289,0.67,2.237,87.252,1.259,55.399,0.588,temp_g5_16_0001,single-objective/run2/g17/g17_20.pdb.sc
541.0,800.4966074228287,1.4796610118721418,3.370624303817749,0.0,1.4796610118721418,150.0,89.6601482629776,0.597734321753184,2.4274275302886963,3.2435964560508728,3.841330777804057,47.0,14.23743200302124,0.30292408517066466,1.28828763961792,4.261282007744971,4.5642060929156365,103.89758026599884,197.0,38,39,272,270,542,run2_g17_g17_21,single-objective/run2/g17/g17_21.pdb,-17.378,-0.593,52.665,2.312,-53.371,-2.343,1197.533,2278.008,1080.475,32.0,-1.995,-1291.581,244.301,-275.224,1.902,29.978,416.882,744.764,0.057,-30.764,-49.521,-15.233,-51.523,6.0,-32.415,269.0,83.0,92.414,-43.825,0.663,0.693,1.946,60.23,181.7,0.664,1.256,48.976,0.194,8.551,0.588,temp_g17_21_0001,single-objective/run2/g17/g17_21.pdb.sc
541.0,799.1798431873322,1.4772270668897083,3.370624303817749,0.0,1.4772270668897083,147.0,90.75052273273468,0.6173504947805081,2.4274275302886963,3.1993454808280584,3.816695975608566,46.0,13.416675090789795,0.29166684979977814,0.8472099304199219,4.355174318603847,4.6468411684036255,104.16719782352448,193.0,38,39,272,270,542,run2_g17_g17_22,single-objective/run2/g17/g17_22.pdb,44.28,-0.39,116.423,5.075,8.427,0.367,1123.86,2294.182,1170.322,31.0,-1.995,-1293.104,249.671,-277.437,1.881,30.168,469.94,763.767,-0.364,-30.764,-49.521,-16.861,-51.523,6.0,-33.209,269.0,83.0,92.414,-44.655,0.7,1.414,1.946,59.148,173.838,0.658,1.986,77.467,0.906,39.875,0.576,temp_g17_16_0001,single-objective/run2/g17/g17_22.pdb.sc
543.0,803.7612526416779,1.4802233013658892,3.370624303817749,0.0,1.4802233013658892,156.0,88.020840883255,0.564236159508045,2.4274275302886963,3.2796970453017797,3.8439332048098245,47.0,13.076660871505737,0.2782268270533136,1.28828763961792,4.303285477009226,4.581512304062539,101.09750175476074,203.0,38,39,274,270,544,run2_g17_g17_23,single-objective/run2/g17/g17_23.pdb,170.79,-0.041,186.041,7.858,71.671,3.027,1218.623,2367.644,1149.021,32.0,-1.995,-1292.09,253.99,-274.163,1.964,31.479,582.705,757.942,-0.051,-30.764,-49.521,-16.054,-51.523,6.0,-31.777,269.0,83.0,92.517,-42.618,0.654,2.487,1.946,64.181,173.985,0.635,2.907,113.354,2.116,93.108,0.588,temp_g17_10_0001,single-objective/run2/g17/g17_23.pdb.sc
544.0,804.6188592910767,1.479078785461538,3.370624303817749,0.0,1.479078785461538,152.0,90.58484828472137,0.595952949241588,2.4274275302886963,3.1937419246686134,3.7896948739102014,46.0,14.738568544387817,0.3204036640084308,1.28828763961792,4.201764282972916,4.522167946981347,105.32341682910919,198.0,38,39,275,270,545,run2_g17_g17_24,single-objective/run2/g17/g17_24.pdb,59.08,-0.319,126.012,5.476,22.402,0.974,1181.539,2301.022,1119.483,35.0,-1.995,-1298.207,249.183,-273.512,1.895,30.779,489.191,758.451,-0.171,-30.764,-49.521,-16.861,-51.523,6.0,-33.255,269.0,83.0,92.414,-44.283,0.755,1.645,1.946,59.094,175.462,0.687,2.197,85.681,1.157,50.891,0.588,temp_g10_09_0001,single-objective/run2/g17/g17_24.pdb.sc
543.0,802.4105490446091,1.477735817761711,3.370624303817749,0.0,1.477735817761711,151.0,90.1667810678482,0.5971310004493259,2.4274275302886963,3.201735451521463,3.7988664519707886,45.0,14.078379392623901,0.31285287539164225,1.28828763961792,4.2424860053592255,4.555338880750868,104.2451604604721,196.0,38,39,274,270,544,run2_g17_g17_3,single-objective/run2/g17/g17_3.pdb,-18.265,-0.606,52.998,2.319,-50.978,-2.231,1190.285,2284.92,1094.635,33.0,-1.995,-1298.104,246.782,-277.15,1.899,30.029,420.621,752.985,0.075,-30.764,-49.521,-16.861,-51.523,6.0,-33.095,269.0,83.0,92.414,-44.74,0.738,0.71,1.946,59.466,178.759,0.671,1.261,49.169,0.222,9.782,0.588,temp_g17_22_0001,single-objective/run2/g17/g17_3.pdb.sc
546.0,806.3584336042404,1.4768469479931143,3.370624303817749,0.0,1.4768469479931143,151.0,90.62865126132965,0.6001897434525142,2.4274275302886963,3.1950740948418117,3.7952638382943262,46.0,14.314960956573486,0.3111948034037714,1.28828763961792,4.226157836292101,4.5373526396958725,104.94361221790314,197.0,38,39,277,270,547,run2_g17_g17_4,single-objective/run2/g17/g17_4.pdb,65.268,-0.296,129.156,5.635,26.274,1.146,1167.268,2292.152,1124.884,37.0,-1.995,-1302.463,250.784,-273.909,1.902,30.918,491.153,764.18,-0.146,-30.764,-49.521,-16.861,-51.523,6.0,-33.028,269.0,83.0,92.414,-43.78,0.673,1.719,1.946,59.939,175.289,0.67,2.237,87.252,1.259,55.399,0.588,temp_g5_16_0001,single-objective/run2/g17/g17_4.pdb.sc
547.0,809.8251968622208,1.480484820589069,3.370624303817749,0.0,1.480484820589069,157.0,91.13975512981415,0.580507994457415,2.4274275302886963,3.2496966336183486,3.8302046280757636,49.0,14.624385595321655,0.2984568488841154,1.28828763961792,4.221191761445026,4.519648610329141,105.7641407251358,206.0,38,39,278,270,548,run2_g17_g17_5,single-objective/run2/g17/g17_5.pdb,68.91,-0.298,117.951,5.043,11.615,0.497,1237.601,2338.706,1101.104,40.0,-1.995,-1306.992,256.588,-271.416,1.971,31.698,491.407,754.987,-0.329,-30.764,-49.521,-16.231,-51.523,6.0,-32.264,269.0,83.0,92.517,-43.122,0.672,1.668,1.946,63.441,177.596,0.678,2.11,82.297,1.277,56.184,0.588,temp_g17_20_0001,single-objective/run2/g17/g17_5.pdb.sc
542.0,800.2546014785767,1.4764845045730197,3.370624303817749,0.0,1.4764845045730197,148.0,87.63119447231293,0.5921026653534657,2.4274275302886963,3.2429259942995534,3.835028659653019,46.0,13.622238874435425,0.2961356277051179,1.28828763961792,4.261175694672958,4.557311322378076,101.25343334674835,194.0,38,39,273,270,543,run2_g17_g17_6,single-objective/run2/g17/g17_6.pdb,72.822,-0.281,125.644,5.571,19.84,0.88,1139.488,2255.434,1115.945,36.0,-1.995,-1293.692,254.735,-272.154,1.944,31.713,486.35,761.76,-0.155,-30.764,-49.521,-16.231,-51.523,6.0,-33.124,269.0,83.0,92.517,-42.156,0.682,1.705,1.946,60.817,171.623,0.653,2.181,85.067,1.284,56.482,0.576,temp_g17_08_0001,single-objective/run2/g17/g17_6.pdb.sc
546.0,806.3584336042404,1.4768469479931143,3.370624303817749,0.0,1.4768469479931143,151.0,90.62865126132965,0.6001897434525142,2.4274275302886963,3.1950740948418117,3.7952638382943262,46.0,14.314960956573486,0.3111948034037714,1.28828763961792,4.226157836292101,4.5373526396958725,104.94361221790314,197.0,38,39,277,270,547,run2_g17_g17_7,single-objective/run2/g17/g17_7.pdb,65.268,-0.296,129.156,5.635,26.274,1.146,1167.268,2292.152,1124.884,37.0,-1.995,-1302.463,250.784,-273.909,1.902,30.918,491.153,764.18,-0.146,-30.764,-49.521,-16.861,-51.523,6.0,-33.028,269.0,83.0,92.414,-43.78,0.673,1.719,1.946,59.939,175.289,0.67,2.237,87.252,1.259,55.399,0.588,temp_g5_16_0001,single-objective/run2/g17/g17_7.pdb.sc
541.0,800.5343918800354,1.479730853752376,3.370624303817749,0.0,1.479730853752376,147.0,90.92966556549072,0.6185691535067396,2.4274275302886963,3.1972536635236675,3.815822817030407,44.0,13.41906452178955,0.3049787391315807,1.28828763961792,4.184899433092638,4.489878172224218,104.34873008728027,191.0,38,39,272,270,542,run2_g17_g17_8,single-objective/run2/g17/g17_8.pdb,264.524,0.406,91.975,4.06,-11.461,-0.506,1242.879,2265.199,1022.321,34.0,-1.995,-1290.244,242.866,-273.406,1.895,30.031,537.261,744.338,0.268,-30.764,-49.521,-15.233,-50.988,6.0,-31.755,269.0,83.0,93.225,-41.015,0.648,3.015,156.168,67.068,176.007,0.665,1.741,67.896,4.145,182.36,0.588,temp_g17_18_0001,single-objective/run2/g17/g17_8.pdb.sc
544.0,804.5519716739655,1.4789558302830248,3.370624303817749,0.0,1.4789558302830248,150.0,89.79951632022858,0.5986634421348572,2.4274275302886963,3.2189039746920267,3.817567416826884,46.0,14.08382511138916,0.30617011111715564,1.28828763961792,4.229408264160156,4.535578375277312,103.88334143161774,196.0,38,39,275,270,545,run2_g17_g17_9,single-objective/run2/g17/g17_9.pdb,-12.196,-0.582,53.074,2.323,-51.761,-2.265,1190.285,2284.92,1094.635,35.0,-1.995,-1297.804,249.427,-275.236,1.907,30.108,420.111,751.017,0.074,-30.764,-49.521,-15.233,-51.523,6.0,-33.21,269.0,83.0,92.414,-43.868,0.694,0.726,1.946,60.176,179.265,0.672,1.279,49.887,0.235,10.349,0.588,temp_g15_20_0001,single-objective/run2/g17/g17_9.pdb.sc
538.0,794.9916086196899,1.4776795699250742,3.370624303817749,0.0,1.4776795699250742,148.0,87.83898866176605,0.5935066801470679,2.4274275302886963,3.221978547605308,3.8154852277523763,45.0,13.762289762496948,0.3058286613888211,1.28828763961792,4.249510219362047,4.555338880750868,101.601278424263,193.0,38,39,269,270,539,run2_g18_g18_0,single-objective/run2/g18/g18_0.pdb,-18.395,-0.619,47.218,2.076,-61.659,-2.711,1206.738,2274.72,1067.981,33.0,-1.995,-1290.202,245.095,-274.863,1.894,29.951,413.799,745.453,0.062,-30.764,-49.521,-15.233,-51.523,6.0,-32.676,269.0,83.0,92.288,-43.133,0.657,0.632,1.946,61.008,179.494,0.674,1.185,46.22,0.142,6.23,0.588,temp_g17_23_0001,single-objective/run2/g18/g18_0.pdb.sc
542.0,800.5573362112045,1.4770430557402296,3.370624303817749,0.0,1.4770430557402296,150.0,88.09138453006744,0.5872758968671163,2.4274275302886963,3.2341388042767845,3.8214147011439006,46.0,13.763261079788208,0.2992013278214828,1.28828763961792,4.236654789551444,4.535856117372927,101.85464560985565,196.0,38,39,273,270,543,run2_g18_g18_1,single-objective/run2/g18/g18_1.pdb,-18.52,-0.62,47.351,2.082,-60.029,-2.639,1206.738,2274.72,1067.981,33.0,-1.995,-1293.195,248.401,-274.312,1.899,30.724,414.329,747.976,0.064,-30.764,-49.521,-16.231,-51.523,6.0,-32.74,269.0,83.0,92.517,-44.101,0.753,0.627,1.946,60.127,177.355,0.675,1.204,46.967,0.116,5.083,0.588,temp_g16_03_0001,single-objective/run2/g18/g18_1.pdb.sc
544.0,804.5519716739655,1.4789558302830248,3.370624303817749,0.0,1.4789558302830248,150.0,89.79951632022858,0.5986634421348572,2.4274275302886963,3.2189039746920267,3.817567416826884,46.0,14.08382511138916,0.30617011111715564,1.28828763961792,4.229408264160156,4.535578375277312,103.88334143161774,196.0,38,39,275,270,545,run2_g18_g18_10,single-objective/run2/g18/g18_10.pdb,-12.196,-0.582,53.074,2.323,-51.761,-2.265,1190.285,2284.92,1094.635,35.0,-1.995,-1297.804,249.427,-275.236,1.907,30.108,420.111,751.017,0.074,-30.764,-49.521,-15.233,-51.523,6.0,-33.21,269.0,83.0,92.414,-43.868,0.694,0.726,1.946,60.176,179.265,0.672,1.279,49.887,0.235,10.349,0.588,temp_g15_20_0001,single-objective/run2/g18/g18_10.pdb.sc
546.0,806.1507674455643,1.476466607043158,3.2207815647125244,0.0,1.476466607043158,150.0,89.61586582660675,0.5974391055107117,2.4274275302886963,3.220671028296153,3.8181101338068646,46.0,14.08382511138916,0.30617011111715564,1.28828763961792,4.229408264160156,4.535578375277312,103.69969093799591,196.0,38,39,277,270,547,run2_g18_g18_11,single-objective/run2/g18/g18_11.pdb,-7.626,-0.572,57.083,2.478,-47.959,-2.082,1194.648,2303.999,1109.35,33.0,-1.995,-1301.403,252.286,-274.563,1.912,30.337,423.475,753.456,0.077,-30.764,-49.521,-15.571,-51.523,7.0,-33.574,269.0,83.0,92.414,-43.602,0.739,0.762,1.946,60.263,178.215,0.667,1.312,51.184,0.273,12.03,0.588,temp_g18_10_0001,single-objective/run2/g18/g18_11.pdb.sc
544.0,804.5519716739655,1.4789558302830248,3.370624303817749,0.0,1.4789558302830248,150.0,89.79951632022858,0.5986634421348572,2.4274275302886963,3.2189039746920267,3.817567416826884,46.0,14.08382511138916,0.30617011111715564,1.28828763961792,4.229408264160156,4.535578375277312,103.88334143161774,196.0,38,39,275,270,545,run2_g18_g18_12,single-objective/run2/g18/g18_12.pdb,-12.196,-0.582,53.074,2.323,-51.761,-2.265,1190.285,2284.92,1094.635,35.0,-1.995,-1297.804,249.427,-275.236,1.907,30.108,420.111,751.017,0.074,-30.764,-49.521,-15.233,-51.523,6.0,-33.21,269.0,83.0,92.414,-43.868,0.694,0.726,1.946,60.176,179.265,0.672,1.279,49.887,0.235,10.349,0.588,temp_g15_20_0001,single-objective/run2/g18/g18_12.pdb.sc
539.0,797.3588162660599,1.4793299003080889,3.370624303817749,0.0,1.4793299003080889,149.0,87.42062592506409,0.5867156102353295,2.4274275302886963,3.2513275658524274,3.838043176087757,45.0,13.337862491607666,0.29639694425794816,1.28828763961792,4.314706786473592,4.61110373073154,100.75848841667175,194.0,38,39,270,270,540,run2_g18_g18_13,single-objective/run2/g18/g18_13.pdb,-18.534,-0.611,46.719,2.023,-59.339,-2.569,1188.946,2309.813,1120.868,32.0,-1.995,-1282.361,248.166,-277.358,1.893,29.876,402.631,751.957,0.059,-30.764,-49.521,-15.233,-51.523,5.0,-32.737,269.0,83.0,92.414,-44.168,0.721,0.632,1.946,59.899,177.757,0.649,1.117,43.57,0.202,8.877,0.588,temp_g18_09_0001,single-objective/run2/g18/g18_13.pdb.sc
541.0,800.4966074228287,1.4796610118721418,3.370624303817749,0.0,1.4796610118721418,150.0,89.6601482629776,0.597734321753184,2.4274275302886963,3.2435964560508728,3.841330777804057,47.0,14.23743200302124,0.30292408517066466,1.28828763961792,4.261282007744971,4.5642060929156365,103.89758026599884,197.0,38,39,272,270,542,run2_g18_g18_14,single-objective/run2/g18/g18_14.pdb,-17.378,-0.593,52.665,2.312,-53.371,-2.343,1197.533,2278.008,1080.475,32.0,-1.995,-1291.581,244.301,-275.224,1.902,29.978,416.882,744.764,0.057,-30.764,-49.521,-15.233,-51.523,6.0,-32.415,269.0,83.0,92.414,-43.825,0.663,0.693,1.946,60.23,181.7,0.664,1.256,48.976,0.194,8.551,0.588,temp_g17_21_0001,single-objective/run2/g18/g18_14.pdb.sc
541.0,799.9647928476334,1.4786779904762168,3.370624303817749,0.0,1.4786779904762168,149.0,88.74878585338593,0.5956294352576237,2.4274275302886963,3.2426094616819547,3.8382388969395786,47.0,14.233517169952393,0.3028407908500509,1.28828763961792,4.261101179934562,4.563941970784613,102.98230302333832,196.0,38,39,272,270,542,run2_g18_g18_15,single-objective/run2/g18/g18_15.pdb,-17.515,-0.594,50.432,2.214,-52.506,-2.305,1197.533,2278.008,1080.475,32.0,-1.995,-1290.72,244.128,-275.099,1.908,30.082,416.907,744.634,0.073,-30.764,-49.521,-15.233,-51.523,6.0,-32.324,269.0,83.0,92.414,-44.35,0.669,0.693,1.946,59.704,181.704,0.669,1.227,47.864,0.219,9.639,0.588,temp_g18_21_0001,single-objective/run2/g18/g18_15.pdb.sc
546.0,806.4468030929565,1.4770087968735468,3.370624303817749,0.0,1.4770087968735468,153.0,89.70587623119354,0.5863129165437486,2.4274275302886963,3.2102927530513092,3.7966056695950576,47.0,14.320817470550537,0.30469824405426676,1.28828763961792,4.214014139581234,4.518712383635501,104.02669370174408,200.0,38,39,277,270,547,run2_g18_g18_16,single-objective/run2/g18/g18_16.pdb,43.057,-0.379,103.859,4.494,0.275,0.012,1162.657,2310.833,1148.176,33.0,-1.995,-1302.318,253.844,-274.109,1.926,30.84,468.359,760.673,-11.144,-30.764,-49.521,-15.233,-51.523,6.0,-33.767,269.0,83.0,92.414,-44.054,0.69,1.392,1.946,59.656,176.095,0.671,1.913,74.608,0.931,40.949,0.588,temp_g17_12_0001,single-objective/run2/g18/g18_16.pdb.sc
546.0,806.3584336042404,1.4768469479931143,3.370624303817749,0.0,1.4768469479931143,151.0,90.62865126132965,0.6001897434525142,2.4274275302886963,3.1950740948418117,3.7952638382943262,46.0,14.314960956573486,0.3111948034037714,1.28828763961792,4.226157836292101,4.5373526396958725,104.94361221790314,197.0,38,39,277,270,547,run2_g18_g18_17,single-objective/run2/g18/g18_17.pdb,65.268,-0.296,129.156,5.635,26.274,1.146,1167.268,2292.152,1124.884,37.0,-1.995,-1302.463,250.784,-273.909,1.902,30.918,491.153,764.18,-0.146,-30.764,-49.521,-16.861,-51.523,6.0,-33.028,269.0,83.0,92.414,-43.78,0.673,1.719,1.946,59.939,175.289,0.67,2.237,87.252,1.259,55.399,0.588,temp_g5_16_0001,single-objective/run2/g18/g18_17.pdb.sc
547.0,806.9712736606598,1.475267410714186,3.2207815647125244,0.0,1.475267410714186,151.0,89.94778645038605,0.595680704969444,2.4274275302886963,3.1921850616568763,3.7878657666263202,46.0,14.181888818740845,0.30830193084219226,1.28828763961792,4.208893340566884,4.517195271409077,104.12967526912689,197.0,38,39,278,270,548,run2_g18_g18_18,single-objective/run2/g18/g18_18.pdb,114.284,-0.11,177.935,7.732,75.905,3.298,1199.806,2301.327,1101.521,33.0,-1.995,-1305.396,249.185,-273.376,1.908,30.967,541.666,765.107,-0.05,-30.764,-49.521,-16.861,-51.523,6.0,-32.794,269.0,83.0,92.414,-43.913,0.689,2.318,1.946,59.918,176.731,0.664,2.911,113.514,1.793,78.909,0.588,temp_g18_11_0001,single-objective/run2/g18/g18_18.pdb.sc
541.0,800.5343918800354,1.479730853752376,3.370624303817749,0.0,1.479730853752376,147.0,90.92966556549072,0.6185691535067396,2.4274275302886963,3.1972536635236675,3.815822817030407,44.0,13.41906452178955,0.3049787391315807,1.28828763961792,4.184899433092638,4.489878172224218,104.34873008728027,191.0,38,39,272,270,542,run2_g18_g18_19,single-objective/run2/g18/g18_19.pdb,264.524,0.406,91.975,4.06,-11.461,-0.506,1242.879,2265.199,1022.321,34.0,-1.995,-1290.244,242.866,-273.406,1.895,30.031,537.261,744.338,0.268,-30.764,-49.521,-15.233,-50.988,6.0,-31.755,269.0,83.0,93.225,-41.015,0.648,3.015,156.168,67.068,176.007,0.665,1.741,67.896,4.145,182.36,0.588,temp_g17_18_0001,single-objective/run2/g18/g18_19.pdb.sc
543.0,802.4105490446091,1.477735817761711,3.370624303817749,0.0,1.477735817761711,151.0,90.1667810678482,0.5971310004493259,2.4274275302886963,3.201735451521463,3.7988664519707886,45.0,14.078379392623901,0.31285287539164225,1.28828763961792,4.2424860053592255,4.555338880750868,104.2451604604721,196.0,38,39,274,270,544,run2_g18_g18_2,single-objective/run2/g18/g18_2.pdb,-18.265,-0.606,52.998,2.319,-50.978,-2.231,1190.285,2284.92,1094.635,33.0,-1.995,-1298.104,246.782,-277.15,1.899,30.029,420.621,752.985,0.075,-30.764,-49.521,-16.861,-51.523,6.0,-33.095,269.0,83.0,92.414,-44.74,0.738,0.71,1.946,59.466,178.759,0.671,1.261,49.169,0.222,9.782,0.588,temp_g17_22_0001,single-objective/run2/g18/g18_2.pdb.sc
543.0,802.4018813371658,1.477719855132902,3.370624303817749,0.0,1.477719855132902,150.0,89.23330652713776,0.5948887101809184,2.4274275302886963,3.2116093214352928,3.806498031616211,46.0,14.084235906600952,0.3061790414478468,1.28828763961792,4.22972335504449,4.535902396492336,103.31754243373871,196.0,38,39,274,270,544,run2_g18_g18_20,single-objective/run2/g18/g18_20.pdb,-11.702,-0.583,52.975,2.318,-52.388,-2.293,1190.285,2284.92,1094.635,35.0,-1.995,-1296.717,249.876,-275.607,1.918,30.043,420.151,752.632,0.073,-30.764,-49.521,-15.233,-51.523,6.0,-33.393,269.0,83.0,92.414,-44.74,0.738,0.73,1.946,59.466,178.759,0.671,1.26,49.157,0.259,11.391,0.588,temp_g17_06_0001,single-objective/run2/g18/g18_20.pdb.sc
540.0,799.1015474796295,1.4798176805178325,3.370624303817749,0.0,1.4798176805178325,149.0,88.85665261745453,0.596353373271507,2.4274275302886963,3.2405253280729256,3.8368787013444323,44.0,13.402332305908203,0.3045984614979137,1.28828763961792,4.203280394727534,4.507878856225447,102.25898492336273,193.0,38,39,271,270,541,run2_g18_g18_21,single-objective/run2/g18/g18_21.pdb,-19.501,-0.599,49.842,2.192,-52.339,-2.302,1214.188,2274.047,1059.86,32.0,-1.995,-1290.601,242.977,-274.828,1.902,29.938,417.702,739.794,0.073,-30.764,-49.521,-15.233,-51.523,6.0,-31.919,269.0,83.0,92.414,-43.849,0.727,0.669,1.946,60.158,183.314,0.664,1.237,48.248,0.166,7.289,0.588,temp_g16_21_0001,single-objective/run2/g18/g18_21.pdb.sc
542.0,800.5573362112045,1.4770430557402296,3.370624303817749,0.0,1.4770430557402296,150.0,88.09138453006744,0.5872758968671163,2.4274275302886963,3.2341388042767845,3.8214147011439006,46.0,13.763261079788208,0.2992013278214828,1.28828763961792,4.236654789551444,4.535856117372927,101.85464560985565,196.0,38,39,273,270,543,run2_g18_g18_22,single-objective/run2/g18/g18_22.pdb,-18.52,-0.62,47.351,2.082,-60.029,-2.639,1206.738,2274.72,1067.981,33.0,-1.995,-1293.195,248.401,-274.312,1.899,30.724,414.329,747.976,0.064,-30.764,-49.521,-16.231,-51.523,6.0,-32.74,269.0,83.0,92.517,-44.101,0.753,0.627,1.946,60.127,177.355,0.675,1.204,46.967,0.116,5.083,0.588,temp_g16_03_0001,single-objective/run2/g18/g18_22.pdb.sc
543.0,803.6349468231201,1.4799906939652303,3.370624303817749,0.0,1.4799906939652303,152.0,89.34543287754059,0.5877989005101355,2.4274275302886963,3.259244583939251,3.8470434844493866,48.0,14.246781826019287,0.29680795470873517,1.28828763961792,4.259895160794258,4.556703115502994,103.59221470355988,200.0,38,39,274,270,544,run2_g18_g18_23,single-objective/run2/g18/g18_23.pdb,71.899,-0.286,118.005,5.104,14.383,0.622,1193.368,2312.187,1118.819,41.0,-1.995,-1295.565,255.239,-271.837,1.948,31.644,485.771,759.423,-0.266,-30.764,-49.521,-16.231,-51.523,6.0,-32.888,269.0,83.0,92.517,-42.394,0.72,1.689,1.946,63.422,172.129,0.665,2.101,81.957,1.323,58.195,0.576,temp_g18_06_0001,single-objective/run2/g18/g18_23.pdb.sc
541.0,801.4126049280167,1.481354168073968,3.370624303817749,0.0,1.481354168073968,149.0,89.50515592098236,0.6007057444361232,2.4274275302886963,3.218477917197567,3.81918366163369,44.0,13.366731643676758,0.30378935553810815,1.28828763961792,4.201078111475164,4.5048674670132725,102.87188756465912,193.0,38,39,272,270,542,run2_g18_g18_24,single-objective/run2/g18/g18_24.pdb,-25.92,-0.623,48.458,2.128,-57.409,-2.521,1214.656,2277.134,1062.477,32.0,-1.995,-1292.235,243.201,-274.942,1.9,30.13,416.314,741.989,0.062,-31.248,-49.521,-15.717,-51.523,7.0,-32.089,269.0,83.0,92.414,-44.893,0.713,0.595,1.946,58.94,180.822,0.666,1.202,46.869,0.057,2.494,0.588,temp_g18_01_0001,single-objective/run2/g18/g18_24.pdb.sc
543.0,802.4105490446091,1.477735817761711,3.370624303817749,0.0,1.477735817761711,151.0,90.1667810678482,0.5971310004493259,2.4274275302886963,3.201735451521463,3.7988664519707886,45.0,14.078379392623901,0.31285287539164225,1.28828763961792,4.2424860053592255,4.555338880750868,104.2451604604721,196.0,38,39,274,270,544,run2_g18_g18_3,single-objective/run2/g18/g18_3.pdb,-18.265,-0.606,52.998,2.319,-51.396,-2.249,1190.285,2284.92,1094.635,35.0,-1.995,-1298.104,246.782,-277.15,1.899,30.029,420.621,752.985,0.074,-30.764,-49.521,-16.861,-51.523,6.0,-33.095,269.0,83.0,92.414,-44.74,0.696,0.71,1.946,59.466,178.759,0.671,1.261,49.169,0.222,9.782,0.588,temp_g17_19_0001,single-objective/run2/g18/g18_3.pdb.sc
540.0,797.7849180698395,1.47737947790711,3.370624303817749,0.0,1.47737947790711,147.0,90.91258561611176,0.6184529633749098,2.4274275302886963,3.1994880535164656,3.8179410168913757,45.0,13.080913066864014,0.2906869570414225,0.8472099304199219,4.3694172594282366,4.660104216469659,103.99349868297577,192.0,38,39,271,270,541,run2_g18_g18_4,single-objective/run2/g18/g18_4.pdb,42.224,-0.415,105.652,4.626,1.324,0.058,1140.009,2283.907,1143.898,32.0,-1.995,-1292.261,248.174,-276.65,1.882,30.146,469.899,758.599,-2.888,-30.764,-49.521,-16.861,-51.523,6.0,-32.816,269.0,83.0,92.414,-44.202,0.713,1.332,1.946,59.731,175.453,0.665,1.862,72.626,0.863,37.963,0.576,temp_g18_22_0001,single-objective/run2/g18/g18_4.pdb.sc
544.0,804.7216064929962,1.4792676589944784,3.370624303817749,0.0,1.4792676589944784,152.0,91.07977831363678,0.5992090678528735,2.4274275302886963,3.194759822989765,3.7939688908426383,44.0,13.948662519454956,0.3170150572603399,1.28828763961792,4.222649406303059,4.5396644635633985,105.02844083309174,196.0,38,39,275,270,545,run2_g18_g18_5,single-objective/run2/g18/g18_5.pdb,-24.078,-0.628,51.636,2.256,-54.646,-2.387,1196.132,2289.183,1093.051,34.0,-1.995,-1299.962,247.006,-277.549,1.897,30.221,419.515,755.977,0.065,-31.248,-49.521,-17.346,-51.523,7.0,-33.227,269.0,83.0,92.414,-45.784,0.711,0.641,1.946,58.247,176.267,0.673,1.244,48.51,0.106,4.682,0.588,temp_g18_03_0001,single-objective/run2/g18/g18_5.pdb.sc
538.0,794.9916086196899,1.4776795699250742,3.370624303817749,0.0,1.4776795699250742,148.0,87.83898866176605,0.5935066801470679,2.4274275302886963,3.221978547605308,3.8154852277523763,45.0,13.762289762496948,0.3058286613888211,1.28828763961792,4.249510219362047,4.555338880750868,101.601278424263,193.0,38,39,269,270,539,run2_g18_g18_6,single-objective/run2/g18/g18_6.pdb,-18.395,-0.619,47.218,2.076,-61.659,-2.711,1206.738,2274.72,1067.981,33.0,-1.995,-1290.202,245.095,-274.863,1.894,29.951,413.799,745.453,0.062,-30.764,-49.521,-15.233,-51.523,6.0,-32.676,269.0,83.0,92.288,-43.133,0.657,0.632,1.946,61.008,179.494,0.674,1.185,46.22,0.142,6.23,0.588,temp_g17_23_0001,single-objective/run2/g18/g18_6.pdb.sc
548.0,808.3424737453461,1.4750775068345732,3.2207815647125244,0.0,1.4750775068345732,153.0,90.08616411685944,0.588798458280127,2.4274275302886963,3.2053096037285003,3.794108062008627,47.0,14.182554960250854,0.30175648851597564,1.28828763961792,4.216638767972905,4.518395256488882,104.26871907711029,200.0,38,39,279,270,549,run2_g18_g18_7,single-objective/run2/g18/g18_7.pdb,261.3,0.279,107.956,4.675,-11.84,-0.513,1179.562,2309.363,1129.8,35.0,-1.995,-1307.499,254.826,-273.723,1.917,30.953,661.684,758.124,0.323,-30.764,-49.521,-15.233,-51.523,6.0,-33.357,269.0,83.0,92.831,-43.055,0.674,3.519,19.655,72.147,175.247,0.679,1.983,77.34,4.88,214.706,0.588,temp_g18_14_0001,single-objective/run2/g18/g18_7.pdb.sc
539.0,796.5199320316315,1.4777735288156428,3.370624303817749,0.0,1.4777735288156428,151.0,89.51143419742584,0.59279095494984,2.4274275302886963,3.2345749281889558,3.8273658831387958,45.0,13.664338827133179,0.30365197393629284,1.28828763961792,4.251686906814575,4.555338880750868,103.17577302455902,196.0,38,39,270,270,540,run2_g18_g18_8,single-objective/run2/g18/g18_8.pdb,200.071,0.195,47.36,2.082,-61.175,-2.689,1206.738,2274.72,1067.981,33.0,-1.995,-1294.386,246.424,-275.464,1.915,30.095,634.322,746.183,0.063,-30.764,-49.521,-15.233,-51.523,6.0,-32.619,269.0,83.0,92.238,-42.508,0.718,2.459,1.946,61.862,178.513,0.675,1.204,46.971,3.57,157.093,0.588,temp_g18_02_0001,single-objective/run2/g18/g18_8.pdb.sc
542.0,800.2546014785767,1.4764845045730197,3.370624303817749,0.0,1.4764845045730197,148.0,87.63119447231293,0.5921026653534657,2.4274275302886963,3.2429259942995534,3.835028659653019,46.0,13.622238874435425,0.2961356277051179,1.28828763961792,4.261175694672958,4.557311322378076,101.25343334674835,194.0,38,39,273,270,543,run2_g18_g18_9,single-objective/run2/g18/g18_9.pdb,72.822,-0.281,125.644,5.571,19.84,0.88,1139.488,2255.434,1115.945,36.0,-1.995,-1293.692,254.735,-272.154,1.944,31.713,486.35,761.76,-0.155,-30.764,-49.521,-16.231,-51.523,6.0,-33.124,269.0,83.0,92.517,-42.156,0.682,1.705,1.946,60.817,171.623,0.653,2.181,85.067,1.284,56.482,0.576,temp_g17_08_0001,single-objective/run2/g18/g18_9.pdb.sc
538.0,794.9916086196899,1.4776795699250742,3.370624303817749,0.0,1.4776795699250742,148.0,87.83898866176605,0.5935066801470679,2.4274275302886963,3.221978547605308,3.8154852277523763,45.0,13.762289762496948,0.3058286613888211,1.28828763961792,4.249510219362047,4.555338880750868,101.601278424263,193.0,38,39,269,270,539,run2_g19_g19_0,single-objective/run2/g19/g19_0.pdb,-18.395,-0.619,47.218,2.076,-61.659,-2.711,1206.738,2274.72,1067.981,33.0,-1.995,-1290.202,245.095,-274.863,1.894,29.951,413.799,745.453,0.062,-30.764,-49.521,-15.233,-51.523,6.0,-32.676,269.0,83.0,92.288,-43.133,0.657,0.632,1.946,61.008,179.494,0.674,1.185,46.22,0.142,6.23,0.588,temp_g17_23_0001,single-objective/run2/g19/g19_0.pdb.sc
538.0,794.9916086196899,1.4776795699250742,3.370624303817749,0.0,1.4776795699250742,148.0,87.83898866176605,0.5935066801470679,2.4274275302886963,3.221978547605308,3.8154852277523763,45.0,13.762289762496948,0.3058286613888211,1.28828763961792,4.249510219362047,4.555338880750868,101.601278424263,193.0,38,39,269,270,539,run2_g19_g19_1,single-objective/run2/g19/g19_1.pdb,-18.395,-0.619,47.218,2.076,-61.659,-2.711,1206.738,2274.72,1067.981,33.0,-1.995,-1290.202,245.095,-274.863,1.894,29.951,413.799,745.453,0.062,-30.764,-49.521,-15.233,-51.523,6.0,-32.676,269.0,83.0,92.288,-43.133,0.657,0.632,1.946,61.008,179.494,0.674,1.185,46.22,0.142,6.23,0.588,temp_g17_23_0001,single-objective/run2/g19/g19_1.pdb.sc
543.0,802.0856596231461,1.4771374947019265,3.370624303817749,0.0,1.4771374947019265,153.0,89.76383006572723,0.586691699775995,2.4274275302886963,3.2463320898853874,3.8330237896613824,46.0,13.665310144424438,0.2970719596614008,1.28828763961792,4.238784157711526,4.535856117372927,103.42914021015167,199.0,38,39,274,270,544,run2_g19_g19_10,single-objective/run2/g19/g19_10.pdb,199.945,0.192,47.381,2.083,-59.999,-2.638,1206.738,2274.72,1067.981,33.0,-1.995,-1297.379,249.73,-274.913,1.92,30.867,634.851,748.705,0.064,-30.764,-49.521,-16.231,-51.523,6.0,-32.683,269.0,83.0,92.467,-43.476,0.68,2.448,1.946,60.981,176.374,0.675,1.205,46.982,3.551,156.231,0.588,temp_g19_01_0001,single-objective/run2/g19/g19_10.pdb.sc
542.0,800.5573362112045,1.4770430557402296,3.370624303817749,0.0,1.4770430557402296,150.0,88.09138453006744,0.5872758968671163,2.4274275302886963,3.2341388042767845,3.8214147011439006,46.0,13.763261079788208,0.2992013278214828,1.28828763961792,4.236654789551444,4.535856117372927,101.85464560985565,196.0,38,39,273,270,543,run2_g19_g19_11,single-objective/run2/g19/g19_11.pdb,-18.52,-0.62,47.351,2.082,-60.029,-2.639,1206.738,2274.72,1067.981,33.0,-1.995,-1293.195,248.401,-274.312,1.899,30.724,414.329,747.976,0.064,-30.764,-49.521,-16.231,-51.523,6.0,-32.74,269.0,83.0,92.517,-44.101,0.753,0.627,1.946,60.127,177.355,0.675,1.204,46.967,0.116,5.083,0.588,temp_g16_03_0001,single-objective/run2/g19/g19_11.pdb.sc
541.0,800.007528424263,1.4787569841483605,3.370624303817749,0.0,1.4787569841483605,149.0,87.42062592506409,0.5867156102353295,2.4274275302886963,3.2513275658524274,3.838043176087757,45.0,13.337862491607666,0.29639694425794816,1.28828763961792,4.314706786473592,4.61110373073154,100.75848841667175,194.0,38,39,272,270,542,run2_g19_g19_12,single-objective/run2/g19/g19_12.pdb,-18.808,-0.615,46.573,2.016,-60.018,-2.598,1188.946,2309.813,1120.868,32.0,-1.995,-1286.056,249.782,-277.501,1.896,30.09,403.332,753.975,0.058,-30.764,-49.521,-15.233,-51.523,5.0,-33.355,269.0,83.0,92.414,-43.765,0.715,0.63,1.946,60.176,176.707,0.648,1.098,42.817,0.215,9.469,0.588,temp_g19_13_0001,single-objective/run2/g19/g19_12.pdb.sc
542.0,800.5573362112045,1.4770430557402296,3.370624303817749,0.0,1.4770430557402296,150.0,88.09138453006744,0.5872758968671163,2.4274275302886963,3.2341388042767845,3.8214147011439006,46.0,13.763261079788208,0.2992013278214828,1.28828763961792,4.236654789551444,4.535856117372927,101.85464560985565,196.0,38,39,273,270,543,run2_g19_g19_13,single-objective/run2/g19/g19_13.pdb,-18.52,-0.62,47.351,2.082,-60.029,-2.639,1206.738,2274.72,1067.981,33.0,-1.995,-1293.195,248.401,-274.312,1.899,30.724,414.329,747.976,0.064,-30.764,-49.521,-16.231,-51.523,6.0,-32.74,269.0,83.0,92.517,-44.101,0.753,0.627,1.946,60.127,177.355,0.675,1.204,46.967,0.116,5.083,0.588,temp_g16_03_0001,single-objective/run2/g19/g19_13.pdb.sc
546.0,806.1507674455643,1.476466607043158,3.2207815647125244,0.0,1.476466607043158,150.0,89.61586582660675,0.5974391055107117,2.4274275302886963,3.220671028296153,3.8181101338068646,46.0,14.08382511138916,0.30617011111715564,1.28828763961792,4.229408264160156,4.535578375277312,103.69969093799591,196.0,38,39,277,270,547,run2_g19_g19_14,single-objective/run2/g19/g19_14.pdb,-7.626,-0.572,57.083,2.478,-47.959,-2.082,1194.648,2303.999,1109.35,33.0,-1.995,-1301.403,252.286,-274.563,1.912,30.337,423.475,753.456,0.077,-30.764,-49.521,-15.571,-51.523,7.0,-33.574,269.0,83.0,92.414,-43.602,0.739,0.762,1.946,60.263,178.215,0.667,1.312,51.184,0.273,12.03,0.588,temp_g18_10_0001,single-objective/run2/g19/g19_14.pdb.sc
546.0,806.4468030929565,1.4770087968735468,3.370624303817749,0.0,1.4770087968735468,153.0,89.70587623119354,0.5863129165437486,2.4274275302886963,3.2102927530513092,3.7966056695950576,47.0,14.320817470550537,0.30469824405426676,1.28828763961792,4.214014139581234,4.518712383635501,104.02669370174408,200.0,38,39,277,270,547,run2_g19_g19_15,single-objective/run2/g19/g19_15.pdb,43.057,-0.379,103.859,4.494,0.275,0.012,1162.657,2310.833,1148.176,33.0,-1.995,-1302.318,253.844,-274.109,1.926,30.84,468.359,760.673,-11.144,-30.764,-49.521,-15.233,-51.523,6.0,-33.767,269.0,83.0,92.414,-44.054,0.69,1.392,1.946,59.656,176.095,0.671,1.913,74.608,0.931,40.949,0.588,temp_g17_12_0001,single-objective/run2/g19/g19_15.pdb.sc
544.0,805.2194516658783,1.4801828155622763,3.370624303817749,0.0,1.4801828155622763,150.0,90.80743288993835,0.6053828859329223,2.4274275302886963,3.195116728146871,3.800499614079793,45.0,13.88254189491272,0.3085009309980604,1.28828763961792,4.1965783596038815,4.505079290601942,104.68997478485107,195.0,38,39,275,270,545,run2_g19_g19_16,single-objective/run2/g19/g19_16.pdb,267.564,0.456,104.401,4.577,-4.431,-0.194,1219.243,2281.003,1061.76,35.0,-1.995,-1300.366,248.334,-272.863,1.903,30.057,540.692,749.171,0.692,-30.764,-49.521,-15.233,-50.988,6.0,-33.14,269.0,83.0,92.673,-40.932,0.726,3.155,156.168,67.31,176.47,0.676,1.92,74.868,4.25,187.007,0.588,temp_g19_10_0001,single-objective/run2/g19/g19_16.pdb.sc
544.0,805.1623126268387,1.4800777805640417,3.370624303817749,0.0,1.4800777805640417,152.0,91.2704416513443,0.6004634319167388,2.4274275302886963,3.2214371914926327,3.8219006234093715,47.0,14.409210205078125,0.30657894053357715,1.28828763961792,4.232753642061923,4.539332582595501,105.67965185642242,199.0,38,39,275,270,545,run2_g19_g19_17,single-objective/run2/g19/g19_17.pdb,21.351,-0.462,88.498,3.855,-19.104,-0.832,1196.302,2295.573,1099.271,35.0,-1.995,-1300.889,246.336,-273.906,1.914,30.113,453.824,752.507,0.2,-30.764,-49.521,-15.233,-51.523,6.0,-32.047,269.0,83.0,92.414,-43.871,0.749,1.108,1.946,60.184,181.275,0.679,1.717,66.969,0.567,24.955,0.588,temp_g19_12_0001,single-objective/run2/g19/g19_17.pdb.sc
541.0,801.4126049280167,1.481354168073968,3.370624303817749,0.0,1.481354168073968,149.0,89.50515592098236,0.6007057444361232,2.4274275302886963,3.218477917197567,3.81918366163369,44.0,13.366731643676758,0.30378935553810815,1.28828763961792,4.201078111475164,4.5048674670132725,102.87188756465912,193.0,38,39,272,270,542,run2_g19_g19_18,single-objective/run2/g19/g19_18.pdb,-25.92,-0.623,48.458,2.128,-57.409,-2.521,1214.656,2277.134,1062.477,32.0,-1.995,-1292.235,243.201,-274.942,1.9,30.13,416.314,741.989,0.062,-31.248,-49.521,-15.717,-51.523,7.0,-32.089,269.0,83.0,92.414,-44.893,0.713,0.595,1.946,58.94,180.822,0.666,1.202,46.869,0.057,2.494,0.588,temp_g18_01_0001,single-objective/run2/g19/g19_18.pdb.sc
537.0,793.5964168310165,1.4778331784562693,3.370624303817749,0.0,1.4778331784562693,147.0,87.63740229606628,0.5961728047351448,2.4274275302886963,3.2216434494978716,3.8178162542330165,45.0,13.880308151245117,0.3084512922498915,1.28828763961792,4.246346510781182,4.554797803031073,101.5177104473114,192.0,38,39,268,270,538,run2_g19_g19_19,single-objective/run2/g19/g19_19.pdb,-17.01,-0.611,47.552,2.104,-59.67,-2.64,1206.049,2259.885,1053.836,33.0,-1.995,-1289.527,244.783,-274.888,1.891,29.928,415.994,743.54,0.064,-30.764,-49.521,-15.233,-51.523,6.0,-32.491,269.0,83.0,92.288,-43.145,0.661,0.658,1.946,61.0,180.13,0.672,1.207,47.054,0.172,7.548,0.576,temp_g19_00_0001,single-objective/run2/g19/g19_19.pdb.sc
543.0,802.4018813371658,1.477719855132902,3.370624303817749,0.0,1.477719855132902,150.0,89.23330652713776,0.5948887101809184,2.4274275302886963,3.2116093214352928,3.806498031616211,46.0,14.084235906600952,0.3061790414478468,1.28828763961792,4.22972335504449,4.535902396492336,103.31754243373871,196.0,38,39,274,270,544,run2_g19_g19_2,single-objective/run2/g19/g19_2.pdb,-11.702,-0.583,52.975,2.318,-52.388,-2.293,1190.285,2284.92,1094.635,35.0,-1.995,-1296.717,249.876,-275.607,1.918,30.043,420.151,752.632,0.073,-30.764,-49.521,-15.233,-51.523,6.0,-33.393,269.0,83.0,92.414,-44.74,0.738,0.73,1.946,59.466,178.759,0.671,1.26,49.157,0.259,11.391,0.588,temp_g17_06_0001,single-objective/run2/g19/g19_2.pdb.sc
544.0,804.7216064929962,1.4792676589944784,3.370624303817749,0.0,1.4792676589944784,152.0,91.07977831363678,0.5992090678528735,2.4274275302886963,3.194759822989765,3.7939688908426383,44.0,13.948662519454956,0.3170150572603399,1.28828763961792,4.222649406303059,4.5396644635633985,105.02844083309174,196.0,38,39,275,270,545,run2_g19_g19_20,single-objective/run2/g19/g19_20.pdb,-24.078,-0.628,51.636,2.256,-54.646,-2.387,1196.132,2289.183,1093.051,34.0,-1.995,-1299.962,247.006,-277.549,1.897,30.221,419.515,755.977,0.065,-31.248,-49.521,-17.346,-51.523,7.0,-33.227,269.0,83.0,92.414,-45.784,0.711,0.641,1.946,58.247,176.267,0.673,1.244,48.51,0.106,4.682,0.588,temp_g18_03_0001,single-objective/run2/g19/g19_20.pdb.sc
543.0,802.4105490446091,1.477735817761711,3.370624303817749,0.0,1.477735817761711,151.0,90.1667810678482,0.5971310004493259,2.4274275302886963,3.201735451521463,3.7988664519707886,45.0,14.078379392623901,0.31285287539164225,1.28828763961792,4.2424860053592255,4.555338880750868,104.2451604604721,196.0,38,39,274,270,544,run2_g19_g19_21,single-objective/run2/g19/g19_21.pdb,-18.265,-0.606,52.998,2.319,-50.978,-2.231,1190.285,2284.92,1094.635,33.0,-1.995,-1298.104,246.782,-277.15,1.899,30.029,420.621,752.985,0.075,-30.764,-49.521,-16.861,-51.523,6.0,-33.095,269.0,83.0,92.414,-44.74,0.738,0.71,1.946,59.466,178.759,0.671,1.261,49.169,0.222,9.782,0.588,temp_g17_22_0001,single-objective/run2/g19/g19_21.pdb.sc
541.0,800.5343918800354,1.479730853752376,3.370624303817749,0.0,1.479730853752376,147.0,90.92966556549072,0.6185691535067396,2.4274275302886963,3.1972536635236675,3.815822817030407,44.0,13.41906452178955,0.3049787391315807,1.28828763961792,4.184899433092638,4.489878172224218,104.34873008728027,191.0,38,39,272,270,542,run2_g19_g19_22,single-objective/run2/g19/g19_22.pdb,264.524,0.406,91.975,4.06,-11.461,-0.506,1242.879,2265.199,1022.321,34.0,-1.995,-1290.244,242.866,-273.406,1.895,30.031,537.261,744.338,0.268,-30.764,-49.521,-15.233,-50.988,6.0,-31.755,269.0,83.0,93.225,-41.015,0.648,3.015,156.168,67.068,176.007,0.665,1.741,67.896,4.145,182.36,0.588,temp_g17_18_0001,single-objective/run2/g19/g19_22.pdb.sc
545.0,804.8557232618332,1.4767994922235472,3.370624303817749,0.0,1.4767994922235472,150.0,90.60369431972504,0.6040246287981669,2.4274275302886963,3.1968018778165184,3.800826506614685,46.0,14.307176113128662,0.31102556767671,1.28828763961792,4.236096667206806,4.547122234883516,104.9108704328537,196.0,38,39,276,270,546,run2_g19_g19_23,single-objective/run2/g19/g19_23.pdb,64.192,-0.289,130.501,5.713,27.628,1.209,1169.181,2284.353,1115.172,35.0,-1.995,-1299.956,247.768,-274.517,1.899,31.059,488.737,764.226,-0.138,-30.764,-49.521,-16.861,-51.523,6.0,-31.765,269.0,83.0,92.414,-43.57,0.701,1.738,1.946,60.161,175.868,0.659,2.254,87.902,1.282,56.392,0.588,temp_g19_17_0001,single-objective/run2/g19/g19_23.pdb.sc
544.0,804.5519716739655,1.4789558302830248,3.370624303817749,0.0,1.4789558302830248,150.0,89.79951632022858,0.5986634421348572,2.4274275302886963,3.2189039746920267,3.817567416826884,46.0,14.08382511138916,0.30617011111715564,1.28828763961792,4.229408264160156,4.535578375277312,103.88334143161774,196.0,38,39,275,270,545,run2_g19_g19_24,single-objective/run2/g19/g19_24.pdb,-12.196,-0.582,53.074,2.323,-51.761,-2.265,1190.285,2284.92,1094.635,35.0,-1.995,-1297.804,249.427,-275.236,1.907,30.108,420.111,751.017,0.074,-30.764,-49.521,-15.233,-51.523,6.0,-33.21,269.0,83.0,92.414,-43.868,0.694,0.726,1.946,60.176,179.265,0.672,1.279,49.887,0.235,10.349,0.588,temp_g15_20_0001,single-objective/run2/g19/g19_24.pdb.sc
538.0,794.9916086196899,1.4776795699250742,3.370624303817749,0.0,1.4776795699250742,148.0,87.83898866176605,0.5935066801470679,2.4274275302886963,3.221978547605308,3.8154852277523763,45.0,13.762289762496948,0.3058286613888211,1.28828763961792,4.249510219362047,4.555338880750868,101.601278424263,193.0,38,39,269,270,539,run2_g19_g19_3,single-objective/run2/g19/g19_3.pdb,-18.395,-0.619,47.218,2.076,-61.659,-2.711,1206.738,2274.72,1067.981,33.0,-1.995,-1290.202,245.095,-274.863,1.894,29.951,413.799,745.453,0.062,-30.764,-49.521,-15.233,-51.523,6.0,-32.676,269.0,83.0,92.288,-43.133,0.657,0.632,1.946,61.008,179.494,0.674,1.185,46.22,0.142,6.23,0.588,temp_g17_23_0001,single-objective/run2/g19/g19_3.pdb.sc
540.0,799.1015474796295,1.4798176805178325,3.370624303817749,0.0,1.4798176805178325,149.0,88.85665261745453,0.596353373271507,2.4274275302886963,3.2405253280729256,3.8368787013444323,44.0,13.402332305908203,0.3045984614979137,1.28828763961792,4.203280394727534,4.507878856225447,102.25898492336273,193.0,38,39,271,270,541,run2_g19_g19_4,single-objective/run2/g19/g19_4.pdb,-19.501,-0.599,49.842,2.192,-52.339,-2.302,1214.188,2274.047,1059.86,32.0,-1.995,-1290.601,242.977,-274.828,1.902,29.938,417.702,739.794,0.073,-30.764,-49.521,-15.233,-51.523,6.0,-31.919,269.0,83.0,92.414,-43.849,0.727,0.669,1.946,60.158,183.314,0.664,1.237,48.248,0.166,7.289,0.588,temp_g16_21_0001,single-objective/run2/g19/g19_4.pdb.sc
536.0,792.0744590759277,1.4777508564849398,3.370624303817749,0.0,1.4777508564849398,148.0,87.83898866176605,0.5935066801470679,2.4274275302886963,3.221978547605308,3.8154852277523763,45.0,13.762289762496948,0.3058286613888211,1.28828763961792,4.249510219362047,4.555338880750868,101.601278424263,193.0,38,39,267,270,537,run2_g19_g19_5,single-objective/run2/g19/g19_5.pdb,-14.315,-0.604,47.253,2.077,-61.205,-2.691,1206.738,2274.72,1067.981,31.0,-1.995,-1287.296,244.565,-274.35,1.892,29.927,413.574,742.928,0.062,-30.764,-49.521,-15.233,-51.523,6.0,-32.415,269.0,83.0,92.308,-42.321,0.695,0.679,1.946,62.795,180.582,0.674,1.186,46.238,0.23,10.106,0.588,temp_g19_06_0001,single-objective/run2/g19/g19_5.pdb.sc
546.0,806.3584336042404,1.4768469479931143,3.370624303817749,0.0,1.4768469479931143,151.0,90.62865126132965,0.6001897434525142,2.4274275302886963,3.1950740948418117,3.7952638382943262,46.0,14.314960956573486,0.3111948034037714,1.28828763961792,4.226157836292101,4.5373526396958725,104.94361221790314,197.0,38,39,277,270,547,run2_g19_g19_6,single-objective/run2/g19/g19_6.pdb,65.268,-0.296,129.156,5.635,26.274,1.146,1167.268,2292.152,1124.884,37.0,-1.995,-1302.463,250.784,-273.909,1.902,30.918,491.153,764.18,-0.146,-30.764,-49.521,-16.861,-51.523,6.0,-33.028,269.0,83.0,92.414,-43.78,0.673,1.719,1.946,59.939,175.289,0.67,2.237,87.252,1.259,55.399,0.588,temp_g5_16_0001,single-objective/run2/g19/g19_6.pdb.sc
539.0,797.3588162660599,1.4793299003080889,3.370624303817749,0.0,1.4793299003080889,149.0,87.42062592506409,0.5867156102353295,2.4274275302886963,3.2513275658524274,3.838043176087757,45.0,13.337862491607666,0.29639694425794816,1.28828763961792,4.314706786473592,4.61110373073154,100.75848841667175,194.0,38,39,270,270,540,run2_g19_g19_7,single-objective/run2/g19/g19_7.pdb,-18.534,-0.611,46.719,2.023,-59.339,-2.569,1188.946,2309.813,1120.868,32.0,-1.995,-1282.361,248.166,-277.358,1.893,29.876,402.631,751.957,0.059,-30.764,-49.521,-15.233,-51.523,5.0,-32.737,269.0,83.0,92.414,-44.168,0.721,0.632,1.946,59.899,177.757,0.649,1.117,43.57,0.202,8.877,0.588,temp_g18_09_0001,single-objective/run2/g19/g19_7.pdb.sc
538.0,794.9916086196899,1.4776795699250742,3.370624303817749,0.0,1.4776795699250742,148.0,87.83898866176605,0.5935066801470679,2.4274275302886963,3.221978547605308,3.8154852277523763,45.0,13.762289762496948,0.3058286613888211,1.28828763961792,4.249510219362047,4.555338880750868,101.601278424263,193.0,38,39,269,270,539,run2_g19_g19_8,single-objective/run2/g19/g19_8.pdb,-18.395,-0.619,47.218,2.076,-61.659,-2.711,1206.738,2274.72,1067.981,33.0,-1.995,-1290.202,245.095,-274.863,1.894,29.951,413.799,745.453,0.062,-30.764,-49.521,-15.233,-51.523,6.0,-32.676,269.0,83.0,92.288,-43.133,0.657,0.632,1.946,61.008,179.494,0.674,1.185,46.22,0.142,6.23,0.588,temp_g17_23_0001,single-objective/run2/g19/g19_8.pdb.sc
541.0,799.0546258687973,1.4769956115874256,3.370624303817749,0.0,1.4769956115874256,149.0,88.06642758846283,0.5910498495869989,2.4274275302886963,3.2361403623683342,3.8271902119553327,46.0,13.755476236343384,0.2990320920944214,1.28828763961792,4.246593620466149,4.545625712560571,101.82190382480621,195.0,38,39,272,270,542,run2_g19_g19_9,single-objective/run2/g19/g19_9.pdb,-19.596,-0.616,48.584,2.143,-60.097,-2.651,1208.651,2266.92,1058.269,33.0,-1.995,-1290.687,245.385,-274.92,1.896,30.864,411.912,748.023,0.064,-30.764,-49.521,-16.231,-51.523,6.0,-31.477,269.0,83.0,92.517,-43.891,0.701,0.641,1.946,60.349,177.934,0.662,1.202,46.881,0.145,6.36,0.588,temp_g19_22_0001,single-objective/run2/g19/g19_9.pdb.sc
554.0,819.8168061971664,1.4798137295977734,3.2207815647125244,0.0,1.4798137295977734,153.0,91.65350890159607,0.5990425418404972,2.410245656967163,3.203984939974118,3.803027481814615,47.0,15.12355899810791,0.32177785102357254,1.28828763961792,4.202147803408034,4.523925654431607,106.77706789970398,200.0,38,39,285,270,555,run2_g2_g2_0,single-objective/run2/g2/g2_0.pdb,-92.136,-0.67,48.396,1.971,81.215,3.308,1267.396,2455.4,1188.003,39.0,-1.995,-1312.779,253.31,-272.77,1.954,31.338,351.579,756.306,-0.043,-29.622,-49.521,-18.271,-51.523,5.0,-33.958,269.0,83.0,92.326,-46.507,0.69,0.525,1.946,58.596,176.866,0.663,1.169,45.579,-0.045,-1.985,0.588,temp_g1_09_0001,single-objective/run2/g2/g2_0.pdb.sc
561.0,828.133211016655,1.4761732816696167,3.2051174640655518,0.0,1.4761732816696167,157.0,92.74683725833893,0.5907441863588466,2.410245656967163,3.1838167343929316,3.774560920751778,49.0,15.130182027816772,0.3087792250574852,1.28828763961792,4.185905573319416,4.494684798376901,107.8770192861557,206.0,38,39,292,270,562,run2_g2_g2_1,single-objective/run2/g2/g2_1.pdb,-78.991,-0.691,53.109,2.176,84.888,3.477,1226.251,2441.077,1214.826,31.0,-1.995,-1329.862,257.58,-285.717,1.969,32.367,372.657,782.256,-0.032,-32.107,-49.521,-20.227,-51.523,5.0,-32.788,269.0,83.0,92.368,-47.916,0.725,0.449,1.946,57.021,173.906,0.683,1.201,46.852,-0.218,-9.61,0.597,g0_09_0001,single-objective/run2/g2/g2_1.pdb.sc
557.0,821.0181317329407,1.4740002365043818,3.2051174640655518,0.0,1.4740002365043818,153.0,91.81133472919464,0.6000740831973506,2.410245656967163,3.192658051166659,3.7927321343640097,46.0,14.175024032592773,0.30815269636071246,1.28828763961792,4.161780010098997,4.4699327064597085,105.98635876178741,199.0,38,39,288,270,558,run2_g2_g2_10,single-objective/run2/g2/g2_10.pdb,-148.88,-0.613,64.402,2.686,100.103,4.175,1200.73,2397.634,1196.904,35.0,-1.995,-1322.658,254.608,-286.72,1.933,32.271,301.919,772.228,-0.044,-32.107,-49.521,-17.531,-51.523,7.0,-35.186,269.0,83.0,92.414,-44.58,0.715,0.674,1.946,59.789,175.248,0.665,1.385,54.005,0.044,1.918,0.585,g0_15_0001,single-objective/run2/g2/g2_10.pdb.sc
561.0,826.7778928279877,1.4737573847201206,3.2051174640655518,0.0,1.4737573847201206,158.0,93.6789585351944,0.5929048008556608,2.410245656967163,3.1781676894501794,3.77107249030584,45.0,14.157074451446533,0.3146016544765896,1.28828763961792,4.127041069666545,4.441642724143135,107.83603298664093,203.0,38,39,292,270,562,run2_g2_g2_11,single-objective/run2/g2/g2_11.pdb,-155.933,-0.645,59.433,2.469,95.889,3.984,1215.991,2407.156,1191.165,32.0,-1.995,-1327.618,257.231,-291.816,1.96,32.207,301.032,777.39,-0.046,-32.107,-49.521,-20.556,-51.523,7.0,-33.429,269.0,83.0,92.414,-45.788,0.73,0.602,1.946,58.96,174.685,0.677,1.327,51.765,-0.041,-1.821,0.597,g0_00_0001,single-objective/run2/g2/g2_11.pdb.sc
561.0,828.133211016655,1.4761732816696167,3.2051174640655518,0.0,1.4761732816696167,157.0,92.74683725833893,0.5907441863588466,2.410245656967163,3.1838167343929316,3.774560920751778,49.0,15.130182027816772,0.3087792250574852,1.28828763961792,4.185905573319416,4.494684798376901,107.8770192861557,206.0,38,39,292,270,562,run2_g2_g2_12,single-objective/run2/g2/g2_12.pdb,-78.991,-0.691,53.109,2.176,84.888,3.477,1226.251,2441.077,1214.826,31.0,-1.995,-1329.862,257.58,-285.717,1.969,32.367,372.657,782.256,-0.032,-32.107,-49.521,-20.227,-51.523,5.0,-32.788,269.0,83.0,92.368,-47.916,0.725,0.449,1.946,57.021,173.906,0.683,1.201,46.852,-0.218,-9.61,0.597,g0_09_0001,single-objective/run2/g2/g2_12.pdb.sc
554.0,819.8168061971664,1.4798137295977734,3.2207815647125244,0.0,1.4798137295977734,153.0,91.65350890159607,0.5990425418404972,2.410245656967163,3.203984939974118,3.803027481814615,47.0,15.12355899810791,0.32177785102357254,1.28828763961792,4.202147803408034,4.523925654431607,106.77706789970398,200.0,38,39,285,270,555,run2_g2_g2_13,single-objective/run2/g2/g2_13.pdb,-92.136,-0.67,48.396,1.971,81.215,3.308,1267.396,2455.4,1188.003,39.0,-1.995,-1312.779,253.31,-272.77,1.954,31.338,351.579,756.306,-0.043,-29.622,-49.521,-18.271,-51.523,5.0,-33.958,269.0,83.0,92.326,-46.507,0.69,0.525,1.946,58.596,176.866,0.663,1.169,45.579,-0.045,-1.985,0.588,temp_g1_09_0001,single-objective/run2/g2/g2_13.pdb.sc
554.0,816.9311624765396,1.4746049864197466,3.2051174640655518,0.0,1.4746049864197466,156.0,93.3303153514862,0.5982712522531167,2.4274275302886963,3.186658393114041,3.784929645367158,45.0,14.24226427078247,0.3164947615729438,1.28828763961792,4.160970973968506,4.4774657355414496,107.57257962226868,201.0,38,39,285,270,555,run2_g2_g2_14,single-objective/run2/g2/g2_14.pdb,-106.016,-0.456,102.408,4.205,140.033,5.751,1231.672,2435.111,1203.439,34.0,-1.995,-1318.774,254.345,-289.063,1.943,32.406,342.546,773.398,-0.032,-32.107,-49.521,-20.556,-51.523,7.0,-32.697,269.0,83.0,92.414,-44.415,0.724,1.185,1.946,59.614,175.427,0.683,1.878,73.248,0.571,25.128,0.596,g0_13_0001,single-objective/run2/g2/g2_14.pdb.sc
559.0,825.2420511245728,1.4762827390421696,3.2207815647125244,0.0,1.4762827390421696,156.0,93.59269893169403,0.59995319828009,2.410245656967163,3.181207148692547,3.7811603469726367,48.0,14.67418098449707,0.30571210384368896,1.28828763961792,4.158653810620308,4.464365914463997,108.2668799161911,204.0,38,39,290,270,560,run2_g2_g2_15,single-objective/run2/g2/g2_15.pdb,47.721,-0.299,132.949,5.506,169.765,7.03,1245.028,2414.7,1169.672,30.0,-1.995,-1324.818,254.243,-281.725,1.956,31.626,503.126,761.184,-0.024,-30.764,-49.521,-20.227,-51.523,6.0,-33.579,269.0,84.0,92.829,-45.255,0.686,1.686,1.946,60.943,178.682,0.673,2.205,88.214,1.214,53.4,0.597,g0_10_0001,single-objective/run2/g2/g2_15.pdb.sc
556.0,819.4424324035645,1.4738173244668424,3.370624303817749,0.0,1.4738173244668424,152.0,93.05271077156067,0.6121888866550044,2.4274275302886963,3.1809855103492737,3.793174397004278,49.0,13.692893981933594,0.27944681595782844,1.28828763961792,4.248155044049633,4.5276018600074615,106.74560475349426,201.0,38,39,287,270,557,run2_g2_g2_16,single-objective/run2/g2/g2_16.pdb,151.671,0.174,109.035,4.533,233.908,9.724,1263.313,2405.498,1142.185,35.0,-1.995,-1316.526,249.454,-277.853,1.957,31.884,582.125,762.513,-0.016,-29.622,-49.521,-15.233,-51.523,6.0,-30.829,269.0,83.0,92.615,-40.486,0.693,3.219,1.946,63.778,178.39,0.675,2.08,81.128,4.229,186.072,0.597,temp_g1_21_0001,single-objective/run2/g2/g2_16.pdb.sc
561.0,826.3851367235184,1.473057284712154,3.2051174640655518,0.0,1.473057284712154,157.0,93.02678263187408,0.592527277910026,2.4274275302886963,3.177299242110769,3.7698265200207945,45.0,14.074301481246948,0.31276225513882105,1.28828763961792,4.105248959859212,4.4180112149980335,107.10108411312103,202.0,38,39,292,270,562,run2_g2_g2_17,single-objective/run2/g2/g2_17.pdb,180.075,0.21,285.565,11.84,315.899,13.098,1238.95,2411.804,1172.853,31.0,-1.995,-1327.553,258.97,-293.863,1.958,32.278,630.62,780.663,-0.009,-32.107,-49.521,-18.954,-51.523,5.0,-33.056,269.0,85.0,91.987,-43.771,0.682,3.325,1.946,60.437,172.964,0.66,4.068,166.787,2.633,115.834,0.597,temp_g2_10_0001,single-objective/run2/g2/g2_17.pdb.sc
571.0,840.2566323280334,1.4715527711524228,3.1058762073516846,0.0,1.4715527711524228,162.0,96.78886890411377,0.5974621537290974,2.410245656967163,3.141120085009822,3.7385822387389194,50.0,15.654741764068604,0.31309483528137205,1.28828763961792,4.12014892578125,4.433243761062622,112.44361066818237,212.0,38,39,302,270,572,run2_g2_g2_18,single-objective/run2/g2/g2_18.pdb,158.125,-0.127,155.249,6.264,215.143,8.68,1284.692,2478.485,1193.793,32.0,-1.995,-1351.01,263.023,-286.135,2.1,33.759,600.596,795.762,-0.019,-32.107,-49.521,-20.227,-51.523,6.0,-31.218,269.0,83.0,92.414,-43.636,0.704,2.259,1.946,63.41,171.891,0.658,2.517,98.153,2.03,89.304,0.597,temp_g2_00_0001,single-objective/run2/g2/g2_18.pdb.sc
547.0,808.0384984016418,1.4772184614289614,3.2207815647125244,0.0,1.4772184614289614,156.0,94.52660489082336,0.6059397749411755,2.4274275302886963,3.2116183241208396,3.817558099062015,45.0,14.526643753051758,0.3228143056233724,1.28828763961792,4.185359202490913,4.508173508114285,109.05324864387512,201.0,38,39,278,270,548,run2_g2_g2_19,single-objective/run2/g2/g2_19.pdb,-94.892,-0.415,102.036,4.19,135.45,5.563,1251.915,2434.993,1183.078,33.0,-1.995,-1305.466,249.205,-277.472,1.937,31.767,338.739,754.044,-0.027,-29.622,-49.521,-20.556,-51.523,7.0,-32.234,269.0,83.0,92.391,-41.512,0.651,1.312,1.946,63.311,181.073,0.66,1.875,73.116,0.814,35.8,0.596,temp_g1_13_0001,single-objective/run2/g2/g2_19.pdb.sc
553.0,815.7263236045837,1.4750928094115439,3.370624303817749,0.0,1.4750928094115439,153.0,94.44782984256744,0.6173060774024016,2.870814323425293,3.16543451399585,3.7827405913982517,43.0,13.715868711471558,0.3189736909644548,1.28828763961792,4.238553723623586,4.557527414588041,108.163698554039,196.0,38,39,284,270,554,run2_g2_g2_2,single-objective/run2/g2/g2_2.pdb,322.611,1.158,62.323,2.665,97.189,4.155,1178.595,2338.845,1160.25,35.0,-1.995,-1319.033,254.807,-286.419,1.911,32.07,666.866,770.627,-0.039,-32.107,-47.916,-15.792,-51.523,6.0,-35.441,269.0,82.0,91.936,-41.308,0.635,3.56,99.83,61.986,173.536,0.65,1.363,53.17,5.552,238.745,0.577,temp_g2_11_0001,single-objective/run2/g2/g2_2.pdb.sc
548.0,808.7688281536102,1.475855525827756,3.370624303817749,0.0,1.475855525827756,151.0,89.98327457904816,0.5959157256890606,2.410245656967163,3.1877270194868377,3.7836427451758983,46.0,13.533057928085327,0.2941969114801158,1.28828763961792,4.213221907615662,4.507418819095777,103.51633250713348,197.0,38,39,279,270,549,run2_g2_g2_20,single-objective/run2/g2/g2_20.pdb,1.019,-0.051,199.852,8.409,236.249,9.94,1262.506,2376.656,1114.149,29.0,-1.995,-1305.772,249.583,-287.76,1.967,30.87,445.51,760.178,-0.012,-32.107,-49.521,-16.533,-51.523,5.0,-33.606,269.0,83.0,92.363,-44.403,0.743,2.525,1.946,62.877,178.357,0.657,3.07,119.714,2.043,89.885,0.588,temp_g1_05_0001,single-objective/run2/g2/g2_20.pdb.sc
560.0,825.2329375743866,1.4736302456685475,3.2051174640655518,0.0,1.4736302456685475,159.0,93.79983484745026,0.5899360682229576,2.410245656967163,3.1665795381713964,3.756515606394354,42.0,13.390803337097168,0.3188286508832659,1.28828763961792,4.157602832430885,4.476431483314151,107.19063818454742,201.0,38,39,291,270,561,run2_g2_g2_21,single-objective/run2/g2/g2_21.pdb,715.642,2.558,184.016,7.595,469.142,19.363,1227.195,2422.917,1195.722,35.0,-1.995,-1330.769,260.483,-290.055,1.955,32.467,1064.471,778.257,-0.008,-32.107,-47.916,-18.927,-51.523,7.0,-34.0,269.0,83.0,92.111,-41.536,0.661,8.049,99.83,62.45,171.862,0.664,2.924,114.017,12.591,554.024,0.585,temp_g2_12_0001,single-objective/run2/g2/g2_21.pdb.sc
558.0,825.1484998464584,1.478760752413008,3.2207815647125244,0.0,1.478760752413008,155.0,93.76107513904572,0.6049101621873917,2.410245656967163,3.1879522454354072,3.7928624076227986,50.0,15.161404848098755,0.3032280969619751,1.28828763961792,4.162862343788147,4.466090440750122,108.92247998714447,205.0,38,39,289,270,559,run2_g2_g2_22,single-objective/run2/g2/g2_22.pdb,90.841,-0.273,130.038,5.27,165.515,6.708,1306.903,2467.274,1160.372,35.0,-1.995,-1322.445,255.1,-279.962,1.945,31.499,538.148,759.755,-0.025,-30.764,-49.521,-18.598,-51.523,6.0,-33.078,269.0,84.0,92.779,-44.878,0.718,1.744,1.946,63.969,177.869,0.673,2.174,86.965,1.354,59.557,0.597,temp_g2_07_0001,single-objective/run2/g2/g2_22.pdb.sc
556.0,819.4978939294815,1.4739170754127364,3.370624303817749,0.0,1.4739170754127364,156.0,92.97678029537201,0.5960050018934103,2.4274275302886963,3.1723571916421256,3.768362193535536,43.0,13.353953838348389,0.31055706600810207,1.28828763961792,4.18503112571184,4.495588191719943,106.3307341337204,199.0,38,39,287,270,557,run2_g2_g2_23,single-objective/run2/g2/g2_23.pdb,217.12,-0.05,167.822,7.153,238.516,10.167,1204.882,2346.035,1141.152,33.0,-1.995,-1320.77,254.959,-293.32,1.963,32.112,667.402,774.662,-0.016,-32.107,-49.521,-17.189,-51.523,6.0,-32.97,269.0,84.0,92.686,-45.855,0.733,2.427,1.946,58.901,177.152,0.659,2.637,105.497,2.235,98.353,0.588,temp_g1_16_0001,single-objective/run2/g2/g2_23.pdb.sc
561.0,827.0813412666321,1.4742982910278646,3.2051174640655518,0.0,1.4742982910278646,157.0,93.57842934131622,0.5960409512185747,2.4274275302886963,3.16634419845168,3.7623851496702545,45.0,14.103551387786865,0.3134122530619303,1.28828763961792,4.128379509184096,4.441791762246026,107.68198072910309,202.0,38,39,292,270,562,run2_g2_g2_24,single-objective/run2/g2/g2_24.pdb,-95.713,-0.442,107.71,4.494,140.175,5.849,1221.085,2396.591,1175.507,33.0,-1.995,-1329.979,257.703,-294.689,1.959,32.294,360.233,776.223,-0.029,-32.107,-49.521,-20.227,-51.523,6.0,-32.639,269.0,83.0,92.414,-45.495,0.717,1.255,1.946,61.673,177.424,0.658,1.875,73.11,0.706,31.064,0.597,g0_24_0001,single-objective/run2/g2/g2_24.pdb.sc
557.0,821.0352749824524,1.4740310143311532,3.2051174640655518,0.0,1.4740310143311532,155.0,90.74535799026489,0.585453922517838,2.410245656967163,3.212822557264759,3.7982764797825967,45.0,13.487272024154663,0.29971715609232585,1.28828763961792,4.199504110548231,4.499221266640557,104.23263001441956,200.0,38,39,288,270,558,run2_g2_g2_3,single-objective/run2/g2/g2_3.pdb,-72.01,-0.339,138.689,5.668,169.442,6.925,1246.222,2446.878,1200.656,31.0,-1.995,-1316.128,257.332,-291.85,1.979,31.99,372.117,774.838,-0.02,-32.107,-49.521,-18.927,-51.523,6.0,-32.684,269.0,83.0,92.167,-45.493,0.643,1.538,1.946,59.144,176.109,0.644,2.265,88.317,0.894,39.356,0.597,g0_23_0001,single-objective/run2/g2/g2_3.pdb.sc
559.0,824.2794687747955,1.4745607670389902,3.2207815647125244,0.0,1.4745607670389902,156.0,92.10141599178314,0.5903936922550201,2.410245656967163,3.1898284944204183,3.7802221866754384,47.0,14.067468404769897,0.29930783839935954,1.28828763961792,4.188463677751257,4.487771516150617,106.16888439655304,203.0,38,39,290,270,560,run2_g2_g2_4,single-objective/run2/g2/g2_4.pdb,242.313,0.169,175.662,7.309,233.521,9.716,1228.838,2403.372,1174.535,31.0,-1.995,-1329.705,256.513,-279.197,1.959,31.827,679.214,769.72,-0.014,-30.764,-49.521,-18.598,-51.523,6.0,-34.068,269.0,84.0,92.726,-40.76,0.698,3.131,1.946,65.754,178.202,0.652,2.811,112.421,3.423,150.609,0.585,temp_g1_10_0001,single-objective/run2/g2/g2_4.pdb.sc
555.0,818.6461086273193,1.4750380335627375,3.2051174640655518,0.0,1.4750380335627375,154.0,92.45553827285767,0.6003606381354394,2.4274275302886963,3.195983052253723,3.7963436903891625,46.0,14.139273881912231,0.307375519172005,1.28828763961792,4.20576562570489,4.5131411448768946,106.5948121547699,200.0,38,39,286,270,556,run2_g2_g2_5,single-objective/run2/g2/g2_5.pdb,2.583,-0.052,206.465,8.537,247.434,10.231,1238.004,2418.387,1180.384,36.0,-1.995,-1316.165,252.159,-288.816,1.99,31.621,458.235,761.326,-0.017,-32.107,-49.521,-19.16,-51.523,6.0,-33.172,269.0,83.0,92.414,-44.359,0.705,2.524,1.946,60.049,179.066,0.675,3.136,122.303,1.982,87.194,0.597,g0_02_0001,single-objective/run2/g2/g2_5.pdb.sc
554.0,816.8452031612396,1.4744498252007936,3.2051174640655518,0.0,1.4744498252007936,153.0,90.20301473140717,0.5895621877869749,2.410245656967163,3.186392361042546,3.7759545488295214,44.0,13.634103298187256,0.3098659840497104,1.28828763961792,4.115054450251839,4.42492043430155,103.83711802959442,197.0,38,39,285,270,555,run2_g2_g2_6,single-objective/run2/g2/g2_6.pdb,-164.732,-0.671,49.951,2.143,84.981,3.645,1199.196,2331.226,1132.03,30.0,-1.995,-1314.441,248.378,-285.137,1.939,31.735,289.944,758.447,-0.052,-32.107,-49.521,-18.6,-51.523,7.0,-32.503,269.0,83.0,93.21,-45.092,0.707,0.522,1.946,60.377,179.616,0.669,1.222,47.648,-0.099,-4.351,0.597,temp_g1_00_0001,single-objective/run2/g2/g2_6.pdb.sc
551.0,812.7490768432617,1.4750436966302392,3.2051174640655518,0.0,1.4750436966302392,158.0,93.5039587020874,0.5917972069752367,2.410245656967163,3.188998246494728,3.7807954534699646,43.0,13.441237211227417,0.3125869118890097,1.28828763961792,4.232342525970104,4.544929437859114,106.94519591331482,201.0,38,39,282,270,552,run2_g2_g2_7,single-objective/run2/g2/g2_7.pdb,-154.059,-0.618,61.157,2.594,94.389,4.003,1186.691,2357.753,1171.062,32.0,-1.995,-1313.135,255.735,-293.708,1.91,32.497,287.424,779.345,-0.032,-32.107,-49.521,-20.556,-51.523,6.0,-33.246,269.0,83.0,92.363,-45.333,0.712,0.671,1.946,60.1,175.156,0.663,1.345,52.436,0.073,3.228,0.588,g0_08_0001,single-objective/run2/g2/g2_7.pdb.sc
560.0,826.3236086368561,1.4755778725658144,3.2051174640655518,0.0,1.4755778725658144,159.0,96.06696307659149,0.6041947363307641,2.410245656967163,3.18368520901638,3.7878799453471443,45.0,13.744563341140747,0.30543474091423883,1.28828763961792,4.157301796807183,4.462736537721422,109.81152641773224,204.0,38,39,291,270,561,run2_g2_g2_8,single-objective/run2/g2/g2_8.pdb,168.475,0.561,106.063,4.41,134.402,5.589,1233.819,2404.849,1171.031,36.0,-1.995,-1334.246,260.423,-291.674,1.948,32.748,621.774,781.18,-0.033,-32.107,-49.521,-20.556,-51.523,7.0,-33.934,269.0,83.0,92.363,-45.202,0.719,2.968,1.946,59.906,176.361,0.67,1.919,74.839,3.899,171.545,0.585,g0_03_0001,single-objective/run2/g2/g2_8.pdb.sc
556.0,820.3157052993774,1.4753879591715422,3.2051174640655518,0.0,1.4753879591715422,158.0,93.80075764656067,0.593675681307346,2.0924081802368164,3.1480663441404513,3.741742025447797,50.0,15.283419847488403,0.30566839694976805,1.28828763961792,4.1738509178161625,4.4795193147659305,109.08417749404907,208.0,38,39,287,270,557,run2_g2_g2_9,single-objective/run2/g2/g2_9.pdb,135.925,0.428,109.218,4.53,148.07,6.141,1278.058,2411.013,1132.955,33.0,-1.995,-1328.537,255.768,-284.115,1.935,31.424,423.998,769.582,-0.03,-32.189,-49.521,-18.6,-50.988,8.0,-32.625,269.0,83.0,92.675,-41.634,0.692,3.105,156.168,70.161,173.822,0.703,1.968,76.757,4.112,180.925,0.597,g0_04_0001,single-objective/run2/g2/g2_9.pdb.sc
554.0,819.8168061971664,1.4798137295977734,3.2207815647125244,0.0,1.4798137295977734,153.0,91.65350890159607,0.5990425418404972,2.410245656967163,3.203984939974118,3.803027481814615,47.0,15.12355899810791,0.32177785102357254,1.28828763961792,4.202147803408034,4.523925654431607,106.77706789970398,200.0,38,39,285,270,555,run2_g3_g3_0,single-objective/run2/g3/g3_0.pdb,-92.136,-0.67,48.396,1.971,81.215,3.308,1267.396,2455.4,1188.003,39.0,-1.995,-1312.779,253.31,-272.77,1.954,31.338,351.579,756.306,-0.043,-29.622,-49.521,-18.271,-51.523,5.0,-33.958,269.0,83.0,92.326,-46.507,0.69,0.525,1.946,58.596,176.866,0.663,1.169,45.579,-0.045,-1.985,0.588,temp_g1_09_0001,single-objective/run2/g3/g3_0.pdb.sc
554.0,819.8168061971664,1.4798137295977734,3.2207815647125244,0.0,1.4798137295977734,153.0,91.65350890159607,0.5990425418404972,2.410245656967163,3.203984939974118,3.803027481814615,47.0,15.12355899810791,0.32177785102357254,1.28828763961792,4.202147803408034,4.523925654431607,106.77706789970398,200.0,38,39,285,270,555,run2_g3_g3_1,single-objective/run2/g3/g3_1.pdb,-92.136,-0.67,48.396,1.971,81.215,3.308,1267.396,2455.4,1188.003,39.0,-1.995,-1312.779,253.31,-272.77,1.954,31.338,351.579,756.306,-0.043,-29.622,-49.521,-18.271,-51.523,5.0,-33.958,269.0,83.0,92.326,-46.507,0.69,0.525,1.946,58.596,176.866,0.663,1.169,45.579,-0.045,-1.985,0.588,temp_g1_09_0001,single-objective/run2/g3/g3_1.pdb.sc
557.0,821.0181317329407,1.4740002365043818,3.2051174640655518,0.0,1.4740002365043818,153.0,91.81133472919464,0.6000740831973506,2.410245656967163,3.192658051166659,3.7927321343640097,46.0,14.175024032592773,0.30815269636071246,1.28828763961792,4.161780010098997,4.4699327064597085,105.98635876178741,199.0,38,39,288,270,558,run2_g3_g3_10,single-objective/run2/g3/g3_10.pdb,-148.88,-0.613,64.402,2.686,100.103,4.175,1200.73,2397.634,1196.904,35.0,-1.995,-1322.658,254.608,-286.72,1.933,32.271,301.919,772.228,-0.044,-32.107,-49.521,-17.531,-51.523,7.0,-35.186,269.0,83.0,92.414,-44.58,0.715,0.674,1.946,59.789,175.248,0.665,1.385,54.005,0.044,1.918,0.585,g0_15_0001,single-objective/run2/g3/g3_10.pdb.sc
551.0,812.7490768432617,1.4750436966302392,3.2051174640655518,0.0,1.4750436966302392,158.0,93.5039587020874,0.5917972069752367,2.410245656967163,3.188998246494728,3.7807954534699646,43.0,13.441237211227417,0.3125869118890097,1.28828763961792,4.232342525970104,4.544929437859114,106.94519591331482,201.0,38,39,282,270,552,run2_g3_g3_11,single-objective/run2/g3/g3_11.pdb,-154.059,-0.618,61.157,2.594,94.389,4.003,1186.691,2357.753,1171.062,32.0,-1.995,-1313.135,255.735,-293.708,1.91,32.497,287.424,779.345,-0.032,-32.107,-49.521,-20.556,-51.523,6.0,-33.246,269.0,83.0,92.363,-45.333,0.712,0.671,1.946,60.1,175.156,0.663,1.345,52.436,0.073,3.228,0.588,g0_08_0001,single-objective/run2/g3/g3_11.pdb.sc
554.0,816.8452031612396,1.4744498252007936,3.2051174640655518,0.0,1.4744498252007936,153.0,90.20301473140717,0.5895621877869749,2.410245656967163,3.186392361042546,3.7759545488295214,44.0,13.634103298187256,0.3098659840497104,1.28828763961792,4.115054450251839,4.42492043430155,103.83711802959442,197.0,38,39,285,270,555,run2_g3_g3_12,single-objective/run2/g3/g3_12.pdb,-164.732,-0.671,49.951,2.143,84.981,3.645,1199.196,2331.226,1132.03,30.0,-1.995,-1314.441,248.378,-285.137,1.939,31.735,289.944,758.447,-0.052,-32.107,-49.521,-18.6,-51.523,7.0,-32.503,269.0,83.0,93.21,-45.092,0.707,0.522,1.946,60.377,179.616,0.669,1.222,47.648,-0.099,-4.351,0.597,temp_g1_00_0001,single-objective/run2/g3/g3_12.pdb.sc
561.0,828.133211016655,1.4761732816696167,3.2051174640655518,0.0,1.4761732816696167,157.0,92.74683725833893,0.5907441863588466,2.410245656967163,3.1838167343929316,3.774560920751778,49.0,15.130182027816772,0.3087792250574852,1.28828763961792,4.185905573319416,4.494684798376901,107.8770192861557,206.0,38,39,292,270,562,run2_g3_g3_13,single-objective/run2/g3/g3_13.pdb,-78.991,-0.691,53.109,2.176,84.888,3.477,1226.251,2441.077,1214.826,31.0,-1.995,-1329.862,257.58,-285.717,1.969,32.367,372.657,782.256,-0.032,-32.107,-49.521,-20.227,-51.523,5.0,-32.788,269.0,83.0,92.368,-47.916,0.725,0.449,1.946,57.021,173.906,0.683,1.201,46.852,-0.218,-9.61,0.597,g0_09_0001,single-objective/run2/g3/g3_13.pdb.sc
554.0,819.8168061971664,1.4798137295977734,3.2207815647125244,0.0,1.4798137295977734,153.0,91.65350890159607,0.5990425418404972,2.410245656967163,3.203984939974118,3.803027481814615,47.0,15.12355899810791,0.32177785102357254,1.28828763961792,4.202147803408034,4.523925654431607,106.77706789970398,200.0,38,39,285,270,555,run2_g3_g3_14,single-objective/run2/g3/g3_14.pdb,-92.136,-0.67,48.396,1.971,81.215,3.308,1267.396,2455.4,1188.003,39.0,-1.995,-1312.779,253.31,-272.77,1.954,31.338,351.579,756.306,-0.043,-29.622,-49.521,-18.271,-51.523,5.0,-33.958,269.0,83.0,92.326,-46.507,0.69,0.525,1.946,58.596,176.866,0.663,1.169,45.579,-0.045,-1.985,0.588,temp_g1_09_0001,single-objective/run2/g3/g3_14.pdb.sc
554.0,818.7051773071289,1.4778071792547454,3.2207815647125244,0.0,1.4778071792547454,155.0,91.39545559883118,0.5896481006376205,2.410245656967163,3.1966438585712065,3.786291959208827,49.0,14.807604551315308,0.30219601125133283,1.28828763961792,4.247835548556581,4.5500315598079135,106.20306015014648,204.0,38,39,285,270,555,run2_g3_g3_15,single-objective/run2/g3/g3_15.pdb,329.923,0.165,166.97,6.842,226.05,9.263,1271.749,2440.258,1168.509,31.0,-1.995,-1329.181,252.765,-273.348,1.954,31.86,755.678,776.651,-0.018,-30.764,-49.521,-18.598,-51.523,6.0,-32.934,269.0,84.0,92.726,-40.301,0.702,3.081,1.946,66.848,177.078,0.661,2.721,108.824,3.41,150.02,0.585,temp_g3_04_0001,single-objective/run2/g3/g3_15.pdb.sc
547.0,808.0384984016418,1.4772184614289614,3.2207815647125244,0.0,1.4772184614289614,156.0,94.52660489082336,0.6059397749411755,2.4274275302886963,3.2116183241208396,3.817558099062015,45.0,14.526643753051758,0.3228143056233724,1.28828763961792,4.185359202490913,4.508173508114285,109.05324864387512,201.0,38,39,278,270,548,run2_g3_g3_16,single-objective/run2/g3/g3_16.pdb,-94.892,-0.415,102.036,4.19,135.45,5.563,1251.915,2434.993,1183.078,33.0,-1.995,-1305.466,249.205,-277.472,1.937,31.767,338.739,754.044,-0.027,-29.622,-49.521,-20.556,-51.523,7.0,-32.234,269.0,83.0,92.391,-41.512,0.651,1.312,1.946,63.311,181.073,0.66,1.875,73.116,0.814,35.8,0.596,temp_g1_13_0001,single-objective/run2/g3/g3_16.pdb.sc
556.0,819.8087064027786,1.4744760906524796,3.370624303817749,0.0,1.4744760906524796,156.0,96.53311586380005,0.618802024767949,2.870814323425293,3.143311699231466,3.762113723999415,44.0,13.69428539276123,0.3112337589263916,1.28828763961792,4.217421743002805,4.5286555019291965,110.22740125656128,200.0,38,39,287,270,557,run2_g3_g3_17,single-objective/run2/g3/g3_17.pdb,773.504,2.353,295.974,12.604,400.264,17.045,1204.587,2348.225,1143.638,40.0,-1.995,-1329.285,256.161,-281.918,1.917,32.956,1112.674,778.0,-0.01,-30.106,-47.916,-15.792,-51.523,6.0,-34.296,269.0,84.0,91.51,-40.346,0.581,7.366,99.83,62.064,170.992,0.637,4.205,172.424,10.38,446.338,0.577,temp_g3_02_0001,single-objective/run2/g3/g3_17.pdb.sc
557.0,821.0352749824524,1.4740310143311532,3.2051174640655518,0.0,1.4740310143311532,155.0,90.74535799026489,0.585453922517838,2.410245656967163,3.212822557264759,3.7982764797825967,45.0,13.487272024154663,0.29971715609232585,1.28828763961792,4.199504110548231,4.499221266640557,104.23263001441956,200.0,38,39,288,270,558,run2_g3_g3_18,single-objective/run2/g3/g3_18.pdb,-72.01,-0.339,138.689,5.668,169.442,6.925,1246.222,2446.878,1200.656,31.0,-1.995,-1316.128,257.332,-291.85,1.979,31.99,372.117,774.838,-0.02,-32.107,-49.521,-18.927,-51.523,6.0,-32.684,269.0,83.0,92.167,-45.493,0.643,1.538,1.946,59.144,176.109,0.644,2.265,88.317,0.894,39.356,0.597,g0_23_0001,single-objective/run2/g3/g3_18.pdb.sc
556.0,819.4978939294815,1.4739170754127364,3.370624303817749,0.0,1.4739170754127364,156.0,92.97678029537201,0.5960050018934103,2.4274275302886963,3.1723571916421256,3.768362193535536,43.0,13.353953838348389,0.31055706600810207,1.28828763961792,4.18503112571184,4.495588191719943,106.3307341337204,199.0,38,39,287,270,557,run2_g3_g3_19,single-objective/run2/g3/g3_19.pdb,217.12,-0.05,167.822,7.153,238.516,10.167,1204.882,2346.035,1141.152,33.0,-1.995,-1320.77,254.959,-293.32,1.963,32.112,667.402,774.662,-0.016,-32.107,-49.521,-17.189,-51.523,6.0,-32.97,269.0,84.0,92.686,-45.855,0.733,2.427,1.946,58.901,177.152,0.659,2.637,105.497,2.235,98.353,0.588,temp_g1_16_0001,single-objective/run2/g3/g3_19.pdb.sc
554.0,816.9311624765396,1.4746049864197466,3.2051174640655518,0.0,1.4746049864197466,156.0,93.3303153514862,0.5982712522531167,2.4274275302886963,3.186658393114041,3.784929645367158,45.0,14.24226427078247,0.3164947615729438,1.28828763961792,4.160970973968506,4.4774657355414496,107.57257962226868,201.0,38,39,285,270,555,run2_g3_g3_2,single-objective/run2/g3/g3_2.pdb,-106.016,-0.456,102.408,4.205,140.033,5.751,1231.672,2435.111,1203.439,34.0,-1.995,-1318.774,254.345,-289.063,1.943,32.406,342.546,773.398,-0.032,-32.107,-49.521,-20.556,-51.523,7.0,-32.697,269.0,83.0,92.414,-44.415,0.724,1.185,1.946,59.614,175.427,0.683,1.878,73.248,0.571,25.128,0.596,g0_13_0001,single-objective/run2/g3/g3_2.pdb.sc
561.0,828.133211016655,1.4761732816696167,3.2051174640655518,0.0,1.4761732816696167,157.0,92.74683725833893,0.5907441863588466,2.410245656967163,3.1838167343929316,3.774560920751778,49.0,15.130182027816772,0.3087792250574852,1.28828763961792,4.185905573319416,4.494684798376901,107.8770192861557,206.0,38,39,292,270,562,run2_g3_g3_20,single-objective/run2/g3/g3_20.pdb,-78.991,-0.691,53.109,2.176,84.888,3.477,1226.251,2441.077,1214.826,31.0,-1.995,-1329.862,257.58,-285.717,1.969,32.367,372.657,782.256,-0.032,-32.107,-49.521,-20.227,-51.523,5.0,-32.788,269.0,83.0,92.368,-47.916,0.725,0.449,1.946,57.021,173.906,0.683,1.201,46.852,-0.218,-9.61,0.597,g0_09_0001,single-objective/run2/g3/g3_20.pdb.sc
560.0,822.3861403465271,1.4685466791902269,3.2051174640655518,0.0,1.4685466791902269,156.0,94.1431634426117,0.6034818169398185,2.410245656967163,3.1315063803623886,3.734988197302207,47.0,14.508260488510132,0.308686393372556,1.28828763961792,4.050779444106082,4.359465837478638,108.65142393112183,203.0,38,39,291,270,561,run2_g3_g3_21,single-objective/run2/g3/g3_21.pdb,1307.35,2.482,707.087,30.081,914.956,38.924,1194.355,2350.614,1156.258,34.0,-1.995,-1334.799,252.357,-267.763,1.995,32.001,1752.881,755.113,-0.004,-29.622,-49.521,-18.271,-51.523,4.0,-32.887,269.0,85.0,92.783,-41.951,0.684,10.516,1.946,64.36,181.65,0.593,9.344,383.104,11.607,510.718,0.597,temp_g3_06_0001,single-objective/run2/g3/g3_21.pdb.sc
553.0,817.8860733509064,1.4789983243235196,3.2207815647125244,0.0,1.4789983243235196,154.0,92.4528398513794,0.600343115918048,2.410245656967163,3.1857816275064046,3.7861247434244527,45.0,14.63150954246521,0.3251446564992269,1.28828763961792,4.207826497819688,4.532971154318916,107.0843493938446,199.0,38,39,284,270,554,run2_g3_g3_22,single-objective/run2/g3/g3_22.pdb,560.152,1.504,86.187,3.507,123.732,5.035,1265.953,2457.667,1191.714,36.0,-1.995,-1314.119,257.094,-270.764,1.938,31.269,887.891,753.827,-0.027,-29.622,-47.916,-16.642,-51.523,6.0,-33.318,269.0,83.0,91.916,-38.51,0.639,4.652,99.83,66.927,173.28,0.656,1.78,69.41,7.197,316.677,0.588,temp_g3_00_0001,single-objective/run2/g3/g3_22.pdb.sc
560.0,826.3236086368561,1.4755778725658144,3.2051174640655518,0.0,1.4755778725658144,159.0,96.06696307659149,0.6041947363307641,2.410245656967163,3.18368520901638,3.7878799453471443,45.0,13.744563341140747,0.30543474091423883,1.28828763961792,4.157301796807183,4.462736537721422,109.81152641773224,204.0,38,39,291,270,561,run2_g3_g3_23,single-objective/run2/g3/g3_23.pdb,168.475,0.561,106.063,4.41,134.402,5.589,1233.819,2404.849,1171.031,36.0,-1.995,-1334.246,260.423,-291.674,1.948,32.748,621.774,781.18,-0.033,-32.107,-49.521,-20.556,-51.523,7.0,-33.934,269.0,83.0,92.363,-45.202,0.719,2.968,1.946,59.906,176.361,0.67,1.919,74.839,3.899,171.545,0.585,g0_03_0001,single-objective/run2/g3/g3_23.pdb.sc
571.0,840.2566323280334,1.4715527711524228,3.1058762073516846,0.0,1.4715527711524228,162.0,96.78886890411377,0.5974621537290974,2.410245656967163,3.141120085009822,3.7385822387389194,50.0,15.654741764068604,0.31309483528137205,1.28828763961792,4.12014892578125,4.433243761062622,112.44361066818237,212.0,38,39,302,270,572,run2_g3_g3_24,single-objective/run2/g3/g3_24.pdb,158.125,-0.127,155.249,6.264,215.143,8.68,1284.692,2478.485,1193.793,32.0,-1.995,-1351.01,263.023,-286.135,2.1,33.759,600.596,795.762,-0.019,-32.107,-49.521,-20.227,-51.523,6.0,-31.218,269.0,83.0,92.414,-43.636,0.704,2.259,1.946,63.41,171.891,0.658,2.517,98.153,2.03,89.304,0.597,temp_g2_00_0001,single-objective/run2/g3/g3_24.pdb.sc
553.0,815.7263236045837,1.4750928094115439,3.370624303817749,0.0,1.4750928094115439,153.0,94.44782984256744,0.6173060774024016,2.870814323425293,3.16543451399585,3.7827405913982517,43.0,13.715868711471558,0.3189736909644548,1.28828763961792,4.238553723623586,4.557527414588041,108.163698554039,196.0,38,39,284,270,554,run2_g3_g3_3,single-objective/run2/g3/g3_3.pdb,322.611,1.158,62.323,2.665,97.189,4.155,1178.595,2338.845,1160.25,35.0,-1.995,-1319.033,254.807,-286.419,1.911,32.07,666.866,770.627,-0.039,-32.107,-47.916,-15.792,-51.523,6.0,-35.441,269.0,82.0,91.936,-41.308,0.635,3.56,99.83,61.986,173.536,0.65,1.363,53.17,5.552,238.745,0.577,temp_g2_11_0001,single-objective/run2/g3/g3_3.pdb.sc
559.0,824.2794687747955,1.4745607670389902,3.2207815647125244,0.0,1.4745607670389902,156.0,92.10141599178314,0.5903936922550201,2.410245656967163,3.1898284944204183,3.7802221866754384,47.0,14.067468404769897,0.29930783839935954,1.28828763961792,4.188463677751257,4.487771516150617,106.16888439655304,203.0,38,39,290,270,560,run2_g3_g3_4,single-objective/run2/g3/g3_4.pdb,242.313,0.169,175.662,7.309,233.521,9.716,1228.838,2403.372,1174.535,31.0,-1.995,-1329.705,256.513,-279.197,1.959,31.827,679.214,769.72,-0.014,-30.764,-49.521,-18.598,-51.523,6.0,-34.068,269.0,84.0,92.726,-40.76,0.698,3.131,1.946,65.754,178.202,0.652,2.811,112.421,3.423,150.609,0.585,temp_g1_10_0001,single-objective/run2/g3/g3_4.pdb.sc
546.0,807.6396453380585,1.4791934896301437,3.2051174640655518,0.0,1.4791934896301437,152.0,90.65446841716766,0.5964109764287346,2.4274275302886963,3.204533318939962,3.8009442953686965,46.0,14.5626859664917,0.3165801297063413,1.28828763961792,4.2716701652692715,4.588250294975612,105.21715438365936,198.0,38,39,277,270,547,run2_g3_g3_5,single-objective/run2/g3/g3_5.pdb,-87.221,-0.705,45.108,1.928,77.895,3.33,1166.643,2339.471,1172.827,29.0,-1.995,-1310.041,251.871,-286.038,1.923,31.465,356.458,771.561,-0.053,-32.107,-49.521,-20.227,-51.523,6.0,-32.031,269.0,83.0,92.368,-47.501,0.702,0.398,1.946,57.213,178.372,0.689,1.121,43.708,-0.243,-10.713,0.588,temp_g3_12_0001,single-objective/run2/g3/g3_5.pdb.sc
548.0,808.4157317876816,1.4752111893935795,3.2051174640655518,0.0,1.4752111893935795,151.0,91.63561284542084,0.6068583632147075,2.4274275302886963,3.19302200244752,3.7998803656622275,43.0,13.826159954071045,0.32153860358304753,1.28828763961792,4.19989983425584,4.521438437838887,105.46177279949188,194.0,38,39,279,270,549,run2_g3_g3_6,single-objective/run2/g3/g3_6.pdb,-86.342,-0.362,128.724,5.566,163.922,7.087,1153.87,2312.896,1159.026,31.0,-1.995,-1307.577,252.898,-287.536,1.916,32.132,350.759,775.181,-0.023,-32.107,-49.521,-20.556,-51.523,6.0,-32.545,269.0,83.0,92.414,-44.304,0.727,1.498,1.946,59.741,173.75,0.678,2.235,87.157,0.845,37.172,0.588,temp_g3_14_0001,single-objective/run2/g3/g3_6.pdb.sc
568.0,836.216012597084,1.4722112897835986,3.102168560028076,0.0,1.4722112897835986,161.0,95.80947661399841,0.595089916857133,2.410245656967163,3.143111498459526,3.738201415316659,49.0,15.05946135520935,0.3073359460246806,1.28828763961792,4.0731359014705735,4.380471847495254,110.86893796920776,210.0,38,39,299,270,569,run2_g3_g3_7,single-objective/run2/g3/g3_7.pdb,107.705,-0.114,155.805,6.366,212.006,8.662,1277.098,2447.518,1170.42,32.0,-1.995,-1345.106,261.085,-278.059,2.087,33.811,548.643,780.242,-0.016,-29.622,-49.521,-20.227,-51.523,6.0,-31.483,269.0,83.0,92.414,-43.208,0.695,2.308,1.946,62.998,174.625,0.643,2.524,98.449,2.117,93.132,0.597,temp_g3_18_0001,single-objective/run2/g3/g3_7.pdb.sc
561.0,826.3851367235184,1.473057284712154,3.2051174640655518,0.0,1.473057284712154,157.0,93.02678263187408,0.592527277910026,2.4274275302886963,3.177299242110769,3.7698265200207945,45.0,14.074301481246948,0.31276225513882105,1.28828763961792,4.105248959859212,4.4180112149980335,107.10108411312103,202.0,38,39,292,270,562,run2_g3_g3_8,single-objective/run2/g3/g3_8.pdb,180.075,0.21,285.565,11.84,315.899,13.098,1238.95,2411.804,1172.853,31.0,-1.995,-1327.553,258.97,-293.863,1.958,32.278,630.62,780.663,-0.009,-32.107,-49.521,-18.954,-51.523,5.0,-33.056,269.0,85.0,91.987,-43.771,0.682,3.325,1.946,60.437,172.964,0.66,4.068,166.787,2.633,115.834,0.597,temp_g2_10_0001,single-objective/run2/g3/g3_8.pdb.sc
554.0,819.8168061971664,1.4798137295977734,3.2207815647125244,0.0,1.4798137295977734,153.0,91.65350890159607,0.5990425418404972,2.410245656967163,3.203984939974118,3.803027481814615,47.0,15.12355899810791,0.32177785102357254,1.28828763961792,4.202147803408034,4.523925654431607,106.77706789970398,200.0,38,39,285,270,555,run2_g3_g3_9,single-objective/run2/g3/g3_9.pdb,-92.136,-0.67,48.396,1.971,81.215,3.308,1267.396,2455.4,1188.003,39.0,-1.995,-1312.779,253.31,-272.77,1.954,31.338,351.579,756.306,-0.043,-29.622,-49.521,-18.271,-51.523,5.0,-33.958,269.0,83.0,92.326,-46.507,0.69,0.525,1.946,58.596,176.866,0.663,1.169,45.579,-0.045,-1.985,0.588,temp_g1_09_0001,single-objective/run2/g3/g3_9.pdb.sc
554.0,819.8168061971664,1.4798137295977734,3.2207815647125244,0.0,1.4798137295977734,153.0,91.65350890159607,0.5990425418404972,2.410245656967163,3.203984939974118,3.803027481814615,47.0,15.12355899810791,0.32177785102357254,1.28828763961792,4.202147803408034,4.523925654431607,106.77706789970398,200.0,38,39,285,270,555,run2_g4_g4_0,single-objective/run2/g4/g4_0.pdb,-92.136,-0.67,48.396,1.971,81.215,3.308,1267.396,2455.4,1188.003,39.0,-1.995,-1312.779,253.31,-272.77,1.954,31.338,351.579,756.306,-0.043,-29.622,-49.521,-18.271,-51.523,5.0,-33.958,269.0,83.0,92.326,-46.507,0.69,0.525,1.946,58.596,176.866,0.663,1.169,45.579,-0.045,-1.985,0.588,temp_g1_09_0001,single-objective/run2/g4/g4_0.pdb.sc
554.0,819.8168061971664,1.4798137295977734,3.2207815647125244,0.0,1.4798137295977734,153.0,91.65350890159607,0.5990425418404972,2.410245656967163,3.203984939974118,3.803027481814615,47.0,15.12355899810791,0.32177785102357254,1.28828763961792,4.202147803408034,4.523925654431607,106.77706789970398,200.0,38,39,285,270,555,run2_g4_g4_1,single-objective/run2/g4/g4_1.pdb,-92.136,-0.67,48.396,1.971,81.215,3.308,1267.396,2455.4,1188.003,39.0,-1.995,-1312.779,253.31,-272.77,1.954,31.338,351.579,756.306,-0.043,-29.622,-49.521,-18.271,-51.523,5.0,-33.958,269.0,83.0,92.326,-46.507,0.69,0.525,1.946,58.596,176.866,0.663,1.169,45.579,-0.045,-1.985,0.588,temp_g1_09_0001,single-objective/run2/g4/g4_1.pdb.sc
546.0,807.6396453380585,1.4791934896301437,3.2051174640655518,0.0,1.4791934896301437,152.0,90.65446841716766,0.5964109764287346,2.4274275302886963,3.204533318939962,3.8009442953686965,46.0,14.5626859664917,0.3165801297063413,1.28828763961792,4.2716701652692715,4.588250294975612,105.21715438365936,198.0,38,39,277,270,547,run2_g4_g4_10,single-objective/run2/g4/g4_10.pdb,-87.221,-0.705,45.108,1.928,77.895,3.33,1166.643,2339.471,1172.827,29.0,-1.995,-1310.041,251.871,-286.038,1.923,31.465,356.458,771.561,-0.053,-32.107,-49.521,-20.227,-51.523,6.0,-32.031,269.0,83.0,92.368,-47.501,0.702,0.398,1.946,57.213,178.372,0.689,1.121,43.708,-0.243,-10.713,0.588,temp_g3_12_0001,single-objective/run2/g4/g4_10.pdb.sc
548.0,810.1843249797821,1.478438549233179,3.2207815647125244,0.0,1.478438549233179,158.0,95.00539231300354,0.6012999513481236,2.410245656967163,3.1963592254662814,3.7976591768144052,43.0,13.776340246200562,0.32038000572559444,1.28828763961792,4.252333247384359,4.572713253109954,108.7817325592041,201.0,38,39,279,270,549,run2_g4_g4_11,single-objective/run2/g4/g4_11.pdb,-147.859,-0.601,52.892,2.238,87.63,3.708,1189.724,2362.944,1173.22,33.0,-1.995,-1305.68,252.972,-283.469,1.902,32.093,284.822,770.748,-0.056,-30.106,-49.521,-20.556,-51.457,8.0,-33.36,269.0,83.0,92.321,-44.95,0.654,0.715,1.946,60.233,175.608,0.653,1.269,49.504,0.224,9.876,0.588,temp_g4_11_0001,single-objective/run2/g4/g4_11.pdb.sc
551.0,812.7490768432617,1.4750436966302392,3.2051174640655518,0.0,1.4750436966302392,158.0,93.5039587020874,0.5917972069752367,2.410245656967163,3.188998246494728,3.7807954534699646,43.0,13.441237211227417,0.3125869118890097,1.28828763961792,4.232342525970104,4.544929437859114,106.94519591331482,201.0,38,39,282,270,552,run2_g4_g4_12,single-objective/run2/g4/g4_12.pdb,-154.059,-0.618,61.157,2.594,94.389,4.003,1186.691,2357.753,1171.062,32.0,-1.995,-1313.135,255.735,-293.708,1.91,32.497,287.424,779.345,-0.032,-32.107,-49.521,-20.556,-51.523,6.0,-33.246,269.0,83.0,92.363,-45.333,0.712,0.671,1.946,60.1,175.156,0.663,1.345,52.436,0.073,3.228,0.588,g0_08_0001,single-objective/run2/g4/g4_12.pdb.sc
554.0,816.9311624765396,1.4746049864197466,3.2051174640655518,0.0,1.4746049864197466,156.0,93.3303153514862,0.5982712522531167,2.4274275302886963,3.186658393114041,3.784929645367158,45.0,14.24226427078247,0.3164947615729438,1.28828763961792,4.160970973968506,4.4774657355414496,107.57257962226868,201.0,38,39,285,270,555,run2_g4_g4_13,single-objective/run2/g4/g4_13.pdb,-106.016,-0.456,102.408,4.205,140.033,5.751,1231.672,2435.111,1203.439,34.0,-1.995,-1318.774,254.345,-289.063,1.943,32.406,342.546,773.398,-0.032,-32.107,-49.521,-20.556,-51.523,7.0,-32.697,269.0,83.0,92.414,-44.415,0.724,1.185,1.946,59.614,175.427,0.683,1.878,73.248,0.571,25.128,0.596,g0_13_0001,single-objective/run2/g4/g4_13.pdb.sc
562.0,829.268802523613,1.4755672642768913,3.1058762073516846,0.0,1.4755672642768913,153.0,92.14940941333771,0.602283721655802,2.410245656967163,3.170415346139397,3.7726990677951986,51.0,15.210344076156616,0.29824204070895327,1.28828763961792,4.165027604383581,4.463269645092534,107.35975348949432,204.0,38,39,293,270,563,run2_g4_g4_14,single-objective/run2/g4/g4_14.pdb,326.458,0.409,335.605,13.513,373.16,15.025,1297.635,2483.615,1185.981,33.0,-1.995,-1336.721,258.331,-283.745,2.007,32.347,778.544,776.25,-0.01,-32.107,-49.521,-18.598,-51.523,5.0,-32.722,269.0,85.0,91.942,-44.665,0.715,3.958,1.946,59.536,176.557,0.663,4.715,193.322,3.252,143.079,0.597,temp_g4_20_0001,single-objective/run2/g4/g4_14.pdb.sc
557.0,821.0352749824524,1.4740310143311532,3.2051174640655518,0.0,1.4740310143311532,155.0,90.74535799026489,0.585453922517838,2.410245656967163,3.212822557264759,3.7982764797825967,45.0,13.487272024154663,0.29971715609232585,1.28828763961792,4.199504110548231,4.499221266640557,104.23263001441956,200.0,38,39,288,270,558,run2_g4_g4_15,single-objective/run2/g4/g4_15.pdb,-72.01,-0.339,138.689,5.668,169.442,6.925,1246.222,2446.878,1200.656,31.0,-1.995,-1316.128,257.332,-291.85,1.979,31.99,372.117,774.838,-0.02,-32.107,-49.521,-18.927,-51.523,6.0,-32.684,269.0,83.0,92.167,-45.493,0.643,1.538,1.946,59.144,176.109,0.644,2.265,88.317,0.894,39.356,0.597,g0_23_0001,single-objective/run2/g4/g4_15.pdb.sc
548.0,808.4157317876816,1.4752111893935795,3.2051174640655518,0.0,1.4752111893935795,151.0,91.63561284542084,0.6068583632147075,2.4274275302886963,3.19302200244752,3.7998803656622275,43.0,13.826159954071045,0.32153860358304753,1.28828763961792,4.19989983425584,4.521438437838887,105.46177279949188,194.0,38,39,279,270,549,run2_g4_g4_16,single-objective/run2/g4/g4_16.pdb,-86.342,-0.362,128.724,5.566,163.922,7.087,1153.87,2312.896,1159.026,31.0,-1.995,-1307.577,252.898,-287.536,1.916,32.132,350.759,775.181,-0.023,-32.107,-49.521,-20.556,-51.523,6.0,-32.545,269.0,83.0,92.414,-44.304,0.727,1.498,1.946,59.741,173.75,0.678,2.235,87.157,0.845,37.172,0.588,temp_g3_14_0001,single-objective/run2/g4/g4_16.pdb.sc
554.0,818.7051773071289,1.4778071792547454,3.2207815647125244,0.0,1.4778071792547454,155.0,91.39545559883118,0.5896481006376205,2.410245656967163,3.1966438585712065,3.786291959208827,49.0,14.807604551315308,0.30219601125133283,1.28828763961792,4.247835548556581,4.5500315598079135,106.20306015014648,204.0,38,39,285,270,555,run2_g4_g4_17,single-objective/run2/g4/g4_17.pdb,329.923,0.165,166.97,6.842,226.05,9.263,1271.749,2440.258,1168.509,31.0,-1.995,-1329.181,252.765,-273.348,1.954,31.86,755.678,776.651,-0.018,-30.764,-49.521,-18.598,-51.523,6.0,-32.934,269.0,84.0,92.726,-40.301,0.702,3.081,1.946,66.848,177.078,0.661,2.721,108.824,3.41,150.02,0.585,temp_g3_04_0001,single-objective/run2/g4/g4_17.pdb.sc
557.0,821.0181317329407,1.4740002365043818,3.2051174640655518,0.0,1.4740002365043818,153.0,91.81133472919464,0.6000740831973506,2.410245656967163,3.192658051166659,3.7927321343640097,46.0,14.175024032592773,0.30815269636071246,1.28828763961792,4.161780010098997,4.4699327064597085,105.98635876178741,199.0,38,39,288,270,558,run2_g4_g4_18,single-objective/run2/g4/g4_18.pdb,-148.88,-0.613,64.402,2.686,100.103,4.175,1200.73,2397.634,1196.904,35.0,-1.995,-1322.658,254.608,-286.72,1.933,32.271,301.919,772.228,-0.044,-32.107,-49.521,-17.531,-51.523,7.0,-35.186,269.0,83.0,92.414,-44.58,0.715,0.674,1.946,59.789,175.248,0.665,1.385,54.005,0.044,1.918,0.585,g0_15_0001,single-objective/run2/g4/g4_18.pdb.sc
553.0,817.8860733509064,1.4789983243235196,3.2207815647125244,0.0,1.4789983243235196,154.0,92.4528398513794,0.600343115918048,2.410245656967163,3.1857816275064046,3.7861247434244527,45.0,14.63150954246521,0.3251446564992269,1.28828763961792,4.207826497819688,4.532971154318916,107.0843493938446,199.0,38,39,284,270,554,run2_g4_g4_19,single-objective/run2/g4/g4_19.pdb,560.152,1.504,86.187,3.507,123.732,5.035,1265.953,2457.667,1191.714,36.0,-1.995,-1314.119,257.094,-270.764,1.938,31.269,887.891,753.827,-0.027,-29.622,-47.916,-16.642,-51.523,6.0,-33.318,269.0,83.0,91.916,-38.51,0.639,4.652,99.83,66.927,173.28,0.656,1.78,69.41,7.197,316.677,0.588,temp_g3_00_0001,single-objective/run2/g4/g4_19.pdb.sc
554.0,819.8168061971664,1.4798137295977734,3.2207815647125244,0.0,1.4798137295977734,153.0,91.65350890159607,0.5990425418404972,2.410245656967163,3.203984939974118,3.803027481814615,47.0,15.12355899810791,0.32177785102357254,1.28828763961792,4.202147803408034,4.523925654431607,106.77706789970398,200.0,38,39,285,270,555,run2_g4_g4_2,single-objective/run2/g4/g4_2.pdb,-92.136,-0.67,48.396,1.971,81.215,3.308,1267.396,2455.4,1188.003,39.0,-1.995,-1312.779,253.31,-272.77,1.954,31.338,351.579,756.306,-0.043,-29.622,-49.521,-18.271,-51.523,5.0,-33.958,269.0,83.0,92.326,-46.507,0.69,0.525,1.946,58.596,176.866,0.663,1.169,45.579,-0.045,-1.985,0.588,temp_g1_09_0001,single-objective/run2/g4/g4_2.pdb.sc
554.0,819.8168061971664,1.4798137295977734,3.2207815647125244,0.0,1.4798137295977734,153.0,91.65350890159607,0.5990425418404972,2.410245656967163,3.203984939974118,3.803027481814615,47.0,15.12355899810791,0.32177785102357254,1.28828763961792,4.202147803408034,4.523925654431607,106.77706789970398,200.0,38,39,285,270,555,run2_g4_g4_20,single-objective/run2/g4/g4_20.pdb,-92.136,-0.67,48.396,1.971,81.215,3.308,1267.396,2455.4,1188.003,39.0,-1.995,-1312.779,253.31,-272.77,1.954,31.338,351.579,756.306,-0.043,-29.622,-49.521,-18.271,-51.523,5.0,-33.958,269.0,83.0,92.326,-46.507,0.69,0.525,1.946,58.596,176.866,0.663,1.169,45.579,-0.045,-1.985,0.588,temp_g1_09_0001,single-objective/run2/g4/g4_20.pdb.sc
553.0,815.7263236045837,1.4750928094115439,3.370624303817749,0.0,1.4750928094115439,153.0,94.44782984256744,0.6173060774024016,2.870814323425293,3.16543451399585,3.7827405913982517,43.0,13.715868711471558,0.3189736909644548,1.28828763961792,4.238553723623586,4.557527414588041,108.163698554039,196.0,38,39,284,270,554,run2_g4_g4_21,single-objective/run2/g4/g4_21.pdb,322.611,1.158,62.323,2.665,97.189,4.155,1178.595,2338.845,1160.25,35.0,-1.995,-1319.033,254.807,-286.419,1.911,32.07,666.866,770.627,-0.039,-32.107,-47.916,-15.792,-51.523,6.0,-35.441,269.0,82.0,91.936,-41.308,0.635,3.56,99.83,61.986,173.536,0.65,1.363,53.17,5.552,238.745,0.577,temp_g2_11_0001,single-objective/run2/g4/g4_21.pdb.sc
554.0,816.8452031612396,1.4744498252007936,3.2051174640655518,0.0,1.4744498252007936,153.0,90.20301473140717,0.5895621877869749,2.410245656967163,3.186392361042546,3.7759545488295214,44.0,13.634103298187256,0.3098659840497104,1.28828763961792,4.115054450251839,4.42492043430155,103.83711802959442,197.0,38,39,285,270,555,run2_g4_g4_22,single-objective/run2/g4/g4_22.pdb,-164.732,-0.671,49.951,2.143,84.981,3.645,1199.196,2331.226,1132.03,30.0,-1.995,-1314.441,248.378,-285.137,1.939,31.735,289.944,758.447,-0.052,-32.107,-49.521,-18.6,-51.523,7.0,-32.503,269.0,83.0,93.21,-45.092,0.707,0.522,1.946,60.377,179.616,0.669,1.222,47.648,-0.099,-4.351,0.597,temp_g1_00_0001,single-objective/run2/g4/g4_22.pdb.sc
571.0,840.2566323280334,1.4715527711524228,3.1058762073516846,0.0,1.4715527711524228,162.0,96.78886890411377,0.5974621537290974,2.410245656967163,3.141120085009822,3.7385822387389194,50.0,15.654741764068604,0.31309483528137205,1.28828763961792,4.12014892578125,4.433243761062622,112.44361066818237,212.0,38,39,302,270,572,run2_g4_g4_23,single-objective/run2/g4/g4_23.pdb,158.125,-0.127,155.249,6.264,215.143,8.68,1284.692,2478.485,1193.793,32.0,-1.995,-1351.01,263.023,-286.135,2.1,33.759,600.596,795.762,-0.019,-32.107,-49.521,-20.227,-51.523,6.0,-31.218,269.0,83.0,92.414,-43.636,0.704,2.259,1.946,63.41,171.891,0.658,2.517,98.153,2.03,89.304,0.597,temp_g2_00_0001,single-objective/run2/g4/g4_23.pdb.sc
554.0,819.8168061971664,1.4798137295977734,3.2207815647125244,0.0,1.4798137295977734,153.0,91.65350890159607,0.5990425418404972,2.410245656967163,3.203984939974118,3.803027481814615,47.0,15.12355899810791,0.32177785102357254,1.28828763961792,4.202147803408034,4.523925654431607,106.77706789970398,200.0,38,39,285,270,555,run2_g4_g4_24,single-objective/run2/g4/g4_24.pdb,-92.136,-0.67,48.396,1.971,81.215,3.308,1267.396,2455.4,1188.003,39.0,-1.995,-1312.779,253.31,-272.77,1.954,31.338,351.579,756.306,-0.043,-29.622,-49.521,-18.271,-51.523,5.0,-33.958,269.0,83.0,92.326,-46.507,0.69,0.525,1.946,58.596,176.866,0.663,1.169,45.579,-0.045,-1.985,0.588,temp_g1_09_0001,single-objective/run2/g4/g4_24.pdb.sc
560.0,826.3236086368561,1.4755778725658144,3.2051174640655518,0.0,1.4755778725658144,159.0,96.06696307659149,0.6041947363307641,2.410245656967163,3.18368520901638,3.7878799453471443,45.0,13.744563341140747,0.30543474091423883,1.28828763961792,4.157301796807183,4.462736537721422,109.81152641773224,204.0,38,39,291,270,561,run2_g4_g4_3,single-objective/run2/g4/g4_3.pdb,168.475,0.561,106.063,4.41,134.402,5.589,1233.819,2404.849,1171.031,36.0,-1.995,-1334.246,260.423,-291.674,1.948,32.748,621.774,781.18,-0.033,-32.107,-49.521,-20.556,-51.523,7.0,-33.934,269.0,83.0,92.363,-45.202,0.719,2.968,1.946,59.906,176.361,0.67,1.919,74.839,3.899,171.545,0.585,g0_03_0001,single-objective/run2/g4/g4_3.pdb.sc
552.0,815.3788306713104,1.477135562810345,3.2051174640655518,0.0,1.477135562810345,152.0,92.83901011943817,0.6107829613120932,2.4274275302886963,3.1900969312379233,3.8008798925500167,45.0,14.597483396530151,0.32438851992289225,1.28828763961792,4.273588991165161,4.597977511088053,107.43649351596832,197.0,38,39,283,270,553,run2_g4_g4_4,single-objective/run2/g4/g4_4.pdb,1007.951,1.928,601.117,24.935,774.551,32.129,1208.063,2410.755,1202.692,33.0,-1.995,-1332.634,251.65,-280.251,1.947,31.937,1456.593,780.392,-0.005,-32.107,-49.521,-18.831,-51.523,6.0,-33.378,269.0,84.0,92.784,-47.067,0.734,8.804,1.946,57.055,180.367,0.681,8.04,321.617,9.498,417.913,0.588,temp_g4_05_0001,single-objective/run2/g4/g4_4.pdb.sc
543.0,802.2592359781265,1.4774571564974706,3.370624303817749,0.0,1.4774571564974706,151.0,89.15011417865753,0.5903981071434273,2.4274275302886963,3.214922667339148,3.8053207744825754,43.0,13.759378910064697,0.3199855560480162,1.28828763961792,4.201452881790871,4.521438437838887,102.90949308872223,194.0,38,39,274,270,544,run2_g4_g4_5,single-objective/run2/g4/g4_5.pdb,-83.579,-0.344,130.938,5.661,163.462,7.068,1148.831,2312.863,1164.032,29.0,-1.995,-1303.574,248.391,-284.143,1.923,31.332,351.127,770.041,-0.023,-32.107,-49.521,-16.861,-51.523,6.0,-32.995,269.0,83.0,92.414,-44.296,0.683,1.544,1.946,59.882,175.795,0.683,2.253,87.882,0.915,40.254,0.588,temp_g4_06_0001,single-objective/run2/g4/g4_5.pdb.sc
556.0,823.4024704694748,1.4809396950889835,3.2207815647125244,0.0,1.4809396950889835,159.0,94.65690732002258,0.5953264611322175,2.410245656967163,3.215471066768814,3.8107975279010318,48.0,15.431817293167114,0.3214961936076482,1.28828763961792,4.191151271263759,4.5126474648714066,110.0887246131897,207.0,38,39,287,270,557,run2_g4_g4_6,single-objective/run2/g4/g4_6.pdb,270.13,0.673,133.334,5.401,165.296,6.696,1311.332,2468.57,1157.238,36.0,-1.995,-1325.077,252.302,-267.756,1.977,31.785,711.485,762.198,-0.017,-29.622,-49.521,-18.271,-51.523,5.0,-32.515,269.0,83.0,92.276,-46.548,0.677,3.329,1.946,59.068,179.332,0.661,2.3,89.683,4.242,186.657,0.588,temp_g4_00_0001,single-objective/run2/g4/g4_6.pdb.sc
554.0,819.8168061971664,1.4798137295977734,3.2207815647125244,0.0,1.4798137295977734,153.0,91.65350890159607,0.5990425418404972,2.410245656967163,3.203984939974118,3.803027481814615,47.0,15.12355899810791,0.32177785102357254,1.28828763961792,4.202147803408034,4.523925654431607,106.77706789970398,200.0,38,39,285,270,555,run2_g4_g4_7,single-objective/run2/g4/g4_7.pdb,-92.136,-0.67,48.396,1.971,81.215,3.308,1267.396,2455.4,1188.003,39.0,-1.995,-1312.779,253.31,-272.77,1.954,31.338,351.579,756.306,-0.043,-29.622,-49.521,-18.271,-51.523,5.0,-33.958,269.0,83.0,92.326,-46.507,0.69,0.525,1.946,58.596,176.866,0.663,1.169,45.579,-0.045,-1.985,0.588,temp_g1_09_0001,single-objective/run2/g4/g4_7.pdb.sc
547.0,808.0384984016418,1.4772184614289614,3.2207815647125244,0.0,1.4772184614289614,156.0,94.52660489082336,0.6059397749411755,2.4274275302886963,3.2116183241208396,3.817558099062015,45.0,14.526643753051758,0.3228143056233724,1.28828763961792,4.185359202490913,4.508173508114285,109.05324864387512,201.0,38,39,278,270,548,run2_g4_g4_8,single-objective/run2/g4/g4_8.pdb,-94.892,-0.415,102.036,4.19,135.45,5.563,1251.915,2434.993,1183.078,33.0,-1.995,-1305.466,249.205,-277.472,1.937,31.767,338.739,754.044,-0.027,-29.622,-49.521,-20.556,-51.523,7.0,-32.234,269.0,83.0,92.391,-41.512,0.651,1.312,1.946,63.311,181.073,0.66,1.875,73.116,0.814,35.8,0.596,temp_g1_13_0001,single-objective/run2/g4/g4_8.pdb.sc
553.0,816.2696726322174,1.4760753573819483,3.370624303817749,0.0,1.4760753573819483,152.0,89.9677563905716,0.5918931341484973,2.4274275302886963,3.180200044261782,3.772093178410279,44.0,13.411494255065918,0.3048066876151345,1.28828763961792,4.198950615796176,4.5037573034113105,103.37925064563751,196.0,38,39,284,270,554,run2_g4_g4_9,single-objective/run2/g4/g4_9.pdb,40.536,-0.318,131.727,5.638,163.668,7.005,1227.778,2336.515,1108.737,34.0,-1.995,-1315.292,253.134,-288.898,1.952,31.611,492.524,762.202,-0.023,-32.107,-49.521,-15.233,-51.523,6.0,-33.11,269.0,84.0,92.686,-45.664,0.661,1.573,1.946,59.089,178.147,0.655,2.172,86.865,1.03,45.298,0.588,temp_g4_19_0001,single-objective/run2/g4/g4_9.pdb.sc
554.0,819.8168061971664,1.4798137295977734,3.2207815647125244,0.0,1.4798137295977734,153.0,91.65350890159607,0.5990425418404972,2.410245656967163,3.203984939974118,3.803027481814615,47.0,15.12355899810791,0.32177785102357254,1.28828763961792,4.202147803408034,4.523925654431607,106.77706789970398,200.0,38,39,285,270,555,run2_g5_g5_0,single-objective/run2/g5/g5_0.pdb,-92.136,-0.67,48.396,1.971,81.215,3.308,1267.396,2455.4,1188.003,39.0,-1.995,-1312.779,253.31,-272.77,1.954,31.338,351.579,756.306,-0.043,-29.622,-49.521,-18.271,-51.523,5.0,-33.958,269.0,83.0,92.326,-46.507,0.69,0.525,1.946,58.596,176.866,0.663,1.169,45.579,-0.045,-1.985,0.588,temp_g1_09_0001,single-objective/run2/g5/g5_0.pdb.sc
554.0,819.8168061971664,1.4798137295977734,3.2207815647125244,0.0,1.4798137295977734,153.0,91.65350890159607,0.5990425418404972,2.410245656967163,3.203984939974118,3.803027481814615,47.0,15.12355899810791,0.32177785102357254,1.28828763961792,4.202147803408034,4.523925654431607,106.77706789970398,200.0,38,39,285,270,555,run2_g5_g5_1,single-objective/run2/g5/g5_1.pdb,-92.136,-0.67,48.396,1.971,81.215,3.308,1267.396,2455.4,1188.003,39.0,-1.995,-1312.779,253.31,-272.77,1.954,31.338,351.579,756.306,-0.043,-29.622,-49.521,-18.271,-51.523,5.0,-33.958,269.0,83.0,92.326,-46.507,0.69,0.525,1.946,58.596,176.866,0.663,1.169,45.579,-0.045,-1.985,0.588,temp_g1_09_0001,single-objective/run2/g5/g5_1.pdb.sc
551.0,815.4742609262466,1.479989584258161,3.2207815647125244,0.0,1.479989584258161,154.0,91.23644137382507,0.5924444245053576,2.410245656967163,3.2052286708509765,3.7976730953563345,46.0,15.367843866348267,0.3340835623119188,1.28828763961792,4.232980702234351,4.56706426454627,106.60428524017334,200.0,38,39,282,270,552,run2_g5_g5_10,single-objective/run2/g5/g5_10.pdb,-50.678,-0.499,67.066,2.825,102.427,4.315,1203.489,2373.715,1170.226,34.0,-1.995,-1311.931,252.655,-271.323,1.952,31.144,379.885,755.55,-0.034,-29.622,-49.521,-18.124,-51.523,5.0,-33.234,269.0,83.0,92.568,-42.371,0.697,1.064,1.946,64.667,178.012,0.66,1.449,56.522,0.722,31.767,0.588,temp_g5_02_0001,single-objective/run2/g5/g5_10.pdb.sc
548.0,810.1843249797821,1.478438549233179,3.2207815647125244,0.0,1.478438549233179,158.0,95.00539231300354,0.6012999513481236,2.410245656967163,3.1963592254662814,3.7976591768144052,43.0,13.776340246200562,0.32038000572559444,1.28828763961792,4.252333247384359,4.572713253109954,108.7817325592041,201.0,38,39,279,270,549,run2_g5_g5_11,single-objective/run2/g5/g5_11.pdb,-147.859,-0.601,52.892,2.238,87.63,3.708,1189.724,2362.944,1173.22,33.0,-1.995,-1305.68,252.972,-283.469,1.902,32.093,284.822,770.748,-0.056,-30.106,-49.521,-20.556,-51.457,8.0,-33.36,269.0,83.0,92.321,-44.95,0.654,0.715,1.946,60.233,175.608,0.653,1.269,49.504,0.224,9.876,0.588,temp_g4_11_0001,single-objective/run2/g5/g5_11.pdb.sc
554.0,816.8452031612396,1.4744498252007936,3.2051174640655518,0.0,1.4744498252007936,153.0,90.20301473140717,0.5895621877869749,2.410245656967163,3.186392361042546,3.7759545488295214,44.0,13.634103298187256,0.3098659840497104,1.28828763961792,4.115054450251839,4.42492043430155,103.83711802959442,197.0,38,39,285,270,555,run2_g5_g5_12,single-objective/run2/g5/g5_12.pdb,-164.732,-0.671,49.951,2.143,84.981,3.645,1199.196,2331.226,1132.03,30.0,-1.995,-1314.441,248.378,-285.137,1.939,31.735,289.944,758.447,-0.052,-32.107,-49.521,-18.6,-51.523,7.0,-32.503,269.0,83.0,93.21,-45.092,0.707,0.522,1.946,60.377,179.616,0.669,1.222,47.648,-0.099,-4.351,0.597,temp_g1_00_0001,single-objective/run2/g5/g5_12.pdb.sc
563.0,827.3691596984863,1.4695722197131196,3.2207815647125244,0.0,1.4695722197131196,161.0,94.94323992729187,0.5897095647657881,2.410245656967163,3.1433542293051016,3.7330637940708895,49.0,15.026796102523804,0.3066693082147715,1.28828763961792,4.184693355949557,4.491362664164329,109.97003602981567,210.0,38,39,294,270,564,run2_g5_g5_13,single-objective/run2/g5/g5_13.pdb,972.735,1.583,523.456,21.092,605.862,24.413,1247.16,2481.719,1234.559,42.0,-1.995,-1349.314,262.316,-268.258,1.974,33.316,1378.173,811.553,-0.006,-30.764,-49.521,-19.239,-51.523,5.0,-33.766,269.0,86.0,92.299,-39.446,0.719,7.472,1.946,64.787,169.613,0.598,7.007,294.307,7.916,348.308,0.585,temp_g5_17_0001,single-objective/run2/g5/g5_13.pdb.sc
567.0,834.9434789419174,1.4725634549240165,3.1058762073516846,0.0,1.4725634549240165,160.0,96.07782232761383,0.6004863895475865,2.410245656967163,3.1306794829666615,3.731165872514248,47.0,14.97017788887024,0.3185144231674519,1.28828763961792,4.154751351539125,4.473265774706577,111.04800021648407,207.0,38,39,298,270,568,run2_g5_g5_14,single-objective/run2/g5/g5_14.pdb,522.332,0.584,272.329,11.341,337.756,14.066,1260.537,2401.236,1140.698,32.0,-1.995,-1351.71,261.892,-287.729,2.081,33.372,962.006,789.628,-0.012,-32.107,-49.521,-20.227,-51.523,6.0,-31.113,269.0,84.0,92.972,-39.804,0.707,4.512,1.946,67.959,175.617,0.641,4.048,161.926,4.934,217.098,0.588,temp_g5_23_0001,single-objective/run2/g5/g5_14.pdb.sc
553.0,815.7263236045837,1.4750928094115439,3.370624303817749,0.0,1.4750928094115439,153.0,94.44782984256744,0.6173060774024016,2.870814323425293,3.16543451399585,3.7827405913982517,43.0,13.715868711471558,0.3189736909644548,1.28828763961792,4.238553723623586,4.557527414588041,108.163698554039,196.0,38,39,284,270,554,run2_g5_g5_15,single-objective/run2/g5/g5_15.pdb,322.611,1.158,62.323,2.665,97.189,4.155,1178.595,2338.845,1160.25,35.0,-1.995,-1319.033,254.807,-286.419,1.911,32.07,666.866,770.627,-0.039,-32.107,-47.916,-15.792,-51.523,6.0,-35.441,269.0,82.0,91.936,-41.308,0.635,3.56,99.83,61.986,173.536,0.65,1.363,53.17,5.552,238.745,0.577,temp_g2_11_0001,single-objective/run2/g5/g5_15.pdb.sc
545.0,807.5943105220795,1.4818244229762927,3.370624303817749,0.0,1.4818244229762927,150.0,91.89279127120972,0.6126186084747315,2.870814323425293,3.2127786318461102,3.8253972403208416,45.0,14.771537780761719,0.32825639512803817,1.28828763961792,4.23979434967041,4.568050744798448,106.66432905197144,195.0,38,39,276,270,546,run2_g5_g5_16,single-objective/run2/g5/g5_16.pdb,20.248,-0.272,56.605,2.413,158.322,6.748,1187.147,2346.049,1158.902,32.0,-1.995,-1303.8,246.345,-271.01,1.948,30.217,454.909,748.849,-0.017,-29.622,-49.521,-16.533,-51.523,5.0,-33.733,269.0,82.0,93.344,-43.361,0.67,1.836,1.946,62.023,181.178,0.652,1.295,50.51,2.327,100.055,0.588,temp_g5_07_0001,single-objective/run2/g5/g5_16.pdb.sc
554.0,819.8168061971664,1.4798137295977734,3.2207815647125244,0.0,1.4798137295977734,153.0,91.65350890159607,0.5990425418404972,2.410245656967163,3.203984939974118,3.803027481814615,47.0,15.12355899810791,0.32177785102357254,1.28828763961792,4.202147803408034,4.523925654431607,106.77706789970398,200.0,38,39,285,270,555,run2_g5_g5_17,single-objective/run2/g5/g5_17.pdb,-92.136,-0.67,48.396,1.971,81.215,3.308,1267.396,2455.4,1188.003,39.0,-1.995,-1312.779,253.31,-272.77,1.954,31.338,351.579,756.306,-0.043,-29.622,-49.521,-18.271,-51.523,5.0,-33.958,269.0,83.0,92.326,-46.507,0.69,0.525,1.946,58.596,176.866,0.663,1.169,45.579,-0.045,-1.985,0.588,temp_g1_09_0001,single-objective/run2/g5/g5_17.pdb.sc
548.0,808.4157317876816,1.4752111893935795,3.2051174640655518,0.0,1.4752111893935795,151.0,91.63561284542084,0.6068583632147075,2.4274275302886963,3.19302200244752,3.7998803656622275,43.0,13.826159954071045,0.32153860358304753,1.28828763961792,4.19989983425584,4.521438437838887,105.46177279949188,194.0,38,39,279,270,549,run2_g5_g5_18,single-objective/run2/g5/g5_18.pdb,-86.342,-0.362,128.724,5.566,163.922,7.087,1153.87,2312.896,1159.026,31.0,-1.995,-1307.577,252.898,-287.536,1.916,32.132,350.759,775.181,-0.023,-32.107,-49.521,-20.556,-51.523,6.0,-32.545,269.0,83.0,92.414,-44.304,0.727,1.498,1.946,59.741,173.75,0.678,2.235,87.157,0.845,37.172,0.588,temp_g3_14_0001,single-objective/run2/g5/g5_18.pdb.sc
557.0,821.0181317329407,1.4740002365043818,3.2051174640655518,0.0,1.4740002365043818,153.0,91.81133472919464,0.6000740831973506,2.410245656967163,3.192658051166659,3.7927321343640097,46.0,14.175024032592773,0.30815269636071246,1.28828763961792,4.161780010098997,4.4699327064597085,105.98635876178741,199.0,38,39,288,270,558,run2_g5_g5_19,single-objective/run2/g5/g5_19.pdb,-148.88,-0.613,64.402,2.686,100.103,4.175,1200.73,2397.634,1196.904,35.0,-1.995,-1322.658,254.608,-286.72,1.933,32.271,301.919,772.228,-0.044,-32.107,-49.521,-17.531,-51.523,7.0,-35.186,269.0,83.0,92.414,-44.58,0.715,0.674,1.946,59.789,175.248,0.665,1.385,54.005,0.044,1.918,0.585,g0_15_0001,single-objective/run2/g5/g5_19.pdb.sc
548.0,811.3954211473465,1.4806485787360337,3.2207815647125244,0.0,1.4806485787360337,148.0,90.28106212615967,0.6100071765281059,2.410245656967163,3.1925715659115768,3.8025787424396826,44.0,14.24032473564148,0.3236437439918518,1.28828763961792,4.2300857142968615,4.553729458288713,104.52138686180115,192.0,38,39,279,270,549,run2_g5_g5_2,single-objective/run2/g5/g5_2.pdb,382.749,1.108,44.809,1.834,81.575,3.338,1296.604,2443.75,1147.146,38.0,-1.995,-1305.962,250.385,-269.246,1.924,31.316,721.436,746.362,-0.05,-29.622,-47.916,-16.642,-51.523,6.0,-33.642,269.0,83.0,91.823,-42.64,0.691,3.356,99.83,61.047,177.238,0.642,1.127,43.971,5.331,234.576,0.577,temp_g5_20_0001,single-objective/run2/g5/g5_2.pdb.sc
554.0,819.8168061971664,1.4798137295977734,3.2207815647125244,0.0,1.4798137295977734,153.0,91.65350890159607,0.5990425418404972,2.410245656967163,3.203984939974118,3.803027481814615,47.0,15.12355899810791,0.32177785102357254,1.28828763961792,4.202147803408034,4.523925654431607,106.77706789970398,200.0,38,39,285,270,555,run2_g5_g5_20,single-objective/run2/g5/g5_20.pdb,-92.136,-0.67,48.396,1.971,81.215,3.308,1267.396,2455.4,1188.003,39.0,-1.995,-1312.779,253.31,-272.77,1.954,31.338,351.579,756.306,-0.043,-29.622,-49.521,-18.271,-51.523,5.0,-33.958,269.0,83.0,92.326,-46.507,0.69,0.525,1.946,58.596,176.866,0.663,1.169,45.579,-0.045,-1.985,0.588,temp_g1_09_0001,single-objective/run2/g5/g5_20.pdb.sc
553.0,817.8860733509064,1.4789983243235196,3.2207815647125244,0.0,1.4789983243235196,154.0,92.4528398513794,0.600343115918048,2.410245656967163,3.1857816275064046,3.7861247434244527,45.0,14.63150954246521,0.3251446564992269,1.28828763961792,4.207826497819688,4.532971154318916,107.0843493938446,199.0,38,39,284,270,554,run2_g5_g5_21,single-objective/run2/g5/g5_21.pdb,560.152,1.504,86.187,3.507,123.732,5.035,1265.953,2457.667,1191.714,36.0,-1.995,-1314.119,257.094,-270.764,1.938,31.269,887.891,753.827,-0.027,-29.622,-47.916,-16.642,-51.523,6.0,-33.318,269.0,83.0,91.916,-38.51,0.639,4.652,99.83,66.927,173.28,0.656,1.78,69.41,7.197,316.677,0.588,temp_g3_00_0001,single-objective/run2/g5/g5_21.pdb.sc
553.0,817.7364600896835,1.4787277759307116,3.2207815647125244,0.0,1.4787277759307116,157.0,94.5021505355835,0.6019245257043535,2.4274275302886963,3.222495179267446,3.8244197049717994,45.0,14.423121213912964,0.3205138047536214,1.28828763961792,4.204662195841471,4.525176000595093,108.92527174949646,202.0,38,39,284,270,554,run2_g5_g5_22,single-objective/run2/g5/g5_22.pdb,494.952,1.533,83.939,3.366,124.381,4.988,1290.259,2493.491,1203.232,34.0,-1.995,-1309.243,255.105,-272.408,1.933,31.009,822.605,741.595,-0.033,-29.622,-47.916,-16.642,-51.523,6.0,-32.474,269.0,83.0,91.962,-36.197,0.708,4.739,99.83,71.253,177.091,0.669,1.803,70.311,7.342,323.028,0.588,temp_g5_19_0001,single-objective/run2/g5/g5_22.pdb.sc
554.0,819.8168061971664,1.4798137295977734,3.2207815647125244,0.0,1.4798137295977734,153.0,91.65350890159607,0.5990425418404972,2.410245656967163,3.203984939974118,3.803027481814615,47.0,15.12355899810791,0.32177785102357254,1.28828763961792,4.202147803408034,4.523925654431607,106.77706789970398,200.0,38,39,285,270,555,run2_g5_g5_23,single-objective/run2/g5/g5_23.pdb,-92.136,-0.67,48.396,1.971,81.215,3.308,1267.396,2455.4,1188.003,39.0,-1.995,-1312.779,253.31,-272.77,1.954,31.338,351.579,756.306,-0.043,-29.622,-49.521,-18.271,-51.523,5.0,-33.958,269.0,83.0,92.326,-46.507,0.69,0.525,1.946,58.596,176.866,0.663,1.169,45.579,-0.045,-1.985,0.588,temp_g1_09_0001,single-objective/run2/g5/g5_23.pdb.sc
553.0,816.2696726322174,1.4760753573819483,3.370624303817749,0.0,1.4760753573819483,152.0,89.9677563905716,0.5918931341484973,2.4274275302886963,3.180200044261782,3.772093178410279,44.0,13.411494255065918,0.3048066876151345,1.28828763961792,4.198950615796176,4.5037573034113105,103.37925064563751,196.0,38,39,284,270,554,run2_g5_g5_24,single-objective/run2/g5/g5_24.pdb,40.536,-0.318,131.727,5.638,163.668,7.005,1227.778,2336.515,1108.737,34.0,-1.995,-1315.292,253.134,-288.898,1.952,31.611,492.524,762.202,-0.023,-32.107,-49.521,-15.233,-51.523,6.0,-33.11,269.0,84.0,92.686,-45.664,0.661,1.573,1.946,59.089,178.147,0.655,2.172,86.865,1.03,45.298,0.588,temp_g4_19_0001,single-objective/run2/g5/g5_24.pdb.sc
546.0,806.3584336042404,1.4768469479931143,3.370624303817749,0.0,1.4768469479931143,151.0,90.62865126132965,0.6001897434525142,2.4274275302886963,3.1950740948418117,3.7952638382943262,46.0,14.314960956573486,0.3111948034037714,1.28828763961792,4.226157836292101,4.5373526396958725,104.94361221790314,197.0,38,39,277,270,547,run2_g5_g5_3,single-objective/run2/g5/g5_3.pdb,65.268,-0.296,129.156,5.635,26.274,1.146,1167.268,2292.152,1124.884,37.0,-1.995,-1302.463,250.784,-273.909,1.902,30.918,491.153,764.18,-0.146,-30.764,-49.521,-16.861,-51.523,6.0,-33.028,269.0,83.0,92.414,-43.78,0.673,1.719,1.946,59.939,175.289,0.67,2.237,87.252,1.259,55.399,0.588,temp_g5_16_0001,single-objective/run2/g5/g5_3.pdb.sc
548.0,811.7871599197388,1.4813634305104721,3.2207815647125244,0.0,1.4813634305104721,151.0,90.48970854282379,0.5992695929988331,2.410245656967163,3.210017977171386,3.8092875701702194,46.0,14.870222806930542,0.3232657131941422,1.28828763961792,4.238952108051466,4.562217821245608,105.35993134975433,197.0,38,39,279,270,549,run2_g5_g5_4,single-objective/run2/g5/g5_4.pdb,-84.338,-0.636,48.643,1.974,81.379,3.302,1297.373,2464.252,1166.879,34.0,-1.995,-1308.117,249.303,-272.866,1.938,31.223,354.169,756.314,-0.043,-29.622,-49.521,-18.271,-51.523,5.0,-33.462,269.0,83.0,92.326,-45.53,0.644,0.59,1.946,59.223,179.539,0.667,1.202,46.887,0.048,2.099,0.588,temp_g5_00_0001,single-objective/run2/g5/g5_4.pdb.sc
551.0,814.1641917228699,1.477611963199401,3.2051174640655518,0.0,1.477611963199401,153.0,94.39747822284698,0.6169769818486731,2.4274275302886963,3.184532775598414,3.801509757447087,46.0,13.845283508300781,0.30098442409349524,1.28828763961792,4.183672438497129,4.484656862590624,108.24276173114777,199.0,38,39,282,270,552,run2_g5_g5_5,single-objective/run2/g5/g5_5.pdb,234.246,0.706,184.534,7.457,222.906,9.008,1326.387,2474.584,1148.196,32.0,-1.995,-1315.935,246.896,-283.522,1.945,32.09,528.674,758.517,-0.02,-32.107,-49.521,-18.6,-50.988,7.0,-32.233,269.0,83.0,92.673,-41.989,0.71,4.015,156.168,66.269,177.307,0.683,2.955,115.234,4.955,218.028,0.596,temp_g5_13_0001,single-objective/run2/g5/g5_5.pdb.sc
554.0,819.8168061971664,1.4798137295977734,3.2207815647125244,0.0,1.4798137295977734,153.0,91.65350890159607,0.5990425418404972,2.410245656967163,3.203984939974118,3.803027481814615,47.0,15.12355899810791,0.32177785102357254,1.28828763961792,4.202147803408034,4.523925654431607,106.77706789970398,200.0,38,39,285,270,555,run2_g5_g5_6,single-objective/run2/g5/g5_6.pdb,-92.136,-0.67,48.396,1.971,81.215,3.308,1267.396,2455.4,1188.003,39.0,-1.995,-1312.779,253.31,-272.77,1.954,31.338,351.579,756.306,-0.043,-29.622,-49.521,-18.271,-51.523,5.0,-33.958,269.0,83.0,92.326,-46.507,0.69,0.525,1.946,58.596,176.866,0.663,1.169,45.579,-0.045,-1.985,0.588,temp_g1_09_0001,single-objective/run2/g5/g5_6.pdb.sc
551.0,812.7490768432617,1.4750436966302392,3.2051174640655518,0.0,1.4750436966302392,158.0,93.5039587020874,0.5917972069752367,2.410245656967163,3.188998246494728,3.7807954534699646,43.0,13.441237211227417,0.3125869118890097,1.28828763961792,4.232342525970104,4.544929437859114,106.94519591331482,201.0,38,39,282,270,552,run2_g5_g5_7,single-objective/run2/g5/g5_7.pdb,-154.059,-0.618,61.157,2.594,94.389,4.003,1186.691,2357.753,1171.062,32.0,-1.995,-1313.135,255.735,-293.708,1.91,32.497,287.424,779.345,-0.032,-32.107,-49.521,-20.556,-51.523,6.0,-33.246,269.0,83.0,92.363,-45.333,0.712,0.671,1.946,60.1,175.156,0.663,1.345,52.436,0.073,3.228,0.588,g0_08_0001,single-objective/run2/g5/g5_7.pdb.sc
547.0,808.0384984016418,1.4772184614289614,3.2207815647125244,0.0,1.4772184614289614,156.0,94.52660489082336,0.6059397749411755,2.4274275302886963,3.2116183241208396,3.817558099062015,45.0,14.526643753051758,0.3228143056233724,1.28828763961792,4.185359202490913,4.508173508114285,109.05324864387512,201.0,38,39,278,270,548,run2_g5_g5_8,single-objective/run2/g5/g5_8.pdb,-94.892,-0.415,102.036,4.19,135.45,5.563,1251.915,2434.993,1183.078,33.0,-1.995,-1305.466,249.205,-277.472,1.937,31.767,338.739,754.044,-0.027,-29.622,-49.521,-20.556,-51.523,7.0,-32.234,269.0,83.0,92.391,-41.512,0.651,1.312,1.946,63.311,181.073,0.66,1.875,73.116,0.814,35.8,0.596,temp_g1_13_0001,single-objective/run2/g5/g5_8.pdb.sc
554.0,819.8168061971664,1.4798137295977734,3.2207815647125244,0.0,1.4798137295977734,153.0,91.65350890159607,0.5990425418404972,2.410245656967163,3.203984939974118,3.803027481814615,47.0,15.12355899810791,0.32177785102357254,1.28828763961792,4.202147803408034,4.523925654431607,106.77706789970398,200.0,38,39,285,270,555,run2_g5_g5_9,single-objective/run2/g5/g5_9.pdb,-92.136,-0.67,48.396,1.971,81.215,3.308,1267.396,2455.4,1188.003,39.0,-1.995,-1312.779,253.31,-272.77,1.954,31.338,351.579,756.306,-0.043,-29.622,-49.521,-18.271,-51.523,5.0,-33.958,269.0,83.0,92.326,-46.507,0.69,0.525,1.946,58.596,176.866,0.663,1.169,45.579,-0.045,-1.985,0.588,temp_g1_09_0001,single-objective/run2/g5/g5_9.pdb.sc
546.0,806.3584336042404,1.4768469479931143,3.370624303817749,0.0,1.4768469479931143,151.0,90.62865126132965,0.6001897434525142,2.4274275302886963,3.1950740948418117,3.7952638382943262,46.0,14.314960956573486,0.3111948034037714,1.28828763961792,4.226157836292101,4.5373526396958725,104.94361221790314,197.0,38,39,277,270,547,run2_g6_g6_0,single-objective/run2/g6/g6_0.pdb,65.268,-0.296,129.156,5.635,26.274,1.146,1167.268,2292.152,1124.884,37.0,-1.995,-1302.463,250.784,-273.909,1.902,30.918,491.153,764.18,-0.146,-30.764,-49.521,-16.861,-51.523,6.0,-33.028,269.0,83.0,92.414,-43.78,0.673,1.719,1.946,59.939,175.289,0.67,2.237,87.252,1.259,55.399,0.588,temp_g5_16_0001,single-objective/run2/g6/g6_0.pdb.sc
548.0,811.7871599197388,1.4813634305104721,3.2207815647125244,0.0,1.4813634305104721,151.0,90.48970854282379,0.5992695929988331,2.410245656967163,3.210017977171386,3.8092875701702194,46.0,14.870222806930542,0.3232657131941422,1.28828763961792,4.238952108051466,4.562217821245608,105.35993134975433,197.0,38,39,279,270,549,run2_g6_g6_1,single-objective/run2/g6/g6_1.pdb,-84.338,-0.636,48.643,1.974,81.379,3.302,1297.373,2464.252,1166.879,34.0,-1.995,-1308.117,249.303,-272.866,1.938,31.223,354.169,756.314,-0.043,-29.622,-49.521,-18.271,-51.523,5.0,-33.462,269.0,83.0,92.326,-45.53,0.644,0.59,1.946,59.223,179.539,0.667,1.202,46.887,0.048,2.099,0.588,temp_g5_00_0001,single-objective/run2/g6/g6_1.pdb.sc
554.0,819.8168061971664,1.4798137295977734,3.2207815647125244,0.0,1.4798137295977734,153.0,91.65350890159607,0.5990425418404972,2.410245656967163,3.203984939974118,3.803027481814615,47.0,15.12355899810791,0.32177785102357254,1.28828763961792,4.202147803408034,4.523925654431607,106.77706789970398,200.0,38,39,285,270,555,run2_g6_g6_10,single-objective/run2/g6/g6_10.pdb,-92.136,-0.67,48.396,1.971,81.215,3.308,1267.396,2455.4,1188.003,39.0,-1.995,-1312.779,253.31,-272.77,1.954,31.338,351.579,756.306,-0.043,-29.622,-49.521,-18.271,-51.523,5.0,-33.958,269.0,83.0,92.326,-46.507,0.69,0.525,1.946,58.596,176.866,0.663,1.169,45.579,-0.045,-1.985,0.588,temp_g1_09_0001,single-objective/run2/g6/g6_10.pdb.sc
554.0,819.8168061971664,1.4798137295977734,3.2207815647125244,0.0,1.4798137295977734,153.0,91.65350890159607,0.5990425418404972,2.410245656967163,3.203984939974118,3.803027481814615,47.0,15.12355899810791,0.32177785102357254,1.28828763961792,4.202147803408034,4.523925654431607,106.77706789970398,200.0,38,39,285,270,555,run2_g6_g6_11,single-objective/run2/g6/g6_11.pdb,-92.136,-0.67,48.396,1.971,81.215,3.308,1267.396,2455.4,1188.003,39.0,-1.995,-1312.779,253.31,-272.77,1.954,31.338,351.579,756.306,-0.043,-29.622,-49.521,-18.271,-51.523,5.0,-33.958,269.0,83.0,92.326,-46.507,0.69,0.525,1.946,58.596,176.866,0.663,1.169,45.579,-0.045,-1.985,0.588,temp_g1_09_0001,single-objective/run2/g6/g6_11.pdb.sc
554.0,816.8452031612396,1.4744498252007936,3.2051174640655518,0.0,1.4744498252007936,153.0,90.20301473140717,0.5895621877869749,2.410245656967163,3.186392361042546,3.7759545488295214,44.0,13.634103298187256,0.3098659840497104,1.28828763961792,4.115054450251839,4.42492043430155,103.83711802959442,197.0,38,39,285,270,555,run2_g6_g6_12,single-objective/run2/g6/g6_12.pdb,-164.732,-0.671,49.951,2.143,84.981,3.645,1199.196,2331.226,1132.03,30.0,-1.995,-1314.441,248.378,-285.137,1.939,31.735,289.944,758.447,-0.052,-32.107,-49.521,-18.6,-51.523,7.0,-32.503,269.0,83.0,93.21,-45.092,0.707,0.522,1.946,60.377,179.616,0.669,1.222,47.648,-0.099,-4.351,0.597,temp_g1_00_0001,single-objective/run2/g6/g6_12.pdb.sc
553.0,817.7364600896835,1.4787277759307116,3.2207815647125244,0.0,1.4787277759307116,157.0,94.5021505355835,0.6019245257043535,2.4274275302886963,3.222495179267446,3.8244197049717994,45.0,14.423121213912964,0.3205138047536214,1.28828763961792,4.204662195841471,4.525176000595093,108.92527174949646,202.0,38,39,284,270,554,run2_g6_g6_13,single-objective/run2/g6/g6_13.pdb,494.952,1.533,83.939,3.366,124.381,4.988,1290.259,2493.491,1203.232,34.0,-1.995,-1309.243,255.105,-272.408,1.933,31.009,822.605,741.595,-0.033,-29.622,-47.916,-16.642,-51.523,6.0,-32.474,269.0,83.0,91.962,-36.197,0.708,4.739,99.83,71.253,177.091,0.669,1.803,70.311,7.342,323.028,0.588,temp_g5_19_0001,single-objective/run2/g6/g6_13.pdb.sc
554.0,819.0029172897339,1.478344616046451,3.2207815647125244,0.0,1.478344616046451,153.0,93.65640091896057,0.6121333393396116,2.410245656967163,3.1849307375016553,3.797064076841267,45.0,14.375844955444336,0.31946322123209636,1.28828763961792,4.249551667107476,4.569014888339573,108.03224587440491,198.0,38,39,285,270,555,run2_g6_g6_14,single-objective/run2/g6/g6_14.pdb,595.107,1.635,81.118,3.319,119.153,4.876,1273.247,2443.839,1170.593,40.0,-1.995,-1319.932,259.822,-266.958,1.93,32.903,912.144,765.661,-0.034,-29.622,-47.916,-16.642,-51.523,6.0,-34.086,269.0,83.0,91.916,-38.073,0.636,4.868,99.83,67.109,169.962,0.649,1.711,66.723,7.666,337.299,0.577,temp_g6_21_0001,single-objective/run2/g6/g6_14.pdb.sc
550.0,812.6710693836212,1.477583762515675,3.2051174640655518,0.0,1.477583762515675,152.0,90.22653722763062,0.5935956396554646,2.410245656967163,3.210773543307656,3.80436918296312,44.0,13.691242694854736,0.311164606701244,1.28828763961792,4.20152456110174,4.512689167802984,103.91777992248535,196.0,38,39,281,270,551,run2_g6_g6_15,single-objective/run2/g6/g6_15.pdb,-156.974,-0.63,58.897,2.542,93.37,4.03,1168.678,2316.854,1148.176,28.0,-1.995,-1310.675,252.896,-286.722,1.905,31.776,287.216,768.393,-0.039,-32.107,-49.521,-17.531,-51.523,7.0,-35.663,269.0,83.0,92.414,-44.798,0.715,0.631,1.946,59.961,176.479,0.675,1.327,51.754,0.013,0.583,0.577,temp_g6_19_0001,single-objective/run2/g6/g6_15.pdb.sc
554.0,819.8168061971664,1.4798137295977734,3.2207815647125244,0.0,1.4798137295977734,153.0,91.65350890159607,0.5990425418404972,2.410245656967163,3.203984939974118,3.803027481814615,47.0,15.12355899810791,0.32177785102357254,1.28828763961792,4.202147803408034,4.523925654431607,106.77706789970398,200.0,38,39,285,270,555,run2_g6_g6_16,single-objective/run2/g6/g6_16.pdb,-92.136,-0.67,48.396,1.971,81.215,3.308,1267.396,2455.4,1188.003,39.0,-1.995,-1312.779,253.31,-272.77,1.954,31.338,351.579,756.306,-0.043,-29.622,-49.521,-18.271,-51.523,5.0,-33.958,269.0,83.0,92.326,-46.507,0.69,0.525,1.946,58.596,176.866,0.663,1.169,45.579,-0.045,-1.985,0.588,temp_g1_09_0001,single-objective/run2/g6/g6_16.pdb.sc
555.0,821.3393042087555,1.4798906382139738,3.2207815647125244,0.0,1.4798906382139738,155.0,93.44294595718384,0.6028577158527989,2.410245656967163,3.1957791774503645,3.7986368933031636,46.0,14.90683364868164,0.3240616010582965,1.28828763961792,4.17634087541829,4.500402476476586,108.34977960586548,201.0,38,39,286,270,556,run2_g6_g6_17,single-objective/run2/g6/g6_17.pdb,116.221,-0.304,129.77,5.286,164.133,6.686,1293.21,2454.826,1161.615,39.0,-1.995,-1318.652,252.572,-273.486,1.956,31.357,562.566,756.483,-0.027,-29.622,-49.521,-18.627,-51.523,7.0,-33.766,269.0,84.0,92.89,-44.798,0.662,1.676,1.946,60.46,177.393,0.648,2.18,87.191,1.217,53.568,0.588,temp_g6_20_0001,single-objective/run2/g6/g6_17.pdb.sc
554.0,819.676194190979,1.4795599173122365,3.2207815647125244,0.0,1.4795599173122365,151.0,93.37678265571594,0.6183892891107016,2.4274275302886963,3.207118902774836,3.825508191885538,47.0,15.300745487213135,0.3255477763236837,1.28828763961792,4.211434511428184,4.536982287751868,108.67752814292908,198.0,38,39,285,270,555,run2_g6_g6_18,single-objective/run2/g6/g6_18.pdb,106.476,-0.344,124.958,5.024,156.067,6.275,1334.951,2487.28,1152.329,37.0,-1.995,-1310.332,251.705,-273.53,1.951,31.007,557.039,746.832,-0.026,-29.622,-49.521,-18.271,-51.523,6.0,-33.716,269.0,84.0,92.742,-46.962,0.72,1.541,1.946,57.461,180.678,0.658,2.07,82.811,1.06,46.631,0.588,temp_g6_09_0001,single-objective/run2/g6/g6_18.pdb.sc
548.0,810.1843249797821,1.478438549233179,3.2207815647125244,0.0,1.478438549233179,158.0,95.00539231300354,0.6012999513481236,2.410245656967163,3.1963592254662814,3.7976591768144052,43.0,13.776340246200562,0.32038000572559444,1.28828763961792,4.252333247384359,4.572713253109954,108.7817325592041,201.0,38,39,279,270,549,run2_g6_g6_19,single-objective/run2/g6/g6_19.pdb,-147.859,-0.601,52.892,2.238,87.63,3.708,1189.724,2362.944,1173.22,33.0,-1.995,-1305.68,252.972,-283.469,1.902,32.093,284.822,770.748,-0.056,-30.106,-49.521,-20.556,-51.457,8.0,-33.36,269.0,83.0,92.321,-44.95,0.654,0.715,1.946,60.233,175.608,0.653,1.269,49.504,0.224,9.876,0.588,temp_g4_11_0001,single-objective/run2/g6/g6_19.pdb.sc
543.0,799.9768272638321,1.4732538255319192,3.075467348098755,0.0,1.4732538255319192,148.0,91.3165192604065,0.6170035085162601,2.870814323425293,3.156837812952093,3.7738413214683533,42.0,13.324680805206299,0.31725430488586426,1.28828763961792,4.28301219145457,4.600266496340434,104.6412000656128,190.0,38,39,274,270,544,run2_g6_g6_2,single-objective/run2/g6/g6_2.pdb,546.908,1.859,66.171,2.88,89.911,3.914,1180.914,2297.258,1116.344,36.0,-1.995,-1310.319,250.859,-284.762,1.88,31.478,858.68,767.638,-0.043,-32.107,-47.916,-15.233,-51.523,6.0,-34.518,269.0,82.0,92.353,-40.725,0.669,5.827,117.539,73.887,171.115,0.654,1.416,55.208,9.828,422.619,0.576,temp_g6_15_0001,single-objective/run2/g6/g6_2.pdb.sc
554.0,819.8168061971664,1.4798137295977734,3.2207815647125244,0.0,1.4798137295977734,153.0,91.65350890159607,0.5990425418404972,2.410245656967163,3.203984939974118,3.803027481814615,47.0,15.12355899810791,0.32177785102357254,1.28828763961792,4.202147803408034,4.523925654431607,106.77706789970398,200.0,38,39,285,270,555,run2_g6_g6_20,single-objective/run2/g6/g6_20.pdb,-92.136,-0.67,48.396,1.971,81.215,3.308,1267.396,2455.4,1188.003,39.0,-1.995,-1312.779,253.31,-272.77,1.954,31.338,351.579,756.306,-0.043,-29.622,-49.521,-18.271,-51.523,5.0,-33.958,269.0,83.0,92.326,-46.507,0.69,0.525,1.946,58.596,176.866,0.663,1.169,45.579,-0.045,-1.985,0.588,temp_g1_09_0001,single-objective/run2/g6/g6_20.pdb.sc
551.0,814.4804986715317,1.4781860229973351,3.2207815647125244,0.0,1.4781860229973351,154.0,93.05703783035278,0.6042664794178753,2.410245656967163,3.163838957811331,3.768105437229206,45.0,14.905822992324829,0.33124051094055174,1.28828763961792,4.267570410834418,4.59881092177497,107.96286082267761,199.0,38,39,282,270,552,run2_g6_g6_21,single-objective/run2/g6/g6_21.pdb,531.151,1.599,136.352,5.791,186.808,7.934,1189.813,2354.574,1164.761,36.0,-1.995,-1317.789,257.166,-271.193,1.93,31.839,849.883,769.488,-0.016,-29.622,-47.916,-16.945,-51.523,6.0,-32.821,269.0,83.0,92.065,-38.588,0.694,4.938,99.83,64.518,172.248,0.612,2.323,90.604,7.256,319.251,0.577,temp_g6_02_0001,single-objective/run2/g6/g6_21.pdb.sc
554.0,819.8168061971664,1.4798137295977734,3.2207815647125244,0.0,1.4798137295977734,153.0,91.65350890159607,0.5990425418404972,2.410245656967163,3.203984939974118,3.803027481814615,47.0,15.12355899810791,0.32177785102357254,1.28828763961792,4.202147803408034,4.523925654431607,106.77706789970398,200.0,38,39,285,270,555,run2_g6_g6_22,single-objective/run2/g6/g6_22.pdb,-92.136,-0.67,48.396,1.971,81.215,3.308,1267.396,2455.4,1188.003,39.0,-1.995,-1312.779,253.31,-272.77,1.954,31.338,351.579,756.306,-0.043,-29.622,-49.521,-18.271,-51.523,5.0,-33.958,269.0,83.0,92.326,-46.507,0.69,0.525,1.946,58.596,176.866,0.663,1.169,45.579,-0.045,-1.985,0.588,temp_g1_09_0001,single-objective/run2/g6/g6_22.pdb.sc
553.0,815.7263236045837,1.4750928094115439,3.370624303817749,0.0,1.4750928094115439,153.0,94.44782984256744,0.6173060774024016,2.870814323425293,3.16543451399585,3.7827405913982517,43.0,13.715868711471558,0.3189736909644548,1.28828763961792,4.238553723623586,4.557527414588041,108.163698554039,196.0,38,39,284,270,554,run2_g6_g6_23,single-objective/run2/g6/g6_23.pdb,322.611,1.158,62.323,2.665,97.189,4.155,1178.595,2338.845,1160.25,35.0,-1.995,-1319.033,254.807,-286.419,1.911,32.07,666.866,770.627,-0.039,-32.107,-47.916,-15.792,-51.523,6.0,-35.441,269.0,82.0,91.936,-41.308,0.635,3.56,99.83,61.986,173.536,0.65,1.363,53.17,5.552,238.745,0.577,temp_g2_11_0001,single-objective/run2/g6/g6_23.pdb.sc
554.0,819.8168061971664,1.4798137295977734,3.2207815647125244,0.0,1.4798137295977734,153.0,91.65350890159607,0.5990425418404972,2.410245656967163,3.203984939974118,3.803027481814615,47.0,15.12355899810791,0.32177785102357254,1.28828763961792,4.202147803408034,4.523925654431607,106.77706789970398,200.0,38,39,285,270,555,run2_g6_g6_24,single-objective/run2/g6/g6_24.pdb,-92.136,-0.67,48.396,1.971,81.215,3.308,1267.396,2455.4,1188.003,39.0,-1.995,-1312.779,253.31,-272.77,1.954,31.338,351.579,756.306,-0.043,-29.622,-49.521,-18.271,-51.523,5.0,-33.958,269.0,83.0,92.326,-46.507,0.69,0.525,1.946,58.596,176.866,0.663,1.169,45.579,-0.045,-1.985,0.588,temp_g1_09_0001,single-objective/run2/g6/g6_24.pdb.sc
548.0,811.3954211473465,1.4806485787360337,3.2207815647125244,0.0,1.4806485787360337,148.0,90.28106212615967,0.6100071765281059,2.410245656967163,3.1925715659115768,3.8025787424396826,44.0,14.24032473564148,0.3236437439918518,1.28828763961792,4.2300857142968615,4.553729458288713,104.52138686180115,192.0,38,39,279,270,549,run2_g6_g6_3,single-objective/run2/g6/g6_3.pdb,382.749,1.108,44.809,1.834,81.575,3.338,1296.604,2443.75,1147.146,38.0,-1.995,-1305.962,250.385,-269.246,1.924,31.316,721.436,746.362,-0.05,-29.622,-47.916,-16.642,-51.523,6.0,-33.642,269.0,83.0,91.823,-42.64,0.691,3.356,99.83,61.047,177.238,0.642,1.127,43.971,5.331,234.576,0.577,temp_g5_20_0001,single-objective/run2/g6/g6_3.pdb.sc
545.0,808.084021449089,1.4827229751359432,3.2207815647125244,0.0,1.4827229751359432,149.0,88.64343535900116,0.5949223849597394,2.410245656967163,3.244099974632263,3.8390223595920023,47.0,14.759113788604736,0.314023697629888,1.28828763961792,4.273833538623566,4.587857236253455,103.4025491476059,196.0,38,39,276,270,546,run2_g6_g6_4,single-objective/run2/g6/g6_4.pdb,-59.288,-0.549,60.94,2.561,94.355,3.965,1214.937,2379.815,1164.878,37.0,-1.995,-1304.925,254.55,-270.175,2.313,31.547,362.22,755.011,-0.043,-29.622,-49.521,-16.642,-51.523,6.0,-33.596,269.0,83.0,92.326,-43.287,0.695,0.822,1.946,61.636,179.862,0.667,1.34,52.256,0.364,16.006,0.588,temp_g6_04_0001,single-objective/run2/g6/g6_4.pdb.sc
546.0,806.3584336042404,1.4768469479931143,3.370624303817749,0.0,1.4768469479931143,151.0,90.62865126132965,0.6001897434525142,2.4274275302886963,3.1950740948418117,3.7952638382943262,46.0,14.314960956573486,0.3111948034037714,1.28828763961792,4.226157836292101,4.5373526396958725,104.94361221790314,197.0,38,39,277,270,547,run2_g6_g6_5,single-objective/run2/g6/g6_5.pdb,65.268,-0.296,129.156,5.635,26.274,1.146,1167.268,2292.152,1124.884,37.0,-1.995,-1302.463,250.784,-273.909,1.902,30.918,491.153,764.18,-0.146,-30.764,-49.521,-16.861,-51.523,6.0,-33.028,269.0,83.0,92.414,-43.78,0.673,1.719,1.946,59.939,175.289,0.67,2.237,87.252,1.259,55.399,0.588,temp_g5_16_0001,single-objective/run2/g6/g6_5.pdb.sc
540.0,797.1195868253708,1.4761473830099459,3.2051174640655518,0.0,1.4761473830099459,148.0,89.76441526412964,0.6065163193522273,2.4274275302886963,3.2313819656500944,3.8378982850023218,41.0,12.948531866073608,0.31581785039203925,1.28828763961792,4.307522238754645,4.623340089146684,102.71294713020325,189.0,38,39,271,270,541,run2_g6_g6_6,single-objective/run2/g6/g6_6.pdb,-167.624,-0.671,47.492,2.033,81.279,3.48,1167.65,2335.835,1168.185,27.0,-1.995,-1285.212,245.795,-291.225,1.895,31.172,264.438,767.797,-0.05,-32.107,-49.521,-18.6,-51.523,6.0,-31.755,269.0,83.0,92.414,-45.372,0.64,0.49,1.946,58.967,174.676,0.641,1.108,43.213,-0.057,-2.526,0.588,temp_g6_18_0001,single-objective/run2/g6/g6_6.pdb.sc
554.0,819.8168061971664,1.4798137295977734,3.2207815647125244,0.0,1.4798137295977734,153.0,91.65350890159607,0.5990425418404972,2.410245656967163,3.203984939974118,3.803027481814615,47.0,15.12355899810791,0.32177785102357254,1.28828763961792,4.202147803408034,4.523925654431607,106.77706789970398,200.0,38,39,285,270,555,run2_g6_g6_7,single-objective/run2/g6/g6_7.pdb,-92.136,-0.67,48.396,1.971,81.215,3.308,1267.396,2455.4,1188.003,39.0,-1.995,-1312.779,253.31,-272.77,1.954,31.338,351.579,756.306,-0.043,-29.622,-49.521,-18.271,-51.523,5.0,-33.958,269.0,83.0,92.326,-46.507,0.69,0.525,1.946,58.596,176.866,0.663,1.169,45.579,-0.045,-1.985,0.588,temp_g1_09_0001,single-objective/run2/g6/g6_7.pdb.sc
548.0,811.7871599197388,1.4813634305104721,3.2207815647125244,0.0,1.4813634305104721,151.0,90.48970854282379,0.5992695929988331,2.410245656967163,3.210017977171386,3.8092875701702194,46.0,14.870222806930542,0.3232657131941422,1.28828763961792,4.238952108051466,4.562217821245608,105.35993134975433,197.0,38,39,279,270,549,run2_g6_g6_8,single-objective/run2/g6/g6_8.pdb,-84.338,-0.636,48.643,1.974,81.379,3.302,1297.373,2464.252,1166.879,34.0,-1.995,-1308.117,249.303,-272.866,1.938,31.223,354.169,756.314,-0.043,-29.622,-49.521,-18.271,-51.523,5.0,-33.462,269.0,83.0,92.326,-45.53,0.644,0.59,1.946,59.223,179.539,0.667,1.202,46.887,0.048,2.099,0.588,temp_g5_00_0001,single-objective/run2/g6/g6_8.pdb.sc
545.0,804.8557232618332,1.4767994922235472,3.370624303817749,0.0,1.4767994922235472,150.0,90.60369431972504,0.6040246287981669,2.4274275302886963,3.1968018778165184,3.800826506614685,46.0,14.307176113128662,0.31102556767671,1.28828763961792,4.236096667206806,4.547122234883516,104.9108704328537,196.0,38,39,276,270,546,run2_g6_g6_9,single-objective/run2/g6/g6_9.pdb,64.192,-0.284,134.526,5.889,27.102,1.186,1169.181,2284.353,1115.172,33.0,-1.995,-1299.956,247.768,-274.517,1.899,31.059,488.737,764.226,-0.113,-30.764,-49.521,-16.861,-51.523,6.0,-31.765,269.0,83.0,92.414,-43.57,0.673,1.755,1.946,60.161,175.868,0.653,2.294,89.449,1.278,56.218,0.588,temp_g6_03_0001,single-objective/run2/g6/g6_9.pdb.sc
546.0,806.3584336042404,1.4768469479931143,3.370624303817749,0.0,1.4768469479931143,151.0,90.62865126132965,0.6001897434525142,2.4274275302886963,3.1950740948418117,3.7952638382943262,46.0,14.314960956573486,0.3111948034037714,1.28828763961792,4.226157836292101,4.5373526396958725,104.94361221790314,197.0,38,39,277,270,547,run2_g7_g7_0,single-objective/run2/g7/g7_0.pdb,65.268,-0.296,129.156,5.635,26.274,1.146,1167.268,2292.152,1124.884,37.0,-1.995,-1302.463,250.784,-273.909,1.902,30.918,491.153,764.18,-0.146,-30.764,-49.521,-16.861,-51.523,6.0,-33.028,269.0,83.0,92.414,-43.78,0.673,1.719,1.946,59.939,175.289,0.67,2.237,87.252,1.259,55.399,0.588,temp_g5_16_0001,single-objective/run2/g7/g7_0.pdb.sc
546.0,806.3584336042404,1.4768469479931143,3.370624303817749,0.0,1.4768469479931143,151.0,90.62865126132965,0.6001897434525142,2.4274275302886963,3.1950740948418117,3.7952638382943262,46.0,14.314960956573486,0.3111948034037714,1.28828763961792,4.226157836292101,4.5373526396958725,104.94361221790314,197.0,38,39,277,270,547,run2_g7_g7_1,single-objective/run2/g7/g7_1.pdb,65.268,-0.296,129.156,5.635,26.274,1.146,1167.268,2292.152,1124.884,37.0,-1.995,-1302.463,250.784,-273.909,1.902,30.918,491.153,764.18,-0.146,-30.764,-49.521,-16.861,-51.523,6.0,-33.028,269.0,83.0,92.414,-43.78,0.673,1.719,1.946,59.939,175.289,0.67,2.237,87.252,1.259,55.399,0.588,temp_g5_16_0001,single-objective/run2/g7/g7_1.pdb.sc
549.0,812.3388271331787,1.4796699947781033,3.2207815647125244,0.0,1.4796699947781033,152.0,90.83457565307617,0.5975958924544486,2.410245656967163,3.2499688110853495,3.847564703539798,46.0,14.217574834823608,0.30907771380051324,1.28828763961792,4.22006793125816,4.529145645058674,105.05215048789978,198.0,38,39,280,270,550,run2_g7_g7_10,single-objective/run2/g7/g7_10.pdb,128.367,0.15,45.21,1.867,78.464,3.239,1282.322,2422.146,1139.824,35.0,-1.995,-1305.282,252.348,-271.211,1.965,31.679,567.771,748.646,-0.052,-29.622,-49.507,-16.642,-51.523,6.0,-34.043,269.0,83.0,92.276,-45.741,0.709,2.295,1.946,59.683,177.041,0.648,1.151,44.877,3.31,145.62,0.577,temp_g7_03_0001,single-objective/run2/g7/g7_10.pdb.sc
548.0,811.7871599197388,1.4813634305104721,3.2207815647125244,0.0,1.4813634305104721,151.0,90.48970854282379,0.5992695929988331,2.410245656967163,3.210017977171386,3.8092875701702194,46.0,14.870222806930542,0.3232657131941422,1.28828763961792,4.238952108051466,4.562217821245608,105.35993134975433,197.0,38,39,279,270,549,run2_g7_g7_11,single-objective/run2/g7/g7_11.pdb,-84.338,-0.636,48.643,1.974,81.379,3.302,1297.373,2464.252,1166.879,34.0,-1.995,-1308.117,249.303,-272.866,1.938,31.223,354.169,756.314,-0.043,-29.622,-49.521,-18.271,-51.523,5.0,-33.462,269.0,83.0,92.326,-45.53,0.644,0.59,1.946,59.223,179.539,0.667,1.202,46.887,0.048,2.099,0.588,temp_g5_00_0001,single-objective/run2/g7/g7_11.pdb.sc
554.0,819.8168061971664,1.4798137295977734,3.2207815647125244,0.0,1.4798137295977734,153.0,91.65350890159607,0.5990425418404972,2.410245656967163,3.203984939974118,3.803027481814615,47.0,15.12355899810791,0.32177785102357254,1.28828763961792,4.202147803408034,4.523925654431607,106.77706789970398,200.0,38,39,285,270,555,run2_g7_g7_12,single-objective/run2/g7/g7_12.pdb,-92.136,-0.67,48.396,1.971,81.215,3.308,1267.396,2455.4,1188.003,39.0,-1.995,-1312.779,253.31,-272.77,1.954,31.338,351.579,756.306,-0.043,-29.622,-49.521,-18.271,-51.523,5.0,-33.958,269.0,83.0,92.326,-46.507,0.69,0.525,1.946,58.596,176.866,0.663,1.169,45.579,-0.045,-1.985,0.588,temp_g1_09_0001,single-objective/run2/g7/g7_12.pdb.sc
555.0,821.7596964836121,1.480648101772274,3.2207815647125244,0.0,1.480648101772274,152.0,92.67157888412476,0.6096814400271365,2.410245656967163,3.1867300052391854,3.796411445266322,47.0,15.202558517456055,0.32345869186076714,1.28828763961792,4.199847165574419,4.523305857435186,107.87413740158081,199.0,38,39,286,270,556,run2_g7_g7_13,single-objective/run2/g7/g7_13.pdb,112.385,-0.324,130.959,5.301,162.804,6.59,1315.593,2470.301,1154.707,35.0,-1.995,-1318.97,252.497,-273.022,1.956,31.327,562.626,753.066,-0.02,-29.622,-49.521,-18.271,-51.523,6.0,-33.883,269.0,84.0,92.742,-46.593,0.697,1.614,1.946,58.099,180.937,0.646,2.159,86.372,1.118,49.201,0.588,temp_g7_16_0001,single-objective/run2/g7/g7_13.pdb.sc
547.0,809.7387789487839,1.4803268353725483,3.370624303817749,0.0,1.4803268353725483,155.0,92.34288966655731,0.5957605784939182,2.4274275302886963,3.2123117285390053,3.8080723070329237,48.0,14.939503908157349,0.3112396647532781,1.28828763961792,4.226336379845937,4.5375760445992155,107.28239357471466,203.0,38,39,278,270,548,run2_g7_g7_14,single-objective/run2/g7/g7_14.pdb,64.346,-0.294,125.654,5.349,23.478,1.0,1221.148,2348.906,1127.758,38.0,-1.995,-1304.335,251.288,-273.591,1.907,30.849,490.574,761.843,-0.163,-30.764,-49.521,-16.861,-51.523,6.0,-32.791,269.0,83.0,92.414,-44.018,0.637,1.724,1.946,62.544,175.795,0.676,2.216,86.425,1.288,56.654,0.588,temp_g7_00_0001,single-objective/run2/g7/g7_14.pdb.sc
547.0,807.4218512773514,1.4760911357904047,3.370624303817749,0.0,1.4760911357904047,150.0,89.48636591434479,0.5965757727622986,2.4274275302886963,3.21221285422643,3.8087886269887288,47.0,14.315932273864746,0.3045943036992499,1.28828763961792,4.214072785478957,4.518667089178207,103.80229818820953,197.0,38,39,278,270,548,run2_g7_g7_15,single-objective/run2/g7/g7_15.pdb,70.608,-0.279,129.114,5.633,25.59,1.116,1167.268,2292.152,1124.884,33.0,-1.995,-1300.627,254.026,-271.54,1.904,31.632,490.609,762.906,-0.149,-30.764,-49.521,-16.231,-51.523,6.0,-33.068,269.0,83.0,92.414,-43.344,0.698,1.736,1.946,60.4,172.797,0.67,2.237,87.231,1.293,56.894,0.588,temp_g7_05_0001,single-objective/run2/g7/g7_15.pdb.sc
543.0,801.938573718071,1.476866618265324,3.370624303817749,0.0,1.476866618265324,150.0,90.60369431972504,0.6040246287981669,2.4274275302886963,3.1968018778165184,3.800826506614685,46.0,14.307176113128662,0.31102556767671,1.28828763961792,4.236096667206806,4.547122234883516,104.9108704328537,196.0,38,39,274,270,544,run2_g7_g7_16,single-objective/run2/g7/g7_16.pdb,68.269,-0.273,132.768,5.812,27.698,1.212,1169.181,2284.353,1115.172,35.0,-1.995,-1297.05,247.237,-273.981,1.898,31.035,488.512,761.677,-0.111,-30.764,-49.521,-16.861,-51.523,6.0,-31.506,269.0,83.0,92.433,-42.759,0.707,1.789,1.946,61.949,176.956,0.654,2.283,89.032,1.35,59.415,0.588,temp_g7_09_0001,single-objective/run2/g7/g7_16.pdb.sc
554.0,819.8168061971664,1.4798137295977734,3.2207815647125244,0.0,1.4798137295977734,153.0,91.65350890159607,0.5990425418404972,2.410245656967163,3.203984939974118,3.803027481814615,47.0,15.12355899810791,0.32177785102357254,1.28828763961792,4.202147803408034,4.523925654431607,106.77706789970398,200.0,38,39,285,270,555,run2_g7_g7_17,single-objective/run2/g7/g7_17.pdb,-92.136,-0.67,48.396,1.971,81.215,3.308,1267.396,2455.4,1188.003,39.0,-1.995,-1312.779,253.31,-272.77,1.954,31.338,351.579,756.306,-0.043,-29.622,-49.521,-18.271,-51.523,5.0,-33.958,269.0,83.0,92.326,-46.507,0.69,0.525,1.946,58.596,176.866,0.663,1.169,45.579,-0.045,-1.985,0.588,temp_g1_09_0001,single-objective/run2/g7/g7_17.pdb.sc
554.0,819.8168061971664,1.4798137295977734,3.2207815647125244,0.0,1.4798137295977734,153.0,91.65350890159607,0.5990425418404972,2.410245656967163,3.203984939974118,3.803027481814615,47.0,15.12355899810791,0.32177785102357254,1.28828763961792,4.202147803408034,4.523925654431607,106.77706789970398,200.0,38,39,285,270,555,run2_g7_g7_18,single-objective/run2/g7/g7_18.pdb,-92.136,-0.67,48.396,1.971,81.215,3.308,1267.396,2455.4,1188.003,39.0,-1.995,-1312.779,253.31,-272.77,1.954,31.338,351.579,756.306,-0.043,-29.622,-49.521,-18.271,-51.523,5.0,-33.958,269.0,83.0,92.326,-46.507,0.69,0.525,1.946,58.596,176.866,0.663,1.169,45.579,-0.045,-1.985,0.588,temp_g1_09_0001,single-objective/run2/g7/g7_18.pdb.sc
546.0,806.3584336042404,1.4768469479931143,3.370624303817749,0.0,1.4768469479931143,151.0,90.62865126132965,0.6001897434525142,2.4274275302886963,3.1950740948418117,3.7952638382943262,46.0,14.314960956573486,0.3111948034037714,1.28828763961792,4.226157836292101,4.5373526396958725,104.94361221790314,197.0,38,39,277,270,547,run2_g7_g7_19,single-objective/run2/g7/g7_19.pdb,65.268,-0.296,129.156,5.635,26.274,1.146,1167.268,2292.152,1124.884,37.0,-1.995,-1302.463,250.784,-273.909,1.902,30.918,491.153,764.18,-0.146,-30.764,-49.521,-16.861,-51.523,6.0,-33.028,269.0,83.0,92.414,-43.78,0.673,1.719,1.946,59.939,175.289,0.67,2.237,87.252,1.259,55.399,0.588,temp_g5_16_0001,single-objective/run2/g7/g7_19.pdb.sc
554.0,819.8168061971664,1.4798137295977734,3.2207815647125244,0.0,1.4798137295977734,153.0,91.65350890159607,0.5990425418404972,2.410245656967163,3.203984939974118,3.803027481814615,47.0,15.12355899810791,0.32177785102357254,1.28828763961792,4.202147803408034,4.523925654431607,106.77706789970398,200.0,38,39,285,270,555,run2_g7_g7_2,single-objective/run2/g7/g7_2.pdb,-92.136,-0.67,48.396,1.971,81.215,3.308,1267.396,2455.4,1188.003,39.0,-1.995,-1312.779,253.31,-272.77,1.954,31.338,351.579,756.306,-0.043,-29.622,-49.521,-18.271,-51.523,5.0,-33.958,269.0,83.0,92.326,-46.507,0.69,0.525,1.946,58.596,176.866,0.663,1.169,45.579,-0.045,-1.985,0.588,temp_g1_09_0001,single-objective/run2/g7/g7_2.pdb.sc
554.0,819.8168061971664,1.4798137295977734,3.2207815647125244,0.0,1.4798137295977734,153.0,91.65350890159607,0.5990425418404972,2.410245656967163,3.203984939974118,3.803027481814615,47.0,15.12355899810791,0.32177785102357254,1.28828763961792,4.202147803408034,4.523925654431607,106.77706789970398,200.0,38,39,285,270,555,run2_g7_g7_20,single-objective/run2/g7/g7_20.pdb,-92.136,-0.67,48.396,1.971,81.215,3.308,1267.396,2455.4,1188.003,39.0,-1.995,-1312.779,253.31,-272.77,1.954,31.338,351.579,756.306,-0.043,-29.622,-49.521,-18.271,-51.523,5.0,-33.958,269.0,83.0,92.326,-46.507,0.69,0.525,1.946,58.596,176.866,0.663,1.169,45.579,-0.045,-1.985,0.588,temp_g1_09_0001,single-objective/run2/g7/g7_20.pdb.sc
548.0,811.7871599197388,1.4813634305104721,3.2207815647125244,0.0,1.4813634305104721,151.0,90.48970854282379,0.5992695929988331,2.410245656967163,3.210017977171386,3.8092875701702194,46.0,14.870222806930542,0.3232657131941422,1.28828763961792,4.238952108051466,4.562217821245608,105.35993134975433,197.0,38,39,279,270,549,run2_g7_g7_21,single-objective/run2/g7/g7_21.pdb,-84.338,-0.636,48.643,1.974,81.379,3.302,1297.373,2464.252,1166.879,34.0,-1.995,-1308.117,249.303,-272.866,1.938,31.223,354.169,756.314,-0.043,-29.622,-49.521,-18.271,-51.523,5.0,-33.462,269.0,83.0,92.326,-45.53,0.644,0.59,1.946,59.223,179.539,0.667,1.202,46.887,0.048,2.099,0.588,temp_g5_00_0001,single-objective/run2/g7/g7_21.pdb.sc
551.0,814.4804986715317,1.4781860229973351,3.2207815647125244,0.0,1.4781860229973351,154.0,93.05703783035278,0.6042664794178753,2.410245656967163,3.163838957811331,3.768105437229206,45.0,14.905822992324829,0.33124051094055174,1.28828763961792,4.267570410834418,4.59881092177497,107.96286082267761,199.0,38,39,282,270,552,run2_g7_g7_22,single-objective/run2/g7/g7_22.pdb,531.151,1.599,136.352,5.791,186.808,7.934,1189.813,2354.574,1164.761,36.0,-1.995,-1317.789,257.166,-271.193,1.93,31.839,849.883,769.488,-0.016,-29.622,-47.916,-16.945,-51.523,6.0,-32.821,269.0,83.0,92.065,-38.588,0.694,4.938,99.83,64.518,172.248,0.612,2.323,90.604,7.256,319.251,0.577,temp_g6_02_0001,single-objective/run2/g7/g7_22.pdb.sc
540.0,797.1195868253708,1.4761473830099459,3.2051174640655518,0.0,1.4761473830099459,148.0,89.76441526412964,0.6065163193522273,2.4274275302886963,3.2313819656500944,3.8378982850023218,41.0,12.948531866073608,0.31581785039203925,1.28828763961792,4.307522238754645,4.623340089146684,102.71294713020325,189.0,38,39,271,270,541,run2_g7_g7_23,single-objective/run2/g7/g7_23.pdb,-167.624,-0.671,47.492,2.033,81.279,3.48,1167.65,2335.835,1168.185,27.0,-1.995,-1285.212,245.795,-291.225,1.895,31.172,264.438,767.797,-0.05,-32.107,-49.521,-18.6,-51.523,6.0,-31.755,269.0,83.0,92.414,-45.372,0.64,0.49,1.946,58.967,174.676,0.641,1.108,43.213,-0.057,-2.526,0.588,temp_g6_18_0001,single-objective/run2/g7/g7_23.pdb.sc
554.0,819.8168061971664,1.4798137295977734,3.2207815647125244,0.0,1.4798137295977734,153.0,91.65350890159607,0.5990425418404972,2.410245656967163,3.203984939974118,3.803027481814615,47.0,15.12355899810791,0.32177785102357254,1.28828763961792,4.202147803408034,4.523925654431607,106.77706789970398,200.0,38,39,285,270,555,run2_g7_g7_24,single-objective/run2/g7/g7_24.pdb,-92.136,-0.67,48.396,1.971,81.215,3.308,1267.396,2455.4,1188.003,39.0,-1.995,-1312.779,253.31,-272.77,1.954,31.338,351.579,756.306,-0.043,-29.622,-49.521,-18.271,-51.523,5.0,-33.958,269.0,83.0,92.326,-46.507,0.69,0.525,1.946,58.596,176.866,0.663,1.169,45.579,-0.045,-1.985,0.588,temp_g1_09_0001,single-objective/run2/g7/g7_24.pdb.sc
545.0,804.8557232618332,1.4767994922235472,3.370624303817749,0.0,1.4767994922235472,150.0,90.60369431972504,0.6040246287981669,2.4274275302886963,3.1968018778165184,3.800826506614685,46.0,14.307176113128662,0.31102556767671,1.28828763961792,4.236096667206806,4.547122234883516,104.9108704328537,196.0,38,39,276,270,546,run2_g7_g7_3,single-objective/run2/g7/g7_3.pdb,64.192,-0.284,134.526,5.889,27.102,1.186,1169.181,2284.353,1115.172,33.0,-1.995,-1299.956,247.768,-274.517,1.899,31.059,488.737,764.226,-0.113,-30.764,-49.521,-16.861,-51.523,6.0,-31.765,269.0,83.0,92.414,-43.57,0.673,1.755,1.946,60.161,175.868,0.653,2.294,89.449,1.278,56.218,0.588,temp_g6_03_0001,single-objective/run2/g7/g7_3.pdb.sc
554.0,819.8168061971664,1.4798137295977734,3.2207815647125244,0.0,1.4798137295977734,153.0,91.65350890159607,0.5990425418404972,2.410245656967163,3.203984939974118,3.803027481814615,47.0,15.12355899810791,0.32177785102357254,1.28828763961792,4.202147803408034,4.523925654431607,106.77706789970398,200.0,38,39,285,270,555,run2_g7_g7_4,single-objective/run2/g7/g7_4.pdb,-92.136,-0.67,48.396,1.971,81.215,3.308,1267.396,2455.4,1188.003,39.0,-1.995,-1312.779,253.31,-272.77,1.954,31.338,351.579,756.306,-0.043,-29.622,-49.521,-18.271,-51.523,5.0,-33.958,269.0,83.0,92.326,-46.507,0.69,0.525,1.946,58.596,176.866,0.663,1.169,45.579,-0.045,-1.985,0.588,temp_g1_09_0001,single-objective/run2/g7/g7_4.pdb.sc
546.0,806.3584336042404,1.4768469479931143,3.370624303817749,0.0,1.4768469479931143,151.0,90.62865126132965,0.6001897434525142,2.4274275302886963,3.1950740948418117,3.7952638382943262,46.0,14.314960956573486,0.3111948034037714,1.28828763961792,4.226157836292101,4.5373526396958725,104.94361221790314,197.0,38,39,277,270,547,run2_g7_g7_5,single-objective/run2/g7/g7_5.pdb,65.268,-0.296,129.156,5.635,26.274,1.146,1167.268,2292.152,1124.884,37.0,-1.995,-1302.463,250.784,-273.909,1.902,30.918,491.153,764.18,-0.146,-30.764,-49.521,-16.861,-51.523,6.0,-33.028,269.0,83.0,92.414,-43.78,0.673,1.719,1.946,59.939,175.289,0.67,2.237,87.252,1.259,55.399,0.588,temp_g5_16_0001,single-objective/run2/g7/g7_5.pdb.sc
550.0,814.5395967960358,1.4809810850837013,3.370624303817749,0.0,1.4809810850837013,151.0,91.18362760543823,0.6038650834797233,2.410245656967163,3.2135462145142206,3.817411297993944,47.0,15.12355899810791,0.32177785102357254,1.28828763961792,4.202147803408034,4.523925654431607,106.30718660354614,198.0,38,39,281,270,551,run2_g7_g7_6,single-objective/run2/g7/g7_6.pdb,-97.068,-0.689,41.173,1.689,70.808,2.905,1255.125,2437.448,1182.322,39.0,-1.995,-1305.803,248.226,-271.973,1.951,30.626,343.7,750.749,-0.049,-29.622,-49.521,-16.533,-51.523,5.0,-34.125,269.0,83.0,93.123,-45.813,0.693,0.472,1.946,59.927,179.005,0.65,1.1,42.914,-0.085,-3.74,0.588,temp_g7_20_0001,single-objective/run2/g7/g7_6.pdb.sc
543.0,799.9768272638321,1.4732538255319192,3.075467348098755,0.0,1.4732538255319192,148.0,91.3165192604065,0.6170035085162601,2.870814323425293,3.156837812952093,3.7738413214683533,42.0,13.324680805206299,0.31725430488586426,1.28828763961792,4.28301219145457,4.600266496340434,104.6412000656128,190.0,38,39,274,270,544,run2_g7_g7_7,single-objective/run2/g7/g7_7.pdb,546.908,1.859,66.171,2.88,89.911,3.914,1180.914,2297.258,1116.344,36.0,-1.995,-1310.319,250.859,-284.762,1.88,31.478,858.68,767.638,-0.043,-32.107,-47.916,-15.233,-51.523,6.0,-34.518,269.0,82.0,92.353,-40.725,0.669,5.827,117.539,73.887,171.115,0.654,1.416,55.208,9.828,422.619,0.576,temp_g6_15_0001,single-objective/run2/g7/g7_7.pdb.sc
553.0,815.7263236045837,1.4750928094115439,3.370624303817749,0.0,1.4750928094115439,153.0,94.44782984256744,0.6173060774024016,2.870814323425293,3.16543451399585,3.7827405913982517,43.0,13.715868711471558,0.3189736909644548,1.28828763961792,4.238553723623586,4.557527414588041,108.163698554039,196.0,38,39,284,270,554,run2_g7_g7_8,single-objective/run2/g7/g7_8.pdb,322.611,1.158,62.323,2.665,97.189,4.155,1178.595,2338.845,1160.25,35.0,-1.995,-1319.033,254.807,-286.419,1.911,32.07,666.866,770.627,-0.039,-32.107,-47.916,-15.792,-51.523,6.0,-35.441,269.0,82.0,91.936,-41.308,0.635,3.56,99.83,61.986,173.536,0.65,1.363,53.17,5.552,238.745,0.577,temp_g2_11_0001,single-objective/run2/g7/g7_8.pdb.sc
548.0,811.3954211473465,1.4806485787360337,3.2207815647125244,0.0,1.4806485787360337,148.0,90.28106212615967,0.6100071765281059,2.410245656967163,3.1925715659115768,3.8025787424396826,44.0,14.24032473564148,0.3236437439918518,1.28828763961792,4.2300857142968615,4.553729458288713,104.52138686180115,192.0,38,39,279,270,549,run2_g7_g7_9,single-objective/run2/g7/g7_9.pdb,382.749,1.108,44.809,1.834,81.575,3.338,1296.604,2443.75,1147.146,38.0,-1.995,-1305.962,250.385,-269.246,1.924,31.316,721.436,746.362,-0.05,-29.622,-47.916,-16.642,-51.523,6.0,-33.642,269.0,83.0,91.823,-42.64,0.691,3.356,99.83,61.047,177.238,0.642,1.127,43.971,5.331,234.576,0.577,temp_g5_20_0001,single-objective/run2/g7/g7_9.pdb.sc
546.0,806.3584336042404,1.4768469479931143,3.370624303817749,0.0,1.4768469479931143,151.0,90.62865126132965,0.6001897434525142,2.4274275302886963,3.1950740948418117,3.7952638382943262,46.0,14.314960956573486,0.3111948034037714,1.28828763961792,4.226157836292101,4.5373526396958725,104.94361221790314,197.0,38,39,277,270,547,run2_g8_g8_0,single-objective/run2/g8/g8_0.pdb,65.268,-0.296,129.156,5.635,26.274,1.146,1167.268,2292.152,1124.884,37.0,-1.995,-1302.463,250.784,-273.909,1.902,30.918,491.153,764.18,-0.146,-30.764,-49.521,-16.861,-51.523,6.0,-33.028,269.0,83.0,92.414,-43.78,0.673,1.719,1.946,59.939,175.289,0.67,2.237,87.252,1.259,55.399,0.588,temp_g5_16_0001,single-objective/run2/g8/g8_0.pdb.sc
547.0,807.4218512773514,1.4760911357904047,3.370624303817749,0.0,1.4760911357904047,150.0,89.48636591434479,0.5965757727622986,2.4274275302886963,3.21221285422643,3.8087886269887288,47.0,14.315932273864746,0.3045943036992499,1.28828763961792,4.214072785478957,4.518667089178207,103.80229818820953,197.0,38,39,278,270,548,run2_g8_g8_1,single-objective/run2/g8/g8_1.pdb,70.608,-0.279,129.114,5.633,25.59,1.116,1167.268,2292.152,1124.884,33.0,-1.995,-1300.627,254.026,-271.54,1.904,31.632,490.609,762.906,-0.149,-30.764,-49.521,-16.231,-51.523,6.0,-33.068,269.0,83.0,92.414,-43.344,0.698,1.736,1.946,60.4,172.797,0.67,2.237,87.231,1.293,56.894,0.588,temp_g7_05_0001,single-objective/run2/g8/g8_1.pdb.sc
554.0,819.8168061971664,1.4798137295977734,3.2207815647125244,0.0,1.4798137295977734,153.0,91.65350890159607,0.5990425418404972,2.410245656967163,3.203984939974118,3.803027481814615,47.0,15.12355899810791,0.32177785102357254,1.28828763961792,4.202147803408034,4.523925654431607,106.77706789970398,200.0,38,39,285,270,555,run2_g8_g8_10,single-objective/run2/g8/g8_10.pdb,-92.136,-0.67,48.396,1.971,81.215,3.308,1267.396,2455.4,1188.003,39.0,-1.995,-1312.779,253.31,-272.77,1.954,31.338,351.579,756.306,-0.043,-29.622,-49.521,-18.271,-51.523,5.0,-33.958,269.0,83.0,92.326,-46.507,0.69,0.525,1.946,58.596,176.866,0.663,1.169,45.579,-0.045,-1.985,0.588,temp_g1_09_0001,single-objective/run2/g8/g8_10.pdb.sc
549.0,810.2543542385101,1.4758731406894539,3.370624303817749,0.0,1.4758731406894539,151.0,90.22254168987274,0.5975002760918725,2.4274275302886963,3.2013442255803293,3.7988445016722014,47.0,14.317005395889282,0.3046171360827507,1.28828763961792,4.213815303558999,4.5184324396417495,104.53954708576202,198.0,38,39,280,270,550,run2_g8_g8_11,single-objective/run2/g8/g8_11.pdb,71.603,-0.273,129.12,5.633,26.423,1.153,1167.268,2292.152,1124.884,37.0,-1.995,-1300.706,254.094,-271.81,1.903,31.699,490.646,762.322,-0.145,-30.764,-49.521,-15.233,-51.523,6.0,-33.067,269.0,83.0,92.414,-43.585,0.7,1.739,1.946,60.36,173.837,0.67,2.237,87.234,1.299,57.14,0.588,temp_g8_15_0001,single-objective/run2/g8/g8_11.pdb.sc
545.0,804.8557232618332,1.4767994922235472,3.370624303817749,0.0,1.4767994922235472,150.0,90.60369431972504,0.6040246287981669,2.4274275302886963,3.1968018778165184,3.800826506614685,46.0,14.307176113128662,0.31102556767671,1.28828763961792,4.236096667206806,4.547122234883516,104.9108704328537,196.0,38,39,276,270,546,run2_g8_g8_12,single-objective/run2/g8/g8_12.pdb,64.192,-0.284,134.526,5.889,27.102,1.186,1169.181,2284.353,1115.172,33.0,-1.995,-1299.956,247.768,-274.517,1.899,31.059,488.737,764.226,-0.113,-30.764,-49.521,-16.861,-51.523,6.0,-31.765,269.0,83.0,92.414,-43.57,0.673,1.755,1.946,60.161,175.868,0.653,2.294,89.449,1.278,56.218,0.588,temp_g6_03_0001,single-objective/run2/g8/g8_12.pdb.sc
547.0,809.7387789487839,1.4803268353725483,3.370624303817749,0.0,1.4803268353725483,155.0,92.34288966655731,0.5957605784939182,2.4274275302886963,3.2123117285390053,3.8080723070329237,48.0,14.939503908157349,0.3112396647532781,1.28828763961792,4.226336379845937,4.5375760445992155,107.28239357471466,203.0,38,39,278,270,548,run2_g8_g8_13,single-objective/run2/g8/g8_13.pdb,64.346,-0.294,125.654,5.349,23.478,1.0,1221.148,2348.906,1127.758,38.0,-1.995,-1304.335,251.288,-273.591,1.907,30.849,490.574,761.843,-0.163,-30.764,-49.521,-16.861,-51.523,6.0,-32.791,269.0,83.0,92.414,-44.018,0.637,1.724,1.946,62.544,175.795,0.676,2.216,86.425,1.288,56.654,0.588,temp_g7_00_0001,single-objective/run2/g8/g8_13.pdb.sc
554.0,819.8168061971664,1.4798137295977734,3.2207815647125244,0.0,1.4798137295977734,153.0,91.65350890159607,0.5990425418404972,2.410245656967163,3.203984939974118,3.803027481814615,47.0,15.12355899810791,0.32177785102357254,1.28828763961792,4.202147803408034,4.523925654431607,106.77706789970398,200.0,38,39,285,270,555,run2_g8_g8_14,single-objective/run2/g8/g8_14.pdb,-92.136,-0.67,48.396,1.971,81.215,3.308,1267.396,2455.4,1188.003,39.0,-1.995,-1312.779,253.31,-272.77,1.954,31.338,351.579,756.306,-0.043,-29.622,-49.521,-18.271,-51.523,5.0,-33.958,269.0,83.0,92.326,-46.507,0.69,0.525,1.946,58.596,176.866,0.663,1.169,45.579,-0.045,-1.985,0.588,temp_g1_09_0001,single-objective/run2/g8/g8_14.pdb.sc
548.0,811.7871599197388,1.4813634305104721,3.2207815647125244,0.0,1.4813634305104721,151.0,90.48970854282379,0.5992695929988331,2.410245656967163,3.210017977171386,3.8092875701702194,46.0,14.870222806930542,0.3232657131941422,1.28828763961792,4.238952108051466,4.562217821245608,105.35993134975433,197.0,38,39,279,270,549,run2_g8_g8_15,single-objective/run2/g8/g8_15.pdb,-84.338,-0.636,48.643,1.974,81.379,3.302,1297.373,2464.252,1166.879,34.0,-1.995,-1308.117,249.303,-272.866,1.938,31.223,354.169,756.314,-0.043,-29.622,-49.521,-18.271,-51.523,5.0,-33.462,269.0,83.0,92.326,-45.53,0.644,0.59,1.946,59.223,179.539,0.667,1.202,46.887,0.048,2.099,0.588,temp_g5_00_0001,single-objective/run2/g8/g8_15.pdb.sc
546.0,806.3584336042404,1.4768469479931143,3.370624303817749,0.0,1.4768469479931143,151.0,90.62865126132965,0.6001897434525142,2.4274275302886963,3.1950740948418117,3.7952638382943262,46.0,14.314960956573486,0.3111948034037714,1.28828763961792,4.226157836292101,4.5373526396958725,104.94361221790314,197.0,38,39,277,270,547,run2_g8_g8_16,single-objective/run2/g8/g8_16.pdb,65.268,-0.296,129.156,5.635,26.274,1.146,1167.268,2292.152,1124.884,37.0,-1.995,-1302.463,250.784,-273.909,1.902,30.918,491.153,764.18,-0.146,-30.764,-49.521,-16.861,-51.523,6.0,-33.028,269.0,83.0,92.414,-43.78,0.673,1.719,1.946,59.939,175.289,0.67,2.237,87.252,1.259,55.399,0.588,temp_g5_16_0001,single-objective/run2/g8/g8_16.pdb.sc
554.0,819.8168061971664,1.4798137295977734,3.2207815647125244,0.0,1.4798137295977734,153.0,91.65350890159607,0.5990425418404972,2.410245656967163,3.203984939974118,3.803027481814615,47.0,15.12355899810791,0.32177785102357254,1.28828763961792,4.202147803408034,4.523925654431607,106.77706789970398,200.0,38,39,285,270,555,run2_g8_g8_17,single-objective/run2/g8/g8_17.pdb,-92.136,-0.67,48.396,1.971,81.215,3.308,1267.396,2455.4,1188.003,39.0,-1.995,-1312.779,253.31,-272.77,1.954,31.338,351.579,756.306,-0.043,-29.622,-49.521,-18.271,-51.523,5.0,-33.958,269.0,83.0,92.326,-46.507,0.69,0.525,1.946,58.596,176.866,0.663,1.169,45.579,-0.045,-1.985,0.588,temp_g1_09_0001,single-objective/run2/g8/g8_17.pdb.sc
551.0,814.8853093385696,1.4789207066035748,3.2207815647125244,0.0,1.4789207066035748,154.0,90.94130635261536,0.5905279633286712,2.410245656967163,3.224346064901971,3.8148740282306424,48.0,15.048218727111816,0.3135045568148295,1.28828763961792,4.218734110395114,4.532238667209943,105.98952507972717,202.0,38,39,282,270,552,run2_g8_g8_18,single-objective/run2/g8/g8_18.pdb,-95.696,-0.686,42.943,1.777,72.02,2.98,1268.548,2417.101,1148.553,36.0,-1.995,-1310.261,252.843,-271.996,1.949,31.646,345.845,753.621,-0.046,-29.622,-49.521,-18.271,-51.523,6.0,-33.752,269.0,83.0,92.43,-46.199,0.663,0.469,1.946,59.249,177.328,0.663,1.125,43.886,-0.112,-4.928,0.588,temp_g8_17_0001,single-objective/run2/g8/g8_18.pdb.sc
543.0,801.938573718071,1.476866618265324,3.370624303817749,0.0,1.476866618265324,150.0,90.60369431972504,0.6040246287981669,2.4274275302886963,3.1968018778165184,3.800826506614685,46.0,14.307176113128662,0.31102556767671,1.28828763961792,4.236096667206806,4.547122234883516,104.9108704328537,196.0,38,39,274,270,544,run2_g8_g8_19,single-objective/run2/g8/g8_19.pdb,68.269,-0.273,132.768,5.812,27.698,1.212,1169.181,2284.353,1115.172,35.0,-1.995,-1297.05,247.237,-273.981,1.898,31.035,488.512,761.677,-0.111,-30.764,-49.521,-16.861,-51.523,6.0,-31.506,269.0,83.0,92.433,-42.759,0.707,1.789,1.946,61.949,176.956,0.654,2.283,89.032,1.35,59.415,0.588,temp_g7_09_0001,single-objective/run2/g8/g8_19.pdb.sc
546.0,806.3584336042404,1.4768469479931143,3.370624303817749,0.0,1.4768469479931143,151.0,90.62865126132965,0.6001897434525142,2.4274275302886963,3.1950740948418117,3.7952638382943262,46.0,14.314960956573486,0.3111948034037714,1.28828763961792,4.226157836292101,4.5373526396958725,104.94361221790314,197.0,38,39,277,270,547,run2_g8_g8_2,single-objective/run2/g8/g8_2.pdb,65.268,-0.296,129.156,5.635,26.274,1.146,1167.268,2292.152,1124.884,37.0,-1.995,-1302.463,250.784,-273.909,1.902,30.918,491.153,764.18,-0.146,-30.764,-49.521,-16.861,-51.523,6.0,-33.028,269.0,83.0,92.414,-43.78,0.673,1.719,1.946,59.939,175.289,0.67,2.237,87.252,1.259,55.399,0.588,temp_g5_16_0001,single-objective/run2/g8/g8_2.pdb.sc
549.0,812.3388271331787,1.4796699947781033,3.2207815647125244,0.0,1.4796699947781033,152.0,90.83457565307617,0.5975958924544486,2.410245656967163,3.2499688110853495,3.847564703539798,46.0,14.217574834823608,0.30907771380051324,1.28828763961792,4.22006793125816,4.529145645058674,105.05215048789978,198.0,38,39,280,270,550,run2_g8_g8_20,single-objective/run2/g8/g8_20.pdb,128.367,0.15,45.21,1.867,78.464,3.239,1282.322,2422.146,1139.824,35.0,-1.995,-1305.282,252.348,-271.211,1.965,31.679,567.771,748.646,-0.052,-29.622,-49.507,-16.642,-51.523,6.0,-34.043,269.0,83.0,92.276,-45.741,0.709,2.295,1.946,59.683,177.041,0.648,1.151,44.877,3.31,145.62,0.577,temp_g7_03_0001,single-objective/run2/g8/g8_20.pdb.sc
554.0,819.8168061971664,1.4798137295977734,3.2207815647125244,0.0,1.4798137295977734,153.0,91.65350890159607,0.5990425418404972,2.410245656967163,3.203984939974118,3.803027481814615,47.0,15.12355899810791,0.32177785102357254,1.28828763961792,4.202147803408034,4.523925654431607,106.77706789970398,200.0,38,39,285,270,555,run2_g8_g8_21,single-objective/run2/g8/g8_21.pdb,-92.136,-0.67,48.396,1.971,81.215,3.308,1267.396,2455.4,1188.003,39.0,-1.995,-1312.779,253.31,-272.77,1.954,31.338,351.579,756.306,-0.043,-29.622,-49.521,-18.271,-51.523,5.0,-33.958,269.0,83.0,92.326,-46.507,0.69,0.525,1.946,58.596,176.866,0.663,1.169,45.579,-0.045,-1.985,0.588,temp_g1_09_0001,single-objective/run2/g8/g8_21.pdb.sc
553.0,815.7263236045837,1.4750928094115439,3.370624303817749,0.0,1.4750928094115439,153.0,94.44782984256744,0.6173060774024016,2.870814323425293,3.16543451399585,3.7827405913982517,43.0,13.715868711471558,0.3189736909644548,1.28828763961792,4.238553723623586,4.557527414588041,108.163698554039,196.0,38,39,284,270,554,run2_g8_g8_22,single-objective/run2/g8/g8_22.pdb,322.611,1.158,62.323,2.665,97.189,4.155,1178.595,2338.845,1160.25,35.0,-1.995,-1319.033,254.807,-286.419,1.911,32.07,666.866,770.627,-0.039,-32.107,-47.916,-15.792,-51.523,6.0,-35.441,269.0,82.0,91.936,-41.308,0.635,3.56,99.83,61.986,173.536,0.65,1.363,53.17,5.552,238.745,0.577,temp_g2_11_0001,single-objective/run2/g8/g8_22.pdb.sc
544.0,805.277170419693,1.480288916212671,3.2207815647125244,0.0,1.480288916212671,145.0,86.1123937368393,0.5938785774954434,2.410245656967163,3.265583058883404,3.8594616363788474,47.0,13.700895071029663,0.2915084057665886,0.8472099304199219,4.368644080263503,4.660152486030092,99.81328880786896,192.0,38,39,275,270,545,run2_g8_g8_23,single-objective/run2/g8/g8_23.pdb,-92.937,-0.676,41.106,1.681,74.505,3.047,1223.457,2445.1,1221.643,35.0,-1.995,-1282.742,253.979,-272.949,1.916,31.536,325.46,753.995,-0.055,-29.622,-49.521,-17.64,-51.523,6.0,-32.972,269.0,83.0,92.326,-46.373,0.666,0.451,1.946,58.67,171.994,0.631,0.989,38.583,-0.027,-1.178,0.577,temp_g8_20_0001,single-objective/run2/g8/g8_23.pdb.sc
547.0,807.4218512773514,1.4760911357904047,3.370624303817749,0.0,1.4760911357904047,150.0,89.48636591434479,0.5965757727622986,2.4274275302886963,3.21221285422643,3.8087886269887288,47.0,14.315932273864746,0.3045943036992499,1.28828763961792,4.214072785478957,4.518667089178207,103.80229818820953,197.0,38,39,278,270,548,run2_g8_g8_24,single-objective/run2/g8/g8_24.pdb,70.608,-0.279,129.114,5.633,25.59,1.116,1167.268,2292.152,1124.884,33.0,-1.995,-1300.627,254.026,-271.54,1.904,31.632,490.609,762.906,-0.149,-30.764,-49.521,-16.231,-51.523,6.0,-33.068,269.0,83.0,92.414,-43.344,0.698,1.736,1.946,60.4,172.797,0.67,2.237,87.231,1.293,56.894,0.588,temp_g7_05_0001,single-objective/run2/g8/g8_24.pdb.sc
548.0,811.7871599197388,1.4813634305104721,3.2207815647125244,0.0,1.4813634305104721,151.0,90.48970854282379,0.5992695929988331,2.410245656967163,3.210017977171386,3.8092875701702194,46.0,14.870222806930542,0.3232657131941422,1.28828763961792,4.238952108051466,4.562217821245608,105.35993134975433,197.0,38,39,279,270,549,run2_g8_g8_3,single-objective/run2/g8/g8_3.pdb,-84.338,-0.636,48.643,1.974,81.379,3.302,1297.373,2464.252,1166.879,34.0,-1.995,-1308.117,249.303,-272.866,1.938,31.223,354.169,756.314,-0.043,-29.622,-49.521,-18.271,-51.523,5.0,-33.462,269.0,83.0,92.326,-45.53,0.644,0.59,1.946,59.223,179.539,0.667,1.202,46.887,0.048,2.099,0.588,temp_g5_00_0001,single-objective/run2/g8/g8_3.pdb.sc
551.0,813.381071805954,1.476190692932766,3.370624303817749,0.0,1.476190692932766,153.0,91.63865280151367,0.5989454431471481,2.4274275302886963,3.1914626040489846,3.7904080471961326,47.0,14.664548397064209,0.31201166802264274,1.28828763961792,4.187458104275643,4.499469772298285,106.30320119857788,200.0,38,39,282,270,552,run2_g8_g8_4,single-objective/run2/g8/g8_4.pdb,61.922,-0.308,131.351,5.73,26.318,1.148,1167.268,2292.152,1124.884,35.0,-1.995,-1309.919,252.381,-273.7,1.924,31.097,494.587,762.128,-0.117,-30.764,-49.521,-16.861,-51.523,6.0,-33.019,269.0,83.0,92.414,-44.229,0.708,1.709,1.946,59.593,176.797,0.665,2.265,88.345,1.216,53.525,0.588,temp_g8_00_0001,single-objective/run2/g8/g8_4.pdb.sc
550.0,814.5395967960358,1.4809810850837013,3.370624303817749,0.0,1.4809810850837013,151.0,91.18362760543823,0.6038650834797233,2.410245656967163,3.2135462145142206,3.817411297993944,47.0,15.12355899810791,0.32177785102357254,1.28828763961792,4.202147803408034,4.523925654431607,106.30718660354614,198.0,38,39,281,270,551,run2_g8_g8_5,single-objective/run2/g8/g8_5.pdb,-97.068,-0.689,41.173,1.689,70.808,2.905,1255.125,2437.448,1182.322,39.0,-1.995,-1305.803,248.226,-271.973,1.951,30.626,343.7,750.749,-0.049,-29.622,-49.521,-16.533,-51.523,5.0,-34.125,269.0,83.0,93.123,-45.813,0.693,0.472,1.946,59.927,179.005,0.65,1.1,42.914,-0.085,-3.74,0.588,temp_g7_20_0001,single-objective/run2/g8/g8_5.pdb.sc
554.0,819.8168061971664,1.4798137295977734,3.2207815647125244,0.0,1.4798137295977734,153.0,91.65350890159607,0.5990425418404972,2.410245656967163,3.203984939974118,3.803027481814615,47.0,15.12355899810791,0.32177785102357254,1.28828763961792,4.202147803408034,4.523925654431607,106.77706789970398,200.0,38,39,285,270,555,run2_g8_g8_6,single-objective/run2/g8/g8_6.pdb,-92.136,-0.67,48.396,1.971,81.215,3.308,1267.396,2455.4,1188.003,39.0,-1.995,-1312.779,253.31,-272.77,1.954,31.338,351.579,756.306,-0.043,-29.622,-49.521,-18.271,-51.523,5.0,-33.958,269.0,83.0,92.326,-46.507,0.69,0.525,1.946,58.596,176.866,0.663,1.169,45.579,-0.045,-1.985,0.588,temp_g1_09_0001,single-objective/run2/g8/g8_6.pdb.sc
545.0,806.0100167989731,1.4789174620164645,3.370624303817749,0.0,1.4789174620164645,153.0,90.73644697666168,0.5930486730500764,2.4274275302886963,3.2023802310033562,3.7954289040534324,47.0,14.79291319847107,0.31474283401002273,1.28828763961792,4.215508430562121,4.5302512645721436,105.52936017513275,200.0,38,39,276,270,546,run2_g8_g8_7,single-objective/run2/g8/g8_7.pdb,61.1,-0.312,126.091,5.495,22.565,0.983,1168.976,2294.598,1125.622,35.0,-1.995,-1299.01,250.203,-274.178,1.895,30.81,488.413,762.442,-0.169,-30.764,-49.521,-16.861,-51.523,6.0,-33.684,269.0,83.0,92.414,-44.113,0.7,1.664,1.946,60.192,173.848,0.686,2.198,85.72,1.19,52.364,0.588,temp_g8_19_0001,single-objective/run2/g8/g8_7.pdb.sc
546.0,806.3584336042404,1.4768469479931143,3.370624303817749,0.0,1.4768469479931143,151.0,90.62865126132965,0.6001897434525142,2.4274275302886963,3.1950740948418117,3.7952638382943262,46.0,14.314960956573486,0.3111948034037714,1.28828763961792,4.226157836292101,4.5373526396958725,104.94361221790314,197.0,38,39,277,270,547,run2_g8_g8_8,single-objective/run2/g8/g8_8.pdb,65.268,-0.296,129.156,5.635,26.274,1.146,1167.268,2292.152,1124.884,37.0,-1.995,-1302.463,250.784,-273.909,1.902,30.918,491.153,764.18,-0.146,-30.764,-49.521,-16.861,-51.523,6.0,-33.028,269.0,83.0,92.414,-43.78,0.673,1.719,1.946,59.939,175.289,0.67,2.237,87.252,1.259,55.399,0.588,temp_g5_16_0001,single-objective/run2/g8/g8_8.pdb.sc
550.0,815.3259006738663,1.4824107284979386,3.2207815647125244,0.0,1.4824107284979386,152.0,91.86151325702667,0.6043520609014913,2.410245656967163,3.2070936521417215,3.811445713043213,48.0,15.086615800857544,0.31430449585119885,1.28828763961792,4.220318461457889,4.534622957309087,106.94812905788422,200.0,38,39,281,270,551,run2_g8_g8_9,single-objective/run2/g8/g8_9.pdb,164.586,-0.12,179.919,7.089,214.345,8.445,1376.459,2538.041,1161.581,36.0,-1.995,-1317.43,246.646,-272.536,1.993,32.163,616.111,746.619,-0.016,-29.622,-49.521,-19.156,-51.523,6.0,-32.469,269.0,84.0,92.742,-46.228,0.69,2.247,1.946,58.404,187.854,0.633,2.774,110.962,1.767,77.759,0.588,temp_g8_13_0001,single-objective/run2/g8/g8_9.pdb.sc
546.0,806.3584336042404,1.4768469479931143,3.370624303817749,0.0,1.4768469479931143,151.0,90.62865126132965,0.6001897434525142,2.4274275302886963,3.1950740948418117,3.7952638382943262,46.0,14.314960956573486,0.3111948034037714,1.28828763961792,4.226157836292101,4.5373526396958725,104.94361221790314,197.0,38,39,277,270,547,run2_g9_g9_0,single-objective/run2/g9/g9_0.pdb,65.268,-0.296,129.156,5.635,26.274,1.146,1167.268,2292.152,1124.884,37.0,-1.995,-1302.463,250.784,-273.909,1.902,30.918,491.153,764.18,-0.146,-30.764,-49.521,-16.861,-51.523,6.0,-33.028,269.0,83.0,92.414,-43.78,0.673,1.719,1.946,59.939,175.289,0.67,2.237,87.252,1.259,55.399,0.588,temp_g5_16_0001,single-objective/run2/g9/g9_0.pdb.sc
546.0,806.3584336042404,1.4768469479931143,3.370624303817749,0.0,1.4768469479931143,151.0,90.62865126132965,0.6001897434525142,2.4274275302886963,3.1950740948418117,3.7952638382943262,46.0,14.314960956573486,0.3111948034037714,1.28828763961792,4.226157836292101,4.5373526396958725,104.94361221790314,197.0,38,39,277,270,547,run2_g9_g9_1,single-objective/run2/g9/g9_1.pdb,65.268,-0.296,129.156,5.635,26.274,1.146,1167.268,2292.152,1124.884,37.0,-1.995,-1302.463,250.784,-273.909,1.902,30.918,491.153,764.18,-0.146,-30.764,-49.521,-16.861,-51.523,6.0,-33.028,269.0,83.0,92.414,-43.78,0.673,1.719,1.946,59.939,175.289,0.67,2.237,87.252,1.259,55.399,0.588,temp_g5_16_0001,single-objective/run2/g9/g9_1.pdb.sc
549.0,812.7536978721619,1.4804256791842656,3.370624303817749,0.0,1.4804256791842656,149.0,92.87656426429749,0.6233326460691107,2.4274275302886963,3.1981814451665684,3.821514091235679,48.0,15.432172775268555,0.32150359948476154,1.28828763961792,4.229750211040179,4.5512538105249405,108.30873703956604,197.0,38,39,280,270,550,run2_g9_g9_10,single-objective/run2/g9/g9_10.pdb,-94.246,-0.685,42.12,1.733,76.997,3.168,1299.8,2430.363,1130.562,37.0,-1.995,-1303.306,249.669,-271.724,1.941,30.339,349.708,746.696,-0.045,-29.622,-49.521,-16.533,-51.523,5.0,-33.663,269.0,83.0,92.326,-46.586,0.635,0.462,1.946,58.441,178.572,0.658,1.101,42.933,-0.105,-4.615,0.588,temp_g9_05_0001,single-objective/run2/g9/g9_10.pdb.sc
548.0,811.7871599197388,1.4813634305104721,3.2207815647125244,0.0,1.4813634305104721,151.0,90.48970854282379,0.5992695929988331,2.410245656967163,3.210017977171386,3.8092875701702194,46.0,14.870222806930542,0.3232657131941422,1.28828763961792,4.238952108051466,4.562217821245608,105.35993134975433,197.0,38,39,279,270,549,run2_g9_g9_11,single-objective/run2/g9/g9_11.pdb,-84.338,-0.636,48.643,1.974,81.379,3.302,1297.373,2464.252,1166.879,34.0,-1.995,-1308.117,249.303,-272.866,1.938,31.223,354.169,756.314,-0.043,-29.622,-49.521,-18.271,-51.523,5.0,-33.462,269.0,83.0,92.326,-45.53,0.644,0.59,1.946,59.223,179.539,0.667,1.202,46.887,0.048,2.099,0.588,temp_g5_00_0001,single-objective/run2/g9/g9_11.pdb.sc
550.0,814.5395967960358,1.4809810850837013,3.370624303817749,0.0,1.4809810850837013,151.0,91.18362760543823,0.6038650834797233,2.410245656967163,3.2135462145142206,3.817411297993944,47.0,15.12355899810791,0.32177785102357254,1.28828763961792,4.202147803408034,4.523925654431607,106.30718660354614,198.0,38,39,281,270,551,run2_g9_g9_12,single-objective/run2/g9/g9_12.pdb,-97.068,-0.689,41.173,1.689,70.808,2.905,1255.125,2437.448,1182.322,39.0,-1.995,-1305.803,248.226,-271.973,1.951,30.626,343.7,750.749,-0.049,-29.622,-49.521,-16.533,-51.523,5.0,-34.125,269.0,83.0,93.123,-45.813,0.693,0.472,1.946,59.927,179.005,0.65,1.1,42.914,-0.085,-3.74,0.588,temp_g7_20_0001,single-objective/run2/g9/g9_12.pdb.sc
552.0,815.961207151413,1.4781905926656032,3.2207815647125244,0.0,1.4781905926656032,155.0,90.60485410690308,0.5845474458509876,2.410245656967163,3.220054260376961,3.8046017062279485,47.0,14.706535577774048,0.31290501229306483,1.28828763961792,4.223733181649066,4.536638193942131,105.31138968467712,202.0,38,39,283,270,553,run2_g9_g9_13,single-objective/run2/g9/g9_13.pdb,75.882,-0.304,77.456,3.202,113.197,4.679,1267.104,2419.369,1152.264,38.0,-1.995,-1313.08,253.263,-273.658,1.939,31.674,510.733,756.116,-0.036,-29.622,-49.521,-18.271,-51.523,6.0,-33.563,269.0,83.0,92.522,-42.306,0.711,1.689,1.946,64.275,176.364,0.669,1.67,65.141,1.705,75.014,0.588,temp_g9_18_0001,single-objective/run2/g9/g9_13.pdb.sc
546.0,806.3584336042404,1.4768469479931143,3.370624303817749,0.0,1.4768469479931143,151.0,90.62865126132965,0.6001897434525142,2.4274275302886963,3.1950740948418117,3.7952638382943262,46.0,14.314960956573486,0.3111948034037714,1.28828763961792,4.226157836292101,4.5373526396958725,104.94361221790314,197.0,38,39,277,270,547,run2_g9_g9_14,single-objective/run2/g9/g9_14.pdb,65.268,-0.296,129.156,5.635,26.274,1.146,1167.268,2292.152,1124.884,37.0,-1.995,-1302.463,250.784,-273.909,1.902,30.918,491.153,764.18,-0.146,-30.764,-49.521,-16.861,-51.523,6.0,-33.028,269.0,83.0,92.414,-43.78,0.673,1.719,1.946,59.939,175.289,0.67,2.237,87.252,1.259,55.399,0.588,temp_g5_16_0001,single-objective/run2/g9/g9_14.pdb.sc
554.0,819.8168061971664,1.4798137295977734,3.2207815647125244,0.0,1.4798137295977734,153.0,91.65350890159607,0.5990425418404972,2.410245656967163,3.203984939974118,3.803027481814615,47.0,15.12355899810791,0.32177785102357254,1.28828763961792,4.202147803408034,4.523925654431607,106.77706789970398,200.0,38,39,285,270,555,run2_g9_g9_15,single-objective/run2/g9/g9_15.pdb,-92.136,-0.67,48.396,1.971,81.215,3.308,1267.396,2455.4,1188.003,39.0,-1.995,-1312.779,253.31,-272.77,1.954,31.338,351.579,756.306,-0.043,-29.622,-49.521,-18.271,-51.523,5.0,-33.958,269.0,83.0,92.326,-46.507,0.69,0.525,1.946,58.596,176.866,0.663,1.169,45.579,-0.045,-1.985,0.588,temp_g1_09_0001,single-objective/run2/g9/g9_15.pdb.sc
544.0,805.277170419693,1.480288916212671,3.2207815647125244,0.0,1.480288916212671,145.0,86.1123937368393,0.5938785774954434,2.410245656967163,3.265583058883404,3.8594616363788474,47.0,13.700895071029663,0.2915084057665886,0.8472099304199219,4.368644080263503,4.660152486030092,99.81328880786896,192.0,38,39,275,270,545,run2_g9_g9_16,single-objective/run2/g9/g9_16.pdb,-92.937,-0.676,41.106,1.681,74.505,3.047,1223.457,2445.1,1221.643,35.0,-1.995,-1282.742,253.979,-272.949,1.916,31.536,325.46,753.995,-0.055,-29.622,-49.521,-17.64,-51.523,6.0,-32.972,269.0,83.0,92.326,-46.373,0.666,0.451,1.946,58.67,171.994,0.631,0.989,38.583,-0.027,-1.178,0.577,temp_g8_20_0001,single-objective/run2/g9/g9_16.pdb.sc
551.0,813.381071805954,1.476190692932766,3.370624303817749,0.0,1.476190692932766,153.0,91.63865280151367,0.5989454431471481,2.4274275302886963,3.1914626040489846,3.7904080471961326,47.0,14.664548397064209,0.31201166802264274,1.28828763961792,4.187458104275643,4.499469772298285,106.30320119857788,200.0,38,39,282,270,552,run2_g9_g9_17,single-objective/run2/g9/g9_17.pdb,61.922,-0.308,131.351,5.73,26.318,1.148,1167.268,2292.152,1124.884,35.0,-1.995,-1309.919,252.381,-273.7,1.924,31.097,494.587,762.128,-0.117,-30.764,-49.521,-16.861,-51.523,6.0,-33.019,269.0,83.0,92.414,-44.229,0.708,1.709,1.946,59.593,176.797,0.665,2.265,88.345,1.216,53.525,0.588,temp_g8_00_0001,single-objective/run2/g9/g9_17.pdb.sc
547.0,807.4218512773514,1.4760911357904047,3.370624303817749,0.0,1.4760911357904047,150.0,89.48636591434479,0.5965757727622986,2.4274275302886963,3.21221285422643,3.8087886269887288,47.0,14.315932273864746,0.3045943036992499,1.28828763961792,4.214072785478957,4.518667089178207,103.80229818820953,197.0,38,39,278,270,548,run2_g9_g9_18,single-objective/run2/g9/g9_18.pdb,70.608,-0.279,129.114,5.633,25.59,1.116,1167.268,2292.152,1124.884,33.0,-1.995,-1300.627,254.026,-271.54,1.904,31.632,490.609,762.906,-0.149,-30.764,-49.521,-16.231,-51.523,6.0,-33.068,269.0,83.0,92.414,-43.344,0.698,1.736,1.946,60.4,172.797,0.67,2.237,87.231,1.293,56.894,0.588,temp_g7_05_0001,single-objective/run2/g9/g9_18.pdb.sc
548.0,811.7871599197388,1.4813634305104721,3.2207815647125244,0.0,1.4813634305104721,151.0,90.48970854282379,0.5992695929988331,2.410245656967163,3.210017977171386,3.8092875701702194,46.0,14.870222806930542,0.3232657131941422,1.28828763961792,4.238952108051466,4.562217821245608,105.35993134975433,197.0,38,39,279,270,549,run2_g9_g9_19,single-objective/run2/g9/g9_19.pdb,-84.338,-0.636,48.643,1.974,81.379,3.302,1297.373,2464.252,1166.879,34.0,-1.995,-1308.117,249.303,-272.866,1.938,31.223,354.169,756.314,-0.043,-29.622,-49.521,-18.271,-51.523,5.0,-33.462,269.0,83.0,92.326,-45.53,0.644,0.59,1.946,59.223,179.539,0.667,1.202,46.887,0.048,2.099,0.588,temp_g5_00_0001,single-objective/run2/g9/g9_19.pdb.sc
545.0,804.8557232618332,1.4767994922235472,3.370624303817749,0.0,1.4767994922235472,150.0,90.60369431972504,0.6040246287981669,2.4274275302886963,3.1968018778165184,3.800826506614685,46.0,14.307176113128662,0.31102556767671,1.28828763961792,4.236096667206806,4.547122234883516,104.9108704328537,196.0,38,39,276,270,546,run2_g9_g9_2,single-objective/run2/g9/g9_2.pdb,64.192,-0.284,134.526,5.889,27.102,1.186,1169.181,2284.353,1115.172,33.0,-1.995,-1299.956,247.768,-274.517,1.899,31.059,488.737,764.226,-0.113,-30.764,-49.521,-16.861,-51.523,6.0,-31.765,269.0,83.0,92.414,-43.57,0.673,1.755,1.946,60.161,175.868,0.653,2.294,89.449,1.278,56.218,0.588,temp_g6_03_0001,single-objective/run2/g9/g9_2.pdb.sc
551.0,814.8853093385696,1.4789207066035748,3.2207815647125244,0.0,1.4789207066035748,154.0,90.94130635261536,0.5905279633286712,2.410245656967163,3.224346064901971,3.8148740282306424,48.0,15.048218727111816,0.3135045568148295,1.28828763961792,4.218734110395114,4.532238667209943,105.98952507972717,202.0,38,39,282,270,552,run2_g9_g9_20,single-objective/run2/g9/g9_20.pdb,-95.696,-0.686,42.943,1.777,72.02,2.98,1268.548,2417.101,1148.553,36.0,-1.995,-1310.261,252.843,-271.996,1.949,31.646,345.845,753.621,-0.046,-29.622,-49.521,-18.271,-51.523,6.0,-33.752,269.0,83.0,92.43,-46.199,0.663,0.469,1.946,59.249,177.328,0.663,1.125,43.886,-0.112,-4.928,0.588,temp_g8_17_0001,single-objective/run2/g9/g9_20.pdb.sc
554.0,819.8168061971664,1.4798137295977734,3.2207815647125244,0.0,1.4798137295977734,153.0,91.65350890159607,0.5990425418404972,2.410245656967163,3.203984939974118,3.803027481814615,47.0,15.12355899810791,0.32177785102357254,1.28828763961792,4.202147803408034,4.523925654431607,106.77706789970398,200.0,38,39,285,270,555,run2_g9_g9_21,single-objective/run2/g9/g9_21.pdb,-92.136,-0.67,48.396,1.971,81.215,3.308,1267.396,2455.4,1188.003,39.0,-1.995,-1312.779,253.31,-272.77,1.954,31.338,351.579,756.306,-0.043,-29.622,-49.521,-18.271,-51.523,5.0,-33.958,269.0,83.0,92.326,-46.507,0.69,0.525,1.946,58.596,176.866,0.663,1.169,45.579,-0.045,-1.985,0.588,temp_g1_09_0001,single-objective/run2/g9/g9_21.pdb.sc
546.0,806.3584336042404,1.4768469479931143,3.370624303817749,0.0,1.4768469479931143,151.0,90.62865126132965,0.6001897434525142,2.4274275302886963,3.1950740948418117,3.7952638382943262,46.0,14.314960956573486,0.3111948034037714,1.28828763961792,4.226157836292101,4.5373526396958725,104.94361221790314,197.0,38,39,277,270,547,run2_g9_g9_22,single-objective/run2/g9/g9_22.pdb,65.268,-0.296,129.156,5.635,26.274,1.146,1167.268,2292.152,1124.884,37.0,-1.995,-1302.463,250.784,-273.909,1.902,30.918,491.153,764.18,-0.146,-30.764,-49.521,-16.861,-51.523,6.0,-33.028,269.0,83.0,92.414,-43.78,0.673,1.719,1.946,59.939,175.289,0.67,2.237,87.252,1.259,55.399,0.588,temp_g5_16_0001,single-objective/run2/g9/g9_22.pdb.sc
544.0,803.9405646324158,1.477831920280176,3.2207815647125244,0.0,1.477831920280176,146.0,88.97164368629456,0.6093948197691408,2.4274275302886963,3.250251691635341,3.8596465114044816,46.0,13.37107539176941,0.2906755519949872,1.28828763961792,4.256106827570044,4.546782379565031,102.34271907806396,192.0,38,39,275,270,545,run2_g9_g9_23,single-objective/run2/g9/g9_23.pdb,55.069,0.153,43.908,1.87,82.158,3.498,1262.806,2348.653,1085.847,33.0,-1.995,-1292.438,251.411,-276.025,1.948,30.917,495.758,738.245,-0.05,-31.491,-49.507,-16.642,-51.523,6.0,-32.693,269.0,83.0,92.276,-45.164,0.708,2.3,1.946,59.11,180.36,0.645,1.116,43.534,3.349,147.335,0.577,temp_g9_20_0001,single-objective/run2/g9/g9_23.pdb.sc
547.0,808.0893312692642,1.4773113917171192,3.370624303817749,0.0,1.4773113917171192,151.0,90.59318041801453,0.5999548372053942,2.4274275302886963,3.1886063648375456,3.78856120204294,47.0,14.379173755645752,0.305939867141399,1.28828763961792,4.170487535760758,4.476427402902157,104.97235417366028,198.0,38,39,278,270,548,run2_g9_g9_24,single-objective/run2/g9/g9_24.pdb,349.455,0.758,178.321,7.808,73.333,3.211,1190.588,2283.814,1093.226,35.0,-1.995,-1303.282,252.933,-269.733,1.9,31.581,611.191,760.759,-0.052,-30.764,-49.521,-16.231,-50.988,6.0,-32.951,269.0,83.0,92.673,-40.408,0.69,4.157,156.168,67.533,170.002,0.68,2.868,111.836,5.3,233.202,0.588,temp_g9_24_0001,single-objective/run2/g9/g9_24.pdb.sc
554.0,819.8168061971664,1.4798137295977734,3.2207815647125244,0.0,1.4798137295977734,153.0,91.65350890159607,0.5990425418404972,2.410245656967163,3.203984939974118,3.803027481814615,47.0,15.12355899810791,0.32177785102357254,1.28828763961792,4.202147803408034,4.523925654431607,106.77706789970398,200.0,38,39,285,270,555,run2_g9_g9_3,single-objective/run2/g9/g9_3.pdb,-92.136,-0.67,48.396,1.971,81.215,3.308,1267.396,2455.4,1188.003,39.0,-1.995,-1312.779,253.31,-272.77,1.954,31.338,351.579,756.306,-0.043,-29.622,-49.521,-18.271,-51.523,5.0,-33.958,269.0,83.0,92.326,-46.507,0.69,0.525,1.946,58.596,176.866,0.663,1.169,45.579,-0.045,-1.985,0.588,temp_g1_09_0001,single-objective/run2/g9/g9_3.pdb.sc
544.0,803.001991391182,1.4761066018220257,3.370624303817749,0.0,1.4761066018220257,149.0,89.46140897274017,0.6004121407566455,2.4274275302886963,3.2140672582907963,3.8144793990474417,47.0,14.308147430419922,0.30442866873233876,1.28828763961792,4.223800151906115,4.5282288206384536,103.7695564031601,196.0,38,39,275,270,545,run2_g9_g9_4,single-objective/run2/g9/g9_4.pdb,73.608,-0.252,134.519,5.889,29.061,1.272,1169.181,2284.353,1115.172,31.0,-1.995,-1295.214,250.48,-271.612,1.899,31.749,487.968,760.403,-0.106,-30.764,-49.521,-16.231,-51.523,6.0,-31.547,269.0,83.0,92.433,-42.322,0.723,1.82,1.946,62.409,174.464,0.653,2.293,89.446,1.4,61.585,0.588,temp_g9_19_0001,single-objective/run2/g9/g9_4.pdb.sc
546.0,807.0259135961533,1.4780694388207936,3.370624303817749,0.0,1.4780694388207936,152.0,91.73546576499939,0.6035228010855223,2.4274275302886963,3.1717356663001213,3.7752584673856435,46.0,14.378202438354492,0.31256961822509766,1.28828763961792,4.181625081145245,4.494194699370342,106.11366820335388,198.0,38,39,277,270,547,run2_g9_g9_5,single-objective/run2/g9/g9_5.pdb,344.116,0.747,180.268,7.893,75.498,3.306,1190.588,2283.814,1093.226,33.0,-1.995,-1305.118,249.691,-272.102,1.898,30.867,611.736,762.033,-0.051,-30.764,-49.521,-16.861,-50.988,6.0,-32.911,269.0,83.0,92.673,-40.844,0.686,4.158,156.168,67.073,172.494,0.68,2.898,113.028,5.275,232.098,0.588,temp_g9_00_0001,single-objective/run2/g9/g9_5.pdb.sc
547.0,809.7387789487839,1.4803268353725483,3.370624303817749,0.0,1.4803268353725483,155.0,92.34288966655731,0.5957605784939182,2.4274275302886963,3.2123117285390053,3.8080723070329237,48.0,14.939503908157349,0.3112396647532781,1.28828763961792,4.226336379845937,4.5375760445992155,107.28239357471466,203.0,38,39,278,270,548,run2_g9_g9_6,single-objective/run2/g9/g9_6.pdb,64.346,-0.294,125.654,5.349,23.478,1.0,1221.148,2348.906,1127.758,38.0,-1.995,-1304.335,251.288,-273.591,1.907,30.849,490.574,761.843,-0.163,-30.764,-49.521,-16.861,-51.523,6.0,-32.791,269.0,83.0,92.414,-44.018,0.637,1.724,1.946,62.544,175.795,0.676,2.216,86.425,1.288,56.654,0.588,temp_g7_00_0001,single-objective/run2/g9/g9_6.pdb.sc
546.0,806.3584336042404,1.4768469479931143,3.370624303817749,0.0,1.4768469479931143,151.0,90.62865126132965,0.6001897434525142,2.4274275302886963,3.1950740948418117,3.7952638382943262,46.0,14.314960956573486,0.3111948034037714,1.28828763961792,4.226157836292101,4.5373526396958725,104.94361221790314,197.0,38,39,277,270,547,run2_g9_g9_7,single-objective/run2/g9/g9_7.pdb,65.268,-0.296,129.156,5.635,26.274,1.146,1167.268,2292.152,1124.884,37.0,-1.995,-1302.463,250.784,-273.909,1.902,30.918,491.153,764.18,-0.146,-30.764,-49.521,-16.861,-51.523,6.0,-33.028,269.0,83.0,92.414,-43.78,0.673,1.719,1.946,59.939,175.289,0.67,2.237,87.252,1.259,55.399,0.588,temp_g5_16_0001,single-objective/run2/g9/g9_7.pdb.sc
546.0,806.3584336042404,1.4768469479931143,3.370624303817749,0.0,1.4768469479931143,151.0,90.62865126132965,0.6001897434525142,2.4274275302886963,3.1950740948418117,3.7952638382943262,46.0,14.314960956573486,0.3111948034037714,1.28828763961792,4.226157836292101,4.5373526396958725,104.94361221790314,197.0,38,39,277,270,547,run2_g9_g9_8,single-objective/run2/g9/g9_8.pdb,65.268,-0.296,129.156,5.635,26.274,1.146,1167.268,2292.152,1124.884,37.0,-1.995,-1302.463,250.784,-273.909,1.902,30.918,491.153,764.18,-0.146,-30.764,-49.521,-16.861,-51.523,6.0,-33.028,269.0,83.0,92.414,-43.78,0.673,1.719,1.946,59.939,175.289,0.67,2.237,87.252,1.259,55.399,0.588,temp_g5_16_0001,single-objective/run2/g9/g9_8.pdb.sc
549.0,811.6414974927902,1.4783998132837708,3.370624303817749,0.0,1.4783998132837708,154.0,91.5948498249054,0.5947717521097753,2.4274275302886963,3.1901711860260407,3.7849429381358157,47.0,15.08815598487854,0.32102459542294765,1.28828763961792,4.163583562729206,4.484608158152154,106.68300580978394,201.0,38,39,280,270,550,run2_g9_g9_9,single-objective/run2/g9/g9_9.pdb,55.744,-0.329,126.087,5.48,22.587,0.982,1181.539,2301.022,1119.483,37.0,-1.995,-1305.663,250.78,-273.293,1.917,30.958,492.625,756.399,-0.169,-30.764,-49.521,-16.861,-51.523,6.0,-33.246,269.0,83.0,92.414,-44.732,0.712,1.638,1.946,58.748,176.97,0.688,2.215,86.398,1.127,49.593,0.588,temp_g9_04_0001,single-objective/run2/g9/g9_9.pdb.sc
