generation,fitness,sequence,run,file,score,ll,pareto
0,"4.709,0.0",GYSYNTSVSGGSYNMDYLNRTSYECFNGSNFYSGVGPT,12,protein01.pdb,4.709,0.0,False
0,"0.693,0.4654121398925781",GYSYNTSVSGGSYNMDYLNRTSYGCFNGSNFSSGVGPT,6,run6/g0/g0_08.pdb,0.693,0.4654121398925781,False
0,"1.389,0.1121673583984375",GYSYNTSVSGGSYNMDYLNRTSYECFNGSNFSSGVGPT,6,run6/g0/g0_09.pdb,1.389,0.1121673583984375,False
0,"1.253,0.4776611328125",GYSYNTSVSGGSYNMDYLNRTSYGCFNGSNFYSGVGPT,6,run6/g0/g0_10.pdb,1.253,0.4776611328125,False
0,"0.656,0.06650543212890625",GYSYNTSVSGGSYNMDYLNRTSYECFNGSNSSSGVGPT,16,run16/g0/g0_01.pdb,0.656,0.0665054321289062,False
0,"0.077,0.3649101257324219",GYSYNTSVSGGSYNMDYLNRTSYGCFNGSNSSSGVGPT,4,run4/g0/g0_16.pdb,0.077,0.3649101257324219,False
0,"3.465,-0.6652908325195312",GYSYNTSVSGGSMNMDYLNRTSYECFNGSNFYSGVGPT,9,run9/g0/g0_10.pdb,3.465,-0.6652908325195312,False
0,"-0.574,0.11661911010742188",GYSYNTSVSGGSMNMDYLNRTSYGCFNGSNFSSGVGPT,13,run13/g0/g0_01.pdb,-0.574,0.1166191101074218,False
0,"-0.003,-0.5773715972900391",GYSYNTSVSGGSMNMDYLNRTSYECFNGSNFSSGVGPT,10,run10/g0/g0_01.pdb,-0.003,-0.5773715972900391,False
0,"1.876,0.33959388732910156",GYSYNTSVSGGSYNMDYLNRTSYECFNGSNSYSGVGPT,10,run10/g0/g0_11.pdb,1.876,0.3395938873291015,False
1,"-0.285,-0.00440216064453125",GYSYNTSVSGGSYNMDYLNRTSYGCFNGSNSYSGVGPT,9,run9/g1/g1_20.pdb,-0.285,-0.0044021606445312,False
1,"-1.122,-0.5075321197509766",GYSYNTSVSGGSMNMDYLNRTGYECFNGSNFSSGVGPT,9,run9/g1/g1_13.pdb,-1.122,-0.5075321197509766,False
1,"-1.151,-0.41210174560546875",GYSYNTSVSGSSYNMDYLNRSSYECFNGSNFSSGVGPT,9,run9/g1/g1_10.pdb,-1.151,-0.4121017456054687,False
1,"-0.544,-0.015705108642578125",GYSYNTSVSGGSYNMDYLNRTSYYCFNGSNSYSGVGPT,10,run10/g1/g1_1.pdb,-0.544,-0.0157051086425781,False
1,"0.537,-0.40368080139160156",GYSYNTSVSGGSYNMDYLNRSSYECFNGSNFSSGVGPT,5,run5/g1/g1_22.pdb,0.537,-0.4036808013916015,False
1,"-0.216,-0.5591335296630859",GYSYNTSVSGGSYNMDYLGRTSYGCFNGSNFYSGVGPT,6,run6/g1/g1_23.pdb,-0.216,-0.5591335296630859,False
1,"-0.309,-0.3837776184082031",GYSYNTSVSGGSMNMDYLNRTSYGCFNGSNFYSGVGPT,5,run5/g1/g1_16.pdb,-0.309,-0.3837776184082031,False
1,"-1.353,-0.2056255340576172",GYSYNTSVSGSSMNMDYLNRTSYGCFNGSNFSSGVGPT,6,run6/g1/g1_9.pdb,-1.353,-0.2056255340576172,False
1,"0.036,0.2613487243652344",GYSYNTSVSGGSYNMDYLNRTGYECFNGSNFSSGVGPT,12,run12/g1/g1_24.pdb,0.036,0.2613487243652344,False
1,"0.618,0.154693603515625",GYSYNTSVSGGSYNMDYLNRTSYYCFNGSNFSSGVGPT,4,run4/g1/g1_19.pdb,0.618,0.154693603515625,False
1,"-1.413,-0.2971382141113281",GYSYNTSVSGSSMNMDYLNRTSYGCFNGSNSSSGVGPT,4,run4/g1/g1_23.pdb,-1.413,-0.2971382141113281,False
1,"-0.283,0.06772041320800781",GYSYNTSVSGSSYNMDYLNRTSYECFNGSNFSSGVGPT,1,run1/g1/g1_6.pdb,-0.283,0.0677204132080078,False
1,"-1.039,0.15171432495117188",GYSYNTSVSGSSYNMDYLNRTSYGCFNGSNFSSGVGPT,1,run1/g1/g1_16.pdb,-1.039,0.1517143249511718,False
1,"-1.206,-0.41817474365234375",GYSYNTSVSGGSMNMDYLNRTSYGCFNGSNSSSGVGPT,11,run11/g1/g1_4.pdb,-1.206,-0.4181747436523437,False
1,"-1.674,-0.648345947265625",GYSYNTSVSGGSMNMDYLNRTGYECFNGSNSSSGVGPT,16,run16/g1/g1_22.pdb,-1.674,-0.648345947265625,False
1,"0.336,-0.1035919189453125",GYSYNTSVSGGSYNMDYLNRSGYECFNGSNFSSGVGPT,13,run13/g1/g1_8.pdb,0.336,-0.1035919189453125,False
1,"-0.863,-0.8990669250488281",GYSYNTSVSGGSMNMDYLNRSSYECFNGSNFSSGVGPT,13,run13/g1/g1_20.pdb,-0.863,-0.8990669250488281,False
1,"-0.288,-0.7587032318115234",GYSYNTSVSGGSMNMDYLNRTSYECFNSSNFSSGVGPT,13,run13/g1/g1_15.pdb,-0.288,-0.7587032318115234,False
1,"-0.212,-0.6712265014648438",GYSYNTSVSGSSMNMDYLNRTSYECFNGSNFSSGVGPT,13,run13/g1/g1_22.pdb,-0.212,-0.6712265014648438,False
1,"-0.178,-0.8492355346679688",GYSYNTSVSGGSMNMDYLNRTSYECFNGSNSSSGVGPT,12,run12/g1/g1_21.pdb,-0.178,-0.8492355346679688,False
1,"-0.426,-0.8672695159912109",GYSYNTSVSGGSYNMDYLSRSSYECFNGSNFSSGVGPT,10,run10/g1/g1_12.pdb,-0.426,-0.8672695159912109,False
2,"-1.034,-0.7060184478759766",GYSYNTSVSGGSMNMDYLNRSGYECFNGSNFSSGVGPT,13,run13/g2/g2_24.pdb,-1.034,-0.7060184478759766,False
2,"-1.45,-0.32695579528808594",GYSYNTSVSGSSMNMDYLNRSSYGCFNGSNSSSGVGPT,11,run11/g2/g2_17.pdb,-1.45,-0.3269557952880859,False
2,"-1.552,-0.27712059020996094",GYSYNTSVSGGSMNMDYLNRTSYGCFNGSNSYSGVGPT,9,run9/g2/g2_19.pdb,-1.552,-0.2771205902099609,False
2,"-1.422,-0.3228759765625",GYSYNTSVSGGSMNMDYLNRTSYYCFNGSNFSSGVGPT,9,run9/g2/g2_12.pdb,-1.422,-0.3228759765625,False
2,"-1.269,0.0164337158203125",GYSYNTSVSGGSMNMDYLNRTSYGCFNSSNSSSGVGPT,11,run11/g2/g2_10.pdb,-1.269,0.0164337158203125,False
2,"-0.296,0.07887077331542969",GYSYNTSVSGSSYNMDYLNRTSYGCFNGSNFYSGVGPT,14,run14/g2/g2_17.pdb,-0.296,0.0788707733154296,False
2,"-1.71,0.4033851623535156",GYSYNTSVSGSSMNMDYLNRTSYGCFNGSNSSSSVGPT,14,run14/g2/g2_19.pdb,-1.71,0.4033851623535156,False
2,"-1.386,-0.12207603454589844",GYSYNTSVSGSSMNMDYLNRSSYECFNGSNFSSGVGPT,13,run13/g2/g2_16.pdb,-1.386,-0.1220760345458984,False
2,"-1.623,-0.5287208557128906",GYSYNTSVSGGSMNMDYLSRTSYGCFNGSNFSSGVGPT,2,run2/g2/g2_2.pdb,-1.623,-0.5287208557128906,False
2,"-1.408,0.24837493896484375",GYSYNTSVSGSSYNMDYLNRTGYECFNGSNFSSGVGPT,12,run12/g2/g2_1.pdb,-1.408,0.2483749389648437,False
2,"-1.323,0.05507659912109375",GYSYNTSVSGGSMNMDYLNRTGYGCFNGSNFSSGVGPT,2,run2/g2/g2_23.pdb,-1.323,0.0550765991210937,False
2,"-1.215,-0.11718177795410156",GYSYNTSVSGGSMNMDYLNRSSYECFNSSNFSSGVGPT,13,run13/g2/g2_5.pdb,-1.215,-0.1171817779541015,False
2,"-1.639,-0.159820556640625",GYSYNTSVSGGSMNMDYLNRSGYECFNGSNSSSGVGPT,15,run15/g2/g2_6.pdb,-1.639,-0.159820556640625,False
2,"-1.482,-0.4960479736328125",GYSYNTSVSGSSMNMDYLSRTSYGCFNGSNSSSGVGPT,4,run4/g2/g2_20.pdb,-1.482,-0.4960479736328125,False
2,"-1.627,-0.39249610900878906",GYSYNTSVSGGSMNMDYLSRSSYECFNGSNFSSGVGPT,10,run10/g2/g2_14.pdb,-1.627,-0.392496109008789,False
2,"-2.054,-0.06400489807128906",GGSYNTSVSGGSMNMDYLNRTGYECFNGSNSSSGVGPT,16,run16/g2/g2_14.pdb,-2.054,-0.064004898071289,False
2,"-1.949,0.003997802734375",GYSYNTSVSGGSMNMDYLNRTSYGCFSGSNFSSGVGPT,16,run16/g2/g2_10.pdb,-1.949,0.003997802734375,False
2,"-1.22,0.336639404296875",GYSYNTSVSGGSMNMDYLNRTSYGCFNGSNFSSGVSPT,8,run8/g2/g2_23.pdb,-1.22,0.336639404296875,False
2,"-1.149,-0.03830528259277344",GYSYNGSVSGGSMNMDYLNRSSYECFNGSNFSSGVGPT,8,run8/g2/g2_18.pdb,-1.149,-0.0383052825927734,False
2,"-1.583,-0.1990070343017578",GYSYNTSVSGGSMNMDYLNRTGYECFSGSNFSSGVGPT,3,run3/g2/g2_11.pdb,-1.583,-0.1990070343017578,False
2,"-1.164,-0.3083763122558594",GYSYNTSVSGGSMNMGYLNRTSYGCFNGSNFSSGVGPT,3,run3/g2/g2_12.pdb,-1.164,-0.3083763122558594,False
2,"-1.414,-0.44182395935058594",GYSYNTSVSGGSMNMDYLGRTSYGCFNGSNFYSGVGPT,6,run6/g2/g2_14.pdb,-1.414,-0.4418239593505859,False
3,"-1.737,1.2316226959228516",GYSYNTSVSGGSMNMDYLNRTSYGSFNGSNFSSGVGPT,3,run3/g3/g3_0.pdb,-1.737,1.2316226959228516,False
3,"-1.622,-0.23956298828125",GYSYNTSVSGGSMGMDYLNRTGYECFSGSNFSSGVGPT,3,run3/g3/g3_3.pdb,-1.622,-0.23956298828125,False
3,"-1.563,-0.19514846801757812",GYSYNTSSSGGSMNMDYLNRTSYGCFNGSNFSSGVGPT,3,run3/g3/g3_7.pdb,-1.563,-0.1951484680175781,False
3,"-1.667,0.26125335693359375",GYSYNTSVSGGSMNMDYLNRTSYGCFNGSNFSSSVGPT,9,run9/g3/g3_19.pdb,-1.667,0.2612533569335937,False
3,"-1.691,0.34018516540527344",GYSYNTSVSGSSMNMDYLNRTSYGCFNGSNFSSGVSPT,1,run1/g3/g3_1.pdb,-1.691,0.3401851654052734,False
3,"-1.598,-0.6082363128662109",GYSYNGSVSGSSYNMDYLNRTSYGCFNGSNFSSGVGPT,1,run1/g3/g3_3.pdb,-1.598,-0.6082363128662109,False
3,"-1.585,0.4588909149169922",GYSYNTSVSGGSMNMDYLNSTGYECFNGSNFSSGVGPT,7,run7/g3/g3_8.pdb,-1.585,0.4588909149169922,False
3,"-1.852,-0.21516036987304688",GYSYNTSSSGGSMNMDYLNRTSYGCFNGSNSYSGVGPT,7,run7/g3/g3_1.pdb,-1.852,-0.2151603698730468,False
3,"-1.252,-0.37641334533691406",GYSYNGSVSGGSMNMDYLNRTSYGCFNGSNSSSGVGPT,14,run14/g3/g3_18.pdb,-1.252,-0.376413345336914,False
3,"-0.317,-0.2559947967529297",GYSYNTSVSGGSMNMSYLNRTSYECFNGSNFSSGVGPT,14,run14/g3/g3_19.pdb,-0.317,-0.2559947967529297,False
3,"-1.35,0.6597747802734375",GYSYNTSVSGGSMNMDYLNSTSYGCFNGSNFSSGVGPT,8,run8/g3/g3_0.pdb,-1.35,0.6597747802734375,False
3,"-1.751,0.07102394104003906",GYSYNTSVSGSSMNMDYLNRTSSGCFNGSNFSSGVGPT,14,run14/g3/g3_17.pdb,-1.751,0.071023941040039,False
3,"-1.468,-0.36873817443847656",GYSYNTSVSGSSYSMDYLNRTSYGCFNGSNFSSGVGPT,14,run14/g3/g3_1.pdb,-1.468,-0.3687381744384765,False
3,"-1.697,1.1134366989135742",GYSYNTSVSGSSYNMDYLNRTSYGSFNGSNFSSGVGPT,13,run13/g3/g3_11.pdb,-1.697,1.1134366989135742,False
3,"-1.964,0.07012557983398438",GYSYNTSVSGGSMNMDYLNRTSGGCFNGSNFYSGVGPT,13,run13/g3/g3_0.pdb,-1.964,0.0701255798339843,False
3,"-1.464,0.20462608337402344",GYGYNTSVSGSSYNMDYLNRTSYGCFNGSNFSSGVGPT,11,run11/g3/g3_20.pdb,-1.464,0.2046260833740234,False
3,"-1.457,-0.07189559936523438",GYSYNTSVSGGSMNMDYLNRTSYYCFSGSNFSSGVGPT,9,run9/g3/g3_7.pdb,-1.457,-0.0718955993652343,False
3,"-1.786,0.6107387542724609",GYSYNTSVSGGSMNMDYLNRTSYGCFNGSNSYSGVGST,9,run9/g3/g3_0.pdb,-1.786,0.6107387542724609,False
3,"-1.907,-0.4335289001464844",GYSYNTSVSGGSMNMDYLGRTGYECFNGSNFSSGVGPT,1,run1/g3/g3_17.pdb,-1.907,-0.4335289001464844,False
3,"0.31,-0.17282485961914062",GYSYNTSSSGGSYNMDYLNRTSYECFNGSNFSSGVGPT,5,run5/g3/g3_4.pdb,0.31,-0.1728248596191406,False
3,"-1.181,-0.31694984436035156",GYSYNGSVSGGSMNMDYLNRTSYGCFNGSNFSSGVGPT,2,run2/g3/g3_15.pdb,-1.181,-0.3169498443603515,False
3,"-1.306,-0.28082275390625",GYSYNTSVSGGSMSMDYLNRTSYGCFNGSNFSSGVGPT,2,run2/g3/g3_20.pdb,-1.306,-0.28082275390625,False
3,"-1.266,-0.13685226440429688",GYSSNTSVSGGSMNMDYLNRTSYGCFNGSNFSSGVGPT,5,run5/g3/g3_16.pdb,-1.266,-0.1368522644042968,False
3,"-1.554,-0.221832275390625",GYSGNTSVSGGSMNMDYLNRTSYGCFNGSNSYSGVGPT,12,run12/g3/g3_1.pdb,-1.554,-0.221832275390625,False
3,"-1.819,-0.47394752502441406",GYSYSTSVSGGSMNMDYLNRTSYGCFNGSNFSSGVGPT,12,run12/g3/g3_4.pdb,-1.819,-0.473947525024414,False
3,"-1.08,-0.09327507019042969",GYSYNLSVSGGSMNMDYLNRTGYECFNGSNFSSGVGPT,12,run12/g3/g3_16.pdb,-1.08,-0.0932750701904296,False
3,"-1.142,-0.2598686218261719",GYSYNTSVSGGSMNMDYLNRSSYECFNGSNSSSGVGPT,12,run12/g3/g3_20.pdb,-1.142,-0.2598686218261719,False
3,"-1.599,-0.19293594360351562",GYSYNTSVSGGSMNMDYLNRTSYGCFNGSNFSSGVGPG,16,run16/g3/g3_13.pdb,-1.599,-0.1929359436035156,False
3,"-1.338,-0.068206787109375",GYSYNTSVSGGSMNMDYLNRTSYYCFNGSNSSSGVGPT,4,run4/g3/g3_12.pdb,-1.338,-0.068206787109375,False
3,"-1.338,-0.37606239318847656",GYSYNTSVSGGSMNMDYLNRSSYGCFNGSNFSSGVGPT,15,run15/g3/g3_9.pdb,-1.338,-0.3760623931884765,False
3,"-1.831,1.0803050994873047",GYSYNTSVSGGSMNMDYLNRSGYESFNGSNSSSGVGPT,15,run15/g3/g3_0.pdb,-1.831,1.080305099487305,False
3,"-1.911,-0.22489166259765625",GYSYNLSVSGGSMNMDYLNRTGYECFNGSNSSSGVGPT,16,run16/g3/g3_20.pdb,-1.911,-0.2248916625976562,False
4,"-1.663,-0.3352203369140625",SYSYNTSVSGGSMNMDYLNRSSYECFNGSNFSSGVGPT,6,run6/g4/g4_11.pdb,-1.663,-0.3352203369140625,False
4,"-1.793,1.5638160705566406",GYSYNTSVSGGSMNMDYLNRSSYESFNGSNFSSGVGPT,16,run16/g4/g4_17.pdb,-1.793,1.5638160705566406,False
4,"-1.227,-0.41677284240722656",GYSYNTSVSGGSMNMGYLNRTSYGCFNGSNSYSGVGPT,16,run16/g4/g4_4.pdb,-1.227,-0.4167728424072265,False
4,"-2.06,-0.27945518493652344",GGSYNTSVSGGSMNMDYLNRTGYECFNSSNSSSGVGPT,16,run16/g4/g4_0.pdb,-2.06,-0.2794551849365234,False
4,"-1.703,0.00957489013671875",GYSYNTSVSGGSMNMDYLNRTSSYCFNGSNSSSGVGPT,4,run4/g4/g4_1.pdb,-1.703,0.0095748901367187,False
4,"-2.163,-0.1513080596923828",SYSYNTSSSGGSMNMDYLNRTSYGCFNGSNSYSGVGPT,7,run7/g4/g4_0.pdb,-2.163,-0.1513080596923828,False
4,"-1.658,-0.2998332977294922",GYSYNTSVSGGSMNMDYLSRTGYECFNGSNFSSGVGPT,7,run7/g4/g4_5.pdb,-1.658,-0.2998332977294922,False
4,"-1.631,-0.15918350219726562",GYSYNTSVSGGSMNMSYLNRSSYECFNGSNFSSGVGPT,7,run7/g4/g4_7.pdb,-1.631,-0.1591835021972656,False
4,"-1.819,-0.019723892211914062",GYSYNTSVSGGSMNMGYLNRTGYECFNGSNFSSGVGPT,7,run7/g4/g4_10.pdb,-1.819,-0.019723892211914,False
4,"-1.516,0.12586593627929688",GYSYNTSSSGSSMNMDYLNRTSYGCFNGSNSSSGVGPT,4,run4/g4/g4_4.pdb,-1.516,0.1258659362792968,False
4,"-0.55,-0.7093124389648438",GYSYNTSSSGGSMNMDYLNRTSYECFNGSNFSSGVGPT,5,run5/g4/g4_5.pdb,-0.55,-0.7093124389648438,False
4,"-1.818,0.1942157745361328",GYGYNTSVSGGSMNMDYLNRTSYGCFNGSNFSSGVGPT,5,run5/g4/g4_0.pdb,-1.818,0.1942157745361328,False
4,"-1.516,-0.3326377868652344",GYSSNTSVSGSSYNMDYLNRTSYGCFNGSNFSSGVGPT,14,run14/g4/g4_14.pdb,-1.516,-0.3326377868652344,False
4,"-1.92,0.275634765625",GYSYNTSSSGGSMNMDYLNRTSSGCFNGSNFSSGVGPT,9,run9/g4/g4_0.pdb,-1.92,0.275634765625,False
4,"-1.768,1.220602035522461",GYSYNTSVSGGSMNMDYLNRTSYGSFNGSNSYSGVGPT,11,run11/g4/g4_0.pdb,-1.768,1.220602035522461,False
4,"-1.532,1.2520580291748047",GYSYNTSVSGSSMNMDYLNRTSYGSFNGSNFSSGVGPT,14,run14/g4/g4_0.pdb,-1.532,1.252058029174805,False
4,"-1.675,-0.07165718078613281",GYSYNTSVSGGSMNMDYLNRTSYGCFNSSNFSSSVGPT,9,run9/g4/g4_21.pdb,-1.675,-0.0716571807861328,False
4,"-1.716,0.1629467010498047",GYSYNTSVSGGSMNMSYLNRTSYYCFNGSNFSSGVGPT,9,run9/g4/g4_18.pdb,-1.716,0.1629467010498047,False
4,"-1.56,1.059417724609375",GYSYNTSVSGGSMNMDYLNRTSYYSFSGSNFSSGVGPT,9,run9/g4/g4_16.pdb,-1.56,1.059417724609375,False
4,"-1.793,-0.39049530029296875",GYSYNGSVSGGSMNMDYLNRTSYGCFNGSNSYSGVGST,9,run9/g4/g4_12.pdb,-1.793,-0.3904953002929687,False
4,"-1.775,0.09074020385742188",GYSYNTSVSGGSMNMDYLNRTSYGCFNSSNSYSGVGPT,9,run9/g4/g4_11.pdb,-1.775,0.0907402038574218,False
4,"-1.614,-0.27501487731933594",GYSGNTSVSGGSMNMDYLNRTGYECFNGSNFSSGVGPT,11,run11/g4/g4_15.pdb,-1.614,-0.2750148773193359,False
4,"-1.722,-0.030538558959960938",GYSYNTSVSGGSMNMDYLNRSGYECFNSSNFSSGVGPT,11,run11/g4/g4_18.pdb,-1.722,-0.0305385589599609,False
4,"-1.843,0.08862876892089844",GYSYSTSVSGGSMNMDYLNRTSYGCFNSSNFSSGVGPT,12,run12/g4/g4_19.pdb,-1.843,0.0886287689208984,False
4,"-1.801,-0.09989738464355469",GYSYNTSVSGSSYNMDYLNRTSYGCFNGSNSYSGVGPT,14,run14/g4/g4_9.pdb,-1.801,-0.0998973846435546,False
4,"-1.681,-0.8406715393066406",GYSYNTSVSGSSYSMSYLNRTSYGCFNGSNFSSGVGPT,14,run14/g4/g4_5.pdb,-1.681,-0.8406715393066406,False
4,"-1.567,-0.23845291137695312",GYSYNTSVSGSSYNMGYLNRTSYGCFNGSNFSSGVGPT,14,run14/g4/g4_4.pdb,-1.567,-0.2384529113769531,False
4,"-1.228,-0.2529582977294922",GYSYNTSVSGSSYNMDYLNRSGYECFNGSNFSSGVGPT,1,run1/g4/g4_4.pdb,-1.228,-0.2529582977294922,False
4,"-1.693,-0.31571197509765625",GYSSNTSVSGSSYNMDYLNRSSYECFNGSNFSSGVGPT,1,run1/g4/g4_10.pdb,-1.693,-0.3157119750976562,False
4,"-1.824,-0.49553966522216797",GYSYNTSVSGSSYSMDYLNRTSYGSFNGSNFSSGVGPT,13,run13/g4/g4_23.pdb,-1.824,-0.4955396652221679,False
4,"-1.223,-0.11956405639648438",GYSYNTSVSGSSMNMDYLNRSGYECFNGSNFSSGVGPT,13,run13/g4/g4_7.pdb,-1.223,-0.1195640563964843,False
4,"-1.766,0.10614204406738281",GYSYNTSVSGGSMNMDYLNRTSYGCFNSSNFYSGVGPT,13,run13/g4/g4_4.pdb,-1.766,0.1061420440673828,False
4,"-1.341,-0.13065338134765625",GYSSNTSVSGGSMNMDYLNSTSYGCFNGSNFSSGVGPT,8,run8/g4/g4_14.pdb,-1.341,-0.1306533813476562,False
4,"-1.678,-0.0402069091796875",GYSYNGSVSGGSMNMDYLNRSSYECFNGGNFSSGVGPT,8,run8/g4/g4_11.pdb,-1.678,-0.0402069091796875,False
4,"-1.746,0.2200298309326172",GYSYNTSVSGGSMNMDYLNRTSYGCFNGSNFSSSVSPT,8,run8/g4/g4_6.pdb,-1.746,0.2200298309326172,False
4,"-2.021,-0.04217338562011719",GYSYNTSSSGGSMNMDYLNRTSYGSFNGSNFSSGVGPT,3,run3/g4/g4_0.pdb,-2.021,-0.0421733856201171,False
4,"-1.9,-0.2500133514404297",GYSYNTGVSGGSMNMDYLNRTSYYCFNGSNFSSGVGPT,3,run3/g4/g4_1.pdb,-1.9,-0.2500133514404297,False
4,"-1.348,-0.348388671875",SYSYNTSVSGGSMNMDYLNRTSYGCFNGSNFSSGVGPT,2,run2/g4/g4_15.pdb,-1.348,-0.348388671875,False
4,"-1.518,-0.2314605712890625",GYSYNTSSSGGSMSMDYLNRTSYGCFNGSNFSSGVGPT,2,run2/g4/g4_21.pdb,-1.518,-0.2314605712890625,False
4,"-1.749,-0.3527336120605469",GYSYNTSSSGGSMNMDYLNRSSYGCFNGSNFSSGVGPT,3,run3/g4/g4_23.pdb,-1.749,-0.3527336120605469,False
4,"-2.016,0.07312774658203125",GYSYNTSVSGSSMNMDYLSRSSYECFNGSNFSSGVGPT,10,run10/g4/g4_16.pdb,-2.016,0.0731277465820312,False
4,"-1.704,-0.19043350219726562",GSSYNTSVSGGSMNMDYLNRTSYGCFNGSNFSSGVGPT,10,run10/g4/g4_3.pdb,-1.704,-0.1904335021972656,False
5,"-1.536,0.14150619506835938",GYSYNTSVSGGSMNMDYLNRTSSGCFNGSNFSSGVSPT,6,run6/g5/g5_14.pdb,-1.536,0.1415061950683593,False
5,"-1.845,0.6278305053710938",GYSYNTSVSGGSMNMDYLNRTSYGCFNGSNFSSGVGST,6,run6/g5/g5_13.pdb,-1.845,0.6278305053710938,False
5,"-1.335,1.2279720306396484",GYSYNGSVSGGSMNMDYLNRTSYGSFNGSNFSSGVGPT,2,run2/g5/g5_0.pdb,-1.335,1.2279720306396484,False
5,"-1.833,0.07581329345703125",GYSYSGSVSGGSMNMDYLNRTSYGCFNSSNFSSGVGPT,12,run12/g5/g5_1.pdb,-1.833,0.0758132934570312,False
5,"-2.083,0.19448280334472656",GYSYNTSVSGSSYNMDYLNRTGYECFNGSNFSSSVGPT,12,run12/g5/g5_0.pdb,-2.083,0.1944828033447265,False
5,"-1.886,0.3661384582519531",GYSYNTSVSGGSMNMDYLNRTSYGCFSGSNFSSGVSPT,12,run12/g5/g5_10.pdb,-1.886,0.3661384582519531,False
5,"-1.322,-0.3768501281738281",GYSYSTSVSGSSYNMDYLNRSGYECFNGSNFSSGVGPT,1,run1/g5/g5_24.pdb,-1.322,-0.3768501281738281,False
5,"-1.371,0.251922607421875",SYSYNTSVSGGSMNMDYLNRTSYGCFNSSNFSSGVGPT,2,run2/g5/g5_23.pdb,-1.371,0.251922607421875,False
5,"-2.134,-0.03548431396484375",GYSYNTSVSGSSMNMDYLNRTGYECFNGSNFSSGVGPT,13,run13/g5/g5_6.pdb,-2.134,-0.0354843139648437,False
5,"-2.071,-0.011343002319335938",GYSSNTSVSGSSMNMDYLNRSSYECFNGSNFSSGVGPT,13,run13/g5/g5_10.pdb,-2.071,-0.0113430023193359,False
5,"-1.981,0.31870555877685547",GYSYNTSVSGSSMNMDYLNRTSYGSFNGSNFSSGVSPT,13,run13/g5/g5_12.pdb,-1.981,0.3187055587768554,False
5,"-1.495,-0.28011512756347656",GYSYNTSVSGSSMNMDYLNRTSYGCFNGSNFSSGVGPG,13,run13/g5/g5_14.pdb,-1.495,-0.2801151275634765,False
5,"-1.467,-0.019832611083984375",GYSSNTSVSGGSMNMDYLNRSSYECFNGSNFSSGVGPT,13,run13/g5/g5_16.pdb,-1.467,-0.0198326110839843,False
5,"-2.183,1.0715217590332031",GGSYNTSVSGGSMNMDYLNRTGYESFNSSNSSSGVGPT,16,run16/g5/g5_11.pdb,-2.183,1.0715217590332031,False
5,"-1.795,0.018224716186523438",GYSYNTSVSGGSMNMDYLNRSSYESFNSSNFSSGVGPT,16,run16/g5/g5_18.pdb,-1.795,0.0182247161865234,False
5,"-1.842,0.7701606750488281",GYSYNTSVSGGSMNMDYLNRTSYGCFNGSNFSSSVGST,16,run16/g5/g5_19.pdb,-1.842,0.7701606750488281,False
5,"-1.489,0.5942955017089844",GYSYNTSVSGGSMNMGYLNRTSYGCFNGSNSYSGVYPT,16,run16/g5/g5_8.pdb,-1.489,0.5942955017089844,False
5,"-1.752,-0.32999420166015625",GSSYNTSSSGGSMSMDYLNRTSYGCFNGSNFSSGVGPT,2,run2/g5/g5_8.pdb,-1.752,-0.3299942016601562,False
5,"-1.465,-0.09432029724121094",GYSYNGSVSGGGMNMDYLNRTSYGCFNGSNFSSGVGPT,2,run2/g5/g5_2.pdb,-1.465,-0.0943202972412109,False
5,"-1.867,0.23758506774902344",GYSYNTSVSGGSMNMDYLNSTGYECFNGSNFSSGVSPT,1,run1/g5/g5_1.pdb,-1.867,0.2375850677490234,False
5,"-1.8,0.7581157684326172",GYSYNTSVSGSSMNMDYLNSTSYGCFNGSNFSSGVSPT,1,run1/g5/g5_0.pdb,-1.8,0.7581157684326172,False
5,"-1.683,-0.45284080505371094",GSSYNTSVSGSSYSMDYLNRTSYGCFNGSNFSSGVGPT,14,run14/g5/g5_23.pdb,-1.683,-0.4528408050537109,False
5,"-1.918,-0.4142589569091797",GYSGNTSVSGGSMNMDYLGRTGYECFNGSNFSSGVGPT,1,run1/g5/g5_11.pdb,-1.918,-0.4142589569091797,False
5,"-1.982,-0.19251632690429688",GYSYNTSVSGGGMNMGYLNRTSYGCFNGSNFSSGVGPT,6,run6/g5/g5_0.pdb,-1.982,-0.1925163269042968,False
5,"-1.943,-0.2578716278076172",GYSYSTSVSGGSMNMDYLNRTSYYCFNGSNFSSGVGPT,1,run1/g5/g5_7.pdb,-1.943,-0.2578716278076172,False
5,"-1.768,-0.009233474731445312",GYSYNGSVSGGSMNMDYLNRTSYGCFNGSNFSSSVSPT,8,run8/g5/g5_13.pdb,-1.768,-0.0092334747314453,False
5,"-1.862,0.014873504638671875",GYSYNGSVSGGGMNMDYLNRSSYECFNGGNFSSGVGPT,8,run8/g5/g5_20.pdb,-1.862,0.0148735046386718,False
5,"-1.458,0.019594192504882812",GYSYNTSVSGGSMNMDYLNRTSYGCFNSSNFSSGVGPT,8,run8/g5/g5_9.pdb,-1.458,0.0195941925048828,False
5,"-1.698,-0.6841030120849609",GYSYNGSVSGSSYSMSYLNRTSYGCFNGSNFSSGVGPT,14,run14/g5/g5_2.pdb,-1.698,-0.6841030120849609,False
5,"-1.742,-0.29822349548339844",GYSYNTSVSGSSMNMDYLNRTSYGCFNGSNSYSGVGPT,14,run14/g5/g5_1.pdb,-1.742,-0.2982234954833984,False
5,"-1.828,-0.33483314514160156",GYSYNTSVSGSSMNMDYLNRTSYYCFNGSNFSSGVGPT,1,run1/g5/g5_10.pdb,-1.828,-0.3348331451416015,False
5,"-1.528,-0.13791465759277344",GYSYNTSSSGGSMNMDYLNRTSYYCFNGSNFSSGVGPT,4,run4/g5/g5_19.pdb,-1.528,-0.1379146575927734,False
5,"-2.2,-0.19234657287597656",GYSYNTSSSGGSMNMDYLNRTGYECFNGSNFSSGVGPT,4,run4/g5/g5_0.pdb,-2.2,-0.1923465728759765,False
5,"-1.815,0.36361122131347656",GYSYNTSVSGGSMNMDYLNRTSYGCFNSSNSYSSVGPT,9,run9/g5/g5_4.pdb,-1.815,0.3636112213134765,False
5,"-1.588,-0.097320556640625",GYSYNTSVSGGSMNMDYLNRTSYGCFSGSNFSSGVGPG,9,run9/g5/g5_18.pdb,-1.588,-0.097320556640625,False
5,"-1.54,0.1810283660888672",GYSYNTSVSGSSMNMDYLNSTSYGCFNGSNFSSGVGPT,7,run7/g5/g5_10.pdb,-1.54,0.1810283660888672,False
5,"-2.144,0.5879783630371094",SYSYNTSSSGGSMNMDYLNSTSYGCFNGSNSYSGVGPT,7,run7/g5/g5_18.pdb,-2.144,0.5879783630371094,False
5,"-1.483,0.051326751708984375",GYSYNTSVSGSSMNMDYLNRTGYGCFNGSNFSSGVGPT,7,run7/g5/g5_24.pdb,-1.483,0.0513267517089843,False
5,"-1.85,-0.19615554809570312",GYSGNTSVSGGSMNMDYLNRTGYECFNGSNFGSGVGPT,11,run11/g5/g5_24.pdb,-1.85,-0.1961555480957031,False
5,"-1.339,1.2111797332763672",GYSYNTSVSGGSMNMDYLNRSSYGSFNGSNFSSGVGPT,11,run11/g5/g5_10.pdb,-1.339,1.2111797332763672,False
5,"-1.957,-0.34597206115722656",GYSYNTSVSGGSMNMGYLNRSGYECFNGSNFSSGVGPT,11,run11/g5/g5_11.pdb,-1.957,-0.3459720611572265,False
5,"-1.686,1.472707748413086",GYSYNTSVSGGSMNMDYLNRTGYESFNGSNFSSGVGPT,7,run7/g5/g5_1.pdb,-1.686,1.472707748413086,False
5,"-1.245,-0.39145660400390625",GYSYNTSVSGGSMSMDYLNRTSYGCFNGSNSSSGVGPT,4,run4/g5/g5_12.pdb,-1.245,-0.3914566040039062,False
5,"-1.533,-0.3268089294433594",GYSYNTSVSGGSMSMDYLNRSSYECFNGSNFSSGVGPT,10,run10/g5/g5_10.pdb,-1.533,-0.3268089294433594,False
5,"-1.842,-0.13134002685546875",GYSYNTSVSGSSYNMDYLNRTGYECFSGSNFSSGVGPT,10,run10/g5/g5_6.pdb,-1.842,-0.1313400268554687,False
5,"-2.104,0.19750213623046875",GSSYNTSVSGGSMNMDYLNRTSYGCFNGSNFSSSVGPT,10,run10/g5/g5_1.pdb,-2.104,0.1975021362304687,False
5,"-1.581,0.19839859008789062",GYSYNTSVSGGSMNMDYLNRTGYYCFSGSNFSSGVGPT,9,run9/g5/g5_24.pdb,-1.581,0.1983985900878906,False
5,"-1.527,0.4890766143798828",GYSYNTSVSGGSMNMDYLNSTSYGCFNGSNSYSGVGPT,9,run9/g5/g5_23.pdb,-1.527,0.4890766143798828,False
5,"-2.087,0.4394054412841797",GYSYNTSVSGSSYNMSYLNRTGYECFNGSNFSSGVGPT,10,run10/g5/g5_21.pdb,-2.087,0.4394054412841797,False
5,"-1.942,1.1001548767089844",GYSYNTSVSGSSYNMDYLNRTSYGSFNGSNSYSGVGPT,15,run15/g5/g5_8.pdb,-1.942,1.1001548767089844,False
5,"-1.281,-0.053600311279296875",GYSSNGSVSGGSMNMDYLNRTSYGCFNGSNFSSGVGPT,5,run5/g5/g5_1.pdb,-1.281,-0.0536003112792968,False
5,"-1.766,0.07346725463867188",GYSYNTSVSGGSMNMDYLNRTSSGCFNGSNFSSGVGPT,5,run5/g5/g5_4.pdb,-1.766,0.0734672546386718,False
5,"-1.579,-0.4403877258300781",GYSYNTSVSGGSMNMDYLNRTSYGCGNGSNFSSGVGPT,5,run5/g5/g5_18.pdb,-1.579,-0.4403877258300781,False
5,"-1.81,-0.2095470428466797",GYGYNTSVSGGSMNMDYLNRSSYGCFNGSNFSSGVGPT,5,run5/g5/g5_15.pdb,-1.81,-0.2095470428466797,False
5,"-1.87,0.2979774475097656",GYSYNTSVSGGSMNMDYLNRSSYESFNGSNFSSGVSPT,5,run5/g5/g5_14.pdb,-1.87,0.2979774475097656,False
5,"-1.449,-0.08917236328125",GYSYNTSSSGGSMNMDYLNRSSYECFNGSNFSSGVGPT,5,run5/g5/g5_11.pdb,-1.449,-0.08917236328125,False
5,"-0.896,0.47583770751953125",GYSYNTSVSGGSMNMDYLNSSSYECFNGSNFSSGVGPT,5,run5/g5/g5_10.pdb,-0.896,0.4758377075195312,False
5,"-1.884,0.5992603302001953",GYSYNTSVSGGSMNMGYLNRTSYGCFNGSNSYSSVGPT,3,run3/g5/g5_10.pdb,-1.884,0.5992603302001953,False
5,"-1.928,0.5829868316650391",GYSYNTGVSGGSMNMDYLNGTSYYCFNGSNFSSGVGPT,3,run3/g5/g5_8.pdb,-1.928,0.5829868316650391,False
6,"-1.801,-0.37776947021484375",GYSYNTSSSGGSMSMDYLNRTSYGCFNGSNSYSGVGPT,12,run12/g6/g6_19.pdb,-1.801,-0.3777694702148437,False
6,"-1.888,0.5051651000976562",GYSYNTSVSGSSYNMDYLNSTGYECFNGSNFSSGVGPT,12,run12/g6/g6_22.pdb,-1.888,0.5051651000976562,False
6,"-1.645,0.1570281982421875",GYSYNTSVSGSSMNMDYLNRSSYGSFNGSNFSSGVGPT,11,run11/g6/g6_20.pdb,-1.645,0.1570281982421875,False
6,"-2.196,0.21612167358398438",GYSYSGSVSGSSMNMDYLNRTSYGCFNSSNFSSGVGPT,12,run12/g6/g6_0.pdb,-2.196,0.2161216735839843,False
6,"-1.521,1.023782730102539",GYSYNTSVSGGSMNMDYLNRTSYGYFNGSNSYSGVGPT,12,run12/g6/g6_5.pdb,-1.521,1.023782730102539,False
6,"-1.452,0.4222908020019531",GYSYNTSVSGGSMNMDYLNRSSYGCFNGSNFSSSVGPT,12,run12/g6/g6_7.pdb,-1.452,0.4222908020019531,False
6,"-1.475,0.044780731201171875",GYSYNTSVSGGGMNMDYLNRSSYECFNGSNFSSGVGPT,8,run8/g6/g6_7.pdb,-1.475,0.0447807312011718,False
6,"-2.032,1.1926765441894531",GYSYNTSVSGGSMNMGYLNRSGYESFNGSNFSSGVGPT,11,run11/g6/g6_9.pdb,-2.032,1.1926765441894531,False
6,"-1.467,0.40169334411621094",GSSYNTSVSGGSMNMDYLNSTSYGCFNGSNFSSGVGPT,8,run8/g6/g6_24.pdb,-1.467,0.4016933441162109,False
6,"-1.693,0.4568061828613281",GYSYNTSVSGGSMNMDYLNRTSYGCFNGSNSYSSVGPT,11,run11/g6/g6_7.pdb,-1.693,0.4568061828613281,False
6,"-1.484,-0.2692432403564453",GYSYNTSVSGGSMSMDYLNRTGYECFNGSNFSSGVGPT,11,run11/g6/g6_3.pdb,-1.484,-0.2692432403564453,False
6,"-2.041,1.2554283142089844",GYGYNTSVSGSSYNMDYLNRTSYGSFNGSNFSSGVGPT,11,run11/g6/g6_0.pdb,-2.041,1.2554283142089844,False
6,"-1.482,0.17816734313964844",GYSYNTSVSGSSMSMDYLNRTSYGCFNGSNSSSGVGPT,4,run4/g6/g6_14.pdb,-1.482,0.1781673431396484,False
6,"-1.957,-0.3872108459472656",GYSYNTSSSGGSMSMDYLNRTSSGCFNGSNFSSGVGPT,9,run9/g6/g6_17.pdb,-1.957,-0.3872108459472656,False
6,"-1.798,-0.20867919921875",GYSYNTSSSGGSMNMDYLNSTSYGCFNGSNSYSGVGPT,9,run9/g6/g6_13.pdb,-1.798,-0.20867919921875,False
6,"-1.65,-0.7583389282226562",GYSSNTSVSGGSMNMDYLSRTSYGCFNGSNFSSGVGPT,9,run9/g6/g6_10.pdb,-1.65,-0.7583389282226562,False
6,"-1.804,-0.22346878051757812",GYSYSTSVSGGSMNMDYLNRTGYYCFSGSNFSSGVGPT,9,run9/g6/g6_5.pdb,-1.804,-0.2234687805175781,False
6,"-1.951,0.04752349853515625",GYSYNTGSSGGSMNMDYLNRTSSGCFNGSNFSSGVGPT,9,run9/g6/g6_1.pdb,-1.951,0.0475234985351562,False
6,"-1.824,-0.005279541015625",GYSGNTSVSGGSMNMDYLNRTSYGSFNGSNSYSGVGPT,11,run11/g6/g6_23.pdb,-1.824,-0.005279541015625,False
6,"-1.891,0.5150375366210938",GYSYNTSVSGGSMNMDYLNSTSSYCFNGSNSSSGVGPT,4,run4/g6/g6_1.pdb,-1.891,0.5150375366210938,False
6,"-1.932,-0.17715835571289062",GYSYNTSSSGGSMNMDYLNRTGYESFNGSNFSSGVGPT,7,run7/g6/g6_14.pdb,-1.932,-0.1771583557128906,False
6,"-2.03,-0.3368110656738281",GSSYNTSVSGGSMNMSYLNRSSYECFNGSNFSSGVGPT,7,run7/g6/g6_15.pdb,-2.03,-0.3368110656738281,False
6,"-1.621,0.07510948181152344",GYSYNTSVSGGSMNMDYLSRTGYECFNGSNFSSGVGPG,7,run7/g6/g6_21.pdb,-1.621,0.0751094818115234,False
6,"-2.025,0.1585540771484375",GYSYNTSVSGGSMNMGYLNRTGYECFNGSNFSSGVSPT,7,run7/g6/g6_22.pdb,-2.025,0.1585540771484375,False
6,"-2.046,0.8776750564575195",GYSYNTSSSGGSMNMDYLNSTSYGSFNGSNFSSGVGPT,3,run3/g6/g6_2.pdb,-2.046,0.8776750564575195,False
6,"-1.374,-0.2957439422607422",GYSYNTSVSGGSMNMDYLSRTSYYCFNGSNFSSGVGPG,3,run3/g6/g6_4.pdb,-1.374,-0.2957439422607422,False
6,"-1.556,-0.36846923828125",GYSYNTSVSGGSMNMGYLNRTGYGCFNGSNFSSGVGPT,3,run3/g6/g6_5.pdb,-1.556,-0.36846923828125,False
6,"-1.941,-0.17140579223632812",GYSYNGGVSGGSMNMDYLNGTSYYCFNGSNFSSGVGPT,3,run3/g6/g6_9.pdb,-1.941,-0.1714057922363281,False
6,"-2.097,-0.2938671112060547",GSSYNTSVSGGSMNMGYLNRTSYGCFNGSNSYSSVGPT,3,run3/g6/g6_10.pdb,-2.097,-0.2938671112060547,False
6,"-1.563,0.19631004333496094",GYSYNTSVSGGSMNMDYLNRSGYECFNGSNFSSSVGPT,3,run3/g6/g6_17.pdb,-1.563,0.1963100433349609,False
6,"-1.525,0.2364788055419922",GYSYNTSVSGGSMNMDYLSRTSYGCFNGSNFSSSVGPT,3,run3/g6/g6_20.pdb,-1.525,0.2364788055419922,False
6,"-1.441,-0.09785842895507812",GYSYNTSVSGGSMNMDYLNRSSYECFNGSSFSSGVGPT,3,run3/g6/g6_22.pdb,-1.441,-0.0978584289550781,False
6,"-2.222,-0.4593162536621094",SYSYSTSSSGGSMNMDYLNSTSYGCFNGSNSYSGVGPT,7,run7/g6/g6_2.pdb,-2.222,-0.4593162536621094,False
6,"-1.913,-0.023302078247070312",GYSYNTSVSGGSMNMSYLNRTSSYCFNGSNFSSGVGPT,9,run9/g6/g6_22.pdb,-1.913,-0.0233020782470703,False
6,"-1.829,0.4889411926269531",GYSYNGSVSGGGMNMDYLNRTSYGCFNGSNFSSGVSPT,3,run3/g6/g6_24.pdb,-1.829,0.4889411926269531,False
6,"-1.82,1.4048805236816406",GYSSNTSVSGSSYNMDYLNRSSYESFNGSNFSSGVGPT,1,run1/g6/g6_0.pdb,-1.82,1.4048805236816406,False
6,"-1.535,-0.2769508361816406",GYSYNGSVSGGSMSMDYLNRTSYGCFNGSNFSSGVGPT,1,run1/g6/g6_4.pdb,-1.535,-0.2769508361816406,False
6,"-1.913,1.1672515869140625",GYSYNTSVSGSSMNMDYLNRTSYYSFNGSNFSSGVGPT,1,run1/g6/g6_6.pdb,-1.913,1.1672515869140625,False
6,"-1.905,-0.15720176696777344",GYSSNTSVSGSSMNMDYLNRTSYGCFNGSNFSSGVGPT,1,run1/g6/g6_13.pdb,-1.905,-0.1572017669677734,False
6,"-2.085,0.034488677978515625",GGSYNTSVSGSSMNMDYLNRTGYECFNGSNSSSGVGPT,16,run16/g6/g6_11.pdb,-2.085,0.0344886779785156,False
6,"-1.569,-0.17917633056640625",GYSYNTSVSGGSMNMDYLNRTGYECFSSSNFSSGVGPT,16,run16/g6/g6_5.pdb,-1.569,-0.1791763305664062,False
6,"-1.392,0.019411087036132812",GYSYNTSVGGGSMNMDYLNRTSYGCFNGSNSYSGVGPT,16,run16/g6/g6_3.pdb,-1.392,0.0194110870361328,False
6,"-1.734,-0.2470855712890625",GSSYNTSVSGGSMNMDYLNRSSYECFNGSNFSSGVGPT,10,run10/g6/g6_17.pdb,-1.734,-0.2470855712890625,False
6,"-1.868,-0.37732505798339844",SYSYNTSVSGGSMNMGYLNRTSYGCFNGSNFSSGVGPT,10,run10/g6/g6_12.pdb,-1.868,-0.3773250579833984,False
6,"-2.04,1.3442707061767578",GYSYNTSVSGSSYNMDYLNRTGYESFSGSNFSSGVGPT,10,run10/g6/g6_7.pdb,-2.04,1.3442707061767578,False
6,"-1.724,0.021871566772460938",GYSYNTSVSSGSMNMDYLNRTSYGCFNGSNFSSSVGPT,10,run10/g6/g6_5.pdb,-1.724,0.0218715667724609,False
6,"-2.043,0.9969062805175781",GYSYNTSVSGGGMNMGYLNGTSYGCFNGSNFSSGVGPT,6,run6/g6/g6_24.pdb,-2.043,0.996906280517578,False
6,"-1.913,0.12135124206542969",GYSYNGSVSGGSMNMDYLNRSSGECFNGGNFSSGVGPT,6,run6/g6/g6_23.pdb,-1.913,0.1213512420654296,False
6,"-1.739,-0.3863372802734375",GYSYNTSVSGGSMNMSYLNRTSYGCFSGSNFSSGVGPT,6,run6/g6/g6_18.pdb,-1.739,-0.3863372802734375,False
6,"-1.525,-0.2802448272705078",GYSYNTSVSGGSMNMDYLNRTSYGCFNGSNSYSGVGPG,6,run6/g6/g6_12.pdb,-1.525,-0.2802448272705078,False
6,"-2.06,0.3983192443847656",GYSYNTSVSGGSMNMGYLNRTSYGCFNGSNFSSGVSPT,6,run6/g6/g6_6.pdb,-2.06,0.3983192443847656,False
6,"-2.171,0.06681060791015625",GYSYNTSVSGSSMNMDYLNRTSYGCFNTSNFSSGVSPT,15,run15/g6/g6_0.pdb,-2.171,0.0668106079101562,False
6,"-1.917,-0.4271736145019531",GYSYNTSSSGGSMNMDYLNRSSYECGNGSNFSSGVGPT,5,run5/g6/g6_4.pdb,-1.917,-0.4271736145019531,False
6,"-1.845,0.2820777893066406",GYSYNTSVSGGSMNMDYLNRSGYECFNGSSSSSGVGPT,15,run15/g6/g6_21.pdb,-1.845,0.2820777893066406,False
6,"-1.852,0.17995834350585938",GYSYNTSVSGGSMNMDYLNRSGYGSFNGSNSSSGVGPT,15,run15/g6/g6_24.pdb,-1.852,0.1799583435058593,False
6,"-2.038,-0.6619644165039062",GYGYNTSVSGGSMNMGYLNRSSYGCFNGSNFSSGVGPT,5,run5/g6/g6_5.pdb,-2.038,-0.6619644165039062,False
6,"-1.345,-0.12061691284179688",GYSSNGSVSGGSMNMDYLNRTSYGCFGGSNFSSGVGPT,5,run5/g6/g6_6.pdb,-1.345,-0.1206169128417968,False
6,"-1.562,0.050212860107421875",SYSYNTSVSGGSMNMDYLNRTGYGCFNSSNFSSGVGPT,2,run2/g6/g6_12.pdb,-1.562,0.0502128601074218,False
6,"-1.939,-0.5320262908935547",GNSYNTSVSGGSMNMDYLNRSSYESFNGSNFSSGVGPT,5,run5/g6/g6_22.pdb,-1.939,-0.5320262908935547,False
6,"-1.794,0.12031364440917969",GYSYNTSVSGGSMNMDYLNRTSSGCFNSSNFSSGVGPT,5,run5/g6/g6_14.pdb,-1.794,0.1203136444091796,False
6,"-2.085,-1.0802669525146484",GYSYNTSVSGGSMNMSYLNRSSYESFNGSNFSSGVSPT,5,run5/g6/g6_15.pdb,-2.085,-1.0802669525146484,False
6,"-1.483,-0.11568641662597656",GYSYSGSVSGGSMNMDYLNRTSYGCFNGSNFSSGVGPT,2,run2/g6/g6_14.pdb,-1.483,-0.1156864166259765,False
6,"-1.582,-0.07753944396972656",GYSYNTSVSGGSMNMDYLNRTSYGSFSGSNFSSGVGPT,14,run14/g6/g6_6.pdb,-1.582,-0.0775394439697265,False
6,"-2.08,-0.2328472137451172",GYSGNTSVSGSSYNMDYLNRTSYGCFNGSNSYSGVGPT,14,run14/g6/g6_11.pdb,-2.08,-0.2328472137451172,False
6,"-1.516,0.23735618591308594",GYSYNTSVSGGSMNMSYLNRTGYECFNGSNFSSGVGPT,14,run14/g6/g6_16.pdb,-1.516,0.2373561859130859,False
6,"-1.71,-0.236053466796875",GYSYNGSSSGSSYSMSYLNRTSYGCFNGSNFSSGVGPT,14,run14/g6/g6_20.pdb,-1.71,-0.236053466796875,False
6,"-1.817,0.041446685791015625",GYSYNTSVSGGSMNMDYLNRTSYGCFSGSNFSSSVGPT,13,run13/g6/g6_23.pdb,-1.817,0.0414466857910156,False
6,"-1.513,-0.5422630310058594",GYSYNGSVSGGSMNMGYLNRTSYGCFNGSNFSSGVGPT,13,run13/g6/g6_16.pdb,-1.513,-0.5422630310058594,False
6,"-1.848,-0.08608055114746094",GYSYNTSVSGGSMNMDYLNRTSYGCFSSSNFYSGVGPT,13,run13/g6/g6_14.pdb,-1.848,-0.0860805511474609,False
6,"-2.107,0.5146827697753906",GYSYNTSVSGSSMNMDYLNSTGYECFNGSNFSSGVGPT,13,run13/g6/g6_12.pdb,-2.107,0.5146827697753906,False
7,"-2.141,0.5155220031738281",GYSYNTSVSGSSMNMDYLNSTSYGCFNGSNSYSGVGPT,1,run1/g7/g7_0.pdb,-2.141,0.5155220031738281,False
7,"-1.77,-0.0689849853515625",GYSYNTSVSGGSMNMDYLNRTGYECFNSSNFSSGVGPT,7,run7/g7/g7_18.pdb,-1.77,-0.0689849853515625,False
7,"-2.199,-0.3637351989746094",SYSYNTSSSGGSMNMDYLSSTSYGCFNGSNSYSGVGPT,7,run7/g7/g7_17.pdb,-2.199,-0.3637351989746094,False
7,"-1.624,-0.14593887329101562",GYSYNTSVSGGSMNMSYLNRTSYGCFNGSNFSSSVGPT,16,run16/g7/g7_13.pdb,-1.624,-0.1459388732910156,False
7,"-1.519,-0.7934036254882812",GGSYNTSVSGGSMNMGYLNRTSYGCFNGSNSYSGVYPT,16,run16/g7/g7_11.pdb,-1.519,-0.7934036254882812,False
7,"-2.091,-0.2249317169189453",GYSYNTSVSSSSMNMDYLNRTGYECFNGSNFSSGVGPT,13,run13/g7/g7_13.pdb,-2.091,-0.2249317169189453,False
7,"-1.746,-0.27841949462890625",GYSYNGSVSGGSMNMGYLNRSSYGCFNGSNFSSGVGPT,13,run13/g7/g7_10.pdb,-1.746,-0.2784194946289062,False
7,"-1.677,0.2957267761230469",GYSSNTSVSGGSMNMDYLNRSSYECFNGSNFSSGVSPT,13,run13/g7/g7_8.pdb,-1.677,0.2957267761230469,False
7,"-2.546,-0.07599449157714844",GYSYNTSVSGSSMNMDYLNSTGYECFNGSNFSGGVGPT,13,run13/g7/g7_5.pdb,-2.546,-0.0759944915771484,False
7,"-2.025,-0.36360740661621094",GYSYNTSVSGGSMNMSYLNRTSYGCFSGSNFSSSVGPT,13,run13/g7/g7_17.pdb,-2.025,-0.3636074066162109,False
7,"-1.998,-0.07649612426757812",GSSYNTSVSGGSMNMSYLNRSSYECFNSSNFSSGVGPT,7,run7/g7/g7_9.pdb,-1.998,-0.0764961242675781,False
7,"-1.608,-0.2943916320800781",GYSSNTSVSGGSMNMSYLNRSSYECFNGSNFSSGVGPT,7,run7/g7/g7_8.pdb,-1.608,-0.2943916320800781,False
7,"-1.869,0.15478897094726562",GYSYNTSVSGGSMNMDYLNRTGYESFNGSNFSSSVGPT,7,run7/g7/g7_6.pdb,-1.869,0.1547889709472656,False
7,"-1.537,0.07170295715332031",GYSYNTSVSGSSMNMDYLNRTSYGCFNSSNFSSGVGPT,13,run13/g7/g7_24.pdb,-1.537,0.0717029571533203,False
7,"-1.904,-0.057094573974609375",GYSYNTSVSGSSMNMDYLNRTSYYSFNGSSFSSGVGPT,1,run1/g7/g7_8.pdb,-1.904,-0.0570945739746093,False
7,"-1.935,-0.2793693542480469",GYSGNTSVSGGSMNMDYLGRTGYECGNGSNFSSGVGPT,1,run1/g7/g7_9.pdb,-1.935,-0.2793693542480469,False
7,"-2.137,0.2699718475341797",GYSYNGSSSGSSYSMSYLNRTGYGCFNGSNFSSGVGPT,14,run14/g7/g7_13.pdb,-2.137,0.2699718475341797,False
7,"-1.892,-0.6398353576660156",GYSYNTSVSGGSMSMDYLNRSGYGSFNGSNSSSGVGPT,15,run15/g7/g7_24.pdb,-1.892,-0.6398353576660156,False
7,"-1.88,-0.05673408508300781",GYSYNTSVSGGSMNMDYLNRSGYECFNSSSSSSGVGPT,15,run15/g7/g7_22.pdb,-1.88,-0.0567340850830078,False
7,"-2.095,0.07445716857910156",GYSYNTSVSGSSMNMDYLNRTSYGCFNGSNSYSSVGPT,15,run15/g7/g7_20.pdb,-2.095,0.0744571685791015,False
7,"-1.559,-0.23537826538085938",GYSYNGSVSGGSMNMDYLNRSSYGCFNGSNFSSGVGPT,15,run15/g7/g7_16.pdb,-1.559,-0.2353782653808593,False
7,"-1.588,1.6330451965332031",GYSYNGSVSGGSMNMDYLNRSSYESFNGSNFSSGVGPT,15,run15/g7/g7_14.pdb,-1.588,1.6330451965332031,False
7,"-1.66,-0.3433704376220703",GYSYNTSVSGGSMNMDYLNRTSYGSFNGSNFSSGVGPG,14,run14/g7/g7_11.pdb,-1.66,-0.3433704376220703,False
7,"-1.858,-0.3454914093017578",GGSYNTSVSGGSMNMDYLNRTSYGSFSGSNFSSGVGPT,14,run14/g7/g7_9.pdb,-1.858,-0.3454914093017578,False
7,"-2.114,-0.2979736328125",GYSYNTSVSGGSMNMGYLNRTSYGCYNGSNFSSGVSPT,6,run6/g7/g7_1.pdb,-2.114,-0.2979736328125,False
7,"-2.008,0.12987518310546875",GYSYNTSVSGSSMNMDYLNRTSYGCFNGSNFSSSVGST,6,run6/g7/g7_5.pdb,-2.008,0.1298751831054687,False
7,"-2.002,0.3113269805908203",GYSYNTSVSGGSMNMSYLNRTSYGCFSGSNFSSGVSPT,6,run6/g7/g7_14.pdb,-2.002,0.3113269805908203,False
7,"-1.744,-0.01688385009765625",GSSYNTSVSGSSYSMDYLNRTSYGCFNGSSFSSGVGPT,14,run14/g7/g7_10.pdb,-1.744,-0.0168838500976562,False
7,"-2.081,-0.4355754852294922",SYSYNGSVSGGSMNMDYLNRSSYECFNGGNFSSGVGPT,6,run6/g7/g7_21.pdb,-2.081,-0.4355754852294922,False
7,"-2.172,0.19318199157714844",GYSYSTSVSGSSMNMDYLNRTSYGCFNGSNFSSGVGPT,6,run6/g7/g7_24.pdb,-2.172,0.1931819915771484,False
7,"-1.785,-0.3578624725341797",GYSYNTSVSGGSMNMDYLNRSSYECFNGSNFSSGSGPT,15,run15/g7/g7_4.pdb,-1.785,-0.3578624725341797,False
7,"-2.198,-0.18691444396972656",GYSYNTSVSGSSMNMDYLNRTSYGCFSTSNFSSGVSPT,15,run15/g7/g7_3.pdb,-2.198,-0.1869144439697265,False
7,"-1.494,-0.3151683807373047",GYSSNTSVSGGSMNMDYLNRTSYGSFNGSNFSSGVGPT,4,run4/g7/g7_11.pdb,-1.494,-0.3151683807373047,False
7,"-1.878,0.12941741943359375",GYSYNTSSSGGSMNGDYLNRTGYECFNGSNFSSGVGPT,4,run4/g7/g7_19.pdb,-1.878,0.1294174194335937,False
7,"-1.847,-0.9380779266357422",GYSSNTSVSGSSYNMDYLSRSSYESFNGSNFSSGVGPT,1,run1/g7/g7_24.pdb,-1.847,-0.9380779266357422,False
7,"-1.936,1.4714279174804688",GYSYNTSVSGGSMNMDYLNSTGYESFNGSNFSSGVSPT,1,run1/g7/g7_22.pdb,-1.936,1.4714279174804688,False
7,"-1.977,-0.6127834320068359",GYSSNTSVSGSSMNMDYLSRTSYGCFNGSNFSSGVGPT,1,run1/g7/g7_21.pdb,-1.977,-0.6127834320068359,False
7,"-2.245,-0.1479339599609375",GYSYSTSSSGGSMNMDYLNRTGYECFNGSNFSSGVGPT,15,run15/g7/g7_0.pdb,-2.245,-0.1479339599609375,False
7,"-2.049,-0.005924224853515625",SYSYNTSVSGGSMNMSYLNRSSYESFNGSNFSSGVSPT,5,run5/g7/g7_3.pdb,-2.049,-0.0059242248535156,False
7,"-1.577,0.44676971435546875",GYSSNGSVSGGSMNMDYLNRTSYGCFGGSNFSSGVSPT,5,run5/g7/g7_4.pdb,-1.577,0.4467697143554687,False
7,"-2.004,1.276580810546875",GYGYNTSVSGGSMNMGYLNRSSYGSFNGSNFSSGVGPT,5,run5/g7/g7_24.pdb,-2.004,1.276580810546875,False
7,"-1.793,-0.5380954742431641",GYSYNGSVSGGSMNMDYLNRTSYGCFNGSNSYSGVGPT,5,run5/g7/g7_20.pdb,-1.793,-0.5380954742431641,False
7,"-2.218,0.17799949645996094",GYSYNTSVSGGSMNMSYLNRTSYYCFNGSNFSSSVGPT,5,run5/g7/g7_18.pdb,-2.218,0.1779994964599609,False
7,"-1.922,-0.29595184326171875",SSSYNTSVSGGSMNMDYLNRTSYGCFNGSNFSSSVGPT,10,run10/g7/g7_16.pdb,-1.922,-0.2959518432617187,False
7,"-2.188,0.42244911193847656",GYSYNTSVSGSSYNMSYLNRTGYESFNGSNFSSGVGPT,10,run10/g7/g7_15.pdb,-2.188,0.4224491119384765,False
7,"-1.944,-0.16179656982421875",GYSYNTSVSGGSMNMDYLNRTGYECFSGSSFSSGVGPT,10,run10/g7/g7_4.pdb,-1.944,-0.1617965698242187,False
7,"-1.917,-0.36620330810546875",SYSYNTSVSGGSMSMGYLNRTSYGCFNGSNFSSGVGPT,10,run10/g7/g7_3.pdb,-1.917,-0.3662033081054687,False
7,"-1.355,-0.3956451416015625",GYSYNTSVSGGSMNMGYLSRTSYGCFNGSNFSSGVGPT,3,run3/g7/g7_18.pdb,-1.355,-0.3956451416015625,False
7,"-1.923,0.09650802612304688",GYSYNGSVSGGGMNMDYLNRTSYGCFNTSNFSSGVSPT,3,run3/g7/g7_17.pdb,-1.923,0.0965080261230468,False
7,"-1.505,-0.31786346435546875",GYSYNTSVSGGSMNMDYLNRTSYGCFNGSNFSSGVSPG,3,run3/g7/g7_14.pdb,-1.505,-0.3178634643554687,False
7,"-1.441,0.10709571838378906",GYSYNTSVSGGSMNMDYLSRTSYYCFNSSNFSSGVGPG,3,run3/g7/g7_9.pdb,-1.441,0.107095718383789,False
7,"-2.101,0.23736572265625",GYSYNTGVSGGSMNMDYLNGTSYYCFNGSNFSSSVGPT,3,run3/g7/g7_5.pdb,-2.101,0.23736572265625,False
7,"-2.295,0.18895339965820312",GSSYNTSVSGGSMNMDYLNRTSSGCFNGSNFSSSVGPT,10,run10/g7/g7_0.pdb,-2.295,0.1889533996582031,False
7,"-1.687,-0.12100982666015625",SYSYNTSVSGGSMNMDYLNRTGYYCFNSSNFSSGVGPT,2,run2/g7/g7_2.pdb,-1.687,-0.1210098266601562,False
7,"-1.788,0.05700111389160156",GYSYNTSVSGGSMNMDYLNRTSYGCFSGSNFSSSVSPT,8,run8/g7/g7_2.pdb,-1.788,0.0570011138916015,False
7,"-1.767,-0.2303600311279297",GYSYNTSVSGGSMNMSYLNRTSYGCFNSSNFSSGVGPT,8,run8/g7/g7_4.pdb,-1.767,-0.2303600311279297,False
7,"-1.635,-0.1998577117919922",GYSYNTSVSGGGMNMDYLNRSSYECFSGSNFSSGVGPT,8,run8/g7/g7_5.pdb,-1.635,-0.1998577117919922,False
7,"-2.05,0.1128692626953125",GYSYNTSVSGGSMNMDYLNRTSSGCFNGSNFSSSVSPT,8,run8/g7/g7_7.pdb,-2.05,0.1128692626953125,False
7,"-1.92,0.3212928771972656",GYSYNGSVSGGSMNMDYLNRTSSGCFNGSNFSSSVSPT,8,run8/g7/g7_8.pdb,-1.92,0.3212928771972656,False
7,"-1.61,-0.33167266845703125",GYSYNTSVSGGSMNMDYLNRTSYYSFNGSNFSSGVGPT,8,run8/g7/g7_10.pdb,-1.61,-0.3316726684570312,False
7,"-1.882,0.21573257446289062",GSSYNTSSSGGSMSMDYLNRTSYGCFNGSNFSSSVGPT,2,run2/g7/g7_3.pdb,-1.882,0.2157325744628906,False
7,"-1.471,0.008234024047851562",GYSYNTSVSGGSMNMDYLNRTSYGCFNGSSSYSSVGPT,2,run2/g7/g7_18.pdb,-1.471,0.0082340240478515,False
7,"-1.481,-0.2525825500488281",GYSYNGSVSGGGMNMDYLNRTSYGCFGGSNFSSGVGPT,2,run2/g7/g7_16.pdb,-1.481,-0.2525825500488281,False
7,"-1.442,0.3515796661376953",GYSYNGSVSGGSMNMDYLNRTSYGSFNGSNFSSSVGPT,2,run2/g7/g7_11.pdb,-1.442,0.3515796661376953,False
7,"-1.959,-0.6772060394287109",GYSYNTSVSGGSMNMGYLNRSSYGCFNGSNFSSGVGPT,8,run8/g7/g7_20.pdb,-1.959,-0.6772060394287109,False
7,"-1.593,0.13454627990722656",GYSYNTSVSGGSMNMDYLNRTSYGYFNSSNSYSGVGPT,12,run12/g7/g7_10.pdb,-1.593,0.1345462799072265,False
7,"-1.834,1.0598106384277344",GYSYNTSVSGGSMNMGYLNSTSYGCFNGSNFSSGVGPT,12,run12/g7/g7_14.pdb,-1.834,1.0598106384277344,False
7,"-2.008,0.6226119995117188",GYSYSGSVSGGSMNMDYLNRTSYGCFNSSNFSSGVGST,12,run12/g7/g7_16.pdb,-2.008,0.6226119995117188,False
7,"-1.897,-0.7004146575927734",GYSYNGSVSGGGMNMGYLNRTSYGCFNGSNFSSGVGPT,12,run12/g7/g7_18.pdb,-1.897,-0.7004146575927734,False
7,"-2.083,0.388641357421875",GYSYSGSVSGSSMNMDYLNRTSYGCFNSSNFSSSVGPT,12,run12/g7/g7_20.pdb,-2.083,0.388641357421875,False
7,"-1.752,-0.4634361267089844",GYSYSTSVSGGSMNMDYLNRTSYGCFSGSNFSSGVGPG,9,run9/g7/g7_24.pdb,-1.752,-0.4634361267089844,False
7,"-1.932,-0.08063888549804688",GYSYNTGSSGGGMNMDYLNRTSSGCFNGSNFSSGVGPT,9,run9/g7/g7_23.pdb,-1.932,-0.0806388854980468,False
7,"-1.973,0.07237815856933594",GYSYNTSVSGGSMNMSYLNRTSSYCFNSSNFSSGVGPT,9,run9/g7/g7_20.pdb,-1.973,0.0723781585693359,False
7,"-1.923,0.28910064697265625",GYSSNTSVSGGSMNMDYLSRTSYGCFNGSNFSSGVSPT,9,run9/g7/g7_16.pdb,-1.923,0.2891006469726562,False
7,"-1.913,0.225738525390625",GYSYSTSVSGGSMNMDYLNRTGYYCFSGSNFSSSVGPT,9,run9/g7/g7_15.pdb,-1.913,0.225738525390625,False
7,"-1.642,0.3091907501220703",GYSYNTSVSGGSMNMDYLNRTSYGSFNGSNSYSSVGPT,9,run9/g7/g7_13.pdb,-1.642,0.3091907501220703,False
7,"-2.036,-0.4691143035888672",GYSYNTSSSGGSMNMSYLNSTSYGCFNGSNSYSGVGPT,9,run9/g7/g7_6.pdb,-2.036,-0.4691143035888672,False
7,"-1.623,1.3957233428955078",GYSYNTSVSGGSMNMDYLNSTSYGSFNGSNSYSGVGPT,9,run9/g7/g7_0.pdb,-1.623,1.3957233428955078,False
7,"-1.845,0.5381736755371094",GYSYNTSVSGGSMNMDYLNSTSYGCFSGSNFSSGVSPT,12,run12/g7/g7_13.pdb,-1.845,0.5381736755371094,False
7,"-1.784,-0.3849163055419922",GYSYSTSVSGGSMNMDYLNRTSYGCFNGSNSYSSVGPT,11,run11/g7/g7_3.pdb,-1.784,-0.3849163055419922,False
7,"-1.485,0.09745025634765625",GYSSNTSVSGGSMNMDYLNRSSYECFNSSNFSSGVGPT,11,run11/g7/g7_10.pdb,-1.485,0.0974502563476562,False
7,"-1.859,-0.17365074157714844",GSSYNTSVSGGSMNMDYLNRTSYGCFNGSNSYSGVGPT,11,run11/g7/g7_21.pdb,-1.859,-0.1736507415771484,False
7,"-1.726,-0.1442241668701172",GYSYNTSVSGGSMNMDYLNRTSYGCFSSSNSYSGVGPT,11,run11/g7/g7_13.pdb,-1.726,-0.1442241668701172,False
7,"-2.081,-0.13755226135253906",GGSGNTSVSGGSMNMDYLNRTGYECFNGSNFGSGVGPT,11,run11/g7/g7_20.pdb,-2.081,-0.137552261352539,False
7,"-2.169,-0.9134483337402344",GYGYNTSVSGSSYNMDYLNRTSYGSGNGSNFSSGVGPT,11,run11/g7/g7_8.pdb,-2.169,-0.9134483337402344,False
8,"-1.668,0.10911750793457031",GYSYNTSVSGGSMNMDYLNRSSYGCFNSSNFSSGVGPT,8,run8/g8/g8_2.pdb,-1.668,0.1091175079345703,False
8,"-2.072,0.11420822143554688",GYSYNTSVSGGSMNMGYLNRYSYGCFNGSNFSSGVGPT,8,run8/g8/g8_4.pdb,-2.072,0.1142082214355468,False
8,"-2.039,-0.22391700744628906",GYSYNTSVSSGSMNMSYLNRTSYGCFNGSNFSSSVGPT,10,run10/g8/g8_18.pdb,-2.039,-0.223917007446289,False
8,"-1.913,-0.4680004119873047",GYSYNTSVSGGSMSMDYLNRTGYESFNGSNFSSGVGPT,10,run10/g8/g8_16.pdb,-1.913,-0.4680004119873047,False
8,"-1.928,-0.4119129180908203",SYSSNTSVSGGSMSMGYLNRTSYGCFNGSNFSSGVGPT,10,run10/g8/g8_15.pdb,-1.928,-0.4119129180908203,False
8,"-2.335,-0.587982177734375",GYSYNTSVSGSSYNMSYLNRTGYESFSGSNFSSGVGPT,10,run10/g8/g8_13.pdb,-2.335,-0.587982177734375,False
8,"-1.809,-0.2896461486816406",GSSYNGSVSGGSMNMDYLNRTSYGCFNGSNFSSSVGPT,10,run10/g8/g8_12.pdb,-1.809,-0.2896461486816406,False
8,"-1.995,1.235586166381836",GYSYNTSVSGSSYNMDYLNRTGYESFNGSNFSSGVGPT,10,run10/g8/g8_7.pdb,-1.995,1.235586166381836,False
8,"-1.872,-0.045696258544921875",GYSYNGSVSGGSMNMDYLNRTSSGCFNTSNFSSSVSPT,8,run8/g8/g8_9.pdb,-1.872,-0.0456962585449218,False
8,"-1.858,-0.31523704528808594",GYSYNTSVSGSSMNMGYLNRTSYGCFNGSNSYSGVGPT,8,run8/g8/g8_11.pdb,-1.858,-0.3152370452880859,False
8,"-2.21,-0.054111480712890625",GYSYNTSVSSSSMNMDYLNRTSYGCFSTSNFSSGVSPT,15,run15/g8/g8_24.pdb,-2.21,-0.0541114807128906,False
8,"-1.79,0.12573814392089844",GYSYNGSVSGGSMNMDYLNRTGYGCFNGSNFSSGVGPT,15,run15/g8/g8_23.pdb,-1.79,0.1257381439208984,False
8,"-1.691,0.4673328399658203",GYSYNGSVSGGSMNMDYLNRTSYGCFNGSNFSSGVSPT,15,run15/g8/g8_22.pdb,-1.691,0.4673328399658203,False
8,"-2.059,-0.10097503662109375",GSSYNTSVSGGSMNMDYLNRSGYECFNSSSSSSGVGPT,15,run15/g8/g8_21.pdb,-2.059,-0.1009750366210937,False
8,"-1.789,-0.4313850402832031",GSSYNGSVSGGSMNMDYLNRSSYGCFNGSNFSSGVGPT,15,run15/g8/g8_19.pdb,-1.789,-0.4313850402832031,False
8,"-1.828,-0.31560707092285156",GYSYNTSVSGGSMNMDYLNRSGSECFNGSNSSSGVGPT,15,run15/g8/g8_3.pdb,-1.828,-0.3156070709228515,False
8,"-1.842,0.16221046447753906",GYSYNGGVSGGSMNMDYLNRSSYECFNGSNFSSGVGPT,15,run15/g8/g8_4.pdb,-1.842,0.162210464477539,False
8,"-1.729,-0.1828632354736328",GYSYNTSSSGGSMNMDYLSRTSYGCFNGSNFSSGVGPT,15,run15/g8/g8_5.pdb,-1.729,-0.1828632354736328,False
8,"-1.86,-0.014352798461914062",GYGYNTSVSGGSMNMDYLNRTGYECFNGSNFSSGVGPT,15,run15/g8/g8_6.pdb,-1.86,-0.014352798461914,False
8,"-2.305,0.08910942077636719",GYSYNTSVSGSSMNMDYLNRTGYECFNGSNFSSSVGPT,15,run15/g8/g8_14.pdb,-2.305,0.0891094207763671,False
8,"-1.657,-1.0412921905517578",GYSYNTSVSGGSMNMGYLNRSSYGSFNGSNFSSGVGPT,8,run8/g8/g8_16.pdb,-1.657,-1.0412921905517578,False
8,"-1.448,-0.7047824859619141",GYSYNTSVSGGSMNMDYLNRSSYGCFNGSNSSSGVGPT,8,run8/g8/g8_17.pdb,-1.448,-0.7047824859619141,False
8,"-1.648,0.17025375366210938",GYSYNTSVSGGSMNMDYLNRSSYECFNGSNFSSSVGPT,8,run8/g8/g8_19.pdb,-1.648,0.1702537536621093,False
8,"-1.965,-0.6958599090576172",GYSYNTSVSGGSMNMGYLNRTSYGSFNGSNFSSGVGPG,14,run14/g8/g8_6.pdb,-1.965,-0.6958599090576172,False
8,"-1.718,-0.4483604431152344",GYSYNTSVSGGSMNMDYLNRSSYGSFSGSNFSSGVGPT,14,run14/g8/g8_7.pdb,-1.718,-0.4483604431152344,False
8,"-1.689,-0.5746173858642578",GYSYNTSVSGSSYSMGYLNRTSYGCFNGSNFSSGVGPT,14,run14/g8/g8_10.pdb,-1.689,-0.5746173858642578,False
8,"-1.997,0.22138595581054688",GGSYNTSVSGGSMNMDYLNRTSYGSFSGSNFSSSVGPT,14,run14/g8/g8_17.pdb,-1.997,0.2213859558105468,False
8,"-1.801,1.1782665252685547",GYSYNGSVSGGSMNMDYLNRTSYGGFNGSNFSSSVSPT,8,run8/g8/g8_24.pdb,-1.801,1.178266525268555,False
8,"-1.783,-0.4046478271484375",GYSYNTSVSGGSMNMDYLSRTSYYCFNGSNFSSGVGPT,5,run5/g8/g8_24.pdb,-1.783,-0.4046478271484375,False
8,"-1.379,-0.08096122741699219",GYSYNTSVSGGSMNMGYLGRTSYGCFNGSNFSSGVGPT,3,run3/g8/g8_4.pdb,-1.379,-0.0809612274169921,False
8,"-1.783,-0.07488250732421875",GYSYNTSSSGGSMNMDYLNRSSYECFNGSSFSSGVGPT,3,run3/g8/g8_7.pdb,-1.783,-0.0748825073242187,False
8,"-1.356,-0.3630504608154297",GYSYNTSVSGGSMNMDYLSRSSYGCFNGSNFSSGVGPT,3,run3/g8/g8_9.pdb,-1.356,-0.3630504608154297,False
8,"-1.772,0.6012229919433594",GYSYNTSSSGSSMNMDYLNSTGYGCFNGSNSSSGVGPT,4,run4/g8/g8_10.pdb,-1.772,0.6012229919433594,False
8,"-1.719,0.3976936340332031",GYSYNTSVSGGSMNMGYLNRTSYGCFNGSNFSSSVGPT,4,run4/g8/g8_13.pdb,-1.719,0.3976936340332031,False
8,"-2.128,0.6304759979248047",GYSYNTSSSGGSMNMDYLNRTGYGCFNGSNFSSGVGPT,4,run4/g8/g8_24.pdb,-2.128,0.6304759979248047,False
8,"-2.102,0.3119964599609375",GYSYNTSVSGGSMNMDYLNSTSSYCFNGSNSSSSVGPT,4,run4/g8/g8_7.pdb,-2.102,0.3119964599609375,False
8,"-2.383,-0.5136985778808594",GYSYNTSSSGGSMNMDYLNRTGYESGNGSNFSSGVGPT,7,run7/g8/g8_14.pdb,-2.383,-0.5136985778808594,False
8,"-1.859,0.36407470703125",GYSYNTSVSGGSMNMDYLNSTGYESFNGSNFSSSVGPT,7,run7/g8/g8_9.pdb,-1.859,0.36407470703125,False
8,"-1.935,-0.19769668579101562",GYSYNTSVSGSSMNMDYLNRTGYGCFNGSNFSSGVGPG,7,run7/g8/g8_5.pdb,-1.935,-0.1976966857910156,False
8,"-1.588,-0.2956695556640625",GYSSNGSVSGGSMNMSYLNRSSYECFNGSNFSSGVGPT,7,run7/g8/g8_18.pdb,-1.588,-0.2956695556640625,False
8,"-2.077,0.14651870727539062",GSSSNTSVSGGSMNMSYLNRSSYECFNSSNFSSGVGPT,7,run7/g8/g8_21.pdb,-2.077,0.1465187072753906,False
8,"-1.932,-0.3166179656982422",GYSYNTSVSGGSMNMDYLNRTSYGCFNGSNFSSGSGPT,3,run3/g8/g8_17.pdb,-1.932,-0.3166179656982422,False
8,"-1.723,-0.4381561279296875",GYSYSTSVSGGSMNMDYLNRTSYGCFNGSNFSSGVSPG,3,run3/g8/g8_23.pdb,-1.723,-0.4381561279296875,False
8,"-1.5,0.07593154907226562",GYSYNTSVSGGSMNGDYLSRTGYECFNGSNFSSGVGPG,7,run7/g8/g8_23.pdb,-1.5,0.0759315490722656,False
8,"-1.538,0.285888671875",GYSYNTSVSGGSMSMDYLNRTSYGCFNGSNFSSSVGPT,5,run5/g8/g8_20.pdb,-1.538,0.285888671875,False
8,"-1.91,0.09125328063964844",GSSYNGSSSGGSMSMDYLNRTSYGCFNGSNFSSSVGPT,2,run2/g8/g8_6.pdb,-1.91,0.0912532806396484,False
8,"-1.6,-0.013204574584960938",GYSYNTSVSGGSMNMDYLNRTSSGCFNGSSSYSSVGPT,2,run2/g8/g8_13.pdb,-1.6,-0.0132045745849609,False
8,"-1.977,-0.8387222290039062",GYSYNTSVSGGSMNMSYLSRTSYYCFNGSNFSSGVGPT,5,run5/g8/g8_1.pdb,-1.977,-0.8387222290039062,False
8,"-2.102,-0.18901634216308594",GYGYNTSVSGGSMNMGYLNRSGYGSFNGSNFSSGVGPT,5,run5/g8/g8_2.pdb,-2.102,-0.1890163421630859,False
8,"-1.574,0.3036956787109375",GYSSNGSVSGGSMNMDYLNRTSYGCFGGSNFSSGVSST,5,run5/g8/g8_7.pdb,-1.574,0.3036956787109375,False
8,"-1.86,0.4123573303222656",GYSYNTSSSGGSMNMDYLNRTSYGCFNGSNFSSGVSPT,5,run5/g8/g8_9.pdb,-1.86,0.4123573303222656,False
8,"-1.781,-0.19557571411132812",GYSYNTSSSGGSMNMDYLNRTSSGCFNGSNFSSGVGPG,5,run5/g8/g8_10.pdb,-1.781,-0.1955757141113281,False
8,"-2.366,0.6748237609863281",GYSYNTSVSGGSMNMSYLNRTSYYCFNGSNFSSSVGST,5,run5/g8/g8_11.pdb,-2.366,0.6748237609863281,False
8,"-2.085,0.4481334686279297",SYSYNTSVSGGSMNMSYLNRSSYESFNGSNFSSGVSST,5,run5/g8/g8_17.pdb,-2.085,0.4481334686279297,False
8,"-1.747,-0.9117794036865234",SYSYNTSVSGGSMNMGYLNRTSYGCGNGSNFSSGVGPT,2,run2/g8/g8_16.pdb,-1.747,-0.9117794036865234,False
8,"-1.375,-0.37207603454589844",GYSYNTSVSGGSMNMDYLNSTSYYCFNGSNFSSGVGPT,2,run2/g8/g8_17.pdb,-1.375,-0.3720760345458984,False
8,"-1.541,-0.4362602233886719",GYSYNGSVSGGSMNMDYLNRTSYGCFNGSNFSSGVGPG,12,run12/g8/g8_18.pdb,-1.541,-0.4362602233886719,False
8,"-1.851,-0.3904399871826172",GYSYNGSVSGGGMNMGYLNRTSYGCYNGSNFSSGVGPT,12,run12/g8/g8_17.pdb,-1.851,-0.3904399871826172,False
8,"-1.943,0.14316940307617188",GYSYNTSVSGGSMNMDYLNRTSYGYFGGSNSYSGVYPT,12,run12/g8/g8_5.pdb,-1.943,0.1431694030761718,False
8,"-2.15,-0.29656219482421875",GSSYNTSVSGGSMNMGYLNSTSYGCFNGSNFSSGVGPT,12,run12/g8/g8_19.pdb,-2.15,-0.2965621948242187,False
8,"-1.877,1.2637662887573242",GYSYNTSVSGGSMNMDYLNSTSYGSFSGSNFSSGVSPT,12,run12/g8/g8_22.pdb,-1.877,1.2637662887573242,False
8,"-1.686,-0.08393287658691406",GYSYNTSVSGGSMNMGYLNRTSYGCFSGSNFSSGVGPT,4,run4/g8/g8_4.pdb,-1.686,-0.083932876586914,False
8,"-1.473,0.1321125030517578",GYSYNGSVSGGGMNMDYLNRTSYGCFNSSNFSSGVGPT,2,run2/g8/g8_24.pdb,-1.473,0.1321125030517578,False
8,"-1.854,0.4652271270751953",SYSYNTSVSGGSMNMGYLNRTSYGCFNGSNFSSSVGPT,10,run10/g8/g8_24.pdb,-1.854,0.4652271270751953,False
8,"-1.768,-0.11210250854492188",GYSYNTSSSGGSMNMDYLNRTGYECFNSSNFSSGVGPT,5,run5/g8/g8_14.pdb,-1.768,-0.1121025085449218,False
8,"-2.021,0.06704139709472656",GYGYNTSVSGSSYNMDYLNRTSYGCFNSSNFSSGVGPT,11,run11/g8/g8_22.pdb,-2.021,0.0670413970947265,False
8,"-2.033,-0.06749343872070312",GYSSNTSVSGSSMNMDYLNRTGYGCFNGSNFSSGVGPT,1,run1/g8/g8_6.pdb,-2.033,-0.0674934387207031,False
8,"-1.69,-0.3145790100097656",GYSYNTSVSGSSMSMDYLNRTSYGCFNGSNFSSGVGPT,1,run1/g8/g8_7.pdb,-1.69,-0.3145790100097656,False
8,"-1.685,-0.5148391723632812",GYSYNTSVSGGSMNMDYLSRTSYGCFNGSNSYSGVGPT,1,run1/g8/g8_9.pdb,-1.685,-0.5148391723632812,False
8,"-2.208,0.5866069793701172",GYSYNTSVSGSSMNMDYLNSTSYGCFNGSNSYSSVGPT,1,run1/g8/g8_17.pdb,-2.208,0.5866069793701172,False
8,"-1.928,0.10385704040527344",GYSYNTSVSGSSMNGDYLNRTSYGCFNGSNSYSGVGPT,1,run1/g8/g8_18.pdb,-1.928,0.1038570404052734,False
8,"-1.92,-0.42740821838378906",GYSYNGSVSGSSMNMDYLNRTSYYSFNGSNFSSGVGPT,1,run1/g8/g8_20.pdb,-1.92,-0.427408218383789,False
8,"-1.788,-0.2318115234375",GYSSNTSVSGSSMNMDYLNRTSYGSFNGSNFSSGVGPT,1,run1/g8/g8_5.pdb,-1.788,-0.2318115234375,False
8,"-1.871,-0.33800697326660156",GYSYNTSVSGGSMNMDYLNRSSYESFSSSNFSSGVGPT,16,run16/g8/g8_12.pdb,-1.871,-0.3380069732666015,False
8,"-1.98,-0.1577434539794922",GYSSNTSSSGSSMNMDYLSRTSYGCFNGSNFSSGVGPT,1,run1/g8/g8_3.pdb,-1.98,-0.1577434539794922,False
8,"-2.19,0.064208984375",GYSYNTSSSGGSMNMDYLNSTGYESFNGSNFSSGVSPT,1,run1/g8/g8_22.pdb,-2.19,0.064208984375,False
8,"-2.015,-0.04382514953613281",GYSYNTSVSGSSMNMDYLGRTGYECFNGSNFSSGVGPT,9,run9/g8/g8_4.pdb,-2.015,-0.0438251495361328,False
8,"-2.006,-0.15313720703125",GYSYNTGSSGGGMGMDYLNRTSSGCFNGSNFSSGVGPT,9,run9/g8/g8_2.pdb,-2.006,-0.15313720703125,False
8,"-1.763,-0.4020042419433594",GYSYNTSSSGGSMNMGYLNRTSYGCFNGSNFSSGVGPT,9,run9/g8/g8_24.pdb,-1.763,-0.4020042419433594,False
8,"-1.853,0.3111724853515625",GYSSNTSVSGGSMNMDYLSRTGYGCFNGSNFSSGVGPT,9,run9/g8/g8_23.pdb,-1.853,0.3111724853515625,False
8,"-1.951,-0.2500476837158203",GYSYNTSSSGGSMNMSYLNRTSSYCFNSSNFSSGVGPT,9,run9/g8/g8_7.pdb,-1.951,-0.2500476837158203,False
8,"-1.841,0.2144184112548828",GYSYSTSVSGGSMNMDYLNRTSYGCFSGSNFSSSVGPG,9,run9/g8/g8_9.pdb,-1.841,0.2144184112548828,False
8,"-1.264,-0.15485191345214844",GYSYNTSVSGGSMNMSYLNRTSYGCFNGSNSYSSVGPT,16,run16/g8/g8_18.pdb,-1.264,-0.1548519134521484,False
8,"-1.41,-0.24852943420410156",SYSYNTSVSGGSMNMDYLNRTSYGCFNGSNSYSGVGPT,16,run16/g8/g8_20.pdb,-1.41,-0.2485294342041015,False
8,"-1.935,0.6156578063964844",GYSYSTSVSGGSMNMDYLNSTGYYCFSGSNFSSSVGPT,9,run9/g8/g8_18.pdb,-1.935,0.6156578063964844,False
8,"-2.04,-0.4650592803955078",GYSYSTSVSGGSMNMSYLNRTSYGCFSGSNFSSGVSPT,6,run6/g8/g8_22.pdb,-2.04,-0.4650592803955078,False
8,"-1.397,-0.36653709411621094",SYSYNTSVSGGSMNMDYLNRSSYGSFNGSNFSSGVGPT,11,run11/g8/g8_21.pdb,-1.397,-0.3665370941162109,False
8,"-2.073,-0.03908729553222656",GSSYNTSVGGGSMNMDYLNRTSYGCFNGSNSYSGVGPT,11,run11/g8/g8_19.pdb,-2.073,-0.0390872955322265,False
8,"-1.657,-0.30147552490234375",GYSYGTSVSGGSMNMDYLNRTSYGCFNGSNSYSGVGPG,6,run6/g8/g8_5.pdb,-1.657,-0.3014755249023437,False
8,"-1.804,-0.002506256103515625",GYSYNGSVSGGSMNMDYLNRTSSGCFNGSNFSSGVSPT,6,run6/g8/g8_8.pdb,-1.804,-0.0025062561035156,False
8,"-1.713,0.4248847961425781",GYSYNTSVSGGSMNMDYLNRTSYGCFNGSNSYSSVGPG,6,run6/g8/g8_11.pdb,-1.713,0.4248847961425781,False
8,"-1.951,0.1570873260498047",GYSSNGSVSGGSMNMDYLNRSSGECFNGGNFSSGVGPT,6,run6/g8/g8_13.pdb,-1.951,0.1570873260498047,False
8,"-2.227,-0.32167816162109375",GYSYSTSVSGSSMNMDYLNRTSYGCFNGSNFSSSVGST,6,run6/g8/g8_14.pdb,-2.227,-0.3216781616210937,False
8,"-2.392,-0.6157016754150391",SYSYNGSVSGGSMNMGYLNRSSYECFNGGNFSSGVGPT,6,run6/g8/g8_16.pdb,-2.392,-0.6157016754150391,False
8,"-1.711,0.6209659576416016",GYSSNTSVSGGSMNMDYLNRSSYECFNGSNFSSGVSST,13,run13/g8/g8_5.pdb,-1.711,0.6209659576416016,False
8,"-2.267,0.11239242553710938",GYSYNTSVSSSSMNMDYLNRTGYECFNGSNFSSSVGPT,13,run13/g8/g8_14.pdb,-2.267,0.1123924255371093,False
8,"-1.593,-0.08367156982421875",GYSSNTSVSGSSMNMDYLNRTSYGCFNGSNFSSGVGPG,13,run13/g8/g8_18.pdb,-1.593,-0.0836715698242187,False
8,"-1.895,0.036663055419921875",GYSSNGSVSGSSMNMDYLNRSSYECFNGSNFSSGVGPT,13,run13/g8/g8_19.pdb,-1.895,0.0366630554199218,False
8,"-1.997,-0.40407371520996094",GSSYNTSVSGSSMNMDYLNRSGYECFNGSNFSSGVGPT,13,run13/g8/g8_20.pdb,-1.997,-0.4040737152099609,False
8,"-1.88,0.016092300415039062",GYSYSTSVSGGSMNMDYLNRTSYGCFNSSNSYSSVGPT,11,run11/g8/g8_7.pdb,-1.88,0.016092300415039,False
9,"-2.026,0.15404319763183594",GYSSNTSVSGGGMNMDYLNRSSYECFNGSNFSSGVSST,13,run13/g9/g9_5.pdb,-2.026,0.1540431976318359,False
9,"-1.589,0.28423118591308594",GYSSNTSVSGSSMNMDYLNRTSYGCFNGSNFSSSVGPG,13,run13/g9/g9_2.pdb,-1.589,0.2842311859130859,False
9,"-1.579,0.31729698181152344",GYSYNTSVSGSSMNMDYLNRTSYGCFNGSNFSSSVGPG,13,run13/g9/g9_13.pdb,-1.579,0.3172969818115234,False
9,"-1.769,-0.612060546875",GYSSNTSVSGSSYNMDYLNRSSYGCFNGSNFSSGVGPT,14,run14/g9/g9_14.pdb,-1.769,-0.612060546875,False
9,"-1.764,0.23678207397460938",GYSYNTSVSGGSMNMDYLNRTSYGSFNGSNFSSSVGPT,14,run14/g9/g9_13.pdb,-1.764,0.2367820739746093,False
9,"-1.97,-0.3961372375488281",GYSYNGSVSGGSMNMGYLNRTSYGSFNGSNFSSGVGPG,14,run14/g9/g9_5.pdb,-1.97,-0.3961372375488281,False
9,"-2.313,-0.5554733276367188",GYSGNTSVSGSSYNMDYLGRTSYGCFNGSNSYSGVGPT,14,run14/g9/g9_4.pdb,-2.313,-0.5554733276367188,False
9,"-1.911,-0.2981681823730469",GSSSNTSVSGSSYSMDYLNRTSYGCFNGSSFSSGVGPT,14,run14/g9/g9_3.pdb,-1.911,-0.2981681823730469,False
9,"-2.454,-0.21463394165039062",SYSYNTSVSGSSMNMDYLNSTGYECFNGSNFSGGVGPT,13,run13/g9/g9_19.pdb,-2.454,-0.2146339416503906,False
9,"-1.834,-0.18328475952148438",GYSYNGSVSGGSMNMGYLNRSGYGCFNGSNFSSGVGPT,13,run13/g9/g9_18.pdb,-1.834,-0.1832847595214843,False
9,"-2.175,-0.4543876647949219",GYSSNTSVSGSSMNMSYLNRSSYECFNGSNFSSGVGPT,13,run13/g9/g9_16.pdb,-2.175,-0.4543876647949219,False
9,"-2.129,-0.20479202270507812",GYSYNTSVSGGSMNMGYLNRTGYECFSGSNFSSGVGPT,7,run7/g9/g9_6.pdb,-2.129,-0.2047920227050781,False
9,"-2.408,-0.23662185668945312",GYSYNTSSSGGSMNMDYLNRTGYESGNGSNFSSGVGPY,7,run7/g9/g9_7.pdb,-2.408,-0.2366218566894531,False
9,"-1.542,-0.18585777282714844",GYSYNTSVSGGSMNGDYLSRTGYECFSGSNFSSGVGPG,7,run7/g9/g9_8.pdb,-1.542,-0.1858577728271484,False
9,"-1.948,0.017627716064453125",GYSYNTSVSGSSMNMDYLNRTGYESFNGSNFSSGVGPT,7,run7/g9/g9_11.pdb,-1.948,0.0176277160644531,False
9,"-1.292,-0.4850749969482422",GYSYSTSVSGGSMNMDYLNRTGYGCFNGSNFSSGVGPT,7,run7/g9/g9_13.pdb,-1.292,-0.4850749969482422,False
9,"-1.772,-0.5227851867675781",GYSYNTSVSGGSMSMSYLNRTSYGCFNGSNFSSSVGPT,5,run5/g9/g9_24.pdb,-1.772,-0.5227851867675781,False
9,"-2.077,0.12323379516601562",GSSSNTSVSGGSMNMSYLNRSSYECFNSSNFSSGVGPG,7,run7/g9/g9_16.pdb,-2.077,0.1232337951660156,False
9,"-1.902,0.3331012725830078",GYSYNTSVSGSSMNMDYLNRTGYGCFNGSNFSSSVGPG,7,run7/g9/g9_19.pdb,-1.902,0.3331012725830078,False
9,"-1.675,-0.009004592895507812",GYSYNTSVSGGSMNMDYLSRTGYECFNSSNFSSGVGPG,7,run7/g9/g9_23.pdb,-1.675,-0.0090045928955078,False
9,"-2.171,-0.5686054229736328",GYSYNTSVSGGSMNMDYLSRTGYESFNGSNFSSSVGPT,7,run7/g9/g9_22.pdb,-2.171,-0.5686054229736328,False
9,"-1.73,0.7016563415527344",GYSYNTSVSGGSMNMDYLNSTSYGCFNGSNFSSGVSPT,3,run3/g9/g9_5.pdb,-1.73,0.7016563415527344,False
9,"-1.508,1.4800472259521484",GYSYNTSVSGGSMNMDYLNRTGYGSFNGSNFSSGVGPT,3,run3/g9/g9_9.pdb,-1.508,1.4800472259521484,False
9,"-1.655,0.20880889892578125",GYSYNTSVSGGSMNMDYLNRTSSGCFNGSNFSSGVSPG,3,run3/g9/g9_10.pdb,-1.655,0.2088088989257812,False
9,"-0.988,-0.1808147430419922",GYSYNTSVSGGSMNMDYLNRTSYGCFSSSNFSSGVGPT,3,run3/g9/g9_14.pdb,-0.988,-0.1808147430419922,False
9,"-1.829,-0.005359649658203125",GYSYNTSSSGGGMNMDYLNRSSYECFNGSSFSSGVGPT,3,run3/g9/g9_16.pdb,-1.829,-0.0053596496582031,False
9,"-1.72,-0.09778976440429688",GYSYNTSSSGGSMNMDYLNRSSYYCFNGSNFSSGVGPT,3,run3/g9/g9_17.pdb,-1.72,-0.0977897644042968,False
9,"-1.528,-0.1966991424560547",GYSYNTSVSGGSMNMDYLSRTSYGCFNSSNFSSSVGPT,3,run3/g9/g9_21.pdb,-1.528,-0.1966991424560547,False
9,"-1.77,0.09815597534179688",GYSYSGSVSGGSMNMDYLNRTSYGCFNGSNFSSGVSPG,3,run3/g9/g9_22.pdb,-1.77,0.0981559753417968,False
9,"-2.039,0.41803550720214844",GYSYNTSVSGGSMNMDYLNGTSYYCFNGSNFSSSVGPT,3,run3/g9/g9_15.pdb,-2.039,0.4180355072021484,False
9,"-1.897,-0.1590709686279297",SYSYNTSVSGSSYSMGYLNRTSYGCFNGSNFSSGVGPT,14,run14/g9/g9_16.pdb,-1.897,-0.1590709686279297,False
9,"-1.914,-0.9350986480712891",SYSYNTSVSGGSMNMGYLNRGSYGCGNGSNFSSGVGPT,2,run2/g9/g9_14.pdb,-1.914,-0.9350986480712892,False
9,"-1.75,-0.4062957763671875",SYSSNTSVSGGSMNMDYLNRTGYYCFNSSNFSSGVGPT,2,run2/g9/g9_11.pdb,-1.75,-0.4062957763671875,False
9,"-1.447,-0.20960044860839844",GYSYNTSVSGGSMNMDYLNSTSYYCYNGSNFSSGVGPT,2,run2/g9/g9_10.pdb,-1.447,-0.2096004486083984,False
9,"-1.76,-0.4831085205078125",SYSYNTSVSGGSMNMGYLNRTSYGCFNGSNFSSSVGPG,10,run10/g9/g9_5.pdb,-1.76,-0.4831085205078125,False
9,"-1.789,-0.10037994384765625",GYSYNGSVSGGSMNMDYLNRSSYGSFNGSNFSSGVGPT,2,run2/g9/g9_19.pdb,-1.789,-0.1003799438476562,False
9,"-2.13,0.1490325927734375",GYSYNSSSSGGSMNMDYLNRTGYECFNGSNFSSGVGPT,10,run10/g9/g9_12.pdb,-2.13,0.1490325927734375,False
9,"-2.151,-0.4210853576660156",GYSYNTSVSGGSMNMDYLNSTGSECFNGSNFSSGVGPT,11,run11/g9/g9_15.pdb,-2.151,-0.4210853576660156,False
9,"-2.216,-0.53033447265625",GYGYNTSVSGSSYNMDYLNRTSYGCFNSSNFSSGVGPY,11,run11/g9/g9_14.pdb,-2.216,-0.53033447265625,False
9,"-1.817,0.12063407897949219",GYSYNTSVSGGSMNMDYLNRTSYGSFNSSNSYSGVGPT,11,run11/g9/g9_11.pdb,-1.817,0.1206340789794921,False
9,"-1.964,-0.20154762268066406",GSSYNTSVSGGSMNMDYLNRTSYGCFNSSNSYSGVGPT,11,run11/g9/g9_6.pdb,-1.964,-0.201547622680664,False
9,"-2.235,0.2797679901123047",GYGYNTSVSGSSYNMDYLNRTSSGSGNGSNFSSGVGPT,11,run11/g9/g9_4.pdb,-2.235,0.2797679901123047,False
9,"-1.836,-0.24810028076171875",GYSYNTSVSGGSMNMDYLNRTSYYSFNGSNFSSGVGPG,8,run8/g9/g9_9.pdb,-1.836,-0.2481002807617187,False
9,"-1.633,-0.1376476287841797",GYSYNTSVSGGSMNMDYLNRSSYECFNGSSFSSSVGPT,8,run8/g9/g9_11.pdb,-1.633,-0.1376476287841797,False
9,"-1.944,-0.8327827453613281",GYSYNTSVSGGSMNMSYLNRSSYGCFNSSNFSSGVGPT,8,run8/g9/g9_15.pdb,-1.944,-0.8327827453613281,False
9,"-1.81,0.46704578399658203",GYSYNGSVSGGSMNMDYLNRTSYGGFNTSNFSSSVSPT,8,run8/g9/g9_24.pdb,-1.81,0.467045783996582,False
9,"-1.486,-0.19521713256835938",GYSYNGSVSGGSMNMDYLNRTSYGCFNGGNFSSGVGPT,10,run10/g9/g9_13.pdb,-1.486,-0.1952171325683593,False
9,"-1.916,-0.2732105255126953",SYSSNTSVSGGSMSMGYLNRTSYGCFNGSNFSSGVGPG,10,run10/g9/g9_14.pdb,-1.916,-0.2732105255126953,False
9,"-2.507,-0.242218017578125",GSSYSTSVSGGSMNMDYLNRTSSGCFNGSNFSSSVGPT,10,run10/g9/g9_15.pdb,-2.507,-0.242218017578125,False
9,"-2.171,0.2569408416748047",GYSSNTSVSGGSMNMDYLNRTSSGCFNGSNFSSGVGPT,4,run4/g9/g9_24.pdb,-2.171,0.2569408416748047,False
9,"-1.774,-0.22101783752441406",GYSYNTSVSGGSMNMDYLNRTGSECFNGSNFSSGVGPT,16,run16/g9/g9_3.pdb,-1.774,-0.221017837524414,False
9,"-1.356,-0.10252761840820312",GYSSNTSVSGGSMNMDYLNRTSYGCFNGSNSYSSVGPT,16,run16/g9/g9_8.pdb,-1.356,-0.1025276184082031,False
9,"-1.637,-0.2791614532470703",SYSYNTSSSGSSMNMDYLNSTGYGCFNGSNSSSGVGPT,4,run4/g9/g9_13.pdb,-1.637,-0.2791614532470703,False
9,"-1.682,-0.30324363708496094",SYSYNTSVSGGSMNMDYLNRTGYECFNGSNFSSGVGPT,4,run4/g9/g9_3.pdb,-1.682,-0.3032436370849609,False
9,"-1.473,-0.06981849670410156",GYSYNTSVSGGSMNMDYLNRTSYGSFNSSNFSSGVGPT,4,run4/g9/g9_4.pdb,-1.473,-0.0698184967041015,False
9,"-2.179,-0.1593780517578125",GYSYNTSSSGGSMNMDYLNRTGYYCFNGSNFSSGVGPT,4,run4/g9/g9_11.pdb,-2.179,-0.1593780517578125,False
9,"-1.85,-0.11548042297363281",GYSYNTSVSGSSMNMDYLNRTSYGYFNGSNSYSGVGPT,12,run12/g9/g9_16.pdb,-1.85,-0.1154804229736328,False
9,"-2.057,0.10800933837890625",GYSYSGSSSGGSMNMDYLNRTSYGCFNSSNFSSGVGPT,12,run12/g9/g9_21.pdb,-2.057,0.1080093383789062,False
9,"-1.639,-0.11058998107910156",GYSYNTSVSGGSMNMDYLNYTSYGYFNSSNSYSGVGPT,12,run12/g9/g9_22.pdb,-1.639,-0.1105899810791015,False
9,"-2.296,-0.9224624633789062",GYSYNSSVSGSSYNMSYLNRTGYESFNGSNFSSGVGPT,10,run10/g9/g9_23.pdb,-2.296,-0.9224624633789062,False
9,"-1.652,-0.3344612121582031",SYSYNTSVSGGSMNMDYLNRTGYESFNGSNFSSGVGPT,10,run10/g9/g9_20.pdb,-1.652,-0.3344612121582031,False
9,"-1.781,-0.29282188415527344",GYSYNTSVSSGSMNMDYLNRTSYGCYNGSNFSSSVGPT,10,run10/g9/g9_19.pdb,-1.781,-0.2928218841552734,False
9,"-2.21,-0.4098777770996094",GYSYSGSVSGSSMSMDYLNRTSYGCFNSSNFSSGVGPT,12,run12/g9/g9_14.pdb,-2.21,-0.4098777770996094,False
9,"-2.357,-0.24542808532714844",GSSYNTSSSGGSMNMGYLNSTSYGCFNGSNFSSGVGPT,12,run12/g9/g9_12.pdb,-2.357,-0.2454280853271484,False
9,"-1.762,0.05166435241699219",GYSYNTSVSSGSMNMDYLNRTSYGCFNGSNFSSSVGST,16,run16/g9/g9_16.pdb,-1.762,0.0516643524169921,False
9,"-1.261,0.4807453155517578",GGSYNTSVSGGSMNMGYLNRTSYGCFNGSNSYSSVYPT,16,run16/g9/g9_23.pdb,-1.261,0.4807453155517578,False
9,"-1.969,0.4683818817138672",GYSYNTSVSGSSYNMDYLNSTGYYCFNGSNFSSGVGPT,12,run12/g9/g9_3.pdb,-1.969,0.4683818817138672,False
9,"-1.693,0.30277442932128906",GYSYNTSVSGGSMNMDYLNSTSYGCFSGSNFSSSVSPT,12,run12/g9/g9_10.pdb,-1.693,0.302774429321289,False
9,"-1.997,1.5660285949707031",GYSSNTSVSGSSMNMDYLNRSSYESFNGSNFSSGVGPT,13,run13/g9/g9_24.pdb,-1.997,1.5660285949707031,False
9,"-2.084,-0.15989112854003906",GYSGNTSVSGSSMNGDYLNRTSYGCFNGSNSYSGVGPT,1,run1/g9/g9_23.pdb,-2.084,-0.159891128540039,False
9,"-2.374,-0.14120101928710938",GYSYNTSVSGSSMNMDYLNRTGSECFNGSNFSSSVGPT,15,run15/g9/g9_5.pdb,-2.374,-0.1412010192871093,False
9,"-1.68,0.7620697021484375",GYSYNGSVSGGSMNMDYLNSTSYGCFNGSNFSSGVGPT,15,run15/g9/g9_8.pdb,-1.68,0.7620697021484375,False
9,"-1.872,-0.055820465087890625",GYSYSGSVSGGSMNMDYLNRTSYGCFNGSNFSSGVSPT,15,run15/g9/g9_9.pdb,-1.872,-0.0558204650878906,False
9,"-1.879,0.2917804718017578",GYSYNTSVSGSSMSMDYLNRTSYGCFNGSNFSSSVGPT,1,run1/g9/g9_18.pdb,-1.879,0.2917804718017578,False
9,"-2.082,-0.05146598815917969",SYSYNTSVSGSSMNMDYLNRTSYYSFNGSSFSSGVGPT,1,run1/g9/g9_17.pdb,-2.082,-0.0514659881591796,False
9,"-2.17,-0.3732185363769531",GGSYNTGSSGGGMGMDYLNRTSSGCFNGSNFSSGVGPT,9,run9/g9/g9_12.pdb,-2.17,-0.3732185363769531,False
9,"-1.988,0.09665679931640625",GYSGNTSVSGGSMNMDYLGRTGYECGNSSNFSSGVGPT,1,run1/g9/g9_11.pdb,-1.988,0.0966567993164062,False
9,"-1.875,0.48810386657714844",GYSYNTSVSGGSMNMDYLNRSSYYCFNGSNFSSSVGPT,1,run1/g9/g9_13.pdb,-1.875,0.4881038665771484,False
9,"-1.933,0.14264869689941406",GYSYSTSVSGGSMNMDYLNRTGYGCFSGSNFSSSVGPG,9,run9/g9/g9_8.pdb,-1.933,0.142648696899414,False
9,"-2.179,-0.11011886596679688",GGSYNTSVSGSSMNMDYLGRTGYECFNGSNFSSGVGPT,9,run9/g9/g9_22.pdb,-2.179,-0.1101188659667968,False
9,"-1.999,-0.12787628173828125",GYSYNTSSSGGSMSMDYLNRTSSGCFSGSNFSSGVGPT,9,run9/g9/g9_21.pdb,-1.999,-0.1278762817382812,False
9,"-1.673,-0.24043846130371094",GYSYNTSVSGGSMSMDYLGRTGYECFNGSNFSSGVGPT,9,run9/g9/g9_16.pdb,-1.673,-0.2404384613037109,False
9,"-2.295,0.11821174621582031",GYSYNTSSSGSSMNMSYLNSTSYGCFNGSNSYSGVGPT,9,run9/g9/g9_15.pdb,-2.295,0.1182117462158203,False
9,"-1.986,0.5808506011962891",GYSYNTSSSGGSMSMDYLNSTSSGCFNGSNFSSGVGPT,9,run9/g9/g9_14.pdb,-1.986,0.5808506011962891,False
9,"-1.855,-0.45599937438964844",GYSYNTSSSGGSMNMDYLSSTSYGCFNGSNSYSGVGPT,9,run9/g9/g9_5.pdb,-1.855,-0.4559993743896484,False
9,"-1.888,-0.9916858673095703",GYSYNTSSSGGSMNMSYLSRTSYGCFNGSNFSSGVGPT,15,run15/g9/g9_15.pdb,-1.888,-0.9916858673095704,False
9,"-2.281,-0.1767444610595703",GYSSNTSVSGSSMNMDYLNRTSYGCFSTSNFSSGVSPT,15,run15/g9/g9_17.pdb,-2.281,-0.1767444610595703,False
9,"-1.911,-0.3831310272216797",GYSYNGSVSGGSMNMDYLNRTSYGCFNGSNFSSGSGPT,3,run3/g9/g9_23.pdb,-1.911,-0.3831310272216797,False
9,"-1.861,-0.06804084777832031",GYSYNTSVSGGSMNMDYLNRSSYECFNGSSFSSGSGPT,15,run15/g9/g9_18.pdb,-1.861,-0.0680408477783203,False
9,"-1.832,0.16695022583007812",GYSYNSSVSGGSMNMDYLNRSGSECFNGSNSSSGVGPT,15,run15/g9/g9_21.pdb,-1.832,0.1669502258300781,False
9,"-1.825,-0.16970443725585938",GSSYNTSVSGGSMNMGYLNRTSYGCFNGSNFSSGVGPT,6,run6/g9/g9_22.pdb,-1.825,-0.1697044372558593,False
9,"-1.769,0.027256011962890625",GYSYNTSVSGGSMSMDYLNRSSSECFNGSNFSSGVGPT,6,run6/g9/g9_23.pdb,-1.769,0.0272560119628906,False
9,"-1.865,-0.9206027984619141",GYSYNTSVSGGSMNMDYLSRTSYGSFNGSNSYSGVGPT,9,run9/g9/g9_24.pdb,-1.865,-0.920602798461914,False
9,"-1.989,0.09939956665039062",GSSGNTSVSGGSMNMDYLGRTGYECGNGSNFSSGVGPT,1,run1/g9/g9_7.pdb,-1.989,0.0993995666503906,False
9,"-1.744,0.2800445556640625",GYSYNTSSSGGSMNMDYLNRTSSGCFNSSNFSSGVGPG,5,run5/g9/g9_13.pdb,-1.744,0.2800445556640625,False
9,"-1.663,-0.3812904357910156",GYSYNTSSSGGSMSMDYLNRSSYECGNGSNFSSGVGPT,5,run5/g9/g9_14.pdb,-1.663,-0.3812904357910156,False
9,"-1.906,-0.13803863525390625",GYSYNTSVSGGGMNMGYLNRSSYGCFNGSNFSSGVGPT,6,run6/g9/g9_6.pdb,-1.906,-0.1380386352539062,False
9,"-2.202,-0.41884613037109375",GYSYSTSVSGSSMNMDYLNRTSYGCGNGSNFSSSVGST,6,run6/g9/g9_1.pdb,-2.202,-0.4188461303710937,False
9,"-1.863,-0.39507293701171875",GSSYNTSVSGGSMNMSYLNRTSYGCFSGSNFSSSVGPT,6,run6/g9/g9_2.pdb,-1.863,-0.3950729370117187,False
9,"-2.771,0.141265869140625",SYSYNGGVSGGSMNMGYLNRSSYECFNGGNFSSGVGPT,6,run6/g9/g9_4.pdb,-2.771,0.141265869140625,True
9,"-0.941,0.05904388427734375",GYSYNTSVSGGSMNMDYLNRSSSECFNGSNFSSGVGPT,5,run5/g9/g9_4.pdb,-0.941,0.0590438842773437,False
9,"-1.992,-0.4226341247558594",GYSYNTSVSGGSMNMSYLSRTSYYCFGGSNFSSGVGPT,5,run5/g9/g9_6.pdb,-1.992,-0.4226341247558594,False
9,"-1.885,0.2097320556640625",GYSYNTSSSGSSMNMDYLNRTSSGCFNGSNFSSGVGPT,5,run5/g9/g9_18.pdb,-1.885,0.2097320556640625,False
10,"-1.798,-0.23646163940429688",GYSYNTSSSGGSMNMDYLNRTSYGCFNGSNFSSSVGST,16,run16/g10/g10_2.pdb,-1.798,-0.2364616394042968,False
10,"-2.043,1.4423370361328125",GYSYNTSVSGGSMNMDYLNRTGSESFNGSNFSSGVGPT,16,run16/g10/g10_3.pdb,-2.043,1.4423370361328125,False
10,"-2.026,0.33341026306152344",GGSYNTSVSGGSMNMDYLNRTSYGSFSGSNFSSSVSPT,14,run14/g10/g10_2.pdb,-2.026,0.3334102630615234,False
10,"-1.865,-0.529296875",GYSYSTSVSGSSMNMDYLNRSSYGSFNGSNFSSGVGPT,14,run14/g10/g10_4.pdb,-1.865,-0.529296875,False
10,"-1.804,0.5672931671142578",GSSYNTSVSGSSYSMDYLNSTSYGCFNGSNFSSGVGPT,14,run14/g10/g10_3.pdb,-1.804,0.5672931671142578,False
10,"-1.989,0.3574504852294922",GYSYNGSVSGGSMNMGYLNRTSYGSFNGSNFSSSVGPG,14,run14/g10/g10_22.pdb,-1.989,0.3574504852294922,False
10,"-2.2,0.1255035400390625",GYSSNGSSSGSSYSMSYLNRTGYGCFNGSNFSSGVGPT,14,run14/g10/g10_7.pdb,-2.2,0.1255035400390625,False
10,"-1.846,-0.8135471343994141",GSSYNTSVSGSSYSMDYLNRSSYGCFNGSNFSSGVGPT,14,run14/g10/g10_20.pdb,-1.846,-0.8135471343994141,False
10,"-1.789,0.43802452087402344",GYSSNTSVSGSSYNMDYLNRTSYGCFNGSNFSSGVSPT,14,run14/g10/g10_19.pdb,-1.789,0.4380245208740234,False
10,"-1.995,-0.2617321014404297",GYSYNTSVSGGSMNMDYLNRTSYYSFNGSNFSSSVGPT,14,run14/g10/g10_15.pdb,-1.995,-0.2617321014404297,False
10,"-1.919,-0.6245632171630859",SYSYNGSVSGSSYSMGYLNRTSYGCFNGSNFSSGVGPT,14,run14/g10/g10_11.pdb,-1.919,-0.6245632171630859,False
10,"-1.957,0.5536518096923828",GSSSNTSVSGSSYSMDYLNSTSYGCFNGSSFSSGVGPT,14,run14/g10/g10_9.pdb,-1.957,0.5536518096923828,False
10,"-2.268,-0.227783203125",GYSYNTSVSGGSMNMDYLNSTSSYCFSGSNSSSSVGPT,4,run4/g10/g10_4.pdb,-2.268,-0.227783203125,False
10,"-2.202,-0.5024356842041016",GYSSNTSVSGGSMSMDYLNRTSSGCFNGSNFSSGVGPT,4,run4/g10/g10_6.pdb,-2.202,-0.5024356842041016,False
10,"-1.864,-0.2503204345703125",GYSYSTSSSGSSMNMDYLNRTSYGCFNGSNSSSGVGPT,4,run4/g10/g10_20.pdb,-1.864,-0.2503204345703125,False
10,"-2.165,0.06987190246582031",GYSYNTSSSGSSMNMDYLNRTGYECFNGSNFSSGVGPT,4,run4/g10/g10_11.pdb,-2.165,0.0698719024658203,False
10,"-1.689,0.9944667816162109",SYSYNTSSSGSSMNMDYLNSTGYGSFNGSNSSSGVGPT,4,run4/g10/g10_1.pdb,-1.689,0.9944667816162108,False
10,"-1.52,-0.0058002471923828125",GYSYNTSVSGGSMNMDYLNRTSYYCFNSSNFSSGVGPT,16,run16/g10/g10_11.pdb,-1.52,-0.0058002471923828,False
10,"-1.878,-0.1256847381591797",GYSYNTSVSGGSMNMDYLNRSSYESFSSSNFSSGVGPG,16,run16/g10/g10_14.pdb,-1.878,-0.1256847381591797,False
10,"-1.547,0.07602691650390625",GYSYNTSVSGGSMNMGYLNRTSSGCFNGSNSYSGVYPT,16,run16/g10/g10_16.pdb,-1.547,0.0760269165039062,False
10,"-1.291,-0.13535308837890625",GYSSGTSVSGGSMNMDYLNRTSYGCFNGSNSYSSVGPT,16,run16/g10/g10_20.pdb,-1.291,-0.1353530883789062,False
10,"-1.995,-0.6676406860351562",GYSYNTSVSGGSMNMGYLNRSSYESFNGSNFSSGVGPT,16,run16/g10/g10_21.pdb,-1.995,-0.6676406860351562,False
10,"-1.952,-0.3686695098876953",GYSYSTSVSSGSMNMDYLNRTSYGCFNGSNFSSSVGST,16,run16/g10/g10_22.pdb,-1.952,-0.3686695098876953,False
10,"-2.043,-1.1588268280029297",GGSGNTSVSGGSMNMDYLNRTSYGSFNGSNSYSGVGPT,9,run9/g10/g10_23.pdb,-2.043,-1.1588268280029297,False
10,"-1.837,-0.816864013671875",GSSYNGSVSGGSMNMGYLNRTSYGCFNGSNFSSGVGPT,6,run6/g10/g10_5.pdb,-1.837,-0.816864013671875,False
10,"-1.756,-0.22451019287109375",GYSYNGSSSGGSMNMGYLNRTSYGCFNGSNFSSGVGPT,9,run9/g10/g10_15.pdb,-1.756,-0.2245101928710937,False
10,"-2.252,-0.7876071929931641",GYSYNTSSSGGSMSMSYLNSTSSGCFNGSNFSSGVGPT,9,run9/g10/g10_11.pdb,-2.252,-0.7876071929931641,False
10,"-2.055,0.6095294952392578",GYSYNTSSSGGSMNMDYLNSTSYGCFNGSNSYSSVGPT,9,run9/g10/g10_10.pdb,-2.055,0.6095294952392578,False
10,"-1.843,0.2575817108154297",GYSYNTSVSGGSMNMDYLNRTSSGSFNGSNSYSSVGPT,9,run9/g10/g10_8.pdb,-1.843,0.2575817108154297,False
10,"-2.36,0.1996135711669922",GGSYNTGGSGGGMGMDYLNRTSSGCFNGSNFSSGVGPT,9,run9/g10/g10_16.pdb,-2.36,0.1996135711669922,False
10,"-1.771,-0.3893146514892578",SYSYNTSVSGGSMSMGYLNRTSYGCFNGSNFSSSVGPG,10,run10/g10/g10_1.pdb,-1.771,-0.3893146514892578,False
10,"-2.177,-0.32367897033691406",GYSYNSSSSGGSMSMDYLNRTGYECFNGSNFSSGVGPT,10,run10/g10/g10_3.pdb,-2.177,-0.323678970336914,False
10,"-1.796,-0.00907135009765625",GYSYNTSVSSGSMNMDYLNRTSYGCYNSSNFSSSVGPT,10,run10/g10/g10_5.pdb,-1.796,-0.0090713500976562,False
10,"-2.234,-0.12005233764648438",GSSYNTSVSGGSMNMDYLNRTSSGCFNGSNFSSSVGPG,10,run10/g10/g10_6.pdb,-2.234,-0.1200523376464843,False
10,"-1.86,0.3872261047363281",GYSYNGSVSGGSMNMDYLNRSSYGSFNGSNFSSSVGPT,2,run2/g10/g10_7.pdb,-1.86,0.3872261047363281,False
10,"-2.115,-0.44849205017089844",GYSYNTSVSGGSMNMDYLNRTSYGCFNGSNSYSSVGPY,2,run2/g10/g10_9.pdb,-2.115,-0.4484920501708984,False
10,"-1.586,-0.12351036071777344",GYSYGTSVSGGSMNMDYLNRTSYGCFNGSNSYSGVGPT,2,run2/g10/g10_10.pdb,-1.586,-0.1235103607177734,False
10,"-1.739,-0.134521484375",GYSYNGSVSGGGMNMDYLNRSSYGCFNSSNFSSGVGPT,2,run2/g10/g10_16.pdb,-1.739,-0.134521484375,False
10,"-1.581,-0.7095489501953125",GYSYNGSVSGGSMNMDYLNRTSYGCFNSSNSYSGVGPT,2,run2/g10/g10_24.pdb,-1.581,-0.7095489501953125,False
10,"-1.645,-0.19435691833496094",GYSYNTSVSGGSMNMDYLNSTSYGCFNGSNFSSGVGPG,6,run6/g10/g10_21.pdb,-1.645,-0.1943569183349609,False
10,"-1.935,0.0004367828369140625",GYSYNGSVSGGSMNMDYLNRTSSGCFNGGNFSSGVSPT,6,run6/g10/g10_4.pdb,-1.935,0.000436782836914,False
10,"-1.891,0.5176124572753906",GYSYNTSVSGSSMNMDYLNSSSYECFNGSNFSSGVGPT,6,run6/g10/g10_1.pdb,-1.891,0.5176124572753906,False
10,"-1.588,-0.7698078155517578",GYSYNTSVSGGSMNMDYLSRTSYGYFNGSNSYSGVGPT,12,run12/g10/g10_22.pdb,-1.588,-0.7698078155517578,False
10,"-1.634,0.5619735717773438",GYSYNTSVSGGSMNMDYLNGTSYGCFNGSNFSSGVGPG,12,run12/g10/g10_21.pdb,-1.634,0.5619735717773438,False
10,"-1.99,-0.2686347961425781",GYSYSGSVSGSSMNMDYLNRTSYGCGNSSNFSSSVGPT,12,run12/g10/g10_19.pdb,-1.99,-0.2686347961425781,False
10,"-2.005,0.16345596313476562",GYSYNTSVSGSSMNMDYLNRTSSGCFNGSNSYSGVGPT,12,run12/g10/g10_18.pdb,-2.005,0.1634559631347656,False
10,"-1.968,0.5023136138916016",GYSYNTSSSGGSMSMDYLNRTSYGCFNGSNSYSSVGPT,12,run12/g10/g10_11.pdb,-1.968,0.5023136138916016,False
10,"-1.788,-0.33187103271484375",GYSYNTSSSGGSMNMDYLNRTSYGCFNGSNFSSGVGPG,12,run12/g10/g10_10.pdb,-1.788,-0.3318710327148437,False
10,"-1.92,-0.3912944793701172",GYSSNTSVSGGSMNMDYLNSTSYGSFSGSNFSSGVSPT,12,run12/g10/g10_2.pdb,-1.92,-0.3912944793701172,False
10,"-2.036,-0.3420372009277344",GYSYNGSVSSGSMNMSYLNRTSYGCFNGSNFSSSVGPT,10,run10/g10/g10_18.pdb,-2.036,-0.3420372009277344,False
10,"-1.978,-0.38045501708984375",GYSSNTSSSGGSMNMDYLSSTSYGCFNGSNSYSGVGPT,9,run9/g10/g10_22.pdb,-1.978,-0.3804550170898437,False
10,"-1.645,0.49535369873046875",GYSYGTSVSGGSMNMDYLNRTSYGCFNGSNSYSSVGPG,6,run6/g10/g10_17.pdb,-1.645,0.4953536987304687,False
10,"-1.887,-0.3141613006591797",GSSYNTSVSGGSMNMSYLNRTSYGCFSGSNFSSSVGPG,6,run6/g10/g10_14.pdb,-1.887,-0.3141613006591797,False
10,"-2.071,-0.047496795654296875",GYSYNTSVSGSSMNMDYLNRTSYGCFSGSNFSSSVGST,6,run6/g10/g10_13.pdb,-2.071,-0.0474967956542968,False
10,"-1.913,-0.015010833740234375",GYSYNTSSSGGSMSMDYLNRSSSECFNGSNFSSGVGPT,6,run6/g10/g10_11.pdb,-1.913,-0.0150108337402343,False
10,"-1.603,0.34816932678222656",GYSYGTSVSGGSMNMDYLNRTSYGCFNGSNSYSSVGPT,8,run8/g10/g10_13.pdb,-1.603,0.3481693267822265,False
10,"-2.057,0.1317119598388672",GYSYNTSVSGGGMNMDYLNRSSYECFNGSNFSSSVGPT,8,run8/g10/g10_11.pdb,-2.057,0.1317119598388672,False
10,"-2.078,0.010156631469726562",GYSYNTSVSGGSMNMGYLNYYSYGCFNGSNFSSGVGPT,8,run8/g10/g10_10.pdb,-2.078,0.0101566314697265,False
10,"-1.647,0.5951042175292969",GYSYNGSVSGGSMNMDYLNRSSYECFNGGNFSSGVSPT,8,run8/g10/g10_14.pdb,-1.647,0.5951042175292969,False
10,"-1.941,-0.8701667785644531",GYSYNTSVSGGSMNMSYLNRSSYGCGNSSNFSSGVGPT,8,run8/g10/g10_6.pdb,-1.941,-0.8701667785644531,False
10,"-2.041,-0.6164379119873047",GYSYNTSVSGGSMNMGYLNRTSYYSFNGSNFSSGVGPT,8,run8/g10/g10_16.pdb,-2.041,-0.6164379119873047,False
10,"-2.058,0.12891674041748047",GYSYNGSSSGGSMNMDYLNRTSYGGFNTSNFSSSVSPT,8,run8/g10/g10_17.pdb,-2.058,0.1289167404174804,False
10,"-2.25,-0.21506118774414062",GYSYNTSVSGSSMNMGYLNRTGYGCFNGSNFSSGVGPT,7,run7/g10/g10_19.pdb,-2.25,-0.2150611877441406,False
10,"-1.736,-0.07506179809570312",GYSYNTSVSGGSMNMDYLNRTGYESFSGSNFSSGVGPT,7,run7/g10/g10_20.pdb,-1.736,-0.0750617980957031,False
10,"-1.891,-0.34386634826660156",GYSYNTSVSGGSMNMDYLNRTSYGCYNGSNSYSSVGPT,7,run7/g10/g10_21.pdb,-1.891,-0.3438663482666015,False
10,"-1.878,-0.04390525817871094",GYSYNTSSSGGSMNMDYLNRSSYECFNGSSFSSSVGPT,8,run8/g10/g10_23.pdb,-1.878,-0.0439052581787109,False
10,"-1.914,-0.21096038818359375",GYSYNGSVSGGGMNMGYLNRSSYGCFNGSNFSSGVGPT,6,run6/g10/g10_24.pdb,-1.914,-0.2109603881835937,False
10,"-1.694,0.02564239501953125",GYSSNTSVSGGGMNMDYLNRSSYECFNGSNFSSGVGPT,8,run8/g10/g10_21.pdb,-1.694,0.0256423950195312,False
10,"-1.642,0.020679473876953125",GYSYGTSVSGGSMNMGYLGRTSYGCFNGSNFSSGVGPT,3,run3/g10/g10_10.pdb,-1.642,0.0206794738769531,False
10,"-1.617,-0.3276481628417969",GYSYNTSVSGGSMNMDYLNRTSYYCFNGSNFSSGVSPT,3,run3/g10/g10_12.pdb,-1.617,-0.3276481628417969,False
10,"-1.869,-0.37796783447265625",GYSYSGSVSGGSMNMDYLNRSSYGCFNGSNFSSGVSPG,3,run3/g10/g10_16.pdb,-1.869,-0.3779678344726562,False
10,"-1.959,0.1192779541015625",GYSYNTSVSGSSMNMDYLNRTGYGSFNGSNFSSGVGPT,1,run1/g10/g10_10.pdb,-1.959,0.1192779541015625,False
10,"-2.049,0.1432647705078125",GYSGNTSVSGGSMNMDYLGRTGYECGGSSNFSSGVGPT,1,run1/g10/g10_13.pdb,-2.049,0.1432647705078125,False
10,"-2.182,0.6093101501464844",GYSSNTSSSGSSMNMDYLSRTSYGCFNGSNFSSGVGST,1,run1/g10/g10_16.pdb,-2.182,0.6093101501464844,False
10,"-1.928,-0.2353515625",GYSYNTSVSGSSMSMDYLNRSSYGCFNGSNFSSSVGPT,1,run1/g10/g10_19.pdb,-1.928,-0.2353515625,False
10,"-1.718,-0.29417991638183594",GSSYNTSVSGGSMNMDYLNRSSYGCFNGSNFSSSVGPT,1,run1/g10/g10_20.pdb,-1.718,-0.2941799163818359,False
10,"-1.641,0.12401962280273438",GYSYNTSVSGGSMSMDYLNRTGYGCFNGSNFSSGVGPT,1,run1/g10/g10_22.pdb,-1.641,0.1240196228027343,False
10,"-1.634,-0.3008460998535156",SYSYNTSVSGGSMNMGYLNRTSYGCFNGSNSYSGVGPT,1,run1/g10/g10_23.pdb,-1.634,-0.3008460998535156,False
10,"-2.239,-0.10595130920410156",SYSSNTSSSGGSMNMDYLNSTSYGCFNGSNSYSGVGPT,7,run7/g10/g10_14.pdb,-2.239,-0.1059513092041015,False
10,"-2.025,-0.2825431823730469",SYSYNTSSSGGSMNMDYLNRTGYECFNGSNFSSGVGPT,15,run15/g10/g10_23.pdb,-2.025,-0.2825431823730469,False
10,"-1.937,0.267974853515625",GYSYGGSVSGGSMNMDYLNRTGYGCFNGSNFSSGVGPT,15,run15/g10/g10_18.pdb,-1.937,0.267974853515625,False
10,"-1.975,-0.07891464233398438",GYSYNTSSSGGSMNMSYLSRTSYGCFNSSNFSSGVGPT,15,run15/g10/g10_17.pdb,-1.975,-0.0789146423339843,False
10,"-1.727,0.20542335510253906",GYSYNTSSSGGSMSMDYLNRSSYECGNGSNFSSSVGPT,5,run5/g10/g10_17.pdb,-1.727,0.205423355102539,False
10,"-1.455,-0.1813201904296875",GYSYNGSVSGGSMNMDYLNRTSYGCFNGSNFSSSVGPT,5,run5/g10/g10_16.pdb,-1.455,-0.1813201904296875,False
10,"-2.13,-0.7454719543457031",SYSYNTSVSGGSMNMSYLNRSSYESGNGSNFSSGVSST,5,run5/g10/g10_2.pdb,-2.13,-0.7454719543457031,False
10,"-1.916,-0.1760234832763672",GYSYNTSSSGGSMNMDYLSRTGYECFNSSNFSSGVGPG,7,run7/g10/g10_15.pdb,-1.916,-0.1760234832763672,False
10,"-2.168,-0.13979721069335938",GSSSNTSVSGGSMNMSYLNRSSYECFNSSNFSSSVGPG,7,run7/g10/g10_9.pdb,-2.168,-0.1397972106933593,False
10,"-2.056,-0.059017181396484375",GYSGNTSVSGGSMNMGYLGRTGYECGNGSNFSSGVGPT,1,run1/g10/g10_3.pdb,-2.056,-0.0590171813964843,False
10,"-2.097,-0.5926132202148438",GYSYNTSVSGGSMNMSYLNRSSYECFNGSSFSSGSGPT,15,run15/g10/g10_10.pdb,-2.097,-0.5926132202148438,False
10,"-1.958,-0.1954517364501953",GYSYSTSVSGGSMNMDYLNRSGYECFNSSSSSSGVGPT,15,run15/g10/g10_9.pdb,-1.958,-0.1954517364501953,False
10,"-1.625,-0.29482269287109375",GYSYNTSVSGGSMNMDYLSRTSYGCFNGSNFSSGVGPG,15,run15/g10/g10_8.pdb,-1.625,-0.2948226928710937,False
10,"-2.213,-0.056060791015625",GYSSNTSVSGSSMNMDYLNRTSYGCFSTSNFSSGVSPG,15,run15/g10/g10_7.pdb,-2.213,-0.056060791015625,False
10,"-1.622,-0.30426597595214844",GYSYNGSVSGGSMNMDYLNRSSYESFSGSNFSSGVGPT,15,run15/g10/g10_3.pdb,-1.622,-0.3042659759521484,False
10,"-2.086,-0.032497406005859375",GYSYNTSVSGGGMNMDYLNRSGYECFNSSSSSSGVGPT,15,run15/g10/g10_24.pdb,-2.086,-0.0324974060058593,False
10,"-2.343,-0.2733135223388672",SYSYNTSVSGSSMNMSYLNRTSYYSFNGSSFSSGVGPT,1,run1/g10/g10_0.pdb,-2.343,-0.2733135223388672,False
10,"-1.749,0.17730712890625",GYSYNTSSSGGSMNMDYLNRSSYYCFNSSNFSSGVGPT,3,run3/g10/g10_19.pdb,-1.749,0.17730712890625,False
10,"-1.919,0.23769569396972656",SYSSNTSVSGGSMNMGYLNRGSYGCGNGSNFSSGVGPT,2,run2/g10/g10_4.pdb,-1.919,0.2376956939697265,False
10,"-2.457,1.3506546020507812",SYSYNTSVSGSSMNMDYLNSTGYESFNGSNFSGGVGPT,13,run13/g10/g10_22.pdb,-2.457,1.3506546020507812,False
10,"-1.769,0.5208683013916016",GYSYNTSVSGGSMNMDYLNSTSYYCFSGSNFSSGVGPT,3,run3/g10/g10_23.pdb,-1.769,0.5208683013916016,False
10,"-2.291,-0.38516998291015625",GYSYSTSVSGGSMSMDYLNRTGYECFNGSNFSSGVGPT,13,run13/g10/g10_18.pdb,-2.291,-0.3851699829101562,False
10,"-2.286,0.7074966430664062",GYSYNTSVSSSSMNMDYLNSTGYECFNGSNFSSSVGPT,13,run13/g10/g10_15.pdb,-2.286,0.7074966430664062,False
10,"-1.817,-0.05928230285644531",GYSYNTSVSGSSMNMDYLNRSSYECFSGSNFSSGVGPT,13,run13/g10/g10_14.pdb,-1.817,-0.0592823028564453,False
10,"-1.55,-0.14281082153320312",GYSYNTSVSGGSMNMDYLNRTGYECFNGSSFSSGVGPT,13,run13/g10/g10_12.pdb,-1.55,-0.1428108215332031,False
10,"-2.362,0.16700363159179688",GYSYNTSVSGSSMNMDYLNSTGYECFNGSNFSGSVGPT,13,run13/g10/g10_4.pdb,-2.362,0.1670036315917968,False
10,"-1.862,-0.36690330505371094",GYSYNGSVSGGSMNMGYLNRSGYGCYNGSNFSSGVGPT,13,run13/g10/g10_21.pdb,-1.862,-0.3669033050537109,False
10,"-1.271,0.468780517578125",GYSYNTSVSGGSMNMDYLNRTSYGCFSSSNFSSGVGST,3,run3/g10/g10_24.pdb,-1.271,0.468780517578125,False
10,"-1.507,1.7191295623779297",GYSYNTSVSGGSMNMDYLNRTSYGGFNSSNFSSSVGPT,11,run11/g10/g10_0.pdb,-1.507,1.7191295623779297,False
10,"-2.015,0.2501792907714844",GSSYNTSVSGGSMNMDYLNRTSSGCFNSSNSYSGVGPT,11,run11/g10/g10_24.pdb,-2.015,0.2501792907714844,False
10,"-1.397,-0.012880325317382812",SYSYNTSVSGGSMNMDYLNRSSYYSFNGSNFSSGVGPT,11,run11/g10/g10_19.pdb,-1.397,-0.0128803253173828,False
10,"-1.819,-0.7616233825683594",GYSGNTSVSGGSMNMDYYNRTSYGSFNGSNSYSGVGPT,11,run11/g10/g10_18.pdb,-1.819,-0.7616233825683594,False
10,"-2.16,-0.16072654724121094",GSSYSTSVGGGSMNMDYLNRTSYGCFNGSNSYSGVGPT,11,run11/g10/g10_17.pdb,-2.16,-0.1607265472412109,False
10,"-2.419,-0.29006004333496094",SYGYNTSVSGSSYNMDYLNRTSYGSGNGSNFSSGVGPT,11,run11/g10/g10_15.pdb,-2.419,-0.2900600433349609,False
10,"-2.277,0.43450355529785156",GYGYNTSVSGSSYNMDYLNRTSSGSGNGSNFSSSVGPT,11,run11/g10/g10_14.pdb,-2.277,0.4345035552978515,False
10,"-1.963,-0.2917957305908203",GSSYNTSVSGGSMNMDYLNRTSYGCFNSSNSYSSVGPT,11,run11/g10/g10_13.pdb,-1.963,-0.2917957305908203,False
10,"-1.792,-0.23522377014160156",GYSYNTSVSGGSMNMDYLSRTSYYCFNGSNFSSSVGPT,3,run3/g10/g10_21.pdb,-1.792,-0.2352237701416015,False
10,"-2.384,0.12358665466308594",GYSYNTSVSGSSMNMDYLNSTGSECFNGSNFSSGVGPT,11,run11/g10/g10_7.pdb,-2.384,0.1235866546630859,False
11,"-2.106,-0.4050273895263672",GSSSNTSVSGSSMNMDYLNRSSYECFNGSNFSSGVGPT,13,run13/g11/g11_13.pdb,-2.106,-0.4050273895263672,False
11,"-1.913,-0.14917373657226562",GGSYNTSVSGGSMSMDYLNRTGYGCFNGSNFSSGVGPT,13,run13/g11/g11_9.pdb,-1.913,-0.1491737365722656,False
11,"-2.572,0.5498485565185547",SYSYNTSVSGSSMNMSYLNSTGYECFNGSNFSGGVGPT,13,run13/g11/g11_6.pdb,-2.572,0.5498485565185547,False
11,"-2.528,-0.2838611602783203",GYSYNTSVSGSSMSMDYLNSTGYECFNGSNFSGGVGPT,13,run13/g11/g11_4.pdb,-2.528,-0.2838611602783203,False
11,"-2.296,-0.014348030090332031",GYGSNTSVSGSSYNMDYLNRTSSGSGNGSNFSSSVGPT,11,run11/g11/g11_2.pdb,-2.296,-0.014348030090332,False
11,"-1.829,0.23599624633789062",GYSGNTSVSGGGMNMDYYNRTSYGSFNGSNSYSGVGPT,11,run11/g11/g11_9.pdb,-1.829,0.2359962463378906,False
11,"-1.377,-0.13576316833496094",SYSYNGSVSGGSMNMDYLNRSSYGSFNGSNFSSGVGPT,11,run11/g11/g11_11.pdb,-1.377,-0.1357631683349609,False
11,"-2.029,-0.762725830078125",GYGYNTSVSGSSYNMDYLNRTSYYCFNSSNFSSGVGPY,11,run11/g11/g11_13.pdb,-2.029,-0.762725830078125,False
11,"-1.804,-0.21669769287109375",GYSYGTSVSGGSMNMDYLNRTSYGSFNGSNSYSGVGPT,11,run11/g11/g11_15.pdb,-1.804,-0.2166976928710937,False
11,"-2.504,-1.0616779327392578",SYGYNTSVSGSSYNMGYLNRTSYGSGNGSNFSSGVGPT,11,run11/g11/g11_19.pdb,-2.504,-1.0616779327392578,False
11,"-1.874,-0.3522930145263672",GYSYSTSVSGGSMSMDYLNRTSYGCFNSSNSYSSVGPT,11,run11/g11/g11_20.pdb,-1.874,-0.3522930145263672,False
11,"-2.375,-0.27063751220703125",GYSYNTSVSGSSMSMDYLNSTGYECFNGSNFSGSVGPT,13,run13/g11/g11_22.pdb,-2.375,-0.2706375122070312,False
11,"-2.167,0.08260345458984375",GYSYNTSVSGGSMNMSYLNRSSYECFNGSNFSSSVGPT,8,run8/g11/g11_24.pdb,-2.167,0.0826034545898437,False
11,"-1.997,-0.3081836700439453",GYSYNTSVSGGSMNMGYLNRTGYESFNGSNFSSGVGPT,12,run12/g11/g11_1.pdb,-1.997,-0.3081836700439453,False
11,"-1.627,-0.09078788757324219",GYSSNTSVSGGSMNMDYLNRTSYGCFNGSNFSSGVGPG,12,run12/g11/g11_5.pdb,-1.627,-0.0907878875732421,False
11,"-2.028,0.22202301025390625",GYSYNTSVSGGGMNMDYLNRSSYESFNGSNFSSGVGPT,16,run16/g11/g11_3.pdb,-2.028,0.2220230102539062,False
11,"-2.09,-0.1606616973876953",GGSYNTSVSGGSMNMDYLNRTGYECFNGSNFSSGVGPT,16,run16/g11/g11_7.pdb,-2.09,-0.1606616973876953,False
11,"-2.184,-0.24544525146484375",GYSYSTSVSSGSMNMDYLNRTSYYCFNGSNFSSSVGST,16,run16/g11/g11_8.pdb,-2.184,-0.2454452514648437,False
11,"-1.886,-0.023723602294921875",GYSYNGSVSGGGMNMDYLNRTSYGCFNGSNFSSGVGPG,12,run12/g11/g11_19.pdb,-1.886,-0.0237236022949218,False
11,"-2.251,-0.2958869934082031",GYSYSGSVSGSSMSMDYLNRTSYGCFSSSNFSSGVGPT,12,run12/g11/g11_17.pdb,-2.251,-0.2958869934082031,False
11,"-1.83,-0.4879951477050781",GYSYNTSVSGGSMSMDYLNRTSYGYFNSSNSYSGVGPT,12,run12/g11/g11_16.pdb,-1.83,-0.4879951477050781,False
11,"-1.765,-0.07427978515625",GYSYNTSVSGGSMNMDYLNGTSGGCFNGSNFSSGVGPG,12,run12/g11/g11_13.pdb,-1.765,-0.07427978515625,False
11,"-1.249,-0.27011871337890625",GYSYNTSVSGGSYNMGYLNRTSYGCFNGSNFSSGVGPT,12,run12/g11/g11_12.pdb,-1.249,-0.2701187133789062,False
11,"-2.054,-0.21669387817382812",GSSYNTSVSGGSMNMDYLNRSSSGCFNSSNSYSGVGPT,11,run11/g11/g11_1.pdb,-2.054,-0.2166938781738281,False
11,"-1.711,0.021759033203125",GYSYNTSVSGGSMNMGYLNRTSSGCFSGSNSYSGVYPT,16,run16/g11/g11_10.pdb,-1.711,0.021759033203125,False
11,"-1.935,-0.09119606018066406",GYSYNTSVSGGGMNMSYLNRSSYECFNGSNFSSSVGPT,8,run8/g11/g11_12.pdb,-1.935,-0.091196060180664,False
11,"-1.707,0.5098304748535156",GYSYGTSVSGGSMNMDYLNSTSYGCFNGSNSYSSVGPT,8,run8/g11/g11_13.pdb,-1.707,0.5098304748535156,False
11,"-2.035,-0.5514793395996094",GYSYNGSVSGGSMNMGYLNRTSYYSFNGSNFSSGVGPT,8,run8/g11/g11_15.pdb,-2.035,-0.5514793395996094,False
11,"-2.134,-0.14992141723632812",GYSYNTSVSGGGMNMDYLNRTSYGYFGGSNSYSGVYPT,12,run12/g11/g11_22.pdb,-2.134,-0.1499214172363281,False
11,"-1.92,-0.2718238830566406",GYSSNTSVSGGGMNMSYLNRSSYECFNGSNFSSGVGPT,8,run8/g11/g11_20.pdb,-1.92,-0.2718238830566406,False
11,"-2.286,0.004055023193359375",GYSSNTSVSGGSMNMGYLNRSSYGCFNGSNFSSGVGPT,8,run8/g11/g11_21.pdb,-2.286,0.0040550231933593,False
11,"-2.336,-0.3089313507080078",YYSYNTSVSGGSMNMSYLNRSSYGCFNSSNFSSGVGPT,8,run8/g11/g11_22.pdb,-2.336,-0.3089313507080078,False
11,"-1.748,-0.3437347412109375",GYSYNTSVSGGSMNMGYLNRTSYGCYNGSNFSSGVGPT,16,run16/g11/g11_13.pdb,-1.748,-0.3437347412109375,False
11,"-1.595,0.21984100341796875",GYSYNTSVSGGSMNMDYLNRTSYGCFNGSNFSSSVSST,16,run16/g11/g11_17.pdb,-1.595,0.2198410034179687,False
11,"-1.907,1.492391586303711",GYSYNTSVSGGSMNMDYLNRTSYGGFNGSNFSSSVGST,16,run16/g11/g11_21.pdb,-1.907,1.492391586303711,False
11,"-1.926,0.7657222747802734",SYSYNTSVSGGSMNMGYLNRGSYGCGNSSNFSSGVGPT,2,run2/g11/g11_10.pdb,-1.926,0.7657222747802734,False
11,"-1.991,1.1820755004882812",GSSGNTSVSGGSMNMDYLGRTGYESGNGSNFSSGVGPT,1,run1/g11/g11_0.pdb,-1.991,1.1820755004882812,False
11,"-2.047,-0.0679931640625",GYSSNTSVSSSSMNMDYLNRTGYGCFNGSNFSSGVGPT,1,run1/g11/g11_2.pdb,-2.047,-0.0679931640625,False
11,"-1.574,-0.5133934020996094",GSSYNTSVSGSSMNMDYLNRTSYGCFNGSNFSSGVSPT,3,run3/g11/g11_5.pdb,-1.574,-0.5133934020996094,False
11,"-1.927,-0.28735923767089844",GSSYNTSVSGGSMNMDYLNRSGYECFNGSNFSSGVGPT,3,run3/g11/g11_6.pdb,-1.927,-0.2873592376708984,False
11,"-2.381,-0.6097488403320312",SYSYNGSVSGGSMNMGYLNRSSYECFNGGNFSSGGGPT,6,run6/g11/g11_22.pdb,-2.381,-0.6097488403320312,False
11,"-1.695,0.008777618408203125",GSSYNTSVSGGSMNMDYLNRSSSECFNGSNFSSGVGPT,5,run5/g11/g11_22.pdb,-1.695,0.0087776184082031,False
11,"-1.725,-0.07873153686523438",GYSYNTSVSGGSMNMDYLNRTSYGSFNSSNFSSSVGPT,6,run6/g11/g11_8.pdb,-1.725,-0.0787315368652343,False
11,"-1.908,-0.041797637939453125",GYSYGTSGSGGSMNMDYLNRTSYGCFNGSNSYSGVGPG,6,run6/g11/g11_12.pdb,-1.908,-0.0417976379394531,False
11,"-2.002,0.3181304931640625",GYSYNTSSSGGSMSMDYLNRSSSECFNGSNFSSGVSPT,6,run6/g11/g11_13.pdb,-2.002,0.3181304931640625,False
11,"-1.895,-0.4907245635986328",GYSYNTSVSGSSMSMDYLNSSSYECFNGSNFSSGVGPT,6,run6/g11/g11_17.pdb,-1.895,-0.4907245635986328,False
11,"-2.798,-0.2704753875732422",SYSYNGGVSGGSMNMGYLNRSGYECFNGGNFSSGVGPT,6,run6/g11/g11_19.pdb,-2.798,-0.2704753875732422,False
11,"-1.781,-0.07343482971191406",GYSYSTSVSGSSMNMDYLNRSSYGSFSGSNFSSGVGPT,14,run14/g11/g11_8.pdb,-1.781,-0.073434829711914,False
11,"-1.815,0.08292388916015625",GSSYNTSVSGSSYSMDYLNRTSYGCFNSSNFSSGVGPT,14,run14/g11/g11_17.pdb,-1.815,0.0829238891601562,False
11,"-1.78,0.2194671630859375",GYSYNTSVSGGSMNMDYLNRSSYGSFGGSNFSSGVGPT,14,run14/g11/g11_1.pdb,-1.78,0.2194671630859375,False
11,"-1.796,0.8784828186035156",GYSYNTSVSGGSMNMGYLGSTSYGCFNGSNFSSGVGPT,3,run3/g11/g11_14.pdb,-1.796,0.8784828186035156,False
11,"-1.509,0.4325370788574219",GYSYNTSVSGGSMNMDYLSRSSYGCFNGSNFSSGVSPT,3,run3/g11/g11_16.pdb,-1.509,0.4325370788574219,False
11,"-1.898,-0.3059101104736328",GYSYNTSVSGGSMNMDYLSSTSYYCFSGSNFSSGVGPT,3,run3/g11/g11_18.pdb,-1.898,-0.3059101104736328,False
11,"-1.712,0.5239791870117188",GYSYNGSVSGGSMNMDYLNRTSYGCFNGSNFSSGVGGT,11,run11/g11/g11_24.pdb,-1.712,0.5239791870117188,False
11,"-1.248,-0.32907676696777344",GYSSNGSVSGGSMNMDYLNRTSYGCGNGSNFSSGVGPT,5,run5/g11/g11_24.pdb,-1.248,-0.3290767669677734,False
11,"-1.256,0.3433723449707031",GYSYNTSVSGGSMNMDYLNRTSYGCFSSSNFSSGVSPT,3,run3/g11/g11_21.pdb,-1.256,0.3433723449707031,False
11,"-1.321,1.4617462158203125",GYSYNTSVSGGSMNMDYLNRTSYGSFSSSNFSSGVGST,3,run3/g11/g11_23.pdb,-1.321,1.4617462158203125,False
11,"-1.54,0.0048389434814453125",GYSYNGSVSGGSMNMDYLNRSSYGCFNSSNFSSGVGPT,15,run15/g11/g11_24.pdb,-1.54,0.0048389434814453,False
11,"-1.813,0.1092529296875",GYSYNGSVSGGGMNMDYLNRSSYESFSGSNFSSGVGPT,15,run15/g11/g11_17.pdb,-1.813,0.1092529296875,False
11,"-1.611,-0.5882644653320312",GYSYGGSVSGGSMNMSYLNRTGYGCFNGSNFSSGVGPT,15,run15/g11/g11_14.pdb,-1.611,-0.5882644653320312,False
11,"-1.89,-0.0719757080078125",GYSYSGSVSGGSMNMDYLNRTSYGCFNGSNFSSSVGPT,5,run5/g11/g11_18.pdb,-1.89,-0.0719757080078125,False
11,"-2.034,-0.5094757080078125",GYSYNTSSSGGSMNMSYLSRTSYGCFGSSNFSSGVGPT,15,run15/g11/g11_11.pdb,-2.034,-0.5094757080078125,False
11,"-1.893,1.6516780853271484",GYSYNTSSSGGSMNMDYLNRTSSGSFNGSNFSSGVGPG,5,run5/g11/g11_0.pdb,-1.893,1.6516780853271484,False
11,"-1.797,0.6957588195800781",GYSSNTSVSGSSMNMDYLNSTSYGCFNGSNFSSGVGPT,5,run5/g11/g11_2.pdb,-1.797,0.6957588195800781,False
11,"-1.634,-0.5512485504150391",SYSSNTSVSGGSMNMDYLNRTSYGCFNGSNFSSGVGPT,5,run5/g11/g11_5.pdb,-1.634,-0.5512485504150391,False
11,"-2.277,0.7881221771240234",GYSYNTSVSGGSMNMSYLNSTSYYCFNGSNFSSSVGPT,5,run5/g11/g11_12.pdb,-2.277,0.7881221771240234,False
11,"-2.025,-0.12320709228515625",GYSSNTSVSGSSMNMDYLNRTSYGCFNGSNFSSGSGPT,5,run5/g11/g11_14.pdb,-2.025,-0.1232070922851562,False
11,"-1.619,-0.4332141876220703",GYSYNGSVSGGSMSMDYLNRSSYESFNGSNFSSGVGPT,15,run15/g11/g11_10.pdb,-1.619,-0.4332141876220703,False
11,"-2.209,-0.3877830505371094",GYSSNTSVSGSSMGMDYLNRTSYGCFSTSNFSSGVSPG,15,run15/g11/g11_9.pdb,-2.209,-0.3877830505371094,False
11,"-2.104,0.006439208984375",GYSSNTSVSGGSMNMSYLNRSSYECFNGSSFSSGSGPT,15,run15/g11/g11_8.pdb,-2.104,0.006439208984375,False
11,"-2.135,-0.2285003662109375",GYSYNTSSSGGSMNMDYLNRTSYGCYNGSNSYSSVGPT,7,run7/g11/g11_13.pdb,-2.135,-0.2285003662109375,False
11,"-2.073,-0.11034965515136719",GYSYNTSVSGGSMSMSYLNRTGYECFNGSNFSSGVGPT,7,run7/g11/g11_15.pdb,-2.073,-0.1103496551513671,False
11,"-2.394,0.3475933074951172",GYSYNTSVSGGSMNMDYLSSTGYESFNGSNFSSSVGPT,7,run7/g11/g11_16.pdb,-2.394,0.3475933074951172,False
11,"-2.132,-0.22243118286132812",GYSYNSSVSGGSMNMGYLNRTGYECFNGSNFSSGVGPT,7,run7/g11/g11_24.pdb,-2.132,-0.2224311828613281,False
11,"-1.719,1.2822685241699219",GYSYNTSVSGGSMNMDYLNSTSYGSFNGSNFSSGVGPT,6,run6/g11/g11_0.pdb,-1.719,1.282268524169922,False
11,"-2.299,-0.02228546142578125",GYSYNTSSSGGSMNMDYLNSTGYESFNGSNFSSSVGPT,7,run7/g11/g11_9.pdb,-2.299,-0.0222854614257812,False
11,"-2.228,-0.20850372314453125",SYSYSTSSSGGSMNMDYLNRTGYECFNGSNFSSGVGPT,15,run15/g11/g11_7.pdb,-2.228,-0.2085037231445312,False
11,"-1.622,0.07039642333984375",GYSYNTSVSGGSMNMDYLGRTSYGCFNGSNFSSGVGPG,15,run15/g11/g11_2.pdb,-1.622,0.0703964233398437,False
11,"-2.204,-0.4648933410644531",GGSYNGGVSGGSMNMDYLNRSSYECFNGSNFSSGVGPT,15,run15/g11/g11_1.pdb,-2.204,-0.4648933410644531,False
11,"-2.029,-0.9165496826171875",GGSYNGSVSGGSMNMDYLNRTSYGSFSGSNFSSSVSPT,14,run14/g11/g11_18.pdb,-2.029,-0.9165496826171876,False
11,"-2.454,0.39336395263671875",GYSYNTSSSGGSMNMDYLNGTGYESGNGSNFSSGVGPY,7,run7/g11/g11_3.pdb,-2.454,0.3933639526367187,False
11,"-2.106,-0.12456321716308594",GSSSNTSVSGGSMNMSYLNRSSYECFGSSNFSSGVGPT,7,run7/g11/g11_4.pdb,-2.106,-0.1245632171630859,False
11,"-2.159,-0.291015625",GYSYNTSVSGSSMNMGYLNRTGYESFNGSNFSSGVGPT,7,run7/g11/g11_5.pdb,-2.159,-0.291015625,False
11,"-2.118,-1.8263778686523438",GGSYNGSVSGGSMNMGYLNRTSYGSFNGSNFSSSVGPG,14,run14/g11/g11_19.pdb,-2.118,-1.826377868652344,False
11,"-2.237,0.04307365417480469",SYSYNTSVSGSSYSMGYLNRTSSGCFNGSNFSSGVGPT,14,run14/g11/g11_9.pdb,-2.237,0.0430736541748046,False
11,"-2.07,-0.3776073455810547",GYSGNTSVSGGSMSMDYLGRTGYECGGSSNFSSGVGPT,1,run1/g11/g11_12.pdb,-2.07,-0.3776073455810547,False
11,"-1.9,-0.2879066467285156",GYSYNTSVSGSSMNMDYLNRTSYYSFNSSSFSSGVGPT,1,run1/g11/g11_18.pdb,-1.9,-0.2879066467285156,False
11,"-1.714,-0.2611980438232422",GSSYNTSVSGGSMNMDYLNRSSYGCGNGSNFSSSVGPT,1,run1/g11/g11_19.pdb,-1.714,-0.2611980438232422,False
11,"-2.108,-0.4548664093017578",GYSYNTSVSGSSMSMSYLNRTSYGCFNGSNFSSSVGPT,1,run1/g11/g11_20.pdb,-2.108,-0.4548664093017578,False
11,"-1.791,-0.037471771240234375",GYSYNGSSSGGSMNMDYLNRTSYGCFNSSNSYSGVGPT,2,run2/g11/g11_23.pdb,-1.791,-0.0374717712402343,False
11,"-1.753,0.05491828918457031",GYSYNTSVSSGSMNMDYLNRTSYGCFNSSNSYSGVGPT,2,run2/g11/g11_22.pdb,-1.753,0.0549182891845703,False
11,"-1.743,-0.5413703918457031",GSSYNTSVSGGSMNMDYLNRTSYGCFSGSNFSSSVSPT,2,run2/g11/g11_18.pdb,-1.743,-0.5413703918457031,False
11,"-2.004,-0.26462554931640625",GYSYNGSVSGGGMNMDYLNRSSYGCYNSSNFSSGVGPT,2,run2/g11/g11_16.pdb,-2.004,-0.2646255493164062,False
11,"-1.836,0.10259437561035156",SYSYNTSVGGGSMNMGYLNRTSYGCFNGSNSYSGVGPT,1,run1/g11/g11_10.pdb,-1.836,0.1025943756103515,False
11,"-2.018,-0.3645744323730469",GYSYNTSVSGGSMNMDYLNRSSYYSFNGSNFSSSVGPT,14,run14/g11/g11_20.pdb,-2.018,-0.3645744323730469,False
11,"-2.132,-0.37331199645996094",SYSSNTSVSGGSMSMDYLNRTSSGCFNGSNFSSGVGPT,4,run4/g11/g11_18.pdb,-2.132,-0.3733119964599609,False
11,"-1.617,-0.4736900329589844",GYSYNTSSSGSSMNMSYLNRTSYGCFNGSNSSSGVGPT,4,run4/g11/g11_21.pdb,-1.617,-0.4736900329589844,False
11,"-2.167,-0.25273895263671875",GYSYNGSSSGGSMNMDYLNSTSYGCFNGSNSYSGVGPT,9,run9/g11/g11_3.pdb,-2.167,-0.2527389526367187,False
11,"-2.089,-1.0031070709228516",GSSYNGSSSGGSMSMSYLNRTSYGCFNGSNFSSSVGPT,2,run2/g11/g11_14.pdb,-2.089,-1.0031070709228516,False
11,"-1.81,0.10103034973144531",SGSYNTSVSGGSMNMDYLNRTGYESFNGSNFSSGVGPT,10,run10/g11/g11_18.pdb,-1.81,0.1010303497314453,False
11,"-2.066,-0.027103424072265625",SYSYNTSVSGGSMNMGYLNRTSYGCFSGSNFSSSVGPT,10,run10/g11/g11_10.pdb,-2.066,-0.0271034240722656,False
11,"-2.21,0.3135242462158203",GYSYNSSSSGGSMSMDYLNSTGYECFNGSNFSSGVGPT,10,run10/g11/g11_9.pdb,-2.21,0.3135242462158203,False
11,"-1.889,-0.8145389556884766",GYSYNGSVSGGSMNMGYLNRTSYGCFNGGNFSSGVGPT,10,run10/g11/g11_4.pdb,-1.889,-0.8145389556884766,False
11,"-1.083,0.3109283447265625",GYSSNGSVSGGSMNMDYLNRTSYGCFNGSNFSSSVGPT,10,run10/g11/g11_22.pdb,-1.083,0.3109283447265625,False
11,"-1.931,1.3470077514648438",SYSSNTSVSGGSMNMGYLNRGSYGSGNGSNFSSGVGPT,2,run2/g11/g11_8.pdb,-1.931,1.3470077514648438,False
11,"-2.001,1.2263994216918945",GYSYNTSVSGGSMNMDYLNRTSYGYFNGSNSYSSVGPT,2,run2/g11/g11_1.pdb,-2.001,1.2263994216918943,False
11,"-1.794,0.028232574462890625",GYSYNTSVSGGGMNMDYLNRSSYGCFNGSNFSSSVGPT,1,run1/g11/g11_21.pdb,-1.794,0.0282325744628906,False
11,"-2.145,-0.3168830871582031",GYSYNTSVSSGSMNMSYLNRTSYGCYNGSNFSSSVGPT,10,run10/g11/g11_23.pdb,-2.145,-0.3168830871582031,False
11,"-2.386,1.278219223022461",GGSYNTGGSGGGMGMDYLNRTSSGSFNGSNFSSGVGPT,9,run9/g11/g11_22.pdb,-2.386,1.278219223022461,False
11,"-2.027,-0.11286735534667969",GSSYNTSSSGSSYSMDYLNRSSYGCFNGSNFSSGVGPT,14,run14/g11/g11_21.pdb,-2.027,-0.1128673553466796,False
11,"-1.798,-0.12879180908203125",GGSYNTSVSGGSMNMDYLNRTGYECFSGSNFSSGVGPT,9,run9/g11/g11_11.pdb,-1.798,-0.1287918090820312,False
11,"-2.24,-0.8072090148925781",GYSYNTSSSGGSMSMSYLNRTSSGCFNGSNFSSGVGPT,9,run9/g11/g11_10.pdb,-2.24,-0.8072090148925781,False
11,"-2.2,-0.1383838653564453",GYSYNTSSSGGSMNMDYLNRTSYGCFNGSNFSSSVGPT,9,run9/g11/g11_9.pdb,-2.2,-0.1383838653564453,False
11,"-2.52,-0.45437049865722656",GYSYNTSSSGGSMNMGYLNRTGYGCFNGSNFSSGVGPT,4,run4/g11/g11_12.pdb,-2.52,-0.4543704986572265,False
11,"-2.033,-0.2971076965332031",GYSYNTSVSGGSMNMGYLNRTSYYCFNGSNFSSSVGPT,4,run4/g11/g11_5.pdb,-2.033,-0.2971076965332031,False
12,"-1.796,0.5949249267578125",GYSYNTSVSGGSMNMDYLNRSSYGSFSGSNFSSGVSPT,14,run14/g12/g12_8.pdb,-1.796,0.5949249267578125,False
12,"-1.271,0.1384754180908203",GYSYNGSVSGGSMNMDYLNRTSYGSFNGGNFSSGVGPT,14,run14/g12/g12_4.pdb,-1.271,0.1384754180908203,False
12,"-2.235,-0.48505210876464844",SYSYNGSVSGSSYSMGYLNRTSSGCFNGSNFSSGVGPT,14,run14/g12/g12_13.pdb,-2.235,-0.4850521087646484,False
12,"-1.991,0.486572265625",GYSYSTSVSGSSMNMDYLNRSSYGSFNGSNFSSGVSPT,14,run14/g12/g12_12.pdb,-1.991,0.486572265625,False
12,"-2.267,0.08248329162597656",GGSGNTSVGGGSMNMDYLNRTSYGSFNGSNSYSGVGPT,9,run9/g12/g12_10.pdb,-2.267,0.0824832916259765,False
12,"-2.166,0.07336807250976562",GYSYNSSVSGSSMNMDYLGRTGYECFNGSNFSSGVGPT,9,run9/g12/g12_19.pdb,-2.166,0.0733680725097656,False
12,"-2.22,-0.2757244110107422",GYSYNTSVSSSSMNMDYLGRTGYECFNGSNFSSGVGPT,9,run9/g12/g12_2.pdb,-2.22,-0.2757244110107422,False
12,"-1.777,0.9097042083740234",GYSYSTSVSGGSMNMDYLNRTSYGSFSGSNFSSGVGPG,9,run9/g12/g12_3.pdb,-1.777,0.9097042083740234,False
12,"-2.091,0.07853507995605469",GYSYNTSSSGSSMNMDYLNSTSYGCFNGSNSYSGVGPT,9,run9/g12/g12_4.pdb,-2.091,0.0785350799560546,False
12,"-2.213,0.5940361022949219",GYSYNGSSSGGSMNMDYLNSTSSGCFNGSNSYSGVGPT,9,run9/g12/g12_12.pdb,-2.213,0.5940361022949219,False
12,"-2.325,1.4998931884765625",GYSGNTSVSGSSYNMDYLGRTSYGSFNGSNSYSGVGPT,14,run14/g12/g12_0.pdb,-2.325,1.4998931884765625,False
12,"-2.042,-0.3953704833984375",GYSYNTSVSGGSMNMDYLNRTSYYCFNGSNFSSSVGPT,9,run9/g12/g12_17.pdb,-2.042,-0.3953704833984375,False
12,"-1.805,0.05257415771484375",GYSSSTSVSGSSMNMDYLNRSSYGSFSGSNFSSGVGPT,14,run14/g12/g12_22.pdb,-1.805,0.0525741577148437,False
12,"-2.27,0.4383125305175781",GSSYSTSVGGGSMNMDYLNRTSYGCFNGSNSYSSVGPT,11,run11/g12/g12_12.pdb,-2.27,0.4383125305175781,False
12,"-2.49,-0.016620635986328125",GYSYNSSVSGGSMNMDYLNSTGYECFNGSNFSSGVGPT,11,run11/g12/g12_13.pdb,-2.49,-0.0166206359863281,False
12,"-1.792,-0.4737358093261719",GYSYSTSVSGGSMNMDYLNRTSYGSFNGSNSYSGVGPT,11,run11/g12/g12_16.pdb,-1.792,-0.4737358093261719,False
12,"-1.633,0.22816848754882812",SYSYNTSSSGGSMNMDYLNRSSYGSFNGSNFSSGVGPT,11,run11/g12/g12_17.pdb,-1.633,0.2281684875488281,False
12,"-1.665,-0.9254245758056641",GYSYNTSVSGGSMNMDYLSRTSYGGFNSSNFSSSVGPT,11,run11/g12/g12_18.pdb,-1.665,-0.925424575805664,False
12,"-2.162,-0.07343292236328125",GYGYNTSVSGSSYNMDYLNYTSYYCFNSSNFSSGVGPY,11,run11/g12/g12_20.pdb,-2.162,-0.0734329223632812,False
12,"-1.296,0.15349578857421875",GYSYNTSVSGGSMNMDYLNRTGYGCFSSSNFSSGVSPT,3,run3/g12/g12_24.pdb,-1.296,0.1534957885742187,False
12,"-1.649,-0.06003570556640625",GYSYNGSVSGGSMNMDYLNRTSYYCFNGSNFSSGVSPT,3,run3/g12/g12_23.pdb,-1.649,-0.0600357055664062,False
12,"-1.808,0.4222297668457031",GYSYNTSVSGGSMNMDYLSRTSYYCFNGSNFSSSVSPT,3,run3/g12/g12_21.pdb,-1.808,0.4222297668457031,False
12,"-1.884,-0.5153865814208984",GYSYSTSVSGGSMSMGYLNRTSYGCFNSSNSYSSVGPT,11,run11/g12/g12_7.pdb,-1.884,-0.5153865814208984,False
12,"-1.508,0.17954444885253906",GYSYNGSVSGGSMNMDYLNRSSYESFNGGNFSSGVGPT,15,run15/g12/g12_13.pdb,-1.508,0.179544448852539,False
12,"-2.141,0.11767959594726562",GYSYSGGVSGGSMNMDYLNRSSYECFNGSNFSSGVGPT,15,run15/g12/g12_8.pdb,-2.141,0.1176795959472656,False
12,"-2.207,-0.00376129150390625",SYSYSTSSSGGSMNMDYLNRTGYECFNGSNFSSGVGPG,15,run15/g12/g12_6.pdb,-2.207,-0.0037612915039062,False
12,"-2.151,-0.35693359375",GGSYNGSVSGGGMNMDYLNRSSYESFSGSNFSSGVGPT,15,run15/g12/g12_5.pdb,-2.151,-0.35693359375,False
12,"-1.705,-0.09813690185546875",GSSYNTSVSGGSMNMDYLNRSSSECFNGSSFSSGVGPT,5,run5/g12/g12_23.pdb,-1.705,-0.0981369018554687,False
12,"-2.421,-0.6069126129150391",GYGYNTSVSGSSYNMGYLNRTSYGCFNSSNFSSGVGPY,11,run11/g12/g12_4.pdb,-2.421,-0.6069126129150391,False
12,"-2.013,-0.05111885070800781",GYSYNTSVSGSSMNMDYLNSTGYGCFNGSNFSSGVSPT,3,run3/g12/g12_15.pdb,-2.013,-0.0511188507080078,False
12,"-1.657,0.4453277587890625",GYSYGGSVSGGSMNMSYLNRTGYGCFNGSNFSSSVGPT,15,run15/g12/g12_16.pdb,-1.657,0.4453277587890625,False
12,"-1.778,-0.27762413024902344",GYSYNTSSSGGSMNMDYLSRSSYGCFNGSNFSSGVSPT,3,run3/g12/g12_14.pdb,-1.778,-0.2776241302490234,False
12,"-1.809,-0.019054412841796875",GGSYNTSVSGGSMNGDYLSRTGYECFNGSNFSSGVGPG,7,run7/g12/g12_13.pdb,-1.809,-0.0190544128417968,False
12,"-2.147,-0.48380279541015625",GYSGNSSVSGGSMNMGYLNRTGYECFNGSNFSSGVGPT,7,run7/g12/g12_17.pdb,-2.147,-0.4838027954101562,False
12,"-1.811,0.5487957000732422",GYSGNLSVSGGSMNMDYLNRTGYECFNGSNFSSGVGPT,7,run7/g12/g12_11.pdb,-1.811,0.5487957000732422,False
12,"-1.735,0.0855865478515625",GYSYNSSVSGGSMNMDYLNRTGSECFNGSNFSSGVGPT,7,run7/g12/g12_22.pdb,-1.735,0.0855865478515625,False
12,"-2.402,-0.4788093566894531",GYSYNTSVSGGSMSMDYLSRTGYESFNGSNFSSSVGPT,7,run7/g12/g12_24.pdb,-2.402,-0.4788093566894531,False
12,"-2.081,-0.6547431945800781",SYSYNTSVSGGSMNMSYLNRSSYESFNGSNFSSGSSST,5,run5/g12/g12_3.pdb,-2.081,-0.6547431945800781,False
12,"-1.511,-0.19684791564941406",GYSYNTSVSGGSMNMDYLNRTSYGCFSGSNFSSSSSPT,5,run5/g12/g12_6.pdb,-1.511,-0.196847915649414,False
12,"-2.056,-0.5998268127441406",GSSSNTSVSGGSMNMSYLSRSSYECFGSSNFSSGVGPT,7,run7/g12/g12_10.pdb,-2.056,-0.5998268127441406,False
12,"-1.914,0.11280632019042969",GYSYSTSVSGGSMNMDYLNRTGYGCFNSSNFSSGVGPT,7,run7/g12/g12_8.pdb,-1.914,0.1128063201904296,False
12,"-1.846,0.17252731323242188",GSSYNTSVSGGSMNMDYLNRSGYECFNGSNFSSSVGPT,3,run3/g12/g12_9.pdb,-1.846,0.1725273132324218,False
12,"-1.832,0.35462188720703125",GYSYNGSVSGGGMNMDYLNRTSYGCFNTSNFSSSVSPT,3,run3/g12/g12_8.pdb,-1.832,0.3546218872070312,False
12,"-1.861,-0.1280536651611328",GYSSNTSVSGGSMNMDYLNRTSYGCFNGSNFSSGVSPT,3,run3/g12/g12_6.pdb,-1.861,-0.1280536651611328,False
12,"-1.649,-0.10724639892578125",GSSYNTSVSGSSMNMDYLNRSSYGCFNGSNFSSGVSPT,3,run3/g12/g12_4.pdb,-1.649,-0.1072463989257812,False
12,"-2.478,0.4621086120605469",SYGYNTSVSGSSYNMDYLNRTSYGSGSGSNFSSGVGPT,11,run11/g12/g12_23.pdb,-2.478,0.4621086120605469,False
12,"-1.956,-0.07410812377929688",GGSYNGGVSGGSMNMDYLNRSSYECFNGSNFSSGVGPG,15,run15/g12/g12_17.pdb,-1.956,-0.0741081237792968,False
12,"-2.117,-0.3065481185913086",GYSYNTSSSGGSMNMDYLNRTSYGGFNGSNFSSSVGST,16,run16/g12/g12_18.pdb,-2.117,-0.3065481185913086,False
12,"-1.38,0.03225898742675781",GYSSGTSVSGGSMNMDYLNRTSSGCFNGSNSYSSVGPT,16,run16/g12/g12_11.pdb,-1.38,0.0322589874267578,False
12,"-2.075,-0.9614334106445312",GYSYNTSVSGGSMNMSYLNRSSYESFSSSNFSSGVGPT,16,run16/g12/g12_7.pdb,-2.075,-0.9614334106445312,False
12,"-1.839,0.36871910095214844",GYSYNTSVSGGSMNMGYLNRTSYGCYNGSNFSSSVGPT,16,run16/g12/g12_6.pdb,-1.839,0.3687191009521484,False
12,"-2.23,-0.6714897155761719",GYSYNTSVSGGGMNMGYLNRSSYESFNGSNFSSGVGPT,16,run16/g12/g12_4.pdb,-2.23,-0.6714897155761719,False
12,"-2.051,-1.0113468170166016",GYSYNTSVSGGSMNMDYLNRTGSESGNGSNFSSGVGPT,16,run16/g12/g12_2.pdb,-2.051,-1.0113468170166016,False
12,"-1.988,-0.041538238525390625",GYSYNTGVSGGSMNMDYLNRTGSECFNGSNFSSGVGPT,16,run16/g12/g12_1.pdb,-1.988,-0.0415382385253906,False
12,"-2.064,-0.29312705993652344",GYSYNTSVSGGSMNMSYLNRTSYGCFNGSNFSSSVGST,16,run16/g12/g12_9.pdb,-2.064,-0.2931270599365234,False
12,"-1.506,-0.9984493255615234",GYSYNTSVSGGSMNMSYLSRTSYGCFNGSNSYSSVGPT,16,run16/g12/g12_23.pdb,-1.506,-0.9984493255615234,False
12,"-2.007,-0.2633686065673828",GYSSNTSVSGSSMNMDYLNRSSYECGNGSNFSSGVGPT,13,run13/g12/g12_17.pdb,-2.007,-0.2633686065673828,False
12,"-2.376,-0.0146331787109375",GYSYNTSVSGSSMSMDYLNSTGYECFNSSNFSGSVGPT,13,run13/g12/g12_21.pdb,-2.376,-0.0146331787109375,False
12,"-1.771,1.5587882995605469",GYSYNTSVSGSSMNMDYLNRSSYESFSGSNFSSGVGPT,13,run13/g12/g12_22.pdb,-1.771,1.5587882995605469,False
12,"-1.762,-0.16753005981445312",GYSYNTSVSGGSMSMDYLNRTGYECFSGSNFSSGVGPT,13,run13/g12/g12_24.pdb,-1.762,-0.1675300598144531,False
12,"-2.756,-0.62225341796875",SYSYNGGVSGGSMNMGYLNRSGYECFNGGNFSSGGGPT,6,run6/g12/g12_20.pdb,-2.756,-0.62225341796875,False
12,"-2.01,-0.2829265594482422",SGSYNTSVGGGSMNMGYLNRTSYGCFNGSNSYSGVGPT,1,run1/g12/g12_12.pdb,-2.01,-0.2829265594482422,False
12,"-1.868,-0.3671073913574219",GYSYNTSVSGGSMNMSYLNRSSYYCFNGSNFSSSVGPT,1,run1/g12/g12_18.pdb,-1.868,-0.3671073913574219,False
12,"-2.329,-0.11494827270507812",GYSYNTSSSGGSMNMDYLNSTGYESFSGSNFSSGVSPT,1,run1/g12/g12_21.pdb,-2.329,-0.1149482727050781,False
12,"-1.694,0.3262004852294922",GYSYNGSVSGGSMNMDYLNRSSYGCFNSSNFSSGVGGT,15,run15/g12/g12_22.pdb,-1.694,0.3262004852294922,False
12,"-1.866,0.6352119445800781",GYSYNTSVSGGSMNMGYLNRTSYGCFNGSNSYSGVGST,1,run1/g12/g12_19.pdb,-1.866,0.6352119445800781,False
12,"-1.984,-0.6836643218994141",GYSYNTSVSGGSMSMSYLNRSSSECFNGSNFSSGVGPT,6,run6/g12/g12_13.pdb,-1.984,-0.6836643218994141,False
12,"-2.049,-0.4582080841064453",GGSYNTSSSGGSMNMDYLNRTSYGCFNGSNSYSGVGPT,6,run6/g12/g12_12.pdb,-2.049,-0.4582080841064453,False
12,"-1.939,-0.07880020141601562",GYSYNGSVSGSSMSMDYLNSSSYECFNGSNFSSGVGPT,6,run6/g12/g12_8.pdb,-1.939,-0.0788002014160156,False
12,"-2.203,0.31076812744140625",GYSYNTSVSGGSMNMGYLNRTSYGCYNGSNFSSSVSPT,6,run6/g12/g12_7.pdb,-2.203,0.3107681274414062,False
12,"-1.724,-0.29081153869628906",GYSYNTSVSGGSMNMDYLNSTSYGSFNGSNFSSGVGPG,6,run6/g12/g12_6.pdb,-1.724,-0.290811538696289,False
12,"-1.735,-0.021169662475585938",GYSYNGSVSGGSMNMDYLNRTSYGSFNSSNFSSSVGPT,6,run6/g12/g12_4.pdb,-1.735,-0.0211696624755859,False
12,"-1.875,-0.30669403076171875",SSSYNTSVSGGSMNMSYLNRTSYGCFSGSNFSSSVGPG,6,run6/g12/g12_21.pdb,-1.875,-0.3066940307617187,False
12,"-2.176,-0.27960205078125",GSSSNTSVSGGGMNMDYLNRSSYECFNGSNFSSGVSST,13,run13/g12/g12_7.pdb,-2.176,-0.27960205078125,False
12,"-1.904,0.6120529174804688",SYSYNTSVSGGSMNMGYLNRGSYGCGNSSNFSSSVGPT,2,run2/g12/g12_19.pdb,-1.904,0.6120529174804688,False
12,"-1.6,-0.019701004028320312",GYSSNTSVSGGSMNMDYLNRTSYGCFNSSNSYSGVGPT,2,run2/g12/g12_17.pdb,-1.6,-0.0197010040283203,False
12,"-2.102,0.0700531005859375",GYSYNTSVSGSSMNMDYLNRTGYESFSGSNFSSGVGPT,2,run2/g12/g12_3.pdb,-2.102,0.0700531005859375,False
12,"-1.627,0.11328697204589844",GYGYNTSVSGGSMNMDYLNRTSYGCFNGSNSYSGVGPT,2,run2/g12/g12_2.pdb,-1.627,0.1132869720458984,False
12,"-1.799,-0.22359085083007812",GYSYNGSSSGGGMNMDYLNRSSYGCFNSSNFSSGVGPT,2,run2/g12/g12_23.pdb,-1.799,-0.2235908508300781,False
12,"-1.454,-0.13080978393554688",GYSYNGSVSGGSMGMDYLNRTSYGCFNGGNFSSGVGPT,10,run10/g12/g12_17.pdb,-1.454,-0.1308097839355468,False
12,"-2.129,0.22827720642089844",GSSYNGSSSGGSMNMDYLNRTSYGCFNGSNFSSSVGPT,10,run10/g12/g12_16.pdb,-2.129,0.2282772064208984,False
12,"-1.968,-0.0348358154296875",SYSYNTSVSGGSMSMGYLNYTSYGCFNGSNFSSSVGPG,10,run10/g12/g12_13.pdb,-1.968,-0.0348358154296875,False
12,"-1.917,0.1364307403564453",SYSYNTSVSGGSMSMGYLNRTSYYCFNGSNFSSSVGPG,10,run10/g12/g12_9.pdb,-1.917,0.1364307403564453,False
12,"-2.464,0.07914924621582031",GSSYSTSVSGGSMNMDYLNRTSSGCFNSSNFSSSVGPT,10,run10/g12/g12_7.pdb,-2.464,0.0791492462158203,False
12,"-2.256,-0.39694786071777344",GYSYNTSVSGSSYNMGYLNRTGYESFNGSNFSSGVGPT,10,run10/g12/g12_4.pdb,-2.256,-0.3969478607177734,False
12,"-1.974,0.2047595977783203",GYSYNTSVSGGSMSMDYLNSTGYESFNGSNFSSGVGPT,10,run10/g12/g12_1.pdb,-1.974,0.2047595977783203,False
12,"-2.068,1.3534526824951172",GYSYSGSSSGGSMNMDYLNRTSYGSFNSSNFSSGVGPT,12,run12/g12/g12_16.pdb,-2.068,1.3534526824951172,False
12,"-2.259,0.3223438262939453",GYSYSGSVSGSSMGMDYLNRTSYGCFSSSNFSSGVGPT,12,run12/g12/g12_15.pdb,-2.259,0.3223438262939453,False
12,"-1.842,-0.6251811981201172",GYSYNTSVSGGSMSMDYLNRTSYGYFSSSNSYSGVGPT,12,run12/g12/g12_14.pdb,-1.842,-0.6251811981201172,False
12,"-1.801,0.6063022613525391",GYSYNTSVSGGSMNMDYLNGTSGGCFNGSNFSSGVGSG,12,run12/g12/g12_10.pdb,-1.801,0.6063022613525391,False
12,"-2.2,-0.15092849731445312",GYSYNGSVSGGGMNMGYLNRTGYGCYNGSNFSSGVGPT,12,run12/g12/g12_3.pdb,-2.2,-0.1509284973144531,False
12,"-1.797,-0.04196357727050781",GYSYNTSVSGGSMNMDYLNRTGYESFNSSNFSSGVGPT,12,run12/g12/g12_19.pdb,-1.797,-0.0419635772705078,False
12,"-2.124,0.04309844970703125",GYSSNTSVSGSSMNMDYLNRTGYGCFNGSNFSSGSGPT,5,run5/g12/g12_11.pdb,-2.124,0.0430984497070312,False
12,"-2.003,0.6600933074951172",GYSYNTSVSGGSMNMSYLNRSSYGCGNSSNFSSGVSPT,8,run8/g12/g12_9.pdb,-2.003,0.6600933074951172,False
12,"-2.328,0.49607276916503906",GYSSNTSVSGGSMNMGYLNRSSYGCFNGSNFSSGVSPT,8,run8/g12/g12_6.pdb,-2.328,0.496072769165039,False
12,"-2.113,-0.44107818603515625",SYSYNTSSSGGSMNMDYLNRTGYGCFNGSNFSSGVGPT,4,run4/g12/g12_24.pdb,-2.113,-0.4410781860351562,False
12,"-1.833,-0.029300689697265625",GYSYNSSSSGSSMNMDYLNSTGYGCFNGSNSSSGVGPT,4,run4/g12/g12_4.pdb,-1.833,-0.0293006896972656,False
12,"-2.2,-0.0449676513671875",GYSYNTSSSGSSMNMDYLNRTGYECFNSSNFSSGVGPT,4,run4/g12/g12_10.pdb,-2.2,-0.0449676513671875,False
12,"-2.174,1.1746368408203125",SYSSNTSVSGGSMSMDYLNRTSSGSFNGSNFSSGVGPT,4,run4/g12/g12_11.pdb,-2.174,1.1746368408203125,False
12,"-1.781,-0.007984161376953125",GSSYSTSSSGSSMNMDYLNRTSYGCFNGSNSSSGVGPT,4,run4/g12/g12_20.pdb,-1.781,-0.0079841613769531,False
12,"-2.235,-0.10057449340820312",GYSYNTSSSGGSMNMDYLNRTGYECFSGSNFSSGVGPT,4,run4/g12/g12_17.pdb,-2.235,-0.1005744934082031,False
12,"-1.904,-0.404296875",GYSYSTSSSGSSMNMDYLNSTGYGCFNGSNSSSGVGPT,4,run4/g12/g12_16.pdb,-1.904,-0.404296875,False
12,"-2.362,-0.09088325500488281",GYSSGTSVSGGSMNMDYLNRTSYGCFNGSNFSSGVGPT,4,run4/g12/g12_2.pdb,-2.362,-0.0908832550048828,False
12,"-2.057,0.8189735412597656",GYSYNTSVSGGSMNMGYLNSTSYYSFNGSNFSSGVGPT,8,run8/g12/g12_22.pdb,-2.057,0.8189735412597656,False
12,"-2.105,0.9168949127197266",GYSYNGSSSGGSMNMDYLNSTSYGGFNTSNFSSSVSPT,8,run8/g12/g12_18.pdb,-2.105,0.9168949127197266,False
12,"-2.247,-0.36138153076171875",GYSYNTSSSGGSMNMSYLNRTSYYCFNGSNFSSSVGST,5,run5/g12/g12_14.pdb,-2.247,-0.3613815307617187,False
12,"-2.026,0.01763153076171875",GYSSNTSVSGSSMNMDYLNRTGYGCFNGSNFSSGVGPG,5,run5/g12/g12_17.pdb,-2.026,0.0176315307617187,False
12,"-1.652,0.07943153381347656",SSSSNTSVSGGSMNMDYLNRTSYGCFNGSNFSSGVGPT,5,run5/g12/g12_19.pdb,-1.652,0.0794315338134765,False
12,"-2.299,-0.12163734436035156",GYSYNTSVSSGSMNMSYLNRTSYYCFNGSNFSSSVGPT,5,run5/g12/g12_20.pdb,-2.299,-0.1216373443603515,False
12,"-1.839,-0.14929962158203125",GYSSNTSVSGSSMNMDYLNSSSYGCFNGSNFSSGVGPT,5,run5/g12/g12_15.pdb,-1.839,-0.1492996215820312,False
13,"-2.025,-0.32550811767578125",SYSYNSSSSGGSMNMDYLNRTGYECFNGSNFSSGVGPT,15,run15/g13/g13_15.pdb,-2.025,-0.3255081176757812,False
13,"-1.091,-0.1522846221923828",GYSYNTSVSGGSMNGDYLNRTSYGCFNGSNSYSSVGPT,16,run16/g13/g13_20.pdb,-1.091,-0.1522846221923828,False
13,"-2.032,0.21834182739257812",GYSYSGGVSGGSMNMDYLNRSSYGCFNGSNFSSGVGPT,15,run15/g13/g13_16.pdb,-2.032,0.2183418273925781,False
13,"-1.808,0.4355125427246094",GYSYNTSVSGGSMNMDYLNRSSYGSFSGSNFSSGVSST,14,run14/g13/g13_22.pdb,-1.808,0.4355125427246094,False
13,"-1.997,0.019826889038085938",GYSYNTSVSGSSMNMDYLNRTSYYSFNGSNFSSSVGPT,14,run14/g13/g13_20.pdb,-1.997,0.0198268890380859,False
13,"-2.023,-0.6133327484130859",SSSYNGSVSGSSYSMGYLNRTSYGCFNGSNFSSGVGPT,14,run14/g13/g13_19.pdb,-2.023,-0.6133327484130859,False
13,"-2.243,-0.1103973388671875",GGSYNTSVSGGSMNMDYLNRTGSESFNGSNFSSGVGPT,16,run16/g13/g13_8.pdb,-2.243,-0.1103973388671875,False
13,"-2.005,0.060413360595703125",GYSYNTGVSGGSMNMDYLNRTGSECFNSSNFSSGVGPT,16,run16/g13/g13_13.pdb,-2.005,0.0604133605957031,False
13,"-2.339,-1.2864322662353516",GYSGNGSVSGSSYNMDYLGRTSYGSFNGSNSYSGVGPT,14,run14/g13/g13_14.pdb,-2.339,-1.2864322662353516,False
13,"-1.943,-0.8638458251953125",GYSYSTSVSGSSMNMDYLSRSSYGSFNGSNFSSGVSPT,14,run14/g13/g13_11.pdb,-1.943,-0.8638458251953125,False
13,"-1.953,0.6638717651367188",GGSYNGSVSGGSMNMDYLNRTSYGSFSGSSFSSSVSPT,14,run14/g13/g13_9.pdb,-1.953,0.6638717651367188,False
13,"-1.774,-0.14698028564453125",GYSSSTSVSGSGMNMDYLNRSSYGSFSGSNFSSGVGPT,14,run14/g13/g13_3.pdb,-1.774,-0.1469802856445312,False
13,"-1.958,1.2671279907226562",GYSYGGSVSGGSMNMDYLNRTGYGSFNGSNFSSGVGPT,15,run15/g13/g13_12.pdb,-1.958,1.2671279907226562,False
13,"-1.638,-0.5486259460449219",GYGYNGSVSGGSMNMDYLNRTSYGCFNGSNSYSGVGPT,2,run2/g13/g13_23.pdb,-1.638,-0.5486259460449219,False
13,"-1.918,0.043087005615234375",GYSYNGSSSGGGMNMDYLNRSSYGCFNSSNFYSGVGPT,2,run2/g13/g13_22.pdb,-1.918,0.0430870056152343,False
13,"-2.011,-0.08661079406738281",GSSYNGSSSGGSMNMDYLNRTSYGCFNSSNSYSGVGPT,2,run2/g13/g13_20.pdb,-2.011,-0.0866107940673828,False
13,"-1.6,-0.5454902648925781",GYSSNGSVSGGSMNMDYLNRTSYGCFNSSNSYSGVGPT,2,run2/g13/g13_17.pdb,-1.6,-0.5454902648925781,False
13,"-1.899,-0.019123077392578125",GYSYNTSVSGGSMNMDYLNRTSYGCFSGSNSYSGVGPT,2,run2/g13/g13_16.pdb,-1.899,-0.0191230773925781,False
13,"-2.491,-0.5323104858398438",SYGYSTSVSGSSYNMDYLNRTSYGSGSGSNFSSGVGPT,11,run11/g13/g13_24.pdb,-2.491,-0.5323104858398438,False
13,"-1.944,0.48336029052734375",GYGYNTSVSGSSYNMDYLNYTSYYCFNSSNFSSGVSPY,11,run11/g13/g13_23.pdb,-1.944,0.4833602905273437,False
13,"-2.263,0.16635894775390625",GSSYNTGVSGGSMNMDYLNRTSSGCFNSSNSYSGVGPT,11,run11/g13/g13_20.pdb,-2.263,0.1663589477539062,False
13,"-1.889,0.06110191345214844",GYSYNTSSSGGSMNMDYLSRTSYGGFNSSNFSSSVGPT,11,run11/g13/g13_19.pdb,-1.889,0.0611019134521484,False
13,"-1.795,1.3769683837890625",GYSYNGSVSGGSMNMDYLNRTSYGSFNGSNFSSGVGGT,11,run11/g13/g13_12.pdb,-1.795,1.3769683837890625,False
13,"-1.343,-0.08714485168457031",SYSYNTSVSGGSMNMDYLNRSGYGSFNGSNFSSGVGPT,11,run11/g13/g13_14.pdb,-1.343,-0.0871448516845703,False
13,"-2.062,-0.3334922790527344",GYSYNTSVSGGSMNMSYLNRTSYGCFNSSNSYSSVGPT,2,run2/g13/g13_7.pdb,-2.062,-0.3334922790527344,False
13,"-2.188,-0.45123291015625",GYSYNTSSSGGSMNMSYLNSTSYYCFNGSNFSSSVGPT,5,run5/g13/g13_3.pdb,-2.188,-0.45123291015625,False
13,"-2.229,1.0665664672851562",GGSYGGGVSGGSMNMDYLNRSSYECFNGSNFSSGVGPG,15,run15/g13/g13_4.pdb,-2.229,1.0665664672851562,False
13,"-1.748,-0.2647666931152344",GYSYNGSSSGGSMNMDYLNRSSYGCFNSSNFSSGVGPT,15,run15/g13/g13_6.pdb,-1.748,-0.2647666931152344,False
13,"-2.247,0.1199951171875",SYSSSTSSSGGSMNMDYLNRTGYECFNGSNFSSGVGPG,15,run15/g13/g13_8.pdb,-2.247,0.1199951171875,False
13,"-1.757,1.6278095245361328",GYSYNGSVSGGSMNMDYLNRSSYGSFNSSNFSSGVGGT,15,run15/g13/g13_11.pdb,-1.757,1.6278095245361328,False
13,"-2.368,0.4212837219238281",SYSYNTSVSGSSMNMSYLNRSSYESFNGSNFSSGSSST,5,run5/g13/g13_13.pdb,-2.368,0.4212837219238281,False
13,"-2.048,-0.5242118835449219",GYSSNTSVSGSSMNMSYLNRTSYGCFNGSNFSSGVGPG,5,run5/g13/g13_23.pdb,-2.048,-0.5242118835449219,False
13,"-2.009,-0.368560791015625",GYSYNTSSSGGSMNMDYLSRTGYECFNSSNFSSGVGPT,5,run5/g13/g13_21.pdb,-2.009,-0.368560791015625,False
13,"-1.58,0.20758056640625",GYSYNTGVSGGSMNMDYLNRSSSECFNGSNFSSGVGPT,5,run5/g13/g13_19.pdb,-1.58,0.20758056640625,False
13,"-1.917,0.21378135681152344",GYSSNTSSSGGSMNMDYLNRTSSGSFNGSNFSSGVGPG,5,run5/g13/g13_17.pdb,-1.917,0.2137813568115234,False
13,"-2.332,-0.17864418029785156",GYSSNGSVSGGSMNMGYLNRSSYGCFNGSNFSSGVSPT,8,run8/g13/g13_23.pdb,-2.332,-0.1786441802978515,False
13,"-1.971,-0.39597129821777344",SYSYNTSVSGGSMSMGYLNYTSYGCFSGSNFSSSVGPG,10,run10/g13/g13_14.pdb,-1.971,-0.3959712982177734,False
13,"-1.684,-1.1021175384521484",GGSYNGSVSGGSMNMDYLNRTSYGCFNGGNFSSGVGPT,10,run10/g13/g13_11.pdb,-1.684,-1.1021175384521484,False
13,"-1.988,-0.6136932373046875",SYSYNTSVSGGSMNMDYLSRTGYESFNGSNFSSGVGPT,10,run10/g13/g13_9.pdb,-1.988,-0.6136932373046875,False
13,"-2.126,0.6415977478027344",GYSYNTSSSGGSMNMDYLNRTGYGCFSGSNFSSGVGPT,4,run4/g13/g13_2.pdb,-2.126,0.6415977478027344,False
13,"-2.631,-0.7185230255126953",SYSSGTSVSGGSMNMDYLNRTSYGCFNGSNFSSGVGPT,4,run4/g13/g13_5.pdb,-2.631,-0.7185230255126953,False
13,"-1.83,-0.10345840454101562",GYSYNTSVSGGSMNMDYLNRTGYESFNGSNFSSGVGPG,10,run10/g13/g13_19.pdb,-1.83,-0.1034584045410156,False
13,"-2.149,-0.3188972473144531",GYSYNGSVSGGGMNMGYLNRTSYGCFNGGNFSSGVGPT,10,run10/g13/g13_20.pdb,-2.149,-0.3188972473144531,False
13,"-2.422,-0.6528339385986328",GYSYNTSVSGGSMNMDYLSRTGYESGNGSNFSSSVGPT,7,run7/g13/g13_3.pdb,-2.422,-0.6528339385986328,False
13,"-1.948,-0.33356285095214844",GYSYSTSVSGGSMNMGYLNRTGYGCFNSSNFSSGVGPT,7,run7/g13/g13_4.pdb,-1.948,-0.3335628509521484,False
13,"-2.065,-0.09877967834472656",GSSSNGSVSGGSMNMSYLSRSSYECFGSSNFSSGVGPT,7,run7/g13/g13_5.pdb,-2.065,-0.0987796783447265,False
13,"-2.176,-0.0324859619140625",GSSSNTSVSGGSMNMSYLNRSSYECFNSSNFSSSVGPT,7,run7/g13/g13_6.pdb,-2.176,-0.0324859619140625,False
13,"-2.483,-1.021413803100586",GYSYNTSVSGGSMSMSYLSRTGYESFNGSNFSSSVGPT,7,run7/g13/g13_7.pdb,-2.483,-1.021413803100586,False
13,"-1.811,0.25257301330566406",GYSYNTSVSGGSMNMDYLNRTSYGSFNGSNFSSGVSPT,4,run4/g13/g13_9.pdb,-1.811,0.252573013305664,False
13,"-1.564,0.06007575988769531",GYSYNSSVSGGSMNGDYLSRTGYECFNGSNFSSGVGPG,7,run7/g13/g13_16.pdb,-1.564,0.0600757598876953,False
13,"-2.314,-0.08452224731445312",GYSYNSSSSGGSMNMDYLNSTGYESFNGSNFSSSVGPT,7,run7/g13/g13_18.pdb,-2.314,-0.0845222473144531,False
13,"-1.958,0.1200714111328125",GGSYNTSVSGGSMGGDYLSRTGYECFNGSNFSSGVGPG,7,run7/g13/g13_19.pdb,-1.958,0.1200714111328125,False
13,"-2.148,-0.12618255615234375",GYSYNTSSSGGSMNMDYLNRTSYGCYNSSNSYSSVGPT,7,run7/g13/g13_20.pdb,-2.148,-0.1261825561523437,False
13,"-1.837,0.11341094970703125",GYSYSTSVSGGSMNMDYLNRTGSGCFNGSNFSSGVGPT,7,run7/g13/g13_21.pdb,-1.837,0.1134109497070312,False
13,"-2.012,-0.07953262329101562",GYSYNTSVSGGSMSMDYLNRTGYECGNGSNFSSGVGPT,7,run7/g13/g13_24.pdb,-2.012,-0.0795326232910156,False
13,"-2.479,0.056865692138671875",GYSYNTSSSGGSMNMDYLSSTGYESFNGSNFSSSVGPT,7,run7/g13/g13_14.pdb,-2.479,0.0568656921386718,False
13,"-2.05,0.22025299072265625",GYSYNTSSSGGSMNMDYLNGTSGGCFNGSNFSSGVGPG,12,run12/g13/g13_4.pdb,-2.05,0.2202529907226562,False
13,"-2.283,-0.4384021759033203",GGSYSGSSSGGSMNMDYLNRTSYGSFNSSNFSSGVGPT,12,run12/g13/g13_3.pdb,-2.283,-0.4384021759033203,False
13,"-1.954,-0.3333587646484375",GYSSNTSVSGGGMNMSYLNRSSYECFNGSSFSSGVGPT,8,run8/g13/g13_2.pdb,-1.954,-0.3333587646484375,False
13,"-2.224,0.4378528594970703",GYSYNTSVSGGSMNMGYLNSTSYYSFNGSNFSSSVGPT,8,run8/g13/g13_5.pdb,-2.224,0.4378528594970703,False
13,"-2.057,-0.0524444580078125",GYSYNGSVGGGSMNMGYLNRTSYYSFNGSNFSSGVGPT,8,run8/g13/g13_15.pdb,-2.057,-0.0524444580078125,False
13,"-1.88,0.4069671630859375",GYSYNGSSSGGSMNMDYLNRSSYECFNGSSFSSSVGPT,8,run8/g13/g13_16.pdb,-1.88,0.4069671630859375,False
13,"-2.041,0.23279571533203125",GYSYNGSSSGGSMNMDYLNRTSYGGFNTSNFSSSVSST,8,run8/g13/g13_9.pdb,-2.041,0.2327957153320312,False
13,"-1.565,0.25287437438964844",GYGYNTSVSGGSMNMDYLNRTSYGSFNGSNFSSGVGPT,4,run4/g13/g13_17.pdb,-1.565,0.2528743743896484,False
13,"-1.88,-0.2512054443359375",GYSYSTSSSGSSMNMGYLNSTGYGCFNGSNSSSGVGPT,4,run4/g13/g13_18.pdb,-1.88,-0.2512054443359375,False
13,"-2.034,0.13213729858398438",GYSYNTSSSGSSMNMDYLNRTSYGCFNGSNSSSSVGPY,4,run4/g13/g13_23.pdb,-2.034,0.1321372985839843,False
13,"-2.186,-0.5710353851318359",GYSYNGSVSGGGMNMGYLNYTGYGCYNGSNFSSGVGPT,12,run12/g13/g13_24.pdb,-2.186,-0.5710353851318359,False
13,"-2.182,0.1811504364013672",GYSYNTSVSGSSYNMSYLNSTGYYCFNGSNFSSGVGPT,12,run12/g13/g13_18.pdb,-2.182,0.1811504364013672,False
13,"-2.383,-0.23138809204101562",GYSSNTSVSGGSMNMGYLNRTSYGCYNGSNFSSGVSPT,6,run6/g13/g13_15.pdb,-2.383,-0.2313880920410156,False
13,"-1.928,-0.040737152099609375",GYSSNGSVSGGGMNMGYLNRSSYGCFNGSNFSSGVGPT,6,run6/g13/g13_14.pdb,-1.928,-0.0407371520996093,False
13,"-1.884,0.467041015625",GYSYNTSVSGGSMNMDYLNRTSYGSFSGSNFSSGVSPT,6,run6/g13/g13_13.pdb,-1.884,0.467041015625,False
13,"-1.773,-0.32744407653808594",GYSSNTSVSGGSMNMDYLNRTSYGSFNSSNFSSSVGPT,6,run6/g13/g13_7.pdb,-1.773,-0.3274440765380859,False
13,"-2.809,-0.1983489990234375",SYSYNGGVSGGSMNMGYLNRSGYECFNGGGFSSGGGPT,6,run6/g13/g13_6.pdb,-2.809,-0.1983489990234375,False
13,"-2.057,-0.4859428405761719",GYSYNTSVSGSSMSMSYLNSSSYECFNGSNFSSGVGPT,6,run6/g13/g13_5.pdb,-2.057,-0.4859428405761719,False
13,"-1.599,-0.06157684326171875",GYSYGGSVSGGSMNMDYLNRTSYGCFNGSNSYSSVGPG,6,run6/g13/g13_1.pdb,-1.599,-0.0615768432617187,False
13,"-1.799,1.3433303833007812",GYSYNTSVSGGSMSMDYLNRSSSESFNGSNFSSGVGPT,6,run6/g13/g13_0.pdb,-1.799,1.3433303833007812,False
13,"-2.058,-0.00968170166015625",GYSYNTSVGGGSMNMGYLNRTSYYSFNGSNFSSGVGPT,8,run8/g13/g13_24.pdb,-2.058,-0.0096817016601562,False
13,"-2.337,-0.08774948120117188",GYSGSTSVSGGSMSMDYLGRTGYECGGSSNFSSGVGPT,1,run1/g13/g13_6.pdb,-2.337,-0.0877494812011718,False
13,"-2.086,0.2805938720703125",GYSGNTSVSGGSMNMGYLGGTGYECGNGSNFSSGVGPT,1,run1/g13/g13_8.pdb,-2.086,0.2805938720703125,False
13,"-1.784,-0.16866302490234375",GYSYNTSVSGGSMSMDYLNRTGYECFSSSNFSSGVGPT,13,run13/g13/g13_3.pdb,-1.784,-0.1686630249023437,False
13,"-2.204,-0.3382911682128906",GYSYNGSVSGGSMNMGYLNRSGYGCFNGGNFSSGVGPT,13,run13/g13/g13_4.pdb,-2.204,-0.3382911682128906,False
13,"-2.189,0.35916900634765625",GSSSNTSVSGGGMNMDYLNRSSYGCFNGSNFSSGVSST,13,run13/g13/g13_11.pdb,-2.189,0.3591690063476562,False
13,"-1.844,-0.35768699645996094",GYSYNTSVSGGSMNMDYLSRTGYECFNGSSFSSGVGPT,13,run13/g13/g13_12.pdb,-1.844,-0.3576869964599609,False
13,"-2.202,0.1647663116455078",SYSYNTSVSGSSMNMDYLNSTGYESFNGSNFSGSVGPT,13,run13/g13/g13_17.pdb,-2.202,0.1647663116455078,False
13,"-1.734,-0.07750320434570312",GYSYNTSVSGGSMSMDYLNRTGYECFNSSNFSSGVGPT,13,run13/g13/g13_21.pdb,-1.734,-0.0775032043457031,False
13,"-2.124,-0.2849597930908203",GYSYNTSVSGSSMNMSYLNRSSYECFNGSNFSSGVGPT,6,run6/g13/g13_22.pdb,-2.124,-0.2849597930908203,False
13,"-2.216,-0.68145751953125",GYSYNGSVSGGSMNMSYLNRTSYGCFSGSNFSSGVSPT,6,run6/g13/g13_21.pdb,-2.216,-0.68145751953125,False
13,"-2.402,-0.08012199401855469",GYSSNTSSSGSSMNMSYLNRSSYECFNGSNFSSGVGPT,13,run13/g13/g13_16.pdb,-2.402,-0.0801219940185546,False
13,"-1.912,-0.7379684448242188",SYSYNGSVSGGSMNMGYLNRTSYGCFNGSNSYSGVGPT,1,run1/g13/g13_10.pdb,-1.912,-0.7379684448242188,False
13,"-2.119,0.11196708679199219",GSSGNTSVSGGSMSMDYLGRTGYECGGSSNFSSGVGPT,1,run1/g13/g13_12.pdb,-2.119,0.1119670867919921,False
13,"-1.893,-0.0232391357421875",GYSYNTSSSGGSMNMDYLNRTSYYCFNGSNFSSGVSPT,3,run3/g13/g13_3.pdb,-1.893,-0.0232391357421875,False
13,"-2.216,1.8670768737792969",GYSYNGSSSGGSMNMDYLNSTSYGSFNGSNSYSGVGPT,9,run9/g13/g13_0.pdb,-2.216,1.8670768737792969,False
13,"-1.68,-0.6800041198730469",GYSYNTSVSGGSMNMDYLSSTSYGSFNGSNSYSGVGPT,9,run9/g13/g13_3.pdb,-1.68,-0.6800041198730469,False
13,"-1.648,-0.18750381469726562",SSSYNTSVSGSSMNMDYLNRSSYGCFNGSNFSSGVSPT,3,run3/g13/g13_7.pdb,-1.648,-0.1875038146972656,False
13,"-1.937,0.4627799987792969",GYSYSTSVSGGSMNMDYLNRTSYGSFSGSNFSSGVSPG,9,run9/g13/g13_9.pdb,-1.937,0.4627799987792969,False
13,"-2.097,-0.5268669128417969",GGSYNTSSSGGSMNMGYLNRTSYGCFNGSNFSSGVGPT,9,run9/g13/g13_11.pdb,-2.097,-0.5268669128417969,False
13,"-2.046,-0.02466583251953125",GYSYNTGVSGGSMNMDYLNRTSSGSFNGSNSYSSVGPT,9,run9/g13/g13_12.pdb,-2.046,-0.0246658325195312,False
13,"-2.272,-0.09365463256835938",GYSYNTSVSSSSMNMDYLGRTGSECFNGSNFSSGVGPT,9,run9/g13/g13_15.pdb,-2.272,-0.0936546325683593,False
13,"-2.17,-0.24221420288085938",GGSYNSSVSGSSMNMDYLGRTGYECFNGSNFSSGVGPT,9,run9/g13/g13_20.pdb,-2.17,-0.2422142028808593,False
13,"-1.194,-0.5004405975341797",GYSYNTSVSGGSMNMDYLSRTSYGCFSSSNFSSGVGPT,3,run3/g13/g13_8.pdb,-1.194,-0.5004405975341797,False
13,"-1.746,-0.30269813537597656",SSSYNTSVSGGSMNMDYLNRSGYECFNGSNFSSSVGPT,3,run3/g13/g13_10.pdb,-1.746,-0.3026981353759765,False
13,"-1.771,-0.46547508239746094",GYSYNTSVSGSSMNMDYLNRTGYGSFNGSNFSSGVGPG,1,run1/g13/g13_14.pdb,-1.771,-0.4654750823974609,False
13,"-1.863,0.04278755187988281",GYSYNTSVSGGSMNMDYLNRSSYYCFNSSNFSSSVGPT,1,run1/g13/g13_15.pdb,-1.863,0.0427875518798828,False
13,"-2.024,-0.32933807373046875",GYSYNTSVSGSSMSMDYLNRTSYYCFNGSNFSSSVGPT,1,run1/g13/g13_18.pdb,-2.024,-0.3293380737304687,False
13,"-1.722,0.9838523864746094",SYSYNTSVSGGSMNMGYLNRTSYGSFNGSNSYSGVGPT,1,run1/g13/g13_22.pdb,-1.722,0.9838523864746094,False
13,"-2.119,-0.10010910034179688",GSSGNTSVSGGSMNMDYLGRTGYESGNGGNFSSGVGPT,1,run1/g13/g13_23.pdb,-2.119,-0.1001091003417968,False
13,"-1.906,-0.4492988586425781",GYSYSGSVSGGSMNMSYLNRTGYGCFNGSNFSSSVGPT,15,run15/g13/g13_23.pdb,-1.906,-0.4492988586425781,False
13,"-1.888,0.19712066650390625",GYGYNGSVSGGGMNMDYLNRTSYGCFNGSNFSSGVSPT,3,run3/g13/g13_9.pdb,-1.888,0.1971206665039062,False
13,"-1.646,0.4487953186035156",GYSYNGSVSGGSMNMDYLNSTSYYCFNGSNFSSGVSPT,3,run3/g13/g13_16.pdb,-1.646,0.4487953186035156,False
13,"-1.669,-0.4942436218261719",GYSYNTSSSGGSMNMDYGSRSSYGCFNGSNFSSGVSPT,3,run3/g13/g13_12.pdb,-1.669,-0.4942436218261719,False
13,"-2.023,0.617706298828125",GYSYNTSVSGSSMNMDYLNSTGYGCFNGSNFSSGVSST,3,run3/g13/g13_11.pdb,-2.023,0.617706298828125,False
13,"-2.044,-0.12420272827148438",GYSYNTSSSGGSMNMDYLNRTSYYCFSGSNFSSGVGPT,3,run3/g13/g13_24.pdb,-2.044,-0.1242027282714843,False
14,"-2.05,0.8659553527832031",GYSSNTSVSGSSMNMSYLNSTSYGCFNGSNFSSGVGPG,5,run5/g14/g14_5.pdb,-2.05,0.8659553527832031,False
14,"-2.038,1.1290626525878906",GYSSNTSVSGSSMNMDYLNRTGYGSFNGSNFSSGVGPG,5,run5/g14/g14_10.pdb,-2.038,1.1290626525878906,False
14,"-2.044,-0.4801177978515625",GSSSNTSVSGSSMNMDYLNRTSYGCFNGSNFSSGVGPT,5,run5/g14/g14_2.pdb,-2.044,-0.4801177978515625,False
14,"-2.184,-0.3691883087158203",GYSYNTSVSGGSMNMSYSNRTSYYCFNGSNFSSSVGPT,5,run5/g14/g14_14.pdb,-2.184,-0.3691883087158203,False
14,"-1.407,0.10054588317871094",GYSSGGSVSGGSMNMDYLNRTSYGCGNGSNFSSGVGPT,5,run5/g14/g14_22.pdb,-1.407,0.1005458831787109,False
14,"-2.362,0.3217010498046875",SYSYNTSVSGSSMNMSYLNRSSYESFNYSNFSSGSSST,5,run5/g14/g14_1.pdb,-2.362,0.3217010498046875,False
14,"-2.271,0.4032249450683594",GSSYNTGVSGGSMNMDYLNSTSSGCFNSSNSYSGVGPT,11,run11/g14/g14_3.pdb,-2.271,0.4032249450683594,False
14,"-2.056,0.19858360290527344",GSSYNTSVSGGSMNMDYLNRSSSGCFNSSNSYSSVGPT,11,run11/g14/g14_12.pdb,-2.056,0.1985836029052734,False
14,"-1.963,0.35713958740234375",YYGYNTSVSGSSYNMDYLNYTSYYCFNSSNFSSGVSPY,11,run11/g14/g14_14.pdb,-1.963,0.3571395874023437,False
14,"-2.148,-0.7752628326416016",GYSYSTSVSGGSMNMGYLNRTSYGSFNGSNSYSGVGPT,11,run11/g14/g14_18.pdb,-2.148,-0.7752628326416016,False
14,"-1.845,-0.5422134399414062",GYSYNTSVSGGSMNMGYLGRTSYGCFNGSNFSSGVGPG,15,run15/g14/g14_1.pdb,-1.845,-0.5422134399414062,False
14,"-2.671,1.3674583435058594",SYSSGTSVSGGSMNMDYLNRTSYGSFNGSNFSSGVGPT,4,run4/g14/g14_0.pdb,-2.671,1.3674583435058594,False
14,"-1.86,-0.5801811218261719",GYGYNTSVSGGSMNMDYLGRTSYGSFNGSNFSSGVGPT,4,run4/g14/g14_5.pdb,-1.86,-0.5801811218261719,False
14,"-2.331,0.06091880798339844",SYSSNTSSSGGSMSMDYLNRTSSGSFNGSNFSSGVGPT,4,run4/g14/g14_6.pdb,-2.331,0.0609188079833984,False
14,"-2.115,-0.39616966247558594",GYSYNTSSSGSSMNMDYLNRTSYGCGNGSNSSSSVGPY,4,run4/g14/g14_8.pdb,-2.115,-0.3961696624755859,False
14,"-1.869,0.13699722290039062",GYSYSSSSSGSSMNMGYLNSTGYGCFNGSNSSSGVGPT,4,run4/g14/g14_11.pdb,-1.869,0.1369972229003906,False
14,"-2.27,-0.19622230529785156",GYSSNTSSSGGSMNMDYLNRTGYECFNGSNFSSGVGPT,4,run4/g14/g14_12.pdb,-2.27,-0.1962223052978515,False
14,"-2.139,0.23449134826660156",SYSSNTSVSGGSMSMDYSNRTSSGSFNGSNFSSGVGPT,4,run4/g14/g14_14.pdb,-2.139,0.2344913482666015,False
14,"-1.809,0.9323997497558594",GSSYSTSSSGSSMNMDYLNRTSYGSFNGSNSSSGVGPT,4,run4/g14/g14_16.pdb,-1.809,0.9323997497558594,False
14,"-1.82,0.05000495910644531",GYSYSTSSSGSSMNMDYLNRTSSGCFNGSNSSSGVGPT,4,run4/g14/g14_18.pdb,-1.82,0.0500049591064453,False
14,"-2.15,-0.10212898254394531",GYSYSGSVSGGSMNMDYLNRTSYGCFNGSNFSSGVGGT,11,run11/g14/g14_2.pdb,-2.15,-0.1021289825439453,False
14,"-2.092,-0.24327468872070312",SYSYSTSSSGGSMNMDYLNRTGSECFNGSNFSSGVGPT,15,run15/g14/g14_3.pdb,-2.092,-0.2432746887207031,False
14,"-2.268,0.10175895690917969",SYSYSSSSSGGSMNMDYLNRTGYECFNGSNFSSGVGPT,15,run15/g14/g14_4.pdb,-2.268,0.1017589569091796,False
14,"-1.929,-0.21287918090820312",GYSYGGSVSGGGMNMSYLNRTGYGCFNGSNFSSGVGPT,15,run15/g14/g14_5.pdb,-1.929,-0.2128791809082031,False
14,"-1.801,0.30088233947753906",GYSYGGSVSGGSMNMDYLNRTGYGSFNGSNFSSSVGPT,15,run15/g14/g14_17.pdb,-1.801,0.300882339477539,False
14,"-1.762,-0.0044307708740234375",GYSYNGSVSGGSMNMDYLNRGSYGCFNSSNFSSGVGGT,15,run15/g14/g14_20.pdb,-1.762,-0.0044307708740234,False
14,"-1.737,0.6129226684570312",GYSYNGSVSGGSMNMDYLNRSSYGCFNGSNFSSGVSPT,15,run15/g14/g14_22.pdb,-1.737,0.6129226684570312,False
14,"-2.39,0.1124114990234375",GSSYSTSVGGGSMNMDYLNRTSYGCFNGSSSYSSVGPT,11,run11/g14/g14_1.pdb,-2.39,0.1124114990234375,False
14,"-1.895,-0.7192344665527344",SSSYNTSVSGGSMGMSYLNRTSYGCFSGSNFSSSVGPG,6,run6/g14/g14_24.pdb,-1.895,-0.7192344665527344,False
14,"-1.96,-0.10020256042480469",GYSYNTSVSGGSMSMDYLNRTGYESFNGSSFSSGVGPT,10,run10/g14/g14_5.pdb,-1.96,-0.1002025604248046,False
14,"-2.217,0.2914314270019531",GYSSNGSVSGGGMNMGYLNRTSYGCFNGGNFSSGVGPT,10,run10/g14/g14_6.pdb,-2.217,0.2914314270019531,False
14,"-2.22,-0.18726348876953125",GYSYNTSSSGGSMNMDYLNRTGYECGNGSNFSSGVGPT,10,run10/g14/g14_7.pdb,-2.22,-0.1872634887695312,False
14,"-1.935,-0.2240772247314453",SYSYNTSSSGGSMSMGYLNRTSYGCFNGSNFSSSVGPG,10,run10/g14/g14_10.pdb,-1.935,-0.2240772247314453,False
14,"-1.927,-0.10982131958007812",GYSYNSSVSGGSMSMDYLNRTGYESFNGSNFSSGVGPT,10,run10/g14/g14_16.pdb,-1.927,-0.1098213195800781,False
14,"-2.51,-0.027858734130859375",GGSYNTSVSGSSYNMGYLNRTGYESFNGSNFSSGVGPT,10,run10/g14/g14_17.pdb,-2.51,-0.0278587341308593,False
14,"-1.649,0.04801368713378906",GYSYNGSVSGGSMNMDYLNRTGYGCFNGGNFSSGVGPT,10,run10/g14/g14_18.pdb,-1.649,0.048013687133789,False
14,"-2.055,0.3857879638671875",SYSYNTSVSGGSMNMDYLSSTGYESFNGSNFSSGVGPT,10,run10/g14/g14_21.pdb,-2.055,0.3857879638671875,False
14,"-2.396,-0.1659698486328125",GYSGNSSSSGGSMSMDYLNSTGYECFNGSNFSSGVGPT,10,run10/g14/g14_23.pdb,-2.396,-0.1659698486328125,False
14,"-1.889,0.3426647186279297",GYSYSTSVSGGSMNMDYLNRTGYGSFSGSNFSSGVSPG,9,run9/g14/g14_2.pdb,-1.889,0.3426647186279297,False
14,"-1.955,0.2688579559326172",GYSYNTSSSGGSMSMDYLNSTSSGCFNGSNFSSSVGPT,9,run9/g14/g14_8.pdb,-1.955,0.2688579559326172,False
14,"-1.68,-0.03505706787109375",GYSYNTSVSGGSMNMDYLSSTSYGSFGGSNSYSGVGPT,9,run9/g14/g14_13.pdb,-1.68,-0.0350570678710937,False
14,"-2.421,-0.08014869689941406",GGSGNTSVSGGSMNMDYLNRTSYGSFNGGNSYSGVGPT,9,run9/g14/g14_14.pdb,-2.421,-0.080148696899414,False
14,"-2.141,0.10160255432128906",GYSYSTSVSGSSMNMDYLNRTSYGSFSGSNFSSGVGPG,9,run9/g14/g14_15.pdb,-2.141,0.101602554321289,False
14,"-2.099,1.4698677062988281",GYSYNTSSSGGSMSMDYLNRTSSGSFSGSNFSSGVGPT,9,run9/g14/g14_16.pdb,-2.099,1.469867706298828,False
14,"-2.144,0.43993568420410156",GGSGNTSVGGGSMNMDYLNRTSYGSFNGSNSYSSVGPT,9,run9/g14/g14_19.pdb,-2.144,0.4399356842041015,False
14,"-1.794,-0.3196449279785156",GYSYNGSSSGGGMNMGYLNRTSYGCFNGSNFSSGVGPT,9,run9/g14/g14_21.pdb,-1.794,-0.3196449279785156,False
14,"-1.87,-0.23018455505371094",GYSYNGSSSGGSMNMDYLSSTSYGCFNGSNSYSGVGPT,9,run9/g14/g14_22.pdb,-1.87,-0.2301845550537109,False
14,"-1.981,0.11804008483886719",SYSYNTSVSGGSMSMGYLNYTSYGCFSSSNFSSSVGPG,10,run10/g14/g14_24.pdb,-1.981,0.1180400848388671,False
14,"-1.876,-0.5139446258544922",GYSYNGSVSGGSMNMDYLNRTSYGSFNSSNFSSSVGPG,6,run6/g14/g14_2.pdb,-1.876,-0.5139446258544922,False
14,"-1.755,-0.6793117523193359",GYSYGTSVSGGSMNMSYLNRTSYGCFNGSNSYSSVGPG,6,run6/g14/g14_4.pdb,-1.755,-0.6793117523193359,False
14,"-1.763,-0.028347015380859375",GYSYNTSVSGGSMSMDYLNRSSSECFSGSNFSSGVGPT,6,run6/g14/g14_5.pdb,-1.763,-0.0283470153808593,False
14,"-2.156,-0.6854743957519531",GYSYNTSVSGGSMNMDYLSRTSYYSFNGSNFSSSVGPT,6,run6/g14/g14_6.pdb,-2.156,-0.6854743957519531,False
14,"-1.933,0.27012062072753906",GYSYNTSVSGSSMNMDYLNRSSYECFNGSNFSSGVSPT,6,run6/g14/g14_9.pdb,-1.933,0.270120620727539,False
14,"-1.714,-0.5330066680908203",GYSYNTSVSGGSMGMDYLNRTSYGSFSGSNFSSGVGPT,6,run6/g14/g14_12.pdb,-1.714,-0.5330066680908203,False
14,"-1.499,-0.16477584838867188",GYSYGTSVSGGSMNMDYLNRTSYGCFNGGNSYSGVGPG,6,run6/g14/g14_13.pdb,-1.499,-0.1647758483886718,False
14,"-2.405,0.06810760498046875",SYSYNGSVSGGSMNMGYLNRSSYECFNGGSFSSGGGPT,6,run6/g14/g14_16.pdb,-2.405,0.0681076049804687,False
14,"-1.682,-0.20252227783203125",SYSYNTSVSGGSMNMDYLNSTSYGSFNGSNFSSGVGPG,6,run6/g14/g14_17.pdb,-1.682,-0.2025222778320312,False
14,"-1.868,0.013463020324707031",GYSYNTSVSGGSMNMDYLNRTSYGSFSTSNFSSGVSPT,6,run6/g14/g14_21.pdb,-1.868,0.013463020324707,False
14,"-1.853,0.2971477508544922",GYSYNGSVSGGGMNMGYLNRSSGGCFNGSNFSSGVGPT,6,run6/g14/g14_1.pdb,-1.853,0.2971477508544922,False
14,"-1.613,0.606903076171875",GYSYNTSVSGGSMNMDYLNSTSYYCFNGSNFSSGVSPT,3,run3/g14/g14_11.pdb,-1.613,0.606903076171875,False
14,"-1.934,0.10707855224609375",GYSYNGSVSGGGMNMDYGNRTSYGCFNTSNFSSGVSPT,3,run3/g14/g14_12.pdb,-1.934,0.1070785522460937,False
14,"-2.149,-0.394439697265625",GYSYNTSVSGSSMNMDYLSSTGYGCFNGSNFSSGVSPT,3,run3/g14/g14_13.pdb,-2.149,-0.394439697265625,False
14,"-2.284,0.08570098876953125",GYSYNTSVSGSSMNMSYLNSTGYGCFNGSNFSSGVSPT,3,run3/g14/g14_14.pdb,-2.284,0.0857009887695312,False
14,"-1.382,-0.20480728149414062",GYSYNTSVSGGSMNMDYLSRTSYYCFSSSNFSSGVGPT,3,run3/g14/g14_15.pdb,-1.382,-0.2048072814941406,False
14,"-2.029,-0.6676158905029297",GYGYNGSVSGGGMNMGYLNRTSYGCFNGSNFSSGVSPT,3,run3/g14/g14_19.pdb,-2.029,-0.6676158905029297,False
14,"-1.684,-0.23792648315429688",GYSYNTSVSGGSMNMDYLNRSSYGCFNGSNFSSGVSPT,3,run3/g14/g14_22.pdb,-1.684,-0.2379264831542968,False
14,"-1.676,-0.22171401977539062",SSSYNTSVSGGSMNMDYLNRSSYGCFNGSNFSSSVGPT,1,run1/g14/g14_9.pdb,-1.676,-0.2217140197753906,False
14,"-1.424,-0.6357517242431641",GYSYNGSVSGGSMNMSYLSRTSYGCFNGSNSYSSVGPT,16,run16/g14/g14_10.pdb,-1.424,-0.6357517242431641,False
14,"-2.494,-0.06789398193359375",GGSYNTSSSGGSMNMDYLNRTGSESFNGSNFSSGVGPT,16,run16/g14/g14_11.pdb,-2.494,-0.0678939819335937,False
14,"-1.86,-0.1552867889404297",GYSYNTSSSGGSMSMDYLNRTGYECFNGSNFSSGVGPT,16,run16/g14/g14_13.pdb,-1.86,-0.1552867889404297,False
14,"-2.137,-0.7507953643798828",GYSYNTSVSGGSMSMGYLNRTGYESFNGSNFSSGVGPT,16,run16/g14/g14_18.pdb,-2.137,-0.7507953643798828,False
14,"-2.068,-0.31971168518066406",GYSYNTSVSGGSMNMSYLNRSSYYCYNGSNFSSSVGPT,1,run1/g14/g14_4.pdb,-2.068,-0.319711685180664,False
14,"-1.957,-0.335845947265625",GYSYNTSVSGSSMSMDYLNRTSYGCFNGSNFSSSSGPT,1,run1/g14/g14_3.pdb,-1.957,-0.335845947265625,False
14,"-1.791,0.6396694183349609",SYSYNTSVGGGSMNMGYLNRTSYGCFNGSNSYSSVGPT,1,run1/g14/g14_10.pdb,-1.791,0.6396694183349609,False
14,"-2.302,0.11235809326171875",GYSGNTSSSGGSMNMGYLGRTGYECGNGSNFSSGVGPT,1,run1/g14/g14_11.pdb,-2.302,0.1123580932617187,False
14,"-2.587,-0.5030632019042969",SYSYNTSVSGGSMNMGYLNRSSYGCFNGSNFSSGVGPT,8,run8/g14/g14_14.pdb,-2.587,-0.5030632019042969,False
14,"-1.905,-0.4633617401123047",SYSSNTSVSGGGMNMSYLNRSSYECFNGSNFSSGVGPT,8,run8/g14/g14_10.pdb,-1.905,-0.4633617401123047,False
14,"-2.307,1.5021514892578125",GYSYNGSVGGGSMNMGYLNRTSGYSFNGSNFSSGVGPT,8,run8/g14/g14_9.pdb,-2.307,1.5021514892578125,False
14,"-2.313,-0.09139442443847656",GYSSNTSVSGGGMNMGYLNRSSYGCFNGSNFSSGVGPT,8,run8/g14/g14_8.pdb,-2.313,-0.0913944244384765,False
14,"-2.504,-0.3452777862548828",GYSSNTSVSGGSMNMGYLNRSSYGCFNGSNFSSGSSPT,8,run8/g14/g14_5.pdb,-2.504,-0.3452777862548828,False
14,"-2.167,-0.18866920471191406",GYSYNTSVSGSSMNMDYLNRTGYGSFNGSNFSGGVGPT,1,run1/g14/g14_24.pdb,-2.167,-0.188669204711914,False
14,"-2.017,0.04287147521972656",GYSGNTSVSGGSMSMDYLGRTGYECGGSSNFSSGVGPG,1,run1/g14/g14_23.pdb,-2.017,0.0428714752197265,False
14,"-1.818,0.023677825927734375",GYSYNGSSSGSSMNMDYLNRSSYECFNGSSFSSSVGPT,8,run8/g14/g14_17.pdb,-1.818,0.0236778259277343,False
14,"-2.6,-1.0252742767333984",SYSYNTSVSGSSMNMSYLSSTGYECFNGSNFSGGVGPT,13,run13/g14/g14_12.pdb,-2.6,-1.0252742767333984,False
14,"-2.31,-0.5539436340332031",GYSSNTSVSGSSMNMDYLNRSSYESGNGSNFSSGVGPT,13,run13/g14/g14_1.pdb,-2.31,-0.5539436340332031,False
14,"-2.384,0.30307579040527344",GYSSNTSSSGSSMNMSYLNSSSYECFNGSNFSSGVGPT,13,run13/g14/g14_3.pdb,-2.384,0.3030757904052734,False
14,"-1.587,-0.5999565124511719",SYSYSTSVSGGSMNMDYLNRTGYECFNGSNFSSGVGPT,13,run13/g14/g14_5.pdb,-1.587,-0.5999565124511719,False
14,"-1.755,-0.5270824432373047",SYSYNTSVSGGSMNMDYLSRTGYECFNGSNFSSGVGPT,13,run13/g14/g14_11.pdb,-1.755,-0.5270824432373047,False
14,"-2.185,0.2513694763183594",GYSYNGSSSGGGMNMDYLNRSSYGCFNSSNFYSSVGPT,2,run2/g14/g14_17.pdb,-2.185,0.2513694763183594,False
14,"-1.925,0.46169471740722656",GYSYNGSVSGGGMNMDYLNRSSGGCYNSSNFSSGVGPT,2,run2/g14/g14_15.pdb,-1.925,0.4616947174072265,False
14,"-1.936,1.2330455780029297",SYSYNTSVSGGSMNMGYLNRGSYGSGNGSNFSSGVGPT,2,run2/g14/g14_13.pdb,-1.936,1.2330455780029297,False
14,"-2.208,0.5241775512695312",GYSYNGSVSGGSMNMGYLNGSGYGCFNGGNFSSGVGPT,13,run13/g14/g14_16.pdb,-2.208,0.5241775512695312,False
14,"-2.525,-0.202667236328125",GYSYNTSVSGGSMSMSYLSRTGYESFNSSNFSSSVGPT,7,run7/g14/g14_24.pdb,-2.525,-0.202667236328125,False
14,"-2.261,1.2022552490234375",GSSSNTSVSGGSMNMSYLNRSSYEGFNSSNFSSSVGPT,7,run7/g14/g14_22.pdb,-2.261,1.2022552490234375,False
14,"-1.823,0.5443325042724609",GYSYNTSVSGGSMNMDYLNSTSYYSFNGSNFSSGVGPT,8,run8/g14/g14_1.pdb,-1.823,0.5443325042724609,False
14,"-2.045,1.314188003540039",GYSYNTSVSGGSMSMDYLNRTGYESFNSSNFSSGVGPT,13,run13/g14/g14_20.pdb,-2.045,1.314188003540039,False
14,"-2.481,-0.15244102478027344",GYSYNSSSSGGSMNMDYLNGTGYESGNGSNFSSGVGPY,7,run7/g14/g14_20.pdb,-2.481,-0.1524410247802734,False
14,"-2.214,0.2836132049560547",GYSYNTSVSGSSMNMGYLNRTGYESFNGSNFSSSVGPT,7,run7/g14/g14_8.pdb,-2.214,0.2836132049560547,False
14,"-2.319,0.18939876556396484",GYSYNTSSSGSSMNMDYLNSTGYESFNGSNFSSSVGPT,7,run7/g14/g14_6.pdb,-2.319,0.1893987655639648,False
14,"-2.377,-0.21912002563476562",GYSYNTSVSGGSMNMDYLSRTGYESGNGSNFSSGVGPT,7,run7/g14/g14_3.pdb,-2.377,-0.2191200256347656,False
14,"-2.075,-0.5769386291503906",GYSYNGSSSGGSMNMDYLNRTSYGGFSTSNFSSSVSST,8,run8/g14/g14_11.pdb,-2.075,-0.5769386291503906,False
14,"-2.359,-0.33506202697753906",GGSYNGSVSGGSMNMGYLNRYSYGSFNGSNFSSSVGPG,14,run14/g14/g14_21.pdb,-2.359,-0.335062026977539,False
14,"-2.221,0.7494697570800781",GYSYNTSVSGSSMNMDYLNRTSYYSFNGSNFSSSVGST,14,run14/g14/g14_17.pdb,-2.221,0.7494697570800781,False
14,"-1.803,-0.7001724243164062",GSSSNTSVSGSSYNMDYLNRTSYGCFNGSNFSSGVSPT,14,run14/g14/g14_15.pdb,-1.803,-0.7001724243164062,False
14,"-1.473,0.22975730895996094",GYSYNGSVSGGSMNMDYSNRTSYGSFNGSNFSSGVGPT,14,run14/g14/g14_14.pdb,-1.473,0.2297573089599609,False
14,"-1.76,-0.2531108856201172",GYSYSTSVSGSSMNMDYLNRSSYYSFSGSNFSSGVGPT,14,run14/g14/g14_12.pdb,-1.76,-0.2531108856201172,False
14,"-2.312,0.1060028076171875",SYSYNGGVSGSSYSMGYLNRTSSGCFNGSNFSSGVGPT,14,run14/g14/g14_7.pdb,-2.312,0.1060028076171875,False
14,"-2.306,-0.0627899169921875",GYSYNGSVSGGGMGMGYLNRTGYGCYNGSNFSSGVGPT,12,run12/g14/g14_22.pdb,-2.306,-0.0627899169921875,False
14,"-2.114,0.3459281921386719",GYSYSGSVSGSSMSMDYLNRTSYGCFSSSNFSSSVGPT,12,run12/g14/g14_2.pdb,-2.114,0.3459281921386719,False
14,"-2.309,0.43148231506347656",GSSYNTSSSGGSMNMGYLNSTSYGCFNGSNFSSSVGPT,12,run12/g14/g14_4.pdb,-2.309,0.4314823150634765,False
14,"-1.8,0.1789398193359375",GYSYNTSSSGGSMNMDYLNRTSYGCFNSSNFSSGVGPG,12,run12/g14/g14_9.pdb,-1.8,0.1789398193359375,False
14,"-2.139,1.8509788513183594",GYSYNTSSSGGSMNMDYLNGTSGGSFNGSNFSSGVGPG,12,run12/g14/g14_11.pdb,-2.139,1.8509788513183596,False
14,"-2.172,-0.24312400817871094",GYSYNTSVSGGSMNMGYLNRTGYESFNGSNFSSGVGPG,12,run12/g14/g14_13.pdb,-2.172,-0.2431240081787109,False
14,"-1.283,0.15728759765625",GYSYNTSVSGGSYNMDYLNRTGYGCFNGSNFSSGVGPT,12,run12/g14/g14_18.pdb,-1.283,0.15728759765625,False
14,"-2.029,-0.0762176513671875",SYSYNTSSSGGSMSMDYLNRTSYGCFNGSNSYSSVGPT,12,run12/g14/g14_20.pdb,-2.029,-0.0762176513671875,False
14,"-2.263,-0.17023468017578125",GYSYNTSVSGSSYNMSYLNSTGYYCFNSSNFSSGVGPT,12,run12/g14/g14_21.pdb,-2.263,-0.1702346801757812,False
14,"-2.358,-0.40071868896484375",GYSYNTSSSGGSMNMSYLNRTSYGCFNSSNSYSSVGPT,2,run2/g14/g14_2.pdb,-2.358,-0.4007186889648437,False
14,"-2.309,-0.026790618896484375",GYSYNTSVSGSSMNMDYLNRTGSESFNGSNFSSGVGPT,16,run16/g14/g14_2.pdb,-2.309,-0.0267906188964843,False
14,"-2.07,-0.4303112030029297",GYSYNTSVSGGSMGMSYLNRSSYESFSSSNFSSGVGPT,16,run16/g14/g14_1.pdb,-2.07,-0.4303112030029297,False
14,"-1.938,1.4586257934570312",SYSSNTSVSGGSMNMGYLNSGSYGSGNGSNFSSGVGPT,2,run2/g14/g14_5.pdb,-1.938,1.4586257934570312,False
14,"-2.139,-0.3277168273925781",SYSYNTSVSGGSMNMDYLNRTGSESFNGSNFSSGVGPT,16,run16/g14/g14_5.pdb,-2.139,-0.3277168273925781,False
14,"-1.671,1.3385009765625",GYGYNGSVSGGSMNMDYLNRTSYGSFNGSNSYSGVGPT,2,run2/g14/g14_9.pdb,-1.671,1.3385009765625,False
14,"-1.535,0.035205841064453125",GYGYNTSVSGGSMNGDYLNRTSYGCFNGSNSYSGVGPT,2,run2/g14/g14_10.pdb,-1.535,0.0352058410644531,False
14,"-1.997,-0.6273117065429688",GYSYNGSVSGGSMNMSYLNRTSYGCFNGSNSYSGVGPT,2,run2/g14/g14_22.pdb,-1.997,-0.6273117065429688,False
14,"-2.014,0.1500720977783203",GSSYNGSSGGGSMNMDYLNRTSYGCFNSSNSYSGVGPT,2,run2/g14/g14_1.pdb,-2.014,0.1500720977783203,False
14,"-1.851,-0.4032478332519531",GYSSNTSVSGGSMNMDYLSRTGYECFNGSSFSSGVGPT,13,run13/g14/g14_23.pdb,-1.851,-0.4032478332519531,False
15,"-2.127,-0.315399169921875",GYSYNTSVSGGSMSMDYLNRTGYESFSSSNFSSGVGPT,13,run13/g15/g15_2.pdb,-2.127,-0.315399169921875,False
15,"-2.054,-0.5152435302734375",GGSYNTSVSGGSMNMDYLNSTSYGSFNGSNFSSGVGPT,4,run4/g15/g15_2.pdb,-2.054,-0.5152435302734375,False
15,"-2.245,-0.082794189453125",SYSYNTSVSGSSMNMDYLNSTGYESFSGSNFSGSVGPT,13,run13/g15/g15_4.pdb,-2.245,-0.082794189453125,False
15,"-2.257,0.19177627563476562",GYSYNTSVSGGSMNMGYLNRTGYYCFNGSNFSSGVGPT,13,run13/g15/g15_9.pdb,-2.257,0.1917762756347656,False
15,"-2.133,0.04844093322753906",SYSSNGSVSGGSMSMDYLNRTSSGCFNGSNFSSGVGPT,4,run4/g15/g15_12.pdb,-2.133,0.048440933227539,False
15,"-1.997,-0.5243568420410156",GYSYNTSSSGGSMNMSYLNRSSYECFNGSNFSSGVGPT,4,run4/g15/g15_11.pdb,-1.997,-0.5243568420410156,False
15,"-1.76,0.11645126342773438",GYSYNSSSSGSSMNMDYLNSTGYGCFNSSNSSSGVGPT,4,run4/g15/g15_14.pdb,-1.76,0.1164512634277343,False
15,"-1.997,0.034549713134765625",GYSYNTSVSGGSMSMDYLNRTGYECFSSSNFSSSVGPT,13,run13/g15/g15_21.pdb,-1.997,0.0345497131347656,False
15,"-1.85,-0.04477882385253906",SYSYNTSSSGGSMNMDYLSRTGYECFNGSNFSSGVGPT,13,run13/g15/g15_20.pdb,-1.85,-0.044778823852539,False
15,"-2.349,0.40680885314941406",SYSSNTGVSGGSMSMDYSNRTSSGSFNGSNFSSGVGPT,4,run4/g15/g15_15.pdb,-2.349,0.406808853149414,False
15,"-2.329,0.6421127319335938",GYSYNGSVSGGSMNMGYLNGSGYGCFNGGNFSSSVGPT,13,run13/g15/g15_10.pdb,-2.329,0.6421127319335938,False
15,"-1.559,-0.6537208557128906",SYSSNTSVSGSSMNMDYLNRTSYGCFNGSNFSSSVGPG,13,run13/g15/g15_12.pdb,-1.559,-0.6537208557128906,False
15,"-2.356,0.9463958740234375",GYSSNTSSSGSSMNMSYLNSSSYESFNGSNFSSGVGPT,13,run13/g15/g15_24.pdb,-2.356,0.9463958740234376,False
15,"-1.593,-0.7968788146972656",SYSYNTSVSGGSMNMSYLNRSSYYSFNGSNFSSGVGPT,11,run11/g15/g15_18.pdb,-1.593,-0.7968788146972656,False
15,"-1.834,0.22616004943847656",GYSYNTSVSGSSMNMDYLNRTSYGCFNSSNFSSSVGPT,11,run11/g15/g15_1.pdb,-1.834,0.2261600494384765,False
15,"-1.908,0.023276329040527344",GYSSNTSVSGGSMNMDYLNRTSSGSFNGSNSYSSVGPT,9,run9/g15/g15_9.pdb,-1.908,0.0232763290405273,False
15,"-1.981,0.052097320556640625",GYSYNTSVSGSSMNMDYLNSTSYGSFNGSNSYSGVGPT,9,run9/g15/g15_7.pdb,-1.981,0.0520973205566406,False
15,"-2.009,-0.3087348937988281",GYSYNTGVSGGSMNMDYLNRTSSGSFNGSNSYSSVGPG,9,run9/g15/g15_6.pdb,-2.009,-0.3087348937988281,False
15,"-1.689,0.14132118225097656",GYSYSTSVSGGSMNMDYLNRTSYGSFSGSNFSSSVGPG,9,run9/g15/g15_4.pdb,-1.689,0.1413211822509765,False
15,"-2.459,-0.21552276611328125",GYSYNSSVSGSSMNMDYLGRTGYECGNGSNFSSGVGPT,9,run9/g15/g15_3.pdb,-2.459,-0.2155227661132812,False
15,"-2.067,0.26616668701171875",GYSYNTSVSGSSMNMDYLNRSSYGCFNGSNFSSGVSPT,3,run3/g15/g15_23.pdb,-2.067,0.2661666870117187,False
15,"-1.582,0.21405410766601562",SSSYNTSVSGSSMNMDYLNRSSYGCFNGSNFSSSVSPT,3,run3/g15/g15_22.pdb,-1.582,0.2140541076660156,False
15,"-1.664,-0.3095130920410156",GYSSNTSSSGGSMNMDYGSRSSYGCFNGSNFSSGVSPT,3,run3/g15/g15_20.pdb,-1.664,-0.3095130920410156,False
15,"-1.348,-0.4167823791503906",GYSYNTSVSGGSMGMDYLNRTSYGSFSSSNFSSGVGST,3,run3/g15/g15_19.pdb,-1.348,-0.4167823791503906,False
15,"-2.018,0.48630332946777344",GYSYNGSVSGGGMNMDYGNRTSYGCFNTSNFSSGVSST,3,run3/g15/g15_17.pdb,-2.018,0.4863033294677734,False
15,"-2.133,-0.7652435302734375",GGGYNGSVSGGGMNMGYLNRTSYGCFNGSNFSSGVSPT,3,run3/g15/g15_15.pdb,-2.133,-0.7652435302734375,False
15,"-2.21,0.5871372222900391",GGSGNTSVGGGSMNMDYLNGTSYGSFNGSNSYSSVGPT,9,run9/g15/g15_18.pdb,-2.21,0.5871372222900391,False
15,"-1.98,0.1245269775390625",SYSYNTSVSGGSMNMGYLNRGSYGCGSSSNFSSGVGPT,2,run2/g15/g15_17.pdb,-1.98,0.1245269775390625,False
15,"-2.104,1.2368125915527344",GSSSNGSSSGGSMSMSYLNRTSYGCFNGSNFSSSVGPT,2,run2/g15/g15_19.pdb,-2.104,1.2368125915527344,False
15,"-2.12,-0.2259044647216797",GYSSNTSVSGGSMNMDYLNRTSYGCFSGSNSYSGVGPT,2,run2/g15/g15_7.pdb,-2.12,-0.2259044647216797,False
15,"-2.307,-0.2035961151123047",GGSYNGSSSGGGMNMDYLNRSSYGCFNSSNFYSSVGPT,2,run2/g15/g15_5.pdb,-2.307,-0.2035961151123047,False
15,"-2.253,-0.09052467346191406",GYSYNGSSSGGSMNMSYLNRTSYGCFNGSNSYSGVGPT,2,run2/g15/g15_4.pdb,-2.253,-0.090524673461914,False
15,"-1.809,-0.2000579833984375",SYSYNTSVSGGSMNMDYLNRTSYGCFNGSNSYSSVGPT,2,run2/g15/g15_3.pdb,-1.809,-0.2000579833984375,False
15,"-1.553,0.5597896575927734",GYGYNTSVSGGSMNGDYLNGTSYGCFNGSNSYSGVGPT,2,run2/g15/g15_1.pdb,-1.553,0.5597896575927734,False
15,"-2.286,-0.6439857482910156",GGSYNTSSSGGSMSMDYLNRTSSGSFSGSNFSSGVGPT,9,run9/g15/g15_20.pdb,-2.286,-0.6439857482910156,False
15,"-2.426,-0.20515060424804688",GYSYNGSSSGGSMNMDYLNSTSYGSFNGGNSYSGVGPT,9,run9/g15/g15_19.pdb,-2.426,-0.2051506042480468,False
15,"-2.086,0.0023174285888671875",GYSYNTSVSGSSMNMDYLNSTGYGCFNGSSFSSGVSST,3,run3/g15/g15_13.pdb,-2.086,0.0023174285888671,False
15,"-2.299,1.4606380462646484",GYSGNTSSSGGSMNMGYLGRTGYESGNGSNFSSGVGPT,1,run1/g15/g15_0.pdb,-2.299,1.4606380462646484,False
15,"-1.889,-0.06433868408203125",GYSSNTSVSGGSMNMDYLNRTSYGCFNGSSFSSGVSPT,3,run3/g15/g15_1.pdb,-1.889,-0.0643386840820312,False
15,"-2.454,1.1658859252929688",GSSYSTSVGGGSMNMDYLNRTSYGGFNGSSSYSSVGPT,11,run11/g15/g15_24.pdb,-2.454,1.1658859252929688,False
15,"-2.321,0.061740875244140625",GSSYNTGVSGGSMNMDYLNSTSSGCFNSSSSYSGVGPT,11,run11/g15/g15_23.pdb,-2.321,0.0617408752441406,False
15,"-2.539,-1.0928153991699219",SYGYSTSVSGSSYNMGYLNRTSYGSGSGSNFSSGVGPT,11,run11/g15/g15_13.pdb,-2.539,-1.092815399169922,False
15,"-1.612,-0.24103927612304688",SYSYNGSSSGGSMNMDYLNRSSYGSFNGSNFSSGVGPT,11,run11/g15/g15_12.pdb,-1.612,-0.2410392761230468,False
15,"-2.441,0.5442218780517578",SYGYNTSVSGSSYNMDYLNSTSYGSGSGSNFSSGVGPT,11,run11/g15/g15_6.pdb,-2.441,0.5442218780517578,False
15,"-1.841,-0.6275386810302734",SYSYNTSSSGGSMNMGYLNRSSYGSFNGSNFSSGVGPT,11,run11/g15/g15_4.pdb,-1.841,-0.6275386810302734,False
15,"-1.918,-0.24057769775390625",GYSYNTSSSGGSMNMDYLSRTSYGGFNSSSFSSSVGPT,11,run11/g15/g15_3.pdb,-1.918,-0.2405776977539062,False
15,"-1.639,-0.2589530944824219",SYSYNGSVSGGSMNMDYLNRTSYYCFNGSNFSSGVSPT,3,run3/g15/g15_8.pdb,-1.639,-0.2589530944824219,False
15,"-1.646,-0.15581512451171875",GYSSNTSVSGGSMNMDYLNSTSYYCFNGSNFSSGVSPT,3,run3/g15/g15_6.pdb,-1.646,-0.1558151245117187,False
15,"-2.086,0.23342323303222656",SSSYNTSSSGGSMNMDYLNRSGYECFNGSNFSSSVGPT,3,run3/g15/g15_4.pdb,-2.086,0.2334232330322265,False
15,"-1.807,-0.4605998992919922",GYSYNTSVSGGSMSMSYLNRSSYYCFNGSNFSSSVGPT,1,run1/g15/g15_22.pdb,-1.807,-0.4605998992919922,False
15,"-1.788,-0.8610897064208984",SGSYNGSVSGGSMNMGYLNRTSYGCFNGSNSYSGVGPT,1,run1/g15/g15_14.pdb,-1.788,-0.8610897064208984,False
15,"-1.984,-0.7680702209472656",SYSYNTSVSGGSMNMGYLNRTSYGSFNGSNSYSGVGPY,1,run1/g15/g15_13.pdb,-1.984,-0.7680702209472656,False
15,"-2.206,-0.44610023498535156",GNSYNTSSSGGSMNMDYLNSTGYESFNGSNFSSGVSPT,1,run1/g15/g15_9.pdb,-2.206,-0.4461002349853515,False
15,"-1.951,-0.4300498962402344",SYSYNTSVSGSSMNMGYLNRTGYESFNGSNFSSSVGPT,7,run7/g15/g15_16.pdb,-1.951,-0.4300498962402344,False
15,"-1.57,-0.3155803680419922",GYSYNSSVSGGSMNGDYLSRTGYECFSGSNFSSGVGPG,7,run7/g15/g15_17.pdb,-1.57,-0.3155803680419922,False
15,"-2.729,-0.2335968017578125",GGSYNTSVSGSSYNMGYLNRTGYESFSGSNFSSGVGPT,10,run10/g15/g15_0.pdb,-2.729,-0.2335968017578125,False
15,"-2.441,-0.3308563232421875",GYSYSTSVSGGSMSMDYLNRTGYESFNGSSFSSGVGPT,10,run10/g15/g15_1.pdb,-2.441,-0.3308563232421875,False
15,"-1.706,1.6014060974121094",GYSYNGSVSGGSMNMDYLNRTGYGSFNGGNFSSGVGPT,10,run10/g15/g15_9.pdb,-1.706,1.6014060974121094,False
15,"-2.09,-0.09035873413085938",GYSYNTSVSGSSMNMDYLNRTGYESFNGSNFSSGVGPG,10,run10/g15/g15_11.pdb,-2.09,-0.0903587341308593,False
15,"-2.466,-0.18562698364257812",GYSYNSSSSGGSMNMDYLNSTGYESGNGSNFSSGVGPY,7,run7/g15/g15_14.pdb,-2.466,-0.1856269836425781,False
15,"-2.416,-0.3907051086425781",GYSYSTSVSGGSMNMDYLSRTGYESGNGSNFSSGVGPT,7,run7/g15/g15_13.pdb,-2.416,-0.3907051086425781,False
15,"-2.362,-0.5128879547119141",GSSYNTSSSGGSMNMDYLNRTSYGCYNSSNSYSSVGPT,7,run7/g15/g15_12.pdb,-2.362,-0.5128879547119141,False
15,"-2.105,-0.22298240661621094",GGSYNTGVSGGSMGGDYLSRTGYECFNGSNFSSGVGPG,7,run7/g15/g15_11.pdb,-2.105,-0.2229824066162109,False
15,"-1.974,-0.12959861755371094",GYSSNTSVSGSGMNMDYLNSSSYGCFNGSNFSSGVGPT,5,run5/g15/g15_20.pdb,-1.974,-0.1295986175537109,False
15,"-2.294,-0.283477783203125",GYSYNTSVSGGSMNMSYLNRTSYYCYNGSNFSSSVGPT,5,run5/g15/g15_24.pdb,-2.294,-0.283477783203125,False
15,"-1.786,-0.10927391052246094",SSSSNTSVSGSSYNMDYLNRTSYGCFNGSNFSSGVSPT,14,run14/g15/g15_2.pdb,-1.786,-0.1092739105224609,False
15,"-1.508,0.5011692047119141",GYSYNGSVSGGSMNMDYLNRTSYGCFNGGNFSSSVGPT,10,run10/g15/g15_15.pdb,-1.508,0.5011692047119141,False
15,"-2.254,0.3058509826660156",GSSSNTSVSGGSMNMSYLNSSSYECFNSSNFSSSVGPT,7,run7/g15/g15_8.pdb,-2.254,0.3058509826660156,False
15,"-2.275,0.09120559692382812",GYSYNTGVSGGSMNMDYLNRTGSESFNGSNFSSGVGPT,16,run16/g15/g15_1.pdb,-2.275,0.0912055969238281,False
15,"-2.14,0.3077239990234375",GYSYSGGVSGGSMNMDYLNGSSYECFNGSNFSSGVGPT,15,run15/g15/g15_24.pdb,-2.14,0.3077239990234375,False
15,"-0.973,-0.01419830322265625",GYSYNTSVSGGSYNMDYLNRTSYGCFNSSNFSSGVGPT,12,run12/g15/g15_23.pdb,-0.973,-0.0141983032226562,False
15,"-2.272,-0.6497650146484375",GYSYSGSVSGSSMSMGYLNRTSYGCFSSSNFSSGVGPT,12,run12/g15/g15_22.pdb,-2.272,-0.6497650146484375,False
15,"-2.12,-0.4270763397216797",GYSYNGSVSGGGMNMGYLGYTGYGCYNGSNFSSGVGPT,12,run12/g15/g15_21.pdb,-2.12,-0.4270763397216797,False
15,"-2.316,0.061920166015625",GYSYNGSVGGGGMGMGYLNRTGYGCYNGSNFSSGVGPT,12,run12/g15/g15_20.pdb,-2.316,0.061920166015625,False
15,"-2.122,-0.14393997192382812",GYSYNTSVSGGSMNMGYLNRTGYESFSGSNFSSGVGPT,12,run12/g15/g15_17.pdb,-2.122,-0.1439399719238281,False
15,"-2.443,-0.3331413269042969",GYSYNTSSSGGSMNMGYLNGTSGGSFNGSNFSSGVGPG,12,run12/g15/g15_16.pdb,-2.443,-0.3331413269042969,False
15,"-1.599,-0.3733177185058594",GYSYNTSVSGGSYNMGYLNRTGYGCFNGSNFSSGVGPT,12,run12/g15/g15_15.pdb,-1.599,-0.3733177185058594,False
15,"-2.09,-0.07649040222167969",GYSSNTSVSGSSMNMDYLNRTSYGCFSTSNFSSSVSPG,15,run15/g15/g15_20.pdb,-2.09,-0.0764904022216796,False
15,"-1.998,0.12680816650390625",GYSYNTSVSGGSMNMDYLNRTGYESFSGSNFSSSVGPT,10,run10/g15/g15_19.pdb,-1.998,0.1268081665039062,False
15,"-1.765,-0.32161903381347656",GYSYNGSVSGGSMNMDYLNRSSYGCFSGSNFSSGVSPT,15,run15/g15/g15_2.pdb,-1.765,-0.3216190338134765,False
15,"-1.855,0.4756660461425781",GYSYNGSVSGGSMNMDYLNRSSYGCFNSSNFSSSVGPT,15,run15/g15/g15_3.pdb,-1.855,0.4756660461425781,False
15,"-2.156,-0.11300468444824219",SYSSSTSSSGGSMNMDYLNRTGYECFNGSNFSSGVSPG,15,run15/g15/g15_4.pdb,-2.156,-0.1130046844482421,False
15,"-1.965,0.1836528778076172",GYSYNTSVSGGSMNMGYLGRTGYGCFNGSNFSSGVGPG,15,run15/g15/g15_6.pdb,-1.965,0.1836528778076172,False
15,"-1.808,-0.21097183227539062",GYSSGGSVSGGSMNMDYLNRTGYGSFNGSNFSSSVGPT,15,run15/g15/g15_9.pdb,-1.808,-0.2109718322753906,False
15,"-1.788,0.19475555419921875",GYSYNGSVSGGGMNMDYLNRSSYGSFNGSNFSSGVGPT,15,run15/g15/g15_15.pdb,-1.788,0.1947555541992187,False
15,"-1.919,-0.5151634216308594",GYSYSGSVSGGSMNMSYLSRTGYGCFNGSNFSSSVGPT,15,run15/g15/g15_7.pdb,-1.919,-0.5151634216308594,False
15,"-2.067,-0.6808490753173828",GYSYNTSVSGGSMSMGYLNRTGYESFNGSNSSSGVGPT,16,run16/g15/g15_3.pdb,-2.067,-0.6808490753173828,False
15,"-1.943,-0.20383453369140625",GYSYNGSVSGGSMNMDYLNRTSYGCFNGGNSYSGVGPT,2,run2/g15/g15_11.pdb,-1.943,-0.2038345336914062,False
15,"-2.425,0.2809486389160156",GGSYNTSVGGGSMNMGYLNRTSYYSFNGSNFSSGVGPT,8,run8/g15/g15_19.pdb,-2.425,0.2809486389160156,False
15,"-1.426,-0.23138999938964844",GYSYNTSVSGGSMNGDYLNRTSYGCFSGSNFSSSSSPT,5,run5/g15/g15_16.pdb,-1.426,-0.2313899993896484,False
15,"-2.037,-0.2666282653808594",GYSYNTSVSGGSMNMSYLNRSSYECFNSSNFSSSVGPT,8,run8/g15/g15_17.pdb,-2.037,-0.2666282653808594,False
15,"-1.82,-0.1897430419921875",GYSYNTSVSGGSMNMDYLNRTSYYSFNSSNFSSGVGPT,8,run8/g15/g15_15.pdb,-1.82,-0.1897430419921875,False
15,"-1.742,0.35976600646972656",GYSYNTSVSGGGMNMDYLNSSSYESFNGSNFSSGVGPT,8,run8/g15/g15_12.pdb,-1.742,0.3597660064697265,False
15,"-2.052,-0.3159189224243164",GYSYNGSSSGGSMNMDYLNRTSYGGFSTSNFSSSVSSG,8,run8/g15/g15_11.pdb,-2.052,-0.3159189224243164,False
15,"-2.401,0.24344825744628906",GYSYNTSVSGGSMNMGYLNRSSSGCFNGSNFSSGVGPT,8,run8/g15/g15_10.pdb,-2.401,0.243448257446289,False
15,"-1.666,-0.12165069580078125",GYSYNTSSSGGSMSMDYLNRSSYECFNGSNFSSGVGPT,8,run8/g15/g15_9.pdb,-1.666,-0.1216506958007812,False
15,"-2.459,-0.4247303009033203",GYSSNTSVSGGSMNMGYLNRSSYGCYNGSNFSSGVSPT,8,run8/g15/g15_7.pdb,-2.459,-0.4247303009033203,False
15,"-2.182,0.9684581756591797",GYSYNGSSSGGSMNMDYLNSTSSGGFNTSNFSSSVSPT,8,run8/g15/g15_6.pdb,-2.182,0.9684581756591796,False
15,"-2.23,-0.043575286865234375",SYSYNTSSSGGSMNMSYLNRTSYYCFNGSNFSSSVGST,5,run5/g15/g15_2.pdb,-2.23,-0.0435752868652343,False
15,"-2.05,0.12339019775390625",GYSYNTSSSGGSMNMDYLSRTGYECFNSSNFSSSVGPT,5,run5/g15/g15_3.pdb,-2.05,0.1233901977539062,False
15,"-1.616,-0.7523880004882812",GYSYNGSVSGGSMNMGYLNRTSYGSFNGGNFSSGVGPT,14,run14/g15/g15_6.pdb,-1.616,-0.7523880004882812,False
15,"-1.972,0.4062213897705078",GYSYSTSVSGSSMNMDYLNRSSYGSFSGSNFSSSVGPT,14,run14/g15/g15_7.pdb,-1.972,0.4062213897705078,False
15,"-1.72,0.28780364990234375",GYSYNGSVSGGSMNMDYLNRTGYGSFNGSNFSSGVGPT,14,run14/g15/g15_8.pdb,-1.72,0.2878036499023437,False
15,"-1.777,-0.1989727020263672",GYSSSTSVSGSSMNMDYLNRSSYYSFSGSNFSSGVGPT,14,run14/g15/g15_9.pdb,-1.777,-0.1989727020263672,False
15,"-2.139,0.5092182159423828",GSSYNTSSSGSSYSMDYLNRSSYGCFNGSNFSSSVGPT,14,run14/g15/g15_17.pdb,-2.139,0.5092182159423828,False
15,"-2.152,-0.2800178527832031",GYSYNTSVSGSSMNMDYLNRSSYYSFNGSNFSSSVGST,14,run14/g15/g15_18.pdb,-2.152,-0.2800178527832031,False
15,"-1.55,-1.8866405487060547",GGSYNGSVSGGSMNMDYLNRTSYGSFNGGNFSSGVGPT,14,run14/g15/g15_22.pdb,-1.55,-1.886640548706055,False
15,"-2.299,0.5667352676391602",GYSYNTSVSGSSMNMSYLNSTGYGCFNGSNFSSGVSST,3,run3/g15/g15_0.pdb,-2.299,0.5667352676391602,False
15,"-1.988,0.025365829467773438",GYSYNTSVSGGSMNMDYLNRTGSESFNGSNFSSGVGPG,16,run16/g15/g15_24.pdb,-1.988,0.0253658294677734,False
15,"-2.565,0.20366859436035156",SYSYNTSVSGGSMNMGYLNRSSYGCFNGSSFSSGVGPT,8,run8/g15/g15_1.pdb,-2.565,0.2036685943603515,False
15,"-1.931,1.6639881134033203",GYSYNGSVSGGGMNMGYLNRSSGGSFNGSNFSSGVGPT,6,run6/g15/g15_0.pdb,-1.931,1.6639881134033203,False
15,"-2.188,-0.2560739517211914",GSSYNTSSSGGSMNMDYLNRTSYGGFNGSNFSSSVGST,16,run16/g15/g15_17.pdb,-2.188,-0.2560739517211914,False
15,"-2.197,0.1398792266845703",GYSYNTSVSGGSMNMSYLNRSGYESFSSSNFSSGVGPT,16,run16/g15/g15_15.pdb,-2.197,0.1398792266845703,False
15,"-1.939,0.926783561706543",GYSYNGSVSGGSMNMDYLNSSSYGSFNGSNFSSSVGPT,2,run2/g15/g15_24.pdb,-1.939,0.926783561706543,False
15,"-2.337,0.0067195892333984375",GYSYNTSSSGGSMNMSYLNRTSSYCFNGSNFSSSVGST,5,run5/g15/g15_5.pdb,-2.337,0.0067195892333984,False
15,"-2.392,-0.7612323760986328",GYSYNTSVSGGSMNMSYLSSTSYYCFNGSNFSSSVGPT,5,run5/g15/g15_7.pdb,-2.392,-0.7612323760986328,False
15,"-2.031,-0.3523826599121094",GYSSGTSVSGSSMNMSYLNSTSYGCFNGSNFSSGVGPG,5,run5/g15/g15_9.pdb,-2.031,-0.3523826599121094,False
15,"-1.451,-0.08806991577148438",GYGYNGSVSGGSMNMDYLNRTSYGSFNGGNSYSGVGPT,2,run2/g15/g15_10.pdb,-1.451,-0.0880699157714843,False
15,"-1.929,0.1370372772216797",GYSYNTSVSGSSMNMDYLNRSSYECFNTSNFSSGVSPT,6,run6/g15/g15_22.pdb,-1.929,0.1370372772216797,False
15,"-1.79,-0.2200756072998047",GYSYGTSVSGGSMNMSYLNRTSYGCFGGSNSYSSVGPG,6,run6/g15/g15_16.pdb,-1.79,-0.2200756072998047,False
15,"-1.71,0.14453887939453125",GYSYNTSVSGSSMGMDYLNRTSYGSFSGSNFSSGVGPT,6,run6/g15/g15_19.pdb,-1.71,0.1445388793945312,False
15,"-2.046,0.3897686004638672",GYSYNGSVSGGSMNMSYLNRTSYGCFSGSNFSSSVSPT,6,run6/g15/g15_6.pdb,-2.046,0.3897686004638672,False
15,"-2.437,-0.2279205322265625",SYSYNTSVSGSSMNMSYLNRSSYECFNGSNFSSGVGPT,6,run6/g15/g15_9.pdb,-2.437,-0.2279205322265625,False
15,"-2.066,-0.9378662109375",GYSYNTSVSGGSMNMSYLNRTSYGSFSGSNFSSGVSPT,6,run6/g15/g15_20.pdb,-2.066,-0.9378662109375,False
16,"-2.375,-0.058807373046875",SYSYNTSVSGSSMNMDYLNRTGSESFNGSNFSSGVGPT,16,run16/g16/g16_22.pdb,-2.375,-0.058807373046875,False
16,"-2.205,0.4417762756347656",GYSYNTSSSGGSMNMDYLNRTSSGGFNGSNFSSSVGST,16,run16/g16/g16_21.pdb,-2.205,0.4417762756347656,False
16,"-2.056,0.1403045654296875",GYSYNTSVSGSSMNMDYLNRSSYESFNGSNFSSGVGPT,16,run16/g16/g16_12.pdb,-2.056,0.1403045654296875,False
16,"-1.428,-0.16875648498535156",GYSYNTSSSGGSMNGDYLNRTSYGCFNGSNSYSSVGPT,16,run16/g16/g16_9.pdb,-1.428,-0.1687564849853515,False
16,"-2.274,-0.27663421630859375",SYSYSSSSSGGSMNMGYLNRTGYECFNGSNFSSGVGPT,15,run15/g16/g16_2.pdb,-2.274,-0.2766342163085937,False
16,"-1.919,0.10443115234375",GYSYSGSVSGGSMNMSYLSRTGYGCFNSSNFSSSVGPT,15,run15/g16/g16_3.pdb,-1.919,0.10443115234375,False
16,"-2.351,-0.6279926300048828",GYSYSTSVSGGSMSMGYLNRTGYESFNGSNSSSGVGPT,16,run16/g16/g16_19.pdb,-2.351,-0.6279926300048828,False
16,"-2.073,-0.2967109680175781",GYSYNGSSSGGSMNMDYLNRSSYGCFNSSNFSSSVGPT,15,run15/g16/g16_5.pdb,-2.073,-0.2967109680175781,False
16,"-2.176,0.20675277709960938",GYSYSGGVSGGGMNMDYLNRSSYECFNGSNFSSGVGPT,15,run15/g16/g16_8.pdb,-2.176,0.2067527770996093,False
16,"-1.618,0.9494037628173828",GYSYNGSVSGGSMNMDYLNSSSYGSFNGSNFSSGVGPT,15,run15/g16/g16_9.pdb,-1.618,0.9494037628173828,False
16,"-2.108,0.38846778869628906",GYSYNTSVSGGGMNMDYLNRSSYESFSSSNFSSGVGPG,16,run16/g16/g16_17.pdb,-2.108,0.388467788696289,False
16,"-1.89,0.011203765869140625",GYSYNSSSSGSSMNMDYLNSTGYYCFNSSNSSSGVGPT,4,run4/g16/g16_19.pdb,-1.89,0.0112037658691406,False
16,"-1.957,0.2502899169921875",SYSSNTSVSGGSMSMDYLNRTSSGCFNGSNFSSSVGPT,4,run4/g16/g16_21.pdb,-1.957,0.2502899169921875,False
16,"-1.877,-0.9435997009277344",GSSYSTSSSGSSMNMDYLSRTSYGSFNGSNSSSGVGPT,4,run4/g16/g16_22.pdb,-1.877,-0.9435997009277344,False
16,"-2.139,0.03676795959472656",SYSYNTSVSGGSMSMGYLNYTSSGCFSSSNFSSSVGPG,10,run10/g16/g16_1.pdb,-2.139,0.0367679595947265,False
16,"-1.827,0.3305397033691406",GYSYNTSVSGGSMNMDYLNRTSYGSFNSSNFSSGVSPT,4,run4/g16/g16_18.pdb,-1.827,0.3305397033691406,False
16,"-1.994,-0.365997314453125",SYSYNTSSSGGSMSMGYLNRTSYGCFSGSNFSSSVGPG,10,run10/g16/g16_2.pdb,-1.994,-0.365997314453125,False
16,"-2.305,0.3115577697753906",GSSGNSSSSGGSMSMDYLNSTGYECFNGSNFSSGVGPT,10,run10/g16/g16_7.pdb,-2.305,0.3115577697753906,False
16,"-2.054,-0.50201416015625",SYSSNTSVSGGSMNMGYLNRTSYGCFSGSNFSSSVGPT,10,run10/g16/g16_8.pdb,-2.054,-0.50201416015625,False
16,"-2.697,0.7888813018798828",SYSSGTSVSGGSMNMDYLNSTSYGSFNGSNFSSGVGPT,4,run4/g16/g16_16.pdb,-2.697,0.7888813018798828,False
16,"-1.695,-0.15601539611816406",GYSYNGSVSGGSMNMDYLNRTSYGCFSGSNFSSSVSPT,4,run4/g16/g16_4.pdb,-1.695,-0.156015396118164,False
16,"-2.357,0.04101371765136719",SYSSNTGVSGGSMSMDYSNRTSSGSFNSSNFSSGVGPT,4,run4/g16/g16_6.pdb,-2.357,0.0410137176513671,False
16,"-2.106,-0.026174545288085938",SYSYNTSVSGGSMNMSYLNRTSYGCFSGSNFSSSVGPT,10,run10/g16/g16_11.pdb,-2.106,-0.0261745452880859,False
16,"-1.887,0.6428852081298828",GYSYSTSVSGGSMNMGYLNRTGYGCFNSSNFSSGVSPT,7,run7/g16/g16_8.pdb,-1.887,0.6428852081298828,False
16,"-2.301,-0.17243576049804688",GYSYNTSVSGGSMNMGYLNRTGSESFNGSNFSSGVGPT,7,run7/g16/g16_12.pdb,-2.301,-0.1724357604980468,False
16,"-1.926,0.4346122741699219",GYSYSTSVSGGSMNMGYLNRTGYGCFNSSNFSSSVGPT,7,run7/g16/g16_13.pdb,-1.926,0.4346122741699219,False
16,"-2.138,-0.26660919189453125",GGSYNTGVSGGSMGSDYLSRTGYECFNGSNFSSGVGPG,7,run7/g16/g16_14.pdb,-2.138,-0.2666091918945312,False
16,"-1.555,2.0545692443847656",GYGYNTSVSGGSMNGDYLNGTSYGSFNGSNSYSGVGPT,2,run2/g16/g16_0.pdb,-1.555,2.0545692443847656,False
16,"-1.485,-0.25439453125",GYSYNGSVSGGSMNMDYLNRTSYGCGNGGNFSSSVGPT,10,run10/g16/g16_15.pdb,-1.485,-0.25439453125,False
16,"-1.884,-0.22821807861328125",GYSYNGSGSGGSMNMDYLNRTGYGCFNGGNFSSGVGPT,10,run10/g16/g16_16.pdb,-1.884,-0.2282180786132812,False
16,"-2.645,-0.5396842956542969",GGSYNTSVSGGSMSMSYLSRTGYESFNSSNFSSSVGPT,7,run7/g16/g16_0.pdb,-2.645,-0.5396842956542969,False
16,"-2.337,-0.04948616027832031",GYSYNSSSSGSSMNMDYLNSTGYESFNGSNFSSSVGPT,7,run7/g16/g16_5.pdb,-2.337,-0.0494861602783203,False
16,"-2.029,0.21723175048828125",GYSYNGSSSGGGMNMDYLNRTSYGCFNTSNFSSGVSPT,3,run3/g16/g16_3.pdb,-2.029,0.2172317504882812,False
16,"-1.647,-0.05150032043457031",GYSYNTSVSGGSMNMDYLNRTYYYCFNGSNFSSGVSPT,3,run3/g16/g16_1.pdb,-1.647,-0.0515003204345703,False
16,"-2.256,0.06445693969726562",SYSSSTSSSGGSMNMDYLNRTGYECFNGSNFSSGVGPT,15,run15/g16/g16_11.pdb,-2.256,0.0644569396972656,False
16,"-1.857,-0.08337020874023438",GYSSNTSVSGGGMNMSYLNRSSYECFNGSSFSSGVGPG,8,run8/g16/g16_24.pdb,-1.857,-0.0833702087402343,False
16,"-2.397,-0.016050338745117188",GYSYNGSVSGGSMNMGYLNRSSSGCFNGSNFSSGVGPT,8,run8/g16/g16_18.pdb,-2.397,-0.0160503387451171,False
16,"-2.459,-0.5029201507568359",GYSSNGSVSGGSMNMGYLNRSSYGCYNGSNFSSGVSPT,8,run8/g16/g16_17.pdb,-2.459,-0.5029201507568359,False
16,"-1.329,-0.4421424865722656",GYSYNGSVSGGSMNMDYLNRTSYGSFSSSNFSSGVGST,3,run3/g16/g16_23.pdb,-1.329,-0.4421424865722656,False
16,"-1.632,0.4166984558105469",SSSYNTSVSGSSMNMDYLNRSSYGCFNGSNFSSSVSST,3,run3/g16/g16_21.pdb,-1.632,0.4166984558105469,False
16,"-1.93,0.22754287719726562",GYSSNGSVSGGGMNMDYLNRTSYGCFNTSNFSSGVSPT,3,run3/g16/g16_20.pdb,-1.93,0.2275428771972656,False
16,"-2.208,-0.20754432678222656",GYSYNTSVSGSSMNMDYLNSTGYGCFSGSSFSSGVSST,3,run3/g16/g16_15.pdb,-2.208,-0.2075443267822265,False
16,"-2.337,-0.06377792358398438",GYSYNTSVSGSSMNMSYLNSTGYGCFNGSSFSSGVSST,3,run3/g16/g16_12.pdb,-2.337,-0.0637779235839843,False
16,"-1.589,0.13005447387695312",GYSYNTSVSGSSMGMDYLNRTSYGSFSSSNFSSGVGST,3,run3/g16/g16_10.pdb,-1.589,0.1300544738769531,False
16,"-2.5,-1.2292098999023438",GGSYNGSSSGGGMNMGYLNRSSYGCFNSSNFYSSVGPT,2,run2/g16/g16_17.pdb,-2.5,-1.2292098999023438,False
16,"-1.626,-0.3388404846191406",GYSSNGSVSGGSMSMDYLNRTSYGCFNSSNSYSGVGPT,2,run2/g16/g16_16.pdb,-1.626,-0.3388404846191406,False
16,"-1.916,-0.04747772216796875",GYGYNGSGSGGSMNMDYLNRTSYGCFNGSNSYSGVGPT,2,run2/g16/g16_12.pdb,-1.916,-0.0474777221679687,False
16,"-2.123,-0.6515102386474609",GGSYNGSVSGGGMNMDYLNRSSYGCYNSSNFSSGVGPT,2,run2/g16/g16_10.pdb,-2.123,-0.6515102386474609,False
16,"-2.037,0.41164398193359375",GSSYNGSSGGGGMNMDYLNRTSYGCFNSSNSYSGVGPT,2,run2/g16/g16_9.pdb,-2.037,0.4116439819335937,False
16,"-1.658,-0.4251289367675781",SYGYNGSVSGGSMNMDYLNRTSYGSFNGGNSYSGVGPT,2,run2/g16/g16_5.pdb,-1.658,-0.4251289367675781,False
16,"-2.136,-0.4958324432373047",GYSSNGSVSGGSMNMDYLNRTSYGCFSGSNSYSGVGPT,2,run2/g16/g16_19.pdb,-2.136,-0.4958324432373047,False
16,"-2.348,-0.2533149719238281",GYSYNGSSSGGSMNMSYLNRTSYGCYNGSNSYSGVGPT,2,run2/g16/g16_22.pdb,-2.348,-0.2533149719238281,False
16,"-2.04,0.3855705261230469",GYSYNTSVSGGSMNMSYLNRSGYECFNSSNFSSSVGPT,8,run8/g16/g16_9.pdb,-2.04,0.3855705261230469,False
16,"-1.833,0.04901313781738281",GYSYNTGVSGGSMNMDYLNRTSYYSFNSSNFSSGVGPT,8,run8/g16/g16_8.pdb,-1.833,0.0490131378173828,False
16,"-2.474,-0.0396270751953125",GSSSNTSVSGGSMNMGYLNRSSYGCFNGSNFSSGSSPT,8,run8/g16/g16_7.pdb,-2.474,-0.0396270751953125,False
16,"-1.907,0.23226165771484375",SYSSNTSVSGGGMNMSYLNRSSYECFNSSNFSSGVGPT,8,run8/g16/g16_5.pdb,-1.907,0.2322616577148437,False
16,"-2.033,-0.08143138885498047",GYSYNGSSSGGSMNMDYLNRTSYGGFSGSNFSSSVSSG,8,run8/g16/g16_3.pdb,-2.033,-0.0814313888549804,False
16,"-2.056,-0.765838623046875",GYSYNGSSSGGSMGMDYLNRTSYGGFSTSNFSSSVSST,8,run8/g16/g16_1.pdb,-2.056,-0.765838623046875,False
16,"-1.942,0.5857963562011719",SYSYNTSVSGGSMNMGYLNRGSSGSGNGSNFSSGVGPT,2,run2/g16/g16_24.pdb,-1.942,0.5857963562011719,False
16,"-1.962,0.21392059326171875",GYSYNGSVSGGSMNMDYLNRSSSGSFNGSNFSSSVGPT,2,run2/g16/g16_23.pdb,-1.962,0.2139205932617187,False
16,"-2.326,0.5165271759033203",GYSYSGSVSGGSMNMSYLNRTGYGGFNGSNFSSSVGPT,15,run15/g16/g16_12.pdb,-2.326,0.5165271759033203,False
16,"-1.923,0.6430854797363281",GYSYNGSVSGGSMNMDYLNRTSYGCFNGSNSYSSVGPT,11,run11/g16/g16_16.pdb,-1.923,0.6430854797363281,False
16,"-2.138,0.17827415466308594",SYSSSTSSSGGSMNMDYLNRTGSECFNGSNFSSGVGPT,15,run15/g16/g16_14.pdb,-2.138,0.1782741546630859,False
16,"-2.375,-0.054576873779296875",GGSYNGSVSGGSMNMGYLNYYSYGSFNGSNFSSSVGPG,14,run14/g16/g16_13.pdb,-2.375,-0.0545768737792968,False
16,"-1.974,0.04132843017578125",GYSYSTSSSGSSMNMDYLNRSSYGSFSGSNFSSSVGPT,14,run14/g16/g16_12.pdb,-1.974,0.0413284301757812,False
16,"-2.229,0.5839881896972656",GGSYNGSVSGGGMNMGYLNRTSYGSFNGSNFSSSVGPG,14,run14/g16/g16_3.pdb,-2.229,0.5839881896972656,False
16,"-1.957,0.46014404296875",GYSSSTSVSGSGMNMDYLNRSSYGSFSGSNFSSGVGST,14,run14/g16/g16_5.pdb,-1.957,0.46014404296875,False
16,"-1.984,0.2910652160644531",GSSGNTSVSGGSMNMDYLGRTGYESGNSSNFSSGVGPT,1,run1/g16/g16_1.pdb,-1.984,0.2910652160644531,False
16,"-1.637,-0.1598529815673828",SYSSNTSVSGSSMNMDYLNRSSYGCFNGSNFSSSVGPG,13,run13/g16/g16_9.pdb,-1.637,-0.1598529815673828,False
16,"-2.531,-0.47148895263671875",SYSSNTSVSGSSMNMSYLNRSSYECFNGSNFSSGVGPT,13,run13/g16/g16_5.pdb,-2.531,-0.4714889526367187,False
16,"-2.313,0.13604736328125",GYSSNTSSSGSSMNMSYLNSSSYECFNGSNFSSSVGPT,13,run13/g16/g16_1.pdb,-2.313,0.13604736328125,False
16,"-1.841,0.1285533905029297",GYSYNTSVSGSSMNMDYLNRSSYGSFSGSNFSSGVSPT,14,run14/g16/g16_24.pdb,-1.841,0.1285533905029297,False
16,"-1.56,0.17821693420410156",GYSYNGSVSGGSMNMDYSNRTGYGSFNGSNFSSGVGPT,14,run14/g16/g16_22.pdb,-1.56,0.1782169342041015,False
16,"-2.12,0.11140060424804688",GSSGNSSVSGGSMNMDYLGRTGYESGNGGNFSSGVGPT,1,run1/g16/g16_4.pdb,-2.12,0.1114006042480468,False
16,"-2.05,-0.13115692138671875",GYSYNGGVSGGSMNMDYLNRTSSGSFNGSNSYSSVGPT,9,run9/g16/g16_6.pdb,-2.05,-0.1311569213867187,False
16,"-2.273,0.8242835998535156",GGSGNTSVSGGSMNMDYLNGTSYGSFNGSNSYSGVGPT,9,run9/g16/g16_8.pdb,-2.273,0.8242835998535156,False
16,"-1.903,-0.7201271057128906",GYSYNGSSSGGSMSMDYLSSTSYGCFNGSNSYSGVGPT,9,run9/g16/g16_9.pdb,-1.903,-0.7201271057128906,False
16,"-2.138,-0.3453521728515625",SGSGNTSVGGGSMNMDYLNGTSYGSFNGSNSYSSVGPT,9,run9/g16/g16_12.pdb,-2.138,-0.3453521728515625,False
16,"-2.215,-0.18909835815429688",GGSYNSSVSGSSMNMDYLGRTGYECFNGSSFSSGVGPT,9,run9/g16/g16_14.pdb,-2.215,-0.1890983581542968,False
16,"-2.218,-0.3489551544189453",GYSYSTSSSGSSMNMDYLNSTSYGCFNGSNSYSGVGPT,9,run9/g16/g16_15.pdb,-2.218,-0.3489551544189453,False
16,"-1.731,-0.19145584106445312",SYSYNTSSSGGSMSMDYLNSTSSGCFNGSNFSSSVGPT,9,run9/g16/g16_16.pdb,-1.731,-0.1914558410644531,False
16,"-2.258,-0.2457733154296875",GYSSNTSVSSSSMNMSYLNRTGYGCFNGSNFSSGVGPT,1,run1/g16/g16_3.pdb,-2.258,-0.2457733154296875,False
16,"-1.704,-0.047939300537109375",GYSYNTSVSGGSMNGDYLNRSSYYCFNSSNFSSSVGPT,1,run1/g16/g16_8.pdb,-1.704,-0.0479393005371093,False
16,"-2.293,0.43335533142089844",GSSGNTSVSGGSMNMDYLGRTGSESGNGSNFSSGVGPT,1,run1/g16/g16_11.pdb,-2.293,0.4333553314208984,False
16,"-2.0,0.6940536499023438",GYSYNTSVSGGSMNMSYLNRSSYYCFNGSNFSSSVGST,1,run1/g16/g16_24.pdb,-2.0,0.6940536499023438,False
16,"-2.18,-0.6582794189453125",SGSYNTSVSGGSMNMGYLNRTSYGSFNGSNSYSGVGPY,1,run1/g16/g16_15.pdb,-2.18,-0.6582794189453125,False
16,"-1.883,-0.14389419555664062",SYSYNTSSSGGSMNMGYLNRTSYGCFNGSNSYSGVGPT,1,run1/g16/g16_20.pdb,-1.883,-0.1438941955566406,False
16,"-2.464,-1.3381156921386719",GGSYNGSVSGGSMNMGYLNGSGYGCFNGGNFSSGVGPT,13,run13/g16/g16_13.pdb,-2.464,-1.338115692138672,False
16,"-2.599,0.6053504943847656",GYSYNTSSSGGSMNMDYLSRTGYYCFNSSNFSSSVGPT,5,run5/g16/g16_23.pdb,-2.599,0.6053504943847656,False
16,"-2.199,-0.7830638885498047",GYSSNTSVSGSGMNMSYLNSSSYGCFNGSNFSSGVGPT,5,run5/g16/g16_20.pdb,-2.199,-0.7830638885498047,False
16,"-1.417,0.15866470336914062",GYSYNTSVSGGSMNGDYLNRTSYGCFSTSNFSSSSSPT,5,run5/g16/g16_19.pdb,-1.417,0.1586647033691406,False
16,"-2.271,-0.05860137939453125",GYSSNTSSSGGSMNMSYLNRTSYYCFNGSNFSSSVGST,5,run5/g16/g16_15.pdb,-2.271,-0.0586013793945312,False
16,"-1.949,-0.2848377227783203",SSSSNTSVSGGSMNMSYLNRTSYGCFNGSNFSSGVGPT,5,run5/g16/g16_12.pdb,-1.949,-0.2848377227783203,False
16,"-1.967,1.192291259765625",GYSSNTSVSGSSMNMDYLNSSSYGSFNGSNFSSGVGPT,5,run5/g16/g16_18.pdb,-1.967,1.192291259765625,False
16,"-2.176,-0.2726325988769531",GYSYNTSVSGGSMNMGYLNRTGYESFSGSNFSSGVGPG,12,run12/g16/g16_20.pdb,-2.176,-0.2726325988769531,False
16,"-1.788,0.28514862060546875",GYSYNTSVSGGSMNMDYLNRTGYESFNGSNFSSGVSPT,12,run12/g16/g16_18.pdb,-1.788,0.2851486206054687,False
16,"-2.491,-0.018754959106445312",GSSYNTSSSGGSMNMGYLNSTGYGCFNGSNFSSGVGPT,12,run12/g16/g16_0.pdb,-2.491,-0.0187549591064453,False
16,"-1.961,-0.1864604949951172",GYSYNTSVSGGSMNMDYLNGTGGGCFNGSNFSSGVGPG,12,run12/g16/g16_1.pdb,-1.961,-0.1864604949951172,False
16,"-1.34,-0.6257362365722656",GYSYNTSVSGGSYNMDYLNRTSYGCFNSSNFSSGVGPY,12,run12/g16/g16_2.pdb,-1.34,-0.6257362365722656,False
16,"-2.309,2.821072578430176",GYSYNTSSSGGSMNGGYLNGTSGGSFNGSNFSSGVGPG,12,run12/g16/g16_5.pdb,-2.309,2.821072578430176,True
16,"-2.169,-0.28339385986328125",GYSSSGSVSGSSMSMDYLNRTSYGCFSSSNFSSSVGPT,12,run12/g16/g16_6.pdb,-2.169,-0.2833938598632812,False
16,"-2.18,0.50823974609375",GYSYNTSVSGSSYNMSYLNSTGYYSFNSSNFSSGVGPT,12,run12/g16/g16_13.pdb,-2.18,0.50823974609375,False
16,"-2.137,0.3446502685546875",GYSYNGSSSGGSMNMDYLNGTSGGSFNGSNFSSGVGPG,12,run12/g16/g16_9.pdb,-2.137,0.3446502685546875,False
16,"-2.014,0.22167205810546875",GSSYNTSVSGGSMNMDYLNRSSSECFNGSNFSSSVGPT,5,run5/g16/g16_8.pdb,-2.014,0.2216720581054687,False
16,"-2.077,-0.19225120544433594",GYSYNGSSSGGSMNMDYLNRTSYGSFNSSNFSSSVGPG,6,run6/g16/g16_6.pdb,-2.077,-0.1922512054443359,False
16,"-2.037,-0.053775787353515625",GYSYGTSVGGGSMNMDYLNRTSYGCFNGSNSYSSVGPG,6,run6/g16/g16_5.pdb,-2.037,-0.0537757873535156,False
16,"-1.792,0.23260498046875",GYSYNTGVSGGSMSMDYLNRSSSESFNGSNFSSGVGPT,6,run6/g16/g16_3.pdb,-1.792,0.23260498046875,False
16,"-2.476,-0.20212173461914062",GYSSNTSVSGSSMNMDYLNRSSYESGNGSNFSSGSGPT,13,run13/g16/g16_19.pdb,-2.476,-0.2021217346191406,False
16,"-2.15,-0.34515380859375",GGSYNTSVSGGSMNMGYLNRTGYECFNGSNFSSGVGPT,13,run13/g16/g16_18.pdb,-2.15,-0.34515380859375,False
16,"-1.456,0.5793075561523438",SYSYNTSVSGGSMNMDYLNSTGYECFNGSNFSSGVGPT,13,run13/g16/g16_17.pdb,-1.456,0.5793075561523438,False
16,"-1.815,-0.0608673095703125",SYSYNTSSSSGSMNMDYLSRTGYECFNGSNFSSGVGPT,13,run13/g16/g16_16.pdb,-1.815,-0.0608673095703125,False
16,"-2.299,-0.4134979248046875",SYSYNTSSSGGSMNMSYLSRTSYYCFNGSNFSSSVGST,5,run5/g16/g16_4.pdb,-2.299,-0.4134979248046875,False
16,"-1.676,-0.2733802795410156",GYSYNTSVSGGLMSMDYLNRSSSECFNGSNFSSGVGPT,6,run6/g16/g16_23.pdb,-1.676,-0.2733802795410156,False
16,"-1.877,0.6990480422973633",GYSYNTSVSGGSMNMDYLNRTSYGSFSTSNFSSGVSST,6,run6/g16/g16_19.pdb,-1.877,0.6990480422973633,False
16,"-2.021,0.1693115234375",GYSYNGSVSGGGMGMGYLNRSSYGCFNGSNFSSGVGPT,6,run6/g16/g16_16.pdb,-2.021,0.1693115234375,False
16,"-2.542,0.081085205078125",SYGYSTSVSGSSYNMDYLNRTGYGSGSGSNFSSGVGPT,11,run11/g16/g16_10.pdb,-2.542,0.081085205078125,False
16,"-1.717,0.026190757751464844",GYSYNGSVSGGSMNMDYLNRTSYGSFNGGNFSSGVGGT,11,run11/g16/g16_7.pdb,-1.717,0.0261907577514648,False
16,"-1.943,-0.1917400360107422",GYSYNTSSSGGSMNMDYLSRTSYGGFSSSSFSSSVGPT,11,run11/g16/g16_19.pdb,-1.943,-0.1917400360107422,False
16,"-1.644,0.15209197998046875",SYSYNGGSSGGSMNMDYLNRSSYGSFNGSNFSSGVGPT,11,run11/g16/g16_20.pdb,-1.644,0.1520919799804687,False
16,"-2.296,0.20360183715820312",GSSYNTGVSGGSMNMDYLNSTSSGCFNSSSSYSSVGPT,11,run11/g16/g16_22.pdb,-2.296,0.2036018371582031,False
16,"-2.033,0.1420745849609375",GYSYNTSSSGGSMGMDYLNRTSSGCFSGSNFSSGVGPT,9,run9/g16/g16_24.pdb,-2.033,0.1420745849609375,False
16,"-2.063,-0.5437564849853516",SYSSNTSVSGSSMNMDYLNRTSYGCFSTSNFSSSVSPG,15,run15/g16/g16_18.pdb,-2.063,-0.5437564849853516,False
16,"-1.867,0.4474163055419922",GYSYNTSVSGGSMNMGYLGRTGYGCFNGSNFSSSVGPG,15,run15/g16/g16_22.pdb,-1.867,0.4474163055419922,False
16,"-2.283,0.3501472473144531",GYSYSGGVSGGSMNMDYLNGSSYECFNGSNFSSSVGPT,15,run15/g16/g16_24.pdb,-2.283,0.3501472473144531,False
17,"-1.671,-0.009881973266601562",SYSSNTSVSGSSMNMDYLNRSGYGCFNGSNFSSSVGPG,13,run13/g17/g17_1.pdb,-1.671,-0.0098819732666015,False
17,"-1.933,-0.9009895324707031",YYSYNTSVSGGSMNMDYLNRTSYGGFNSSNFSSSVGPT,11,run11/g17/g17_12.pdb,-1.933,-0.9009895324707032,False
17,"-1.705,0.5879039764404297",GYSYNTSVSGSSMGMDYLNSTSYGSFSGSNFSSGVGPT,6,run6/g17/g17_19.pdb,-1.705,0.5879039764404297,False
17,"-2.206,-0.19451522827148438",GYSYNSSVSGGSMNMGYLNGSGYGCFNGGNFSSGVGPT,13,run13/g17/g17_10.pdb,-2.206,-0.1945152282714843,False
17,"-1.886,-0.14786720275878906",SYSYNTSSSSGSMNMSYLSRTGYECFNGSNFSSGVGPT,13,run13/g17/g17_14.pdb,-1.886,-0.147867202758789,False
17,"-2.001,-0.5734157562255859",GYSYNTSVSGGSMNMDYLNRTSYYSFSGSNFSSGVSPT,6,run6/g17/g17_11.pdb,-2.001,-0.5734157562255859,False
17,"-1.698,0.3303194046020508",GYSYNGSVSGGSMNMDYLNRTSYGSFNGSNFSSSVGGT,11,run11/g17/g17_6.pdb,-1.698,0.3303194046020508,False
17,"-1.907,-0.24177265167236328",GYSSNGSVSGGSMNMDYLNSSSYGSFNGSNFSSSVGPT,2,run2/g17/g17_3.pdb,-1.907,-0.2417726516723632,False
17,"-2.52,-0.4088935852050781",GGSYNGSSSGGGMNMGYLNRSSYGCFNSSNFYSSVGPG,2,run2/g17/g17_5.pdb,-2.52,-0.4088935852050781,False
17,"-2.098,-0.11274337768554688",GYSYNGSVSGGSMNMDYLNRSSSGSFGGSNFSSSVGPT,2,run2/g17/g17_6.pdb,-2.098,-0.1127433776855468,False
17,"-1.963,0.083709716796875",GYGYNGSGSGGSMNMDYLNRTSYGCFNSSNSYSGVGPT,2,run2/g17/g17_7.pdb,-1.963,0.083709716796875,False
17,"-1.976,0.6283035278320312",SYSSNTSVSGGSMNMGYLNSGSYGSGNSSNFSSGVGPT,2,run2/g17/g17_10.pdb,-1.976,0.6283035278320312,False
17,"-1.44,-0.5525264739990234",GYGYNTSVSGGSMNGDYGNGTSYGSFNGSNSYSGVGPT,2,run2/g17/g17_17.pdb,-1.44,-0.5525264739990234,False
17,"-2.391,0.6194076538085938",GGSYNGSSSGGGMNMDYLNRSSYGCFNSSNFYSSVSPT,2,run2/g17/g17_19.pdb,-2.391,0.6194076538085938,False
17,"-2.166,-0.9475288391113281",GYSYNGSVSGGSMNMGYLNRTSYGCFNGGNSYSGVGPT,2,run2/g17/g17_20.pdb,-2.166,-0.947528839111328,False
17,"-2.114,-0.8724880218505859",GYSYNGSVSGGGMNMGYLNRSSYGCYNSSNFSSGVGPT,2,run2/g17/g17_12.pdb,-2.114,-0.8724880218505859,False
17,"-2.032,0.4124431610107422",GYSYNGSVGGGGMGMGYLNRSSYGCFNGSNFSSGVGPT,6,run6/g17/g17_8.pdb,-2.032,0.4124431610107422,False
17,"-2.316,-0.320037841796875",SYSYNGSVSGGSMNMGYLSRSSYECFNGGSFSSGGGPT,6,run6/g17/g17_6.pdb,-2.316,-0.320037841796875,False
17,"-2.111,0.3329582214355469",GYSYNGSVSGGGMNMGYLNRSSGGSFNGSNFSSSVGPT,6,run6/g17/g17_4.pdb,-2.111,0.3329582214355469,False
17,"-2.22,-0.6145877838134766",SYSYNGSVSGGGMNMGYLNRSSYGCFNGSNFSSGVGPT,6,run6/g17/g17_3.pdb,-2.22,-0.6145877838134766,False
17,"-1.937,-0.974543571472168",GYSYNGSVSGGSMNMGYLNRTSYGSFNGGNFSSGVGGT,11,run11/g17/g17_7.pdb,-1.937,-0.974543571472168,False
17,"-2.553,0.3181438446044922",SYGYSTSVSGSSYNMDYLNRTGYGSGSSSNFSSGVGPT,11,run11/g17/g17_3.pdb,-2.553,0.3181438446044922,False
17,"-1.376,-0.032558441162109375",SYSYNTSVSGGSMNMDYLNRSGYGSFSGSNFSSGVGPT,11,run11/g17/g17_15.pdb,-1.376,-0.0325584411621093,False
17,"-2.194,-1.0749530792236328",SYSYNTSVSGGSMSMGYLGYTSSGCFSSSNFSSSVGPG,10,run10/g17/g17_4.pdb,-2.194,-1.0749530792236328,False
17,"-1.817,0.4057502746582031",GGSYNGSVSGGSMNMDYLNRTSYGCFNGGNFSSSVGPT,10,run10/g17/g17_3.pdb,-1.817,0.4057502746582031,False
17,"-2.149,0.36988067626953125",GYSYSGGVSGGGMNMDYLNRSSYECFNSSNFSSGVGPT,15,run15/g17/g17_12.pdb,-2.149,0.3698806762695312,False
17,"-2.314,-0.5141887664794922",GYSYNTSSSGGSMNGGYLNGTSGGSFNSSNFSSGVGPG,12,run12/g17/g17_2.pdb,-2.314,-0.5141887664794922,False
17,"-1.544,-0.4031639099121094",GYSSNTSVSGGSYNMDYLNRTSYGCFNSSNFSSGVGPY,12,run12/g17/g17_3.pdb,-1.544,-0.4031639099121094,False
17,"-2.523,0.22256088256835938",GSSYNTSSSGGSMNMGYLNSTGYGCFNSSNFSSGVGPT,12,run12/g17/g17_6.pdb,-2.523,0.2225608825683593,False
17,"-1.039,1.1441192626953125",GYSYNTSVSGGSYNMDYLNRTSYGSFNGSNFSSGVGPT,12,run12/g17/g17_7.pdb,-1.039,1.1441192626953125,False
17,"-2.159,-0.2688713073730469",GYSYNTSSSGSSYNMSYLNSTGYYSFNSSNFSSGVGPT,12,run12/g17/g17_9.pdb,-2.159,-0.2688713073730469,False
17,"-2.307,-0.0654754638671875",GYSSNGSVSGGGMNMGYLNRTSYGCFNGGNFSSGVGPS,10,run10/g17/g17_11.pdb,-2.307,-0.0654754638671875,False
17,"-2.064,1.1556816101074219",GSSSNTSVSGSSMNMDYLNRTSYGSFNGSNFSSGVGPT,5,run5/g17/g17_23.pdb,-2.064,1.155681610107422,False
17,"-2.184,0.38427162170410156",GYGYNTSSSGGSMNMDYLSRTGYECFNSSNFSSSVGPT,5,run5/g17/g17_24.pdb,-2.184,0.3842716217041015,False
17,"-2.001,-0.27074241638183594",GYSYSGSVSGGSMNMDYLNRSSYESFNGSNFSSGVGPT,15,run15/g17/g17_3.pdb,-2.001,-0.2707424163818359,False
17,"-2.258,0.1396198272705078",SYSSSTSSSGGSMNMDYLNRTGYECFNSSNFSSGVGPT,15,run15/g17/g17_4.pdb,-2.258,0.1396198272705078,False
17,"-1.938,0.02428436279296875",GYSYSGSVSGGSMNMSYLSRTGYGCFNGSSFSSSVGPT,15,run15/g17/g17_7.pdb,-1.938,0.0242843627929687,False
17,"-2.144,-0.5506210327148438",GYSYSGGVSGGSMNMDYLNGSSYECFGGSNFSSGVGPT,15,run15/g17/g17_8.pdb,-2.144,-0.5506210327148438,False
17,"-2.249,-0.15849685668945312",SYSYNTSSSGGSMNMDYLNRTGYESFNGSNFSSGVGPT,10,run10/g17/g17_22.pdb,-2.249,-0.1584968566894531,False
17,"-1.991,0.4290885925292969",SYSYNTSVSGGSMNMGYLNRTSYGCFSGSNFSSSVSPT,10,run10/g17/g17_20.pdb,-1.991,0.4290885925292969,False
17,"-1.455,0.47853851318359375",GYSYNGSVSGGSMNMDYLNRTSYGCFNGGNFSSSVSPT,10,run10/g17/g17_19.pdb,-1.455,0.4785385131835937,False
17,"-2.008,0.6354007720947266",SYSYNTSSSGGSMSMGYLNRTSYGGFSGSNFSSSVGPG,10,run10/g17/g17_18.pdb,-2.008,0.6354007720947266,False
17,"-1.903,0.7653903961181641",GYSYNTSSSGGSMNMDYLNSTSSGSFNGSNFSSGVGPG,5,run5/g17/g17_1.pdb,-1.903,0.7653903961181641,False
17,"-2.067,0.36749839782714844",GYSYSGSVSGGSMNMSYLSRTGYGGFNSSNFSSSVGPT,15,run15/g17/g17_15.pdb,-2.067,0.3674983978271484,False
17,"-2.143,0.16857528686523438",SYSSSTSSSGGSMNMDYLNRTGSECFNSSNFSSGVGPT,15,run15/g17/g17_17.pdb,-2.143,0.1685752868652343,False
17,"-1.875,0.6789989471435547",GYSYNTSVSGGSMNMGYLGRTGYGGFNGSNFSSSVGPG,15,run15/g17/g17_21.pdb,-1.875,0.6789989471435547,False
17,"-2.0,0.09416961669921875",GYSSGGSVSGGGMNMSYLNRTGYGCFNGSNFSSGVGPT,15,run15/g17/g17_23.pdb,-2.0,0.0941696166992187,False
17,"-1.984,0.4361572265625",GYSYGGSVSGGGMNMSYLNRTGYGCFNSSNFSSGVGPT,15,run15/g17/g17_24.pdb,-1.984,0.4361572265625,False
17,"-2.487,-0.7294731140136719",GSSYSTSVGGGSMNMGYLNRTSYGGFNGSSSYSSVGPT,11,run11/g17/g17_20.pdb,-2.487,-0.7294731140136719,False
17,"-1.866,-0.3257255554199219",SYSSNTSSSGGSMNMGYLNRSSYGSFNGSNFSSGVGPT,11,run11/g17/g17_18.pdb,-1.866,-0.3257255554199219,False
17,"-1.908,-0.42976951599121094",GYSYNGSVSGGSMNMGYLNRSSYGCFNGSNFSSGVSPT,15,run15/g17/g17_20.pdb,-1.908,-0.4297695159912109,False
17,"-2.128,-0.11073684692382812",GYSYNGSSSGGSMNMDYLNSTSGGSFNGSNFSSGVGPG,12,run12/g17/g17_15.pdb,-2.128,-0.1107368469238281,False
17,"-2.08,-0.1785907745361328",GYSYNTSVSGGSMNMGYLNGTSGGCFNGSNFSSGVGPG,12,run12/g17/g17_20.pdb,-2.08,-0.1785907745361328,False
17,"-2.159,0.12056732177734375",GYSSNGSVSGGGMNMGYLGYTGYGCYNGSNFSSGVGPT,12,run12/g17/g17_23.pdb,-2.159,0.1205673217773437,False
17,"-2.261,0.001781463623046875",GGSYNTSSSGGSMNMDYLNGTSGGSFNGSNFSSGVGPG,12,run12/g17/g17_24.pdb,-2.261,0.0017814636230468,False
17,"-2.346,-0.6509456634521484",GYSYNTSSSGGSMSMSYLNRTSSYCFNGSNFSSSVGST,5,run5/g17/g17_15.pdb,-2.346,-0.6509456634521484,False
17,"-1.706,-0.5026302337646484",GYSYNTSVSGGSMNMSYLNRTSYGCFSGSNFSSSSSPT,5,run5/g17/g17_12.pdb,-1.706,-0.5026302337646484,False
17,"-2.434,-0.5680027008056641",GYSYNTSVSGGSMSMSYLSSTSYYCFNGSNFSSSVGPT,5,run5/g17/g17_10.pdb,-2.434,-0.5680027008056641,False
17,"-1.658,0.7518348693847656",SSSSNTSVSGGSMNMDYLNSTSYGCFNGSNFSSGVGPT,5,run5/g17/g17_8.pdb,-1.658,0.7518348693847656,False
17,"-2.262,0.1722431182861328",GYSYNTSSSGSSMNMDYLNRSSYESFNGSNFSSGVGPT,16,run16/g17/g17_23.pdb,-2.262,0.1722431182861328,False
17,"-2.298,0.40912628173828125",GYSYNTSVSSSSMNMDYLGSTGSECFNGSNFSSGVGPT,9,run9/g17/g17_19.pdb,-2.298,0.4091262817382812,False
17,"-2.45,-0.5463142395019531",GGSYSTSSSGGSMSMDYLNRTSSGSFSGSNFSSGVGPT,9,run9/g17/g17_15.pdb,-2.45,-0.5463142395019531,False
17,"-2.073,-0.8940143585205078",GYSYNTSSSGGSMNMSYLSSTSYGCFNGSNSYSGVGPT,9,run9/g17/g17_13.pdb,-2.073,-0.8940143585205078,False
17,"-1.985,0.2350749969482422",GYSYNTSSSGGSMGMDYLNRTSSGCFSGSNFSSSVGPT,9,run9/g17/g17_11.pdb,-1.985,0.2350749969482422,False
17,"-2.07,-0.09454345703125",SGSGNTSVGGGSMNMSYLNGTSYGSFNGSNSYSSVGPT,9,run9/g17/g17_9.pdb,-2.07,-0.09454345703125,False
17,"-2.042,-1.101205825805664",GYSYNGSSSGGSMSMSYLSSTSYGCFNGSNSYSGVGPT,9,run9/g17/g17_6.pdb,-2.042,-1.101205825805664,False
17,"-1.911,0.6803665161132812",SGSSNGSVSGGSMNMGYLNRTSYGCFNGSNSYSGVGPT,1,run1/g17/g17_1.pdb,-1.911,0.6803665161132812,False
17,"-2.168,-0.08924102783203125",GYSYNTSVSGGGMNMDYLNRSGYESFSSSNFSSGVGPG,16,run16/g17/g17_21.pdb,-2.168,-0.0892410278320312,False
17,"-2.279,0.1424846649169922",GGSGNTSGSGGSMNMDYLNRTSYGSFNGSNSYSGVGPT,9,run9/g17/g17_3.pdb,-2.279,0.1424846649169922,False
17,"-2.432,0.3157196044921875",GYSSNGSVSGGSMNMGYLNRSSYGCYNGGNFSSGVSPT,8,run8/g17/g17_10.pdb,-2.432,0.3157196044921875,False
17,"-1.847,-0.6422805786132812",GYSSNTSVSGGGMNMSYLSRSSYECFNGSSFSSGVGPT,8,run8/g17/g17_11.pdb,-1.847,-0.6422805786132812,False
17,"-2.086,-0.4108448028564453",SYSYNGSSSGGSMNMDYLNSTSYGGFNTSNFSSSVSPT,8,run8/g17/g17_13.pdb,-2.086,-0.4108448028564453,False
17,"-2.443,-0.4839458465576172",GGSYNTSVGGGSMNMGYLNRTSYYSFSGSNFSSGVGPT,8,run8/g17/g17_18.pdb,-2.443,-0.4839458465576172,False
17,"-2.009,-0.6646137237548828",GYSYNTSSSGGSMSMSYLNRSSYECFNGSNFSSGVGPT,8,run8/g17/g17_21.pdb,-2.009,-0.6646137237548828,False
17,"-2.095,0.5460624694824219",GYSYNTSVSGGSMNMSYLNSSGYECFNSSNFSSSVGPT,8,run8/g17/g17_24.pdb,-2.095,0.5460624694824219,False
17,"-2.339,0.24781036376953125",GYSYNTSVSGGSMGMSYLNSSSYESFSSSNFSSGVGPT,16,run16/g17/g17_12.pdb,-2.339,0.2478103637695312,False
17,"-2.021,0.3174724578857422",GYSYNTSSSGGSMNMDYLNRTSSGGFNGSNFSSSVSST,16,run16/g17/g17_13.pdb,-2.021,0.3174724578857422,False
17,"-1.838,-0.007984161376953125",SSSYSTSVSGSSMNMDYLNRSSYGCFNGSNFSSSVSST,3,run3/g17/g17_14.pdb,-1.838,-0.0079841613769531,False
17,"-1.572,-0.16799163818359375",GYSYNGSVSGGSMNMDYLNYTSYGSFSSSNFSSGVGST,3,run3/g17/g17_18.pdb,-1.572,-0.1679916381835937,False
17,"-2.295,0.049938201904296875",GYSYNSSVSGSSMNMDYLNSTGYGCFNGSNFSSGVSST,3,run3/g17/g17_20.pdb,-2.295,0.0499382019042968,False
17,"-1.641,0.08350181579589844",GYSYNTSVSGSSMNMDYLNRTGYGCFSSSNFSSGVSPT,3,run3/g17/g17_23.pdb,-1.641,0.0835018157958984,False
17,"-2.073,-0.46778297424316406",GYSYNGSSSGGGMNMGYLNRTSYGCFNTSNFSSGVSPT,3,run3/g17/g17_12.pdb,-2.073,-0.467782974243164,False
17,"-1.956,-0.27022743225097656",GYSYSGSVSGGSMNMDYLNRSSYGCYNGSNFSSGVSPG,3,run3/g17/g17_11.pdb,-1.956,-0.2702274322509765,False
17,"-1.69,1.4494543075561523",GYSYNTSVSGGSMNMDYLNRTSYGTFSGSNFSSSVSPT,4,run4/g17/g17_20.pdb,-1.69,1.4494543075561523,False
17,"-1.944,-0.6097488403320312",GYSYNSSSSGSSMNMDYLNSTGYYCFSSSNSSSGVGPT,4,run4/g17/g17_16.pdb,-1.944,-0.6097488403320312,False
17,"-1.712,-0.47409820556640625",GYSYSSSSSGSSMNMGYLNSTGYGCFNGSNSSSGVGPG,4,run4/g17/g17_15.pdb,-1.712,-0.4740982055664062,False
17,"-2.653,-0.2537078857421875",SYSSGTSVSGGSMNMDYLNRTSYGSGNGSNFSSGVGPT,4,run4/g17/g17_14.pdb,-2.653,-0.2537078857421875,False
17,"-1.212,0.1741485595703125",GYSYNTSVSGGSMNMDYLNRTGYGCFSSSNFSSSVSPT,3,run3/g17/g17_2.pdb,-1.212,0.1741485595703125,False
17,"-2.325,-0.5281410217285156",SSSYNTSSSGGSMNMSYLNRSGYECFNGSNFSSSVGPT,3,run3/g17/g17_3.pdb,-2.325,-0.5281410217285156,False
17,"-2.334,0.08641815185546875",GYSYNGSVGGGGMNMGYLNRTSGYSFNGSNFSSGVGPT,8,run8/g17/g17_8.pdb,-2.334,0.0864181518554687,False
17,"-2.459,0.20090484619140625",GYSSNTSVSGGSMNMGYLNRSGYGCFNGSNFSSGSSPT,8,run8/g17/g17_6.pdb,-2.459,0.2009048461914062,False
17,"-2.077,-0.16418838500976562",GYSYNTSVSGGSMNMSYLNRSSYYCYNSSNFSSSVGPT,1,run1/g17/g17_24.pdb,-2.077,-0.1641883850097656,False
17,"-2.316,-0.01148223876953125",GSSGNSGVSGGSMNMDYLGRTGYESGNGGNFSSGVGPT,1,run1/g17/g17_19.pdb,-2.316,-0.0114822387695312,False
17,"-2.236,-0.12182807922363281",GYSYNTSSSGSSMNMDYLNRTGYGSFNGSNFSGGVGPT,1,run1/g17/g17_18.pdb,-2.236,-0.1218280792236328,False
17,"-2.264,-0.2010498046875",GYSSNTSVSSSSMNMSYLNRTGYGCFNGSNFSSGSGPT,1,run1/g17/g17_17.pdb,-2.264,-0.2010498046875,False
17,"-1.914,-0.4990882873535156",GYSYSTSVSGGSMNMDYLNRSSYESFNGSNFSSGVGPT,8,run8/g17/g17_7.pdb,-1.914,-0.4990882873535156,False
17,"-2.299,0.046489715576171875",GYSGNTSSSGGSMNMGYLGRTGYECGNSSNFSSGVGPT,1,run1/g17/g17_11.pdb,-2.299,0.0464897155761718,False
17,"-1.892,-0.10068321228027344",GYSYNTSVSGSSMNMDYLNRSSYGSGSGSNFSSGVSPT,14,run14/g17/g17_21.pdb,-1.892,-0.1006832122802734,False
17,"-2.34,-0.08114051818847656",SYSYNGSVSGSSYSMSYLNRTSSGCFNGSNFSSGVGPT,14,run14/g17/g17_20.pdb,-2.34,-0.0811405181884765,False
17,"-2.011,0.6904335021972656",GSSSNTSVSGGSMNGSYLNRSSYEGFNSSNFSSSVGPT,7,run7/g17/g17_24.pdb,-2.011,0.6904335021972656,False
17,"-1.747,1.1861515045166016",GYSYNSSVSGGSMNGDYLSRTGYESFSGSNFSSGVGPG,7,run7/g17/g17_5.pdb,-1.747,1.1861515045166016,False
17,"-2.186,-0.0063533782958984375",GGSYNTGVSGGSMGSGYLSRTGYECFNGSNFSSGVGPG,7,run7/g17/g17_7.pdb,-2.186,-0.0063533782958984,False
17,"-2.131,-0.05343055725097656",GYSYSTSVSGGSMNMGYLNRTGYYCFNSSNFSSGVSPT,7,run7/g17/g17_10.pdb,-2.131,-0.0534305572509765,False
17,"-2.501,0.17729759216308594",GYSYNSSSSGSSMNMDYLNGTGYESGNGSNFSSGVGPY,7,run7/g17/g17_20.pdb,-2.501,0.1772975921630859,False
17,"-2.321,0.2166919708251953",GYSYNTSVSGSSMNMSYLNRSSYYCFNGSNFSSSVGST,1,run1/g17/g17_14.pdb,-2.321,0.2166919708251953,False
17,"-2.426,-0.3196601867675781",GYSYNGSGSGGSMNMDYLNSTSYGSFNGGNSYSGVGPT,9,run9/g17/g17_22.pdb,-2.426,-0.3196601867675781,False
17,"-2.111,-0.29056549072265625",GYSYSTGVSGGSMNMDYLNRTSSGSFNGSNSYSSVGPT,9,run9/g17/g17_20.pdb,-2.111,-0.2905654907226562,False
17,"-2.201,-0.10375595092773438",GYSYNTSVSGGSMNMDYLNRTGSESFNSSNFSSGVGPT,16,run16/g17/g17_5.pdb,-2.201,-0.1037559509277343,False
17,"-2.036,-0.21891403198242188",GYSYNTSVSGGSMNMSYLNRSSYECFNSSSFSSSVGPT,8,run8/g17/g17_1.pdb,-2.036,-0.2189140319824218,False
17,"-2.089,0.05167961120605469",SYSYNGSVGGGSMNMGYLNRTSYYSFNGSNFSSGVGPT,8,run8/g17/g17_3.pdb,-2.089,0.0516796112060546,False
17,"-2.599,-0.26519012451171875",GSSYNGSVSGGSMNMGYLNRSSSGCFNGSNFSSGVGPT,8,run8/g17/g17_4.pdb,-2.599,-0.2651901245117187,False
17,"-1.911,0.6470746994018555",GYSSNTSVSGGSMNMDYLNSTSSGSFNGSNSYSSVGPT,9,run9/g17/g17_24.pdb,-1.911,0.6470746994018555,False
17,"-2.337,0.054508209228515625",GYGGNTSVSGSSYNMDYLGRTSYGSFNGSNSYSGVGPT,14,run14/g17/g17_15.pdb,-2.337,0.0545082092285156,False
17,"-1.763,-0.2406787872314453",GYSYSTSVSGSGMNMDYLNRSSYGSFSGSNFSSGVGPT,14,run14/g17/g17_11.pdb,-1.763,-0.2406787872314453,False
17,"-1.825,1.3566856384277344",SSSSNTSVSGSSYNMDYLNRTSYGSFNGSNFSSGVSPT,14,run14/g17/g17_8.pdb,-1.825,1.3566856384277344,False
17,"-2.189,-0.47258758544921875",GNSYNTSSSGGSMSMDYLNSTGYESFNGSNFSSGVSPT,1,run1/g17/g17_2.pdb,-2.189,-0.4725875854492187,False
17,"-1.854,-0.03288459777832031",SYSYNTSVGGGSMNMGYLNRTSSGCFNGSNSYSSVGPT,1,run1/g17/g17_7.pdb,-1.854,-0.0328845977783203,False
17,"-1.91,-1.0335464477539062",GYSYNTSVSGGSMSMSYLNRSSYYCFNGSNFSSSVGPY,1,run1/g17/g17_6.pdb,-1.91,-1.0335464477539062,False
18,"-2.213,-0.7772960662841797",GYSYNTSSSGGSMNMSYLNRTSYGCYNSSNSYSSVGPT,7,run7/g18/g18_19.pdb,-2.213,-0.7772960662841797,False
18,"-2.43,-0.16439437866210938",SYSYNTSVSGGSMSMSYLSRTGYESFNGSNFSSSVGPT,7,run7/g18/g18_23.pdb,-2.43,-0.1643943786621093,False
18,"-2.324,0.3492431640625",GSSSNTSVSGGSMNMSYLNSSSYEGFNSSNFSSSVGPT,7,run7/g18/g18_21.pdb,-2.324,0.3492431640625,False
18,"-2.367,0.38905906677246094",GSSSNTSVSGGGMNMSYLNRSSYECFNSSNFSSSVGPT,7,run7/g18/g18_20.pdb,-2.367,0.3890590667724609,False
18,"-1.573,-0.053218841552734375",GYSYNSSVSGGSMNGDYLSRTGYECFNSSNFSSGVGPG,7,run7/g18/g18_17.pdb,-1.573,-0.0532188415527343,False
18,"-2.291,-0.3324108123779297",GYSYNSSVSGGSMNMGYLNRTGYESFNGSNFSSGVGPT,7,run7/g18/g18_16.pdb,-2.291,-0.3324108123779297,False
18,"-2.653,-0.6644859313964844",GGSYNSSVSGGSMSMSYLSRTGYESFNSSNFSSSVGPT,7,run7/g18/g18_18.pdb,-2.653,-0.6644859313964844,False
18,"-2.237,-0.4445953369140625",GGSYNTGVSGGSMGSGYLSRTGYECFNGSNFGSGVGPG,7,run7/g18/g18_9.pdb,-2.237,-0.4445953369140625,False
18,"-2.232,0.04405021667480469",GYSSSTSVSGGSMNMGYLNRTGYYCFNSSNFSSGVSPT,7,run7/g18/g18_10.pdb,-2.232,0.0440502166748046,False
18,"-1.891,0.04306793212890625",GYSYNTSVSGGSMNMDYLNRTGYEGFNGSNFSSSVGPT,7,run7/g18/g18_14.pdb,-1.891,0.0430679321289062,False
18,"-2.12,-0.8301868438720703",GSSYNGSSGGGGMNMDYLGRTSYGCFNSSNSYSGVGPT,2,run2/g18/g18_1.pdb,-2.12,-0.8301868438720703,False
18,"-2.161,-0.08083152770996094",GYSYNGSVGGGGMGMGYLNRSSYYCFNGSNFSSGVGPT,6,run6/g18/g18_12.pdb,-2.161,-0.0808315277099609,False
18,"-1.636,-0.5035552978515625",GYSYGTSVSGGSMNMDYLNRTSYGCYNGSNSYSSVGPG,6,run6/g18/g18_17.pdb,-1.636,-0.5035552978515625,False
18,"-1.895,-0.7626047134399414",GYSYNTSVSGGSMNMDYLNRTSYYSFSTSNFSSGVSPT,6,run6/g18/g18_18.pdb,-1.895,-0.7626047134399414,False
18,"-1.614,-0.2864093780517578",SYSYGTSVSGGSMNMDYLNRTSYGCFNGSNSYSSVGPG,6,run6/g18/g18_20.pdb,-1.614,-0.2864093780517578,False
18,"-2.187,-0.8969459533691406",SGSYNGSVSGGSMNMGYLNRTSYGSFNGSNSYSGVGPY,1,run1/g18/g18_7.pdb,-2.187,-0.8969459533691406,False
18,"-2.289,-0.06455421447753906",GYSGNTSSSGGSMNMGYYGRTGYECGNSSNFSSGVGPT,1,run1/g18/g18_2.pdb,-2.289,-0.064554214477539,False
18,"-1.982,0.3402900695800781",SGSSNGSVSGGSMNMGYLNRTSYGSFNGSNSYSGVGPT,1,run1/g18/g18_1.pdb,-1.982,0.3402900695800781,False
18,"-2.312,-0.7857742309570312",GGSYNGSVSGGGMGMGYLNRSSYGCFNGSNFSSGVGPT,6,run6/g18/g18_2.pdb,-2.312,-0.7857742309570312,False
18,"-2.393,-0.14514541625976562",GYSSNTSSSGSSMNMSYLNSSSYESFNSSNFSSGVGPT,13,run13/g18/g18_3.pdb,-2.393,-0.1451454162597656,False
18,"-2.485,-0.13975143432617188",GYSSNGSVSGSSMNMDYLNRSSYESGNGSNFSSGSGPT,13,run13/g18/g18_4.pdb,-2.485,-0.1397514343261718,False
18,"-1.673,-0.1958484649658203",SYSSNSSVSGSSMNMDYLNRSGYGCFNGSNFSSSVGPG,13,run13/g18/g18_5.pdb,-1.673,-0.1958484649658203,False
18,"-2.188,1.2002067565917969",SYSSNGSVSGGSMSMDYLNRTSSGSFNGSNFSSGVGPT,4,run4/g18/g18_4.pdb,-2.188,1.2002067565917969,False
18,"-1.984,-0.9242935180664062",GYSYSSSSSGSSMSMGYLNSTGYGCFNGSNSSSGVGPT,4,run4/g18/g18_7.pdb,-1.984,-0.9242935180664062,False
18,"-2.074,-0.023359298706054688",GYSSNTSSSGGSMNMDYLNRTGYECFNSSNFSSGVGPT,4,run4/g18/g18_10.pdb,-2.074,-0.0233592987060546,False
18,"-2.324,0.4553365707397461",SYSSGTSVSGGSMNMDYLNSTSYGSFNGGNFSSGVGPT,4,run4/g18/g18_15.pdb,-2.324,0.4553365707397461,False
18,"-2.14,-0.09750556945800781",SYSSGTSVSGGSMSMDYLNRTSSGCFNGSNFSSSVGPT,4,run4/g18/g18_17.pdb,-2.14,-0.0975055694580078,False
18,"-1.902,0.15717315673828125",GSSYSTSSSGSSMNMDYLNRTSYGSFNSSNSSSGVGPT,4,run4/g18/g18_20.pdb,-1.902,0.1571731567382812,False
18,"-2.323,-0.32970428466796875",GYSYNGSVSGSSMNMSYLNRSSYYCFNGSNFSSSVGST,1,run1/g18/g18_13.pdb,-2.323,-0.3297042846679687,False
18,"-2.376,-0.09132003784179688",GYSSNTSSSGSSMNMSYLNSSSYECFNGSNFSSSVGPG,13,run13/g18/g18_6.pdb,-2.376,-0.0913200378417968,False
18,"-1.91,0.004940032958984375",SYSYNSSSSSGSMNMSYLSRTGYECFNGSNFSSGVGPT,13,run13/g18/g18_14.pdb,-1.91,0.0049400329589843,False
18,"-2.015,0.006763458251953125",GYSYNSSVSGGSMSMDYLNRTGYECFSSSNFSSSVGPT,13,run13/g18/g18_16.pdb,-2.015,0.0067634582519531,False
18,"-1.455,-0.16010665893554688",SYSYNTSVSGGSMNMDYLNRTGYECFNGSSFSSGVGPT,13,run13/g18/g18_17.pdb,-1.455,-0.1601066589355468,False
18,"-2.383,-0.027822494506835938",GYSYNTSVSGGGMSMSYLNRSSYYCFNGSNFSSSVGPY,1,run1/g18/g18_16.pdb,-2.383,-0.0278224945068359,False
18,"-1.587,0.7364320755004883",GYGYNTSVSGGSMNGGYLNGTSYGSFNGSNSYSGVGPT,2,run2/g18/g18_24.pdb,-1.587,0.7364320755004883,False
18,"-2.461,-0.48720645904541016",GYSYNTSVSGSSMNMSYLNSTGYGCFNGSSFSSGSSST,3,run3/g18/g18_0.pdb,-2.461,-0.4872064590454101,False
18,"-2.322,-0.17785072326660156",GYSYNSSVSGSSMNMDYLNSTGYGCFNGSSFSSGVSST,3,run3/g18/g18_3.pdb,-2.322,-0.1778507232666015,False
18,"-2.071,-0.6142864227294922",GYSYNGSSSGGGMNMGYLNRTSYGCFNYSNFSSGVSPT,3,run3/g18/g18_5.pdb,-2.071,-0.6142864227294922,False
18,"-1.67,-0.156951904296875",SSSSNTSVSGSSMNMDYLNRSSYGCFNGSNFSSSVSPT,3,run3/g18/g18_10.pdb,-1.67,-0.156951904296875,False
18,"-1.938,0.13826560974121094",GYSYSGSVSGGSMNMDYLNRSGYGCYNGSNFSSGVSPG,3,run3/g18/g18_14.pdb,-1.938,0.1382656097412109,False
18,"-2.241,0.04450225830078125",GYSYNGSVSGGGMNMDYLNRTSYGCFNGGNSYSGVGPT,2,run2/g18/g18_8.pdb,-2.241,0.0445022583007812,False
18,"-1.927,-1.2283821105957031",SYSSNTSVSGGSMSMGYLNSGSYGSGNGSNFSSGVGPT,2,run2/g18/g18_15.pdb,-1.927,-1.2283821105957031,False
18,"-2.391,0.4059638977050781",GGSYNGSSSGGGMNMDYLNRSSYGCFNTSNFYSSVSPT,2,run2/g18/g18_18.pdb,-2.391,0.4059638977050781,False
18,"-2.185,0.922454833984375",GYSYNGSVSGGSMNMGYLNRTSYGCFNGGNSYSSVGPT,2,run2/g18/g18_19.pdb,-2.185,0.922454833984375,False
18,"-1.94,-0.01981830596923828",GYSSNGSVSGGGMNMDYLNSSSYGSFNGSNFSSSVGPT,2,run2/g18/g18_11.pdb,-1.94,-0.0198183059692382,False
18,"-1.973,0.4821033477783203",GYGYNGSVSGGGMNMGYLNRTSYGCFNGSNFSSSVSPT,3,run3/g18/g18_18.pdb,-1.973,0.4821033477783203,False
18,"-1.738,0.4595603942871094",SYSYNTSVSGGSMNMSYLNRSSYYSFNGSNFSSSVGPT,11,run11/g18/g18_8.pdb,-1.738,0.4595603942871094,False
18,"-1.362,0.2822151184082031",SYSYNTSVSGGSMNMDYLNRSGYGSFNSSNFSSGVGPT,11,run11/g18/g18_4.pdb,-1.362,0.2822151184082031,False
18,"-1.579,-0.16532325744628906",GYSSNTSVSGGSMNMDYLNRTSYGGFNSSNFSSSVGPT,11,run11/g18/g18_2.pdb,-1.579,-0.165323257446289,False
18,"-2.084,-0.3150749206542969",GYSYNGSVSGGSMNMDYLNRTSYGCFNGSNSYSSVGPG,11,run11/g18/g18_1.pdb,-2.084,-0.3150749206542969,False
18,"-1.789,-0.3724079132080078",SYSYGTSVSGGSMNMGYLNRTSYGCFNGSNSYSGVGPT,1,run1/g18/g18_24.pdb,-1.789,-0.3724079132080078,False
18,"-2.305,0.3093910217285156",GSSGNSSVSGGGMNMDYLGRTGYESGNGGNFSSGVGPT,1,run1/g18/g18_23.pdb,-2.305,0.3093910217285156,False
18,"-2.254,-0.15038681030273438",GYSSNTSSSGSSMNMDYLNRTGYGSFNGSNFSGGVGPT,1,run1/g18/g18_22.pdb,-2.254,-0.1503868103027343,False
18,"-2.03,0.15628814697265625",GSGGNTSVSGGSMSMDYLGRTGYECGGSSNFSSGVGPT,1,run1/g18/g18_21.pdb,-2.03,0.1562881469726562,False
18,"-1.868,0.6379623413085938",SYSYNTSVSGGSMNMGYLNRTSYGSFNGSNSYSSVGPY,1,run1/g18/g18_20.pdb,-1.868,0.6379623413085938,False
18,"-2.01,0.3683805465698242",GYSYNTSVSGSSMNMDYLNRTGYGSFNGSNFSGSVGPT,1,run1/g18/g18_17.pdb,-2.01,0.3683805465698242,False
18,"-2.322,-0.3716745376586914",GYSYNTSVSGSSMNMSYLNSTGYGCFNYSSFSSGVSST,3,run3/g18/g18_20.pdb,-2.322,-0.3716745376586914,False
18,"-1.418,-0.2765483856201172",GYSSNTSVSGGSMNMDYLNRTGYGCFSSSNFSSGVSPT,3,run3/g18/g18_21.pdb,-1.418,-0.2765483856201172,False
18,"-2.168,1.6979637145996094",SSSYNTSSSGGSMNMDYLNRSGYEGFNGSNFSSSVGPT,3,run3/g18/g18_22.pdb,-2.168,1.6979637145996094,False
18,"-1.964,1.3178863525390625",GYSSNGSVSGGGMNMDYLNRTSYGSFNTSNFSSGVSPT,3,run3/g18/g18_24.pdb,-1.964,1.3178863525390625,False
18,"-1.6,-0.2552814483642578",GYSYNTSVSGGSMNMDYLNRTSYGGFSSSNFSSSVGPT,11,run11/g18/g18_12.pdb,-1.6,-0.2552814483642578,False
18,"-1.717,0.2983283996582031",GYSYNTSVSGGSMNMDYLSRTSYGGFNSSNFSSSVSPT,11,run11/g18/g18_18.pdb,-1.717,0.2983283996582031,False
18,"-1.593,0.22168731689453125",SYSYNTSVSGGGMNMDYLNRSGYGSFNGSNFSSGVGPT,11,run11/g18/g18_22.pdb,-1.593,0.2216873168945312,False
18,"-2.069,0.7238197326660156",GSSYNTSVSGGSMNMDYLNRSSSGCFNGSNFSSSVGPT,5,run5/g18/g18_12.pdb,-2.069,0.7238197326660156,False
18,"-2.321,-0.3301372528076172",GGSYNTSVSGGSMNMDYLNRSSYESFSSSNFSSGVGPG,16,run16/g18/g18_10.pdb,-2.321,-0.3301372528076172,False
18,"-1.47,0.6194953918457031",GYSYNTSSSGGSMNGDYLNSTSYGCFNGSNSYSSVGPT,16,run16/g18/g18_12.pdb,-1.47,0.6194953918457031,False
18,"-2.583,-0.5533103942871094",GYSYSTSVSGGSMNMDYLNRTGSESFNGSNFSSGVGPT,16,run16/g18/g18_14.pdb,-2.583,-0.5533103942871094,False
18,"-2.318,0.3149700164794922",GYGYNTSVSGGSMGMSYLNRSSYESFSSSNFSSGVGPT,16,run16/g18/g18_16.pdb,-2.318,0.3149700164794922,False
18,"-1.995,0.1765289306640625",GYSSNTSVSGGGMNMSYLNRSSGECFNGSSFSSGVGPG,8,run8/g18/g18_22.pdb,-1.995,0.1765289306640625,False
18,"-2.09,0.3430747985839844",GYSYNTSSSGGSMNMDYLNRTSYGGFNSSNFSSSVGST,16,run16/g18/g18_19.pdb,-2.09,0.3430747985839844,False
18,"-2.041,-0.7097034454345703",GYSYNTSVSGGSMSMDYLNSTSYGSFNGSNSYSGVGPT,9,run9/g18/g18_14.pdb,-2.041,-0.7097034454345703,False
18,"-2.403,0.5307750701904297",GGSGNTSVSGGGMNMDYLNRTSYGSFNGGNSYSGVGPT,9,run9/g18/g18_19.pdb,-2.403,0.5307750701904297,False
18,"-1.772,-0.5596656799316406",GYSYNTSVSGGSMNMGYLSSTSYGSFGGSNSYSGVGPT,9,run9/g18/g18_22.pdb,-1.772,-0.5596656799316406,False
18,"-2.08,-0.12540435791015625",SGSGSTSVGGGSMNMSYLNGTSYGSFNGSNSYSSVGPT,9,run9/g18/g18_24.pdb,-2.08,-0.1254043579101562,False
18,"-2.167,0.20363712310791016",GYSYNTSSSGGSMNMDYLNRTGYGGFNGSNFSSSVGST,16,run16/g18/g18_1.pdb,-2.167,0.2036371231079101,False
18,"-2.205,-0.6202573776245117",GYSYNTSSSGGSMNMSYLNRTSSGGFNGSNFSSSVGST,16,run16/g18/g18_3.pdb,-2.205,-0.6202573776245117,False
18,"-1.792,-0.13622283935546875",GYSYNTSVSGGSMNMDYLNRSSYYSFNGSNFSSGVGPT,16,run16/g18/g18_5.pdb,-1.792,-0.1362228393554687,False
18,"-2.572,0.2713794708251953",GYSYNSSVSGSSMNMDYLGSTGYECGNGSNFSSGVGPT,9,run9/g18/g18_23.pdb,-2.572,0.2713794708251953,False
18,"-2.336,-0.12722206115722656",SYSYSTSVSGGSMSMGYLNYTSSGCFSSSNFSSSVGPG,10,run10/g18/g18_7.pdb,-2.336,-0.1272220611572265,False
18,"-2.151,0.2705726623535156",SYSSNTSVSSGSMNMGYLNRTSYGCFSGSNFSSSVGPT,10,run10/g18/g18_15.pdb,-2.151,0.2705726623535156,False
18,"-2.152,0.243194580078125",SYSYNTSSSGGSMSMGYLNRTSYYCFSGSNFSSSVGPG,10,run10/g18/g18_17.pdb,-2.152,0.243194580078125,False
18,"-2.196,-0.3358039855957031",SYSYNTSVSGGSMSMSYLGYTSSGCFSSSNFSSSVGPG,10,run10/g18/g18_3.pdb,-2.196,-0.3358039855957031,False
18,"-2.499,-0.17119216918945312",GYSYNSSSSGGSMNMDYLNRTGYESGNGSNFSSGVGPY,10,run10/g18/g18_2.pdb,-2.499,-0.1711921691894531,False
18,"-1.694,0.13579177856445312",GYSYNSSVSGGSMNMDYLNRTGYGSFNGGNFSSGVGPT,10,run10/g18/g18_1.pdb,-1.694,0.1357917785644531,False
18,"-1.878,-0.28046417236328125",GYSYNTGVSGGSMSMDYLNRTSYYSFNSSNFSSGVGPT,8,run8/g18/g18_14.pdb,-1.878,-0.2804641723632812,False
18,"-2.311,1.5142440795898438",GYSYNTSVSGGGMNMGYLNRSSYGSFNGSNFSSGVGPT,8,run8/g18/g18_11.pdb,-2.311,1.5142440795898438,False
18,"-2.56,-0.2173748016357422",SYSYNGSVSGGSMNMGYLNRSSYGCFNGSSFSSGVGPT,8,run8/g18/g18_10.pdb,-2.56,-0.2173748016357422,False
18,"-2.23,0.23722457885742188",GYSYSTSVSGGSMNMDYLNRSSYESFNGSNFSSSVGPT,8,run8/g18/g18_6.pdb,-2.23,0.2372245788574218,False
18,"-2.083,0.34310340881347656",GYSSNTSVSGGGMNMSYLNRSSYECFNSSNFSSGVGPT,8,run8/g18/g18_3.pdb,-2.083,0.3431034088134765,False
18,"-2.186,-0.5899295806884766",GYSYNTSVSGGSMNMGYLGRTGYESFSGSNFSSGVGPT,12,run12/g18/g18_22.pdb,-2.186,-0.5899295806884766,False
18,"-2.235,-0.3287811279296875",GSSYNGSSSGSSYSMDYLNRSSYGCFNGSNFSSSVGPT,14,run14/g18/g18_24.pdb,-2.235,-0.3287811279296875,False
18,"-2.022,0.45009708404541016",GYSYNTSVSGSSMNMDYLNRSSYGSGSGSNFSSSVSPT,14,run14/g18/g18_20.pdb,-2.022,0.4500970840454101,False
18,"-1.254,-0.1827220916748047",GYSYNTSSSGGSYNMDYLNRTSYGSFNGSNFSSGVGPT,12,run12/g18/g18_21.pdb,-1.254,-0.1827220916748047,False
18,"-2.295,-0.3706188201904297",SYSYNGGVSGSSYSMGYLNRTSSGCFNGSNFSSGVGPG,14,run14/g18/g18_17.pdb,-2.295,-0.3706188201904297,False
18,"-1.797,-0.20586395263671875",GYSSSTSVSGSSMNMDYLNRSSYYSFSSSNFSSGVGPT,14,run14/g18/g18_15.pdb,-1.797,-0.2058639526367187,False
18,"-1.506,0.5171737670898438",GYSYNGSVSGGSMNMGYLNRTSYGSFNGGNFSSSVGPT,14,run14/g18/g18_14.pdb,-1.506,0.5171737670898438,False
18,"-2.316,-0.5819358825683594",SYSYNGGVSGSSYSMGYLNRTSSGCFSGSNFSSGVGPT,14,run14/g18/g18_9.pdb,-2.316,-0.5819358825683594,False
18,"-2.252,-0.5864925384521484",GYSYNTSVSGGSMNMGYLGRTGYESFNGSNFSSGVGPT,12,run12/g18/g18_7.pdb,-2.252,-0.5864925384521484,False
18,"-2.543,-0.1714630126953125",GSSYNTSSSGGSMNMGYLNSTGYGCFNSSNFSSGVGPG,12,run12/g18/g18_10.pdb,-2.543,-0.1714630126953125,False
18,"-2.053,-0.7457141876220703",GYSYNTSVSGGSMSMSYLNRTGYESFNSSNFSSGVGPT,12,run12/g18/g18_13.pdb,-2.053,-0.7457141876220703,False
18,"-1.255,-0.25549888610839844",GYSSNTSVSGGSYNMDYLNRTSYGCFNSSNFSSGVGPT,12,run12/g18/g18_15.pdb,-1.255,-0.2554988861083984,False
18,"-2.227,-0.4617881774902344",GYSSSGSVSGSSMSMGYLNRTSYGCFSSSNFSSSVGPT,12,run12/g18/g18_17.pdb,-2.227,-0.4617881774902344,False
18,"-1.767,-0.15752601623535156",SSSSNGSVSGSSYNMDYLNRTSYGCFNGSNFSSGVSPT,14,run14/g18/g18_8.pdb,-1.767,-0.1575260162353515,False
18,"-2.017,-0.3338432312011719",GYSYSGSVSGGGMNMDYLNRSSYGSFNGSNFSSGVGPT,15,run15/g18/g18_1.pdb,-2.017,-0.3338432312011719,False
18,"-1.974,1.5708465576171875",GYSYNGSSSGGGMNMGYLNRTSYGSFNGSNFSSGVGPT,9,run9/g18/g18_6.pdb,-1.974,1.5708465576171875,False
18,"-2.658,-0.5656814575195312",GGSYSTSSSGGSMSMDYLNRTSSGSFSGSNFSSGSGPT,9,run9/g18/g18_8.pdb,-2.658,-0.5656814575195312,False
18,"-2.168,-0.8920154571533203",SGSGNTSVGGGSMNMDYLNGTSYGSFNGSNSYSSGGPT,9,run9/g18/g18_9.pdb,-2.168,-0.8920154571533203,False
18,"-2.134,0.13290023803710938",GYSYSGSVSGGSMNMDYLNGSSYECFNGSNFSSSVGPT,15,run15/g18/g18_10.pdb,-2.134,0.1329002380371093,False
18,"-1.83,0.7953586578369141",GYSYNGSVSGGSMNMDYLNSSSYGCFNSSNFSSSVGPT,15,run15/g18/g18_20.pdb,-1.83,0.7953586578369141,False
18,"-1.99,-0.022382736206054688",GYSYSGGVSGGSMNMDYLNGSSYECFGGSSFSSGVGPT,15,run15/g18/g18_19.pdb,-1.99,-0.0223827362060546,False
18,"-2.482,-0.866119384765625",GGSYNGSSSGGSMNMDYLNSTSYGSFNGGNSYSGVGPT,9,run9/g18/g18_11.pdb,-2.482,-0.866119384765625,False
18,"-2.477,0.08379936218261719",GGSSNGSVSGGGMNMGYLNRTSYGCFNGGNFSSGVGPS,10,run10/g18/g18_24.pdb,-2.477,0.0837993621826171,False
18,"-1.989,-0.1017608642578125",GSSSNTSVSGSSMNMDYLNRTSYGSGNGSNFSSGVGPT,5,run5/g18/g18_20.pdb,-1.989,-0.1017608642578125,False
18,"-2.422,-0.7664222717285156",GYSYNTSSSGGSMSMSYLGRTSSYCFNGSNFSSSVGST,5,run5/g18/g18_11.pdb,-2.422,-0.7664222717285156,False
18,"-2.21,0.22992324829101562",GYSSGTSVSGSSMNMSYLNSTSSGCFNGSNFSSGVGPG,5,run5/g18/g18_7.pdb,-2.21,0.2299232482910156,False
19,"-2.166,-0.4379463195800781",GSSYNTSVSGGSMNMSYLNRSSSECFNGSNFSSGVGPT,5,run5/g19/g19_17.pdb,-2.166,-0.4379463195800781,False
19,"-1.628,0.25008583068847656",SSSSNTSVSGGSMNMDYLNSTSYGCFNGSNFSSSVGPT,5,run5/g19/g19_21.pdb,-1.628,0.2500858306884765,False
19,"-2.27,0.5835227966308594",GSSSNTSVSGSSMNMDYLNRTSSGSFNGSNFSSGVGPT,5,run5/g19/g19_14.pdb,-2.27,0.5835227966308594,False
19,"-2.193,-0.5039596557617188",GSSYNTSVSGGSMSMDYLNRSSSECFNGSNFSSSVGPT,5,run5/g19/g19_20.pdb,-2.193,-0.5039596557617188,False
19,"-1.973,0.11025238037109375",GSSSNTSVSGSSMNMDYLNRTSYGSGSGSNFSSGVGPT,5,run5/g19/g19_3.pdb,-1.973,0.1102523803710937,False
19,"-2.071,0.05046844482421875",GYSYNTSSSGGSMNMDYLSRTGYECFNSSNFSSGSGPT,5,run5/g19/g19_9.pdb,-2.071,0.0504684448242187,False
19,"-2.472,0.5571746826171875",GYSYNTSSSGGSMSMSYLGRTSSYGFNGSNFSSSVGST,5,run5/g19/g19_8.pdb,-2.472,0.5571746826171875,False
19,"-2.112,0.07086753845214844",GYSSGTSVSGSSMNMSYLNSTGYGCFNGSNFSSGVGPG,5,run5/g19/g19_5.pdb,-2.112,0.0708675384521484,False
19,"-1.853,-0.6820812225341797",GYSYSTSVSGSSMGMDYLNRSSYGSFSGSNFSSGVGPT,14,run14/g19/g19_1.pdb,-1.853,-0.6820812225341797,False
19,"-2.511,-0.1840534210205078",GYSYNTSVSGSSMNMSYLNSTGYGCFGGSSFSSGSSST,3,run3/g19/g19_2.pdb,-2.511,-0.1840534210205078,False
19,"-2.377,0.10240554809570312",SYSSSTSSSGGSMNMDYLNRTGYECFNGSNFSSGSGPT,15,run15/g19/g19_23.pdb,-2.377,0.1024055480957031,False
19,"-2.584,-0.31737709045410156",GYSYNSSVSGSSMNMSYLNSTGYGCFNGSSFSSGVSST,3,run3/g19/g19_24.pdb,-2.584,-0.3173770904541015,False
19,"-1.939,0.5016746520996094",GYSYGGSVSGGSMNMDYLNRSGYGCYNGSNFSSGVSPG,3,run3/g19/g19_17.pdb,-1.939,0.5016746520996094,False
19,"-2.177,0.05692863464355469",GYSSNGSSSGGGMNMDYLNRTSYGSFNTSNFSSGVSPT,3,run3/g19/g19_10.pdb,-2.177,0.0569286346435546,False
19,"-2.232,-0.40587425231933594",SSSYNTSSSGGSMNMSYLSRSGYECFNGSNFSSSVGPT,3,run3/g19/g19_5.pdb,-2.232,-0.4058742523193359,False
19,"-1.42,0.5170440673828125",GYSSNTSVSGGSMNMDYLNRTGYGCFSSSNFSSGVSST,3,run3/g19/g19_3.pdb,-1.42,0.5170440673828125,False
19,"-2.148,-1.0725021362304688",GYSYNTSVSGSSMNMGYLNRSSYGSGSGSNFSSGVSPT,14,run14/g19/g19_18.pdb,-2.148,-1.0725021362304688,False
19,"-2.024,-0.4053964614868164",GYSYNTSVSGSSMNMDYLNRSSYGSGSGSNFSSSVSPY,14,run14/g19/g19_20.pdb,-2.024,-0.4053964614868164,False
19,"-2.353,-0.4887123107910156",GGSYNGSSSGSGMNMDYLNRSSYGCFNTSNFYSSVSPT,2,run2/g19/g19_17.pdb,-2.353,-0.4887123107910156,False
19,"-2.381,-0.4260101318359375",GGSYNGSSSGGGMNMGYLNRSSYGCFNSGNFYSSVGPT,2,run2/g19/g19_13.pdb,-2.381,-0.4260101318359375,False
19,"-2.312,0.4327278137207031",SYSYNGGVSGSSYSMGYLNRTSSGCFSSSNFSSGVGPT,14,run14/g19/g19_9.pdb,-2.312,0.4327278137207031,False
19,"-1.936,-0.36707115173339844",SYSSNGSVSGGGMNMSYLNRSSYECFNSSNFSSGVGPT,8,run8/g19/g19_20.pdb,-1.936,-0.3670711517333984,False
19,"-1.802,-0.5979404449462891",SYSSNTSVSGGGMNMSYLSRSSYECFNSSNFSSGVGPT,8,run8/g19/g19_18.pdb,-1.802,-0.5979404449462891,False
19,"-2.075,0.19861602783203125",GYSYNGSSSGGSMNMDYLNRTGYGGFSGSNFSSSVSSG,8,run8/g19/g19_16.pdb,-2.075,0.1986160278320312,False
19,"-2.396,-0.5661888122558594",SYSYNGSVSGGSMNMGYLNRSSSGCFNGSNFSSGVGPT,8,run8/g19/g19_14.pdb,-2.396,-0.5661888122558594,False
19,"-2.123,-0.4892616271972656",GYSYNGSSSGGSMNMDYLNSTSYGGFSTSNFSSSVSPT,8,run8/g19/g19_13.pdb,-2.123,-0.4892616271972656,False
19,"-1.754,0.15094757080078125",GYSYNTSSSGGSMNMDYLNRSSYESFNGSNFSSGVGPT,8,run8/g19/g19_2.pdb,-1.754,0.1509475708007812,False
19,"-2.458,2.009767532348633",GYSSNGSVSGGSMNMGYLNRSSYGSYNGGNFSSGVSPT,8,run8/g19/g19_0.pdb,-2.458,2.009767532348633,False
19,"-1.773,0.20808982849121094",GYSSSTSVSGSGMNMDYLNRSSYYSFSSSNFSSGVGPT,14,run14/g19/g19_5.pdb,-1.773,0.2080898284912109,False
19,"-2.17,0.1836681365966797",GYSYSGGVGGGSMNMDYLNGSSYECFGGSNFSSGVGPT,15,run15/g19/g19_17.pdb,-2.17,0.1836681365966797,False
19,"-2.033,0.22356224060058594",GYSYNTSSSGGSMNMDYLNRTSYGSFNSSNFSSGVSPT,4,run4/g19/g19_14.pdb,-2.033,0.2235622406005859,False
19,"-2.186,0.277862548828125",GYSYNTSSSGSSMNMDYLNRTSYGCGNYSNSSSSVGPY,4,run4/g19/g19_11.pdb,-2.186,0.277862548828125,False
19,"-1.614,0.019809722900390625",GYSYNTSVSGGSMNMDYLNRSSYECFNGSNFSSGVGPG,4,run4/g19/g19_10.pdb,-1.614,0.0198097229003906,False
19,"-1.868,0.4724769592285156",GYSYSSSSSGSSMNMGYLNSTGYYCFNGSNSSSGVGPT,4,run4/g19/g19_9.pdb,-1.868,0.4724769592285156,False
19,"-1.889,-0.014963150024414062",GYSYNTSVSGGSMNMDYSNRSSYECFNGSNFSSGVGPT,4,run4/g19/g19_8.pdb,-1.889,-0.014963150024414,False
19,"-1.939,0.0147552490234375",GSSYSGSSSGSSMNMDYLNRTSYGSFNSSNSSSGVGPT,4,run4/g19/g19_5.pdb,-1.939,0.0147552490234375,False
19,"-1.658,0.1950702667236328",GYSYNTSVSGGSMNMDYLNRSSSECFNSSNFSSGVGPT,4,run4/g19/g19_4.pdb,-1.658,0.1950702667236328,False
19,"-1.983,0.3037223815917969",SYSSNGSVSGGSMSMDYLNRTSSGCFNGSNFSSSVGPT,4,run4/g19/g19_1.pdb,-1.983,0.3037223815917969,False
19,"-2.443,-1.0087299346923828",GGSGNTSVSGGSMNMGYLNRTSYGSFNGGNSYSGVGPT,9,run9/g19/g19_23.pdb,-2.443,-1.0087299346923828,False
19,"-1.916,-0.1313037872314453",SGSYGTSVSGGSMNMGYLNRTSYGCFNGSNSYSGVGPT,1,run1/g19/g19_21.pdb,-1.916,-0.1313037872314453,False
19,"-1.945,-0.3914604187011719",GYSYNSSSSGSSMNMDYLNSTGSYCFSSSNSSSGVGPT,4,run4/g19/g19_18.pdb,-1.945,-0.3914604187011719,False
19,"-1.925,-0.6828117370605469",GYSYNTSVSGGSMNMSYLNRTSYGGFNSSNFSSSVGPT,11,run11/g19/g19_3.pdb,-1.925,-0.6828117370605469,False
19,"-2.321,0.344482421875",GSSGNSSVSGGGMNMDYLGRTGGESGNGGNFSSGVGPT,1,run1/g19/g19_17.pdb,-2.321,0.344482421875,False
19,"-1.957,-0.34210872650146484",GYSYNGSSSGGSMNMDYLNRTSYGSFNGSNFSSSVGGT,11,run11/g19/g19_16.pdb,-1.957,-0.3421087265014648,False
19,"-2.552,0.8465061187744141",SYGYSTSVSGSSYNMDYLNRTGYGSGSGSNFSSGVSPT,11,run11/g19/g19_20.pdb,-2.552,0.8465061187744141,False
19,"-1.706,0.17950153350830078",GYSYNGSVSGGSMNMDYLNRTSYGSFNSSNFSSSVGGT,11,run11/g19/g19_22.pdb,-1.706,0.1795015335083007,False
19,"-1.742,-0.05822181701660156",SYSYNTSVSGGSMNMSYLNRSSYYSFNGSSFSSSVGPT,11,run11/g19/g19_23.pdb,-1.742,-0.0582218170166015,False
19,"-2.049,-0.003772735595703125",GYSYNTSVSGGSMNMGYLNRTGSECFNGSNFSSGVGPT,4,run4/g19/g19_22.pdb,-2.049,-0.0037727355957031,False
19,"-1.648,0.3039398193359375",GYSYNTSVSGGSMNMDYLNRSGYECFNSSNFSSGVSPT,4,run4/g19/g19_21.pdb,-1.648,0.3039398193359375,False
19,"-1.499,-0.42904090881347656",SYSYSTSVSGGSMNMDYLNRSGYGSFSGSNFSSGVGPT,11,run11/g19/g19_15.pdb,-1.499,-0.4290409088134765,False
19,"-2.092,1.7944526672363281",GYSYSGGVSGGGMNMDYLNRSSYESFNSSNFSSGVGPT,15,run15/g19/g19_0.pdb,-2.092,1.794452667236328,False
19,"-2.234,0.28411865234375",GYSYSGGVSGGGMNMDYLNRSSYECFNSSNFSSSVGPT,15,run15/g19/g19_2.pdb,-2.234,0.28411865234375,False
19,"-2.445,-0.008342742919921875",SYSSSTSSSGGSMNMDYLNRTGSECFNSSNFSSSVGPT,15,run15/g19/g19_9.pdb,-2.445,-0.0083427429199218,False
19,"-1.958,0.32408905029296875",GYSYSGSVSGGSMNMSYLSRTGYGCFNGSSFSSSVGGT,15,run15/g19/g19_11.pdb,-1.958,0.3240890502929687,False
19,"-2.156,0.6126136779785156",SYSSSTSSSGGSMNMDYLNSTGSECFNGSNFSSGVGPT,15,run15/g19/g19_12.pdb,-2.156,0.6126136779785156,False
19,"-1.731,-0.7529163360595703",GYSYNGSVSGGSMNMGYLNRSSYESFNGSNFSSGVGPT,15,run15/g19/g19_15.pdb,-1.731,-0.7529163360595703,False
19,"-1.737,0.11150932312011719",GYSYNGSVSGGSMNMDYLNRSGYGCFNGSNFSSGVSPT,15,run15/g19/g19_16.pdb,-1.737,0.1115093231201171,False
19,"-2.074,-0.34236717224121094",SYSSNTSVSGSSMNMDYLNRTSYGCFSTSNFSSSSSPG,15,run15/g19/g19_4.pdb,-2.074,-0.3423671722412109,False
19,"-1.215,0.3634452819824219",GYSYNGSVSGGSMNMDYLNSSSYGSFNGGNFSSGVGPT,15,run15/g19/g19_18.pdb,-1.215,0.3634452819824219,False
19,"-2.392,-0.4074687957763672",GYSYNGSVSGGGMSMSYLNRSSYYCFNGSNFSSSVGPY,1,run1/g19/g19_13.pdb,-2.392,-0.4074687957763672,False
19,"-2.12,-0.43433380126953125",GSGGNTSVSGGSMSMSYLGRTGYECGGSSNFSSGVGPT,1,run1/g19/g19_12.pdb,-2.12,-0.4343338012695312,False
19,"-2.187,0.05635261535644531",GNSYNTSSSGGSMNMDYLNSTGYESFNTSNFSSGVSPT,1,run1/g19/g19_11.pdb,-2.187,0.0563526153564453,False
19,"-2.326,0.3449516296386719",GYSSNTSVSSSSMNMSYLNRTGYGCFNGSNFSSGSSPT,1,run1/g19/g19_10.pdb,-2.326,0.3449516296386719,False
19,"-2.022,1.1935691833496094",SGSSNGSVSGGSMNMGYLNSTSYGSFNGSNSYSGVGPT,1,run1/g19/g19_8.pdb,-2.022,1.1935691833496094,False
19,"-1.837,-0.6336498260498047",SYSYNTSVSGGSMSMGYLNRTSYGSFNGSNSYSSVGPY,1,run1/g19/g19_7.pdb,-1.837,-0.6336498260498047,False
19,"-2.47,0.2183094024658203",GGSYNGSSSGGSMNMDYLNSTSYGSFNSGNSYSGVGPT,9,run9/g19/g19_22.pdb,-2.47,0.2183094024658203,False
19,"-2.441,0.08516883850097656",GGSGNTSVGGGGMNMDYLNRTSYGSFNGGNSYSGVGPT,9,run9/g19/g19_19.pdb,-2.441,0.0851688385009765,False
19,"-2.44,-0.18701744079589844",GGSGNTSGSGGSMNMDYLNRTSYGSFNGGNSYSGVGPT,9,run9/g19/g19_18.pdb,-2.44,-0.1870174407958984,False
19,"-2.3,0.40558624267578125",SGSGSTSVGGGSMNMSYLNGTSSGSFNGSNSYSSVGPT,9,run9/g19/g19_16.pdb,-2.3,0.4055862426757812,False
19,"-2.249,0.1524677276611328",GSSSSGSVSGSSMSMGYLNRTSYGCFSSSNFSSSVGPT,12,run12/g19/g19_9.pdb,-2.249,0.1524677276611328,False
19,"-2.196,-1.4052143096923828",GYSYNTSSSGSSYNMSYLSSTGYYSFNSSNFSSGVGPT,12,run12/g19/g19_3.pdb,-2.196,-1.4052143096923828,False
19,"-2.125,1.7690963745117188",GYSYNTSSSGGSMNMDYLSRTGYEGFNSSNFSSSVGPT,5,run5/g19/g19_0.pdb,-2.125,1.7690963745117188,False
19,"-2.312,-0.022708892822265625",SYSYNTSSSGGSMSMGYLNRTSSYCFSGSNFSSSVGPG,10,run10/g19/g19_19.pdb,-2.312,-0.0227088928222656,False
19,"-2.296,-0.09827804565429688",GSSYNGSSSGGSMNMGYLNSTSYGCFNGSNFSSSVGPT,12,run12/g19/g19_13.pdb,-2.296,-0.0982780456542968,False
19,"-2.358,-0.9549045562744141",GYSSNTSSSGSSMSMSYLNSSSYESFNGSNFSSGVGPT,13,run13/g19/g19_2.pdb,-2.358,-0.954904556274414,False
19,"-1.644,0.14447402954101562",GYSYNTSVSGGSYNMGYLNRTGYYCFNGSNFSSGVGPT,12,run12/g19/g19_23.pdb,-1.644,0.1444740295410156,False
19,"-2.069,0.3181161880493164",GGSYNTSSSGGSMNMDYLNGTSGGSFNGSNFSSSVGPG,12,run12/g19/g19_21.pdb,-2.069,0.3181161880493164,False
19,"-2.221,-0.8317527770996094",SYSYNTSVSGSSMNMDYLNRTGSESGNGSNFSSGVGPT,10,run10/g19/g19_22.pdb,-2.221,-0.8317527770996094,False
19,"-1.211,0.3213939666748047",GYSYNTSVSGGSYNMDYLNRTSYGSFNGSNFSSGVSPT,12,run12/g19/g19_19.pdb,-1.211,0.3213939666748047,False
19,"-1.986,0.042761802673339844",GYSYNGSSSGGSMNMDYLNSTSGGSFNGSNFSSSVGPG,12,run12/g19/g19_14.pdb,-1.986,0.0427618026733398,False
19,"-2.15,-0.6584033966064453",SYSYNGSVSGGGMNMGYLNRSSGGCFNGSNFSSGVGPT,6,run6/g19/g19_22.pdb,-2.15,-0.6584033966064453,False
19,"-2.044,1.5399723052978516",GYSYNTSVSGGSMSMDYLNRTGYETFSSSNFSSSVGPT,13,run13/g19/g19_18.pdb,-2.044,1.5399723052978516,False
19,"-2.406,0.6842594146728516",GYSSNTSSSGSSMNMSYLNSSSYESGNSSNFSSGVGPT,13,run13/g19/g19_17.pdb,-2.406,0.6842594146728516,False
19,"-2.493,-0.4253959655761719",GYSSNTSSSGSSMNMSYLNSSSYECFNGSNFSSSSGPG,13,run13/g19/g19_16.pdb,-2.493,-0.4253959655761719,False
19,"-1.645,-0.2750663757324219",SYSYNSSSSSGSMNMSYLSRTGSECFNGSNFSSGVGPT,13,run13/g19/g19_14.pdb,-1.645,-0.2750663757324219,False
19,"-2.247,0.16201400756835938",GYSYNSGVSGGSMNMGYLNGSGYGCFNGGNFSSGVGPT,13,run13/g19/g19_10.pdb,-2.247,0.1620140075683593,False
19,"-2.262,-0.3272514343261719",SYSYNTSVSGSSMNMDYLNSTGYESFSGSNFSGSVGPG,13,run13/g19/g19_21.pdb,-2.262,-0.3272514343261719,False
19,"-1.692,1.2191658020019531",SYSSNSSVSGSSMNMDYLNRSGYGGFNGSNFSSSVGPG,13,run13/g19/g19_24.pdb,-1.692,1.2191658020019531,False
19,"-2.066,0.02704620361328125",GYSYGSSVSGGSMNMDYLNRTGYGSFNGGNFSSGVGPT,10,run10/g19/g19_16.pdb,-2.066,0.0270462036132812,False
19,"-2.104,-0.3673744201660156",GSSGNSSSSGGSMSMDYGNSTGYECFNGSNFSSGVGPT,10,run10/g19/g19_15.pdb,-2.104,-0.3673744201660156,False
19,"-2.061,-0.00659942626953125",SYSSNTSVSGGSMNMGYLNRTSYGCFSSSNFSSSVGPT,10,run10/g19/g19_13.pdb,-2.061,-0.0065994262695312,False
19,"-1.692,-0.04751396179199219",GYSYNGSSSGGSMNMDYLNRTSYGCFNGGNFSSSVSPT,10,run10/g19/g19_11.pdb,-1.692,-0.0475139617919921,False
19,"-2.306,-0.6287860870361328",GSSGNSSSSGGSMSMDYLNSTGYECFSGSNFSSGVGPT,10,run10/g19/g19_10.pdb,-2.306,-0.6287860870361328,False
19,"-2.242,-0.08815193176269531",SSSYNTSVSGGSMSMGYLNYTSSGCFSSSNFSSSVGPG,10,run10/g19/g19_8.pdb,-2.242,-0.0881519317626953,False
19,"-2.418,0.6873569488525391",SYSYSTSVSGGSMSMGYLNYTSSGGFSSSNFSSSVGPG,10,run10/g19/g19_6.pdb,-2.418,0.6873569488525391,False
19,"-2.097,-0.06796073913574219",SYSYNTSVSGGSMSMGYLGYTGSGCFSSSNFSSSVGPG,10,run10/g19/g19_4.pdb,-2.097,-0.0679607391357421,False
19,"-2.059,-0.1299457550048828",SYSSGTSVSSGSMNMGYLNRTSYGCFSGSNFSSSVGPT,10,run10/g19/g19_2.pdb,-2.059,-0.1299457550048828,False
19,"-1.982,-0.22887420654296875",GYSYNTSSSGGSMSMDYLNRTGSECFNGSNFSSGVGPT,16,run16/g19/g19_16.pdb,-1.982,-0.2288742065429687,False
19,"-2.229,0.3577556610107422",GYSYNTSVSGGSMNMSYLNSSGYESFSSSNFSSGVGPT,16,run16/g19/g19_7.pdb,-2.229,0.3577556610107422,False
19,"-1.82,-0.8520622253417969",GYSYNTSVSGGSMNMDYLNRSSYESGNGSNFSSGVGPT,16,run16/g19/g19_6.pdb,-1.82,-0.8520622253417969,False
19,"-2.466,-0.2828502655029297",GGSYNTGVSGGSMNMDYLNRTGSESFNGSNFSSGVGPT,16,run16/g19/g19_3.pdb,-2.466,-0.2828502655029297,False
19,"-1.733,0.011058807373046875",GYSYGTSVSGGSMNMDYLNRTSYGCYNSSNSYSSVGPG,6,run6/g19/g19_12.pdb,-1.733,0.0110588073730468,False
19,"-2.402,0.7396297454833984",SYSYNGSVSGGSMNMGYLSSSSYECFNGGSFSSGGGPT,6,run6/g19/g19_3.pdb,-2.402,0.7396297454833984,False
19,"-2.595,0.177032470703125",GYSYSTSVSGGSMNMDYLNRTGSESFSGSNFSSGVGPT,16,run16/g19/g19_24.pdb,-2.595,0.177032470703125,False
19,"-2.276,-1.183511734008789",GYSYNTSVSGGSMGMSYLSSSSYESFSSSNFSSGVGPT,16,run16/g19/g19_20.pdb,-2.276,-1.183511734008789,False
19,"-2.155,-0.3577728271484375",GYSYNGSVGGGGMGMGYLNRSSYYCYNGSNFSSGVGPT,6,run6/g19/g19_1.pdb,-2.155,-0.3577728271484375,False
19,"-2.385,1.640787124633789",GYSYNGSVSGGGMNMDYLNRTSYGSFNGGNSYSGVGPT,2,run2/g19/g19_1.pdb,-2.385,1.640787124633789,False
19,"-2.384,0.2179584503173828",GYSYNGSSSGSSMNMSYLNRTSYGCYNGSNSYSGVGPT,2,run2/g19/g19_3.pdb,-2.384,0.2179584503173828,False
19,"-2.027,-0.8868198394775391",SYSSNTSVSGGSMSMGYLGSGSYGSGNGSNFSSGVGPT,2,run2/g19/g19_4.pdb,-2.027,-0.8868198394775391,False
19,"-2.664,0.333709716796875",GGSYNTSVSGGSMSMSYLSSTGYESFNSSNFSSSVGPT,7,run7/g19/g19_19.pdb,-2.664,0.333709716796875,False
19,"-2.369,0.3787384033203125",GSSSGTSVSGGGMNMSYLNRSSYECFNSSNFSSSVGPT,7,run7/g19/g19_4.pdb,-2.369,0.3787384033203125,False
19,"-2.536,0.4088134765625",GSSSNTSVSGGGMNMSYLNSSSYEGFNSSNFSSSVGPT,7,run7/g19/g19_5.pdb,-2.536,0.4088134765625,False
19,"-2.226,-0.2662925720214844",GYSYNGSSSGGSMNMDYLNRTSYGCYNSSNSYSSVGPT,7,run7/g19/g19_6.pdb,-2.226,-0.2662925720214844,False
19,"-2.447,0.41338348388671875",GSSSNTSVSGGGMNMSYLNRSSYEGFNSSNFSSSVGPT,7,run7/g19/g19_8.pdb,-2.447,0.4133834838867187,False
19,"-2.396,-0.6227684020996094",GYSYNTSVSGGSMSMSYLSRTGYESFNGSNFSSSVGPG,7,run7/g19/g19_12.pdb,-2.396,-0.6227684020996094,False
20,"-2.345,0.05706024169921875",GYSYNSSVSGSSMSMDYLNRTGYECFSSSNFSSSVGPT,13,run13/g20/g20_2.pdb,-2.345,0.0570602416992187,False
20,"-2.649,0.1533355712890625",GGSYSTSSSGGSMSMDYLNRTSSGSFSGSSFSSGSGPT,9,run9/g20/g20_22.pdb,-2.649,0.1533355712890625,False
20,"-2.168,-0.5438919067382812",GSSYNGSSSGGSMSMSYLSSTSYGCFNGSNSYSGVGPT,9,run9/g20/g20_19.pdb,-2.168,-0.5438919067382812,False
20,"-2.39,0.27483367919921875",GGSGSTSVSGGSMNMDYLNRTSYGSFNGGNSYSGVGPT,9,run9/g20/g20_14.pdb,-2.39,0.2748336791992187,False
20,"-2.206,-0.15767669677734375",GGSYNTGVSGGSMGGDYLSRTGYECFNSSNFSSGVGPG,7,run7/g20/g20_20.pdb,-2.206,-0.1576766967773437,False
20,"-2.63,-1.0947799682617188",GGSYNGSSSGGSMNMSYLNSTSYGSFNSGNSYSGVGPT,9,run9/g20/g20_12.pdb,-2.63,-1.0947799682617188,False
20,"-1.984,0.4691333770751953",GYSYNTSVSGGSMNMDYLGRTGYGCFNGSNFSSGVGPT,13,run13/g20/g20_14.pdb,-1.984,0.4691333770751953,False
20,"-1.695,0.20061492919921875",SYSSNSSVSGSGMNMDYLNRSGYGGFNGSNFSSSVGPG,13,run13/g20/g20_11.pdb,-1.695,0.2006149291992187,False
20,"-2.454,-0.4981117248535156",GYSYNTSVSGGSMNMGYLGRTGYYCFNGSNFSSGVGPT,13,run13/g20/g20_9.pdb,-2.454,-0.4981117248535156,False
20,"-2.306,-0.008138656616210938",SYSYNSSVSGSSMNMDYLNSTGYESFSGSNFSGSVGPT,13,run13/g20/g20_6.pdb,-2.306,-0.0081386566162109,False
20,"-2.274,-0.053802490234375",GYSYNTSSSGGSMSMDYLNRTGYECFSSSNFSSSVGPT,13,run13/g20/g20_13.pdb,-2.274,-0.053802490234375,False
20,"-2.333,-1.025533676147461",GYSYNTSSSGGSMGMSYLNRTSSGCFSGSNFSSSVGPT,9,run9/g20/g20_10.pdb,-2.333,-1.025533676147461,False
20,"-2.317,0.8441486358642578",GYSYNTSVSGSSMNMSYLNRSSYYGFNGSNFSSSVGST,1,run1/g20/g20_17.pdb,-2.317,0.8441486358642578,False
20,"-2.161,0.7287759780883789",GNSYNTSSSGGSMNMDYLNSTGSESFNTSNFSSGVSPT,1,run1/g20/g20_12.pdb,-2.161,0.7287759780883789,False
20,"-2.374,-1.1641292572021484",GYSYNGSVSGGGMSMSYLNRSSYYCSNGSNFSSSVGPY,1,run1/g20/g20_8.pdb,-2.374,-1.1641292572021484,False
20,"-2.021,-0.3447608947753906",GYSSNTSVSSSSMNMDYLNRTGYGCFNGSNFSSGGGPT,1,run1/g20/g20_7.pdb,-2.021,-0.3447608947753906,False
20,"-2.342,-0.452056884765625",GYSYNGSVSGSSMNMSYLNRSSYYCFNGSNFSSSSGST,1,run1/g20/g20_6.pdb,-2.342,-0.452056884765625,False
20,"-2.542,-0.7548236846923828",GGSGNTSSSGGSMNMGYLGRTGYESGNGSNFSSGVGPT,1,run1/g20/g20_0.pdb,-2.542,-0.7548236846923828,False
20,"-2.016,-0.021154403686523438",SGSGGTSVSGGSMNMGYLNRTSYGCFNGSNSYSGVGPT,1,run1/g20/g20_19.pdb,-2.016,-0.0211544036865234,False
20,"-1.984,-0.5770931243896484",SYSSNTSVSGSSMNMDYLSRTSYGCFNGSNFSSSVGPG,13,run13/g20/g20_23.pdb,-1.984,-0.5770931243896484,False
20,"-1.822,0.34682273864746094",SYSYNTSVGGGSMNMGYLNRTSSGCFNSSNSYSSVGPT,1,run1/g20/g20_20.pdb,-1.822,0.3468227386474609,False
20,"-2.179,-0.20487403869628906",GYSSNTSSSGGSMSMDYLNRTSSGSFSGSNFSSGVGPT,9,run9/g20/g20_4.pdb,-2.179,-0.204874038696289,False
20,"-2.3,0.5221710205078125",GYSSNTSVSSSSMNMSYLNRTGYGSFNGSNFSSGSGPT,1,run1/g20/g20_24.pdb,-2.3,0.5221710205078125,False
20,"-2.245,-0.3468437194824219",SGSYNGSVSGGSMNMGYLNRTSYGSFNGSNYYSGVGPY,1,run1/g20/g20_23.pdb,-2.245,-0.3468437194824219,False
20,"-2.262,0.3572835922241211",GYSYNGSGSGGSMNMDYLNSTSYGSFNGGNSYSSVGPT,9,run9/g20/g20_11.pdb,-2.262,0.3572835922241211,False
20,"-2.241,0.1882610321044922",GYSYNTSSSGSSMNMDYLNSTSYGCGNGSNSSSSVGPY,4,run4/g20/g20_1.pdb,-2.241,0.1882610321044922,False
20,"-2.447,-0.8010807037353516",GSSYNTSSSGGSMNMGYLNSTGYGCFSSSNFSSGVGPT,12,run12/g20/g20_21.pdb,-2.447,-0.8010807037353516,False
20,"-1.594,-0.5085201263427734",GYSYNGSVSGGSMNMDYLNSSSYGSFGGSNFSSGVGPT,15,run15/g20/g20_13.pdb,-1.594,-0.5085201263427734,False
20,"-2.174,0.012266159057617188",SYSSSTGSSGGSMNMDYLNRTGSECFNSSNFSSGVGPT,15,run15/g20/g20_14.pdb,-2.174,0.0122661590576171,False
20,"-1.996,0.21301651000976562",GYSYSGSVSGGSMNMSYLSSTGYGCFNGSSFSSSVGGT,15,run15/g20/g20_16.pdb,-1.996,0.2130165100097656,False
20,"-1.757,0.5247707366943359",GYSYNGSVSGGSMNMDYLNGSGYGCFNGSNFSSGVSPT,15,run15/g20/g20_17.pdb,-1.757,0.5247707366943359,False
20,"-2.388,-0.28113555908203125",SYSSSLSSSGGSMNMDYLNRTGYECFNGSNFSSGSGPT,15,run15/g20/g20_18.pdb,-2.388,-0.2811355590820312,False
20,"-1.763,-0.2543754577636719",GYSYNGSVSGGSMSMDYLNRSSYGCFNGSNFSSGVSPT,15,run15/g20/g20_23.pdb,-1.763,-0.2543754577636719,False
20,"-1.65,-0.15908336639404297",GYSSNGSVSGGSMNMDYLNSSSYGSFNGSNFSSGVGPT,15,run15/g20/g20_24.pdb,-1.65,-0.1590833663940429,False
20,"-1.995,0.36452484130859375",GSSSNTSVSGSSMNMDYLNSTSYGSGNGSNFSSGVGPT,5,run5/g20/g20_1.pdb,-1.995,0.3645248413085937,False
20,"-1.279,-0.5438518524169922",GYSYNGSSSGGSYNMDYLNRTSYGSFNGSNFSSGVGPT,12,run12/g20/g20_24.pdb,-1.279,-0.5438518524169922,False
20,"-1.608,-0.41362762451171875",GYSYNTSVSGGSYNMGYLNRTYYYCFNGSNFSSGVGPT,12,run12/g20/g20_22.pdb,-1.608,-0.4136276245117187,False
20,"-2.223,-0.5339031219482422",GSSYNGSSSGSSYSMDYLNRSSYGCFNGSNFSSSVGPG,14,run14/g20/g20_21.pdb,-2.223,-0.5339031219482422,False
20,"-1.988,-0.04537200927734375",GYSYSTSSSGSGMNMDYLNRSSYGSFSGSNFSSSVGPT,14,run14/g20/g20_12.pdb,-1.988,-0.0453720092773437,False
20,"-2.342,-1.1743030548095703",GYSYNTSVSGSSMNMGYLNRSSYGSGSGSNFSSSVSPY,14,run14/g20/g20_11.pdb,-2.342,-1.1743030548095703,False
20,"-2.13,0.6260318756103516",GYSYNGSVSGGGMNMGYLNRSSYGCFNGSNFSSGVSPT,6,run6/g20/g20_1.pdb,-2.13,0.6260318756103516,False
20,"-2.405,-0.5092811584472656",SYSYNGSVSGGSMNMGYLSSSSYECFSGGSFSSGGGPT,6,run6/g20/g20_0.pdb,-2.405,-0.5092811584472656,False
20,"-2.277,0.2932109832763672",GYGGNTSVSGSSYNMDYLGRTSYGSFNGSNSYSSVGPT,14,run14/g20/g20_1.pdb,-2.277,0.2932109832763672,False
20,"-2.293,-1.4101428985595703",GSSYNTSSSGSSYSMSYLNRSSYGCFNGSNFSSSVGPT,14,run14/g20/g20_5.pdb,-2.293,-1.4101428985595703,False
20,"-1.633,-0.1485118865966797",GYSYNGSVSGGSMSMGYLNRTSYGSFNGGNFSSGVGPT,14,run14/g20/g20_6.pdb,-1.633,-0.1485118865966797,False
20,"-2.142,-0.42241668701171875",GSSYNTSSSGSSYSMDYLNRSSYGCFNGSNFSSSVGPG,14,run14/g20/g20_8.pdb,-2.142,-0.4224166870117187,False
20,"-1.788,0.1582794189453125",GYSSSTSVSGSGMNMDYLNRSSYYSFSSSSFSSGVGPT,14,run14/g20/g20_9.pdb,-1.788,0.1582794189453125,False
20,"-1.847,-0.16186904907226562",GYSSGGSVSGGGMNMSYLNRTGYGCFNGSNFSSGVGPG,15,run15/g20/g20_9.pdb,-1.847,-0.1618690490722656,False
20,"-1.952,0.5269317626953125",GYSYSSSSSGSSMNMGYLNSTGYYSFNGSNSSSGVGPT,4,run4/g20/g20_21.pdb,-1.952,0.5269317626953125,False
20,"-2.467,0.04340171813964844",GYSYNTSSSGGSMSMSYLGRTSSYGFNSSNFSSSVGST,5,run5/g20/g20_22.pdb,-2.467,0.0434017181396484,False
20,"-2.221,-0.31320953369140625",GYSYNTSSSGGSMNMGYLNRTGYECFNGSNFSSGVGPT,4,run4/g20/g20_20.pdb,-2.221,-0.3132095336914062,False
20,"-2.116,-0.05248260498046875",GSSYNTSVSGGSMNMDYLNRSSSECFNGSNFSSSVGPG,5,run5/g20/g20_20.pdb,-2.116,-0.0524826049804687,False
20,"-2.42,0.8723888397216797",GYGYNTSSSGGSMNMDYLSRTGYGCFNSSNFSSSVGPT,5,run5/g20/g20_18.pdb,-2.42,0.8723888397216797,False
20,"-2.275,-0.35359954833984375",GSSYNTSVSGGSMSMDYLNRSSSECGNGSNFSSSVGPT,5,run5/g20/g20_16.pdb,-2.275,-0.3535995483398437,False
20,"-2.032,-0.46012306213378906",SYSSGTSVSGSSMNMSYLNSTSYGCFNGSNFSSGVGPG,5,run5/g20/g20_19.pdb,-2.032,-0.460123062133789,False
20,"-2.119,0.06856727600097656",SYSSNTGVSGGSMSMDYSNRTSSGSFNGSNFSSSVGPT,4,run4/g20/g20_13.pdb,-2.119,0.0685672760009765,False
20,"-1.903,-0.3371162414550781",GYSYNTSVSGGSMNMDYSNRSSYECFSGSNFSSGVGPT,4,run4/g20/g20_16.pdb,-1.903,-0.3371162414550781,False
20,"-2.276,-0.11246871948242188",GSSSNGSVSGSSMNMDYLNRTSSGSFNGSNFSSGVGPT,5,run5/g20/g20_10.pdb,-2.276,-0.1124687194824218,False
20,"-1.935,-0.12553977966308594",SSSSNTSVSGGSMNMSYLNSTSYGCFNGSNFSSGVGPT,5,run5/g20/g20_9.pdb,-1.935,-0.1255397796630859,False
20,"-1.292,0.34654998779296875",GYSYNTSVSGGSYNMDYLNRTSYGCFNGSNFSSSVGPT,12,run12/g20/g20_10.pdb,-1.292,0.3465499877929687,False
20,"-2.381,-1.4713497161865234",GYSYNTSSSGGSMNGGYLNGTSGGSFSGSNFSSGVGPG,12,run12/g20/g20_17.pdb,-2.381,-1.4713497161865234,False
20,"-2.399,0.030323028564453125",GYSYSGGVSGGGMNMDYLNRSSYECFNSSNFSSSSGPT,15,run15/g20/g20_6.pdb,-2.399,0.0303230285644531,False
20,"-1.768,-0.18575286865234375",SSSSNTSVSGGSMNMDYLNSSSYGCFNGSNFSSGVGPT,5,run5/g20/g20_7.pdb,-1.768,-0.1857528686523437,False
20,"-2.182,0.15009117126464844",GSSYNTGVSGGSMNMSYLNRSSSECFNGSNFSSGVGPT,5,run5/g20/g20_6.pdb,-2.182,0.1500911712646484,False
20,"-1.306,-0.3764476776123047",GYSYNTSVSGGSYNMDYLNRTSYGSFNGSNFSSGSSPT,12,run12/g20/g20_3.pdb,-1.306,-0.3764476776123047,False
20,"-2.325,0.4340782165527344",GYSYNSSVGGGGMGMGYLNRTGYGCYNGSNFSSGVGPT,12,run12/g20/g20_7.pdb,-2.325,0.4340782165527344,False
20,"-2.072,-0.14574623107910156",SYSSNTSGSGGSMSMGYLGSGSYGSGNGSNFSSGVGPT,2,run2/g20/g20_4.pdb,-2.072,-0.1457462310791015,False
20,"-2.287,-0.4213371276855469",GSSYNTSVSGSSMNMDYLNRSSYYCFNGSNFSSGVSPT,3,run3/g20/g20_21.pdb,-2.287,-0.4213371276855469,False
20,"-1.294,-0.05654716491699219",GYSSNTSVSGGSMNMDYLNRTGYGCFSSSNFSSSVSST,3,run3/g20/g20_20.pdb,-1.294,-0.0565471649169921,False
20,"-1.979,0.26782989501953125",GYSYGGSVSGGSMNMDYLNRSGGGCYNGSNFSSGVSPG,3,run3/g20/g20_19.pdb,-1.979,0.2678298950195312,False
20,"-1.643,-0.5018119812011719",SYGYNTSVSGGSMNGGYLNGTSYGSFNGSNSYSGVGPT,2,run2/g20/g20_1.pdb,-1.643,-0.5018119812011719,False
20,"-2.066,-0.10506248474121094",GYGYNGSVSGGGMNMGYLNRTGYGCFNGSNFSSGVSPT,3,run3/g20/g20_11.pdb,-2.066,-0.1050624847412109,False
20,"-1.981,0.2252044677734375",GYSYSGSVSGGSMNMDYLNRSGYGCYNGSSFSSGVSPG,3,run3/g20/g20_8.pdb,-1.981,0.2252044677734375,False
20,"-2.352,-0.17858505249023438",GGSYNTSVSGGGMNMDYLNRSGYESFSSSNFSSGVGPG,16,run16/g20/g20_1.pdb,-2.352,-0.1785850524902343,False
20,"-2.481,-0.12543678283691406",GYSYNTGVSGGSMNMGYLNRTGSESFNGSNFSSGVGPT,16,run16/g20/g20_17.pdb,-2.481,-0.125436782836914,False
20,"-2.59,0.028226852416992188",GYSYSSSVSGGSMNMDYLNRTGSESFSGSNFSSGVGPT,16,run16/g20/g20_16.pdb,-2.59,0.0282268524169921,False
20,"-2.411,-0.22816085815429688",GYSYNTSVSGGSMNMSYLNRTGSESFNSSNFSSGVGPT,16,run16/g20/g20_15.pdb,-2.411,-0.2281608581542968,False
20,"-2.359,-0.8878631591796875",GYSYNTSVSGGGMNMSYLNRSGYESFSSSNFSSGVGPG,16,run16/g20/g20_11.pdb,-2.359,-0.8878631591796875,False
20,"-1.928,-0.34812355041503906",GSSYNTSSSGGSMSMDYLNRTGYECFNGSNFSSGVGPT,16,run16/g20/g20_8.pdb,-1.928,-0.348123550415039,False
20,"-2.147,-0.7644929885864258",GYSYNTSSSGGSMNMSYLNRTSYGGFNSSNFSSSVGST,16,run16/g20/g20_7.pdb,-2.147,-0.7644929885864258,False
20,"-2.186,1.0734004974365234",GYSYNSSSSGSSMNMDYLNSTGSYSFSSSNSSSGVGPT,4,run4/g20/g20_23.pdb,-2.186,1.0734004974365234,False
20,"-2.199,0.7791881561279297",GYSYNGSSSGGSMNMDYLNSTSSGGFSTSNFSSSVSPT,8,run8/g20/g20_4.pdb,-2.199,0.7791881561279297,False
20,"-2.087,0.7903614044189453",SYSYNGSVGGGSMNMGYLNSTSYYSFNGSNFSSGVGPT,8,run8/g20/g20_8.pdb,-2.087,0.7903614044189453,False
20,"-1.864,0.09360885620117188",GYSSNGSVSGGGMNMSYLSRSSYECFNGSSFSSGVGPT,8,run8/g20/g20_14.pdb,-1.864,0.0936088562011718,False
20,"-2.484,-0.4140205383300781",GYSSNGSVSGGGMNMGYLNRSSYGSYNGGNFSSGVSPT,8,run8/g20/g20_19.pdb,-2.484,-0.4140205383300781,False
20,"-2.234,-1.0916576385498047",GYSYNGSSSGGSMNMSYLNRTSYGGFSGSNFSSSVSSG,8,run8/g20/g20_21.pdb,-2.234,-1.091657638549805,False
20,"-2.23,1.4265174865722656",GYSYNTSVSGGSMNMSYLNRSSYEGFNSSSFSSSVGPT,8,run8/g20/g20_15.pdb,-2.23,1.4265174865722656,False
20,"-1.654,0.4163475036621094",SSSSNTSVSGSSMNMDYLNRSSSGCFNGSNFSSSVSPT,3,run3/g20/g20_3.pdb,-1.654,0.4163475036621094,False
20,"-1.932,-0.07769775390625",SYSSNGSVSGSGMNMSYLNRSSYECFNSSNFSSGVGPT,8,run8/g20/g20_2.pdb,-1.932,-0.07769775390625,False
20,"-2.137,0.10342597961425781",GSSYNGSSGGGGMNMDYLNGTSYGCFNSSNSYSGVGPT,2,run2/g20/g20_6.pdb,-2.137,0.1034259796142578,False
20,"-2.041,-0.7593708038330078",SYSSNTSVSGGSMNMGYLGSGSYGSGNGSNFSSGVGPT,2,run2/g20/g20_16.pdb,-2.041,-0.7593708038330078,False
20,"-1.579,-0.5063705444335938",GYSSNGSVSGGSMSMDYSNRTSYGCFNSSNSYSGVGPT,2,run2/g20/g20_22.pdb,-1.579,-0.5063705444335938,False
20,"-1.782,-0.177398681640625",GYGYNTSVGGGSMNGDYLNGTSYGSFNGSNSYSGVGPT,2,run2/g20/g20_24.pdb,-1.782,-0.177398681640625,False
20,"-2.299,0.7584037780761719",GSSGNSSSSGGSMSMDYLNSTGYESFNGSNFSSGVGPT,10,run10/g20/g20_13.pdb,-2.299,0.7584037780761719,False
20,"-2.24,0.3920707702636719",SYSSNTSVSGGSMNMGYLNRTSSGCFSGSNFSSSVGPT,10,run10/g20/g20_9.pdb,-2.24,0.3920707702636719,False
20,"-2.52,0.3427162170410156",SYSYNTSSSGGSMSMGYLNSTSSYCFSGSNFSSSVGPG,10,run10/g20/g20_5.pdb,-2.52,0.3427162170410156,False
20,"-2.164,0.39104652404785156",GYSYNTSVSGSSMNMDYLNSTGYESFNGSNFSSGVGPG,10,run10/g20/g20_3.pdb,-2.164,0.3910465240478515,False
20,"-2.336,-0.7323017120361328",GSSGNSSSSGGSMSMSYLNSTGYECFSGSNFSSGVGPT,10,run10/g20/g20_22.pdb,-2.336,-0.7323017120361328,False
20,"-2.263,0.931640625",SYSSNTSVSGGSMNMGYLNSTSYGCFSSSNFSSSVGPT,10,run10/g20/g20_1.pdb,-2.263,0.931640625,False
20,"-2.394,0.08783531188964844",GSSSNTSSSGGSMNMSYLNRSSYECFGSSNFSSGVGPT,7,run7/g20/g20_22.pdb,-2.394,0.0878353118896484,False
20,"-1.941,-0.4754295349121094",GYSYNSSVSGGSMNGDYLSRTGYESFSGSSFSSGVGPG,7,run7/g20/g20_5.pdb,-1.941,-0.4754295349121094,False
20,"-2.048,-0.060871124267578125",YSSYNTSVSGGSMNMDYLNRTSYGGFNSSNFSSSVGPT,11,run11/g20/g20_10.pdb,-2.048,-0.0608711242675781,False
20,"-2.313,0.5314140319824219",SYGYSTSVSGSSYNMDYLNRTGYGSGSGSNFSSSVGPT,11,run11/g20/g20_6.pdb,-2.313,0.5314140319824219,False
20,"-1.683,0.2388019561767578",SYSYNTSVSGGSMNMSYLNRSSYYYFNGSNFSSSVGPT,11,run11/g20/g20_4.pdb,-1.683,0.2388019561767578,False
20,"-2.218,-0.11422538757324219",SSSYNTSVSGGSMSMGYLNYTGSGCFSSSNFSSSVGPG,10,run10/g20/g20_18.pdb,-2.218,-0.1142253875732421,False
20,"-1.495,0.26139068603515625",SYSYSTSVSGGSMNMDYLNRSGYGSFSSSNFSSGVGPT,11,run11/g20/g20_3.pdb,-1.495,0.2613906860351562,False
20,"-2.275,0.11938095092773438",SYSYNTSVSGSSMNMDYLNRTGSESGNSSNFSSGVGPT,10,run10/g20/g20_24.pdb,-2.275,0.1193809509277343,False
20,"-2.071,0.46452999114990234",GYSYGSSVSGGSMNMDYLNRTGYGSFNGGNFSSGVGGT,10,run10/g20/g20_20.pdb,-2.071,0.4645299911499023,False
20,"-2.026,0.15722274780273438",GYSYNGSVSGGSMNMDYLNRTSSGCFNGSNSYSSVGPT,11,run11/g20/g20_22.pdb,-2.026,0.1572227478027343,False
20,"-2.378,-0.2580585479736328",GSSSGTSVSGGGMNMSYLNRSSYECFGSSNFSSSVGPT,7,run7/g20/g20_1.pdb,-2.378,-0.2580585479736328,False
21,"-1.673,-0.6071949005126953",SYSYNSSSSSGSMSMSYLSRTGSECFNGSNFSSGVGPT,13,run13/g21/g21_14.pdb,-1.673,-0.6071949005126953,False
21,"-2.014,0.07015037536621094",GYSSNTSVSGSGMNMDYLNRSSYESFNGSNFSSGVGPT,13,run13/g21/g21_20.pdb,-2.014,0.0701503753662109,False
21,"-2.298,-1.2766609191894531",GYGGNGSVSGSSYNMDYLGRTSYGSFNGSNSYSGVGPT,14,run14/g21/g21_2.pdb,-2.298,-1.2766609191894531,False
21,"-1.928,0.3931865692138672",GYSYNTSVSGGSMNMDYLGGTGYECFNGSNFSSGVGPT,13,run13/g21/g21_4.pdb,-1.928,0.3931865692138672,False
21,"-1.665,0.2815990447998047",SSSSNSSVSGSGMNMDYLNRSGYGGFNGSNFSSSVGPG,13,run13/g21/g21_6.pdb,-1.665,0.2815990447998047,False
21,"-2.506,-0.9590072631835938",GNSSNTSSSGSSMNMSYLNSSSYESFNSSNFSSGVGPT,13,run13/g21/g21_7.pdb,-2.506,-0.9590072631835938,False
21,"-2.429,-0.01941680908203125",GYSYNSSVSGSSMSMDYLNRTGSECFSSSNFSSSVGPT,13,run13/g21/g21_8.pdb,-2.429,-0.0194168090820312,False
21,"-2.481,-0.11042022705078125",GYSYSTSSSGGSMSMDYLNRTGYECFSSSNFSSSVGPT,13,run13/g21/g21_10.pdb,-2.481,-0.1104202270507812,False
21,"-2.342,-0.5138015747070312",SYSGNSSVSGSSMNMDYLNSTGYESFSGSNFSGSVGPT,13,run13/g21/g21_13.pdb,-2.342,-0.5138015747070312,False
21,"-1.66,-0.013034820556640625",SYSGNSSVSGSSMNMDYLNRSGYGCFNGSNFSSSVGPG,13,run13/g21/g21_15.pdb,-1.66,-0.0130348205566406,False
21,"-2.063,-0.3763771057128906",GYSYNTSVSGGSMNMGYLGRTGYGCFNGSNFSSGVGPT,13,run13/g21/g21_17.pdb,-2.063,-0.3763771057128906,False
21,"-1.943,0.16357040405273438",SYGSNTSVSGSSMNMDYLSRTSYGCFNGSNFSSSVGPG,13,run13/g21/g21_24.pdb,-1.943,0.1635704040527343,False
21,"-2.061,-0.17971420288085938",SYSSNTSVSGGSMNMSYLNRTSYGCFSSSNFSSSVGPT,10,run10/g21/g21_18.pdb,-2.061,-0.1797142028808593,False
21,"-2.387,0.9035911560058594",SYSYNTSSSGGSMSMGYLNSTSSYGFSGSNFSSSVGPG,10,run10/g21/g21_19.pdb,-2.387,0.9035911560058594,False
21,"-2.15,-0.05102729797363281",SYSSGTSSSSGSMNMGYLNRTSYGCFSGSNFSSSVGPT,10,run10/g21/g21_20.pdb,-2.15,-0.0510272979736328,False
21,"-2.048,-0.07543182373046875",SYSSNGSVSGGGMNMSYLNRSSYECFNSSNFSSGVGPG,8,run8/g21/g21_2.pdb,-2.048,-0.0754318237304687,False
21,"-2.536,0.4275989532470703",GSSYNTSSSGGSMNMGYLNSTGSGCFNSSNFSSGVGPG,12,run12/g21/g21_21.pdb,-2.536,0.4275989532470703,False
21,"-2.415,0.41783714294433594",GYSYNTSSSGGSMNGGYLNGTSGGSFNGSNFSSGSGPG,12,run12/g21/g21_22.pdb,-2.415,0.4178371429443359,False
21,"-1.968,0.6781635284423828",GYSYSTSVSGGSMNMGYLNSTGYGCFNSSNFSSSVGPT,7,run7/g21/g21_23.pdb,-1.968,0.6781635284423828,False
21,"-2.264,-0.3678760528564453",SYSYNSSSSGGSMNMDYLNSTGYESGNGSNFSSGVGPY,7,run7/g21/g21_24.pdb,-2.264,-0.3678760528564453,False
21,"-2.228,0.21836280822753906",SYGYNTSVSGSSMNMDYLNRTGSESGNGSNFSSGVGPT,10,run10/g21/g21_12.pdb,-2.228,0.218362808227539,False
21,"-1.87,-0.25527000427246094",GYSYNGSGSGGSMNMDYLNRTGYGSFNGGNFSSGVGPT,10,run10/g21/g21_9.pdb,-1.87,-0.2552700042724609,False
21,"-2.294,0.1848602294921875",GYSYNTSVSGSSMNMDYLNRTGSESGNSSNFSSGVGPT,10,run10/g21/g21_10.pdb,-2.294,0.1848602294921875,False
21,"-1.519,-0.48220062255859375",SYSYNSSVSGGSMNMDYLNRTGYGSFNGGNFSSGVGPT,10,run10/g21/g21_4.pdb,-1.519,-0.4822006225585937,False
21,"-2.292,0.022998809814453125",GSSYNTSSSGSSYSMSYLNRSSYGCFNSSNFSSSVGPT,14,run14/g21/g21_7.pdb,-2.292,0.0229988098144531,False
21,"-2.62,-0.2176971435546875",SYSYNGSSSGGSMNMGYLSSSSYECFSGGSFSSGGGPT,6,run6/g21/g21_7.pdb,-2.62,-0.2176971435546875,False
21,"-1.873,-0.42450618743896484",GYSYNTSVSGGSMNMDYLNRTSYGSFSTSNFSSGVSPG,6,run6/g21/g21_6.pdb,-1.873,-0.4245061874389648,False
21,"-2.133,1.605717658996582",GYSYNGSVSGGGMNMGYLNGSSGGSFNGSNFSSSVGPT,6,run6/g21/g21_5.pdb,-2.133,1.605717658996582,False
21,"-2.385,-0.657196044921875",SSSYNGSVSGGSMNMGYLSSSSYECFNGGSFSSGGGPT,6,run6/g21/g21_4.pdb,-2.385,-0.657196044921875,False
21,"-2.025,-0.242767333984375",GYSYNGSVSGGGMGMGYLNRSSYGCFNGGNFSSGVGPT,6,run6/g21/g21_3.pdb,-2.025,-0.242767333984375,False
21,"-1.836,0.0119781494140625",GSSYNLSSSGGSMSMDYLNRTGYECFNGSNFSSGVGPT,16,run16/g21/g21_18.pdb,-1.836,0.0119781494140625,False
21,"-2.273,-1.1227760314941406",GYSYNGSVSGGSMNMSYLNRTSYGSFNSSNFSSSVGPG,6,run6/g21/g21_14.pdb,-2.273,-1.1227760314941406,False
21,"-2.052,0.4189414978027344",GYSYNTSVSGGSMSMDYLNSTGYECFNGSNFSSGVGPT,7,run7/g21/g21_9.pdb,-2.052,0.4189414978027344,False
21,"-2.479,-0.014797210693359375",GYSYNTSVSGGSMSMSYLSRTGYEGFNGSNFSSSVGPT,7,run7/g21/g21_10.pdb,-2.479,-0.0147972106933593,False
21,"-2.266,0.2224903106689453",GGSYNTGVSGGSMGGDYLSRTGGECFNSSNFSSGVGPG,7,run7/g21/g21_13.pdb,-2.266,0.2224903106689453,False
21,"-2.71,-0.2422161102294922",GGSYNTSSSGGSMSMSYLSSTGYESFNSSNFSSSVGPT,7,run7/g21/g21_14.pdb,-2.71,-0.2422161102294922,False
21,"-2.448,0.06848526000976562",GYSYNTSVSGGSMSMSYLSSTGYESFNGSNFSSSVGPG,7,run7/g21/g21_17.pdb,-2.448,0.0684852600097656,False
21,"-2.082,-0.06743812561035156",GYSYGTSVGGGSMNMDYLNRTSYGCFGGSNSYSSVGPG,6,run6/g21/g21_15.pdb,-2.082,-0.0674381256103515,False
21,"-2.231,1.9061203002929688",GYSYNTSSSGSSYNYSYLSSTGYYSFNSSNFSSGVGPT,12,run12/g21/g21_16.pdb,-2.231,1.9061203002929688,False
21,"-1.178,-0.28679656982421875",GYSYNTSSSGGSYNMDYLNRTSYGCFNGSNFSSGVGPT,12,run12/g21/g21_17.pdb,-1.178,-0.2867965698242187,False
21,"-2.41,-0.8881492614746094",GGSYNTSSSGSSYNMSYLNSTGYYSFNSSNFSSGVGPT,12,run12/g21/g21_19.pdb,-2.41,-0.8881492614746094,False
21,"-2.557,-0.4724597930908203",GGSYNTSSSGGSMNMGYLNGTSGGSFNGSNFSSGVGPG,12,run12/g21/g21_20.pdb,-2.557,-0.4724597930908203,False
21,"-1.92,-0.17266845703125",GYSYSTSVSGSSMGMDYLNRSSYGSFSGSNFSGGVGPT,14,run14/g21/g21_15.pdb,-1.92,-0.17266845703125,False
21,"-2.373,-0.031513214111328125",GYGGNTSVSGSSYNMDYLGRTSYGSFNSSNSYSGVGPT,14,run14/g21/g21_11.pdb,-2.373,-0.0315132141113281,False
21,"-2.467,-0.7105426788330078",GYSYNTSVSGGSMNMGYLNRTGYGSFNGSNFSSGVGPT,16,run16/g21/g21_4.pdb,-2.467,-0.7105426788330078,False
21,"-2.061,0.13852882385253906",GYSYNTSVSGSSMNMDYLNRSSYYSFNGSNFSSGVGPT,16,run16/g21/g21_1.pdb,-2.061,0.138528823852539,False
21,"-2.15,0.2286663055419922",GSSSGTSVSGGSMNMSYLNRSSYECFGSSNFSSGVGPT,7,run7/g21/g21_21.pdb,-2.15,0.2286663055419922,False
21,"-2.2,-0.4971904754638672",GYSYSGSVSGSSMSMGYLNRTSYGCFSSSNFSSSVGPT,12,run12/g21/g21_2.pdb,-2.2,-0.4971904754638672,False
21,"-2.312,0.5718250274658203",GYSYNSSVGGGGMGMGYLNRTGYGCYNGSNFSSSVGPT,12,run12/g21/g21_3.pdb,-2.312,0.5718250274658203,False
21,"-2.38,1.0671796798706055",GYSGNTSSSGGSMNGGYLNGTSGGSFSGSNFSSGVGPG,12,run12/g21/g21_4.pdb,-2.38,1.0671796798706057,False
21,"-1.545,-0.059101104736328125",GYSSNTSVSGGSMNMDYLNRSSYESFNGSNFSSGVGPT,8,run8/g21/g21_3.pdb,-1.545,-0.0591011047363281,False
21,"-2.194,-0.9528903961181641",GYSYNGSSSGGSMSMSYLSSTSYGCFGGSNSYSGVGPT,9,run9/g21/g21_5.pdb,-2.194,-0.952890396118164,False
21,"-2.678,0.3647613525390625",GGSYSTSSSGGSMGMDYLNRTSSGSFSGSSFSSGSGPT,9,run9/g21/g21_2.pdb,-2.678,0.3647613525390625,False
21,"-2.092,-0.09670066833496094",GSSYNTSVSGGSMNMDYLNRSSSECFSGSNFSSGVGPT,5,run5/g21/g21_19.pdb,-2.092,-0.0967006683349609,False
21,"-1.992,-0.15369415283203125",GSSSNGSVSGSSMNMDYLNRTSYGSGNGSNFSSGVGPT,5,run5/g21/g21_17.pdb,-1.992,-0.1536941528320312,False
21,"-2.277,0.2853355407714844",GSSSNTSVSGSSMNMDYLNRTSSGSFNGSNFSSSVGPT,5,run5/g21/g21_15.pdb,-2.277,0.2853355407714844,False
21,"-2.413,0.3917350769042969",GGSGNTSGSGGSMNMDYLNRTSYGSFNGGNSYSSVGPT,9,run9/g21/g21_17.pdb,-2.413,0.3917350769042969,False
21,"-2.032,0.3016319274902344",GYSSGGSVSGGSMSMDYLNRTSYGCFNSSNSYSGVGPT,2,run2/g21/g21_6.pdb,-2.032,0.3016319274902344,False
21,"-2.094,-0.4169635772705078",SYSYNGSVSGGSMNMDYLNRSSSGSFGGSNFSSSVGPT,2,run2/g21/g21_8.pdb,-2.094,-0.4169635772705078,False
21,"-1.807,-0.3959083557128906",GYGYNTSGSGGSMNGDYLNGTSYGSFNGSNSYSGVGPT,2,run2/g21/g21_10.pdb,-1.807,-0.3959083557128906,False
21,"-2.497,0.37093162536621094",GGSYNGSSSGGGMGMGYLNRSSYGCFNSSNFYSSVGPT,2,run2/g21/g21_11.pdb,-2.497,0.3709316253662109,False
21,"-2.046,-0.15823745727539062",GYSYNGSVSGGSMNMDYLNRTSYGCFNGGNSYSGVGPS,2,run2/g21/g21_12.pdb,-2.046,-0.1582374572753906,False
21,"-2.12,0.3284759521484375",GYSYGGSVSGGSMNMGYLNRTSYGCFNGGNSYSGVGPT,2,run2/g21/g21_13.pdb,-2.12,0.3284759521484375,False
21,"-2.402,1.1634063720703125",GGSSNGSSSGSGMNMDYLNRSSYGCFNTSNFYSSVSPT,2,run2/g21/g21_15.pdb,-2.402,1.1634063720703125,False
21,"-1.74,1.230879783630371",SYGYNGSVSGGSMNGGYLNGTSYGSFNGSNSYSGVGPT,2,run2/g21/g21_17.pdb,-1.74,1.230879783630371,False
21,"-2.342,-0.15164947509765625",GYSYNTGSSGGSMGMSYLNRTSSGCFSGSNFSSSVGPT,9,run9/g21/g21_23.pdb,-2.342,-0.1516494750976562,False
21,"-2.43,0.08955955505371094",GGSGNTSGSGGGMNMDYLNRTSYGSFNGGNSYSGVGPT,9,run9/g21/g21_18.pdb,-2.43,0.0895595550537109,False
21,"-1.904,1.3151283264160156",SSSSNTSVSGGSMNMDYLNSTSYGGFNGSNFSSSVGPT,5,run5/g21/g21_12.pdb,-1.904,1.3151283264160156,False
21,"-2.057,-0.2540912628173828",YSSYNGSVSGGSMNMDYLNRTSYGGFNSSNFSSSVGPT,11,run11/g21/g21_23.pdb,-2.057,-0.2540912628173828,False
21,"-1.825,-1.1273193359375",GYSYNGSVSGGSMNMSYLNRTSYGSFNSSNFSSSVGGT,11,run11/g21/g21_24.pdb,-1.825,-1.1273193359375,False
21,"-2.626,0.5008659362792969",GGSGNTSSSGGSMNMGYLGRTGYESGSGSNFSSGVGPT,1,run1/g21/g21_23.pdb,-2.626,0.5008659362792969,False
21,"-2.012,-0.20819473266601562",SSSYNTSVGGGSMNMGYLNRTSSGCFNGSNSYSSVGPT,1,run1/g21/g21_20.pdb,-2.012,-0.2081947326660156,False
21,"-2.336,-0.15448379516601562",GYSYNTSVSSSSMNMSYLNRSSYYGFNGSNFSSSVGST,1,run1/g21/g21_17.pdb,-2.336,-0.1544837951660156,False
21,"-2.163,0.3162860870361328",SNSYNTSSSGGSMNMDYLNSTGYESFNTSNFSSGVSPT,1,run1/g21/g21_16.pdb,-2.163,0.3162860870361328,False
21,"-1.906,-1.0901622772216797",SYSYNTSVSGGSMNMGYLSRTSYGSFNGSNSYSSVGPY,1,run1/g21/g21_7.pdb,-1.906,-1.0901622772216797,False
21,"-1.778,-0.6342868804931641",SYSSNTSVSSSSMNMDYLNRTGYGCFNGSNFSSGGGPT,1,run1/g21/g21_4.pdb,-1.778,-0.6342868804931641,False
21,"-2.267,-0.5456581115722656",GSSYNTSVSGGSMNMSYLNRSSSECFNGSNFSSSVGPT,5,run5/g21/g21_13.pdb,-2.267,-0.5456581115722656,False
21,"-1.254,0.4757194519042969",SYSYNTSVSGGSMNMDYLNRSGSGSFSGSNFSSGVGPT,11,run11/g21/g21_21.pdb,-1.254,0.4757194519042969,False
21,"-2.136,-0.6831321716308594",GYSSGTSVSGSSMNMSYLNSTGYGCFNGSNFSSGGGPG,5,run5/g21/g21_11.pdb,-2.136,-0.6831321716308594,False
21,"-2.432,-1.030752182006836",GYSYNTSSSGGSMSMSYLGRTSSYGFNGSNFSSSVGSY,5,run5/g21/g21_5.pdb,-2.432,-1.030752182006836,False
21,"-1.799,-0.0052127838134765625",GYSSNTSSSGGSMNMDYLNRTSYGGFNSSNFSSSVGPT,11,run11/g21/g21_3.pdb,-1.799,-0.0052127838134765,False
21,"-1.974,-0.15843963623046875",SYSYNTSSSGGSMNMSYLNRSSYYSFNGSNFSSSVGPT,11,run11/g21/g21_4.pdb,-1.974,-0.1584396362304687,False
21,"-1.629,0.47530555725097656",SYSYNTSVSGGGMNMDYLNRSGYGSFNGSNFSSGVSPT,11,run11/g21/g21_5.pdb,-1.629,0.4753055572509765,False
21,"-1.542,0.7857017517089844",GYSYNTSVSGGSMNMDYLNSTSYGGFNSSNFSSSVGPT,11,run11/g21/g21_9.pdb,-1.542,0.7857017517089844,False
21,"-1.464,0.4559345245361328",SYSYNTSVSGGSMNMDYLNRSGYGSFSGSNFSSSVGPT,11,run11/g21/g21_13.pdb,-1.464,0.4559345245361328,False
21,"-1.766,-0.10371780395507812",GYSYNTSVSGGSMNMDYLSRTSYGGFSSSNFSSSVSPT,11,run11/g21/g21_17.pdb,-1.766,-0.1037178039550781,False
21,"-1.898,-0.3218421936035156",GGSSNGSVSGGSMSMDYSNRTSYGCFNSSNSYSGVGPT,2,run2/g21/g21_1.pdb,-1.898,-0.3218421936035156,False
21,"-2.137,0.5371494293212891",SYSSSSSSSGGSMNMDYLNRTGSECFNSSNFSSGVGPT,15,run15/g21/g21_22.pdb,-2.137,0.5371494293212891,False
21,"-2.248,-1.1889190673828125",GGSSNTSVSGSSMNMDYLNSSSYGSFNGSNFSSGVGPT,5,run5/g21/g21_1.pdb,-2.248,-1.1889190673828125,False
21,"-2.205,-0.3823585510253906",SYSSSTGSSGGSMNMDYLNRTGSECFSSSNFSSGVGPT,15,run15/g21/g21_17.pdb,-2.205,-0.3823585510253906,False
21,"-2.641,-0.22188186645507812",GYSYSGGVSSGGMNMDYLNRSSYECFNSSNFSSSSGPT,15,run15/g21/g21_11.pdb,-2.641,-0.2218818664550781,False
21,"-1.793,-0.6127338409423828",SYSSGGSVSGGGMNMSYLNRTGYGCFNGSNFSSGVGPG,15,run15/g21/g21_3.pdb,-1.793,-0.6127338409423828,False
21,"-2.162,0.08604049682617188",GYSYSGGVSGGSMNMDYLNGSGYECFGGSSFSSGVGPT,15,run15/g21/g21_2.pdb,-2.162,0.0860404968261718,False
21,"-2.037,1.5614261627197266",SYSSNTSVSGSSMNMDYLNRTSYGTFSTSNFSSSSSPG,15,run15/g21/g21_23.pdb,-2.037,1.5614261627197266,False
21,"-2.439,-0.6576671600341797",GYSYNTSSSGGSMSMSYLGRSSSYGFNSSNFSSSVGST,5,run5/g21/g21_3.pdb,-2.439,-0.6576671600341797,False
21,"-2.437,0.3946800231933594",GYSYNTSVSGGSMNMGYLNSTGYECFNGSNFSSGVGPT,4,run4/g21/g21_0.pdb,-2.437,0.3946800231933594,False
21,"-2.238,-0.06915092468261719",GYSYNTSSSGSSMNMDYLNRTSYYCGNGSNSSSSVGPY,4,run4/g21/g21_4.pdb,-2.238,-0.0691509246826171,False
21,"-1.976,-0.430267333984375",GSSYSGSSSGSSMNMDYLNRTSYYSFNSSNSSSGVGPT,4,run4/g21/g21_7.pdb,-1.976,-0.430267333984375,False
21,"-1.844,-1.5383567810058594",GYSYSSSSSGSSMNMGYLNSTGYGCGNGSNSSSGVGPT,4,run4/g21/g21_16.pdb,-1.844,-1.5383567810058594,False
21,"-2.109,-0.14908981323242188",SYSSSTSSSSGSMNMDYLNRTGSECFNGSNFSSGVGPT,15,run15/g21/g21_18.pdb,-2.109,-0.1490898132324218,False
21,"-2.405,0.18022918701171875",GYSYNGSVSGGSMNMGYLNRSSSGCFNSSNFSSGVGPT,8,run8/g21/g21_5.pdb,-2.405,0.1802291870117187,False
21,"-2.362,-0.7362174987792969",GYSYNTSVSGSSMNMSYLSSTGYGCFNYSSFSSGVSST,3,run3/g21/g21_24.pdb,-2.362,-0.7362174987792969,False
21,"-1.965,-0.7744560241699219",SYGYNGSVSGGGMNMGYLNRTSYGCFNGSNFSSGVSPT,3,run3/g21/g21_22.pdb,-1.965,-0.7744560241699219,False
21,"-2.327,0.040065765380859375",GSSYNTSVSGSSMNMDYLNRSSYYCFSGSNFSSGVSPT,3,run3/g21/g21_21.pdb,-2.327,0.0400657653808593,False
21,"-2.584,-0.24617385864257812",GYSYNSSVSGSSMNMSYLNSTGYGCFNGSSFSSGVSGT,3,run3/g21/g21_17.pdb,-2.584,-0.2461738586425781,False
21,"-2.22,0.2583465576171875",GYSYSGSVSGGSMNMDYLNRSGYGCYNGGNFSSGVSPG,3,run3/g21/g21_4.pdb,-2.22,0.2583465576171875,False
21,"-2.109,0.1649627685546875",GYGYNGSVSGGGMNMGYLNRTGYGCFNGSNFSSNVSPT,3,run3/g21/g21_12.pdb,-2.109,0.1649627685546875,False
21,"-1.705,0.3546791076660156",GYSYNTSSSGGSMNMDYLNSSSYESFNGSNFSSGVGPT,8,run8/g21/g21_19.pdb,-1.705,0.3546791076660156,False
21,"-2.531,0.9468612670898438",GYSYNTSVSGSSMNMSYLNSTGYGSFNYSSFSSGVSST,3,run3/g21/g21_3.pdb,-2.531,0.9468612670898438,False
21,"-2.102,-0.9112014770507812",SYSYNGSVGGGSMNMGYLNSTSYYSFSGSNFSSGVGPT,8,run8/g21/g21_22.pdb,-2.102,-0.9112014770507812,False
21,"-1.894,0.053050994873046875",GYSSNGSSSGGGMNMSYLSRSSYECFNGSSFSSGVGPT,8,run8/g21/g21_15.pdb,-1.894,0.0530509948730468,False
21,"-2.242,-1.1514663696289062",GSSYNGSSSGGSMNMSYLNRTSYGGFSGSNFSSSVSSG,8,run8/g21/g21_24.pdb,-2.242,-1.1514663696289062,False
21,"-2.197,-0.5401878356933594",GYSYSTSVSGGSMNMDYLSRSSYESFNGSNFSSSVGPT,8,run8/g21/g21_12.pdb,-2.197,-0.5401878356933594,False
21,"-2.254,-0.7764739990234375",GYSYNGSSSGGSMNMGYLNRTGYGGFSGSNFSSSVSSG,8,run8/g21/g21_11.pdb,-2.254,-0.7764739990234375,False
21,"-1.943,-1.0687484741210938",GYSYGGSVSGGSMNMSYLNRSGYGCYNGSNFSSGVSPG,3,run3/g21/g21_2.pdb,-1.943,-1.0687484741210938,False
21,"-2.151,-0.5952682495117188",GYSYNGSSSGGSMNMDYLNSTGSGGFSTSNFSSSVSPT,8,run8/g21/g21_14.pdb,-2.151,-0.5952682495117188,False
22,"-2.096,-0.0044097900390625",GSSYNTSVSGGSMNMDYLNRSSSECFNSSNFSSSVGPG,5,run5/g22/g22_10.pdb,-2.096,-0.0044097900390625,False
22,"-2.402,0.270843505859375",GYSYNTSSSSGSMSMSYLGRTSSYGFNGSNFSSSVGSY,5,run5/g22/g22_1.pdb,-2.402,0.270843505859375,False
22,"-2.372,-0.06652450561523438",GSSYNGGVSGGSMNMSYLNRSSSECFNGSNFSSGVGPT,5,run5/g22/g22_3.pdb,-2.372,-0.0665245056152343,False
22,"-2.156,-0.4565162658691406",GSSYNTSVSGGSMNMDYLSRSSSECFNGSNFSSSVGPT,5,run5/g22/g22_8.pdb,-2.156,-0.4565162658691406,False
22,"-2.405,1.0987377166748047",SYSSNTSVSGSSMNMSYLNRSSYESFNGSNFSSGVGPT,13,run13/g22/g22_24.pdb,-2.405,1.098737716674805,False
22,"-1.945,-0.16632461547851562",GYSYNTSVSGGSMNMDYLGGTGYECFSGSNFSSGVGPT,13,run13/g22/g22_3.pdb,-1.945,-0.1663246154785156,False
22,"-2.297,-0.005340576171875",SYSYNTSVSGSSMNMDYLNSTGYESFSSSNFSGSVGPG,13,run13/g22/g22_6.pdb,-2.297,-0.005340576171875,False
22,"-2.616,-0.3527412414550781",GNSSNTSSSGSSMNMSYLNSSSYESFNSSNFSSGSGPT,13,run13/g22/g22_8.pdb,-2.616,-0.3527412414550781,False
22,"-1.957,-0.10459136962890625",SSSYNTSSSGGSMNMDYLSRTGYECFNGSNFSSGVGPT,13,run13/g22/g22_10.pdb,-1.957,-0.1045913696289062,False
22,"-1.876,-1.3549728393554688",SSSSNSSVSGSGMNMSYLNRSGYGGFNGSNFSSSVGPG,13,run13/g22/g22_17.pdb,-1.876,-1.3549728393554688,False
22,"-2.71,-0.5452518463134766",SYSYNSSVSGSSMNMSYLNSTGYECFNGSNFSGGVGPT,13,run13/g22/g22_20.pdb,-2.71,-0.5452518463134766,False
22,"-1.662,-0.6130180358886719",SYSYNSSSGSGSMSMSYLSRTGSECFNGSNFSSGVGPT,13,run13/g22/g22_21.pdb,-1.662,-0.6130180358886719,False
22,"-2.469,0.18587684631347656",GSSYNTSSSGGSMNMGYLNSTGSGCFSSSNFSSGVGPT,12,run12/g22/g22_16.pdb,-2.469,0.1858768463134765,False
22,"-2.082,-0.6904277801513672",GYSYSGGVSGGSMNMGYLNGSSYECFGGSSFSSGVGPT,15,run15/g22/g22_11.pdb,-2.082,-0.6904277801513672,False
22,"-2.347,-0.24431228637695312",SYSSSTGSSGGSMNMDYLNRTGSECFSSSNFSSSVGPT,15,run15/g22/g22_9.pdb,-2.347,-0.2443122863769531,False
22,"-1.833,0.3984088897705078",GYSSGGSVSGGGMNMSYLNRTGYGCFNSSNFSSGVGPG,15,run15/g22/g22_1.pdb,-1.833,0.3984088897705078,False
22,"-1.949,-0.9530601501464844",SYSYNTSVSGGSMSMGYLNRGSSGSGNGSNFSSGVGPT,2,run2/g22/g22_13.pdb,-1.949,-0.9530601501464844,False
22,"-2.107,-0.4065876007080078",SYSSNTSVSGGSMNMGYLGSGSYGSGNGSNFGSGVGPT,2,run2/g22/g22_14.pdb,-2.107,-0.4065876007080078,False
22,"-2.409,0.6732826232910156",GGSYNGSSSGGGMNMDYLNRSSYNCFNSSNFYSSVSPT,2,run2/g22/g22_15.pdb,-2.409,0.6732826232910156,False
22,"-2.133,0.4018592834472656",SYSSNTSVSGSSMNMDYLNRTSTGTFSTSNFSSSSSPG,15,run15/g22/g22_15.pdb,-2.133,0.4018592834472656,False
22,"-2.031,0.23870372772216797",GYSSNGSSSGGSMNMDYLNSSSYGSFNGSNFSSGVGPT,15,run15/g22/g22_17.pdb,-2.031,0.2387037277221679,False
22,"-2.326,0.49088191986083984",GYSYNTSSSGGSMNGGYLNSTSGGSFNGSNFSSGVGPG,12,run12/g22/g22_13.pdb,-2.326,0.4908819198608398,False
22,"-1.615,0.5190868377685547",GYSYNTSVSGGSYNMGYLNRTYYYCFNCSNFSSGVGPT,12,run12/g22/g22_8.pdb,-1.615,0.5190868377685547,False
22,"-2.477,0.26241493225097656",GYSYNSSVGGGGMGMGYLNRTGYYCYNGSNFSSSVGPT,12,run12/g22/g22_6.pdb,-2.477,0.2624149322509765,False
22,"-2.57,-0.4923229217529297",GSSYNTSSSGGSMNMGYLGSTGYGCFSSSNFSSGVGPT,12,run12/g22/g22_3.pdb,-2.57,-0.4923229217529297,False
22,"-1.984,-0.3780174255371094",GYSYNGSSSGGSMNMDYLNSTSGGGFNGSNFSSSVGPG,12,run12/g22/g22_18.pdb,-1.984,-0.3780174255371094,False
22,"-2.424,-0.505035400390625",SYSSSTSSSGGSMSMDYLNRTGSECFNSSNFSSSVGPT,15,run15/g22/g22_24.pdb,-2.424,-0.505035400390625,False
22,"-2.118,-0.16527748107910156",SYSSSSSSSGGSMNMDYLNRTGSECFNSSNFSSGSGPT,15,run15/g22/g22_21.pdb,-2.118,-0.1652774810791015,False
22,"-2.131,0.3187389373779297",SYSSSSSSSSGSMNMDYLNRTGSECFNGSNFSSGVGPT,15,run15/g22/g22_18.pdb,-2.131,0.3187389373779297,False
22,"-2.124,1.3383121490478516",GYSYNGSVSGGSMNMDYLNRTSYGSFNGGNSYSGVGPT,2,run2/g22/g22_17.pdb,-2.124,1.3383121490478516,False
22,"-2.426,-0.2394561767578125",GYSYGGSVSGGGMNMGYLNRTSYGCFNGGNSYSGVGPT,2,run2/g22/g22_19.pdb,-2.426,-0.2394561767578125,False
22,"-2.014,0.3936595916748047",GYSYNTSSSGGSMSMDYLNSTGSECFNGSNFSSGVGPT,16,run16/g22/g22_5.pdb,-2.014,0.3936595916748047,False
22,"-2.094,0.24732398986816406",GYSYNTGVSGSSMNMDYLNRSSYYSFNGSNFSSGVGPT,16,run16/g22/g22_4.pdb,-2.094,0.247323989868164,False
22,"-2.335,-0.2090167999267578",GYSSNTSVSGGGMNMSYLNRSGYESFSSSNFSSGVGPG,16,run16/g22/g22_19.pdb,-2.335,-0.2090167999267578,False
22,"-2.09,-0.7440557479858398",GYSYNTSSSGGSMSMDYLNRTSYGGFNGSNFSSSVGST,16,run16/g22/g22_22.pdb,-2.09,-0.7440557479858398,False
22,"-2.47,-0.79498291015625",GYSYSTSVSGGSMNMGYLNRTGYGSFNGSNFSSGVGPT,16,run16/g22/g22_24.pdb,-2.47,-0.79498291015625,False
22,"-2.108,0.3386363983154297",GYSSGTSVSGSSMNMSYLNSTGYGCFNGSNFSSSGGPG,5,run5/g22/g22_23.pdb,-2.108,0.3386363983154297,False
22,"-2.441,0.20814895629882812",GSSYNTSVSGGGMSMDYLNRSSSECGNGSNFSSSVGPT,5,run5/g22/g22_21.pdb,-2.441,0.2081489562988281,False
22,"-2.219,-0.1171417236328125",GSSSNGSVSGSSMNMDYLNRTSYGSGNGSNFSGGVGPT,5,run5/g22/g22_20.pdb,-2.219,-0.1171417236328125,False
22,"-2.068,0.43274402618408203",GYSSNTSVSGSSMNMDYLNSSSYGSFNGSNFSSGVSPT,5,run5/g22/g22_19.pdb,-2.068,0.432744026184082,False
22,"-2.231,-0.07911491394042969",GSSYNTSSSGGSMNMDYLNRSSSECFSGSNFSSGVGPT,5,run5/g22/g22_17.pdb,-2.231,-0.0791149139404296,False
22,"-2.441,0.9812850952148438",GGSSNGSSSGSGMNMDYLNRSSYGTFNTSNFYSSVSPT,2,run2/g22/g22_21.pdb,-2.441,0.9812850952148438,False
22,"-2.3,0.47130775451660156",SYGYSTSGSGSSYNMDYLNRTGYGSGSGSNFSSSVGPT,11,run11/g22/g22_21.pdb,-2.3,0.4713077545166015,False
22,"-2.245,-0.0024890899658203125",YSSYNGSSSGGSMNMDYLNRTSYGGFNSSNFSSSVGPT,11,run11/g22/g22_18.pdb,-2.245,-0.0024890899658203,False
22,"-2.109,-0.3199043273925781",GYSYSTSSSGGSMNMDYLNRTSYGGFNSSNFSSSVGST,16,run16/g22/g22_2.pdb,-2.109,-0.3199043273925781,False
22,"-1.896,-0.6229362487792969",SYSYNTSVSGGSMNMSYLNRSSYYSFNGSNFSSSVGPG,11,run11/g22/g22_13.pdb,-1.896,-0.6229362487792969,False
22,"-1.865,-0.9188156127929688",SYSYNTSVSGGGMNMGYLNRSGYGSFNGSNFSSGVSPT,11,run11/g22/g22_3.pdb,-1.865,-0.9188156127929688,False
22,"-1.238,0.4666786193847656",SYSYNTSVSGGSMNMDYLNRSGSGSFSGSNFSSSVGPT,11,run11/g22/g22_23.pdb,-1.238,0.4666786193847656,False
22,"-1.852,-0.5495586395263672",GYSYSTSVSGGSMNMGYLSSTGYGCFNSSNFSSSVGPT,7,run7/g22/g22_4.pdb,-1.852,-0.5495586395263672,False
22,"-1.998,-0.16769027709960938",GYSYNSSVSGGSMNGGYLSRTGYESFSGSSFSSGVGPG,7,run7/g22/g22_3.pdb,-1.998,-0.1676902770996093,False
22,"-2.491,0.09631156921386719",GYSYNTSSSGSSMNMSYLNSTGYGCFGGSSFSSGSSST,3,run3/g22/g22_4.pdb,-2.491,0.0963115692138671,False
22,"-2.474,0.0465240478515625",GSSYSTSVSGSSMNMDYLNRSSYYCFSGSNFSSGVSPT,3,run3/g22/g22_10.pdb,-2.474,0.0465240478515625,False
22,"-2.053,0.1774272918701172",GYSSGTSVSGGSMNMDYLNRTSYGCFNGSSFSSGVSPT,3,run3/g22/g22_11.pdb,-2.053,0.1774272918701172,False
22,"-1.96,0.24458885192871094",GYSYSGSVSGGSMNMDYLNGSGYGCYNGSNFSSGVSPG,3,run3/g22/g22_12.pdb,-1.96,0.2445888519287109,False
22,"-1.676,-0.1815185546875",GYSSNTSSSGGSMNMDYLNRTGYGCFSSSNFSSSVSST,3,run3/g22/g22_15.pdb,-1.676,-0.1815185546875,False
22,"-2.294,0.17053604125976562",GGSYNTGVSGGSMGGGYLSRTGYECFNGSNFSSGVGPG,7,run7/g22/g22_7.pdb,-2.294,0.1705360412597656,False
22,"-2.651,-1.0148544311523438",GSSSNTSVSGGGMSMSYLNSSSYEGFNSSNFSSSVGPT,7,run7/g22/g22_8.pdb,-2.651,-1.0148544311523438,False
22,"-2.428,-0.6261119842529297",GYSYSSSVSGGSMNMGYLNRTGYESFNGSNFSSGVGPT,7,run7/g22/g22_9.pdb,-2.428,-0.6261119842529297,False
22,"-2.532,-0.2265186309814453",GSSSNTSVSGGGMNMSYLNSSSYEGSNSSNFSSSVGPT,7,run7/g22/g22_10.pdb,-2.532,-0.2265186309814453,False
22,"-1.763,-0.15636825561523438",GYSYNGSSSGGSMNMDYLNRTSYGCYNGGNFSSSVSPT,10,run10/g22/g22_17.pdb,-1.763,-0.1563682556152343,False
22,"-2.233,-0.3769073486328125",SYGYNTSVSGSSMSMDYLNRTGSESGNGSNFSSGVGPT,10,run10/g22/g22_20.pdb,-2.233,-0.3769073486328125,False
22,"-1.568,-0.5336437225341797",SYSYNSSVSGGSMSMDYLNRTGYGSFNGGNFSSGVGPT,10,run10/g22/g22_21.pdb,-1.568,-0.5336437225341797,False
22,"-2.163,-0.15716934204101562",GYSYNTSSSGGSMNMDYLNRTSYGCYSSSNSYSSVGPT,7,run7/g22/g22_24.pdb,-2.163,-0.1571693420410156,False
22,"-2.222,-0.2013683319091797",GGSYNTGVSGGSMGGDYLSRTGYECFGSSNFSSGVGPG,7,run7/g22/g22_11.pdb,-2.222,-0.2013683319091797,False
22,"-2.239,0.11708641052246094",GYSYNTSVSGGSMSMDYLNSTGYECFNGSNFSSSVGPT,7,run7/g22/g22_22.pdb,-2.239,0.1170864105224609,False
22,"-2.08,-0.032741546630859375",GYGYNGSVSGGGMGMGYLNRTGYGCFNGSNFSSGVSPT,3,run3/g22/g22_17.pdb,-2.08,-0.0327415466308593,False
22,"-2.055,-0.36783409118652344",GYSSNTSVSGGSMSMDYLNRTSYGCFNGSSFSSGVSPT,3,run3/g22/g22_18.pdb,-2.055,-0.3678340911865234,False
22,"-2.262,0.24598121643066406",GSSYNTSVSGSSMNMDYLNRSGYYCFNGSNFSSGVSPT,3,run3/g22/g22_19.pdb,-2.262,0.245981216430664,False
22,"-2.146,1.0119400024414062",GSSGNTSVSGGSMSMDYLGRTGYESGGSSNFSSGVGPT,1,run1/g22/g22_0.pdb,-2.146,1.0119400024414062,False
22,"-2.385,1.731607437133789",SSSYNGSVSGGSMNMGYLSSSSYESFNGGSFSSGGGPT,6,run6/g22/g22_0.pdb,-2.385,1.731607437133789,False
22,"-2.313,-1.0353279113769531",GYSYNGSSSGGSMNMSYLNRTSYGSFNSSNFSSSVGPG,6,run6/g22/g22_1.pdb,-2.313,-1.0353279113769531,False
22,"-2.035,0.8484153747558594",GYSYNGSVSGGGMGMGYLNGSSYGCFNGGNFSSGVGPT,6,run6/g22/g22_4.pdb,-2.035,0.8484153747558594,False
22,"-2.001,-0.20633316040039062",GYSYGTSSSGGSMNMDYLNRTSYGCYNSSNSYSSVGPG,6,run6/g22/g22_5.pdb,-2.001,-0.2063331604003906,False
22,"-2.082,0.03483009338378906",GYSYNGSVGGGSMNMDYLNRTSYGSFNSSNFSSSVGPG,6,run6/g22/g22_7.pdb,-2.082,0.034830093383789,False
22,"-2.086,0.4551887512207031",GYSYNGSVSGGGMNMGYLNRSSYGCFNGSNFSSSVSPT,6,run6/g22/g22_15.pdb,-2.086,0.4551887512207031,False
22,"-2.344,0.8250160217285156",GYSYNGSVSGSSMNMSYLNRSSYYGFNGSNFSSSSGST,1,run1/g22/g22_21.pdb,-2.344,0.8250160217285156,False
22,"-2.373,0.7996692657470703",GYSSNTSVSSSSMNMSYLNRTGYGSFNGSNFSSGSSPT,1,run1/g22/g22_20.pdb,-2.373,0.7996692657470703,False
22,"-2.298,0.30464744567871094",GYSGNTSSSGGSMNMGYLGRTGYESGNGSNFSSGVSPT,1,run1/g22/g22_4.pdb,-2.298,0.3046474456787109,False
22,"-2.311,-0.13759994506835938",GSGGNTSVSGGSMSMDYLGRTGYECGGSSNFGSGVGPT,1,run1/g22/g22_10.pdb,-2.311,-0.1375999450683593,False
22,"-2.426,-0.3055706024169922",GYSYNGSVSGGGMSMSYLNRSSYYCSGGSNFSSSVGPY,1,run1/g22/g22_9.pdb,-2.426,-0.3055706024169922,False
22,"-1.694,0.6227712631225586",GYSYNSSVSGGSMNMDYLNRTGYGSFNGGNFSSGVGGT,10,run10/g22/g22_11.pdb,-1.694,0.6227712631225586,False
22,"-1.601,0.3385143280029297",GYSYNTSVSGGSMNMDYLNRSSSECFNSSNFSSGVSPT,4,run4/g22/g22_8.pdb,-1.601,0.3385143280029297,False
22,"-1.796,-0.3955879211425781",GSSYSGSSSGSSMNMGYLNRTSYGSFNSSNSSSGVGPT,4,run4/g22/g22_6.pdb,-1.796,-0.3955879211425781,False
22,"-2.223,-0.696441650390625",GYSYSTSVSGGSMNMGYLNSTGYECFNGSNFSSGVGPT,4,run4/g22/g22_2.pdb,-2.223,-0.696441650390625,False
22,"-2.107,-0.0376739501953125",SYSYNTSSSGSSMNMDYLNSTSYGCGNGSNSSSSVGPY,4,run4/g22/g22_1.pdb,-2.107,-0.0376739501953125,False
22,"-2.418,0.7447681427001953",GYSYNGSVSGGSMNMGYLNRSSSGCFNGSNFSSGVSPT,8,run8/g22/g22_24.pdb,-2.418,0.7447681427001953,False
22,"-2.502,-0.6956882476806641",GGSGNTSVSGGSMNMGYLGRTSYGSFNGGNSYSGVGPT,9,run9/g22/g22_1.pdb,-2.502,-0.6956882476806641,False
22,"-1.933,-0.16843032836914062",GYSYSSSSSGSSMNMGYLNSTYYYSFNGSNSSSGVGPT,4,run4/g22/g22_5.pdb,-1.933,-0.1684303283691406,False
22,"-2.44,0.2686805725097656",GGSGNTGGSGGGMNMDYLNRTSYGSFNGGNSYSGVGPT,9,run9/g22/g22_2.pdb,-2.44,0.2686805725097656,False
22,"-2.291,0.5881576538085938",GSSYNTSSSGSSYSMSYLNSSSYGCFNGSNFSSSVGPT,14,run14/g22/g22_2.pdb,-2.291,0.5881576538085938,False
22,"-1.908,-0.5890235900878906",GYSYNGSGSGGSMSMGYLNRTSYGSFNGGNFSSGVGPT,14,run14/g22/g22_3.pdb,-1.908,-0.5890235900878906,False
22,"-2.176,-0.4564971923828125",GSSYNGSSSGSSYSMDYLGRSSYGCFNGSNFSSSVGPG,14,run14/g22/g22_5.pdb,-2.176,-0.4564971923828125,False
22,"-2.494,-0.7298603057861328",GYGGNTSVSGSSYSMDYLGRTSYGSFNSSNSYSGVGPT,14,run14/g22/g22_9.pdb,-2.494,-0.7298603057861328,False
22,"-1.754,0.2447662353515625",GYSYSTSVSGSSMGMDYLNRSSYGSFSGSNFSGSVGPT,14,run14/g22/g22_13.pdb,-1.754,0.2447662353515625,False
22,"-2.378,-2.141965866088867",GYGGNGSVSGSSYNMSYLGRTSYGSFNGSNSYSGVGPT,14,run14/g22/g22_18.pdb,-2.378,-2.141965866088867,False
22,"-1.965,-0.010868072509765625",SSSSYTSVSGSSYNMDYLNRTSYGSFNGSNFSSGVSPT,14,run14/g22/g22_24.pdb,-1.965,-0.0108680725097656,False
22,"-2.288,-0.1788482666015625",SGSGSTSSGGGSMNMSYLNGTSSGSFNGSNSYSSVGPT,9,run9/g22/g22_5.pdb,-2.288,-0.1788482666015625,False
22,"-1.552,0.015996932983398438",GYSSNGSVSGGSMNMDYLNRSSYESFNGSNFSSGVGPT,8,run8/g22/g22_11.pdb,-1.552,0.0159969329833984,False
22,"-1.763,0.8355236053466797",GYSYNTSSSGGSMNMDYLNSSSYGSFNGSNFSSGVGPT,8,run8/g22/g22_5.pdb,-1.763,0.8355236053466797,False
22,"-2.177,0.7840003967285156",SYSYNGSVGGGSMNMGYLNSTSYYSFNGSNFSSSVGPT,8,run8/g22/g22_14.pdb,-2.177,0.7840003967285156,False
22,"-2.323,0.06018829345703125",SYSYNGSVSGGSMNMGYLNRSSSGCFNGSSFSSGVGPT,8,run8/g22/g22_2.pdb,-2.323,0.0601882934570312,False
22,"-1.913,-0.9018115997314453",GYSYNSSVSGGSMNMGYLNRTGYGSFNGGNFSSGVGPT,10,run10/g22/g22_1.pdb,-1.913,-0.9018115997314452,False
22,"-1.43,-0.6584663391113281",GYSYNGSVSGGSMNMDYLNRTGYGSFNGGNSSSGVGPT,10,run10/g22/g22_5.pdb,-1.43,-0.6584663391113281,False
22,"-2.404,-0.12027931213378906",SSSYNTSSSGGSMSMGYLNSTSSYGFSGSNFSSSVGPG,10,run10/g22/g22_7.pdb,-2.404,-0.120279312133789,False
22,"-2.245,-0.6443977355957031",GYSYSTSVSGGSMNMGYLNRSSYESFNGSNFSSSVGPT,8,run8/g22/g22_1.pdb,-2.245,-0.6443977355957031,False
22,"-2.39,-0.13962745666503906",GYSSNGSVSGGSMNMGYLNRSSYGSYNGGNFSSGVSPS,8,run8/g22/g22_17.pdb,-2.39,-0.139627456665039,False
22,"-2.526,-0.1343536376953125",GGSYSGSSSGGSMNMDYLNSTSYGSFNSGNSYSGVGPT,9,run9/g22/g22_10.pdb,-2.526,-0.1343536376953125,False
22,"-2.45,-0.4213829040527344",GSSYNTSSSGGSMGMSYLNRTSSGCFSGSNFSSSVGPT,9,run9/g22/g22_13.pdb,-2.45,-0.4213829040527344,False
22,"-2.642,0.04478645324707031",GGSSNGSSSGGSMNMSYLNSTSYGSFNSGNSYSGVGPT,9,run9/g22/g22_16.pdb,-2.642,0.0447864532470703,False
22,"-1.925,-0.605072021484375",GYSSNGSVSGGGMNMSYLSRSSYECFGGSSFSSGVGPT,8,run8/g22/g22_16.pdb,-1.925,-0.605072021484375,False
22,"-2.535,0.5300140380859375",GGSYSTSSSGGSMGMDYLNRTSSGSFSGSSFSSSSGPT,9,run9/g22/g22_17.pdb,-2.535,0.5300140380859375,False
22,"-2.418,0.3333253860473633",GYSYNGSSSGGSMNMDYLNSTSYGSFNSGNSYSGVGPT,9,run9/g22/g22_20.pdb,-2.418,0.3333253860473633,False
22,"-2.176,1.328023910522461",GSSYNGSSSGGSMSMSYLSSTSYGSFNGSNSYSGVGPT,9,run9/g22/g22_22.pdb,-2.176,1.328023910522461,False
22,"-2.124,0.04194068908691406",GYSYNTSVSGSSMNMDYLSSTSYGSFGGSNSYSGVGPT,9,run9/g22/g22_24.pdb,-2.124,0.041940689086914,False
22,"-1.989,0.5155601501464844",GYSYSTSSSGSGMNMDYLNSSSYGSFSGSNFSSSVGPT,14,run14/g22/g22_11.pdb,-1.989,0.5155601501464844,False
23,"-2.378,-0.17296218872070312",SYSSGLSSSGGSMNMDYLNRTGYECFNGSNFSSGSGPT,15,run15/g23/g23_1.pdb,-2.378,-0.1729621887207031,False
23,"-1.749,0.09568405151367188",GYSYNGSVSGGSMNMDYLNGSGSGCFNGSNFSSGVSPT,15,run15/g23/g23_12.pdb,-1.749,0.0956840515136718,False
23,"-2.746,0.2792797088623047",GSSSNTSVSGGSMNMSYLNRSSYGGFNSSNFSSSVGPT,7,run7/g23/g23_24.pdb,-2.746,0.2792797088623047,True
23,"-2.291,0.2921791076660156",GYSYSTSVSGSSMNMGYLNRTGYGCFNSSNFSSSVGPT,7,run7/g23/g23_23.pdb,-2.291,0.2921791076660156,False
23,"-2.049,-0.22133827209472656",GYSYNSSSSGSSMNMSYLNSTGYYCFSSSNSSSGVGPT,4,run4/g23/g23_23.pdb,-2.049,-0.2213382720947265,False
23,"-2.234,-0.109130859375",SYSSSTSSSGGSMNMGYLNRTGYECFNGSNFSSGVGPT,15,run15/g23/g23_21.pdb,-2.234,-0.109130859375,False
23,"-1.837,0.24608802795410156",SYSSNSSSSGSSMNMDYLNRSGYGGFNGSNFSSSVGPG,13,run13/g23/g23_1.pdb,-1.837,0.2460880279541015,False
23,"-2.59,0.16646957397460938",GYSYNTSVSGGSMNMGYLGRTGYYCFNSSNFSSGVGPT,13,run13/g23/g23_20.pdb,-2.59,0.1664695739746093,False
23,"-2.52,0.08663558959960938",GSSYNTSSSGGSMNMDYLNRSSSECFSGSNFSSSVGPT,5,run5/g23/g23_1.pdb,-2.52,0.0866355895996093,False
23,"-2.396,-0.02069854736328125",GYSSNTSSSGSSMNMSYLNSSSYESGNSSNFSSGVGPG,13,run13/g23/g23_17.pdb,-2.396,-0.0206985473632812,False
23,"-1.717,-0.5676174163818359",SYSYNSSSGSGSMSMSYLSRTGSECFNGSNFGSGVGPT,13,run13/g23/g23_15.pdb,-1.717,-0.5676174163818359,False
23,"-1.965,0.3492698669433594",GYSYNTSVSGGSMNMDYLGGTGYECFSGSNFSSGVSPT,13,run13/g23/g23_13.pdb,-1.965,0.3492698669433594,False
23,"-2.463,-0.4017219543457031",GYSYNTSVSGGSMSMGYLGRTGYYCFNGSNFSSGVGPT,13,run13/g23/g23_8.pdb,-2.463,-0.4017219543457031,False
23,"-2.265,-0.03863334655761719",SYSYNTSVSGSSMNMDYLNSTGYEGFSGSNFSGSVGPG,13,run13/g23/g23_7.pdb,-2.265,-0.0386333465576171,False
23,"-2.493,0.023456573486328125",GYSYSSSSSGGSMSMDYLNRTGYECFSSSNFSSSVGPT,13,run13/g23/g23_5.pdb,-2.493,0.0234565734863281,False
23,"-2.411,-0.3489418029785156",GYSSNGSSSGSSMNMSYLNSSSYESFNSSNFSSGVGPT,13,run13/g23/g23_18.pdb,-2.411,-0.3489418029785156,False
23,"-2.243,0.20486068725585938",GSSYNTSVSGGGMNMDYLNRSSSECFNGSNFSSSVGPT,5,run5/g23/g23_3.pdb,-2.243,0.2048606872558593,False
23,"-1.749,-0.8885707855224609",GYSSNTSVSGGSMNMSYLNRTSYGGFNSSNFSSSVGPT,11,run11/g23/g23_9.pdb,-1.749,-0.8885707855224609,False
23,"-1.861,-0.4679756164550781",GSSYNTSVSGGSMNMDYLSRTSYGGFNSSNFSSSVSPT,11,run11/g23/g23_6.pdb,-1.861,-0.4679756164550781,False
23,"-1.847,-0.8215370178222656",SYSYNTSVSGGSMNMSYLSRSSYYSFNGSNFSSSVGPG,11,run11/g23/g23_11.pdb,-1.847,-0.8215370178222656,False
23,"-1.814,0.09687614440917969",GSSYNTSSSGGSMSMDYLNRTGYECFNGSNFSSSVGPT,16,run16/g23/g23_6.pdb,-1.814,0.0968761444091796,False
23,"-2.548,0.4613685607910156",GYSYSTSGSGGSMNMGYLNRTGYGSFNGSNFSSGVGPT,16,run16/g23/g23_7.pdb,-2.548,0.4613685607910156,False
23,"-2.567,-0.5319595336914062",GYSYSSSVSGGSMNMGYLNRTGSESFSGSNFSSGVGPT,16,run16/g23/g23_14.pdb,-2.567,-0.5319595336914062,False
23,"-2.012,0.11246871948242188",GYSYNTGVSGGSMNMDYLNRSSYYSFNGSNFSSGVGPT,16,run16/g23/g23_17.pdb,-2.012,0.1124687194824218,False
23,"-2.241,-0.29267120361328125",SSSSNGSVSGSSMNMDYLNRTSYGSGNGSNFSGGVGPT,5,run5/g23/g23_5.pdb,-2.241,-0.2926712036132812,False
23,"-2.224,-0.17892074584960938",GGSSNTSVSGSSMNMDYLNSSSYGSFNGSNFSSGVGPG,5,run5/g23/g23_7.pdb,-2.224,-0.1789207458496093,False
23,"-2.42,-0.1875152587890625",GSSYNTSVSGGGMSMDYLNRSSSECSNGSNFSSSVGPT,5,run5/g23/g23_13.pdb,-2.42,-0.1875152587890625,False
23,"-2.465,-0.4481315612792969",GSSYNGGVSGGSMNMSYLGRSSSECFNGSNFSSGVGPT,5,run5/g23/g23_24.pdb,-2.465,-0.4481315612792969,False
23,"-1.29,-0.05315208435058594",SYSYNTSVSGGSMNMDYLNRSGSGGFSGSNFSSSVGPT,11,run11/g23/g23_21.pdb,-1.29,-0.0531520843505859,False
23,"-1.678,-0.3794689178466797",GYSYNTSVSGGSMGMDYLNRTSYGGFSSSNFSSSVGPT,11,run11/g23/g23_19.pdb,-1.678,-0.3794689178466797,False
23,"-1.523,-0.23705577850341797",GYSYNGSVSGGSMNMDYLNRTSYGGFNSSNFSSSVGPT,11,run11/g23/g23_17.pdb,-1.523,-0.2370557785034179,False
23,"-2.278,-0.09493637084960938",GSSSNGSVSGSSMNMDYLNRTSSGSFSGSNFSSGVGPT,5,run5/g23/g23_20.pdb,-2.278,-0.0949363708496093,False
23,"-2.562,0.0647430419921875",GSSSNTSSSGGSMNMSYLNRSSYEGFNSSNFSSSVGPT,7,run7/g23/g23_12.pdb,-2.562,0.0647430419921875,False
23,"-2.358,-0.2888221740722656",GYSYNTSSSGGSMNMGYLNRTGYESFNGSNFSSGVGPT,7,run7/g23/g23_10.pdb,-2.358,-0.2888221740722656,False
23,"-2.25,-0.050319671630859375",GYSYNSSVSGGSMSMDYLNSTGYECFNGSNFSSSVGPT,7,run7/g23/g23_4.pdb,-2.25,-0.0503196716308593,False
23,"-1.731,0.23212623596191406",GYSYNTSSSGGGMNMDYLNSSSYESFNGSNFSSGVGPT,8,run8/g23/g23_3.pdb,-1.731,0.232126235961914,False
23,"-1.947,-0.443084716796875",SYSSNGSVSGSGMNMSYLNRSSYECFNSSSFSSGVGPT,8,run8/g23/g23_7.pdb,-1.947,-0.443084716796875,False
23,"-2.044,0.22475814819335938",SYSYNGSVGGGSMNMGYLNSTSYYSGSGSNFSSGVGPT,8,run8/g23/g23_8.pdb,-2.044,0.2247581481933593,False
23,"-2.247,-0.44758033752441406",GYSYNGSSGGGSMNMGYLNRTGYGGFSGSNFSSSVSSG,8,run8/g23/g23_9.pdb,-2.247,-0.447580337524414,False
23,"-2.035,0.21065425872802734",GYSYNTSSSGGSMNMDYLNSSSYGSFNGSNFSSSVGPT,8,run8/g23/g23_12.pdb,-2.035,0.2106542587280273,False
23,"-2.189,0.23514175415039062",SYSYNGSVGGGSMNMGYLNSTSYYSFNGSSFSSSVGPT,8,run8/g23/g23_15.pdb,-2.189,0.2351417541503906,False
23,"-2.442,1.5453338623046875",GYSYNGSVSGGSMNMGYLNRSSSGSFNGSNFSSGVGPT,8,run8/g23/g23_2.pdb,-2.442,1.5453338623046875,False
23,"-2.446,-0.07292938232421875",GGSGNTGGSGGGMNMDYLNRTSYGSFNGGNSYSGVGPS,9,run9/g23/g23_16.pdb,-2.446,-0.0729293823242187,False
23,"-2.437,0.25847625732421875",GGSYSTSSSGGSMGMDYLNRTSSGSFSGSNFSSGVGPT,9,run9/g23/g23_14.pdb,-2.437,0.2584762573242187,False
23,"-2.526,0.5828018188476562",GGSGNTSVSGGGMNMGYLGRTSYGSFNGGNSYSGVGPT,9,run9/g23/g23_8.pdb,-2.526,0.5828018188476562,False
23,"-2.265,-0.17857933044433594",GYGSNTSSSGGSMSMDYLNRTSSGSFSGSNFSSGVGPT,9,run9/g23/g23_3.pdb,-2.265,-0.1785793304443359,False
23,"-2.529,0.4267406463623047",GGSSSTSSSGGSMGMDYLNRTSSGSFSGSSFSSSSGPT,9,run9/g23/g23_1.pdb,-2.529,0.4267406463623047,False
23,"-2.271,-0.5758380889892578",SYSYNTSVSGSSMGMDYLNSTGYESFSSSNFSGSVGPG,13,run13/g23/g23_22.pdb,-2.271,-0.5758380889892578,False
23,"-1.675,-0.21466827392578125",SYSGNSSVSGSSMNMDYLNRSGYGCFSGSNFSSSVGPG,13,run13/g23/g23_24.pdb,-1.675,-0.2146682739257812,False
23,"-2.251,-0.8181781768798828",GYSYNTSSSGGSMNMDYLSRTSYGCYSSSNSYSSVGPT,7,run7/g23/g23_21.pdb,-2.251,-0.8181781768798828,False
23,"-2.265,-0.7855243682861328",SYSYNSSSSGGSMSMDYLNSTGYESGNGSNFSSGVGPY,7,run7/g23/g23_19.pdb,-2.265,-0.7855243682861328,False
23,"-2.234,-0.08574295043945312",GYSYSTSVSGGSMNMDYLSRSSYESFSGSNFSSSVGPT,8,run8/g23/g23_19.pdb,-2.234,-0.0857429504394531,False
23,"-2.398,0.9790477752685547",GSSYNTSVSGSSMNMDYLNRSGYYSFNGSNFSSGVSPT,3,run3/g23/g23_8.pdb,-2.398,0.9790477752685548,False
23,"-2.069,-0.2655487060546875",SSSYNTSSSGGSMNMDYLNRSGYEGGNGSNFSSSVGPT,3,run3/g23/g23_12.pdb,-2.069,-0.2655487060546875,False
23,"-2.058,-0.3336448669433594",GYGYNGSVSGGGMNMGYLNRTGYGCFNGSNFSSGVSPG,3,run3/g23/g23_13.pdb,-2.058,-0.3336448669433594,False
23,"-2.437,0.7417621612548828",GSSYNTSVSGSSMNMDYLNRSSYYSFSGSNFSSGVSPT,3,run3/g23/g23_14.pdb,-2.437,0.7417621612548828,False
23,"-1.702,-0.6431789398193359",GSSYNTSVSGSSMNMDYLNRTGYGCFSSSNFSSGVSPT,3,run3/g23/g23_16.pdb,-1.702,-0.6431789398193359,False
23,"-1.952,0.3081073760986328",GYSYGGSVSGGSMNMDYLNGSGYGCYNGSNFSSGVSPG,3,run3/g23/g23_19.pdb,-1.952,0.3081073760986328,False
23,"-2.078,0.23741722106933594",GYSSGTSVSGGSMNMDYLNRTSYGCFSGSSFSSGVSPT,3,run3/g23/g23_22.pdb,-2.078,0.2374172210693359,False
23,"-1.621,-1.2653331756591797",GYSSNGSVSGGSMSMSYSNRTSYGCFNSSNSYSGVGPT,2,run2/g23/g23_1.pdb,-1.621,-1.2653331756591797,False
23,"-2.247,-0.224761962890625",GYSYGGSVGGGSMNMDYLNRSGYGCYNGSNFSSGVSPG,3,run3/g23/g23_5.pdb,-2.247,-0.224761962890625,False
23,"-2.531,-0.398834228515625",GYSYSGSVSGGSMGMDYLNRSGYGCYNGGNFSSGVSPG,3,run3/g23/g23_4.pdb,-2.531,-0.398834228515625,False
23,"-2.22,-0.26920127868652344",SYGYNTSVSGSSMSMDYLNRTGSESGNGSNFSSGVGPG,10,run10/g23/g23_21.pdb,-2.22,-0.2692012786865234,False
23,"-1.557,-0.11969375610351562",SYSGNSSVSGGSMNMDYLNRTGYGSFNGGNFSSGVGPT,10,run10/g23/g23_20.pdb,-1.557,-0.1196937561035156,False
23,"-2.475,0.24494171142578125",GTSYNTSVSGSSMNMDYLNRTGSESGNSSNFSSGVGPT,10,run10/g23/g23_19.pdb,-2.475,0.2449417114257812,False
23,"-1.899,-0.4802112579345703",GYSYNGSVSGGSMSMDYLNRTGYGSFNGGNFSSGVGPT,10,run10/g23/g23_16.pdb,-1.899,-0.4802112579345703,False
23,"-1.916,-0.5128021240234375",GYSYNGSGSGGSMNMDYLNRTGYGSFGGGNFSSGVGPT,10,run10/g23/g23_12.pdb,-1.916,-0.5128021240234375,False
23,"-1.874,-0.20565414428710938",GYSYNGSGGGGSMNMDYLNRTGYGSFNGGNFSSGVGPT,10,run10/g23/g23_8.pdb,-1.874,-0.2056541442871093,False
23,"-2.485,0.21430397033691406",GYSYNTSVSGGSMNMGYLNRTGYGSFNSSNFSSGVGPT,16,run16/g23/g23_20.pdb,-2.485,0.214303970336914,False
23,"-2.235,0.6954612731933594",GYSYNTSSSGSSMNMDYLNSTSYGCGNGSSSSSSVGPY,4,run4/g23/g23_12.pdb,-2.235,0.6954612731933594,False
23,"-1.716,0.06853294372558594",GYSYGTSVSGGSMNMDYLNRTSYGCFNSSNSYSSVGPG,6,run6/g23/g23_24.pdb,-1.716,0.0685329437255859,False
23,"-1.776,-0.17537879943847656",GYSYNTGVSGGSYNMGYLNRTYYYCFNGSNFSSGVGPT,12,run12/g23/g23_24.pdb,-1.776,-0.1753787994384765,False
23,"-2.373,-0.3775310516357422",GGSYNSSVGGGGMGMGYLNRTGYGCYNGSNFSSSVGPT,12,run12/g23/g23_23.pdb,-2.373,-0.3775310516357422,False
23,"-2.314,-0.11666584014892578",GYSYNTSSGGGSMNGGYLNGTSGGSFNGSNFSSGVGPG,12,run12/g23/g23_20.pdb,-2.314,-0.1166658401489257,False
23,"-2.241,-0.9269142150878906",GSSYNTSSSGGSMNMSYLNRTSYGGFNGSNFSSSVGST,16,run16/g23/g23_24.pdb,-2.241,-0.9269142150878906,False
23,"-2.365,-0.33953857421875",GSSYNTSSSGSSMNMDYLNRTSYYCGNGSNSSSSVGPY,4,run4/g23/g23_2.pdb,-2.365,-0.33953857421875,False
23,"-2.363,0.411041259765625",GYSYNGSVSGGGMSMSYLNGSSYYCSGGSNFSSSVGPY,1,run1/g23/g23_5.pdb,-2.363,0.411041259765625,False
23,"-2.356,0.03961372375488281",GYSYNTSSSSSSMNMSYLNRSSYYGFNGSNFSSSVGST,1,run1/g23/g23_20.pdb,-2.356,0.0396137237548828,False
23,"-2.419,0.6068515777587891",GYSSNTSSSSSSMNMSYLNRTGYGSFNGSNFSSGSGPT,1,run1/g23/g23_17.pdb,-2.419,0.6068515777587891,False
23,"-1.914,-0.2715034484863281",SYSYNGSVSGGSMNMGYLSRTSYGSFNGSNSYSSVGPY,1,run1/g23/g23_16.pdb,-1.914,-0.2715034484863281,False
23,"-2.502,-0.7944583892822266",GSSYNGSVSGGGMSMSYLNRSSYYCSNGSNFSSSVGPY,1,run1/g23/g23_13.pdb,-2.502,-0.7944583892822266,False
23,"-2.333,0.3685741424560547",GYSYNTSVSGSSMNMSYLNYSSYYGFNGSNFSSSVGST,1,run1/g23/g23_12.pdb,-2.333,0.3685741424560547,False
23,"-2.693,-0.3865509033203125",GGSYNGSVSGGGMSMSYLNRSSYYCFNGSNFSSSVGPY,1,run1/g23/g23_9.pdb,-2.693,-0.3865509033203125,False
23,"-2.179,-0.4075164794921875",GYSGNTSVSGGSMNMGYLNSTGYECFNGSNFSSGVGPT,4,run4/g23/g23_5.pdb,-2.179,-0.4075164794921875,False
23,"-1.373,-0.014898300170898438",GYSYSGSSSGGSYNMDYLNRTSYGSFNGSNFSSGVGPT,12,run12/g23/g23_1.pdb,-1.373,-0.0148983001708984,False
23,"-2.115,0.3239173889160156",GYSYSSSSSGSSMNMGYLNSTGYYSFNGSNSSSSVGPT,4,run4/g23/g23_13.pdb,-2.115,0.3239173889160156,False
23,"-2.61,-0.4358024597167969",GSSYNTSSSGGSMGMGYLGSTGYGCFSSSNFSSGVGPT,12,run12/g23/g23_7.pdb,-2.61,-0.4358024597167969,False
23,"-2.478,-0.4606285095214844",GYSYNSSVGGGGMGMGYLNRTGYYCYSGSNFSSSVGPT,12,run12/g23/g23_8.pdb,-2.478,-0.4606285095214844,False
23,"-2.375,-0.06805038452148438",SYSSNTGVSGGSMSMDYSNRTSSGGFNGSNFSSSVGPG,4,run4/g23/g23_7.pdb,-2.375,-0.0680503845214843,False
23,"-2.472,0.3897743225097656",GSSYNTSSSGGSMNMGYLNSTGSGCFSSSNFSSGVSPT,12,run12/g23/g23_13.pdb,-2.472,0.3897743225097656,False
23,"-2.186,-0.4286956787109375",GYSYSTSSSGSSYNMSYLNSTGYYSFNSSNFSSGVGPT,12,run12/g23/g23_12.pdb,-2.186,-0.4286956787109375,False
23,"-1.729,-0.24707984924316406",GYSSNTSVSGGSYNMGYLNRTYYYCFNCSNFSSGVGPT,12,run12/g23/g23_10.pdb,-1.729,-0.247079849243164,False
23,"-2.146,-0.6572952270507812",GYSYNTSSSGSSYNMSYLNYTGYYSFNSSNFSSGVGPT,12,run12/g23/g23_9.pdb,-2.146,-0.6572952270507812,False
23,"-2.148,-0.4827919006347656",SSSYNGSSSGSSYSMDYLGRSSYGCFNGSNFSSSVGPG,14,run14/g23/g23_10.pdb,-2.148,-0.4827919006347656,False
23,"-2.29,-1.5081062316894531",GSSYNTSSSGSSYSMSYLNRSSYGCFNGSNFSSSVGPG,14,run14/g23/g23_16.pdb,-2.29,-1.5081062316894531,False
23,"-2.137,0.6977329254150391",GSSYNTSSSGSSYSMDYLNSSSYGCFNGSNFSSSVGPT,14,run14/g23/g23_14.pdb,-2.137,0.6977329254150391,False
23,"-2.178,-0.6193103790283203",GSSYNTSSSGSSYSMDYLNRSSYGCFSGSNFSSSVGPG,14,run14/g23/g23_12.pdb,-2.178,-0.6193103790283203,False
23,"-2.402,-1.7108802795410156",GYGGNTSVSGSSYNMSYLGRTSYGSFNGSNSYSSVGPT,14,run14/g23/g23_11.pdb,-2.402,-1.7108802795410156,False
23,"-1.779,1.0588016510009766",SSSSYTSVSGSSYNGDYLNRTSYGSFNGSNFSSGVSPT,14,run14/g23/g23_3.pdb,-1.779,1.0588016510009766,False
23,"-1.561,1.6622676849365234",GYSYNGSVSGGSMSMGYLNSTSYGSFNGGNFSSGVGPT,14,run14/g23/g23_0.pdb,-1.561,1.6622676849365234,False
23,"-1.829,0.6883716583251953",SSSSNTSVSGSSYNMDYLNSTSYGSFNGSNFSSGVSPT,14,run14/g23/g23_24.pdb,-1.829,0.6883716583251953,False
23,"-2.218,-0.04703521728515625",GYSYNGSVSGGSMNMSYLNYTSYGSFNSSNFSSSVGPG,6,run6/g23/g23_10.pdb,-2.218,-0.0470352172851562,False
23,"-2.085,0.09320259094238281",GYSYGGSVGGGSMNMDYLNRTSYGCFGGSNSYSSVGPG,6,run6/g23/g23_13.pdb,-2.085,0.0932025909423828,False
23,"-1.891,0.35980796813964844",GYSYGGSVSGGGMNMGYLNRSSYGCFNGSNFSSSVSPT,6,run6/g23/g23_16.pdb,-1.891,0.3598079681396484,False
23,"-2.048,1.6864433288574219",SYSYNGSVSGGGMNMGYLNRSSGGSFNGSNFSSGVGPT,6,run6/g23/g23_19.pdb,-2.048,1.686443328857422,False
23,"-2.065,-0.8407764434814453",GYSYNTSVSGGSMNMSYLNRTSYGSFSTSNFSSGVSPG,6,run6/g23/g23_22.pdb,-2.065,-0.8407764434814453,False
24,"-2.564,-0.1217041015625",GYSYNTSVSGGSMNMGYLNRTGYYSFNGSNFSSGVGPT,16,run16/g24/g24_4.pdb,-2.564,-0.1217041015625,False
24,"-2.13,-0.4541282653808594",GYSYNTGVSGSSMNMDYLNRSSYYSFNGSNFSSGVGPG,16,run16/g24/g24_5.pdb,-2.13,-0.4541282653808594,False
24,"-2.294,-0.3264484405517578",GYSSNTSVSGSGMNMSYLNRSGYESFSSSNFSSGVGPG,16,run16/g24/g24_1.pdb,-2.294,-0.3264484405517578,False
24,"-2.454,1.6245088577270508",GGSYNGSSSGGGMNMDYLNRSSYNTFNSSNFYSSVSPT,2,run2/g24/g24_3.pdb,-2.454,1.6245088577270508,False
24,"-2.259,-0.4564495086669922",GSSYNSSVSGGSMSMDYLNSTGYECFNGSNFSSSVGPT,7,run7/g24/g24_24.pdb,-2.259,-0.4564495086669922,False
24,"-2.278,-1.2959918975830078",GSSYNTSSSGGSMSMSYLNRTSYGGFNGSNFSSSVGST,16,run16/g24/g24_22.pdb,-2.278,-1.2959918975830078,False
24,"-2.155,-0.09712982177734375",GGSSNGSVSGSSMSMDYSNRTSYGCFNSSNSYSGVGPT,2,run2/g24/g24_7.pdb,-2.155,-0.0971298217773437,False
24,"-2.144,-0.09981060028076172",GYSYNTSSSGGSMNMDYLNYTSYGGFNGSNFSSSVGST,16,run16/g24/g24_16.pdb,-2.144,-0.0998106002807617,False
24,"-2.528,-0.09152030944824219",SYSYSSSVSGGSMNMGYLNRTGSESFSGSNFSSGVGPT,16,run16/g24/g24_15.pdb,-2.528,-0.0915203094482421,False
24,"-1.694,0.5115928649902344",SSSSNSSVSGSGMNMDYLNGSGYGGFNGSNFSSSVGPG,13,run13/g24/g24_13.pdb,-1.694,0.5115928649902344,False
24,"-1.74,0.87054443359375",SYSYNSSSGSGSMSMSYLSRTGSESFNGSNFGSGVGPT,13,run13/g24/g24_10.pdb,-1.74,0.87054443359375,False
24,"-1.955,-0.1207427978515625",SYGSGTSVSGSSMNMDYLSRTSYGCFNGSNFSSSVGPG,13,run13/g24/g24_9.pdb,-1.955,-0.1207427978515625,False
24,"-2.624,-0.32379150390625",GNSSNGSSSGSSMNMSYLNSSSYESFNSSNFSSGSGPT,13,run13/g24/g24_5.pdb,-2.624,-0.32379150390625,False
24,"-2.534,1.2815437316894531",GYSYSTSSSGGSMSMDYLNRTGYETFSSSNFSSSVGPT,13,run13/g24/g24_0.pdb,-2.534,1.2815437316894531,False
24,"-2.502,0.99407958984375",GYSYNTSVSGGSMNMGYLGRTGYYSFNGSNFSSGVGPT,13,run13/g24/g24_17.pdb,-2.502,0.99407958984375,False
24,"-2.095,0.24589920043945312",SYSSNTGVSGGSMNMGYLGSGSYGSGNGSNFGSGVGPT,2,run2/g24/g24_9.pdb,-2.095,0.2458992004394531,False
24,"-2.445,-0.1653881072998047",GGSYNGSSSGGGMNMGYLNGSSYGCFNSSNFYSSVGPG,2,run2/g24/g24_14.pdb,-2.445,-0.1653881072998047,False
24,"-2.085,-0.18392181396484375",GYSYNGSVSGGSMNMDYSNRSSSGSFGGSNFSSSVGPT,2,run2/g24/g24_15.pdb,-2.085,-0.1839218139648437,False
24,"-2.581,-0.37296104431152344",GYSYSSSSSGGSMSMDYLNRTGSECFSSSNFSSSVGPT,13,run13/g24/g24_20.pdb,-2.581,-0.3729610443115234,False
24,"-2.659,-0.6150665283203125",GGSSNGSSSGSGMNMSYLNRSSYGTFNTSNFYSSVSPT,2,run2/g24/g24_16.pdb,-2.659,-0.6150665283203125,False
24,"-1.623,0.024599075317382812",GYGYNTSGSGGSMNGDYLNGTSYGSFNGSNSYSSVGPT,2,run2/g24/g24_21.pdb,-1.623,0.0245990753173828,False
24,"-1.75,-0.7132835388183594",GYSSNGSVSGGSMSMSYYNRTSYGCFNSSNSYSGVGPT,2,run2/g24/g24_24.pdb,-1.75,-0.7132835388183594,False
24,"-2.177,0.2504310607910156",GSSGNTSVSGGSMSMDYLGRTGSESGGSSNFSSGVGPT,1,run1/g24/g24_20.pdb,-2.177,0.2504310607910156,False
24,"-2.465,0.2782115936279297",GYSYNTSVSGGSMSMGYLGSTGYYCFNGSNFSSGVGPT,13,run13/g24/g24_24.pdb,-2.465,0.2782115936279297,False
24,"-2.149,-0.26938438415527344",GYGSNGSSSGGSMSMDYLNRTSSGSFSGSNFSSGVGPT,9,run9/g24/g24_1.pdb,-2.149,-0.2693843841552734,False
24,"-2.411,-1.209451675415039",GGSGNGSVSGGSMNMGYLNRTSYGSFNGGNSYSGVGPT,9,run9/g24/g24_5.pdb,-2.411,-1.209451675415039,False
24,"-2.439,0.24837684631347656",GGSGSTGGSGGGMNMDYLNRTSYGSFNGGNSYSGVGPS,9,run9/g24/g24_8.pdb,-2.439,0.2483768463134765,False
24,"-2.484,-0.24887466430664062",SGSGSTSVGGGSMNMSYLNGTSSGSFNGGNSYSSVGPT,9,run9/g24/g24_12.pdb,-2.484,-0.2488746643066406,False
24,"-2.001,0.35973358154296875",GYSYSTSSSGSGMNMDYLNRSSYGSFSGSNFSSSVSPT,14,run14/g24/g24_1.pdb,-2.001,0.3597335815429687,False
24,"-1.885,0.3047599792480469",SSSSNTSVSGSSYNMDYLNSTSYGSFNTSNFSSGVSPT,14,run14/g24/g24_5.pdb,-1.885,0.3047599792480469,False
24,"-2.246,-1.0492305755615234",GSSYNGSSSGSSYSMDYLNRSSYGCFSGSNFSSSVGPT,14,run14/g24/g24_6.pdb,-2.246,-1.0492305755615234,False
24,"-2.191,0.7810287475585938",SSSYNGSSSGSSYSMDYLGRSSYGGFNGSNFSSSVGPG,14,run14/g24/g24_14.pdb,-2.191,0.7810287475585938,False
24,"-2.347,1.0037040710449219",GSSSNGSSSGSSYSMDYLNRSSYGCFNGSNFSSSVGPG,14,run14/g24/g24_17.pdb,-2.347,1.003704071044922,False
24,"-2.314,0.5262813568115234",GYGGNGSVSGSSYNMSYLGRTSYGSFNGSNSYSSVGPT,14,run14/g24/g24_19.pdb,-2.314,0.5262813568115234,False
24,"-2.052,0.2605743408203125",GYSYSTSSSGSGMNMDYLNSSSYGGFSGSNFSSSVGPT,14,run14/g24/g24_20.pdb,-2.052,0.2605743408203125,False
24,"-2.35,0.11385726928710938",SYGGNTSVSGSSYNMSYLGRTSYGSFNGSNSYSSVGPT,14,run14/g24/g24_23.pdb,-2.35,0.1138572692871093,False
24,"-2.062,-0.1800537109375",SYSYSTSVSGGSMNMGYLNRTSYGCFSGSNFSSSVSPT,10,run10/g24/g24_20.pdb,-2.062,-0.1800537109375,False
24,"-1.549,0.3520793914794922",GYSYNGSVSGGSMNMDYLNRTGYGSFNGGNFSSSVGPT,10,run10/g24/g24_18.pdb,-1.549,0.3520793914794922,False
24,"-2.352,0.09084701538085938",SYSYSTSSSGGSMSMGYLNYTSSGCFSSSNFSSSVGPG,10,run10/g24/g24_16.pdb,-2.352,0.0908470153808593,False
24,"-2.024,1.489410400390625",SYSYNTSVSGGSMNMGYLNRTSYGTFSGSNFSSSVSPT,10,run10/g24/g24_15.pdb,-2.024,1.489410400390625,False
24,"-2.438,0.22745895385742188",SGSYNTSVSGSSMNMDYLNRTGSESGNGSNFSSGVGPT,10,run10/g24/g24_14.pdb,-2.438,0.2274589538574218,False
24,"-2.086,-0.3818817138671875",SYSSNTSVSGGSMNMSYLNRTSYGCFSSSNFSSSVGPG,10,run10/g24/g24_12.pdb,-2.086,-0.3818817138671875,False
24,"-2.313,0.24767112731933594",SYGYNTSVSGSSMSMDYLNSTGSESGNGSNFSSGVGPG,10,run10/g24/g24_11.pdb,-2.313,0.2476711273193359,False
24,"-2.323,-0.49315452575683594",SYGYNTSVSGSSMSMGYLNRTGSESGNGSNFSSGVGPT,10,run10/g24/g24_21.pdb,-2.323,-0.4931545257568359,False
24,"-2.106,0.9498748779296875",SYSSGTSVSSGSMNMGYLNRTSYGGFSGSNFSSSVGPT,10,run10/g24/g24_5.pdb,-2.106,0.9498748779296876,False
24,"-2.323,0.39646339416503906",GYSSNTSVSGSSMNMDYLNRTGSESGNSSNFSSGVGPT,10,run10/g24/g24_2.pdb,-2.323,0.396463394165039,False
24,"-1.743,-1.1393394470214844",SYSGNSSVSGGSMNMGYLNRTGYGSFNGGNFSSGVGPT,10,run10/g24/g24_22.pdb,-1.743,-1.1393394470214844,False
24,"-1.738,-0.14472198486328125",GYSYNTSVSGGGMNMDYLNRSSYESFNGSNFSSGVGPG,8,run8/g24/g24_8.pdb,-1.738,-0.1447219848632812,False
24,"-2.178,0.2033405303955078",GYSSNGSSSGGGMNMSYLSRSSYECFNGSSFSSSVGPT,8,run8/g24/g24_10.pdb,-2.178,0.2033405303955078,False
24,"-2.227,-1.001943588256836",SYSYNGSVGGGSMNMGYLNSTSYYSGNGSSFSSSVGPT,8,run8/g24/g24_12.pdb,-2.227,-1.001943588256836,False
24,"-2.381,-0.6197242736816406",GYSYSTSVSGGSMNMGYLNRSSYESFNGSNFSSSSGPT,8,run8/g24/g24_13.pdb,-2.381,-0.6197242736816406,False
24,"-2.0,0.08182239532470703",GYSYNTSSSGGSMNMDYLNSSSYGGFNGSNFSSSVGPT,8,run8/g24/g24_15.pdb,-2.0,0.081822395324707,False
24,"-1.662,0.08974647521972656",SYSYNSSVSGGSMSMDYLNRTGYGSFNGSNFSSGVGPT,10,run10/g24/g24_23.pdb,-1.662,0.0897464752197265,False
24,"-2.257,0.11876296997070312",GYSYSTSVGGGSMNMDYLSRSSYESFSGSNFSSSVGPT,8,run8/g24/g24_20.pdb,-2.257,0.1187629699707031,False
24,"-1.608,-0.4678478240966797",SYSSNGSVSGGSMNMDYLNRSSYESFNGSNFSSGVGPT,8,run8/g24/g24_23.pdb,-1.608,-0.4678478240966797,False
24,"-2.192,-0.3519248962402344",GYSYGGSGSGGSMNMDYLNGSGYGCYNGSNFSSGVSPG,3,run3/g24/g24_1.pdb,-2.192,-0.3519248962402344,False
24,"-1.539,0.2189788818359375",SYSYNTSSSGGSMNMDYLNRSGSGGFSGSNFSSSVGPT,11,run11/g24/g24_14.pdb,-1.539,0.2189788818359375,False
24,"-1.974,-0.10143280029296875",GSSSNTSVSGGSMNMSYLNRTSYGGFNSSNFSSSVGPT,11,run11/g24/g24_7.pdb,-1.974,-0.1014328002929687,False
24,"-1.643,-0.1818084716796875",GSSYNTSVSGGSMNMDYLNRTSYGGFNSSNFSSSVGPT,11,run11/g24/g24_20.pdb,-1.643,-0.1818084716796875,False
24,"-1.736,0.07051467895507812",GYSYNTSSSGGSMNMDYLNRTSYGGFNSSNFSSSVGPT,11,run11/g24/g24_4.pdb,-1.736,0.0705146789550781,False
24,"-1.998,0.17774391174316406",SYSYNTSSSGGSMNMSYLNRSSYYYFNGSNFSSSVGPT,11,run11/g24/g24_1.pdb,-1.998,0.177743911743164,False
24,"-2.25,-0.5207099914550781",SSSSNTSVSGGSMNMSYLNSTSYGGFNGSNFSSSVGPT,5,run5/g24/g24_19.pdb,-2.25,-0.5207099914550781,False
24,"-2.194,-0.14270591735839844",GSSYNTSVSGGGMNMDYLNRSSSECFSGSNFSSSVGPT,5,run5/g24/g24_21.pdb,-2.194,-0.1427059173583984,False
24,"-2.41,-0.5970058441162109",GYSYNTSSSGGSMSMSYLGRTSSYGGNSSNFSSSVGST,5,run5/g24/g24_23.pdb,-2.41,-0.5970058441162109,False
24,"-1.611,-0.2440509796142578",GYSYSTSVSGGSMNMDYLNRTSYGCFNGSNSYSSVGPG,6,run6/g24/g24_17.pdb,-1.611,-0.2440509796142578,False
24,"-2.148,-0.2878875732421875",GYSYNTSVSGGSMNMSYLNRTSYYSFSTSNFSSGVSPG,6,run6/g24/g24_18.pdb,-2.148,-0.2878875732421875,False
24,"-2.098,-0.3175773620605469",GYSYNGSVSGGSMGMDYLNRTSYGSFNSSNFSSSVGPG,6,run6/g24/g24_20.pdb,-2.098,-0.3175773620605469,False
24,"-2.038,-0.5004100799560547",SYSSGGSVSGSSMNMSYLNSTSYGCFNGSNFSSGVGPG,5,run5/g24/g24_6.pdb,-2.038,-0.5004100799560547,False
24,"-2.151,0.045342445373535156",GYSSNTSVSGSGMNMDYLNSSSYGSFNGSNFSSGVSPT,5,run5/g24/g24_7.pdb,-2.151,0.0453424453735351,False
24,"-2.202,0.3989276885986328",GGSSNTSVSGSSMNMDYLNSSSYGSFNGSNFSSSVGPT,5,run5/g24/g24_8.pdb,-2.202,0.3989276885986328,False
24,"-1.973,-0.24557876586914062",GYSYSSSSSGSSMNMGYLNSTGYYSGNGSNSSSGVGPT,4,run4/g24/g24_1.pdb,-1.973,-0.2455787658691406,False
24,"-2.344,0.3989715576171875",GYSYNGSSSGSSMNMSYLNRSSYYCFNGSNFSSSSGST,1,run1/g24/g24_15.pdb,-2.344,0.3989715576171875,False
24,"-2.327,-0.4240741729736328",GYSYNGSVSGSSMNMSYLNRSSYYGFNGSNFSSSVGST,1,run1/g24/g24_18.pdb,-2.327,-0.4240741729736328,False
24,"-2.343,0.3327903747558594",GYSYNTSSSSSNMNMSYLNRSSYYGFNGSNFSSSVGST,1,run1/g24/g24_19.pdb,-2.343,0.3327903747558594,False
24,"-1.699,-0.2430572509765625",GYSYNTSSSGGSYNMGYLNRTGYYCFNGSNFSSGVGPT,12,run12/g24/g24_23.pdb,-1.699,-0.2430572509765625,False
24,"-1.872,-0.20986557006835938",GYSYNTSVSGGSYNMGYLNRTGYYCFSGSNFSSGVGPT,12,run12/g24/g24_22.pdb,-1.872,-0.2098655700683593,False
24,"-1.854,-0.023206710815429688",GYSYNTGVSGGSYNMGYLNRTYGYCFNGSNFSSGVGPT,12,run12/g24/g24_19.pdb,-1.854,-0.0232067108154296,False
24,"-1.749,0.4078788757324219",GYSYNTSVSGGSYNMGYLNRTGYYCFNGSNFSSSVGPT,12,run12/g24/g24_12.pdb,-1.749,0.4078788757324219,False
24,"-1.637,0.3370952606201172",GYSYSGSSSGGSYNMDYLNRTSYGSFNGSNFSSSVGPT,12,run12/g24/g24_6.pdb,-1.637,0.3370952606201172,False
24,"-2.471,0.45789337158203125",GSSYNTSSSGGSMGMGYLGSTGYGCFSSSNFSSSVGPT,12,run12/g24/g24_4.pdb,-2.471,0.4578933715820312,False
24,"-2.404,0.071136474609375",GYSYNGGVSGGGMNMGYLNRSSYGCFNGSNFSSGVSPT,6,run6/g24/g24_13.pdb,-2.404,0.071136474609375,False
24,"-2.307,-0.5262985229492188",SYSSNTSVSSSSMNMSYLNRTGYGCFNGSNFSSGSSPT,1,run1/g24/g24_11.pdb,-2.307,-0.5262985229492188,False
24,"-1.819,0.428070068359375",GYSYNTSVSGGSMNMDYLNRSSSECFNSSNFSSGVSST,4,run4/g24/g24_6.pdb,-1.819,0.428070068359375,False
24,"-2.237,0.8703727722167969",GYSYNTSSSGSSMNMDYLNSTSYGCGSGSSSSSSVGPY,4,run4/g24/g24_7.pdb,-2.237,0.8703727722167969,False
24,"-1.915,-0.00356292724609375",GYSYSSSSSGSSMNMGYLNSTGYGCFNGSNSSSGSGPT,4,run4/g24/g24_8.pdb,-1.915,-0.0035629272460937,False
24,"-2.23,0.6385078430175781",GYSYNSSSSGSSMNMSYLNSTGYYCFSSSSSSSGVGPT,4,run4/g24/g24_10.pdb,-2.23,0.6385078430175781,False
24,"-1.994,0.8924331665039062",GYSYSSSSSGSSMNMGYLNSTGYGCFNGSNSSSSVGPT,4,run4/g24/g24_13.pdb,-1.994,0.8924331665039062,False
24,"-2.235,-0.026868820190429688",GYSYNTSGSGSSMNMDYLNRTSYGCGNGSNSSSSVGPY,4,run4/g24/g24_21.pdb,-2.235,-0.0268688201904296,False
24,"-2.336,0.2303009033203125",GSSGNSGVSGGSMNMDYLGRTGYESGNGGNFSSGVGPS,1,run1/g24/g24_3.pdb,-2.336,0.2303009033203125,False
24,"-2.382,-0.3024730682373047",GSSGNSSVSGGGMNMGYLGRTGGESGNGGNFSSGVGPT,1,run1/g24/g24_9.pdb,-2.382,-0.3024730682373047,False
24,"-1.993,-0.4074726104736328",GYSYNGSVSGGGMNMGYLNRFSGGSFNGSNFSSGVGPT,6,run6/g24/g24_10.pdb,-1.993,-0.4074726104736328,False
24,"-2.215,-0.4618797302246094",SYSSNTSVSGSSMNMDYLSRTSTGTFSTSNFSSSSSPG,15,run15/g24/g24_14.pdb,-2.215,-0.4618797302246094,False
24,"-2.082,-0.07240486145019531",SYSSSTSSSGGSMNMGYLNRTGSECFNGSNFSSGVGPT,15,run15/g24/g24_18.pdb,-2.082,-0.0724048614501953,False
24,"-2.202,0.19201278686523438",GYSSNGSSSGGSMNMDYLNSSSYGSFNGSNFSSGVSPT,15,run15/g24/g24_23.pdb,-2.202,0.1920127868652343,False
24,"-2.401,1.2078933715820312",SYSSSTGSSGGSMNMDYLNRTGSGCFSSSNFSSSVGPT,15,run15/g24/g24_24.pdb,-2.401,1.2078933715820312,False
24,"-2.176,0.09637451171875",GYSYSTSVSGGSMNMGYLNSTGSGCFNSSNFSSSVGPT,7,run7/g24/g24_1.pdb,-2.176,0.09637451171875,False
24,"-2.436,-0.14952659606933594",GYSYNSSSSGGSMNMDYLNSTGSESGNGSNFSSGVGPY,7,run7/g24/g24_11.pdb,-2.436,-0.1495265960693359,False
24,"-2.662,-0.32085418701171875",GSSSNGSVSGGSMNMSYLNRSSYEGFNSSNFSSSVGPT,7,run7/g24/g24_12.pdb,-2.662,-0.3208541870117187,False
24,"-1.793,-0.5757045745849609",GYSYNGSVSGGSMSMDYLNGSGSGCFNGSNFSSGVSPT,15,run15/g24/g24_7.pdb,-1.793,-0.5757045745849609,False
24,"-2.213,0.41065216064453125",SSSYNTSSSGGGMNMDYLNRSGYEGFNGSNFSSSVGPT,3,run3/g24/g24_3.pdb,-2.213,0.4106521606445312,False
24,"-2.077,-0.08240890502929688",GYGYNGSVGGGGMNMGYLNRTGYGCFNGSNFSSGVSPT,3,run3/g24/g24_4.pdb,-2.077,-0.0824089050292968,False
24,"-1.953,1.0837650299072266",GYSYGGSVSGGSMNMDYLNRSGYGCYNGSNFSSGVSGG,3,run3/g24/g24_5.pdb,-1.953,1.0837650299072266,False
24,"-2.201,-0.3442420959472656",GYSSGTSVSGGSMNMDYLNRSSYGCFSGSSFSSGVSPT,3,run3/g24/g24_6.pdb,-2.201,-0.3442420959472656,False
24,"-2.162,0.04064178466796875",SSSSNTSSSGGSMNMDYLNRSGYEGFNGSNFSSSVGPT,3,run3/g24/g24_7.pdb,-2.162,0.0406417846679687,False
24,"-2.142,0.27654266357421875",SSSYNTSSSGGSMNMDYLNRSGYEGGSGSNFSSSVGPT,3,run3/g24/g24_9.pdb,-2.142,0.2765426635742187,False
24,"-2.068,-0.1243896484375",GYGYNGSVGGGGMNMGYLNRTGYGCFNGSNFSSGVSPG,3,run3/g24/g24_10.pdb,-2.068,-0.1243896484375,False
24,"-2.382,-0.28284454345703125",GYSYNTSVSGSSMNMSYLSSTGYGCFNYSSFSSGVSGT,3,run3/g24/g24_12.pdb,-2.382,-0.2828445434570312,False
24,"-2.563,-0.035797119140625",GSSYSTSVSGSSMNMDYLNRSGYYSFNGSNFSSGVSPT,3,run3/g24/g24_13.pdb,-2.563,-0.035797119140625,False
24,"-1.716,0.5157718658447266",GYSYNGSVSGGSMNMDYLNGSGYGCFNGSNFSSSVSPT,15,run15/g24/g24_8.pdb,-1.716,0.5157718658447266,False
24,"-2.3,0.49822998046875",GSSYNTSVSGSSMNMDYLNSSSYYCFNGSNFSSGVSPT,3,run3/g24/g24_20.pdb,-2.3,0.49822998046875,False
24,"-2.034,-0.6526203155517578",SYGYNGSVSGGGMNMGYLGRTSYGCFNGSNFSSGVSPT,3,run3/g24/g24_23.pdb,-2.034,-0.6526203155517578,False
24,"-2.087,2.3362464904785156",SSSSSSSSSSGSMNMDYLNRTGSECFNGSNFSSGVGPT,15,run15/g24/g24_0.pdb,-2.087,2.336246490478516,False
24,"-2.554,-0.024444580078125",GSSYSGGVSSGGMNMDYLNRSSYECFNSSNFSSSSGPT,15,run15/g24/g24_5.pdb,-2.554,-0.024444580078125,False
24,"-1.629,-0.3380928039550781",SYSSNTSVSGGSYNMGYLNRTYYYCFNCSNFSSGVGPT,12,run12/g24/g24_1.pdb,-1.629,-0.3380928039550781,False
24,"-2.253,-0.3123016357421875",GYSGGTSVGGGSMNMDYLNRTSYGCFNGSNSYSSVGPG,6,run6/g24/g24_9.pdb,-2.253,-0.3123016357421875,False
24,"-2.2,-0.2940406799316406",GYSYGTSSSGGSMNMDYLNRTSYGCYNSSNSYSSVGPY,6,run6/g24/g24_7.pdb,-2.2,-0.2940406799316406,False
25,"-2.523,-0.5858554840087891",GGSYSGSSSGGSMNMGYLNSTSYGSFNSGNSYSGVGPT,9,run9/g25/g25_20.pdb,-2.523,-0.5858554840087891,False
25,"-2.323,-0.371490478515625",GSSYNSSVSGGSMSMDYLNSTGYECFSGSNFSSSVGPT,7,run7/g25/g25_2.pdb,-2.323,-0.371490478515625,False
25,"-2.684,-0.3853034973144531",GSSSNGSVSGGGMSMSYLNSSSYEGFNSSNFSSSVGPT,7,run7/g25/g25_8.pdb,-2.684,-0.3853034973144531,False
25,"-2.245,0.33907508850097656",GYSYNSSVSGGSMSMDYLNSTGYECFNGSNFSSSVSPT,7,run7/g25/g25_13.pdb,-2.245,0.3390750885009765,False
25,"-2.366,-1.7941513061523438",GYGSNGSSSGGSMSMSYLNRTSSGSFSGSNFSSGVGPT,9,run9/g25/g25_21.pdb,-2.366,-1.7941513061523438,False
25,"-2.379,0.8208580017089844",GGSGNGSVSGGGMNMGYLNRTSYGSFNGGNSYSGVGPT,9,run9/g25/g25_22.pdb,-2.379,0.8208580017089844,False
25,"-2.653,-0.12317085266113281",GGSYSGSSSGGSMSMDYLNRTSSGSFSGSNFSSGSGPT,9,run9/g25/g25_24.pdb,-2.653,-0.1231708526611328,False
25,"-2.341,-0.3430747985839844",SYSYSTSSSGGSMSMGYLNSTSSYGFSGSNFSSSVGPG,10,run10/g25/g25_1.pdb,-2.341,-0.3430747985839844,False
25,"-2.146,-0.007898330688476562",SYSSNTSVSGGSMNMSYLNRTSYGCFSSSSFSSSVGPT,10,run10/g25/g25_10.pdb,-2.146,-0.0078983306884765,False
25,"-2.495,0.016744613647460938",SYGYNTSSSGSSMSMDYLNSTGSESGNGSNFSSGVGPG,10,run10/g25/g25_11.pdb,-2.495,0.0167446136474609,False
25,"-2.652,-1.1387786865234375",GGSYSTSSSGGSMSMGYLNRTSSGSFSGSNFSSGSGPT,9,run9/g25/g25_23.pdb,-2.652,-1.1387786865234375,False
25,"-1.66,-0.3234596252441406",SGSYNSSVSGGSMNMDYLNRTGYGSFNGGNFSSGVGPT,10,run10/g25/g25_12.pdb,-1.66,-0.3234596252441406,False
25,"-2.002,-0.16918182373046875",SYSGNSSGSGGSMNMGYLNRTGYGSFNGGNFSSGVGPT,10,run10/g25/g25_14.pdb,-2.002,-0.1691818237304687,False
25,"-1.686,0.1316986083984375",SYSYNSSVSGGSMSMDYLNRTGSGSFNGSNFSSGVGPT,10,run10/g25/g25_16.pdb,-1.686,0.1316986083984375,False
25,"-2.741,0.105377197265625",GSSSNGSVSGGSMNMSYLNRSSYGGFNSSNFSSSVGPT,7,run7/g25/g25_17.pdb,-2.741,0.105377197265625,False
25,"-2.067,-0.17558670043945312",SYSYSGSVSGGSMNMGYLNRTSYGCFSGSNFSSSVSPT,10,run10/g25/g25_22.pdb,-2.067,-0.1755867004394531,False
25,"-1.983,-0.9653701782226562",GYSYNGSVSGGSMNMGYLNRTGYGSFNGGNFSSGVGPT,10,run10/g25/g25_13.pdb,-1.983,-0.9653701782226562,False
25,"-2.553,-0.8155450820922852",GYSYNGSSSGGSMNMSYLNSTSYGSFNSGNSYSGVGPT,9,run9/g25/g25_14.pdb,-2.553,-0.8155450820922852,False
25,"-2.627,0.3258686065673828",GGSYNGGSSGGSMNMSYLNSTSYGSFNSGNSYSGVGPT,9,run9/g25/g25_6.pdb,-2.627,0.3258686065673828,False
25,"-2.471,-0.20027446746826172",GYSYGGSSSGGSMNMDYLNSTSYGSFNSGNSYSGVGPT,9,run9/g25/g25_2.pdb,-2.471,-0.2002744674682617,False
25,"-2.552,0.241241455078125",SYSYSSSVSGGSMNMGYLNSTGSESFSGSNFSSGVGPT,16,run16/g25/g25_2.pdb,-2.552,0.241241455078125,False
25,"-2.293,-0.37902069091796875",GSSYNTSSSGGSMSMSYLNRTGYECFNGSNFSSSVGPT,16,run16/g25/g25_3.pdb,-2.293,-0.3790206909179687,False
25,"-2.168,0.10811519622802734",GYSYSTSSSGGSMNMDYLNYTSYGGFNSSNFSSSVGST,16,run16/g25/g25_7.pdb,-2.168,0.1081151962280273,False
25,"-2.188,-1.1188793182373047",GYSYNTSSSGGSMSMSYLNRTSYGGFNGSNFSSSVGST,16,run16/g25/g25_15.pdb,-2.188,-1.118879318237305,False
25,"-2.138,-0.4067401885986328",GYSYNTSSSGGSMNMDYLNRTSYGGFGSSNFSSSVGST,16,run16/g25/g25_19.pdb,-2.138,-0.4067401885986328,False
25,"-1.864,-0.29141998291015625",GYSYNTSVSGGSMNMDYLSSTSYGSFGSSNSYSGVGPT,9,run9/g25/g25_12.pdb,-1.864,-0.2914199829101562,False
25,"-2.246,0.24512481689453125",GSSSNGSVSGSSMNMDYLNRTSSGSFSGGNFSSGVGPT,5,run5/g25/g25_23.pdb,-2.246,0.2451248168945312,False
25,"-2.074,0.11808967590332031",GYSYNTSSSGSSMNMDYLSRTGYECFNSSNFSSSVGPT,5,run5/g25/g25_22.pdb,-2.074,0.1180896759033203,False
25,"-2.598,0.5948848724365234",GSSYNTSSSGGSMNMDYLNRSSSGCFSGSNFSSSVGPT,5,run5/g25/g25_19.pdb,-2.598,0.5948848724365234,False
25,"-2.164,-1.535745620727539",GYSSGTSVSGSSMSMSYLNSTGYGCFNGSNFSSSGGPG,5,run5/g25/g25_17.pdb,-2.164,-1.535745620727539,False
25,"-2.224,0.05645561218261719",GSSYNGSVSGGGMNMDYLNRSSSECFSGSNFSSSVGPT,5,run5/g25/g25_15.pdb,-2.224,0.0564556121826171,False
25,"-2.316,0.22340965270996094",GYSYNTSSSGGSMSMSYLGRTSSYGFNSSNSSSSVGST,5,run5/g25/g25_13.pdb,-2.316,0.2234096527099609,False
25,"-2.423,-0.053668975830078125",GSSYNTSSSGGSMNMDYLNRSSSECFSGSNFSSGVGPG,5,run5/g25/g25_7.pdb,-2.423,-0.0536689758300781,False
25,"-2.28,-0.01261138916015625",SSSSNGSVSGSSMNMDYLNRTSYSSGNGSNFSGGVGPT,5,run5/g25/g25_4.pdb,-2.28,-0.0126113891601562,False
25,"-1.645,0.16598224639892578",GYSSNTSVSGGSMNMDYLNRTSSGGFNSSNFSSSVGPT,11,run11/g25/g25_1.pdb,-1.645,0.1659822463989257,False
25,"-1.912,0.16506576538085938",SYSYNTSSSGGNMNMSYLNRSSYYSFNGSNFSSSVGPT,11,run11/g25/g25_8.pdb,-1.912,0.1650657653808593,False
25,"-1.333,0.1589183807373047",SYGYNTSVSGGSMNMDYLNRSGSGGFSGSNFSSSVGPT,11,run11/g25/g25_12.pdb,-1.333,0.1589183807373047,False
25,"-1.566,0.2928199768066406",GYSYNTSVSGGSMGMDYLNRTSYGGFSSSNFSSSVSPT,11,run11/g25/g25_13.pdb,-1.566,0.2928199768066406,False
25,"-1.903,-0.771759033203125",SYSYNTSSSGGSMNMSYLSRSSYYSFNGSNFSSSVGPT,11,run11/g25/g25_14.pdb,-1.903,-0.771759033203125,False
25,"-1.885,-0.48308372497558594",GSSYNTSVSGGSMNMDYLSRTSYGGFSSSNFSSSVSPT,11,run11/g25/g25_16.pdb,-1.885,-0.4830837249755859,False
25,"-2.388,-0.0767669677734375",SSSYSTSSSGGSMNMDYLNRSGYEGFNGSNFSSSVGPT,3,run3/g25/g25_1.pdb,-2.388,-0.0767669677734375,False
25,"-2.263,-0.2747478485107422",GYSSGTSVSGGSMNMDYLNRSSYGCFSGSSFSSGSSPT,3,run3/g25/g25_2.pdb,-2.263,-0.2747478485107422,False
25,"-2.147,0.14603042602539062",GYGYNGSVGGGGMNMGYLNRTGYGCFNGSNFSSNVSPT,3,run3/g25/g25_18.pdb,-2.147,0.1460304260253906,False
25,"-2.093,-0.13500595092773438",SYGYNGSVSGGGMNMGYLGRTGYGCFNGSNFSSGVSPT,3,run3/g25/g25_15.pdb,-2.093,-0.1350059509277343,False
25,"-2.066,0.5938873291015625",GYSYGGSVSGGSMNMDYLNGYGYGCYNGSNFSSGVSPG,3,run3/g25/g25_14.pdb,-2.066,0.5938873291015625,False
25,"-2.008,0.47327423095703125",GYSSGTSVSGGSMNMDYLNRTSYGCFNGSSFSSGVSGT,3,run3/g25/g25_12.pdb,-2.008,0.4732742309570312,False
25,"-2.58,-0.5430660247802734",GSSYSTSVSGSSMNMGYLNRSGYYSFNGSNFSSGVSPT,3,run3/g25/g25_10.pdb,-2.58,-0.5430660247802734,False
25,"-2.162,0.32924652099609375",SSSYNTSSSGGSMNMDYLNRSGYEGFNGSNFSSSVSPT,3,run3/g25/g25_7.pdb,-2.162,0.3292465209960937,False
25,"-2.318,0.5695419311523438",GSSYNTSVSGSSMNMDYLNSSSYYCFNGSNFSSGVSST,3,run3/g25/g25_5.pdb,-2.318,0.5695419311523438,False
25,"-2.548,-0.38787841796875",GSSYNTSVSGSSMNMSYLNRSSYYCFSGSNFSSGVSPT,3,run3/g25/g25_4.pdb,-2.548,-0.38787841796875,False
25,"-2.416,0.5275115966796875",GSSYNTSVSGSSMNMDYLNSSGYYSFNGSNFSSGVSPT,3,run3/g25/g25_3.pdb,-2.416,0.5275115966796875,False
25,"-1.546,0.5220098495483398",SYSYNTSSSGGSMNMDYLNSSGSGGFSGSNFSSSVGPT,11,run11/g25/g25_18.pdb,-1.546,0.5220098495483398,False
25,"-1.974,-0.4767951965332031",GYSYNGSVSGGSMNMGYLNGSGYGCFNGSNFSSSVSPT,15,run15/g25/g25_6.pdb,-1.974,-0.4767951965332031,False
25,"-1.78,-0.4323863983154297",GYSSGGSVSGGGMGMSYLNRTGYGCFNSSNFSSGVGPG,15,run15/g25/g25_5.pdb,-1.78,-0.4323863983154297,False
25,"-2.147,-0.7704715728759766",SYSSNGSSSGGSMNMDYLNSSSYGSFNGSNFSSGVSPT,15,run15/g25/g25_4.pdb,-2.147,-0.7704715728759766,False
25,"-1.697,-0.3866729736328125",GYSYNGSVSGGSMSMDYLNGSGSGCFNGGNFSSGVSPT,15,run15/g25/g25_12.pdb,-1.697,-0.3866729736328125,False
25,"-2.617,-0.421478271484375",GSSYSGGVSSGGMNMGYLNRSSYECFNSSNFSSSSGPT,15,run15/g25/g25_23.pdb,-2.617,-0.421478271484375,False
25,"-2.461,-0.20451736450195312",GNSYSGGVSGGGMNMDYLNRSSYESFNSSNFSSGVGPT,15,run15/g25/g25_22.pdb,-2.461,-0.2045173645019531,False
25,"-1.745,-0.24326133728027344",GYSYNGSVSGGGMNMDYLNGSGYGCFNGSNFSSGVSPT,15,run15/g25/g25_21.pdb,-1.745,-0.2432613372802734,False
25,"-2.122,0.6577701568603516",SYSSNTSVSGSSMNMDYLNRTSYGCFSTSNFSSSSSSG,15,run15/g25/g25_19.pdb,-2.122,0.6577701568603516,False
25,"-2.108,1.2664813995361328",GYSSNGSSSGGSMNMDYLNSSSSGSFNGSNFSSGVGPT,15,run15/g25/g25_17.pdb,-2.108,1.2664813995361328,False
25,"-2.054,-0.2783164978027344",GYSYSGGVSGGSMNMDYLNGSGYECFGGSSFSSGVGPG,15,run15/g25/g25_14.pdb,-2.054,-0.2783164978027344,False
25,"-2.365,-1.0395927429199219",SSSSNTSSSGGSMNMSYLNRSGYEGFNGSNFSSSVGPT,3,run3/g25/g25_21.pdb,-2.365,-1.039592742919922,False
25,"-2.313,-0.4480934143066406",SYSYNGGSSGSSYSMGYLNRTSSGCFNGSNFSSGVGPT,14,run14/g25/g25_22.pdb,-2.313,-0.4480934143066406,False
25,"-2.392,0.25797462463378906",GYGGNGSGSGSSYNMSYLGRTSYGSFNGSNSYSGVGPT,14,run14/g25/g25_24.pdb,-2.392,0.257974624633789,False
25,"-2.536,0.7279891967773438",GYSYNTSVSGGSMNMGYLGRTGYYSFNSSNFSSGVGPT,13,run13/g25/g25_22.pdb,-2.536,0.7279891967773438,False
25,"-2.55,-0.24344825744628906",GYSYSTSVSGGSMSMGYLGSTGYYCFNGSNFSSGVGPT,13,run13/g25/g25_19.pdb,-2.55,-0.243448257446289,False
25,"-1.803,-0.06113624572753906",SSSSGSSVSGSGMNMDYLNGSGYGGFNGSNFSSSVGPG,13,run13/g25/g25_15.pdb,-1.803,-0.061136245727539,False
25,"-1.654,-0.5941963195800781",SYSSNSSVSGSSMGMDYLNRSGYGGFNGSNFSSSVGPG,13,run13/g25/g25_13.pdb,-1.654,-0.5941963195800781,False
25,"-2.114,-0.4599342346191406",GYSYSTSSSGSGMNMGYLNRSSYGSFSGSNFSSSVGPT,14,run14/g25/g25_17.pdb,-2.114,-0.4599342346191406,False
25,"-2.387,0.565673828125",GSSSNGSSSGSSYSMDYLNSSSYGCFNGSNFSSSVGPG,14,run14/g25/g25_16.pdb,-2.387,0.565673828125,False
25,"-2.297,0.21387863159179688",SYSYNTSVSGSSMNMDYLNSTGYSGFSGSNFSGSVGPG,13,run13/g25/g25_24.pdb,-2.297,0.2138786315917968,False
25,"-1.845,-2.1777286529541016",GYSYNGSVSGGSMSMGYLNSTSYGSGNGGNFSSGVGPT,14,run14/g25/g25_2.pdb,-1.845,-2.1777286529541016,False
25,"-2.438,-0.47808837890625",SSSYNGGVSGSSYSMGYLNRTSSGCFNGSNFSSGVGPT,14,run14/g25/g25_6.pdb,-2.438,-0.47808837890625,False
25,"-2.472,-0.32918739318847656",SYSYNTSVSGGSMNMGYLGRTGYYSFNGSNFSSGVGPT,13,run13/g25/g25_12.pdb,-2.472,-0.3291873931884765,False
25,"-1.715,0.5969161987304688",GSSYNTSVSGSSMNMDYLNRTGYGCFSSSNFSSGVSST,3,run3/g25/g25_22.pdb,-1.715,0.5969161987304688,False
25,"-2.359,0.3257865905761719",GSSYNTSSSGGSMNMGYLNSTGSGCFSSSNFSSSVGPT,12,run12/g25/g25_13.pdb,-2.359,0.3257865905761719,False
25,"-2.537,-0.12717056274414062",GYSYNSSVGGGGMGMGYLNRTGYYCYSGSNFSSSSGPT,12,run12/g25/g25_21.pdb,-2.537,-0.1271705627441406,False
25,"-2.096,-0.7511444091796875",GYSYNTGVSGGGYNMGYLNRTYGYCFNGSNFSSGVGPT,12,run12/g25/g25_22.pdb,-2.096,-0.7511444091796875,False
25,"-1.653,0.6142024993896484",GYSYNTSSSGGSYNMGYLNSTGYYCFNGSNFSSGVGPT,12,run12/g25/g25_24.pdb,-1.653,0.6142024993896484,False
25,"-2.334,0.6037712097167969",GYSYNSSVGGGGMGMGYLNRTGYGCYNGSNFSSSVSPT,12,run12/g25/g25_18.pdb,-2.334,0.6037712097167969,False
25,"-2.662,-0.2839393615722656",GSSYNTSSSGGSMNMSYLGSTGYGCFSSSNFSSGVGPT,12,run12/g25/g25_7.pdb,-2.662,-0.2839393615722656,False
25,"-2.031,1.464151382446289",GYSYNTSVSGGSMNMDYLGGTGYESFSGSNFSSGVGPT,13,run13/g25/g25_2.pdb,-2.031,1.464151382446289,False
25,"-2.761,-1.456655502319336",GGSSNTSSSGSSMNMSYLNSSSYESGNSSNFSSGVGPT,13,run13/g25/g25_0.pdb,-2.761,-1.456655502319336,False
25,"-2.509,-0.08052253723144531",GYSYNTSVGGGSMNMGYLNRTGYGSFNSSNFSSGVGPT,16,run16/g25/g25_23.pdb,-2.509,-0.0805225372314453,False
25,"-2.337,0.4220428466796875",GSSGNSGSSGGSMNMDYLGRTGYESGNGGNFSSGVGPS,1,run1/g25/g25_17.pdb,-2.337,0.4220428466796875,False
25,"-2.335,0.32449913024902344",GYSYNTSSSSSNMNMSYLNRSSYYGFNGSNFSSSVSST,1,run1/g25/g25_15.pdb,-2.335,0.3244991302490234,False
25,"-2.176,-0.18517494201660156",GSSGNTSVSGGSMSMDYLGRTGSESGGSSNFSSGSGPT,1,run1/g25/g25_13.pdb,-2.176,-0.1851749420166015,False
25,"-2.255,-1.3276519775390625",GYSSNTSVSSSSMNMSYLSRTGYGSFNGSNFSSGSGPT,1,run1/g25/g25_10.pdb,-2.255,-1.3276519775390625,False
25,"-2.342,0.09084129333496094",GYSSNGSVSGSSMNMSYLNRSSYYCFNGSNFSSSSGST,1,run1/g25/g25_8.pdb,-2.342,0.0908412933349609,False
25,"-2.39,-0.6739501953125",SNSYNTSSSGGSMNMDYLNSTGYESFSTSNFSSGVSPT,1,run1/g25/g25_6.pdb,-2.39,-0.6739501953125,False
25,"-2.535,0.3225860595703125",SYSYNGSSSGSSMNMSYLNRSSYYCFNGSNFSSSSGST,1,run1/g25/g25_4.pdb,-2.535,0.3225860595703125,False
25,"-2.084,0.43466758728027344",SYSYNGSGSGGGMNMGYLNRSSGGSFNGSNFSSGVGPT,6,run6/g25/g25_23.pdb,-2.084,0.4346675872802734,False
25,"-2.172,-0.1279163360595703",SNSYNTSSSGGSMNMDYLNSTGYESFNTSNFSSGSSPT,1,run1/g25/g25_23.pdb,-2.172,-0.1279163360595703,False
25,"-2.384,0.29555320739746094",GYSYSGSVSGGSMNMGYLNRSSYESFNGSNFSSSSGPT,8,run8/g25/g25_22.pdb,-2.384,0.2955532073974609,False
25,"-2.055,-1.5402812957763672",SYGYNGGVSGGSMNGGYLNGTSYGSFNGSNSYSGVGPT,2,run2/g25/g25_15.pdb,-2.055,-1.5402812957763672,False
25,"-2.155,0.5069084167480469",GYSSNGSSSGGGMNMSYLSRSSYEGFNGSSFSSSVGPT,8,run8/g25/g25_16.pdb,-2.155,0.5069084167480469,False
25,"-2.445,-0.2603607177734375",GYSSNGSVSGGSMNMGYLNRSGYGSYNGGNFSSGVSPT,8,run8/g25/g25_15.pdb,-2.445,-0.2603607177734375,False
25,"-1.798,0.11220932006835938",GYSYNTSSSGGSMNMDYLNSSGYESFNGSNFSSGVGPT,8,run8/g25/g25_14.pdb,-1.798,0.1122093200683593,False
25,"-2.086,0.2541389465332031",GYSSNGSVSGGGMNMSYLSRSSYECFNGSSFSSSVGPT,8,run8/g25/g25_12.pdb,-2.086,0.2541389465332031,False
25,"-2.243,0.3360614776611328",GYSYNSSSSGGSMNMGYLNRTGYGGFSGSNFSSSVSSG,8,run8/g25/g25_10.pdb,-2.243,0.3360614776611328,False
25,"-1.74,-1.4283981323242188",GYSSNTSVSGGSMNMSYLNRSSYESFNGSNFSSGVGPT,8,run8/g25/g25_8.pdb,-1.74,-1.4283981323242188,False
25,"-2.196,-0.25801849365234375",SYSYNGSVGGGSMSMGYLNSTSYYSFNGSSFSSSVGPT,8,run8/g25/g25_4.pdb,-2.196,-0.2580184936523437,False
25,"-2.53,-0.33930015563964844",GYSSNGSVSGGSMNMGYLNRYSYGSYNGGNFSSGVSPS,8,run8/g25/g25_3.pdb,-2.53,-0.3393001556396484,False
25,"-1.779,0.11407852172851562",GYGYNTSVSGGGMNMDYLNRSSYESFNGSNFSSGVGPG,8,run8/g25/g25_2.pdb,-1.779,0.1140785217285156,False
25,"-2.279,-0.50775146484375",GYSYNGSVSGGSMNMSYLNRTSYGSFGSSNFSSSVGPG,6,run6/g25/g25_19.pdb,-2.279,-0.50775146484375,False
25,"-2.358,0.6368255615234375",SSSYNGSVSGGSMNMGYLSSSSYGSFNGGSFSSGGGPT,6,run6/g25/g25_18.pdb,-2.358,0.6368255615234375,False
25,"-1.839,0.6227054595947266",SYSYNTSVSGGSMNMGYLSRTSYGSFNGSNSYSSVYPY,1,run1/g25/g25_18.pdb,-1.839,0.6227054595947266,False
25,"-2.17,-0.2599983215332031",GYSYGGSVGGGSMNMDYLNRTSYGCFGGYNSYSSVGPG,6,run6/g25/g25_7.pdb,-2.17,-0.2599983215332031,False
25,"-2.269,0.292144775390625",GGSYGGSVGGGSMNMDYLNRTSYGCFGGSNSYSSVGPG,6,run6/g25/g25_6.pdb,-2.269,0.292144775390625,False
25,"-2.165,-0.46156883239746094",GGSSNGSVSGSSMSMDYSNRTSYGCFSSSNSYSGVGPT,2,run2/g25/g25_10.pdb,-2.165,-0.4615688323974609,False
25,"-1.568,-0.20382022857666016",GYGYNTSVSGGSMNGDYLSGTSYGSFNGSNSYSGVGPT,2,run2/g25/g25_13.pdb,-1.568,-0.2038202285766601,False
25,"-2.44,0.8890438079833984",GGSYSGSSSGGGMGMGYLNRSSYGCFNSSNFYSSVGPT,2,run2/g25/g25_2.pdb,-2.44,0.8890438079833984,False
25,"-2.434,-0.8253850936889648",NGSYNGSSSGGGMNMDYLNRSSYNTFNSSNFYSSVSPT,2,run2/g25/g25_3.pdb,-2.434,-0.8253850936889648,False
25,"-2.395,-0.7865867614746094",GSSYNTSSSGSSMNMSYLNRTSYYCGNGSNSSSSVGPY,4,run4/g25/g25_7.pdb,-2.395,-0.7865867614746094,False
25,"-1.73,0.4104194641113281",GSSYSGSSSGSSMNMGYLNRTSYGSFNSSNSSSSVGPT,4,run4/g25/g25_8.pdb,-1.73,0.4104194641113281,False
25,"-1.772,0.08475494384765625",GYSYNTSVSGGSMNMDYLNRSSSECFNSSNFSSSVSST,4,run4/g25/g25_9.pdb,-1.772,0.0847549438476562,False
25,"-2.022,-0.5763740539550781",GYSYSSSSSGSSMNMGYLNSTGYYSFSGSNSSSGVGPT,4,run4/g25/g25_16.pdb,-2.022,-0.5763740539550781,False
25,"-2.192,0.45578575134277344",GYSYNGSVSGGSMGMDYLNRTSSGSFNSSNFSSSVGPG,6,run6/g25/g25_15.pdb,-2.192,0.4557857513427734,False
26,"-1.809,-0.2822532653808594",GYSSNGSSSGGGMNMSYLSRSSYECFNGSSFSSGVGPG,8,run8/g26/g26_3.pdb,-1.809,-0.2822532653808594,False
26,"-2.414,0.7092094421386719",GYGSNGSSSGGSMSMSYLNSTSSGSFSGSNFSSGVGPT,9,run9/g26/g26_16.pdb,-2.414,0.7092094421386719,False
26,"-2.446,-0.6423006057739258",GYSYNGSSSGGSMNMDYLSSTSYGSFNSGNSYSGVGPT,9,run9/g26/g26_6.pdb,-2.446,-0.6423006057739258,False
26,"-2.553,0.1635723114013672",GGSSSTSSSGGSMGMDYLNSTSSGSFSGSSFSSSSGPT,9,run9/g26/g26_4.pdb,-2.553,0.1635723114013672,False
26,"-2.634,0.13518142700195312",GGSYSTGSSGGSMSMGYLNRTSSGSFSGSNFSSGSGPT,9,run9/g26/g26_2.pdb,-2.634,0.1351814270019531,False
26,"-2.556,-1.3108749389648438",GGSYSGSSSGGSMSMGYLNSTSYGSFNSGNSYSGVGPT,9,run9/g26/g26_13.pdb,-2.556,-1.3108749389648438,False
26,"-2.315,0.2488842010498047",GSSSNGSSSGSSYSMDYLNSSGYGCFNGSNFSSSVGPG,14,run14/g26/g26_23.pdb,-2.315,0.2488842010498047,False
26,"-2.236,0.6194038391113281",SYSYNGGSSGSSYSMGYLNRTSSGCFNGSNFSSSVGPT,14,run14/g26/g26_1.pdb,-2.236,0.6194038391113281,False
26,"-2.009,0.6596012115478516",SSSSYTSVSGSSYNMDYLNRTSYGSFNTSNFSSGVSPT,14,run14/g26/g26_9.pdb,-2.009,0.6596012115478516,False
26,"-1.947,0.4052591323852539",SSTSNTSVSGSSYNMDYLNSTSYGSFNTSNFSSGVSPT,14,run14/g26/g26_10.pdb,-1.947,0.4052591323852539,False
26,"-2.352,1.2352867126464844",SYSYNGGVSGSSYSMGYLNRTSSGSFNGSNFSSGVGPT,14,run14/g26/g26_13.pdb,-2.352,1.2352867126464844,False
26,"-2.269,-1.4275569915771484",SSSYNGSSSGSSYSMSYLGRSSYGCFNGSNFSSSVGPG,14,run14/g26/g26_19.pdb,-2.269,-1.4275569915771484,False
26,"-1.815,0.4486217498779297",SSSSYTSVSGSSYNGDYLNRTSYGSFNGSNFSSSVSPT,14,run14/g26/g26_20.pdb,-1.815,0.4486217498779297,False
26,"-2.466,0.4024772644042969",GYSYNGSSSGGSMNMSYLNSTSYGSFNSGNSYSSVGPT,9,run9/g26/g26_20.pdb,-2.466,0.4024772644042969,False
26,"-1.567,-0.06033515930175781",GYSSNTSVSGGSMNMSYLNRSSYESFNGSNSSSGVGPT,8,run8/g26/g26_22.pdb,-1.567,-0.0603351593017578,False
26,"-1.842,0.057964324951171875",GYSSNGSVSGGGMNMSYLSRSSYECFNSSSFSSGVGPT,8,run8/g26/g26_19.pdb,-1.842,0.0579643249511718,False
26,"-2.185,0.11463165283203125",GYSSNGSSSGGGMNMSYLSRSSYEGFNSSSFSSSVGPT,8,run8/g26/g26_10.pdb,-2.185,0.1146316528320312,False
26,"-2.537,0.9476108551025391",GYSSNGSVSGGSMNMGYLNRYSYGSYNYGNFSSGVSPS,8,run8/g26/g26_6.pdb,-2.537,0.9476108551025392,False
26,"-1.552,0.22372817993164062",SYSSNTSVSGGSYNMGYLNRTYYYCFNCSNFSSSVGPT,12,run12/g26/g26_24.pdb,-1.552,0.2237281799316406,False
26,"-2.097,-0.7516384124755859",GYSSNGSSSGGSMNMDYLNSSSSGSFGGSNFSSGVGPT,15,run15/g26/g26_21.pdb,-2.097,-0.7516384124755859,False
26,"-1.896,0.06786537170410156",GYSYGGSVSGGSMNMDYLNGSGYGCFNGSNFSSGVSPT,15,run15/g26/g26_6.pdb,-1.896,0.0678653717041015,False
26,"-2.136,-0.14566802978515625",SYSGSSSSSGGSMNMDYLNRTGSECFNSSNFSSGVGPT,15,run15/g26/g26_10.pdb,-2.136,-0.1456680297851562,False
26,"-2.172,-0.542755126953125",SYSSNTSVSGSSMGMDYLSRTSTGTFSTSNFSSSSSPG,15,run15/g26/g26_13.pdb,-2.172,-0.542755126953125,False
26,"-2.038,-0.03369140625",GYSYGGSVSGGSMNMGYLNGSGYGCFNGSNFSSSVSPT,15,run15/g26/g26_14.pdb,-2.038,-0.03369140625,False
26,"-2.088,-0.5592460632324219",SYSSSSSSSSGSMSMDYLNRTGSECFNGSNFSSGVGPT,15,run15/g26/g26_17.pdb,-2.088,-0.5592460632324219,False
26,"-2.402,9.1552734375e-05",SYSSSLSSSGGSMNMDYLNRTGYECFSGSNFSSGSGPT,15,run15/g26/g26_19.pdb,-2.402,9.1552734375e-05,False
26,"-2.116,0.12555313110351562",SYSSSSSSSSGSMNMGYLNRTGSECFNGSNFSSGVGPT,15,run15/g26/g26_22.pdb,-2.116,0.1255531311035156,False
26,"-1.49,-0.05156135559082031",GYSYSGSSSGGSYNMDYLNRTSYGSFGGSNFSSGVGPT,12,run12/g26/g26_19.pdb,-1.49,-0.0515613555908203,False
26,"-2.478,0.17192649841308594",GYSYSSSVSGGSMNMGYLNRTGYGSFNGSNFSSGVGPT,7,run7/g26/g26_16.pdb,-2.478,0.1719264984130859,False
26,"-2.253,0.4457721710205078",GYGYSTSVSGGSMNMGYLNSTGYGCFNSSNFSSSVGPT,7,run7/g26/g26_14.pdb,-2.253,0.4457721710205078,False
26,"-1.976,-0.288909912109375",GYSYNSSVGGGSMNGGYLSRTGYESFSGSSFSSGVGPG,7,run7/g26/g26_5.pdb,-1.976,-0.288909912109375,False
26,"-2.268,-0.0679931640625",GSSGNSSVSGGSMSMDYLNSTGYECFNGSNFSSSVGPT,7,run7/g26/g26_1.pdb,-2.268,-0.0679931640625,False
26,"-2.482,-0.5145187377929688",GSSYNSSSSGGSMGMGYLGSTGYGCFSSSNFSSSVGPT,12,run12/g26/g26_11.pdb,-2.482,-0.5145187377929688,False
26,"-1.873,-0.7323837280273438",GYSYNSSVSGGSYNMGYLNRTGYYCFSGSNFSSGVGPT,12,run12/g26/g26_8.pdb,-1.873,-0.7323837280273438,False
26,"-2.542,-0.14987754821777344",GYSYNSGVGGGGMGMGYLNRTGYYCYNGSNFSSSVGPT,12,run12/g26/g26_3.pdb,-2.542,-0.1498775482177734,False
26,"-2.219,0.23926925659179688",GYSSNGSSSGGGMNMSYLSSSSYECFNGSSFSSSVGPT,8,run8/g26/g26_5.pdb,-2.219,0.2392692565917968,False
26,"-1.842,0.5580310821533203",GYSSGGSVSGGGMNMSYLSRSSYECFNGSSFSSGVGPT,8,run8/g26/g26_4.pdb,-1.842,0.5580310821533203,False
26,"-2.365,-0.9635391235351562",GYSYNTSSSSSNMSMSYLNRSSYYGFNGSNFSSSVGST,1,run1/g26/g26_3.pdb,-2.365,-0.9635391235351562,False
26,"-2.672,-0.7490787506103516",GGSYNGSVSGGGMSMSYLNRSSYGCFNGSNFSSSVGPY,1,run1/g26/g26_4.pdb,-2.672,-0.7490787506103516,False
26,"-2.321,-0.30393218994140625",GYSYNGSSSGSSMNMSYLNRSSYYGFNGSNFSSSVGST,1,run1/g26/g26_5.pdb,-2.321,-0.3039321899414062,False
26,"-2.283,-0.23288345336914062",GSSGNSSVSGGGMNMDYLGRTGGESGGGGNFSSGVGPT,1,run1/g26/g26_6.pdb,-2.283,-0.2328834533691406,False
26,"-2.634,-0.84906005859375",GSSYNGSVSGGGMSMSYLGRSSYYCSNGSNFSSSVGPY,1,run1/g26/g26_7.pdb,-2.634,-0.84906005859375,False
26,"-2.392,0.5991134643554688",SNSYNTSSSGGSMNMDYLNSTGYGSFSTSNFSSGVSPT,1,run1/g26/g26_9.pdb,-2.392,0.5991134643554688,False
26,"-2.316,0.28292083740234375",GYSSNTSVSSSSMNMSYLNRTGYGSFNSSNFSSGSGPT,1,run1/g26/g26_12.pdb,-2.316,0.2829208374023437,False
26,"-2.443,0.5818748474121094",GYSSNTSVSSSSMNMSYLNSTGYGSFNGSNFSSGSGPT,1,run1/g26/g26_15.pdb,-2.443,0.5818748474121094,False
26,"-2.477,-0.3212261199951172",GSSGNTSVSSGSMSMDYLGRTGSESGGSSNFSSGSGPT,1,run1/g26/g26_20.pdb,-2.477,-0.3212261199951172,False
26,"-2.409,0.17706680297851562",GYSSNGSVSGGSMNMDYLNRTSYGCFNGGNSYSGVGPS,2,run2/g26/g26_2.pdb,-2.409,0.1770668029785156,False
26,"-1.885,1.0185661315917969",SYSYNTSSSGGSMNMSYLSSSSYYSFNGSNFSSSVGPT,11,run11/g26/g26_24.pdb,-1.885,1.0185661315917969,False
26,"-2.055,-0.12127685546875",GYSSGGSVSGGSMSMDYLNSTSYGCFNSSNSYSGVGPT,2,run2/g26/g26_18.pdb,-2.055,-0.12127685546875,False
26,"-2.452,-0.8951683044433594",GGSSNGSSSGSGMSMDYLNRSSYGTFNTSNFYSSVSPT,2,run2/g26/g26_16.pdb,-2.452,-0.8951683044433594,False
26,"-2.073,-0.3314800262451172",SYSGNTSGSGGSMSMGYLGSGSYGSGNGSNFSSGVGPT,2,run2/g26/g26_13.pdb,-2.073,-0.3314800262451172,False
26,"-2.182,-0.77471923828125",GGSSNGSVSGSSMSMSYSNRTSYGCFSSSNSYSGVGPT,2,run2/g26/g26_9.pdb,-2.182,-0.77471923828125,False
26,"-2.151,0.39517784118652344",SYSSNTSVSGGSMNMGYLGSGSYGSGNGSNFSSSVGPT,2,run2/g26/g26_3.pdb,-2.151,0.3951778411865234,False
26,"-2.294,0.20548057556152344",GSGGNTSVSGGSMSMDYLGGTGYECGGSSNFSSGVGPT,1,run1/g26/g26_23.pdb,-2.294,0.2054805755615234,False
26,"-2.63,-0.2913475036621094",SGSYNTSVSGSSMNMSYLNRTGSESGNGSNFSSGVGPT,10,run10/g26/g26_5.pdb,-2.63,-0.2913475036621094,False
26,"-1.982,0.5329399108886719",GYSYNGSVSGGSMNMGYLNRTGYGSFNGGNFSSGVGGT,10,run10/g26/g26_3.pdb,-1.982,0.5329399108886719,False
26,"-1.905,0.09309196472167969",GYSYNGSVSGGSMSMDYLNRTGYGSFNSGNFSSGVGPT,10,run10/g26/g26_24.pdb,-1.905,0.0930919647216796,False
26,"-2.125,-0.4454059600830078",GYSYNGSVSGGSMNMDYLNRTSYGSFGSSNFSSSVGPG,6,run6/g26/g26_1.pdb,-2.125,-0.4454059600830078,False
26,"-2.284,-1.8927459716796875",GYSYGGSVGGGSMNMYYLNRTSYGCFGGYNSYSSVGPG,6,run6/g26/g26_3.pdb,-2.284,-1.8927459716796875,False
26,"-2.791,-0.23080062866210938",SYSYNGSVSGSSMNMGYLSSSSYECFSGGSFSSGGGPT,6,run6/g26/g26_9.pdb,-2.791,-0.2308006286621093,False
26,"-2.146,-0.07905387878417969",GYSYGTGVGGGSMNMDYLNRTSYGCFGGSNSYSSVGPG,6,run6/g26/g26_10.pdb,-2.146,-0.0790538787841796,False
26,"-2.712,-0.05508613586425781",SSSYNGSVGGGSMNMGYLSSSSYESFNGGSFSSGGGPT,6,run6/g26/g26_17.pdb,-2.712,-0.0550861358642578,False
26,"-2.47,-0.023885726928710938",GGSYGGSVGGGSMNMDYLNRTSYGCFGGGNSYSSVGPG,6,run6/g26/g26_18.pdb,-2.47,-0.0238857269287109,False
26,"-1.717,-0.2309417724609375",SYSYSSSSSGSSMNMGYLNSTGYGCFNGSNSSSGVGPT,4,run4/g26/g26_19.pdb,-1.717,-0.2309417724609375,False
26,"-2.276,-0.24061012268066406",SYSSNTGVSGGSMSMDYSNRTSSGSFNSSNFSSSVGPT,4,run4/g26/g26_17.pdb,-2.276,-0.240610122680664,False
26,"-2.449,-0.09365272521972656",SYSSNTGVSGGSMSMDYSNRTSSGSFNGSNFSSSVSPT,4,run4/g26/g26_16.pdb,-2.449,-0.0936527252197265,False
26,"-2.182,0.33493614196777344",GYSYSTSVSGGSMNMGYLNSTGYECFNGSNFSSSVGPT,4,run4/g26/g26_11.pdb,-2.182,0.3349361419677734,False
26,"-2.133,-0.5240154266357422",GYSYSSSSSGSSMNMGYLSSTGYYSFNGSNSSSSVGPT,4,run4/g26/g26_8.pdb,-2.133,-0.5240154266357422,False
26,"-1.956,0.213897705078125",SYGSGTSVSGSSMNMDYLGRTSYGCFNGSNFSSSVGPG,13,run13/g26/g26_24.pdb,-1.956,0.213897705078125,False
26,"-1.815,0.4020576477050781",GYSYNTGVSGGSMNMDYLNRSSSECFNSSNFSSGVSPT,4,run4/g26/g26_5.pdb,-1.815,0.4020576477050781,False
26,"-2.468,0.655670166015625",GYSYNTSVSGGSMSMGYLGSTGYYCFNGSNFSSGVSPT,13,run13/g26/g26_2.pdb,-2.468,0.655670166015625,False
26,"-2.411,-0.6367073059082031",GYSSNGSSSGSSMNMSYLNSSSYESGNSSNFSSGVGPT,13,run13/g26/g26_3.pdb,-2.411,-0.6367073059082031,False
26,"-1.853,-0.8632946014404297",SYSSNSSVSGSSMGMDYLSRSGYGGFNGSNFSSSVGPG,13,run13/g26/g26_8.pdb,-1.853,-0.8632946014404297,False
26,"-2.448,-0.38435935974121094",SYSYNTSVSGGSMNMGYLGRTGYYSFNGSNFSSGVGPG,13,run13/g26/g26_13.pdb,-2.448,-0.3843593597412109,False
26,"-1.753,-0.19503211975097656",SYSYSSSSGSGSMSMSYLSRTGSESFNGSNFGSGVGPT,13,run13/g26/g26_14.pdb,-1.753,-0.1950321197509765,False
26,"-2.606,0.5379867553710938",GYSYSTSVSGGSMSMGYLGSTGYYSFNGSNFSSGVGPT,13,run13/g26/g26_15.pdb,-2.606,0.5379867553710938,False
26,"-2.5,-0.1303882598876953",GYSSNTSSSGSSMNMSYLNSSSYESGNSSNFSSGSGPT,13,run13/g26/g26_16.pdb,-2.5,-0.1303882598876953,False
26,"-1.762,-0.2643871307373047",SYSYNSSSGSGSMSMSYLGRTGSECFNGSNFGSGVGPT,13,run13/g26/g26_17.pdb,-1.762,-0.2643871307373047,False
26,"-1.977,-0.1303558349609375",GYSSNTSVSGGSMNMDYLGGTGYECFSGSNFSSGVSPT,13,run13/g26/g26_19.pdb,-1.977,-0.1303558349609375,False
26,"-1.657,0.848790168762207",GYSYNTSVSGGSMNMDYLNRTSYGGFNSSNFSSSVGST,11,run11/g26/g26_1.pdb,-1.657,0.848790168762207,False
26,"-1.61,-0.508885383605957",GYSYNGSVSGGSMNMDYLNRTSYGGFGSSNFSSSVGPT,11,run11/g26/g26_9.pdb,-1.61,-0.508885383605957,False
26,"-1.977,1.241403579711914",SYSYNTSSSGGNMNMSYLNRSSSYSFNGSNFSSSVGPT,11,run11/g26/g26_13.pdb,-1.977,1.241403579711914,False
26,"-2.226,0.12862396240234375",GSSSNTSSSGGSMNMSYLNRTSYGGFNSSNFSSSVGPT,11,run11/g26/g26_14.pdb,-2.226,0.1286239624023437,False
26,"-1.954,-0.028842926025390625",GSSSNTSVSGGSMNMSYLNRTSYGGFNSSNFSSSVSPT,11,run11/g26/g26_15.pdb,-1.954,-0.0288429260253906,False
26,"-2.027,0.2455158233642578",SYSYNTSSSGGSMNMSYLNRSSYYYYNGSNFSSSVGPT,11,run11/g26/g26_19.pdb,-2.027,0.2455158233642578,False
26,"-1.921,1.593862533569336",GYSYNTSVSGGSMNMDYLNRSSSEGFNSSNFSSSVSST,4,run4/g26/g26_0.pdb,-1.921,1.593862533569336,False
26,"-2.224,0.4879875183105469",SSSSNSSSSGGSMNMDYLNRSGYEGFNGSNFSSSVGPT,3,run3/g26/g26_22.pdb,-2.224,0.4879875183105469,False
26,"-2.211,-0.6590633392333984",GYSSGTSVSGGSMGMDYLNRSSYGCFSGSSFSSGVSPT,3,run3/g26/g26_21.pdb,-2.211,-0.6590633392333984,False
26,"-2.603,0.0605316162109375",GSSYSTSVSGSGMNMDYLNRSGYYSFNGSNFSSGVSPT,3,run3/g26/g26_20.pdb,-2.603,0.0605316162109375,False
26,"-2.181,-0.059650421142578125",GYSYGSSGSGGSMNMDYLNGSGYGCYNGSNFSSGVSPG,3,run3/g26/g26_16.pdb,-2.181,-0.0596504211425781,False
26,"-2.401,-1.1336135864257812",SSSYNTSSSGGSMNMSYLNRSGYEGFNGSNFSSSVSPT,3,run3/g26/g26_13.pdb,-2.401,-1.1336135864257812,False
26,"-2.105,-0.441864013671875",GYSYGGSVSGGSMNMDYLNGYGYGCYNGSNFYSGVSPG,3,run3/g26/g26_8.pdb,-2.105,-0.441864013671875,False
26,"-2.549,-0.1727123260498047",GSSYNTSSSGSSMNMSYLNRSSYYCFSGSNFSSGVSPT,3,run3/g26/g26_6.pdb,-2.549,-0.1727123260498047,False
26,"-2.037,-0.52392578125",SYSYNTSVSGGSMSMGYLGRGSSGSGNGSNFSSGVGPT,2,run2/g26/g26_11.pdb,-2.037,-0.52392578125,False
26,"-2.593,-0.05405235290527344",GYSYNTGVSGGSMNMGYLNRTGSESFSGSNFSSGVGPT,16,run16/g26/g26_21.pdb,-2.593,-0.0540523529052734,False
26,"-2.549,-0.14361190795898438",GYSYNTSGSGGSMNMGYLNRTGYGSFNGSNFSSGVGPT,16,run16/g26/g26_17.pdb,-2.549,-0.1436119079589843,False
26,"-2.539,-0.3770256042480469",GYSYNTSVGGGSMNMGYLNRTGYGSFNSSNFSSGVGPG,16,run16/g26/g26_16.pdb,-2.539,-0.3770256042480469,False
26,"-2.266,0.5841884613037109",GSSYNTSSSGGSMNMSYLNRTSYGGFNGSNFSSSSGST,16,run16/g26/g26_9.pdb,-2.266,0.5841884613037109,False
26,"-2.208,1.1045665740966797",GSSYNTGVSGGSMNMSYLNRSSSESFNGSNFSSGVGPT,5,run5/g26/g26_19.pdb,-2.208,1.1045665740966797,False
26,"-1.851,-0.42416954040527344",SYSSGTSVSGSSMNMSYSNSTSYGCFNGSNFSSGVGPG,5,run5/g26/g26_15.pdb,-1.851,-0.4241695404052734,False
26,"-1.91,-0.3133983612060547",SSSSGTSVSGGSMNMSYLNSTSYGCFNGSNFSSGVGPT,5,run5/g26/g26_11.pdb,-1.91,-0.3133983612060547,False
26,"-2.115,-0.36991119384765625",SYSSNTSVSGSGMNMDYLNSSSYGSFNGSNFSSGVSPT,5,run5/g26/g26_9.pdb,-2.115,-0.3699111938476562,False
26,"-2.723,-0.06925392150878906",SSSYNTSSSGGSMNMDYLNRSSSGCFSGSNFSSSVGPT,5,run5/g26/g26_8.pdb,-2.723,-0.069253921508789,False
26,"-2.26,-1.0307750701904297",SSSSNTSVSGGSMSMSYLNSTSYGGFNGSNFSSSVGPT,5,run5/g26/g26_21.pdb,-2.26,-1.0307750701904297,False
26,"-2.14,0.3747978210449219",SSSSGGSVSGSSMNMSYLNSTSYGCFNGSNFSSGVGPG,5,run5/g26/g26_22.pdb,-2.14,0.3747978210449219,False
26,"-2.387,0.1931018829345703",GSSYSGSVSGGGMNMDYLNRSSSECFSGSNFSSSVGPT,5,run5/g26/g26_3.pdb,-2.387,0.1931018829345703,False
26,"-2.081,-0.7679729461669922",GYSSGTSVSGSSMSMSYLNSTGYGCGNGSNFSSSGGPG,5,run5/g26/g26_23.pdb,-2.081,-0.7679729461669922,False
27,"-1.578,0.1594715118408203",SYGYNTSSSGGSMNMDYLNRSGSGGFSGSNFSSSVGPT,11,run11/g27/g27_3.pdb,-1.578,0.1594715118408203,False
27,"-1.911,-0.17766761779785156",GSSYSTSVSGGSMNMDYLSRTSYGGFSSSNFSSSVSPT,11,run11/g27/g27_4.pdb,-1.911,-0.1776676177978515,False
27,"-1.932,-0.2574653625488281",GYSYSGGVSGGSMNMDYLNGSGGECFGGSSFSSGVGPG,15,run15/g27/g27_12.pdb,-1.932,-0.2574653625488281,False
27,"-2.146,-0.4908924102783203",SYSSGTSVSGSSMSMSYLNSTGYGCFNGSNFSSSGGPG,5,run5/g27/g27_12.pdb,-2.146,-0.4908924102783203,False
27,"-2.336,-0.3121337890625",SSSYNGSVSGGGMNMDYLNRSSSECFSGSNFSSSVGPT,5,run5/g27/g27_5.pdb,-2.336,-0.3121337890625,False
27,"-2.724,2.124786376953125",SSSYNTSSSGGSMNMDYLNRSSSGGFSGSNFSSSVGPT,5,run5/g27/g27_0.pdb,-2.724,2.124786376953125,True
27,"-2.042,0.25031185150146484",SYSYNTSSSGGNMNMSYLNRSSSYSFNGSNFSSSVSPT,11,run11/g27/g27_1.pdb,-2.042,0.2503118515014648,False
27,"-1.854,-0.3240032196044922",GYSYNTSSSGGSMNMDYLNRTSYGGFSSSNFSSSVGPT,11,run11/g27/g27_14.pdb,-1.854,-0.3240032196044922,False
27,"-1.988,0.7589302062988281",YYSSNGSVSGGSMSMSYYNRTSYGCFNSSNSYSGVGPT,2,run2/g27/g27_22.pdb,-1.988,0.7589302062988281,False
27,"-2.741,0.1263599395751953",GSSSNTSSSGGSMNMSYLNRSSYGGFNSSNFSSSVGPT,7,run7/g27/g27_24.pdb,-2.741,0.1263599395751953,False
27,"-2.474,-0.4235191345214844",GYSSNGSVSGGSMNMGYLNRSSYGSYSGGNFSSGVSPT,8,run8/g27/g27_21.pdb,-2.474,-0.4235191345214844,False
27,"-1.805,-0.8476524353027344",GYSSNGSSSGGGMNMSYLSRSSYECFGGSSFSSGVGPG,8,run8/g27/g27_8.pdb,-1.805,-0.8476524353027344,False
27,"-2.479,-0.22814178466796875",GYSSNGSVSGGGMNMGYLNRSGYGSYNGGNFSSGVSPT,8,run8/g27/g27_4.pdb,-2.479,-0.2281417846679687,False
27,"-2.132,0.40997314453125",GYSSNGSVSGGGMNMSYLSSSSYECFNGSSFSSSVGPT,8,run8/g27/g27_2.pdb,-2.132,0.40997314453125,False
27,"-2.08,-0.6426010131835938",SNSYNTSSSGGSMNMDYLNSTGYGSFSTSSFSSGVSPT,1,run1/g27/g27_1.pdb,-2.08,-0.6426010131835938,False
27,"-2.402,-0.15966033935546875",GYSYSTSVSGGSMNMGYLNSTGYYCFNSSNFSSSVGPT,7,run7/g27/g27_22.pdb,-2.402,-0.1596603393554687,False
27,"-1.636,-0.36795997619628906",GYSYNGSVSGGSMNMDYLNRTSYGGFSSSNFSSSVGPT,11,run11/g27/g27_17.pdb,-1.636,-0.367959976196289,False
27,"-1.633,0.08802509307861328",GYSSNTSVSGGSMNMDYLNRTSGGGFNSSNFSSSVGPT,11,run11/g27/g27_21.pdb,-1.633,0.0880250930786132,False
27,"-2.513,-0.9535198211669922",GGSYNGSSSGGGMNMGYLGGSSYGCFNSSNFYSSVGPG,2,run2/g27/g27_23.pdb,-2.513,-0.9535198211669922,False
27,"-2.301,-0.4130859375",SYSYNSSSSGGSMNMDYLGSTGYESGNGSNFSSGVGPY,7,run7/g27/g27_16.pdb,-2.301,-0.4130859375,False
27,"-2.487,0.42583656311035156",GSSYNTSSSGGSMGMGYLGSTGYGCFSSSNFSSSVSPT,12,run12/g27/g27_6.pdb,-2.487,0.4258365631103515,False
27,"-2.35,0.3827781677246094",GYSYNTSSSGSSYNMSYLNYTGYYSFNSSNFSSSVGPT,12,run12/g27/g27_10.pdb,-2.35,0.3827781677246094,False
27,"-1.61,0.026927947998046875",SYSSNTSVSGGSYNMGYLNRTYYYTFNCSNFSSSVGPT,12,run12/g27/g27_13.pdb,-1.61,0.0269279479980468,False
27,"-2.22,-0.41875648498535156",GYSYSGSVSGSSMSMGYLNRTSYGCFSSSNFSGSVGPT,12,run12/g27/g27_20.pdb,-2.22,-0.4187564849853515,False
27,"-1.657,0.5787353515625",GYSYSGSSSGGSYNMDYLNRTSYGSFGGSNFSSGVSPT,12,run12/g27/g27_21.pdb,-1.657,0.5787353515625,False
27,"-2.184,0.33963966369628906",GYSYNTSSSGGSMNMDYLNYTSYGGFNSSNFSSSVGST,16,run16/g27/g27_19.pdb,-2.184,0.339639663696289,False
27,"-2.224,0.058628082275390625",GYSYNTSVSGGSMNMGYLNRTGSGSFNGSNFSSGVGPT,16,run16/g27/g27_17.pdb,-2.224,0.0586280822753906,False
27,"-2.705,-0.2739067077636719",GSSYNTSSSGSSMNMSYLNRSSYYCFSGSSFSSGVSPT,3,run3/g27/g27_11.pdb,-2.705,-0.2739067077636719,False
27,"-2.279,-0.09769058227539062",GYSSGTSVSGGSMNMDYLNSSSYGCFSGSSFSSGSSPT,3,run3/g27/g27_9.pdb,-2.279,-0.0976905822753906,False
27,"-1.689,-0.12016677856445312",GSSYNTSVSGSSMNMDYLNRTGYGCFSSSNFSSGVSSG,3,run3/g27/g27_8.pdb,-1.689,-0.1201667785644531,False
27,"-2.143,-0.2677879333496094",GYGYNNSVGGGGMNMGYLNRTGYGCFNGSNFSSNVSPT,3,run3/g27/g27_7.pdb,-2.143,-0.2677879333496094,False
27,"-2.376,-0.4388160705566406",GYSYNTSVSGSSMNMSYLSSTGYGCFNYSSFSSGVSGG,3,run3/g27/g27_15.pdb,-2.376,-0.4388160705566406,False
27,"-2.611,0.11172103881835938",GSSSSTSVSGSGMNMDYLNRSGYYSFNGSNFSSGVSPT,3,run3/g27/g27_16.pdb,-2.611,0.1117210388183593,False
27,"-2.363,0.6916465759277344",GYSYGGSVSGGSMNMDYLNRYGYGCYNGSNFSSGVSGG,3,run3/g27/g27_19.pdb,-2.363,0.6916465759277344,False
27,"-2.464,-0.3338775634765625",GSSYNTSVSGSSMNMDYLNSSGYYSFNGSNFSSGSSPT,3,run3/g27/g27_20.pdb,-2.464,-0.3338775634765625,False
27,"-2.437,0.035144805908203125",GYSYGSSGSGGSMNMDYLNGSGYGCYNGGNFSSGVSPG,3,run3/g27/g27_21.pdb,-2.437,0.0351448059082031,False
27,"-2.265,0.23795127868652344",SSSSNTSVSGGSMSMSYLNSTSYGGFNSSNFSSSVGPT,5,run5/g27/g27_24.pdb,-2.265,0.2379512786865234,False
27,"-2.404,0.18590927124023438",GSSYSGSVSGGGMNMDYLNSSSSECFSGSNFSSSVGPT,5,run5/g27/g27_22.pdb,-2.404,0.1859092712402343,False
27,"-2.306,-0.7221641540527344",GYSYNTSSGGGSMNGGYLNGTSGGSFNSSNFSSGVGPG,12,run12/g27/g27_1.pdb,-2.306,-0.7221641540527344,False
27,"-2.433,-1.0084972381591797",GYSYNTSSSGGSMSMSYLGRTSSYGFNSSNFSSSVGSY,5,run5/g27/g27_18.pdb,-2.433,-1.0084972381591797,False
27,"-2.262,0.20871734619140625",SSSSSSSSSSGSMNMDYLNRTGSECFNGSNFSSSVGPT,15,run15/g27/g27_21.pdb,-2.262,0.2087173461914062,False
27,"-2.125,0.3919105529785156",GYSSNGSSSGGSMNMGYLNSSSSGSFNGSNFSSGVGPT,15,run15/g27/g27_18.pdb,-2.125,0.3919105529785156,False
27,"-2.473,-0.24607467651367188",GNSYSGGVSGGGMNMDYLNRSGYESFNSSNFSSGVGPT,15,run15/g27/g27_17.pdb,-2.473,-0.2460746765136718,False
27,"-2.108,-0.6518363952636719",GYSSNGSSGGGSMNMDYLNSSSSGSFGGSNFSSGVGPT,15,run15/g27/g27_16.pdb,-2.108,-0.6518363952636719,False
27,"-2.215,-0.3617897033691406",SYSSNTSVSSSSMNMDYLSRTSTGTFSTSNFSSSSSPG,15,run15/g27/g27_11.pdb,-2.215,-0.3617897033691406,False
27,"-1.969,0.3835296630859375",GYSYGGSVSGGSMNMGYLNSSGYGCFNGSNFSSSVSPT,15,run15/g27/g27_3.pdb,-1.969,0.3835296630859375,False
27,"-2.481,-0.3447074890136719",GYSYNSSVGGGSMNMGYLNRTGYGSFNSSNFSSGVGPG,16,run16/g27/g27_9.pdb,-2.481,-0.3447074890136719,False
27,"-2.599,-0.28183746337890625",GYSYSTGVSGGSMNMGYLNRTGSESFSGSNFSSGVGPT,16,run16/g27/g27_8.pdb,-2.599,-0.2818374633789062,False
27,"-2.155,-0.6870098114013672",GYSYNGSSSGGSMNMGYLGRTGYGGFSGSNFSSSVSSG,8,run8/g27/g27_24.pdb,-2.155,-0.6870098114013672,False
27,"-2.127,-0.1663360595703125",SYSSNGSVSGSGMNMSYLNRSSYECFNSSSFSSGVGPG,8,run8/g27/g27_23.pdb,-2.127,-0.1663360595703125,False
27,"-2.377,-0.346588134765625",GGSSNGSSSGSGMSMDYLNRSSYGTFSTSNFYSSVSPT,2,run2/g27/g27_3.pdb,-2.377,-0.346588134765625,False
27,"-2.134,0.23567962646484375",GYSSGGSVSGGGMSMDYLNRTSYGCFNSSNSYSGVGPT,2,run2/g27/g27_5.pdb,-2.134,0.2356796264648437,False
27,"-1.943,-0.18166160583496094",SYSSNTSVSGGSMNMGYLGSGGYGSGNGSNFSSGVGPT,2,run2/g27/g27_7.pdb,-1.943,-0.1816616058349609,False
27,"-2.057,-0.5144615173339844",GYSSGGSVSGGSMSMDYLNSTSYGCYNSSNSYSGVGPT,2,run2/g27/g27_9.pdb,-2.057,-0.5144615173339844,False
27,"-2.549,-0.014223098754882812",GYSYSSSSSGGSMSMDYLNRTGYETFSSSNFSSSVGPT,13,run13/g27/g27_6.pdb,-2.549,-0.0142230987548828,False
27,"-1.978,1.1602897644042969",SYGSGTSVSGSSMNMDYLGRTSYGGFNGSNFSSSVGPG,13,run13/g27/g27_2.pdb,-1.978,1.1602897644042969,False
27,"-1.761,0.44284629821777344",GYSYNGSVSGGSMSMDYLNRTGYGSFNGGNFSSSVGPT,10,run10/g27/g27_19.pdb,-1.761,0.4428462982177734,False
27,"-2.34,-0.021175384521484375",SYGYNTGVSGSSMSMDYLNSTGSESGNGSNFSSGVGPG,10,run10/g27/g27_18.pdb,-2.34,-0.0211753845214843,False
27,"-2.292,-0.23941421508789062",SYSYNTSSSGGSMSMSYLNSTSSYCFSGSNFSSSVGPG,10,run10/g27/g27_17.pdb,-2.292,-0.2394142150878906,False
27,"-2.63,-0.36580657958984375",SGSYNSSVSGSSMNMSYLNRTGSESGNGSNFSSGVGPT,10,run10/g27/g27_13.pdb,-2.63,-0.3658065795898437,False
27,"-2.572,-0.7316341400146484",SYGYNTSSSGSSMSMSYLNSTGSESGNGSNFSSGVGPG,10,run10/g27/g27_21.pdb,-2.572,-0.7316341400146484,False
27,"-1.89,-0.5898780822753906",GYSYSSSSSGSSMNMGYGNSTGYGCFNGSNSSSSVGPT,4,run4/g27/g27_5.pdb,-1.89,-0.5898780822753906,False
27,"-1.986,-0.026714324951171875",GYSYSSSSSGSSMNMGYLNSTGSYSFNGSNSSSGVGPT,4,run4/g27/g27_3.pdb,-1.986,-0.0267143249511718,False
27,"-2.338,-1.4395427703857422",GGSYNSSSSGSSMNMDYLNSTGSYSFSSSNSSSGVGPT,4,run4/g27/g27_2.pdb,-2.338,-1.4395427703857422,False
27,"-1.842,0.10552597045898438",GYSSGTSVSGGSMNMDYLGGTGYECFSGSNFSSGVSPT,13,run13/g27/g27_24.pdb,-1.842,0.1055259704589843,False
27,"-2.686,1.445638656616211",GGSYNGSVSGGGMSMSYLNRSSYGGFNGSNFSSSVGPY,1,run1/g27/g27_4.pdb,-2.686,1.445638656616211,False
27,"-1.867,-1.2447853088378906",SYSYNSSVSGGSMSMSYLNRTGYGSFNGSNFSSGVGPT,10,run10/g27/g27_8.pdb,-1.867,-1.2447853088378906,False
27,"-2.4,0.2195415496826172",GGSSSTGSSGGSMGMDYLNRTSSGSFSGSSFSSSSGPT,9,run9/g27/g27_1.pdb,-2.4,0.2195415496826172,False
27,"-2.665,-1.0272769927978516",GGSYSGSSSGGSMSMGYLNRTSSGSFSGSNFSSGSGPT,9,run9/g27/g27_2.pdb,-2.665,-1.0272769927978516,False
27,"-2.427,0.2241230010986328",SGSGSTSVGGGGMNMSYLNGTSSGSFNGGNSYSSVGPT,9,run9/g27/g27_5.pdb,-2.427,0.2241230010986328,False
27,"-2.24,-0.10262107849121094",GYSSNTSVSGGSMNMDYLSSTSYGSFGSSNSYSGVGPT,9,run9/g27/g27_11.pdb,-2.24,-0.1026210784912109,False
27,"-2.294,-0.1759796142578125",GYSSNTSVSGSSMNMDYLSSTSYGSFGGSNSYSGVGPT,9,run9/g27/g27_16.pdb,-2.294,-0.1759796142578125,False
27,"-2.457,0.3494720458984375",GGSYSGSSSGGSMNMGYLNSTSYGSFNSGNSYSSVGPT,9,run9/g27/g27_21.pdb,-2.457,0.3494720458984375,False
27,"-1.822,-0.16790771484375",GYSYNGSGGGGSMNMDYLNRTGYGSFNGGNFSSGVGPS,10,run10/g27/g27_1.pdb,-1.822,-0.16790771484375,False
27,"-2.073,-0.12466812133789062",SYSSNGSVSGGGMNMGYLNRSSGGSFNGSNFSSGVGPT,6,run6/g27/g27_24.pdb,-2.073,-0.1246681213378906,False
27,"-2.638,-0.2261810302734375",SSSYSGSVGGGSMNMGYLSSSSYESFNGGSFSSGGGPT,6,run6/g27/g27_20.pdb,-2.638,-0.2261810302734375,False
27,"-2.004,1.2588958740234375",GYSYGGSVSGGGMNMGYLNRSSYGGFNGSNFSSSVSPT,6,run6/g27/g27_15.pdb,-2.004,1.2588958740234375,False
27,"-1.956,-0.3948402404785156",GYSYGGSVSGGGMNMSYLNRSSYGCFNGSNFSSSVSPT,6,run6/g27/g27_13.pdb,-1.956,-0.3948402404785156,False
27,"-2.307,1.4448556900024414",GGSYGGSVGGGSMNMDYLNRTSYGGFGGSNSYSSVGPG,6,run6/g27/g27_12.pdb,-2.307,1.4448556900024414,False
27,"-2.166,-0.2998676300048828",GYSYNTSSSGGSMNMSYLNRTSYYSFSTSNFSSGVSPG,6,run6/g27/g27_11.pdb,-2.166,-0.2998676300048828,False
27,"-2.157,-0.15848159790039062",GYSYSTSVGGGSMNMDYLNRTSYGCFNGSNSYSSVGPG,6,run6/g27/g27_9.pdb,-2.157,-0.1584815979003906,False
27,"-2.116,0.07777023315429688",GYSYNGSVGGGSMNMDYLNRTSYGSFGSSNFSSSVGPG,6,run6/g27/g27_8.pdb,-2.116,0.0777702331542968,False
27,"-2.359,-0.17588043212890625",GYSGGTSVGGGSMNMDYLNRTSYGCFNGSGSYSSVGPG,6,run6/g27/g27_6.pdb,-2.359,-0.1758804321289062,False
27,"-2.151,0.40363121032714844",SSSYNTSVSGGSMGMGYLNYTGSGCFSSSNFSSSVGPG,10,run10/g27/g27_7.pdb,-2.151,0.4036312103271484,False
27,"-2.433,-0.30377769470214844",SYSYNTSVSGSSMNMSYLNSTGYSGFSGSNFSGSVGPG,13,run13/g27/g27_19.pdb,-2.433,-0.3037776947021484,False
27,"-2.236,0.07609176635742188",SYSYNGGSSGSSYSMGYLNRTSSGCFNSSNFSSSVGPT,14,run14/g27/g27_17.pdb,-2.236,0.0760917663574218,False
27,"-1.475,-0.22151565551757812",GYSYNGSVSGGSMSMGYLNSTSGGSFNGGNFSSGVGPT,14,run14/g27/g27_15.pdb,-1.475,-0.2215156555175781,False
27,"-2.197,-0.37552452087402344",SSSSYTSVSGSSYNMDYLNRTSYYSFNTSNFSSGVSPT,14,run14/g27/g27_14.pdb,-2.197,-0.3755245208740234,False
27,"-2.275,0.4260826110839844",GSSYNGSSSGSSYSMDYLNRSSSGCFNGSNFSSSVGPT,14,run14/g27/g27_13.pdb,-2.275,0.4260826110839844,False
27,"-2.402,-1.4219036102294922",GSSYNGSSSGSSYSMSYLNRSSYGCFNGSNFSSSVGPT,14,run14/g27/g27_9.pdb,-2.402,-1.4219036102294922,False
27,"-2.145,-0.04321861267089844",SSSYNGSSSGSSYSMDYLGRSSYGCFNSSNFSSSVGPG,14,run14/g27/g27_8.pdb,-2.145,-0.0432186126708984,False
27,"-2.412,1.7457714080810547",SYSYNGSVSGGSMNMGYLSSSSYESFSGGSFSSGGGPT,6,run6/g27/g27_22.pdb,-2.412,1.745771408081055,False
27,"-2.012,-0.5759773254394531",SSTSNTSVSGSSYNMDYLSSTSYGSFNTSNFSSGVSPT,14,run14/g27/g27_19.pdb,-2.012,-0.5759773254394531,False
27,"-2.453,-0.5718307495117188",SSSYNGGSSGSSYSMGYLNRTSSGCFNGSNFSSGVGPT,14,run14/g27/g27_20.pdb,-2.453,-0.5718307495117188,False
27,"-2.344,-0.3488788604736328",GSSGNSSVSGGGMNMGYLGRTGGESGGGGNFSSGVGPT,1,run1/g27/g27_6.pdb,-2.344,-0.3488788604736328,False
27,"-2.34,0.0628662109375",GYSYNGSVSGSSMNMSYLNRSSYYGFNSSNFSSSVGST,1,run1/g27/g27_14.pdb,-2.34,0.0628662109375,False
27,"-2.234,-0.19736099243164062",GYSYSTSVSGGSMNMGYLNSTGYECFSGSNFSSGVGPT,4,run4/g27/g27_23.pdb,-2.234,-0.1973609924316406,False
27,"-2.361,0.2061004638671875",GYSYNTSSSSSNMSMSYLNRSSYYGFNSSNFSSSVGST,1,run1/g27/g27_18.pdb,-2.361,0.2061004638671875,False
27,"-2.411,-0.20009613037109375",GSSGNTSVSSGSMSMDYLGSTGSESGGSSNFSSGSGPT,1,run1/g27/g27_20.pdb,-2.411,-0.2000961303710937,False
27,"-2.517,-0.033679962158203125",GYSYNGGVSGGGMSMSYLNRSSYYCFNGSNFSSSVGPY,1,run1/g27/g27_23.pdb,-2.517,-0.0336799621582031,False
27,"-2.459,0.01004791259765625",GYSSNTSVSSSSMNMSYLNSTGYYSFNGSNFSSGSGPT,1,run1/g27/g27_24.pdb,-2.459,0.0100479125976562,False
27,"-2.2,-0.1866302490234375",GYSYNSGSSGSSMNMDYLNSTGSYSFSSSNSSSGVGPT,4,run4/g27/g27_9.pdb,-2.2,-0.1866302490234375,False
27,"-2.393,0.34899139404296875",GSSGNSGVSGGSMNMDYLGRTGGESGNGGNFSSGVGPT,1,run1/g27/g27_17.pdb,-2.393,0.3489913940429687,False
27,"-2.321,0.6388168334960938",GYSYSSSSSGSSMNMGYLSSTGYYSFNGSNSSSSVGST,4,run4/g27/g27_24.pdb,-2.321,0.6388168334960938,False
27,"-2.284,-0.6574516296386719",GYSYNTGVSGGSMNMSYLNRSSSECFNSSNFSSGVSPT,4,run4/g27/g27_21.pdb,-2.284,-0.6574516296386719,False
27,"-2.17,0.2631263732910156",GYSYNTSVSGGSMNMGYLNSTGYECFNGSNFSSSVGPT,4,run4/g27/g27_18.pdb,-2.17,0.2631263732910156,False
28,"-2.446,-0.24809646606445312",SSSYNGGSSGSSYSMSYLNRTSSGCFNGSNFSSGVGPT,14,run14/g28/g28_8.pdb,-2.446,-0.2480964660644531,False
28,"-2.421,-1.3740463256835938",GSSSNGSSSGSSYSMSYLNSSSYGCFNGSNFSSSVGPG,14,run14/g28/g28_15.pdb,-2.421,-1.3740463256835938,False
28,"-2.546,-0.4058837890625",GSSYNTSSSGSSMGMSYLNRSSYYCFSGSNFSSGVSPT,3,run3/g28/g28_12.pdb,-2.546,-0.4058837890625,False
28,"-2.245,-0.5014228820800781",GYSYGSSGSGGSMNMDYLNGSGYGCYNGGNFSYGVSPG,3,run3/g28/g28_8.pdb,-2.245,-0.5014228820800781,False
28,"-2.402,-0.053619384765625",SYSYNGSVSGGSMNMGYLSSSSSECFSGGSFSSGGGPT,6,run6/g28/g28_1.pdb,-2.402,-0.053619384765625,False
28,"-2.434,0.8167819976806641",GSSSNTSSSGSSYSMSYLNRSSYGCFNGSNFSSSVGPG,14,run14/g28/g28_20.pdb,-2.434,0.8167819976806641,False
28,"-1.941,-0.12622928619384766",SSTSNTSVSGSSYNMDYLNSTSYGSFNTSNFSSSVSPT,14,run14/g28/g28_22.pdb,-1.941,-0.1262292861938476,False
28,"-2.876,-0.09124946594238281",SYSYNGSVSGSGMNMGYLSSSSYECFSGGSFSSGGGPT,6,run6/g28/g28_19.pdb,-2.876,-0.0912494659423828,True
28,"-2.538,-0.950714111328125",SGSYNGSVSGGSMNMGYLSSSSYESFSGGSFSSGGGPT,6,run6/g28/g28_8.pdb,-2.538,-0.950714111328125,False
28,"-2.176,0.06992530822753906",GYSSNTSSSGGSMNMSYLNRTSYYSFSTSNFSSGVSPG,6,run6/g28/g28_6.pdb,-2.176,0.069925308227539,False
28,"-1.904,-0.6240501403808594",SYSYGGSVSGGGMNMSYLNRSSYGCFNGSNFSSSVSPT,6,run6/g28/g28_4.pdb,-1.904,-0.6240501403808594,False
28,"-2.364,0.10977554321289062",GYSYGGSVSGGSMNMDYLNRYGYGCYNYSNFSSGVSGG,3,run3/g28/g28_3.pdb,-2.364,0.1097755432128906,False
28,"-2.188,-0.3154182434082031",SYSSGTSVSGGSMGMDYLNRSSYGCFSGSSFSSGVSPT,3,run3/g28/g28_5.pdb,-2.188,-0.3154182434082031,False
28,"-1.958,0.7534141540527344",YYSSNGSVSGGSMSMSYYNSTSYGCFNSSNSYSGVGPT,2,run2/g28/g28_22.pdb,-1.958,0.7534141540527344,False
28,"-2.229,0.10455894470214844",GGSSNGSGSGSSMSMSYSNRTSYGCFSSSNSYSGVGPT,2,run2/g28/g28_18.pdb,-2.229,0.1045589447021484,False
28,"-2.639,-0.3810844421386719",GGSYNGSSSGGGMGMGYLNRSSYGCFNSSNFYSSSGPT,2,run2/g28/g28_11.pdb,-2.639,-0.3810844421386719,False
28,"-1.738,0.37895774841308594",GYSSNGSVSGGSMSMSYYNSTSYGCFNSSNSYSGVGPT,2,run2/g28/g28_10.pdb,-1.738,0.3789577484130859,False
28,"-2.394,0.15002822875976562",GYSSNGSVSGGSMNMDYLNRTSYGCFNSGNSYSGVGPS,2,run2/g28/g28_8.pdb,-2.394,0.1500282287597656,False
28,"-1.762,-0.4524078369140625",GGGYNTSVSGGSMNGDYLSGTSYGSFNGSNSYSGVGPT,2,run2/g28/g28_7.pdb,-1.762,-0.4524078369140625,False
28,"-2.678,-0.7029972076416016",GYSSNGSVSGGSMNMGYLNRYSYGSYNYGNFYSGVSPS,8,run8/g28/g28_21.pdb,-2.678,-0.7029972076416016,False
28,"-1.768,-0.08920478820800781",SSSSGSSVSGGGMNMDYLNGSGYGGFNGSNFSSSVGPG,13,run13/g28/g28_22.pdb,-1.768,-0.0892047882080078,False
28,"-2.453,-0.6969280242919922",GSSYSGSVSGGGMNMGYLNSSSSECFSGSNFSSSVGPT,5,run5/g28/g28_20.pdb,-2.453,-0.6969280242919922,False
28,"-2.371,-0.7931632995605469",GSSYNTSVSGSSMNMSYLSSTGYGCFNYSSFSSGVSGG,3,run3/g28/g28_22.pdb,-2.371,-0.7931632995605469,False
28,"-2.562,0.021619796752929688",GYSYSSSSSGGSMSMDYLNSTGYETFSSSNFSSSVGPT,13,run13/g28/g28_20.pdb,-2.562,0.0216197967529296,False
28,"-2.461,0.4432563781738281",GYSYNTSVSGGSMSMGYLGSTGYYCFNTSNFSSGVSPT,13,run13/g28/g28_18.pdb,-2.461,0.4432563781738281,False
28,"-2.002,0.33167457580566406",GYSSNTSVSGGSMNMDYLGGTGSECFSGSNFSSGVSPT,13,run13/g28/g28_7.pdb,-2.002,0.331674575805664,False
28,"-1.856,-0.06260108947753906",SYSYNSSSGSGSMSMSYLGRTGSECFNGGNFGSGVGPT,13,run13/g28/g28_24.pdb,-1.856,-0.062601089477539,False
28,"-1.778,1.0795612335205078",SYSYNSSSGSGSMSMSYLSSTGSESFNGSNFGSGVGPT,13,run13/g28/g28_19.pdb,-1.778,1.0795612335205078,False
28,"-2.305,1.8611125946044922",GSSYNGSSSGSSYSMDYLNRSSSGGFNGSNFSSSVGPT,14,run14/g28/g28_0.pdb,-2.305,1.861112594604492,False
28,"-2.607,0.24628257751464844",GNSSNGSSSGSSMNMSYLNSSSYESFNSSNFSGGSGPT,13,run13/g28/g28_13.pdb,-2.607,0.2462825775146484,False
28,"-2.444,-0.06196784973144531",SGSGSTGVGGGSMNMSYLNGTSSGSFNGGNSYSSVGPT,9,run9/g28/g28_19.pdb,-2.444,-0.0619678497314453,False
28,"-1.745,0.4363861083984375",GYSYNTSVSGGSMNMDYLNSSSSECFNSSNFSSGVSPT,4,run4/g28/g28_5.pdb,-1.745,0.4363861083984375,False
28,"-2.109,0.3900489807128906",GYSYNTGVSGGGMNMSYLNRSSSECFNSSNFSSGVSPT,4,run4/g28/g28_8.pdb,-2.109,0.3900489807128906,False
28,"-2.014,0.409576416015625",GYSYNTGVSGGSMNMDYLNRSSSECFNSSNFSSGVSST,4,run4/g28/g28_9.pdb,-2.014,0.409576416015625,False
28,"-2.373,-1.5508060455322266",GGSYNSGSSGSSMNMDYLNSTGSYSFSSSNSSSGVGPT,4,run4/g28/g28_19.pdb,-2.373,-1.5508060455322266,False
28,"-2.521,-0.10270500183105469",GYSYNTGVSGGSMNMGYLNRTGSESFNGSSFSSGVGPT,16,run16/g28/g28_22.pdb,-2.521,-0.1027050018310546,False
28,"-2.052,-0.11696434020996094",GYSYNTSVSGGSMNMDYLNRSSYESFSGSNFSSGVGPT,16,run16/g28/g28_15.pdb,-2.052,-0.1169643402099609,False
28,"-1.887,-0.308685302734375",GSSYSGSSSGSSMNMGYLNRTSYYSFNSSNSSSGVGPT,4,run4/g28/g28_3.pdb,-1.887,-0.308685302734375,False
28,"-2.455,-1.1106185913085938",GSSGNSGVSGGSMNMGYLGRTGGESGNGGNFSSGVGPT,1,run1/g28/g28_10.pdb,-2.455,-1.1106185913085938,False
28,"-2.844,-1.7654914855957031",GGSYNGSVSGGGMSMSYLGRSSYGGFNGSNFSSSVGPY,1,run1/g28/g28_12.pdb,-2.844,-1.7654914855957031,False
28,"-2.354,-0.8329906463623047",GSSYNTSSSSSNMNMSYLNRSSYYGFNGSNFSSSVSST,1,run1/g28/g28_13.pdb,-2.354,-0.8329906463623047,False
28,"-2.465,-0.7602806091308594",GSSGNTSVSSGSMSMSYLGSTGSESGGSSNFSSGSGPT,1,run1/g28/g28_19.pdb,-2.465,-0.7602806091308594,False
28,"-2.392,0.21623802185058594",GYSYNGSVSGSSMNMSYLNYSSYYGFNSSNFSSSVGST,1,run1/g28/g28_21.pdb,-2.392,0.2162380218505859,False
28,"-2.343,1.1690750122070312",GYSYNGSVSGGGMSGSYLNRSSYYCFNGSNFSSSVGPY,1,run1/g28/g28_23.pdb,-2.343,1.1690750122070312,False
28,"-2.602,-0.23865318298339844",GGSYSGSSSGGSMNMGYLNSTSYGSYNSGNSYSSVGPT,9,run9/g28/g28_22.pdb,-2.602,-0.2386531829833984,False
28,"-2.329,0.1592884063720703",GYGSNGSSSGGSMSMSYLNRTSSGSGSGSNFSSGVGPT,9,run9/g28/g28_1.pdb,-2.329,0.1592884063720703,False
28,"-2.308,0.14843463897705078",GYSYNGSSSGGSMNMGYLNSTSYGSFNGSNSYSGVGPT,9,run9/g28/g28_2.pdb,-2.308,0.1484346389770507,False
28,"-2.426,0.010478973388671875",SGSGSTSVGGGGMNMSYLNGTSSGSFNSGNSYSSVGPT,9,run9/g28/g28_3.pdb,-2.426,0.0104789733886718,False
28,"-2.285,-0.30315399169921875",SGSSSTGSSGGSMGMDYLNRTSSGSFSGSSFSSSSGPT,9,run9/g28/g28_6.pdb,-2.285,-0.3031539916992187,False
28,"-2.38,0.1631908416748047",SGSGNTSVSGGSMNMGYLNRTSYGSFNGGNSYSGVGPT,9,run9/g28/g28_15.pdb,-2.38,0.1631908416748047,False
28,"-2.632,0.07763290405273438",GYSSNTSVSGSSMNMDYLSSTSYGSFGSSNSYSGVGPT,9,run9/g28/g28_17.pdb,-2.632,0.0776329040527343,False
28,"-2.148,0.8233585357666016",SYSYNTSVSGGSMNMGYLNSTSYGCFSGSNFSSSVSPT,10,run10/g28/g28_5.pdb,-2.148,0.8233585357666016,False
28,"-2.174,-0.3021736145019531",GYSYNTSSSGGSMNMDYLNRTSYGGFNSSNFSSSVGSG,16,run16/g28/g28_7.pdb,-2.174,-0.3021736145019531,False
28,"-2.184,-0.8947267532348633",GYSYNTSSSGGSMNMSYLNRTSYGGFGSSNFSSSVGST,16,run16/g28/g28_6.pdb,-2.184,-0.8947267532348633,False
28,"-2.593,-0.08383560180664062",GYSYNTGVGGGSMNMGYLNRTGSESFSGSNFSSGVGPT,16,run16/g28/g28_4.pdb,-2.593,-0.0838356018066406,False
28,"-2.038,-0.39938926696777344",GYSYNTGVSGSSMNMDYLNRSSYYSFSGSNFSSGVGPT,16,run16/g28/g28_3.pdb,-2.038,-0.3993892669677734,False
28,"-2.22,-0.28441810607910156",GYSYNTSSSGGSMNMDYLNYTSYYGFNGSNFSSSVGST,16,run16/g28/g28_2.pdb,-2.22,-0.2844181060791015,False
28,"-2.064,0.006389617919921875",SYGSGTSVSSGSMNMGYLNRTSYGCFSGSNFSSSVGPT,10,run10/g28/g28_16.pdb,-2.064,0.0063896179199218,False
28,"-1.978,-0.5992755889892578",SYSYNGSVSGGSMNMGYLNRTSYGTFSGSNFSSSVSPT,10,run10/g28/g28_13.pdb,-1.978,-0.5992755889892578,False
28,"-2.357,-0.412994384765625",SYSYSGSSSGGSMSMGYLNSTSSYGFSGSNFSSSVGPG,10,run10/g28/g28_12.pdb,-2.357,-0.412994384765625,False
28,"-2.072,-0.5304775238037109",SYSSGTSVSSGSMGMGYLNRTSYGGFSGSNFSSSVGPT,10,run10/g28/g28_10.pdb,-2.072,-0.5304775238037109,False
28,"-2.622,1.1687240600585938",GSSYNGSVSGGGMSMSYLGRSSYYCSNGSNFSSSVGPG,1,run1/g28/g28_6.pdb,-2.622,1.1687240600585938,False
28,"-2.234,-0.00485992431640625",GYSYNSSSSGSSYNYSYLSSTGYYSFNSSNFSSGVGPT,12,run12/g28/g28_18.pdb,-2.234,-0.0048599243164062,False
28,"-1.824,0.058528900146484375",GYSSNGSSSGGGMNMSYLGRSSYECFGGSSFSSGVGPG,8,run8/g28/g28_16.pdb,-1.824,0.0585289001464843,False
28,"-2.393,-0.17269134521484375",GYSSNGSGSGGSMNMGYLNRSGYGSYNGGNFSSGVSPT,8,run8/g28/g28_13.pdb,-2.393,-0.1726913452148437,False
28,"-2.441,0.25607872009277344",GYSYSGSVSGGSMNMGYLNSSSYESFNGSNFSSSSGPT,8,run8/g28/g28_12.pdb,-2.441,0.2560787200927734,False
28,"-2.593,-0.3066387176513672",GYSSNGSVSGGSMNMGYLNRYSYGSYNYGNFSSGVSPN,8,run8/g28/g28_8.pdb,-2.593,-0.3066387176513672,False
28,"-2.714,-0.37296485900878906",GSSSNGSVSGGSMNMSYLNRSSYGGFGSSNFSSSVGPT,7,run7/g28/g28_19.pdb,-2.714,-0.372964859008789,False
28,"-2.454,-0.43834495544433594",GYSSNGSVSGGSMGMGYLNRSSYGSYSGGNFSSGVSPT,8,run8/g28/g28_5.pdb,-2.454,-0.4383449554443359,False
28,"-2.138,-0.6929359436035156",GSSYNGSSSGGSMNMGYLGRTGYGGFSGSNFSSSVSSG,8,run8/g28/g28_3.pdb,-2.138,-0.6929359436035156,False
28,"-2.28,-0.2661113739013672",GYSYNGSSSGGGMNMGYLNRTGYGGFSGSNFSSSVSSG,8,run8/g28/g28_1.pdb,-2.28,-0.2661113739013672,False
28,"-2.378,-0.024087905883789062",GYSYNSGVGGGGMGMGYLNRTGYGCYNGSNFSSSVSPT,12,run12/g28/g28_14.pdb,-2.378,-0.024087905883789,False
28,"-2.246,-0.6549091339111328",GYSYNTSSSGSSYSMSYLNYTGYYSFNSSNFSSGVGPT,12,run12/g28/g28_13.pdb,-2.246,-0.6549091339111328,False
28,"-2.432,-0.0580596923828125",GYSYNTGSSGGSMSMSYLGRTSSYGFNSSNFSSSVGSY,5,run5/g28/g28_15.pdb,-2.432,-0.0580596923828125,False
28,"-2.437,-0.3258380889892578",GSSYNTSSSGGSMGMDYLNRSSSECFSGSNFSSGVGPG,5,run5/g28/g28_14.pdb,-2.437,-0.3258380889892578,False
28,"-1.774,0.0347747802734375",GYSSGGSVSGGGMGMSYLNRTGYGCFNSSNFSSSVGPG,15,run15/g28/g28_22.pdb,-1.774,0.0347747802734375,False
28,"-2.819,0.08573532104492188",SSSYSTSSSGGSMNMDYLNRSSSGCFSGSNFSSSVGPT,5,run5/g28/g28_2.pdb,-2.819,0.0857353210449218,True
28,"-2.497,0.6730155944824219",GSSYSSSSSGGSMGMGYLGSTGYGCFSSSNFSSSVGPT,12,run12/g28/g28_2.pdb,-2.497,0.6730155944824219,False
28,"-2.667,0.4171943664550781",GSSYNTSSSGGSMNMSYLGSTGYYCFSSSNFSSGVGPT,12,run12/g28/g28_5.pdb,-2.667,0.4171943664550781,False
28,"-2.301,0.07795143127441406",GYSYSGSVSGSSMSMGYLNRTSSGCFSSSNFSSSVGPT,12,run12/g28/g28_12.pdb,-2.301,0.077951431274414,False
28,"-1.925,0.15404129028320312",GSSYSTSVSGGSMNMDYLSRTSYGGFSTSNFSSSVSPT,11,run11/g28/g28_20.pdb,-1.925,0.1540412902832031,False
28,"-2.62,0.0601348876953125",GSSSNTSVSGGGMSMSYLNSSGYEGFNSSNFSSSVGPT,7,run7/g28/g28_1.pdb,-2.62,0.0601348876953125,False
28,"-2.308,0.32160186767578125",GYSYNTSSSGGSMNMDYLNRTSSGCYSSSNSYSSVGPT,7,run7/g28/g28_6.pdb,-2.308,0.3216018676757812,False
28,"-2.29,0.8749809265136719",GSSGNSSVSGGSMSMDYLNSTGYEGFNGSNFSSSVGPT,7,run7/g28/g28_9.pdb,-2.29,0.8749809265136719,False
28,"-2.316,0.5600433349609375",SYSYNSSSSGGSMNMDYLGSTGYESGNSSNFSSGVGPY,7,run7/g28/g28_11.pdb,-2.316,0.5600433349609375,False
28,"-2.148,-0.3468647003173828",GGSYNSSVSGGSMNGDYLSRTGYESFSGSSFSSGVGPG,7,run7/g28/g28_15.pdb,-2.148,-0.3468647003173828,False
28,"-2.656,-0.08136177062988281",SSSYSGSVGGGSMNMGYLSSSSYESFSGGSFSSGGGPT,6,run6/g28/g28_23.pdb,-2.656,-0.0813617706298828,False
28,"-1.641,-0.020574569702148438",GYSSNGSVSGGSMNMDYLNRTSGGGFNSSNFSSSVGPT,11,run11/g28/g28_10.pdb,-1.641,-0.0205745697021484,False
28,"-1.731,-0.7563800811767578",GSSYNGSVSGGSMSMDYLNGSGSGCFNGGNFSSGVSPT,15,run15/g28/g28_2.pdb,-1.731,-0.7563800811767578,False
28,"-2.04,-0.5204143524169922",GYSYSGGVSGGSMSMDYLNGSGYECFGGSSFSSGVGPG,15,run15/g28/g28_3.pdb,-2.04,-0.5204143524169922,False
28,"-2.48,-0.2884101867675781",GNSYSGGVSGGGMNMDYLNRSGYESFGSSNFSSGVGPT,15,run15/g28/g28_5.pdb,-2.48,-0.2884101867675781,False
28,"-2.119,-0.11735916137695312",GYSSNGSSSGGGMNMDYLNSSSSGSFGGSNFSSGVGPT,15,run15/g28/g28_6.pdb,-2.119,-0.1173591613769531,False
28,"-2.109,-0.36639404296875",SSSSNTSVSGSSMNMDYLNRTSYGTFSTSNFSSSSSPG,15,run15/g28/g28_8.pdb,-2.109,-0.36639404296875,False
28,"-1.552,0.1822986602783203",SYGYNTGVSGGSMNMDYLNRSGSGGFSGSNFSSSVGPT,11,run11/g28/g28_7.pdb,-1.552,0.1822986602783203,False
28,"-2.064,-0.8738527297973633",SYSGNTSSSGGNMNMSYLNRSSSYSFNGSNFSSSVSPT,11,run11/g28/g28_1.pdb,-2.064,-0.8738527297973633,False
29,"-2.315,-0.18737411499023438",GSSYNTSVSGGSMNMGYLNSTGYECFNGSNFSSSVGPT,4,run4/g29/g29_2.pdb,-2.315,-0.1873741149902343,False
29,"-2.308,-0.23750686645507812",SYSSNTGVSGGSMSMDYSNRTSSGSFSGSNFSSSVGPT,4,run4/g29/g29_19.pdb,-2.308,-0.2375068664550781,False
29,"-2.387,-0.5140972137451172",GGSYSSSSSGSSMNMDYLNSTGSYSFSSSNSSSGVGPT,4,run4/g29/g29_16.pdb,-2.387,-0.5140972137451172,False
29,"-1.797,0.37017822265625",GYSYNGSVSGGSMNMDYLNSSSSECFNSSNFSSGVSPT,4,run4/g29/g29_13.pdb,-1.797,0.37017822265625,False
29,"-2.093,-0.08104896545410156",GYSSNTGVSGGSMNMSYLNRSSSECFNSSNFSSGVSPT,4,run4/g29/g29_12.pdb,-2.093,-0.0810489654541015,False
29,"-2.522,-0.8402671813964844",GGSYNSSSSGSSMNMDYLSSTGSYSFSSSNSSSGVGPT,4,run4/g29/g29_3.pdb,-2.522,-0.8402671813964844,False
29,"-1.825,0.020366668701171875",NYSYNTGVSGGSMNMDYLNRSSSECFNSSNFSSGVSST,4,run4/g29/g29_1.pdb,-1.825,0.0203666687011718,False
29,"-2.093,0.2014141082763672",SSTSTTSVSGSSYNMDYLNSTSYGSFNTSNFSSSVSPT,14,run14/g29/g29_24.pdb,-2.093,0.2014141082763672,False
29,"-2.365,-0.8982124328613281",GYSSNTSVSSSSMSMSYLNRTGYGSFNSSNFSSGSGPT,1,run1/g29/g29_21.pdb,-2.365,-0.8982124328613281,False
29,"-2.613,-0.5831489562988281",GGSYSSSVSGGSMNMGYLNRTGYGSFNGSNFSSGVGPT,7,run7/g29/g29_6.pdb,-2.613,-0.5831489562988281,False
29,"-2.352,-0.3465690612792969",GSSGNSGVSGGSMSMDYLGRTGYESGNGGNFSSGVGPT,1,run1/g29/g29_3.pdb,-2.352,-0.3465690612792969,False
29,"-2.315,-0.21220016479492188",GYSYNGSSSGSSMNMSYLNRSSYYGFNGSSFSSSVGST,1,run1/g29/g29_5.pdb,-2.315,-0.2122001647949218,False
29,"-2.403,0.20867538452148438",SYSYNGSVSGGGMSMSYLNRSSYYCFNGSNFSSSVGPY,1,run1/g29/g29_10.pdb,-2.403,0.2086753845214843,False
29,"-1.76,0.4261302947998047",SYSYNSSSGSGSMSMSYLSRTGSESFNSSNFGSGVGPT,13,run13/g29/g29_18.pdb,-1.76,0.4261302947998047,False
29,"-2.41,-0.17060470581054688",GYSYSGSVSGGSMNMGYLNRSSYESYNGSNFSSSSGPT,8,run8/g29/g29_15.pdb,-2.41,-0.1706047058105468,False
29,"-1.942,0.20200157165527344",GYSSNGSSSGGGMNMSYLSRSSGECFGGSSFSSGVGPG,8,run8/g29/g29_16.pdb,-1.942,0.2020015716552734,False
29,"-2.677,0.5312595367431641",GYSYNGSVSGGSMNMGYLNRYSYGSYNYGNFYSGVSPS,8,run8/g29/g29_19.pdb,-2.677,0.5312595367431641,False
29,"-2.457,0.09401321411132812",GYSSNSSVSGGSMNMGYLNRSGYGSYNGGNFSSGVSPT,8,run8/g29/g29_24.pdb,-2.457,0.0940132141113281,False
29,"-2.303,0.40926551818847656",SSSYNGSSSGSSYSMSYLGSSSYGCFNGSNFSSSVGPG,14,run14/g29/g29_1.pdb,-2.303,0.4092655181884765,False
29,"-2.193,0.22534942626953125",GSSYNGSSSGGSMNMGYLGGTGYGGFSGSNFSSSVSSG,8,run8/g29/g29_14.pdb,-2.193,0.2253494262695312,False
29,"-2.314,0.4253578186035156",SYGYNSSSSGGSMNMDYLGSTGYESGNSSNFSSGVGPY,7,run7/g29/g29_16.pdb,-2.314,0.4253578186035156,False
29,"-2.648,-0.17188262939453125",GSSSNTSVSGGGMSMSYLNSSGSEGFNSSNFSSSVGPT,7,run7/g29/g29_19.pdb,-2.648,-0.1718826293945312,False
29,"-2.029,-0.3067646026611328",GYSYNSSVSGGSMNGDYLSRTGYESGSGSSFSSGVGPG,7,run7/g29/g29_21.pdb,-2.029,-0.3067646026611328,False
29,"-2.535,0.3183917999267578",GYSYSGSSSGGSMNMGYLNSSSYESFNGSNFSSSSGPT,8,run8/g29/g29_2.pdb,-2.535,0.3183917999267578,False
29,"-2.271,-0.057567596435546875",GYSYNSSSSGGGMNMGYLNRTGYGGFSGSNFSSSVSSG,8,run8/g29/g29_7.pdb,-2.271,-0.0575675964355468,False
29,"-1.853,0.5540237426757812",GYSSNGSSSGGGMNMSYLGRSSYESFGGSSFSSGVGPG,8,run8/g29/g29_9.pdb,-1.853,0.5540237426757812,False
29,"-1.876,-0.22981643676757812",SYSSNSSVSGSSMGMDYLSRSGYGGFSGSNFSSSVGPG,13,run13/g29/g29_17.pdb,-1.876,-0.2298164367675781,False
29,"-2.219,-0.19219970703125",GYSYNTSSSGSSYSYSYLSSTGYYSFNSSNFSSGVGPT,12,run12/g29/g29_24.pdb,-2.219,-0.19219970703125,False
29,"-2.516,-0.4066638946533203",GYSYNTSVSGGSMNMGYLNYTGYGSFNGSNFSSGVGPT,16,run16/g29/g29_11.pdb,-2.516,-0.4066638946533203,False
29,"-2.38,-0.49311256408691406",GSSYNTSSSGGSMSMSYLNRSGYECFNGSNFSSSVGPT,16,run16/g29/g29_14.pdb,-2.38,-0.493112564086914,False
29,"-2.159,-1.0729084014892578",GYSYNTSSSGGSMNGGYLNGTGGGSFNSSNFSSGVGPG,12,run12/g29/g29_23.pdb,-2.159,-1.0729084014892578,False
29,"-2.572,-0.015247344970703125",GSSYNSSSSGGSMGMGYLGSTGSGCFSSSNFSSSVGPT,12,run12/g29/g29_20.pdb,-2.572,-0.0152473449707031,False
29,"-2.704,-0.2406463623046875",GSSYNTSSSGGSMNMSYLGSTGYYCFGSSNFSSGVGPT,12,run12/g29/g29_2.pdb,-2.704,-0.2406463623046875,False
29,"-2.237,0.4237384796142578",GYSYNSSSSGSSYNYSYLSSTGYYSFNSSNFSSGVSPT,12,run12/g29/g29_3.pdb,-2.237,0.4237384796142578,False
29,"-2.214,0.3294563293457031",GYSYSGSVSSSSMSMGYLNRTSYGCFSSSNFSSSVGPT,12,run12/g29/g29_4.pdb,-2.214,0.3294563293457031,False
29,"-2.396,1.9772834777832031",GSSYNTSSSGGSMNMGYLNSTGSGGFSSSNFSSSVGPT,12,run12/g29/g29_5.pdb,-2.396,1.9772834777832031,False
29,"-2.307,-0.01791858673095703",GYSYNTSSSGGSMNGGYLNGTSGGSFNSSSFSSGVGPG,12,run12/g29/g29_8.pdb,-2.307,-0.017918586730957,False
29,"-1.69,-0.023988723754882812",GYSYSGSSSGGSYNMDYLNRTSYYSFNGSNFSSGVGPT,12,run12/g29/g29_17.pdb,-1.69,-0.0239887237548828,False
29,"-2.45,1.591461181640625",GGSYNSSVGGGGMGMGYLNRTGYGGYNGSNFSSSVGPT,12,run12/g29/g29_18.pdb,-2.45,1.591461181640625,False
29,"-2.506,1.1021652221679688",GYSSNGSVSGGSMNMDYLNRTSYGSFNSGNSYSGVGPS,2,run2/g29/g29_24.pdb,-2.506,1.1021652221679688,False
29,"-1.717,1.1297845840454102",SSSSGSSVSGGGMNMDYLNGSGYGGFNGSNFSSSVGGG,13,run13/g29/g29_1.pdb,-1.717,1.1297845840454102,False
29,"-2.494,0.2117176055908203",GNSSNGSSSGSSMNMSYLNSSSYESGNSSNFSGGSGPT,13,run13/g29/g29_6.pdb,-2.494,0.2117176055908203,False
29,"-2.082,0.6056537628173828",GGSSNGSGSGSSMSMSYSNRTSYGCFSSSNSYSSVGPT,2,run2/g29/g29_18.pdb,-2.082,0.6056537628173828,False
29,"-1.857,-0.31484413146972656",GYSSNGSSSGGSMSMDYLNRTSYGCFNSSNSYSGVGPT,2,run2/g29/g29_2.pdb,-1.857,-0.3148441314697265,False
29,"-2.171,0.623504638671875",GGSSGGSVSGGSMSMDYLNRTSYGCFNSSNSYSGVGPT,2,run2/g29/g29_5.pdb,-2.171,0.623504638671875,False
29,"-1.57,0.5035676956176758",GYGYNGSVSGGSMNGDYLSGTSYGSFNGSNSYSGVGPT,2,run2/g29/g29_8.pdb,-1.57,0.5035676956176758,False
29,"-2.408,0.5116806030273438",GSSYNTSSSGSSYSMSYLNRSSYGGFNGSNFSSSVGPG,14,run14/g29/g29_10.pdb,-2.408,0.5116806030273438,False
29,"-1.929,0.7374668121337891",SSSSYTSVSGSSYNGDYLNRTSSGSFNGSNFSSSVSPT,14,run14/g29/g29_12.pdb,-1.929,0.7374668121337891,False
29,"-1.761,-0.5592765808105469",GYSYSTSVSGGSMNMDYLNRTSYGGFNSSNFSSSVGPT,11,run11/g29/g29_8.pdb,-1.761,-0.5592765808105469,False
29,"-1.943,-1.4067230224609375",GSSYNTSVSGGSMNMSYLSRTSYGGFSSSNFSSSVSPT,11,run11/g29/g29_14.pdb,-1.943,-1.4067230224609375,False
29,"-1.913,0.4496784210205078",GYSYNTSSSGGSMNMDYLNRTSSGGFSSSNFSSSVGPT,11,run11/g29/g29_17.pdb,-1.913,0.4496784210205078,False
29,"-1.658,-0.5682258605957031",GYSYNTSVSGGSMNMDYLNRTSYGGFNSSNFSSSVGPG,11,run11/g29/g29_18.pdb,-1.658,-0.5682258605957031,False
29,"-1.993,-0.18748855590820312",YYSYNTSVSGGSMNMDYLNRTSSGGFNSSNFSSSVGPT,11,run11/g29/g29_20.pdb,-1.993,-0.1874885559082031,False
29,"-2.267,-0.6930313110351562",SYSYNTSSSGGSMNMSYLNRSSYYYYNGSNFSSSVGPY,11,run11/g29/g29_22.pdb,-2.267,-0.6930313110351562,False
29,"-2.141,0.2787284851074219",SYSGNTSSSGGNMNMSYLNRSSSYSFNGSNFSSSVSST,11,run11/g29/g29_3.pdb,-2.141,0.2787284851074219,False
29,"-2.423,-0.33975982666015625",SYSYNGSVSGGSMNMGYLSSSGYECFSGGSFSSGGGPT,6,run6/g29/g29_15.pdb,-2.423,-0.3397598266601562,False
29,"-2.004,0.22571372985839844",GYSYNGSVGGGGMNMGYLNRSSGGSFNGSNFSSGVGPT,6,run6/g29/g29_20.pdb,-2.004,0.2257137298583984,False
29,"-2.403,2.21514892578125",GYSYGGSVGGGSMNMYYLNRTSYGCFGGYNSYSSVGGG,6,run6/g29/g29_24.pdb,-2.403,2.21514892578125,True
29,"-2.159,-0.9649791717529297",GYSSNTSSSGGSMGMSYLNRTSYYSFSTSNFSSGVSPG,6,run6/g29/g29_18.pdb,-2.159,-0.9649791717529296,False
29,"-2.401,-0.13755321502685547",GGSYGGSVGGGSMNMDYLNRTSYGGFGGGNSYSSVGPG,6,run6/g29/g29_7.pdb,-2.401,-0.1375532150268554,False
29,"-2.803,-0.6111373901367188",SSSYSTSSSGGSMGMDYLNRSSSGCFSGSNFSSSVGPT,5,run5/g29/g29_4.pdb,-2.803,-0.6111373901367188,False
29,"-2.091,0.022014617919921875",GYSSNGSSSGGSMNMDYLNSSSSGSFGGSNFSSSVGPT,15,run15/g29/g29_4.pdb,-2.091,0.0220146179199218,False
29,"-2.086,-0.36978912353515625",SYSSGSSSSSGSMNMGYLNRTGSECFNGSNFSSGVGPT,15,run15/g29/g29_6.pdb,-2.086,-0.3697891235351562,False
29,"-2.098,1.0777502059936523",GYSSGGSSGGGSMNMDYLNSSSSGSFGGSNFSSGVGPT,15,run15/g29/g29_11.pdb,-2.098,1.0777502059936523,False
29,"-1.855,-0.9875926971435547",GYSSGGSVSGGGMGMSYLNRTGYGCSNSSNFSSGVGPG,15,run15/g29/g29_13.pdb,-1.855,-0.9875926971435548,False
29,"-2.533,-0.0249176025390625",GSSYSTSSSGGSMGMDYLNRSSSECFSGSNFSSGVGPG,5,run5/g29/g29_12.pdb,-2.533,-0.0249176025390625,False
29,"-2.1,-0.6915645599365234",GYSSGSSVSGSSMSMSYLNSTGYGCGNGSNFSSSGGPG,5,run5/g29/g29_3.pdb,-2.1,-0.6915645599365234,False
29,"-2.644,0.5540351867675781",GSSYSGGVSGGGMNMGYLNSSSSECFSGSNFSSSVGPT,5,run5/g29/g29_18.pdb,-2.644,0.5540351867675781,False
29,"-2.403,1.414968490600586",GSSYSGSVSGGGMNMDYLNSSSSEGFSGSNFSSSVGPT,5,run5/g29/g29_21.pdb,-2.403,1.414968490600586,False
29,"-2.491,-0.1959228515625",GYSGGTSVGGGSMGMDYLNRTSYGCFNGSGSYSSVGPG,6,run6/g29/g29_6.pdb,-2.491,-0.1959228515625,False
29,"-2.692,-1.1796932220458984",GGSYSGSSSGGSMNMGYLNYTSYGSYNSGNSYSSVGPT,9,run9/g29/g29_12.pdb,-2.692,-1.1796932220458984,False
29,"-2.329,1.066859245300293",SGSSSGGSSGGSMGMDYLNRTSSGSFSGSSFSSSSGPT,9,run9/g29/g29_13.pdb,-2.329,1.066859245300293,False
29,"-2.642,-1.3525238037109375",GGSYNGSSSGGSMNMSYLSSTSYGSFNSGNSYSGVGPT,9,run9/g29/g29_14.pdb,-2.642,-1.3525238037109375,False
29,"-2.334,0.5145244598388672",GYGSNGSSSGGSMSMSYLNRTSSGSGGGSNFSSGVGPT,9,run9/g29/g29_16.pdb,-2.334,0.5145244598388672,False
29,"-2.26,-0.4510955810546875",GYSYSGSSSGGSMNMDYLNSTSYGSFNGSNSYSGVGPT,9,run9/g29/g29_21.pdb,-2.26,-0.4510955810546875,False
29,"-2.441,0.9653682708740234",GYSYNGSSSGGSMNMGYLNSTSYGSFNSGNSYSSVGPT,9,run9/g29/g29_24.pdb,-2.441,0.9653682708740234,False
29,"-2.546,0.2427043914794922",SYGYNTSSSGSSMSMDYLNSTGSESGNSSNFSSGVGPG,10,run10/g29/g29_1.pdb,-2.546,0.2427043914794922,False
29,"-2.06,0.31067466735839844",SYSSGTSVSSGSMNMGYLNRTSYGGFSSSNFSSSVGPT,10,run10/g29/g29_3.pdb,-2.06,0.3106746673583984,False
29,"-2.423,0.40395355224609375",SGSGSTSGGGGGMNMSYLNGTSSGSFNGGNSYSSVGPT,9,run9/g29/g29_11.pdb,-2.423,0.4039535522460937,False
29,"-2.503,-0.06015777587890625",SGSGSTSVGGSSMNMSYLNGTSSGSFNGGNSYSSVGPT,9,run9/g29/g29_9.pdb,-2.503,-0.0601577758789062,False
29,"-2.512,1.4797496795654297",SSSYNGGVSGSSYSMGYLNRTSSGSFNGSNFSSGVGPT,14,run14/g29/g29_14.pdb,-2.512,1.4797496795654297,False
29,"-2.038,-0.000934600830078125",SSSSYTSVSSSSYNMDYLNRTSYGSFNTSNFSSGVSPT,14,run14/g29/g29_16.pdb,-2.038,-0.0009346008300781,False
29,"-2.194,-0.3023223876953125",SSSYNGSSSGSSYSMDYLNRSSSGCFNGSNFSSSVGPT,14,run14/g29/g29_19.pdb,-2.194,-0.3023223876953125,False
29,"-2.439,-0.05586814880371094",SSSYNGGSSGSSYSMGYLNRTSSGCFNGGNFSSGVGPT,14,run14/g29/g29_23.pdb,-2.439,-0.0558681488037109,False
29,"-2.633,-0.3118400573730469",GSSYSTSVSGSGMNMDYLNRSGYYSFSGSNFSSGVSPT,3,run3/g29/g29_12.pdb,-2.633,-0.3118400573730469,False
29,"-2.175,0.2519798278808594",SYSSGTSVSGGSMGMDYLNRSSSGCFSGSSFSSGVSPT,3,run3/g29/g29_17.pdb,-2.175,0.2519798278808594,False
29,"-2.564,0.062374114990234375",GSSYNTSSSSSSMNMSYLNRSSYYCFSGSNFSSGVSPT,3,run3/g29/g29_20.pdb,-2.564,0.0623741149902343,False
29,"-2.126,0.24232864379882812",GYGYNNSVGGGGMNMGYLNRTGYGCFNNSNFSSNVSPT,3,run3/g29/g29_23.pdb,-2.126,0.2423286437988281,False
29,"-2.749,0.27388954162597656",SYSYNGSVSGGGMNMGYLSSSSSECFSGGSFSSGGGPT,6,run6/g29/g29_1.pdb,-2.749,0.2738895416259765,True
29,"-2.665,0.3308563232421875",SSSYSGSVGGGGMNMGYLSSSSYESFNGGSFSSGGGPT,6,run6/g29/g29_2.pdb,-2.665,0.3308563232421875,False
29,"-1.706,-0.35948944091796875",GYSYNGSVSGGSMNMDYLNRTGYGSFGGGNFSSGVGPT,10,run10/g29/g29_13.pdb,-1.706,-0.3594894409179687,False
29,"-2.002,-0.6974830627441406",SYSYNTSVSGGSMNMGYLSRTSYGTFSGSNFSSSVSPT,10,run10/g29/g29_18.pdb,-2.002,-0.6974830627441406,False
29,"-1.745,0.24602317810058594",GYSYNGSGGGGSMNMDYLNRTGYGSFNGGNFSSSVGPT,10,run10/g29/g29_21.pdb,-1.745,0.2460231781005859,False
29,"-2.171,-0.4038410186767578",SSSYNTSVSGGSMNMGYLNSTSYGCFSGSNFSSSVSPT,10,run10/g29/g29_23.pdb,-2.171,-0.4038410186767578,False
29,"-2.156,0.9481201171875",GYGYNGSVGGGGMNMGYLNSTGYGCFNGSNFSSNVSPT,3,run3/g29/g29_1.pdb,-2.156,0.9481201171875,False
29,"-2.399,0.022474288940429688",GYSYGGSVSGGSMNMDYLNRYGGGCYNYSNFSSGVSGG,3,run3/g29/g29_3.pdb,-2.399,0.0224742889404296,False
29,"-2.589,-1.0395679473876953",GSSYNTSSSGSSMNMSYLSRSSYYCFSGSSFSSGVSPT,3,run3/g29/g29_4.pdb,-2.589,-1.039567947387695,False
29,"-2.053,-0.3083763122558594",SYSSGTSVSSGSMNMSYLNRTSYGCFSGSNFSSSVGPT,10,run10/g29/g29_20.pdb,-2.053,-0.3083763122558594,False
