total_score,complex_normalized,dG_cross,dG_cross/dSASAx100,dG_separated,dG_separated/dSASAx100,dSASA_hphobic,dSASA_int,dSASA_polar,delta_unsatHbonds,dslf_fa13,fa_atr,fa_dun,fa_elec,fa_intra_rep,fa_intra_sol_xover4,fa_rep,fa_sol,hbond_E_fraction,hbond_bb_sc,hbond_lr_bb,hbond_sc,hbond_sr_bb,hbonds_int,lk_ball_wtd,nres_all,nres_int,omega,p_aa_pp,packstat,per_residue_energy_int,pro_close,rama_prepro,ref,sc_value,side1_normalized,side1_score,side2_normalized,side2_score,yhh_planarity,description,mutation,score_file
-155.933,-0.58,74.588,3.099,113.358,4.709,1215.991,2407.156,1191.165,35.0,-1.995,-1327.618,257.231,-291.816,1.96,32.207,301.032,777.39,-0.024,-32.107,-49.521,-20.556,-51.523,5.0,-33.429,269.0,83.0,92.414,-45.788,0.712,0.818,1.946,58.96,174.685,0.681,1.643,64.068,0.088,3.864,0.597,g0_00_0001,run12_g0_g0_00,bi-obj/run12/g0/g0_00.pdb.sc
-309.906,-1.152,8.568,0.358,33.776,1.411,1141.842,2394.152,1252.31,31.0,-1.927,-1308.08,237.686,-306.303,2.073,32.214,216.238,768.155,-0.204,-37.317,-55.072,-24.604,-51.593,8.0,-33.763,269.0,83.0,73.732,-48.326,0.693,-0.992,2.036,50.548,173.813,0.658,-0.502,-19.577,-1.426,-62.76,0.585,g0_01_0001,run12_g0_g0_01,bi-obj/run12/g0/g0_01.pdb.sc
-346.135,-1.287,-6.265,-0.263,16.009,0.671,1205.705,2385.876,1180.171,32.0,-1.833,-1287.118,227.038,-301.793,2.022,31.251,193.076,747.015,-0.365,-38.941,-57.174,-21.3,-52.501,8.0,-34.671,269.0,82.0,64.65,-47.94,0.715,-1.252,2.165,52.0,177.335,0.665,-0.707,-27.569,-1.746,-75.081,0.585,g0_02_0001,run12_g0_g0_02,bi-obj/run12/g0/g0_02.pdb.sc
-346.096,-1.287,-6.249,-0.261,16.143,0.674,1223.846,2393.694,1169.848,37.0,-1.844,-1287.024,226.836,-302.248,2.02,31.245,193.428,747.099,-0.323,-38.502,-56.315,-21.14,-52.5,7.0,-34.708,269.0,82.0,63.703,-47.874,0.708,-1.248,1.98,51.829,177.335,0.664,-0.72,-28.07,-1.727,-74.266,0.585,g0_03_0001,run12_g0_g0_03,bi-obj/run12/g0/g0_03.pdb.sc
-310.643,-1.155,8.695,0.361,32.918,1.367,1146.381,2408.042,1261.661,34.0,-1.96,-1306.815,237.731,-306.11,2.053,32.099,214.29,766.015,-0.18,-36.554,-55.266,-24.143,-51.639,8.0,-34.119,269.0,83.0,74.912,-48.439,0.649,-0.971,1.961,50.943,173.813,0.649,-0.476,-18.548,-1.411,-62.076,0.585,g0_04_0001,run12_g0_g0_04,bi-obj/run12/g0/g0_04.pdb.sc
-292.419,-1.087,2.71,0.115,28.936,1.224,1220.037,2363.462,1143.425,31.0,-1.886,-1310.183,241.016,-299.485,2.006,31.714,221.914,758.23,-0.195,-35.777,-56.417,-21.637,-52.156,7.0,-35.891,269.0,83.0,77.18,-46.5,0.711,-0.723,2.565,53.931,178.207,0.687,0.032,1.284,-1.426,-61.31,0.752,g0_05_0001,run12_g0_g0_05,bi-obj/run12/g0/g0_05.pdb.sc
-317.272,-1.179,7.493,0.312,32.402,1.35,1169.312,2400.185,1230.874,32.0,-1.832,-1301.635,235.29,-306.297,2.064,32.231,209.159,763.925,-0.179,-36.246,-55.217,-24.632,-51.702,8.0,-34.317,269.0,82.0,73.388,-48.088,0.684,-0.976,2.035,50.204,173.813,0.656,-0.536,-20.898,-1.376,-59.164,0.585,g0_06_0001,run12_g0_g0_06,bi-obj/run12/g0/g0_06.pdb.sc
-319.9,-1.189,3.222,0.136,27.332,1.152,1174.672,2371.975,1197.303,29.0,-1.808,-1300.208,234.783,-306.314,2.044,32.228,208.352,761.783,-0.241,-37.478,-55.042,-24.021,-51.676,8.0,-33.919,269.0,82.0,73.706,-47.887,0.691,-1.01,1.947,49.213,173.813,0.643,-0.581,-22.673,-1.399,-60.173,0.585,g0_07_0001,run12_g0_g0_07,bi-obj/run12/g0/g0_07.pdb.sc
-291.872,-1.085,0.529,0.022,28.58,1.18,1213.216,2422.161,1208.946,34.0,-1.906,-1309.678,239.659,-297.443,1.994,31.817,222.092,759.879,-0.242,-33.62,-56.273,-24.712,-52.151,8.0,-36.629,269.0,82.0,76.797,-46.473,0.68,-0.712,2.234,53.655,178.207,0.687,0.037,1.477,-1.425,-59.852,0.679,g0_08_0001,run12_g0_g0_08,bi-obj/run12/g0/g0_08.pdb.sc
-356.883,-1.327,-10.391,-0.445,12.599,0.539,1125.537,2337.009,1211.472,30.0,-1.83,-1295.526,228.574,-303.724,2.039,31.405,195.269,750.245,-0.641,-40.257,-59.544,-21.725,-52.357,10.0,-35.273,269.0,79.0,65.738,-48.658,0.654,-1.2,2.458,48.363,177.335,0.661,-0.449,-16.157,-1.829,-78.65,0.585,g0_09_0001,run12_g0_g0_09,bi-obj/run12/g0/g0_09.pdb.sc
-291.863,-1.085,0.518,0.021,28.393,1.174,1209.367,2418.027,1208.66,34.0,-1.903,-1309.748,239.66,-297.487,1.994,31.816,222.138,759.93,-0.243,-33.627,-56.276,-24.698,-52.15,8.0,-36.628,269.0,82.0,76.81,-46.47,0.727,-0.712,2.231,53.66,178.207,0.688,0.037,1.49,-1.425,-59.846,0.678,g0_10_0001,run12_g0_g0_10,bi-obj/run12/g0/g0_10.pdb.sc
-359.607,-1.337,0.919,0.039,19.245,0.824,1127.918,2336.549,1208.631,32.0,-1.854,-1287.844,227.245,-310.587,2.051,31.577,193.597,763.244,-0.224,-40.923,-55.896,-25.933,-51.621,6.0,-35.018,269.0,82.0,58.482,-51.215,0.643,-1.443,5.445,46.748,172.305,0.617,-1.068,-41.661,-1.783,-76.651,0.59,g0_11_0001,run12_g0_g0_11,bi-obj/run12/g0/g0_11.pdb.sc
-342.832,-1.274,-6.596,-0.275,16.426,0.685,1164.995,2399.352,1234.357,30.0,-1.854,-1291.053,229.94,-303.662,2.025,31.273,196.941,749.984,-0.4,-39.871,-57.955,-21.083,-52.425,9.0,-34.552,269.0,82.0,65.355,-47.822,0.689,-1.27,1.976,52.031,177.335,0.636,-0.73,-28.454,-1.759,-75.653,0.585,g0_12_0001,run12_g0_g0_12,bi-obj/run12/g0/g0_12.pdb.sc
-345.276,-1.284,-10.293,-0.434,11.349,0.479,1140.376,2369.545,1229.17,29.0,-1.839,-1297.628,232.327,-304.368,2.031,31.464,196.163,755.068,-0.653,-38.766,-59.269,-21.65,-52.339,9.0,-35.589,269.0,80.0,66.019,-47.684,0.713,-1.185,2.457,50.407,177.335,0.666,-0.445,-16.467,-1.821,-78.299,0.585,g0_13_0001,run12_g0_g0_13,bi-obj/run12/g0/g0_13.pdb.sc
-348.417,-1.295,-13.541,-0.57,10.626,0.447,1081.082,2376.736,1295.655,33.0,-1.833,-1299.741,231.198,-304.957,2.001,31.238,198.569,759.119,-0.947,-37.112,-60.026,-24.826,-52.382,11.0,-36.684,269.0,80.0,65.032,-47.743,0.74,-1.231,2.27,49.54,177.335,0.682,-0.584,-22.186,-1.817,-76.327,0.585,g0_14_0001,run12_g0_g0_14,bi-obj/run12/g0/g0_14.pdb.sc
-292.496,-1.087,2.683,0.114,29.58,1.253,1217.776,2360.593,1142.817,29.0,-1.887,-1310.209,241.055,-299.486,2.005,31.712,221.814,758.264,-0.191,-35.788,-56.438,-21.604,-52.148,7.0,-35.91,269.0,83.0,77.195,-46.511,0.718,-0.724,2.572,53.916,178.207,0.687,0.031,1.231,-1.425,-61.291,0.745,g0_15_0001,run12_g0_g0_15,bi-obj/run12/g0/g0_15.pdb.sc
-358.425,-1.332,-18.37,-0.779,4.802,0.204,1082.517,2356.944,1274.427,30.0,-1.856,-1295.388,227.837,-306.866,1.991,31.292,190.602,758.136,-2.604,-37.25,-61.397,-26.797,-53.151,13.0,-36.5,269.0,78.0,64.244,-47.184,0.781,-1.325,5.3,50.637,177.335,0.674,-0.664,-23.896,-1.891,-79.431,0.59,g0_16_0001,run12_g0_g0_16,bi-obj/run12/g0/g0_16.pdb.sc
-311.279,-1.157,8.63,0.358,33.487,1.389,1140.796,2410.402,1269.606,33.0,-1.956,-1306.802,237.509,-305.782,2.063,32.099,213.99,765.677,-0.189,-36.305,-55.206,-24.672,-51.643,8.0,-34.127,269.0,83.0,74.783,-48.215,0.648,-0.979,1.964,50.947,173.813,0.651,-0.489,-19.065,-1.413,-62.168,0.585,g0_17_0001,run12_g0_g0_17,bi-obj/run12/g0/g0_17.pdb.sc
-292.3,-1.087,2.795,0.118,29.431,1.247,1214.652,2361.08,1146.428,29.0,-1.887,-1310.194,240.953,-299.505,2.006,31.715,222.055,758.209,-0.191,-35.771,-56.452,-21.575,-52.147,7.0,-35.889,269.0,83.0,77.182,-46.496,0.693,-0.722,2.605,53.939,178.207,0.686,0.035,1.391,-1.425,-61.296,0.746,g0_18_0001,run12_g0_g0_18,bi-obj/run12/g0/g0_18.pdb.sc
-342.026,-1.271,-5.867,-0.245,17.328,0.723,1198.104,2396.388,1198.283,33.0,-1.838,-1291.748,229.652,-302.37,2.022,31.273,196.677,748.863,-0.354,-38.896,-56.29,-21.314,-52.523,8.0,-34.62,269.0,82.0,65.038,-48.052,0.711,-1.239,2.022,52.158,177.335,0.657,-0.692,-27.004,-1.735,-74.626,0.585,g0_19_0001,run12_g0_g0_19,bi-obj/run12/g0/g0_19.pdb.sc
-309.716,-1.151,8.504,0.355,33.878,1.414,1134.414,2395.474,1261.061,32.0,-1.919,-1308.11,238.068,-305.729,2.062,32.235,215.75,768.43,-0.201,-37.014,-55.025,-24.639,-51.687,8.0,-34.166,269.0,83.0,73.869,-48.119,0.725,-0.968,2.093,49.786,173.813,0.662,-0.46,-17.941,-1.419,-62.43,0.585,g0_20_0001,run12_g0_g0_20,bi-obj/run12/g0/g0_20.pdb.sc
-310.643,-1.155,8.695,0.361,28.514,1.184,1146.381,2408.042,1261.661,34.0,-1.96,-1306.815,237.731,-306.11,2.053,32.099,214.29,766.015,-0.208,-36.554,-55.266,-24.143,-51.639,8.0,-34.119,269.0,83.0,74.912,-48.439,0.684,-0.971,1.961,50.943,173.813,0.649,-0.476,-18.548,-1.411,-62.076,0.585,g0_21_0001,run12_g0_g0_21,bi-obj/run12/g0/g0_21.pdb.sc
-361.485,-1.344,-14.599,-0.625,7.735,0.331,1154.745,2335.606,1180.862,29.0,-1.89,-1291.952,228.851,-308.579,2.055,31.436,189.64,749.995,-1.12,-39.953,-59.875,-22.557,-53.039,11.0,-34.793,269.0,78.0,63.857,-48.283,0.724,-1.357,6.21,49.472,177.335,0.635,-0.772,-27.799,-1.858,-78.025,0.585,g0_22_0001,run12_g0_g0_22,bi-obj/run12/g0/g0_22.pdb.sc
-345.528,-1.284,-6.684,-0.282,16.738,0.706,1163.32,2371.524,1208.205,30.0,-1.85,-1287.403,227.122,-303.329,2.054,31.262,195.915,748.075,-0.383,-39.894,-58.42,-21.01,-52.434,9.0,-34.099,269.0,81.0,64.699,-47.762,0.675,-1.221,1.974,51.653,177.335,0.646,-0.724,-28.224,-1.683,-70.675,0.585,g0_23_0001,run12_g0_g0_23,bi-obj/run12/g0/g0_23.pdb.sc
-292.496,-1.087,2.683,0.114,28.764,1.218,1217.776,2360.593,1142.817,31.0,-1.887,-1310.209,241.055,-299.486,2.005,31.712,221.814,758.264,-0.196,-35.788,-56.438,-21.604,-52.148,7.0,-35.91,269.0,83.0,77.195,-46.511,0.698,-0.724,2.572,53.916,178.207,0.687,0.031,1.231,-1.425,-61.291,0.745,g0_24_0001,run12_g0_g0_24,bi-obj/run12/g0/g0_24.pdb.sc
-291.863,-1.085,0.518,0.021,28.393,1.174,1209.367,2418.027,1208.66,34.0,-1.903,-1309.748,239.66,-297.487,1.994,31.816,222.138,759.93,-0.243,-33.627,-56.276,-24.698,-52.15,8.0,-36.628,269.0,82.0,76.81,-46.47,0.727,-0.712,2.231,53.66,178.207,0.688,0.037,1.49,-1.425,-59.846,0.678,g0_10_0001,run12_g1_g1_0,bi-obj/run12/g1/g1_0.pdb.sc
-363.332,-1.351,-19.033,-0.791,-4.053,-0.168,1172.716,2406.441,1233.725,26.0,-1.882,-1290.314,226.86,-307.355,2.044,31.244,183.834,753.526,1.618,-42.514,-57.967,-18.743,-52.685,9.0,-36.476,269.0,82.0,58.873,-50.512,0.637,-1.532,15.937,45.514,176.699,0.626,-1.096,-43.853,-1.947,-81.762,0.585,temp_g1_05_0001,run12_g1_g1_1,bi-obj/run12/g1/g1_1.pdb.sc
-373.173,-1.387,-26.044,-1.13,-4.007,-0.174,1057.507,2305.031,1247.524,24.0,-1.856,-1300.918,220.899,-312.699,2.025,31.16,185.757,759.969,3.574,-42.801,-61.87,-26.565,-54.31,15.0,-36.117,269.0,77.0,55.908,-49.062,0.748,-1.519,29.584,49.8,177.335,0.66,-0.828,-29.818,-2.125,-87.133,0.59,temp_g1_16_0001,run12_g1_g1_10,bi-obj/run12/g1/g1_10.pdb.sc
-381.744,-1.419,-16.152,-0.705,-1.59,-0.069,1088.584,2291.112,1202.528,32.0,-1.96,-1302.665,232.447,-317.747,2.231,32.135,180.528,761.806,4.492,-39.267,-57.432,-27.046,-53.5,9.0,-33.965,269.0,80.0,67.074,-47.864,0.736,-1.685,2.115,45.913,174.888,0.664,-1.461,-55.501,-1.888,-79.293,0.566,temp_g1_04_0001,run12_g1_g1_11,bi-obj/run12/g1/g1_11.pdb.sc
-413.877,-1.539,-33.255,-1.432,-15.238,-0.656,1246.189,2323.066,1076.877,26.0,-1.838,-1286.825,222.392,-312.754,2.084,31.694,159.745,745.168,0.454,-41.364,-58.509,-23.055,-54.529,8.0,-35.343,269.0,82.0,58.519,-47.445,0.694,-2.0,2.026,47.187,178.41,0.682,-1.707,-66.56,-2.265,-97.403,0.56,temp_g1_19_0001,run12_g1_g1_12,bi-obj/run12/g1/g1_12.pdb.sc
-417.049,-1.55,-37.315,-1.643,-20.284,-0.893,1145.409,2271.427,1126.017,24.0,-1.839,-1292.841,225.873,-315.317,2.094,31.94,160.166,751.17,0.404,-41.347,-61.595,-23.314,-54.314,9.0,-36.879,269.0,80.0,59.501,-47.221,0.724,-1.961,2.48,45.421,178.41,0.687,-1.514,-56.0,-2.345,-100.849,0.562,temp_g1_13_0001,run12_g1_g1_13,bi-obj/run12/g1/g1_13.pdb.sc
-348.417,-1.295,-13.541,-0.57,10.626,0.447,1081.082,2376.736,1295.655,33.0,-1.833,-1299.741,231.198,-304.957,2.001,31.238,198.569,759.119,-0.947,-37.112,-60.026,-24.826,-52.382,11.0,-36.684,269.0,80.0,65.032,-47.743,0.74,-1.231,2.27,49.54,177.335,0.682,-0.584,-22.186,-1.817,-76.327,0.585,g0_14_0001,run12_g1_g1_14,bi-obj/run12/g1/g1_14.pdb.sc
-364.276,-1.354,-22.382,-0.925,-5.41,-0.224,1173.143,2418.446,1245.303,30.0,-1.922,-1293.596,226.541,-306.549,2.036,31.487,185.583,758.097,1.64,-37.458,-58.481,-26.488,-52.71,10.0,-37.809,269.0,81.0,58.523,-51.234,0.645,-1.541,16.1,46.241,176.699,0.644,-1.075,-43.019,-1.995,-81.815,0.665,temp_g1_10_0001,run12_g1_g1_15,bi-obj/run12/g1/g1_15.pdb.sc
-419.702,-1.56,-40.784,-1.788,-21.831,-0.957,1085.212,2281.094,1195.882,28.0,-1.833,-1295.138,224.711,-315.91,2.066,31.711,162.512,755.314,0.497,-39.663,-62.015,-26.503,-54.363,11.0,-38.075,269.0,80.0,58.919,-47.328,0.668,-2.001,2.298,44.625,178.41,0.704,-1.608,-61.086,-2.357,-99.015,0.561,temp_g1_14_0001,run12_g1_g1_16,bi-obj/run12/g1/g1_16.pdb.sc
-418.407,-1.555,-30.97,-1.361,-15.01,-0.66,1165.286,2275.953,1110.667,33.0,-1.844,-1282.441,220.975,-314.558,2.172,31.285,160.075,742.619,0.422,-41.314,-58.436,-24.236,-54.302,8.0,-35.105,269.0,79.0,55.936,-47.265,0.748,-1.982,2.21,46.835,178.41,0.68,-1.706,-64.833,-2.238,-91.773,0.575,temp_g1_03_0001,run12_g1_g1_17,bi-obj/run12/g1/g1_17.pdb.sc
-310.643,-1.155,8.695,0.361,28.514,1.184,1146.381,2408.042,1261.661,34.0,-1.96,-1306.815,237.731,-306.11,2.053,32.099,214.29,766.015,-0.208,-36.554,-55.266,-24.143,-51.639,8.0,-34.119,269.0,83.0,74.912,-48.439,0.684,-0.971,1.961,50.943,173.813,0.649,-0.476,-18.548,-1.411,-62.076,0.585,g0_21_0001,run12_g1_g1_18,bi-obj/run12/g1/g1_18.pdb.sc
-345.276,-1.284,-10.293,-0.434,11.349,0.479,1140.376,2369.545,1229.17,29.0,-1.839,-1297.628,232.327,-304.368,2.031,31.464,196.163,755.068,-0.653,-38.766,-59.269,-21.65,-52.339,9.0,-35.589,269.0,80.0,66.019,-47.684,0.713,-1.185,2.457,50.407,177.335,0.666,-0.445,-16.467,-1.821,-78.299,0.585,g0_13_0001,run12_g1_g1_19,bi-obj/run12/g1/g1_19.pdb.sc
-311.279,-1.157,8.63,0.358,33.487,1.389,1140.796,2410.402,1269.606,33.0,-1.956,-1306.802,237.509,-305.782,2.063,32.099,213.99,765.677,-0.189,-36.305,-55.206,-24.672,-51.643,8.0,-34.127,269.0,83.0,74.783,-48.215,0.648,-0.979,1.964,50.947,173.813,0.651,-0.489,-19.065,-1.413,-62.168,0.585,g0_17_0001,run12_g1_g1_2,bi-obj/run12/g1/g1_2.pdb.sc
-346.096,-1.287,-6.249,-0.261,16.143,0.674,1223.846,2393.694,1169.848,37.0,-1.844,-1287.024,226.836,-302.248,2.02,31.245,193.428,747.099,-0.323,-38.502,-56.315,-21.14,-52.5,7.0,-34.708,269.0,82.0,63.703,-47.874,0.708,-1.248,1.98,51.829,177.335,0.664,-0.72,-28.07,-1.727,-74.266,0.585,g0_03_0001,run12_g1_g1_20,bi-obj/run12/g1/g1_20.pdb.sc
-426.65,-1.586,-17.328,-0.789,-3.916,-0.178,1073.692,2197.085,1123.393,33.0,-1.854,-1282.746,221.936,-322.487,2.201,31.478,164.857,757.155,0.963,-44.011,-57.557,-29.061,-53.21,5.0,-35.559,269.0,79.0,50.679,-50.543,0.672,-2.132,5.621,42.202,173.38,0.617,-1.969,-74.83,-2.283,-93.599,0.869,temp_g1_11_0001,run12_g1_g1_21,bi-obj/run12/g1/g1_21.pdb.sc
-342.832,-1.274,-6.596,-0.275,16.426,0.685,1164.995,2399.352,1234.357,30.0,-1.854,-1291.053,229.94,-303.662,2.025,31.273,196.941,749.984,-0.4,-39.871,-57.955,-21.083,-52.425,9.0,-34.552,269.0,82.0,65.355,-47.822,0.689,-1.27,1.976,52.031,177.335,0.636,-0.73,-28.454,-1.759,-75.653,0.585,g0_12_0001,run12_g1_g1_22,bi-obj/run12/g1/g1_22.pdb.sc
-310.643,-1.155,8.695,0.361,32.918,1.367,1146.381,2408.042,1261.661,34.0,-1.96,-1306.815,237.731,-306.11,2.053,32.099,214.29,766.015,-0.18,-36.554,-55.266,-24.143,-51.639,8.0,-34.119,269.0,83.0,74.912,-48.439,0.649,-0.971,1.961,50.943,173.813,0.649,-0.476,-18.548,-1.411,-62.076,0.585,g0_04_0001,run12_g1_g1_23,bi-obj/run12/g1/g1_23.pdb.sc
-375.468,-1.396,-20.209,-0.858,0.843,0.036,1168.392,2356.208,1187.816,28.0,-1.808,-1298.45,224.836,-314.761,2.064,32.38,187.19,755.75,-9.131,-38.905,-56.587,-24.05,-53.912,9.0,-34.533,269.0,80.0,62.891,-49.015,0.736,-1.547,9.139,46.754,174.9,0.64,-1.106,-42.01,-1.947,-81.777,0.649,temp_g1_07_0001,run12_g1_g1_24,bi-obj/run12/g1/g1_24.pdb.sc
-365.84,-1.36,-14.583,-0.615,3.41,0.144,1125.46,2372.751,1247.292,33.0,-1.956,-1304.636,227.886,-314.594,2.079,32.233,192.1,759.755,-2.052,-37.533,-57.264,-24.172,-53.83,9.0,-34.541,269.0,81.0,64.98,-49.298,0.708,-1.501,9.159,48.253,174.9,0.644,-1.017,-38.655,-1.928,-82.91,0.64,temp_g1_17_0001,run12_g1_g1_3,bi-obj/run12/g1/g1_3.pdb.sc
-370.54,-1.377,-24.925,-1.02,-9.02,-0.369,1140.864,2443.963,1303.099,29.0,-1.917,-1292.84,225.072,-308.375,2.05,31.193,186.672,757.588,1.247,-40.332,-58.719,-25.299,-52.877,12.0,-37.484,269.0,81.0,57.135,-51.069,0.663,-1.621,15.394,45.981,176.699,0.652,-1.222,-48.888,-2.01,-82.409,0.587,temp_g1_08_0001,run12_g1_g1_4,bi-obj/run12/g1/g1_4.pdb.sc
-361.485,-1.344,-14.599,-0.625,7.735,0.331,1154.745,2335.606,1180.862,29.0,-1.89,-1291.952,228.851,-308.579,2.055,31.436,189.64,749.995,-1.12,-39.953,-59.875,-22.557,-53.039,11.0,-34.793,269.0,78.0,63.857,-48.283,0.724,-1.357,6.21,49.472,177.335,0.635,-0.772,-27.799,-1.858,-78.025,0.585,g0_22_0001,run12_g1_g1_5,bi-obj/run12/g1/g1_5.pdb.sc
-356.883,-1.327,-10.391,-0.445,12.599,0.539,1125.537,2337.009,1211.472,30.0,-1.83,-1295.526,228.574,-303.724,2.039,31.405,195.269,750.245,-0.641,-40.257,-59.544,-21.725,-52.357,10.0,-35.273,269.0,79.0,65.738,-48.658,0.654,-1.2,2.458,48.363,177.335,0.661,-0.449,-16.157,-1.829,-78.65,0.585,g0_09_0001,run12_g1_g1_6,bi-obj/run12/g1/g1_6.pdb.sc
-292.496,-1.087,2.683,0.114,28.764,1.218,1217.776,2360.593,1142.817,31.0,-1.887,-1310.209,241.055,-299.486,2.005,31.712,221.814,758.264,-0.196,-35.788,-56.438,-21.604,-52.148,7.0,-35.91,269.0,83.0,77.195,-46.511,0.698,-0.724,2.572,53.916,178.207,0.687,0.031,1.231,-1.425,-61.291,0.745,g0_24_0001,run12_g1_g1_7,bi-obj/run12/g1/g1_7.pdb.sc
-155.933,-0.58,74.588,3.099,113.358,4.709,1215.991,2407.156,1191.165,35.0,-1.995,-1327.618,257.231,-291.816,1.96,32.207,301.032,777.39,-0.024,-32.107,-49.521,-20.556,-51.523,5.0,-33.429,269.0,83.0,92.414,-45.788,0.712,0.818,1.946,58.96,174.685,0.681,1.643,64.068,0.088,3.864,0.597,g0_00_0001,run12_g1_g1_8,bi-obj/run12/g1/g1_8.pdb.sc
-345.528,-1.284,-6.684,-0.282,16.738,0.706,1163.32,2371.524,1208.205,30.0,-1.85,-1287.403,227.122,-303.329,2.054,31.262,195.915,748.075,-0.383,-39.894,-58.42,-21.01,-52.434,9.0,-34.099,269.0,81.0,64.699,-47.762,0.675,-1.221,1.974,51.653,177.335,0.646,-0.724,-28.224,-1.683,-70.675,0.585,g0_23_0001,run12_g1_g1_9,bi-obj/run12/g1/g1_9.pdb.sc
-466.821,-1.735,-54.55,-2.441,-40.143,-1.796,1108.28,2234.96,1126.68,22.0,-0.826,-1296.797,211.679,-333.828,2.179,33.158,144.878,758.839,0.266,-47.468,-61.23,-25.603,-57.101,12.0,-34.037,269.0,80.0,45.455,-50.243,0.72,-2.551,30.061,41.033,172.431,0.662,-2.298,-87.342,-2.78,-116.771,0.601,temp_g9_02_0001,run12_g10_g10_0,bi-obj/run12/g10/g10_0.pdb.sc
-475.868,-1.769,-55.907,-2.513,-45.764,-2.057,1019.758,2225.057,1205.298,19.0,-1.856,-1289.53,207.012,-327.213,2.122,30.864,145.967,750.92,0.334,-50.193,-65.049,-27.926,-57.088,16.0,-36.746,269.0,76.0,41.691,-47.597,0.759,-2.569,29.765,43.334,175.087,0.675,-2.222,-82.216,-2.898,-113.032,0.568,temp_g9_14_0001,run12_g10_g10_1,bi-obj/run12/g10/g10_1.pdb.sc
-467.013,-1.736,-49.076,-2.251,-38.985,-1.788,1075.949,2180.48,1104.53,27.0,-1.955,-1299.791,212.132,-323.591,2.17,31.06,150.929,756.3,0.238,-49.451,-62.78,-21.669,-56.31,10.0,-36.736,269.0,79.0,41.253,-49.442,0.698,-2.232,21.493,43.71,175.124,0.695,-2.005,-76.177,-2.442,-100.129,0.541,temp_g10_19_0001,run12_g10_g10_10,bi-obj/run12/g10/g10_10.pdb.sc
-472.913,-1.758,-52.984,-2.305,-45.243,-1.968,1273.24,2298.587,1025.347,20.0,-1.759,-1282.411,213.675,-323.437,2.171,31.662,141.511,746.971,0.204,-50.34,-61.42,-21.496,-55.631,10.0,-37.079,269.0,79.0,45.333,-50.162,0.662,-2.64,18.065,36.044,174.805,0.662,-2.502,-97.587,-2.775,-110.998,0.586,temp_g10_02_0001,run12_g10_g10_11,bi-obj/run12/g10/g10_11.pdb.sc
-470.751,-1.75,-52.153,-2.295,-42.634,-1.876,1188.2,2272.543,1084.343,27.0,-1.943,-1308.59,211.84,-330.361,2.151,31.859,150.67,759.986,0.265,-53.253,-60.438,-23.491,-57.201,12.0,-34.359,269.0,79.0,47.193,-50.177,0.738,-2.535,26.66,44.453,173.618,0.702,-2.32,-88.147,-2.735,-112.115,0.632,temp_g7_22_0001,run12_g10_g10_12,bi-obj/run12/g10/g10_12.pdb.sc
-471.598,-1.753,-54.088,-2.477,-37.011,-1.695,1140.836,2183.665,1042.829,19.0,-1.692,-1300.116,212.965,-334.195,2.229,31.107,150.666,757.005,0.367,-49.276,-63.863,-27.431,-55.998,15.0,-33.794,269.0,79.0,45.272,-50.427,0.718,-2.537,29.572,38.656,177.09,0.701,-2.127,-78.717,-2.897,-121.688,0.632,temp_g10_08_0001,run12_g10_g10_13,bi-obj/run12/g10/g10_13.pdb.sc
-389.105,-1.446,-32.669,-1.388,-12.936,-0.55,1245.815,2353.891,1108.076,38.0,-1.844,-1284.747,222.319,-303.968,2.061,31.602,167.529,742.932,0.497,-39.988,-57.706,-21.001,-53.487,7.0,-36.567,269.0,81.0,61.942,-48.268,0.701,-1.751,1.98,50.149,177.335,0.68,-1.264,-49.293,-2.203,-92.519,0.619,temp_g7_10_0001,run12_g10_g10_14,bi-obj/run12/g10/g10_14.pdb.sc
-438.933,-1.632,-47.653,-2.194,-32.289,-1.487,1104.034,2172.042,1068.009,24.0,-1.958,-1297.476,215.187,-319.486,2.146,31.651,151.814,753.603,0.304,-45.942,-62.861,-20.262,-55.462,11.0,-35.179,269.0,77.0,46.212,-48.46,0.748,-2.047,25.408,43.898,177.703,0.669,-1.816,-65.393,-2.249,-92.217,0.532,temp_g10_07_0001,run12_g10_g10_15,bi-obj/run12/g10/g10_15.pdb.sc
-471.553,-1.753,-54.112,-2.485,-36.879,-1.693,1138.483,2177.862,1039.379,19.0,-1.688,-1300.125,212.963,-334.188,2.229,31.107,150.689,756.985,0.369,-49.273,-63.848,-27.439,-55.997,15.0,-33.792,269.0,79.0,45.263,-50.415,0.706,-2.537,29.563,38.691,177.09,0.701,-2.128,-78.725,-2.897,-121.685,0.633,temp_g9_21_0001,run12_g10_g10_16,bi-obj/run12/g10/g10_16.pdb.sc
-446.748,-1.661,-46.718,-2.154,-34.176,-1.575,1040.724,2169.299,1128.575,25.0,-1.955,-1301.924,216.831,-324.162,2.18,31.1,154.264,755.728,0.284,-46.237,-63.487,-22.04,-55.564,11.0,-35.348,269.0,77.0,44.904,-49.424,0.696,-2.119,25.788,44.005,178.057,0.697,-1.86,-66.96,-2.346,-96.185,0.537,temp_g9_13_0001,run12_g10_g10_17,bi-obj/run12/g10/g10_17.pdb.sc
-456.445,-1.697,-53.422,-2.304,-46.495,-2.005,1219.196,2319.003,1099.807,19.0,-1.873,-1281.923,215.819,-327.36,2.093,32.428,142.822,754.879,0.221,-53.009,-60.39,-22.789,-57.071,11.0,-36.743,269.0,80.0,45.23,-49.976,0.698,-2.441,25.454,39.612,175.815,0.646,-2.312,-90.181,-2.564,-105.116,0.537,temp_g10_13_0001,run12_g10_g10_18,bi-obj/run12/g10/g10_18.pdb.sc
-488.501,-1.816,-52.647,-2.281,-45.945,-1.99,1120.851,2308.445,1187.594,23.0,-1.834,-1277.507,203.383,-341.01,2.212,31.353,140.96,755.938,0.303,-50.624,-66.118,-28.939,-58.189,13.0,-34.537,269.0,76.0,37.129,-47.57,0.727,-2.719,28.334,42.431,175.424,0.636,-2.585,-95.629,-2.846,-111.008,0.663,temp_g10_20_0001,run12_g10_g10_19,bi-obj/run12/g10/g10_19.pdb.sc
-476.108,-1.77,-56.831,-2.616,-41.715,-1.92,1110.718,2172.484,1061.766,19.0,-0.826,-1282.673,209.544,-334.983,2.156,30.565,144.618,756.247,0.347,-48.944,-65.349,-26.665,-56.536,15.0,-34.357,269.0,79.0,43.18,-52.598,0.703,-2.502,26.62,39.519,173.762,0.685,-2.05,-75.847,-2.9,-121.801,0.611,temp_g10_04_0001,run12_g10_g10_2,bi-obj/run12/g10/g10_2.pdb.sc
-474.235,-1.763,-54.007,-2.418,-43.969,-1.969,1157.28,2233.252,1075.972,29.0,-1.892,-1309.907,210.077,-328.124,2.16,31.711,152.747,758.157,0.304,-52.651,-61.283,-23.593,-57.435,13.0,-34.599,269.0,78.0,43.807,-51.405,0.697,-2.562,27.627,42.812,176.924,0.7,-2.354,-89.459,-2.758,-110.338,0.633,temp_g9_01_0001,run12_g10_g10_20,bi-obj/run12/g10/g10_20.pdb.sc
-446.355,-1.659,-47.733,-2.213,-35.248,-1.634,1065.647,2156.825,1091.178,24.0,-1.969,-1293.616,213.854,-319.861,2.137,30.362,153.392,748.28,0.278,-44.829,-64.131,-21.977,-55.709,11.0,-35.592,269.0,76.0,44.227,-51.655,0.693,-2.187,27.744,43.5,178.95,0.699,-1.878,-67.599,-2.466,-98.622,0.539,temp_g10_24_0001,run12_g10_g10_21,bi-obj/run12/g10/g10_21.pdb.sc
-463.355,-1.723,-47.26,-2.097,-35.788,-1.588,1166.431,2253.153,1086.722,26.0,-0.826,-1293.529,215.745,-323.184,2.315,31.692,154.07,747.568,0.212,-47.223,-62.888,-19.886,-56.01,9.0,-36.748,269.0,79.0,49.731,-51.711,0.721,-2.414,10.924,39.571,176.152,0.672,-2.108,-80.111,-2.697,-110.596,0.881,temp_g10_01_0001,run12_g10_g10_22,bi-obj/run12/g10/g10_22.pdb.sc
-405.789,-1.509,-42.261,-1.838,-24.931,-1.084,1139.185,2299.418,1160.233,34.0,-1.844,-1288.901,216.748,-310.369,2.086,31.991,161.016,744.216,0.366,-46.482,-58.032,-20.729,-54.557,10.0,-35.924,269.0,80.0,52.616,-49.461,0.756,-1.962,23.983,49.901,177.335,0.669,-1.456,-56.792,-2.443,-100.159,0.619,temp_g10_09_0001,run12_g10_g10_23,bi-obj/run12/g10/g10_23.pdb.sc
-461.022,-1.714,-50.144,-2.152,-41.78,-1.793,1184.834,2329.735,1144.901,18.0,-0.826,-1294.231,215.606,-314.849,2.263,31.95,152.038,745.579,0.204,-47.502,-62.559,-22.078,-56.06,10.0,-37.771,269.0,78.0,49.476,-52.291,0.709,-2.487,16.165,39.228,174.014,0.656,-2.121,-80.606,-2.834,-113.371,0.826,temp_g10_23_0001,run12_g10_g10_24,bi-obj/run12/g10/g10_24.pdb.sc
-455.482,-1.693,-50.054,-2.214,-43.347,-1.917,1173.91,2260.934,1087.024,36.0,-1.835,-1276.626,200.51,-305.411,2.167,30.703,140.112,726.053,0.218,-47.103,-60.774,-22.725,-57.109,10.0,-35.987,269.0,81.0,44.549,-47.083,0.714,-2.355,26.579,46.471,181.453,0.691,-2.129,-85.178,-2.575,-105.578,0.576,temp_g9_17_0001,run12_g10_g10_3,bi-obj/run12/g10/g10_3.pdb.sc
-492.351,-1.83,-53.211,-2.315,-46.662,-2.03,1133.986,2298.676,1164.689,23.0,-1.693,-1300.923,206.118,-332.752,2.221,31.554,147.122,756.698,0.315,-50.458,-65.797,-29.715,-58.151,14.0,-35.094,269.0,75.0,38.221,-46.359,0.712,-2.774,28.334,41.818,175.844,0.687,-2.55,-91.811,-2.981,-116.264,0.663,temp_g9_06_0001,run12_g10_g10_4,bi-obj/run12/g10/g10_4.pdb.sc
-482.531,-1.794,-52.877,-2.363,-43.483,-1.943,1245.794,2237.382,991.589,23.0,-0.826,-1305.557,217.262,-331.231,2.373,32.159,153.425,748.829,0.147,-44.497,-61.983,-20.55,-56.459,8.0,-35.424,269.0,80.0,45.266,-56.109,0.74,-2.597,16.048,36.912,177.024,0.639,-2.175,-84.808,-2.999,-122.965,0.807,temp_g8_19_0001,run12_g10_g10_5,bi-obj/run12/g10/g10_5.pdb.sc
-492.192,-1.83,-58.247,-2.601,-49.499,-2.21,1072.863,2239.722,1166.859,19.0,-1.856,-1291.071,204.055,-331.448,2.141,30.65,144.879,746.102,0.327,-51.125,-66.845,-27.407,-57.813,15.0,-36.01,269.0,76.0,40.742,-48.78,0.695,-2.752,30.222,42.691,177.982,0.672,-2.413,-89.277,-3.074,-119.869,0.699,temp_g9_23_0001,run12_g10_g10_6,bi-obj/run12/g10/g10_6.pdb.sc
-450.92,-1.676,-48.087,-2.079,-36.849,-1.593,1169.429,2313.138,1143.709,23.0,-0.826,-1297.44,221.002,-321.984,2.277,32.165,154.842,753.529,0.244,-47.811,-62.221,-22.262,-55.496,11.0,-36.018,269.0,79.0,50.16,-51.641,0.712,-2.349,16.165,39.799,174.014,0.669,-1.947,-73.975,-2.722,-111.615,0.826,temp_g7_05_0001,run12_g10_g10_7,bi-obj/run12/g10/g10_7.pdb.sc
-485.007,-1.803,-57.437,-2.537,-49.655,-2.193,1079.762,2264.213,1184.45,23.0,-1.856,-1296.3,206.36,-330.84,2.133,31.226,145.402,752.394,0.322,-49.609,-66.149,-29.401,-57.778,15.0,-36.73,269.0,76.0,41.822,-47.333,0.784,-2.683,30.222,43.882,176.932,0.679,-2.394,-88.571,-2.957,-115.311,0.615,temp_g8_00_0001,run12_g10_g10_8,bi-obj/run12/g10/g10_8.pdb.sc
-496.039,-1.844,-59.82,-2.726,-51.722,-2.357,1150.599,2194.075,1043.477,20.0,-1.898,-1265.381,196.719,-320.636,2.103,29.655,136.467,730.939,0.236,-50.339,-65.584,-23.979,-59.024,13.0,-35.488,269.0,78.0,36.734,-51.79,0.682,-2.828,26.478,40.807,177.355,0.634,-2.839,-105.044,-2.818,-115.534,0.822,temp_g9_19_0001,run12_g10_g10_9,bi-obj/run12/g10/g10_9.pdb.sc
-466.821,-1.735,-54.55,-2.441,-40.143,-1.796,1108.28,2234.96,1126.68,22.0,-0.826,-1296.797,211.679,-333.828,2.179,33.158,144.878,758.839,0.266,-47.468,-61.23,-25.603,-57.101,12.0,-34.037,269.0,80.0,45.455,-50.243,0.72,-2.551,30.061,41.033,172.431,0.662,-2.298,-87.342,-2.78,-116.771,0.601,temp_g9_02_0001,run12_g11_g11_0,bi-obj/run12/g11/g11_0.pdb.sc
-474.899,-1.765,-53.738,-2.357,-45.526,-1.997,1156.466,2279.516,1123.049,25.0,-0.826,-1291.205,204.46,-324.533,2.194,32.012,139.975,744.661,0.189,-42.927,-61.887,-25.689,-58.242,10.0,-34.745,269.0,80.0,43.931,-48.741,0.657,-2.608,30.061,40.661,175.375,0.648,-2.51,-95.382,-2.697,-113.267,0.565,temp_g11_00_0001,run12_g11_g11_1,bi-obj/run12/g11/g11_1.pdb.sc
-488.501,-1.816,-52.647,-2.281,-45.945,-1.99,1120.851,2308.445,1187.594,23.0,-1.834,-1277.507,203.383,-341.01,2.212,31.353,140.96,755.938,0.303,-50.624,-66.118,-28.939,-58.189,13.0,-34.537,269.0,76.0,37.129,-47.57,0.727,-2.719,28.334,42.431,175.424,0.636,-2.585,-95.629,-2.846,-111.008,0.663,temp_g10_20_0001,run12_g11_g11_10,bi-obj/run12/g11/g11_10.pdb.sc
-463.355,-1.723,-47.26,-2.097,-35.788,-1.588,1166.431,2253.153,1086.722,26.0,-0.826,-1293.529,215.745,-323.184,2.315,31.692,154.07,747.568,0.212,-47.223,-62.888,-19.886,-56.01,9.0,-36.748,269.0,79.0,49.731,-51.711,0.721,-2.414,10.924,39.571,176.152,0.672,-2.108,-80.111,-2.697,-110.596,0.881,temp_g10_01_0001,run12_g11_g11_11,bi-obj/run12/g11/g11_11.pdb.sc
-424.23,-1.577,-43.444,-1.873,-28.97,-1.249,1164.651,2319.952,1155.302,40.0,-1.844,-1283.501,205.856,-301.127,2.126,30.92,152.762,730.952,0.239,-42.135,-59.484,-21.274,-55.564,8.0,-35.935,269.0,80.0,49.803,-48.317,0.754,-2.142,23.983,47.716,180.279,0.667,-1.735,-67.675,-2.528,-103.668,0.553,temp_g11_23_0001,run12_g11_g11_12,bi-obj/run12/g11/g11_12.pdb.sc
-439.178,-1.633,-49.93,-2.356,-37.395,-1.765,1039.997,2119.0,1079.003,24.0,-1.988,-1282.133,211.8,-322.407,2.11,30.274,148.148,747.369,0.279,-47.793,-63.347,-22.516,-57.077,12.0,-34.27,269.0,76.0,44.632,-52.559,0.686,-2.161,37.955,42.922,179.166,0.689,-1.935,-69.649,-2.365,-94.592,0.537,temp_g11_21_0001,run12_g11_g11_13,bi-obj/run12/g11/g11_13.pdb.sc
-475.868,-1.769,-55.907,-2.513,-45.764,-2.057,1019.758,2225.057,1205.298,19.0,-1.856,-1289.53,207.012,-327.213,2.122,30.864,145.967,750.92,0.334,-50.193,-65.049,-27.926,-57.088,16.0,-36.746,269.0,76.0,41.691,-47.597,0.759,-2.569,29.765,43.334,175.087,0.675,-2.222,-82.216,-2.898,-113.032,0.568,temp_g9_14_0001,run12_g11_g11_14,bi-obj/run12/g11/g11_14.pdb.sc
-474.235,-1.763,-54.007,-2.418,-43.969,-1.969,1157.28,2233.252,1075.972,29.0,-1.892,-1309.907,210.077,-328.124,2.16,31.711,152.747,758.157,0.304,-52.651,-61.283,-23.593,-57.435,13.0,-34.599,269.0,78.0,43.807,-51.405,0.697,-2.562,27.627,42.812,176.924,0.7,-2.354,-89.459,-2.758,-110.338,0.633,temp_g9_01_0001,run12_g11_g11_15,bi-obj/run12/g11/g11_15.pdb.sc
-467.652,-1.738,-50.595,-2.199,-42.109,-1.83,1169.225,2301.005,1131.78,17.0,-0.826,-1289.835,212.411,-314.611,2.242,31.286,151.842,740.274,0.204,-48.158,-63.187,-20.068,-56.067,10.0,-38.4,269.0,78.0,49.617,-53.775,0.726,-2.546,16.165,37.539,175.065,0.654,-2.132,-80.997,-2.939,-117.579,0.834,temp_g11_24_0001,run12_g11_g11_16,bi-obj/run12/g11/g11_16.pdb.sc
-502.085,-1.866,-58.572,-2.643,-49.9,-2.251,1048.596,2216.391,1167.795,19.0,-1.856,-1288.158,200.825,-340.805,2.108,29.938,144.193,748.89,0.31,-52.908,-66.651,-28.973,-57.837,14.0,-34.115,269.0,76.0,40.536,-49.266,0.709,-2.823,30.222,42.038,179.033,0.67,-2.415,-89.359,-3.21,-125.206,0.699,temp_g11_06_0001,run12_g11_g11_17,bi-obj/run12/g11/g11_17.pdb.sc
-405.789,-1.509,-42.261,-1.838,-24.931,-1.084,1139.185,2299.418,1160.233,34.0,-1.844,-1288.901,216.748,-310.369,2.086,31.991,161.016,744.216,0.366,-46.482,-58.032,-20.729,-54.557,10.0,-35.924,269.0,80.0,52.616,-49.461,0.756,-1.962,23.983,49.901,177.335,0.669,-1.456,-56.792,-2.443,-100.159,0.619,temp_g10_09_0001,run12_g11_g11_18,bi-obj/run12/g11/g11_18.pdb.sc
-447.376,-1.663,-52.086,-2.399,-40.954,-1.886,1132.184,2171.424,1039.241,24.0,-1.958,-1296.194,211.649,-320.639,2.209,31.598,151.079,750.774,0.257,-46.387,-63.809,-20.167,-56.344,12.0,-35.843,269.0,79.0,46.354,-48.235,0.694,-2.158,25.408,43.807,178.791,0.679,-1.974,-73.042,-2.32,-97.439,0.532,temp_g11_15_0001,run12_g11_g11_19,bi-obj/run12/g11/g11_19.pdb.sc
-484.649,-1.802,-57.49,-2.536,-49.95,-2.204,1079.893,2266.716,1186.822,23.0,-1.856,-1296.652,206.157,-330.913,2.135,31.227,145.486,752.569,0.32,-49.623,-66.02,-29.393,-57.826,15.0,-36.702,269.0,76.0,42.418,-47.345,0.749,-2.677,30.222,43.924,176.932,0.679,-2.382,-88.146,-2.956,-115.301,0.613,temp_g11_08_0001,run12_g11_g11_2,bi-obj/run12/g11/g11_2.pdb.sc
-467.013,-1.736,-49.076,-2.251,-38.985,-1.788,1075.949,2180.48,1104.53,27.0,-1.955,-1299.791,212.132,-323.591,2.17,31.06,150.929,756.3,0.238,-49.451,-62.78,-21.669,-56.31,10.0,-36.736,269.0,79.0,41.253,-49.442,0.698,-2.232,21.493,43.71,175.124,0.695,-2.005,-76.177,-2.442,-100.129,0.541,temp_g10_19_0001,run12_g11_g11_20,bi-obj/run12/g11/g11_20.pdb.sc
-485.007,-1.803,-57.437,-2.537,-49.655,-2.193,1079.762,2264.213,1184.45,23.0,-1.856,-1296.3,206.36,-330.84,2.133,31.226,145.402,752.394,0.322,-49.609,-66.149,-29.401,-57.778,15.0,-36.73,269.0,76.0,41.822,-47.333,0.784,-2.683,30.222,43.882,176.932,0.679,-2.394,-88.571,-2.957,-115.311,0.615,temp_g8_00_0001,run12_g11_g11_21,bi-obj/run12/g11/g11_21.pdb.sc
-491.054,-1.825,-54.995,-2.431,-48.28,-2.134,1287.03,2261.965,974.936,22.0,-0.826,-1302.587,213.816,-327.514,2.37,32.035,150.674,741.433,0.122,-44.103,-62.308,-19.01,-57.004,7.0,-37.285,269.0,79.0,43.607,-56.17,0.699,-2.699,16.048,36.851,178.112,0.627,-2.326,-90.72,-3.063,-122.501,0.807,temp_g11_05_0001,run12_g11_g11_22,bi-obj/run12/g11/g11_22.pdb.sc
-389.105,-1.446,-32.669,-1.388,-12.936,-0.55,1245.815,2353.891,1108.076,38.0,-1.844,-1284.747,222.319,-303.968,2.061,31.602,167.529,742.932,0.497,-39.988,-57.706,-21.001,-53.487,7.0,-36.567,269.0,81.0,61.942,-48.268,0.701,-1.751,1.98,50.149,177.335,0.68,-1.264,-49.293,-2.203,-92.519,0.619,temp_g7_10_0001,run12_g11_g11_23,bi-obj/run12/g11/g11_23.pdb.sc
-498.337,-1.853,-60.539,-2.761,-52.846,-2.41,1169.23,2192.952,1023.722,18.0,-1.898,-1268.174,196.297,-321.878,2.094,29.713,136.897,733.012,0.231,-50.457,-65.079,-24.007,-59.095,13.0,-35.745,269.0,79.0,36.355,-51.79,0.665,-2.848,26.478,40.812,177.355,0.635,-2.857,-105.715,-2.839,-119.242,0.772,temp_g11_09_0001,run12_g11_g11_24,bi-obj/run12/g11/g11_24.pdb.sc
-473.593,-1.761,-52.428,-2.282,-46.258,-2.014,1240.895,2296.994,1056.099,19.0,-1.873,-1284.271,212.344,-330.37,2.116,32.726,140.431,755.384,0.222,-53.328,-61.153,-22.754,-57.331,11.0,-36.89,269.0,79.0,40.43,-51.003,0.705,-2.508,26.829,38.718,175.815,0.633,-2.403,-91.3,-2.605,-106.806,0.588,temp_g11_18_0001,run12_g11_g11_3,bi-obj/run12/g11/g11_3.pdb.sc
-458.434,-1.704,-50.268,-2.235,-42.713,-1.899,1171.81,2249.563,1077.753,35.0,-1.835,-1278.385,201.841,-310.416,2.179,30.914,140.472,728.871,0.225,-47.058,-60.732,-23.539,-57.219,10.0,-35.848,269.0,81.0,44.426,-47.102,0.714,-2.359,26.579,46.386,181.453,0.69,-2.135,-85.418,-2.577,-105.667,0.579,temp_g11_03_0001,run12_g11_g11_4,bi-obj/run12/g11/g11_4.pdb.sc
-447.994,-1.665,-47.912,-2.207,-35.304,-1.627,1055.432,2170.533,1115.1,24.0,-1.955,-1293.351,214.392,-324.42,2.127,30.359,151.272,756.457,0.28,-46.895,-64.109,-22.147,-55.997,11.0,-34.933,269.0,77.0,44.817,-49.841,0.733,-2.138,25.788,42.718,177.185,0.693,-1.869,-67.288,-2.375,-97.369,0.541,temp_g11_17_0001,run12_g11_g11_5,bi-obj/run12/g11/g11_5.pdb.sc
-455.482,-1.693,-50.054,-2.214,-43.347,-1.917,1173.91,2260.934,1087.024,36.0,-1.835,-1276.626,200.51,-305.411,2.167,30.703,140.112,726.053,0.218,-47.103,-60.774,-22.725,-57.109,10.0,-35.987,269.0,81.0,44.549,-47.083,0.714,-2.355,26.579,46.471,181.453,0.691,-2.129,-85.178,-2.575,-105.578,0.576,temp_g9_17_0001,run12_g11_g11_6,bi-obj/run12/g11/g11_6.pdb.sc
-492.192,-1.83,-58.247,-2.601,-49.499,-2.21,1072.863,2239.722,1166.859,19.0,-1.856,-1291.071,204.055,-331.448,2.141,30.65,144.879,746.102,0.327,-51.125,-66.845,-27.407,-57.813,15.0,-36.01,269.0,76.0,40.742,-48.78,0.695,-2.752,30.222,42.691,177.982,0.672,-2.413,-89.277,-3.074,-119.869,0.699,temp_g9_23_0001,run12_g11_g11_7,bi-obj/run12/g11/g11_7.pdb.sc
-472.622,-1.757,-48.779,-2.261,-38.402,-1.78,1050.516,2157.817,1107.301,28.0,-1.941,-1296.877,209.443,-323.777,2.168,31.003,148.268,754.345,0.213,-49.647,-63.575,-20.822,-56.266,10.0,-36.659,269.0,77.0,40.186,-48.902,0.71,-2.247,21.55,43.218,175.124,0.705,-1.989,-73.576,-2.486,-99.459,0.541,temp_g11_10_0001,run12_g11_g11_8,bi-obj/run12/g11/g11_8.pdb.sc
-473.269,-1.759,-53.0,-2.311,-44.452,-1.938,1268.882,2293.592,1024.71,20.0,-1.759,-1282.141,213.582,-323.328,2.17,31.661,141.453,746.763,0.208,-50.395,-61.372,-21.601,-55.634,10.0,-37.056,269.0,79.0,45.163,-50.222,0.646,-2.645,18.065,35.989,174.805,0.666,-2.503,-97.633,-2.783,-111.309,0.587,temp_g11_11_0001,run12_g11_g11_9,bi-obj/run12/g11/g11_9.pdb.sc
-466.821,-1.735,-54.55,-2.441,-40.143,-1.796,1108.28,2234.96,1126.68,22.0,-0.826,-1296.797,211.679,-333.828,2.179,33.158,144.878,758.839,0.266,-47.468,-61.23,-25.603,-57.101,12.0,-34.037,269.0,80.0,45.455,-50.243,0.72,-2.551,30.061,41.033,172.431,0.662,-2.298,-87.342,-2.78,-116.771,0.601,temp_g9_02_0001,run12_g12_g12_0,bi-obj/run12/g12/g12_0.pdb.sc
-472.622,-1.757,-48.779,-2.261,-38.402,-1.78,1050.516,2157.817,1107.301,28.0,-1.941,-1296.877,209.443,-323.777,2.168,31.003,148.268,754.345,0.213,-49.647,-63.575,-20.822,-56.266,10.0,-36.659,269.0,77.0,40.186,-48.902,0.71,-2.247,21.55,43.218,175.124,0.705,-1.989,-73.576,-2.486,-99.459,0.541,temp_g11_10_0001,run12_g12_g12_1,bi-obj/run12/g12/g12_1.pdb.sc
-452.978,-1.684,-49.404,-2.317,-38.401,-1.801,1071.168,2132.304,1061.136,24.0,-1.988,-1284.856,214.599,-326.658,2.117,30.306,147.55,750.445,0.272,-50.099,-63.973,-24.253,-57.026,12.0,-33.523,269.0,74.0,45.487,-51.66,0.695,-2.339,26.293,43.205,180.519,0.695,-1.98,-69.294,-2.662,-103.82,0.537,temp_g12_13_0001,run12_g12_g12_10,bi-obj/run12/g12/g12_10.pdb.sc
-498.337,-1.853,-60.539,-2.761,-52.846,-2.41,1169.23,2192.952,1023.722,18.0,-1.898,-1268.174,196.297,-321.878,2.094,29.713,136.897,733.012,0.231,-50.457,-65.079,-24.007,-59.095,13.0,-35.745,269.0,79.0,36.355,-51.79,0.665,-2.848,26.478,40.812,177.355,0.635,-2.857,-105.715,-2.839,-119.242,0.772,temp_g11_09_0001,run12_g12_g12_11,bi-obj/run12/g12/g12_11.pdb.sc
-467.013,-1.736,-49.076,-2.251,-38.985,-1.788,1075.949,2180.48,1104.53,27.0,-1.955,-1299.791,212.132,-323.591,2.17,31.06,150.929,756.3,0.238,-49.451,-62.78,-21.669,-56.31,10.0,-36.736,269.0,79.0,41.253,-49.442,0.698,-2.232,21.493,43.71,175.124,0.695,-2.005,-76.177,-2.442,-100.129,0.541,temp_g10_19_0001,run12_g12_g12_12,bi-obj/run12/g12/g12_12.pdb.sc
-473.269,-1.759,-53.0,-2.311,-44.452,-1.938,1268.882,2293.592,1024.71,20.0,-1.759,-1282.141,213.582,-323.328,2.17,31.661,141.453,746.763,0.208,-50.395,-61.372,-21.601,-55.634,10.0,-37.056,269.0,79.0,45.163,-50.222,0.646,-2.645,18.065,35.989,174.805,0.666,-2.503,-97.633,-2.783,-111.309,0.587,temp_g11_11_0001,run12_g12_g12_13,bi-obj/run12/g12/g12_13.pdb.sc
-479.982,-1.784,-51.939,-2.261,-42.304,-1.842,1147.88,2297.101,1149.221,20.0,-0.826,-1289.405,209.194,-322.446,2.238,30.606,150.834,741.319,0.194,-48.838,-64.543,-20.436,-56.191,9.0,-37.425,269.0,78.0,49.932,-54.325,0.729,-2.632,16.165,37.216,176.115,0.643,-2.136,-81.182,-3.102,-124.076,0.834,temp_g12_16_0001,run12_g12_g12_14,bi-obj/run12/g12/g12_14.pdb.sc
-500.405,-1.86,-58.537,-2.651,-49.885,-2.259,1037.297,2208.277,1170.98,19.0,-1.856,-1287.632,200.675,-339.977,2.11,29.853,144.793,748.062,0.309,-53.016,-66.606,-28.972,-57.836,14.0,-34.097,269.0,75.0,40.576,-50.292,0.756,-2.821,30.222,42.747,180.121,0.669,-2.417,-89.412,-3.215,-122.182,0.721,temp_g12_17_0001,run12_g12_g12_15,bi-obj/run12/g12/g12_15.pdb.sc
-477.785,-1.776,-56.345,-2.513,-46.362,-2.068,1030.856,2242.088,1211.232,20.0,-0.826,-1288.556,207.07,-329.067,2.215,31.055,145.105,755.36,0.327,-50.197,-65.378,-27.851,-57.337,16.0,-35.988,269.0,76.0,40.779,-48.197,0.752,-2.604,29.607,42.299,171.543,0.682,-2.223,-82.257,-2.966,-115.664,0.58,temp_g12_14_0001,run12_g12_g12_16,bi-obj/run12/g12/g12_16.pdb.sc
-485.007,-1.803,-57.437,-2.537,-49.655,-2.193,1079.762,2264.213,1184.45,23.0,-1.856,-1296.3,206.36,-330.84,2.133,31.226,145.402,752.394,0.322,-49.609,-66.149,-29.401,-57.778,15.0,-36.73,269.0,76.0,41.822,-47.333,0.784,-2.683,30.222,43.882,176.932,0.679,-2.394,-88.571,-2.957,-115.311,0.615,temp_g8_00_0001,run12_g12_g12_17,bi-obj/run12/g12/g12_17.pdb.sc
-498.451,-1.853,-60.715,-2.757,-52.654,-2.391,1176.479,2202.118,1025.639,19.0,-1.898,-1268.409,196.349,-321.781,2.102,29.751,137.01,732.903,0.232,-50.519,-65.214,-24.065,-59.193,13.0,-35.839,269.0,79.0,36.343,-51.654,0.681,-2.849,26.478,41.058,177.355,0.639,-2.858,-105.733,-2.84,-119.3,0.772,temp_g12_24_0001,run12_g12_g12_18,bi-obj/run12/g12/g12_18.pdb.sc
-472.775,-1.758,-54.711,-2.441,-40.271,-1.797,1094.031,2241.356,1147.325,22.0,-0.826,-1299.394,212.859,-342.85,2.177,33.208,146.074,765.304,0.264,-47.381,-61.628,-25.598,-57.131,12.0,-33.935,269.0,80.0,45.118,-50.985,0.733,-2.57,30.061,40.208,171.343,0.664,-2.294,-87.156,-2.821,-118.483,0.601,temp_g12_00_0001,run12_g12_g12_19,bi-obj/run12/g12/g12_19.pdb.sc
-467.652,-1.738,-50.595,-2.199,-42.109,-1.83,1169.225,2301.005,1131.78,17.0,-0.826,-1289.835,212.411,-314.611,2.242,31.286,151.842,740.274,0.204,-48.158,-63.187,-20.068,-56.067,10.0,-38.4,269.0,78.0,49.617,-53.775,0.726,-2.546,16.165,37.539,175.065,0.654,-2.132,-80.997,-2.939,-117.579,0.834,temp_g11_24_0001,run12_g12_g12_2,bi-obj/run12/g12/g12_2.pdb.sc
-463.355,-1.723,-47.26,-2.097,-35.788,-1.588,1166.431,2253.153,1086.722,26.0,-0.826,-1293.529,215.745,-323.184,2.315,31.692,154.07,747.568,0.212,-47.223,-62.888,-19.886,-56.01,9.0,-36.748,269.0,79.0,49.731,-51.711,0.721,-2.414,10.924,39.571,176.152,0.672,-2.108,-80.111,-2.697,-110.596,0.881,temp_g10_01_0001,run12_g12_g12_20,bi-obj/run12/g12/g12_20.pdb.sc
-488.501,-1.816,-52.647,-2.281,-45.945,-1.99,1120.851,2308.445,1187.594,23.0,-1.834,-1277.507,203.383,-341.01,2.212,31.353,140.96,755.938,0.303,-50.624,-66.118,-28.939,-58.189,13.0,-34.537,269.0,76.0,37.129,-47.57,0.727,-2.719,28.334,42.431,175.424,0.636,-2.585,-95.629,-2.846,-111.008,0.663,temp_g10_20_0001,run12_g12_g12_21,bi-obj/run12/g12/g12_21.pdb.sc
-439.178,-1.633,-49.93,-2.356,-37.395,-1.765,1039.997,2119.0,1079.003,24.0,-1.988,-1282.133,211.8,-322.407,2.11,30.274,148.148,747.369,0.279,-47.793,-63.347,-22.516,-57.077,12.0,-34.27,269.0,76.0,44.632,-52.559,0.686,-2.161,37.955,42.922,179.166,0.689,-1.935,-69.649,-2.365,-94.592,0.537,temp_g11_21_0001,run12_g12_g12_22,bi-obj/run12/g12/g12_22.pdb.sc
-492.192,-1.83,-58.247,-2.601,-49.499,-2.21,1072.863,2239.722,1166.859,19.0,-1.856,-1291.071,204.055,-331.448,2.141,30.65,144.879,746.102,0.327,-51.125,-66.845,-27.407,-57.813,15.0,-36.01,269.0,76.0,40.742,-48.78,0.695,-2.752,30.222,42.691,177.982,0.672,-2.413,-89.277,-3.074,-119.869,0.699,temp_g9_23_0001,run12_g12_g12_23,bi-obj/run12/g12/g12_23.pdb.sc
-502.085,-1.866,-58.572,-2.643,-49.9,-2.251,1048.596,2216.391,1167.795,19.0,-1.856,-1288.158,200.825,-340.805,2.108,29.938,144.193,748.89,0.31,-52.908,-66.651,-28.973,-57.837,14.0,-34.115,269.0,76.0,40.536,-49.266,0.709,-2.823,30.222,42.038,179.033,0.67,-2.415,-89.359,-3.21,-125.206,0.699,temp_g11_06_0001,run12_g12_g12_24,bi-obj/run12/g12/g12_24.pdb.sc
-471.536,-1.753,-55.96,-2.494,-49.373,-2.2,1194.208,2244.095,1049.887,31.0,-1.835,-1274.029,197.061,-309.723,2.203,30.946,133.971,719.171,0.192,-47.092,-62.427,-22.786,-57.196,10.0,-35.647,269.0,79.0,42.276,-47.466,0.673,-2.489,33.657,44.214,182.54,0.684,-2.432,-92.415,-2.543,-104.255,0.626,temp_g12_06_0001,run12_g12_g12_3,bi-obj/run12/g12/g12_3.pdb.sc
-484.649,-1.802,-57.49,-2.536,-49.95,-2.204,1079.893,2266.716,1186.822,23.0,-1.856,-1296.652,206.157,-330.913,2.135,31.227,145.486,752.569,0.32,-49.623,-66.02,-29.393,-57.826,15.0,-36.702,269.0,76.0,42.418,-47.345,0.749,-2.677,30.222,43.924,176.932,0.679,-2.382,-88.146,-2.956,-115.301,0.613,temp_g11_08_0001,run12_g12_g12_4,bi-obj/run12/g12/g12_4.pdb.sc
-484.802,-1.802,-57.485,-2.549,-50.019,-2.218,1074.896,2255.485,1180.589,23.0,-1.856,-1296.422,206.31,-330.557,2.135,31.238,145.298,752.17,0.319,-49.701,-65.913,-29.361,-57.832,15.0,-36.656,269.0,76.0,42.106,-47.446,0.751,-2.678,30.222,43.921,176.932,0.678,-2.382,-88.138,-2.959,-115.418,0.611,temp_g12_02_0001,run12_g12_g12_5,bi-obj/run12/g12/g12_5.pdb.sc
-389.105,-1.446,-32.669,-1.388,-12.936,-0.55,1245.815,2353.891,1108.076,38.0,-1.844,-1284.747,222.319,-303.968,2.061,31.602,167.529,742.932,0.497,-39.988,-57.706,-21.001,-53.487,7.0,-36.567,269.0,81.0,61.942,-48.268,0.701,-1.751,1.98,50.149,177.335,0.68,-1.264,-49.293,-2.203,-92.519,0.619,temp_g7_10_0001,run12_g12_g12_6,bi-obj/run12/g12/g12_6.pdb.sc
-405.789,-1.509,-42.261,-1.838,-24.931,-1.084,1139.185,2299.418,1160.233,34.0,-1.844,-1288.901,216.748,-310.369,2.086,31.991,161.016,744.216,0.366,-46.482,-58.032,-20.729,-54.557,10.0,-35.924,269.0,80.0,52.616,-49.461,0.756,-1.962,23.983,49.901,177.335,0.669,-1.456,-56.792,-2.443,-100.159,0.619,temp_g10_09_0001,run12_g12_g12_7,bi-obj/run12/g12/g12_7.pdb.sc
-484.589,-1.801,-55.663,-2.445,-50.737,-2.229,1136.214,2276.285,1140.071,25.0,-0.826,-1286.537,199.095,-316.82,2.184,31.811,136.802,736.223,0.16,-42.488,-62.312,-25.627,-58.816,9.0,-36.608,269.0,79.0,42.541,-49.387,0.682,-2.739,30.061,40.176,175.375,0.641,-2.681,-101.88,-2.793,-114.52,0.565,temp_g12_01_0001,run12_g12_g12_8,bi-obj/run12/g12/g12_8.pdb.sc
-475.476,-1.768,-54.157,-2.434,-44.123,-1.983,1152.649,2225.17,1072.521,29.0,-1.892,-1310.858,209.973,-328.053,2.158,31.672,152.86,758.688,0.302,-52.61,-61.712,-23.603,-57.44,13.0,-34.719,269.0,78.0,43.858,-51.354,0.707,-2.564,27.257,42.741,176.924,0.701,-2.362,-89.755,-2.756,-110.236,0.633,temp_g12_15_0001,run12_g12_g12_9,bi-obj/run12/g12/g12_9.pdb.sc
-466.821,-1.735,-54.55,-2.441,-40.143,-1.796,1108.28,2234.96,1126.68,22.0,-0.826,-1296.797,211.679,-333.828,2.179,33.158,144.878,758.839,0.266,-47.468,-61.23,-25.603,-57.101,12.0,-34.037,269.0,80.0,45.455,-50.243,0.72,-2.551,30.061,41.033,172.431,0.662,-2.298,-87.342,-2.78,-116.771,0.601,temp_g9_02_0001,run12_g13_g13_0,bi-obj/run12/g13/g13_0.pdb.sc
-484.459,-1.801,-55.645,-2.436,-48.307,-2.115,1139.674,2283.885,1144.211,26.0,-0.826,-1286.328,199.295,-316.44,2.185,31.811,136.791,735.934,0.168,-42.533,-62.341,-25.655,-58.826,9.0,-36.91,269.0,79.0,42.405,-49.391,0.645,-2.736,30.061,40.368,175.375,0.641,-2.674,-101.626,-2.793,-114.523,0.565,temp_g13_08_0001,run12_g13_g13_1,bi-obj/run12/g13/g13_1.pdb.sc
-473.269,-1.759,-53.0,-2.311,-44.452,-1.938,1268.882,2293.592,1024.71,20.0,-1.759,-1282.141,213.582,-323.328,2.17,31.661,141.453,746.763,0.208,-50.395,-61.372,-21.601,-55.634,10.0,-37.056,269.0,79.0,45.163,-50.222,0.646,-2.645,18.065,35.989,174.805,0.666,-2.503,-97.633,-2.783,-111.309,0.587,temp_g11_11_0001,run12_g13_g13_10,bi-obj/run12/g13/g13_10.pdb.sc
-472.622,-1.757,-48.779,-2.261,-38.402,-1.78,1050.516,2157.817,1107.301,28.0,-1.941,-1296.877,209.443,-323.777,2.168,31.003,148.268,754.345,0.213,-49.647,-63.575,-20.822,-56.266,10.0,-36.659,269.0,77.0,40.186,-48.902,0.71,-2.247,21.55,43.218,175.124,0.705,-1.989,-73.576,-2.486,-99.459,0.541,temp_g11_10_0001,run12_g13_g13_11,bi-obj/run12/g13/g13_11.pdb.sc
-453.353,-1.685,-49.349,-2.321,-38.777,-1.824,1068.909,2126.337,1057.428,24.0,-2.062,-1286.425,214.772,-327.143,2.117,30.308,148.002,751.314,0.269,-50.074,-64.299,-24.193,-56.996,12.0,-33.466,269.0,75.0,45.92,-51.56,0.669,-2.301,26.293,43.082,180.519,0.696,-1.911,-68.784,-2.662,-103.8,0.538,temp_g13_10_0001,run12_g13_g13_12,bi-obj/run12/g13/g13_12.pdb.sc
-467.652,-1.738,-50.595,-2.199,-42.109,-1.83,1169.225,2301.005,1131.78,17.0,-0.826,-1289.835,212.411,-314.611,2.242,31.286,151.842,740.274,0.204,-48.158,-63.187,-20.068,-56.067,10.0,-38.4,269.0,78.0,49.617,-53.775,0.726,-2.546,16.165,37.539,175.065,0.654,-2.132,-80.997,-2.939,-117.579,0.834,temp_g11_24_0001,run12_g13_g13_13,bi-obj/run12/g13/g13_13.pdb.sc
-452.978,-1.684,-49.404,-2.317,-38.401,-1.801,1071.168,2132.304,1061.136,24.0,-1.988,-1284.856,214.599,-326.658,2.117,30.306,147.55,750.445,0.272,-50.099,-63.973,-24.253,-57.026,12.0,-33.523,269.0,74.0,45.487,-51.66,0.695,-2.339,26.293,43.205,180.519,0.695,-1.98,-69.294,-2.662,-103.82,0.537,temp_g12_13_0001,run12_g13_g13_14,bi-obj/run12/g13/g13_14.pdb.sc
-467.013,-1.736,-49.076,-2.251,-38.985,-1.788,1075.949,2180.48,1104.53,27.0,-1.955,-1299.791,212.132,-323.591,2.17,31.06,150.929,756.3,0.238,-49.451,-62.78,-21.669,-56.31,10.0,-36.736,269.0,79.0,41.253,-49.442,0.698,-2.232,21.493,43.71,175.124,0.695,-2.005,-76.177,-2.442,-100.129,0.541,temp_g10_19_0001,run12_g13_g13_15,bi-obj/run12/g13/g13_15.pdb.sc
-498.451,-1.853,-60.715,-2.757,-52.654,-2.391,1176.479,2202.118,1025.639,19.0,-1.898,-1268.409,196.349,-321.781,2.102,29.751,137.01,732.903,0.232,-50.519,-65.214,-24.065,-59.193,13.0,-35.839,269.0,79.0,36.343,-51.654,0.681,-2.849,26.478,41.058,177.355,0.639,-2.858,-105.733,-2.84,-119.3,0.772,temp_g12_24_0001,run12_g13_g13_16,bi-obj/run12/g13/g13_16.pdb.sc
-498.337,-1.853,-60.539,-2.761,-52.846,-2.41,1169.23,2192.952,1023.722,18.0,-1.898,-1268.174,196.297,-321.878,2.094,29.713,136.897,733.012,0.231,-50.457,-65.079,-24.007,-59.095,13.0,-35.745,269.0,79.0,36.355,-51.79,0.665,-2.848,26.478,40.812,177.355,0.635,-2.857,-105.715,-2.839,-119.242,0.772,temp_g11_09_0001,run12_g13_g13_17,bi-obj/run12/g13/g13_17.pdb.sc
-500.184,-1.859,-55.333,-2.499,-48.317,-2.182,1166.997,2214.214,1047.217,36.0,-1.892,-1310.938,201.063,-320.711,2.202,30.503,146.41,750.054,0.218,-51.152,-64.169,-23.619,-58.542,10.0,-36.561,269.0,79.0,42.954,-51.011,0.715,-2.836,27.257,38.618,178.781,0.691,-2.687,-102.119,-2.973,-121.898,0.571,temp_g13_09_0001,run12_g13_g13_18,bi-obj/run12/g13/g13_18.pdb.sc
-473.676,-1.761,-53.048,-2.314,-44.554,-1.943,1253.534,2292.812,1039.278,20.0,-1.759,-1281.832,213.483,-323.095,2.173,31.67,141.273,746.268,0.207,-50.423,-61.399,-21.738,-55.702,10.0,-37.088,269.0,79.0,45.1,-50.172,0.669,-2.651,18.065,36.109,174.805,0.666,-2.504,-97.655,-2.794,-111.762,0.587,temp_g13_13_0001,run12_g13_g13_19,bi-obj/run12/g13/g13_19.pdb.sc
-471.536,-1.753,-55.96,-2.494,-49.373,-2.2,1194.208,2244.095,1049.887,31.0,-1.835,-1274.029,197.061,-309.723,2.203,30.946,133.971,719.171,0.192,-47.092,-62.427,-22.786,-57.196,10.0,-35.647,269.0,79.0,42.276,-47.466,0.673,-2.489,33.657,44.214,182.54,0.684,-2.432,-92.415,-2.543,-104.255,0.626,temp_g12_06_0001,run12_g13_g13_2,bi-obj/run12/g13/g13_2.pdb.sc
-389.105,-1.446,-32.669,-1.388,-12.936,-0.55,1245.815,2353.891,1108.076,38.0,-1.844,-1284.747,222.319,-303.968,2.061,31.602,167.529,742.932,0.497,-39.988,-57.706,-21.001,-53.487,7.0,-36.567,269.0,81.0,61.942,-48.268,0.701,-1.751,1.98,50.149,177.335,0.68,-1.264,-49.293,-2.203,-92.519,0.619,temp_g7_10_0001,run12_g13_g13_20,bi-obj/run12/g13/g13_20.pdb.sc
-492.192,-1.83,-58.247,-2.601,-49.499,-2.21,1072.863,2239.722,1166.859,19.0,-1.856,-1291.071,204.055,-331.448,2.141,30.65,144.879,746.102,0.327,-51.125,-66.845,-27.407,-57.813,15.0,-36.01,269.0,76.0,40.742,-48.78,0.695,-2.752,30.222,42.691,177.982,0.672,-2.413,-89.277,-3.074,-119.869,0.699,temp_g9_23_0001,run12_g13_g13_21,bi-obj/run12/g13/g13_21.pdb.sc
-498.66,-1.854,-60.742,-2.761,-53.552,-2.434,1157.31,2200.399,1043.089,19.0,-1.884,-1268.288,196.585,-321.7,2.102,29.757,137.003,732.7,0.228,-50.538,-65.268,-24.068,-59.167,13.0,-35.926,269.0,79.0,36.152,-51.754,0.68,-2.852,26.437,41.07,177.355,0.64,-2.858,-105.756,-2.847,-119.583,0.772,temp_g13_18_0001,run12_g13_g13_22,bi-obj/run12/g13/g13_22.pdb.sc
-403.557,-1.5,-39.986,-1.732,-23.62,-1.023,1184.871,2309.25,1124.379,36.0,-1.844,-1289.252,218.432,-311.46,2.084,32.073,161.068,745.63,0.304,-46.958,-57.722,-21.285,-54.596,8.0,-35.501,269.0,80.0,52.821,-49.858,0.713,-1.949,25.105,49.751,177.335,0.668,-1.438,-56.072,-2.435,-99.821,0.619,temp_g13_06_0001,run12_g13_g13_23,bi-obj/run12/g13/g13_23.pdb.sc
-471.901,-1.754,-55.841,-2.503,-48.768,-2.186,1168.935,2231.199,1062.264,31.0,-1.839,-1272.54,197.123,-307.319,2.212,30.445,133.372,716.038,0.195,-46.381,-62.674,-22.8,-57.407,10.0,-36.295,269.0,78.0,43.061,-48.021,0.71,-2.473,32.761,44.517,183.217,0.679,-2.431,-92.376,-2.512,-100.489,0.629,temp_g13_03_0001,run12_g13_g13_24,bi-obj/run12/g13/g13_24.pdb.sc
-493.543,-1.835,-61.596,-2.704,-52.015,-2.283,1070.367,2278.152,1207.785,16.0,-0.826,-1274.806,205.439,-333.717,2.179,30.372,141.96,753.558,0.334,-51.169,-68.683,-27.715,-58.627,18.0,-35.968,269.0,77.0,35.296,-51.975,0.705,-2.723,26.644,42.161,171.759,0.651,-2.443,-90.401,-2.983,-119.308,0.574,temp_g13_16_0001,run12_g13_g13_3,bi-obj/run12/g13/g13_3.pdb.sc
-458.696,-1.705,-53.124,-2.497,-43.615,-2.05,1052.76,2127.115,1074.355,26.0,-1.988,-1279.62,207.635,-325.0,2.088,30.191,145.22,747.181,0.236,-51.472,-63.594,-22.105,-57.74,11.0,-34.87,269.0,78.0,40.686,-52.538,0.666,-2.271,37.955,42.5,176.233,0.69,-2.039,-77.497,-2.491,-99.624,0.541,temp_g13_22_0001,run12_g13_g13_4,bi-obj/run12/g13/g13_4.pdb.sc
-466.557,-1.734,-48.089,-2.146,-37.524,-1.675,1164.804,2240.677,1075.874,25.0,-0.826,-1278.097,211.532,-322.796,2.212,31.324,143.94,746.206,0.206,-47.133,-62.836,-19.946,-55.696,9.0,-37.02,269.0,80.0,49.39,-52.176,0.714,-2.415,10.72,38.784,175.28,0.674,-2.143,-81.416,-2.662,-111.805,0.582,temp_g13_20_0001,run12_g13_g13_5,bi-obj/run12/g13/g13_5.pdb.sc
-439.178,-1.633,-49.93,-2.356,-37.395,-1.765,1039.997,2119.0,1079.003,24.0,-1.988,-1282.133,211.8,-322.407,2.11,30.274,148.148,747.369,0.279,-47.793,-63.347,-22.516,-57.077,12.0,-34.27,269.0,76.0,44.632,-52.559,0.686,-2.161,37.955,42.922,179.166,0.689,-1.935,-69.649,-2.365,-94.592,0.537,temp_g11_21_0001,run12_g13_g13_6,bi-obj/run12/g13/g13_6.pdb.sc
-472.775,-1.758,-54.711,-2.441,-40.271,-1.797,1094.031,2241.356,1147.325,22.0,-0.826,-1299.394,212.859,-342.85,2.177,33.208,146.074,765.304,0.264,-47.381,-61.628,-25.598,-57.131,12.0,-33.935,269.0,80.0,45.118,-50.985,0.733,-2.57,30.061,40.208,171.343,0.664,-2.294,-87.156,-2.821,-118.483,0.601,temp_g12_00_0001,run12_g13_g13_7,bi-obj/run12/g13/g13_7.pdb.sc
-502.971,-1.87,-58.561,-2.648,-50.292,-2.274,1047.314,2211.782,1164.469,19.0,-1.856,-1288.508,200.851,-340.895,2.109,29.938,144.318,749.138,0.308,-52.922,-66.677,-28.99,-57.859,14.0,-34.142,269.0,76.0,40.594,-49.283,0.753,-2.828,29.413,42.067,179.033,0.67,-2.426,-89.767,-3.21,-125.179,0.699,temp_g13_24_0001,run12_g13_g13_8,bi-obj/run12/g13/g13_8.pdb.sc
-484.589,-1.801,-55.663,-2.445,-50.737,-2.229,1136.214,2276.285,1140.071,25.0,-0.826,-1286.537,199.095,-316.82,2.184,31.811,136.802,736.223,0.16,-42.488,-62.312,-25.627,-58.816,9.0,-36.608,269.0,79.0,42.541,-49.387,0.682,-2.739,30.061,40.176,175.375,0.641,-2.681,-101.88,-2.793,-114.52,0.565,temp_g12_01_0001,run12_g13_g13_9,bi-obj/run12/g13/g13_9.pdb.sc
-498.66,-1.854,-60.742,-2.761,-53.552,-2.434,1157.31,2200.399,1043.089,19.0,-1.884,-1268.288,196.585,-321.7,2.102,29.757,137.003,732.7,0.228,-50.538,-65.268,-24.068,-59.167,13.0,-35.926,269.0,79.0,36.152,-51.754,0.68,-2.852,26.437,41.07,177.355,0.64,-2.858,-105.756,-2.847,-119.583,0.772,temp_g13_18_0001,run12_g14_g14_0,bi-obj/run12/g14/g14_0.pdb.sc
-439.178,-1.633,-49.93,-2.356,-37.395,-1.765,1039.997,2119.0,1079.003,24.0,-1.988,-1282.133,211.8,-322.407,2.11,30.274,148.148,747.369,0.279,-47.793,-63.347,-22.516,-57.077,12.0,-34.27,269.0,76.0,44.632,-52.559,0.686,-2.161,37.955,42.922,179.166,0.689,-1.935,-69.649,-2.365,-94.592,0.537,temp_g11_21_0001,run12_g14_g14_1,bi-obj/run12/g14/g14_1.pdb.sc
-500.184,-1.859,-55.333,-2.499,-48.317,-2.182,1166.997,2214.214,1047.217,36.0,-1.892,-1310.938,201.063,-320.711,2.202,30.503,146.41,750.054,0.218,-51.152,-64.169,-23.619,-58.542,10.0,-36.561,269.0,79.0,42.954,-51.011,0.715,-2.836,27.257,38.618,178.781,0.691,-2.687,-102.119,-2.973,-121.898,0.571,temp_g13_09_0001,run12_g14_g14_10,bi-obj/run12/g14/g14_10.pdb.sc
-468.23,-1.741,-54.821,-2.585,-45.372,-2.139,1048.43,2121.015,1072.584,26.0,-0.942,-1272.368,203.031,-326.74,2.098,30.167,141.992,747.879,0.232,-52.155,-63.53,-22.087,-57.796,11.0,-34.462,269.0,78.0,36.905,-52.862,0.657,-2.342,37.846,41.566,172.689,0.691,-2.083,-79.152,-2.588,-103.509,0.541,temp_g14_04_0001,run12_g14_g14_11,bi-obj/run12/g14/g14_11.pdb.sc
-471.901,-1.754,-55.841,-2.503,-48.768,-2.186,1168.935,2231.199,1062.264,31.0,-1.839,-1272.54,197.123,-307.319,2.212,30.445,133.372,716.038,0.195,-46.381,-62.674,-22.8,-57.407,10.0,-36.295,269.0,78.0,43.061,-48.021,0.71,-2.473,32.761,44.517,183.217,0.679,-2.431,-92.376,-2.512,-100.489,0.629,temp_g13_03_0001,run12_g14_g14_12,bi-obj/run12/g14/g14_12.pdb.sc
-484.316,-1.8,-56.069,-2.449,-49.722,-2.172,1189.751,2289.23,1099.479,26.0,-0.944,-1284.433,197.21,-316.812,2.174,31.692,135.494,734.747,0.166,-41.014,-63.335,-24.285,-58.848,9.0,-36.699,269.0,80.0,38.979,-48.303,0.718,-2.632,33.578,40.902,175.021,0.638,-2.7,-102.594,-2.57,-107.955,0.557,temp_g14_01_0001,run12_g14_g14_13,bi-obj/run12/g14/g14_13.pdb.sc
-484.459,-1.801,-55.645,-2.436,-48.307,-2.115,1139.674,2283.885,1144.211,26.0,-0.826,-1286.328,199.295,-316.44,2.185,31.811,136.791,735.934,0.168,-42.533,-62.341,-25.655,-58.826,9.0,-36.91,269.0,79.0,42.405,-49.391,0.645,-2.736,30.061,40.368,175.375,0.641,-2.674,-101.626,-2.793,-114.523,0.565,temp_g13_08_0001,run12_g14_g14_14,bi-obj/run12/g14/g14_14.pdb.sc
-404.149,-1.502,-39.886,-1.722,-22.947,-0.991,1189.796,2316.678,1126.883,37.0,-1.844,-1290.118,217.766,-310.097,2.083,31.892,161.527,745.39,0.313,-46.235,-57.729,-21.406,-54.73,8.0,-36.29,269.0,80.0,52.972,-49.639,0.731,-1.946,24.236,50.12,177.335,0.673,-1.429,-55.743,-2.438,-99.967,0.619,temp_g14_20_0001,run12_g14_g14_15,bi-obj/run12/g14/g14_15.pdb.sc
-498.337,-1.853,-60.539,-2.761,-52.846,-2.41,1169.23,2192.952,1023.722,18.0,-1.898,-1268.174,196.297,-321.878,2.094,29.713,136.897,733.012,0.231,-50.457,-65.079,-24.007,-59.095,13.0,-35.745,269.0,79.0,36.355,-51.79,0.665,-2.848,26.478,40.812,177.355,0.635,-2.857,-105.715,-2.839,-119.242,0.772,temp_g11_09_0001,run12_g14_g14_16,bi-obj/run12/g14/g14_16.pdb.sc
-484.589,-1.801,-55.663,-2.445,-50.737,-2.229,1136.214,2276.285,1140.071,25.0,-0.826,-1286.537,199.095,-316.82,2.184,31.811,136.802,736.223,0.16,-42.488,-62.312,-25.627,-58.816,9.0,-36.608,269.0,79.0,42.541,-49.387,0.682,-2.739,30.061,40.176,175.375,0.641,-2.681,-101.88,-2.793,-114.52,0.565,temp_g12_01_0001,run12_g14_g14_17,bi-obj/run12/g14/g14_17.pdb.sc
-419.421,-1.559,-45.406,-2.002,-29.093,-1.283,1188.399,2268.039,1079.64,32.0,-1.844,-1287.256,215.16,-315.659,2.139,32.287,154.744,739.434,0.25,-46.844,-59.229,-21.391,-54.885,8.0,-34.99,269.0,78.0,50.787,-49.811,0.745,-2.069,30.823,48.025,178.423,0.659,-1.692,-62.609,-2.409,-98.754,0.664,temp_g14_23_0001,run12_g14_g14_18,bi-obj/run12/g14/g14_18.pdb.sc
-403.557,-1.5,-39.986,-1.732,-23.62,-1.023,1184.871,2309.25,1124.379,36.0,-1.844,-1289.252,218.432,-311.46,2.084,32.073,161.068,745.63,0.304,-46.958,-57.722,-21.285,-54.596,8.0,-35.501,269.0,80.0,52.821,-49.858,0.713,-1.949,25.105,49.751,177.335,0.668,-1.438,-56.072,-2.435,-99.821,0.619,temp_g13_06_0001,run12_g14_g14_19,bi-obj/run12/g14/g14_19.pdb.sc
-509.447,-1.894,-54.994,-2.452,-47.413,-2.114,1080.339,2242.758,1162.419,20.0,-1.776,-1293.315,201.172,-343.415,2.196,30.131,145.3,752.963,0.288,-53.746,-66.26,-28.924,-58.196,12.0,-33.265,269.0,75.0,38.778,-48.055,0.748,-2.912,28.11,40.158,177.945,0.686,-2.559,-92.116,-3.238,-126.301,0.751,temp_g14_08_0001,run12_g14_g14_2,bi-obj/run12/g14/g14_2.pdb.sc
-476.213,-1.77,-52.249,-2.294,-46.21,-2.029,1176.998,2277.632,1100.634,18.0,-1.761,-1287.388,214.98,-325.23,2.198,31.844,143.627,749.603,0.196,-50.25,-61.903,-22.154,-55.658,10.0,-37.461,269.0,79.0,41.292,-50.951,0.662,-2.599,23.565,35.116,173.717,0.668,-2.458,-95.855,-2.736,-109.438,0.602,temp_g14_19_0001,run12_g14_g14_20,bi-obj/run12/g14/g14_20.pdb.sc
-505.627,-1.88,-55.005,-2.477,-50.259,-2.263,1179.921,2221.05,1041.13,36.0,-1.892,-1311.468,201.472,-327.581,2.202,30.52,145.951,754.787,0.21,-51.077,-64.102,-25.086,-58.232,10.0,-35.333,269.0,79.0,43.006,-52.055,0.742,-2.854,27.257,37.742,177.693,0.683,-2.675,-101.639,-3.021,-123.855,0.571,temp_g14_18_0001,run12_g14_g14_21,bi-obj/run12/g14/g14_21.pdb.sc
-479.865,-1.784,-58.808,-2.649,-51.191,-2.306,1225.668,2219.613,993.945,28.0,-1.835,-1269.706,194.802,-310.07,2.178,30.24,133.399,712.635,0.208,-48.773,-62.882,-21.036,-57.29,11.0,-35.489,269.0,78.0,41.212,-49.83,0.716,-2.552,33.657,43.63,184.679,0.682,-2.474,-94.019,-2.627,-105.074,0.613,temp_g14_02_0001,run12_g14_g14_22,bi-obj/run12/g14/g14_22.pdb.sc
-473.734,-1.761,-52.852,-2.302,-44.812,-1.951,1268.581,2296.297,1027.716,20.0,-1.759,-1282.202,213.167,-323.359,2.17,31.673,141.486,746.636,0.205,-50.374,-61.408,-21.656,-55.627,10.0,-36.971,269.0,79.0,45.398,-50.189,0.636,-2.651,17.961,35.921,174.805,0.661,-2.51,-97.901,-2.789,-111.55,0.593,temp_g14_10_0001,run12_g14_g14_23,bi-obj/run12/g14/g14_23.pdb.sc
-489.07,-1.818,-54.141,-2.367,-46.297,-2.024,1181.64,2287.52,1105.88,15.0,-0.826,-1289.747,208.726,-320.409,2.257,31.558,145.331,739.147,0.19,-48.61,-63.763,-20.167,-57.069,10.0,-38.345,269.0,79.0,45.08,-54.335,0.696,-2.749,19.958,36.196,175.065,0.642,-2.457,-93.356,-3.02,-123.827,0.884,temp_g14_13_0001,run12_g14_g14_24,bi-obj/run12/g14/g14_24.pdb.sc
-466.821,-1.735,-54.55,-2.441,-40.143,-1.796,1108.28,2234.96,1126.68,22.0,-0.826,-1296.797,211.679,-333.828,2.179,33.158,144.878,758.839,0.266,-47.468,-61.23,-25.603,-57.101,12.0,-34.037,269.0,80.0,45.455,-50.243,0.72,-2.551,30.061,41.033,172.431,0.662,-2.298,-87.342,-2.78,-116.771,0.601,temp_g9_02_0001,run12_g14_g14_3,bi-obj/run12/g14/g14_3.pdb.sc
-481.813,-1.791,-59.239,-2.668,-51.277,-2.309,1172.266,2220.299,1048.033,18.0,-1.86,-1274.744,197.892,-321.113,2.192,29.902,141.274,737.354,0.251,-51.18,-65.164,-24.54,-59.24,13.0,-35.165,269.0,78.0,36.588,-50.529,0.681,-2.829,39.426,40.042,176.267,0.674,-2.792,-100.498,-2.86,-120.136,0.783,temp_g14_16_0001,run12_g14_g14_4,bi-obj/run12/g14/g14_4.pdb.sc
-502.971,-1.87,-58.561,-2.648,-50.292,-2.274,1047.314,2211.782,1164.469,19.0,-1.856,-1288.508,200.851,-340.895,2.109,29.938,144.318,749.138,0.308,-52.922,-66.677,-28.99,-57.859,14.0,-34.142,269.0,76.0,40.594,-49.283,0.753,-2.828,29.413,42.067,179.033,0.67,-2.426,-89.767,-3.21,-125.179,0.699,temp_g13_24_0001,run12_g14_g14_5,bi-obj/run12/g14/g14_5.pdb.sc
-462.273,-1.718,-55.742,-2.547,-41.515,-1.897,1072.982,2188.63,1115.648,21.0,-0.826,-1286.482,210.102,-336.323,2.152,33.019,140.565,759.426,0.265,-50.714,-61.61,-25.684,-57.398,12.0,-32.916,269.0,78.0,47.088,-51.189,0.728,-2.619,36.177,40.191,171.559,0.656,-2.463,-88.669,-2.752,-115.596,0.591,temp_g14_00_0001,run12_g14_g14_6,bi-obj/run12/g14/g14_6.pdb.sc
-478.715,-1.78,-55.035,-2.487,-40.419,-1.826,1133.84,2213.209,1079.369,21.0,-0.826,-1294.159,210.286,-342.349,2.159,32.54,145.252,759.415,0.273,-48.408,-61.788,-23.865,-57.186,12.0,-34.275,269.0,80.0,45.269,-52.449,0.735,-2.622,30.061,38.619,172.394,0.668,-2.3,-87.405,-2.914,-122.375,0.594,temp_g14_07_0001,run12_g14_g14_7,bi-obj/run12/g14/g14_7.pdb.sc
-463.021,-1.721,-54.773,-2.51,-45.725,-2.095,1126.581,2182.185,1055.604,27.0,-1.988,-1288.059,207.048,-324.376,2.085,30.335,146.139,746.782,0.218,-51.652,-63.959,-22.757,-58.22,11.0,-35.212,269.0,78.0,40.397,-52.939,0.699,-2.35,40.728,42.917,179.166,0.699,-2.139,-81.277,-2.551,-102.047,0.543,temp_g14_06_0001,run12_g14_g14_8,bi-obj/run12/g14/g14_8.pdb.sc
-469.781,-1.746,-49.278,-2.264,-39.18,-1.8,1075.74,2176.336,1100.596,27.0,-1.955,-1301.869,212.796,-324.409,2.172,31.101,151.316,758.027,0.237,-49.484,-63.379,-21.691,-56.429,10.0,-36.689,269.0,79.0,41.248,-49.961,0.722,-2.248,21.596,43.254,174.037,0.695,-1.996,-75.848,-2.482,-101.743,0.541,temp_g14_15_0001,run12_g14_g14_9,bi-obj/run12/g14/g14_9.pdb.sc
-468.23,-1.741,-54.821,-2.585,-45.372,-2.139,1048.43,2121.015,1072.584,26.0,-0.942,-1272.368,203.031,-326.74,2.098,30.167,141.992,747.879,0.232,-52.155,-63.53,-22.087,-57.796,11.0,-34.462,269.0,78.0,36.905,-52.862,0.657,-2.342,37.846,41.566,172.689,0.691,-2.083,-79.152,-2.588,-103.509,0.541,temp_g14_04_0001,run12_g15_g15_0,bi-obj/run12/g15/g15_0.pdb.sc
-473.734,-1.761,-52.852,-2.302,-44.812,-1.951,1268.581,2296.297,1027.716,20.0,-1.759,-1282.202,213.167,-323.359,2.17,31.673,141.486,746.636,0.205,-50.374,-61.408,-21.656,-55.627,10.0,-36.971,269.0,79.0,45.398,-50.189,0.636,-2.651,17.961,35.921,174.805,0.661,-2.51,-97.901,-2.789,-111.55,0.593,temp_g14_10_0001,run12_g15_g15_1,bi-obj/run12/g15/g15_1.pdb.sc
-502.971,-1.87,-58.561,-2.648,-50.292,-2.274,1047.314,2211.782,1164.469,19.0,-1.856,-1288.508,200.851,-340.895,2.109,29.938,144.318,749.138,0.308,-52.922,-66.677,-28.99,-57.859,14.0,-34.142,269.0,76.0,40.594,-49.283,0.753,-2.828,29.413,42.067,179.033,0.67,-2.426,-89.767,-3.21,-125.179,0.699,temp_g13_24_0001,run12_g15_g15_10,bi-obj/run12/g15/g15_10.pdb.sc
-498.66,-1.854,-60.742,-2.761,-53.552,-2.434,1157.31,2200.399,1043.089,19.0,-1.884,-1268.288,196.585,-321.7,2.102,29.757,137.003,732.7,0.228,-50.538,-65.268,-24.068,-59.167,13.0,-35.926,269.0,79.0,36.152,-51.754,0.68,-2.852,26.437,41.07,177.355,0.64,-2.858,-105.756,-2.847,-119.583,0.772,temp_g13_18_0001,run12_g15_g15_11,bi-obj/run12/g15/g15_11.pdb.sc
-404.149,-1.502,-39.886,-1.722,-22.947,-0.991,1189.796,2316.678,1126.883,37.0,-1.844,-1290.118,217.766,-310.097,2.083,31.892,161.527,745.39,0.313,-46.235,-57.729,-21.406,-54.73,8.0,-36.29,269.0,80.0,52.972,-49.639,0.731,-1.946,24.236,50.12,177.335,0.673,-1.429,-55.743,-2.438,-99.967,0.619,temp_g14_20_0001,run12_g15_g15_12,bi-obj/run12/g15/g15_12.pdb.sc
-439.178,-1.633,-49.93,-2.356,-37.395,-1.765,1039.997,2119.0,1079.003,24.0,-1.988,-1282.133,211.8,-322.407,2.11,30.274,148.148,747.369,0.279,-47.793,-63.347,-22.516,-57.077,12.0,-34.27,269.0,76.0,44.632,-52.559,0.686,-2.161,37.955,42.922,179.166,0.689,-1.935,-69.649,-2.365,-94.592,0.537,temp_g11_21_0001,run12_g15_g15_13,bi-obj/run12/g15/g15_13.pdb.sc
-478.715,-1.78,-55.035,-2.487,-40.419,-1.826,1133.84,2213.209,1079.369,21.0,-0.826,-1294.159,210.286,-342.349,2.159,32.54,145.252,759.415,0.273,-48.408,-61.788,-23.865,-57.186,12.0,-34.275,269.0,80.0,45.269,-52.449,0.735,-2.622,30.061,38.619,172.394,0.668,-2.3,-87.405,-2.914,-122.375,0.594,temp_g14_07_0001,run12_g15_g15_14,bi-obj/run12/g15/g15_14.pdb.sc
-438.669,-1.631,-48.878,-2.153,-36.296,-1.599,1184.168,2270.537,1086.369,36.0,-1.844,-1281.685,203.643,-306.255,2.184,31.706,145.457,728.979,0.196,-44.598,-61.172,-21.569,-55.542,8.0,-34.805,269.0,78.0,48.484,-49.538,0.705,-2.269,30.823,45.02,181.367,0.65,-2.052,-75.924,-2.465,-101.08,0.675,temp_g15_18_0001,run12_g15_g15_15,bi-obj/run12/g15/g15_15.pdb.sc
-475.316,-1.767,-57.933,-2.717,-52.082,-2.443,1049.73,2132.268,1082.538,23.0,-0.942,-1264.108,194.373,-314.766,2.087,29.47,136.045,734.004,0.233,-51.853,-63.9,-20.545,-58.305,13.0,-34.893,269.0,78.0,34.338,-51.672,0.648,-2.416,37.846,41.315,175.633,0.701,-2.386,-90.659,-2.444,-97.756,0.559,temp_g15_11_0001,run12_g15_g15_16,bi-obj/run12/g15/g15_16.pdb.sc
-490.445,-1.823,-55.694,-2.443,-48.376,-2.122,1131.439,2279.808,1148.369,25.0,-0.826,-1283.01,197.263,-324.15,2.172,31.089,136.595,736.513,0.17,-42.441,-62.891,-25.697,-58.669,9.0,-35.325,269.0,79.0,42.695,-50.298,0.606,-2.744,30.061,39.483,176.426,0.627,-2.653,-100.803,-2.83,-116.012,0.565,temp_g15_14_0001,run12_g15_g15_17,bi-obj/run12/g15/g15_17.pdb.sc
-505.706,-1.88,-54.918,-2.486,-48.159,-2.18,1163.223,2208.97,1045.748,36.0,-1.892,-1311.088,201.197,-327.859,2.203,30.541,145.909,754.885,0.22,-51.13,-64.133,-25.102,-58.152,10.0,-35.195,269.0,79.0,42.995,-52.093,0.707,-2.857,27.257,37.687,177.693,0.684,-2.665,-101.264,-3.034,-124.404,0.571,temp_g15_21_0001,run12_g15_g15_18,bi-obj/run12/g15/g15_18.pdb.sc
-498.433,-1.853,-60.661,-2.748,-52.597,-2.382,1180.487,2207.76,1027.273,18.0,-1.898,-1268.649,196.317,-322.071,2.094,29.741,137.139,733.262,0.232,-50.51,-64.998,-23.985,-59.123,13.0,-35.735,269.0,79.0,36.394,-51.797,0.656,-2.849,26.478,40.783,177.355,0.636,-2.858,-105.75,-2.842,-119.356,0.768,temp_g15_16_0001,run12_g15_g15_19,bi-obj/run12/g15/g15_19.pdb.sc
-473.609,-1.761,-52.87,-2.297,-48.634,-2.113,1269.661,2301.922,1032.261,20.0,-1.754,-1282.199,213.245,-323.342,2.169,31.675,141.458,746.626,0.189,-50.356,-61.375,-21.672,-55.631,10.0,-36.98,269.0,79.0,45.407,-50.178,0.71,-2.65,17.954,35.95,174.805,0.661,-2.51,-97.873,-2.786,-111.449,0.591,temp_g15_23_0001,run12_g15_g15_2,bi-obj/run12/g15/g15_2.pdb.sc
-485.334,-1.804,-59.229,-2.656,-51.654,-2.316,1229.579,2229.906,1000.327,25.0,-1.835,-1271.009,193.822,-312.133,2.174,30.219,133.866,714.124,0.208,-51.836,-62.744,-21.036,-57.154,12.0,-34.79,269.0,78.0,38.075,-49.62,0.638,-2.599,33.657,44.506,185.767,0.68,-2.617,-99.439,-2.582,-103.266,0.613,temp_g15_22_0001,run12_g15_g15_20,bi-obj/run12/g15/g15_20.pdb.sc
-472.068,-1.755,-53.995,-2.415,-47.406,-2.12,1173.732,2236.132,1062.4,29.0,-1.839,-1268.616,195.58,-311.624,2.216,29.952,133.77,715.472,0.177,-45.245,-62.741,-23.309,-57.637,9.0,-35.916,269.0,77.0,42.447,-47.543,0.641,-2.474,32.179,44.783,185.356,0.678,-2.43,-92.35,-2.517,-98.147,0.648,temp_g15_12_0001,run12_g15_g15_21,bi-obj/run12/g15/g15_21.pdb.sc
-495.677,-1.843,-60.532,-2.706,-50.821,-2.272,1095.135,2236.892,1141.756,21.0,-1.856,-1278.7,196.484,-330.318,2.125,29.304,142.9,736.272,0.304,-50.711,-66.462,-27.982,-57.836,14.0,-34.6,269.0,76.0,39.28,-48.269,0.754,-2.74,29.413,42.657,181.977,0.667,-2.436,-90.124,-3.028,-118.102,0.647,temp_g15_05_0001,run12_g15_g15_22,bi-obj/run12/g15/g15_22.pdb.sc
-410.04,-1.524,-39.932,-1.737,-22.357,-0.973,1194.288,2298.552,1104.264,38.0,-1.844,-1294.794,219.337,-315.513,2.087,32.086,163.017,752.118,0.319,-47.198,-57.76,-24.155,-54.775,8.0,-35.811,269.0,80.0,53.463,-50.614,0.756,-1.995,24.236,49.212,176.247,0.669,-1.436,-55.987,-2.528,-103.631,0.619,temp_g15_15_0001,run12_g15_g15_23,bi-obj/run12/g15/g15_23.pdb.sc
-484.316,-1.8,-56.069,-2.449,-49.722,-2.172,1189.751,2289.23,1099.479,26.0,-0.944,-1284.433,197.21,-316.812,2.174,31.692,135.494,734.747,0.166,-41.014,-63.335,-24.285,-58.848,9.0,-36.699,269.0,80.0,38.979,-48.303,0.718,-2.632,33.578,40.902,175.021,0.638,-2.7,-102.594,-2.57,-107.955,0.557,temp_g14_01_0001,run12_g15_g15_24,bi-obj/run12/g15/g15_24.pdb.sc
-481.813,-1.791,-59.239,-2.668,-51.277,-2.309,1172.266,2220.299,1048.033,18.0,-1.86,-1274.744,197.892,-321.113,2.192,29.902,141.274,737.354,0.251,-51.18,-65.164,-24.54,-59.24,13.0,-35.165,269.0,78.0,36.588,-50.529,0.681,-2.829,39.426,40.042,176.267,0.674,-2.792,-100.498,-2.86,-120.136,0.783,temp_g14_16_0001,run12_g15_g15_3,bi-obj/run12/g15/g15_3.pdb.sc
-463.021,-1.721,-54.773,-2.51,-45.725,-2.095,1126.581,2182.185,1055.604,27.0,-1.988,-1288.059,207.048,-324.376,2.085,30.335,146.139,746.782,0.218,-51.652,-63.959,-22.757,-58.22,11.0,-35.212,269.0,78.0,40.397,-52.939,0.699,-2.35,40.728,42.917,179.166,0.699,-2.139,-81.277,-2.551,-102.047,0.543,temp_g14_06_0001,run12_g15_g15_4,bi-obj/run12/g15/g15_4.pdb.sc
-479.865,-1.784,-58.808,-2.649,-51.191,-2.306,1225.668,2219.613,993.945,28.0,-1.835,-1269.706,194.802,-310.07,2.178,30.24,133.399,712.635,0.208,-48.773,-62.882,-21.036,-57.29,11.0,-35.489,269.0,78.0,41.212,-49.83,0.716,-2.552,33.657,43.63,184.679,0.682,-2.474,-94.019,-2.627,-105.074,0.613,temp_g14_02_0001,run12_g15_g15_5,bi-obj/run12/g15/g15_5.pdb.sc
-466.821,-1.735,-54.55,-2.441,-40.143,-1.796,1108.28,2234.96,1126.68,22.0,-0.826,-1296.797,211.679,-333.828,2.179,33.158,144.878,758.839,0.266,-47.468,-61.23,-25.603,-57.101,12.0,-34.037,269.0,80.0,45.455,-50.243,0.72,-2.551,30.061,41.033,172.431,0.662,-2.298,-87.342,-2.78,-116.771,0.601,temp_g9_02_0001,run12_g15_g15_6,bi-obj/run12/g15/g15_6.pdb.sc
-484.459,-1.801,-55.645,-2.436,-48.307,-2.115,1139.674,2283.885,1144.211,26.0,-0.826,-1286.328,199.295,-316.44,2.185,31.811,136.791,735.934,0.168,-42.533,-62.341,-25.655,-58.826,9.0,-36.91,269.0,79.0,42.405,-49.391,0.645,-2.736,30.061,40.368,175.375,0.641,-2.674,-101.626,-2.793,-114.523,0.565,temp_g13_08_0001,run12_g15_g15_7,bi-obj/run12/g15/g15_7.pdb.sc
-462.273,-1.718,-55.742,-2.547,-41.515,-1.897,1072.982,2188.63,1115.648,21.0,-0.826,-1286.482,210.102,-336.323,2.152,33.019,140.565,759.426,0.265,-50.714,-61.61,-25.684,-57.398,12.0,-32.916,269.0,78.0,47.088,-51.189,0.728,-2.619,36.177,40.191,171.559,0.656,-2.463,-88.669,-2.752,-115.596,0.591,temp_g14_00_0001,run12_g15_g15_8,bi-obj/run12/g15/g15_8.pdb.sc
-509.385,-1.894,-55.114,-2.448,-47.786,-2.123,1101.609,2251.202,1149.594,20.0,-1.776,-1293.365,200.84,-343.641,2.182,30.127,145.424,752.881,0.286,-53.731,-66.22,-28.93,-58.246,12.0,-33.349,269.0,75.0,39.419,-48.004,0.745,-2.91,28.11,40.198,177.945,0.688,-2.55,-91.817,-3.242,-126.442,0.751,temp_g15_02_0001,run12_g15_g15_9,bi-obj/run12/g15/g15_9.pdb.sc
-502.453,-1.868,-62.142,-2.836,-54.594,-2.491,1142.414,2191.456,1049.043,21.0,-1.884,-1265.094,194.698,-322.412,2.116,29.975,134.602,728.952,0.231,-50.847,-65.059,-24.137,-59.52,13.0,-35.636,269.0,79.0,35.886,-52.127,0.678,-2.95,27.841,40.979,178.443,0.631,-2.923,-105.237,-2.972,-127.795,0.771,temp_g16_11_0001,run12_g16_g16_0,bi-obj/run12/g16/g16_0.pdb.sc
-468.19,-1.74,-54.569,-2.506,-42.705,-1.961,1142.461,2177.34,1034.878,27.0,-1.988,-1285.329,205.295,-325.636,2.105,30.492,143.262,743.546,0.235,-51.845,-64.777,-22.771,-58.255,11.0,-34.703,269.0,76.0,39.918,-53.925,0.709,-2.453,42.732,42.855,180.254,0.694,-2.395,-86.233,-2.505,-100.195,0.581,temp_g16_04_0001,run12_g16_g16_1,bi-obj/run12/g16/g16_1.pdb.sc
-479.865,-1.784,-58.808,-2.649,-51.191,-2.306,1225.668,2219.613,993.945,28.0,-1.835,-1269.706,194.802,-310.07,2.178,30.24,133.399,712.635,0.208,-48.773,-62.882,-21.036,-57.29,11.0,-35.489,269.0,78.0,41.212,-49.83,0.716,-2.552,33.657,43.63,184.679,0.682,-2.474,-94.019,-2.627,-105.074,0.613,temp_g14_02_0001,run12_g16_g16_10,bi-obj/run12/g16/g16_10.pdb.sc
-439.939,-1.635,-49.802,-2.357,-37.281,-1.764,1031.634,2112.911,1081.277,24.0,-1.974,-1281.52,211.525,-322.01,2.11,30.26,147.661,747.064,0.28,-47.8,-63.518,-22.541,-57.147,12.0,-34.334,269.0,75.0,44.278,-52.352,0.664,-2.204,37.559,43.098,179.166,0.689,-2.015,-70.526,-2.37,-94.809,0.537,temp_g16_13_0001,run12_g16_g16_11,bi-obj/run12/g16/g16_11.pdb.sc
-481.813,-1.791,-59.239,-2.668,-51.277,-2.309,1172.266,2220.299,1048.033,18.0,-1.86,-1274.744,197.892,-321.113,2.192,29.902,141.274,737.354,0.251,-51.18,-65.164,-24.54,-59.24,13.0,-35.165,269.0,78.0,36.588,-50.529,0.681,-2.829,39.426,40.042,176.267,0.674,-2.792,-100.498,-2.86,-120.136,0.783,temp_g14_16_0001,run12_g16_g16_12,bi-obj/run12/g16/g16_12.pdb.sc
-508.228,-1.889,-55.271,-2.491,-48.384,-2.18,1173.11,2219.116,1046.006,36.0,-0.826,-1304.683,199.194,-329.417,2.229,30.593,142.225,756.283,0.217,-51.207,-64.037,-24.985,-58.345,10.0,-34.852,269.0,79.0,41.666,-51.766,0.712,-2.861,26.939,38.043,174.148,0.682,-2.681,-101.873,-3.028,-124.163,0.569,temp_g16_18_0001,run12_g16_g16_13,bi-obj/run12/g16/g16_13.pdb.sc
-410.04,-1.524,-39.932,-1.737,-22.357,-0.973,1194.288,2298.552,1104.264,38.0,-1.844,-1294.794,219.337,-315.513,2.087,32.086,163.017,752.118,0.319,-47.198,-57.76,-24.155,-54.775,8.0,-35.811,269.0,80.0,53.463,-50.614,0.756,-1.995,24.236,49.212,176.247,0.669,-1.436,-55.987,-2.528,-103.631,0.619,temp_g15_15_0001,run12_g16_g16_14,bi-obj/run12/g16/g16_14.pdb.sc
-509.385,-1.894,-55.114,-2.448,-47.786,-2.123,1101.609,2251.202,1149.594,20.0,-1.776,-1293.365,200.84,-343.641,2.182,30.127,145.424,752.881,0.286,-53.731,-66.22,-28.93,-58.246,12.0,-33.349,269.0,75.0,39.419,-48.004,0.745,-2.91,28.11,40.198,177.945,0.688,-2.55,-91.817,-3.242,-126.442,0.751,temp_g15_02_0001,run12_g16_g16_15,bi-obj/run12/g16/g16_15.pdb.sc
-498.433,-1.853,-60.661,-2.748,-52.597,-2.382,1180.487,2207.76,1027.273,18.0,-1.898,-1268.649,196.317,-322.071,2.094,29.741,137.139,733.262,0.232,-50.51,-64.998,-23.985,-59.123,13.0,-35.735,269.0,79.0,36.394,-51.797,0.656,-2.849,26.478,40.783,177.355,0.636,-2.858,-105.75,-2.842,-119.356,0.768,temp_g15_16_0001,run12_g16_g16_16,bi-obj/run12/g16/g16_16.pdb.sc
-484.459,-1.801,-55.645,-2.436,-48.307,-2.115,1139.674,2283.885,1144.211,26.0,-0.826,-1286.328,199.295,-316.44,2.185,31.811,136.791,735.934,0.168,-42.533,-62.341,-25.655,-58.826,9.0,-36.91,269.0,79.0,42.405,-49.391,0.645,-2.736,30.061,40.368,175.375,0.641,-2.674,-101.626,-2.793,-114.523,0.565,temp_g13_08_0001,run12_g16_g16_17,bi-obj/run12/g16/g16_17.pdb.sc
-476.546,-1.772,-54.519,-2.439,-39.966,-1.788,1129.782,2235.748,1105.966,20.0,-0.826,-1305.266,214.346,-335.367,2.195,33.18,149.265,762.79,0.306,-48.375,-60.573,-26.952,-56.704,13.0,-33.978,269.0,81.0,43.938,-50.946,0.69,-2.638,24.235,40.56,171.343,0.67,-2.252,-85.593,-2.979,-128.115,0.592,temp_g16_06_0001,run12_g16_g16_18,bi-obj/run12/g16/g16_18.pdb.sc
-462.273,-1.718,-55.742,-2.547,-41.515,-1.897,1072.982,2188.63,1115.648,21.0,-0.826,-1286.482,210.102,-336.323,2.152,33.019,140.565,759.426,0.265,-50.714,-61.61,-25.684,-57.398,12.0,-32.916,269.0,78.0,47.088,-51.189,0.728,-2.619,36.177,40.191,171.559,0.656,-2.463,-88.669,-2.752,-115.596,0.591,temp_g14_00_0001,run12_g16_g16_19,bi-obj/run12/g16/g16_19.pdb.sc
-429.251,-1.596,-46.402,-2.031,-30.617,-1.34,1186.155,2284.96,1098.805,36.0,-1.906,-1301.782,216.494,-320.738,2.117,32.342,160.401,751.534,0.291,-45.385,-60.511,-22.77,-55.441,10.0,-35.66,269.0,81.0,48.762,-51.885,0.697,-2.092,30.518,48.388,175.678,0.675,-1.645,-64.158,-2.506,-105.271,0.594,temp_g16_23_0001,run12_g16_g16_2,bi-obj/run12/g16/g16_2.pdb.sc
-490.349,-1.823,-56.124,-2.454,-49.751,-2.176,1181.521,2286.695,1105.173,25.0,-0.948,-1281.164,195.19,-324.524,2.161,30.97,135.328,735.372,0.168,-40.921,-63.899,-24.329,-58.69,9.0,-35.114,269.0,80.0,39.217,-49.211,0.742,-2.641,33.548,40.034,176.072,0.624,-2.678,-101.761,-2.607,-109.495,0.557,temp_g16_17_0001,run12_g16_g16_20,bi-obj/run12/g16/g16_20.pdb.sc
-490.445,-1.823,-55.694,-2.443,-48.376,-2.122,1131.439,2279.808,1148.369,25.0,-0.826,-1283.01,197.263,-324.15,2.172,31.089,136.595,736.513,0.17,-42.441,-62.891,-25.697,-58.669,9.0,-35.325,269.0,79.0,42.695,-50.298,0.606,-2.744,30.061,39.483,176.426,0.627,-2.653,-100.803,-2.83,-116.012,0.565,temp_g15_14_0001,run12_g16_g16_21,bi-obj/run12/g16/g16_21.pdb.sc
-468.23,-1.741,-54.821,-2.585,-45.372,-2.139,1048.43,2121.015,1072.584,26.0,-0.942,-1272.368,203.031,-326.74,2.098,30.167,141.992,747.879,0.232,-52.155,-63.53,-22.087,-57.796,11.0,-34.462,269.0,78.0,36.905,-52.862,0.657,-2.342,37.846,41.566,172.689,0.691,-2.083,-79.152,-2.588,-103.509,0.541,temp_g14_04_0001,run12_g16_g16_22,bi-obj/run12/g16/g16_22.pdb.sc
-404.149,-1.502,-39.886,-1.722,-22.947,-0.991,1189.796,2316.678,1126.883,37.0,-1.844,-1290.118,217.766,-310.097,2.083,31.892,161.527,745.39,0.313,-46.235,-57.729,-21.406,-54.73,8.0,-36.29,269.0,80.0,52.972,-49.639,0.731,-1.946,24.236,50.12,177.335,0.673,-1.429,-55.743,-2.438,-99.967,0.619,temp_g14_20_0001,run12_g16_g16_23,bi-obj/run12/g16/g16_23.pdb.sc
-478.715,-1.78,-55.035,-2.487,-40.419,-1.826,1133.84,2213.209,1079.369,21.0,-0.826,-1294.159,210.286,-342.349,2.159,32.54,145.252,759.415,0.273,-48.408,-61.788,-23.865,-57.186,12.0,-34.275,269.0,80.0,45.269,-52.449,0.735,-2.622,30.061,38.619,172.394,0.668,-2.3,-87.405,-2.914,-122.375,0.594,temp_g14_07_0001,run12_g16_g16_24,bi-obj/run12/g16/g16_24.pdb.sc
-472.068,-1.755,-53.995,-2.415,-47.406,-2.12,1173.732,2236.132,1062.4,29.0,-1.839,-1268.616,195.58,-311.624,2.216,29.952,133.77,715.472,0.177,-45.245,-62.741,-23.309,-57.637,9.0,-35.916,269.0,77.0,42.447,-47.543,0.641,-2.474,32.179,44.783,185.356,0.678,-2.43,-92.35,-2.517,-98.147,0.648,temp_g15_12_0001,run12_g16_g16_3,bi-obj/run12/g16/g16_3.pdb.sc
-474.533,-1.764,-53.11,-2.327,-45.952,-2.013,1245.567,2282.32,1036.752,14.0,-1.754,-1282.089,213.219,-323.023,2.17,31.587,141.553,745.788,0.199,-50.374,-61.221,-21.8,-55.682,10.0,-37.003,269.0,79.0,44.825,-50.306,0.614,-2.658,17.954,36.229,174.805,0.674,-2.516,-98.107,-2.798,-111.911,0.59,temp_g16_02_0001,run12_g16_g16_4,bi-obj/run12/g16/g16_4.pdb.sc
-471.728,-1.754,-55.475,-2.58,-49.642,-2.309,1045.983,2150.385,1104.403,23.0,-0.942,-1256.042,192.723,-314.843,2.067,29.416,135.588,733.342,0.247,-52.062,-63.975,-20.699,-59.047,13.0,-35.615,269.0,78.0,35.358,-51.893,0.632,-2.337,37.846,41.677,174.774,0.696,-2.352,-89.378,-2.322,-92.881,0.602,temp_g16_16_0001,run12_g16_g16_5,bi-obj/run12/g16/g16_5.pdb.sc
-508.243,-1.889,-55.707,-2.484,-48.647,-2.169,1110.424,2242.359,1131.936,20.0,-1.776,-1285.133,200.19,-343.282,2.161,29.507,141.718,753.162,0.28,-53.137,-66.467,-29.091,-59.039,12.0,-33.689,269.0,75.0,38.936,-48.229,0.699,-2.883,28.11,40.05,177.073,0.674,-2.557,-92.063,-3.184,-124.179,0.694,temp_g16_09_0001,run12_g16_g16_6,bi-obj/run12/g16/g16_6.pdb.sc
-485.334,-1.804,-59.229,-2.656,-51.654,-2.316,1229.579,2229.906,1000.327,25.0,-1.835,-1271.009,193.822,-312.133,2.174,30.219,133.866,714.124,0.208,-51.836,-62.744,-21.036,-57.154,12.0,-34.79,269.0,78.0,38.075,-49.62,0.638,-2.599,33.657,44.506,185.767,0.68,-2.617,-99.439,-2.582,-103.266,0.613,temp_g15_22_0001,run12_g16_g16_7,bi-obj/run12/g16/g16_7.pdb.sc
-438.669,-1.631,-48.878,-2.153,-36.296,-1.599,1184.168,2270.537,1086.369,36.0,-1.844,-1281.685,203.643,-306.255,2.184,31.706,145.457,728.979,0.196,-44.598,-61.172,-21.569,-55.542,8.0,-34.805,269.0,78.0,48.484,-49.538,0.705,-2.269,30.823,45.02,181.367,0.65,-2.052,-75.924,-2.465,-101.08,0.675,temp_g15_18_0001,run12_g16_g16_8,bi-obj/run12/g16/g16_8.pdb.sc
-464.286,-1.726,-54.998,-2.596,-45.279,-2.137,1044.873,2118.773,1073.899,27.0,-0.942,-1267.038,202.56,-325.365,2.042,30.105,141.208,744.245,0.233,-52.34,-63.934,-21.351,-57.844,11.0,-34.445,269.0,78.0,36.688,-51.479,0.659,-2.332,37.846,42.885,172.335,0.688,-2.085,-79.213,-2.566,-102.644,0.539,temp_g16_00_0001,run12_g16_g16_9,bi-obj/run12/g16/g16_9.pdb.sc
-471.728,-1.754,-55.475,-2.58,-49.642,-2.309,1045.983,2150.385,1104.403,23.0,-0.942,-1256.042,192.723,-314.843,2.067,29.416,135.588,733.342,0.247,-52.062,-63.975,-20.699,-59.047,13.0,-35.615,269.0,78.0,35.358,-51.893,0.632,-2.337,37.846,41.677,174.774,0.696,-2.352,-89.378,-2.322,-92.881,0.602,temp_g16_16_0001,run12_g17_g17_0,bi-obj/run12/g17/g17_0.pdb.sc
-485.334,-1.804,-59.229,-2.656,-51.654,-2.316,1229.579,2229.906,1000.327,25.0,-1.835,-1271.009,193.822,-312.133,2.174,30.219,133.866,714.124,0.208,-51.836,-62.744,-21.036,-57.154,12.0,-34.79,269.0,78.0,38.075,-49.62,0.638,-2.599,33.657,44.506,185.767,0.68,-2.617,-99.439,-2.582,-103.266,0.613,temp_g15_22_0001,run12_g17_g17_1,bi-obj/run12/g17/g17_1.pdb.sc
-478.715,-1.78,-55.035,-2.487,-40.419,-1.826,1133.84,2213.209,1079.369,21.0,-0.826,-1294.159,210.286,-342.349,2.159,32.54,145.252,759.415,0.273,-48.408,-61.788,-23.865,-57.186,12.0,-34.275,269.0,80.0,45.269,-52.449,0.735,-2.622,30.061,38.619,172.394,0.668,-2.3,-87.405,-2.914,-122.375,0.594,temp_g14_07_0001,run12_g17_g17_10,bi-obj/run12/g17/g17_10.pdb.sc
-508.308,-1.89,-55.652,-2.493,-48.582,-2.177,1106.81,2232.04,1125.229,20.0,-1.776,-1284.586,200.151,-343.402,2.151,29.502,141.524,752.664,0.28,-53.16,-66.433,-29.104,-59.058,12.0,-33.687,269.0,75.0,39.142,-48.274,0.759,-2.884,28.11,40.162,177.073,0.673,-2.557,-92.037,-3.186,-124.238,0.694,temp_g17_06_0001,run12_g17_g17_11,bi-obj/run12/g17/g17_11.pdb.sc
-481.813,-1.791,-59.239,-2.668,-51.277,-2.309,1172.266,2220.299,1048.033,18.0,-1.86,-1274.744,197.892,-321.113,2.192,29.902,141.274,737.354,0.251,-51.18,-65.164,-24.54,-59.24,13.0,-35.165,269.0,78.0,36.588,-50.529,0.681,-2.829,39.426,40.042,176.267,0.674,-2.792,-100.498,-2.86,-120.136,0.783,temp_g14_16_0001,run12_g17_g17_12,bi-obj/run12/g17/g17_12.pdb.sc
-409.099,-1.521,-40.722,-1.773,-23.814,-1.037,1180.635,2296.641,1116.005,39.0,-1.844,-1296.211,219.819,-316.168,2.131,31.717,165.274,753.173,0.31,-48.297,-57.793,-23.897,-54.652,8.0,-36.157,269.0,80.0,53.219,-50.675,0.743,-1.994,24.612,49.783,176.247,0.674,-1.427,-55.647,-2.533,-103.868,0.619,temp_g17_14_0001,run12_g17_g17_13,bi-obj/run12/g17/g17_13.pdb.sc
-509.712,-1.895,-55.078,-2.449,-47.439,-2.109,1101.864,2249.216,1147.353,20.0,-1.776,-1293.408,201.014,-343.592,2.182,30.121,145.453,752.892,0.288,-53.737,-66.357,-28.935,-58.178,12.0,-33.266,269.0,75.0,38.862,-48.058,0.787,-2.915,28.11,40.265,177.945,0.688,-2.561,-92.188,-3.241,-126.417,0.751,temp_g17_15_0001,run12_g17_g17_14,bi-obj/run12/g17/g17_14.pdb.sc
-468.305,-1.741,-54.693,-2.588,-44.967,-2.128,1043.127,2113.145,1070.017,26.0,-0.942,-1267.063,202.87,-325.635,2.044,30.178,140.992,745.116,0.234,-52.342,-64.16,-21.361,-58.104,11.0,-34.788,269.0,77.0,37.735,-50.374,0.707,-2.371,33.732,42.013,171.247,0.686,-2.162,-79.976,-2.564,-102.565,0.539,temp_g17_09_0001,run12_g17_g17_15,bi-obj/run12/g17/g17_15.pdb.sc
-404.149,-1.502,-39.886,-1.722,-22.947,-0.991,1189.796,2316.678,1126.883,37.0,-1.844,-1290.118,217.766,-310.097,2.083,31.892,161.527,745.39,0.313,-46.235,-57.729,-21.406,-54.73,8.0,-36.29,269.0,80.0,52.972,-49.639,0.731,-1.946,24.236,50.12,177.335,0.673,-1.429,-55.743,-2.438,-99.967,0.619,temp_g14_20_0001,run12_g17_g17_16,bi-obj/run12/g17/g17_16.pdb.sc
-474.533,-1.764,-53.11,-2.327,-45.952,-2.013,1245.567,2282.32,1036.752,14.0,-1.754,-1282.089,213.219,-323.023,2.17,31.587,141.553,745.788,0.199,-50.374,-61.221,-21.8,-55.682,10.0,-37.003,269.0,79.0,44.825,-50.306,0.614,-2.658,17.954,36.229,174.805,0.674,-2.516,-98.107,-2.798,-111.911,0.59,temp_g16_02_0001,run12_g17_g17_17,bi-obj/run12/g17/g17_17.pdb.sc
-410.04,-1.524,-39.932,-1.737,-22.357,-0.973,1194.288,2298.552,1104.264,38.0,-1.844,-1294.794,219.337,-315.513,2.087,32.086,163.017,752.118,0.319,-47.198,-57.76,-24.155,-54.775,8.0,-35.811,269.0,80.0,53.463,-50.614,0.756,-1.995,24.236,49.212,176.247,0.669,-1.436,-55.987,-2.528,-103.631,0.619,temp_g15_15_0001,run12_g17_g17_18,bi-obj/run12/g17/g17_18.pdb.sc
-484.459,-1.801,-55.645,-2.436,-48.307,-2.115,1139.674,2283.885,1144.211,26.0,-0.826,-1286.328,199.295,-316.44,2.185,31.811,136.791,735.934,0.168,-42.533,-62.341,-25.655,-58.826,9.0,-36.91,269.0,79.0,42.405,-49.391,0.645,-2.736,30.061,40.368,175.375,0.641,-2.674,-101.626,-2.793,-114.523,0.565,temp_g13_08_0001,run12_g17_g17_19,bi-obj/run12/g17/g17_19.pdb.sc
-477.267,-1.774,-55.598,-2.578,-49.906,-2.314,1032.47,2156.328,1123.859,21.0,-0.942,-1257.157,193.525,-323.048,2.064,29.466,135.964,738.685,0.246,-51.975,-64.182,-20.778,-59.089,13.0,-35.331,269.0,78.0,35.229,-52.682,0.626,-2.354,37.846,40.85,173.686,0.694,-2.346,-89.139,-2.361,-94.456,0.602,temp_g17_05_0001,run12_g17_g17_2,bi-obj/run12/g17/g17_2.pdb.sc
-450.304,-1.674,-53.043,-2.491,-44.29,-2.08,1038.426,2128.988,1090.562,25.0,-1.974,-1273.573,201.053,-310.264,2.114,29.483,141.776,734.037,0.261,-47.629,-64.144,-20.567,-57.627,12.0,-35.063,269.0,75.0,41.939,-51.487,0.735,-2.302,37.559,41.394,182.11,0.692,-2.328,-81.492,-2.279,-91.146,0.56,temp_g17_11_0001,run12_g17_g17_20,bi-obj/run12/g17/g17_20.pdb.sc
-438.669,-1.631,-48.878,-2.153,-36.296,-1.599,1184.168,2270.537,1086.369,36.0,-1.844,-1281.685,203.643,-306.255,2.184,31.706,145.457,728.979,0.196,-44.598,-61.172,-21.569,-55.542,8.0,-34.805,269.0,78.0,48.484,-49.538,0.705,-2.269,30.823,45.02,181.367,0.65,-2.052,-75.924,-2.465,-101.08,0.675,temp_g15_18_0001,run12_g17_g17_21,bi-obj/run12/g17/g17_21.pdb.sc
-484.082,-1.8,-56.424,-2.505,-49.617,-2.203,1126.17,2252.571,1126.401,27.0,-0.826,-1285.792,197.17,-314.926,2.186,31.912,137.449,734.195,0.166,-43.483,-62.699,-22.966,-58.853,9.0,-36.394,269.0,77.0,42.797,-49.546,0.701,-2.764,30.196,39.557,175.375,0.639,-2.724,-100.795,-2.8,-111.997,0.565,temp_g17_17_0001,run12_g17_g17_22,bi-obj/run12/g17/g17_22.pdb.sc
-468.464,-1.742,-54.839,-2.454,-48.254,-2.159,1178.333,2234.549,1056.216,27.0,-1.839,-1260.754,195.151,-311.866,2.156,29.268,132.25,716.186,0.176,-45.433,-63.194,-23.339,-57.627,9.0,-35.912,269.0,77.0,41.893,-47.415,0.655,-2.442,32.179,44.719,184.484,0.68,-2.451,-93.121,-2.434,-94.94,0.629,temp_g17_03_0001,run12_g17_g17_23,bi-obj/run12/g17/g17_23.pdb.sc
-477.17,-1.774,-58.277,-2.683,-49.111,-2.261,1105.607,2172.112,1066.505,23.0,-0.942,-1259.401,202.567,-328.858,2.07,29.521,140.387,746.79,0.245,-51.931,-66.528,-22.271,-58.743,12.0,-34.443,269.0,78.0,36.525,-56.247,0.618,-2.439,29.648,41.212,172.905,0.686,-2.182,-82.926,-2.683,-107.34,0.569,temp_g17_22_0001,run12_g17_g17_24,bi-obj/run12/g17/g17_24.pdb.sc
-455.561,-1.694,-48.735,-2.137,-35.215,-1.544,1178.454,2280.633,1102.179,29.0,-1.906,-1292.922,212.637,-323.813,2.113,31.711,146.969,753.763,0.248,-45.98,-62.275,-24.781,-57.382,10.0,-34.601,269.0,81.0,44.213,-52.699,0.691,-2.363,30.518,43.465,174.806,0.657,-2.034,-79.323,-2.668,-112.05,0.6,temp_g17_02_0001,run12_g17_g17_3,bi-obj/run12/g17/g17_3.pdb.sc
-490.616,-1.824,-55.652,-2.444,-48.344,-2.123,1131.575,2276.772,1145.197,25.0,-0.826,-1283.079,197.279,-324.07,2.172,31.087,136.56,736.544,0.17,-42.42,-62.882,-25.708,-58.646,9.0,-35.32,269.0,79.0,42.551,-50.275,0.657,-2.747,30.061,39.365,176.426,0.628,-2.657,-100.964,-2.83,-116.028,0.565,temp_g17_21_0001,run12_g17_g17_4,bi-obj/run12/g17/g17_4.pdb.sc
-490.445,-1.823,-55.694,-2.443,-48.376,-2.122,1131.439,2279.808,1148.369,25.0,-0.826,-1283.01,197.263,-324.15,2.172,31.089,136.595,736.513,0.17,-42.441,-62.891,-25.697,-58.669,9.0,-35.325,269.0,79.0,42.695,-50.298,0.606,-2.744,30.061,39.483,176.426,0.627,-2.653,-100.803,-2.83,-116.012,0.565,temp_g15_14_0001,run12_g17_g17_5,bi-obj/run12/g17/g17_5.pdb.sc
-504.184,-1.874,-62.361,-2.851,-55.184,-2.523,1150.871,2187.459,1036.589,21.0,-1.884,-1265.841,195.161,-322.714,2.12,30.01,134.116,729.825,0.221,-50.829,-65.048,-23.728,-59.397,12.0,-35.64,269.0,79.0,35.972,-52.759,0.654,-2.967,27.841,40.486,177.355,0.631,-2.921,-105.138,-3.006,-129.243,0.771,temp_g17_00_0001,run12_g17_g17_6,bi-obj/run12/g17/g17_6.pdb.sc
-409.008,-1.52,-41.699,-1.795,-24.149,-1.039,1184.835,2323.421,1138.585,35.0,-0.826,-1285.606,215.792,-312.052,2.098,31.996,160.276,748.045,0.3,-46.808,-57.853,-21.418,-54.965,8.0,-35.096,269.0,80.0,51.071,-50.888,0.745,-2.007,24.343,48.499,173.791,0.676,-1.458,-56.874,-2.529,-103.671,0.591,temp_g17_23_0001,run12_g17_g17_7,bi-obj/run12/g17/g17_7.pdb.sc
-490.349,-1.823,-56.124,-2.454,-49.751,-2.176,1181.521,2286.695,1105.173,25.0,-0.948,-1281.164,195.19,-324.524,2.161,30.97,135.328,735.372,0.168,-40.921,-63.899,-24.329,-58.69,9.0,-35.114,269.0,80.0,39.217,-49.211,0.742,-2.641,33.548,40.034,176.072,0.624,-2.678,-101.761,-2.607,-109.495,0.557,temp_g16_17_0001,run12_g17_g17_8,bi-obj/run12/g17/g17_8.pdb.sc
-504.56,-1.876,-55.268,-2.48,-48.119,-2.159,1190.79,2228.305,1037.515,33.0,-0.826,-1301.411,199.799,-329.508,2.208,30.513,141.541,759.467,0.218,-51.439,-64.095,-25.067,-58.668,10.0,-34.949,269.0,78.0,42.615,-51.142,0.715,-2.865,26.939,37.674,171.216,0.681,-2.777,-102.754,-2.945,-120.733,0.574,temp_g17_13_0001,run12_g17_g17_9,bi-obj/run12/g17/g17_9.pdb.sc
-471.728,-1.754,-55.475,-2.58,-49.642,-2.309,1045.983,2150.385,1104.403,23.0,-0.942,-1256.042,192.723,-314.843,2.067,29.416,135.588,733.342,0.247,-52.062,-63.975,-20.699,-59.047,13.0,-35.615,269.0,78.0,35.358,-51.893,0.632,-2.337,37.846,41.677,174.774,0.696,-2.352,-89.378,-2.322,-92.881,0.602,temp_g16_16_0001,run12_g18_g18_0,bi-obj/run12/g18/g18_0.pdb.sc
-474.533,-1.764,-53.11,-2.327,-45.952,-2.013,1245.567,2282.32,1036.752,14.0,-1.754,-1282.089,213.219,-323.023,2.17,31.587,141.553,745.788,0.199,-50.374,-61.221,-21.8,-55.682,10.0,-37.003,269.0,79.0,44.825,-50.306,0.614,-2.658,17.954,36.229,174.805,0.674,-2.516,-98.107,-2.798,-111.911,0.59,temp_g16_02_0001,run12_g18_g18_1,bi-obj/run12/g18/g18_1.pdb.sc
-505.774,-1.88,-62.466,-2.873,-55.283,-2.543,1170.896,2174.226,1003.33,21.0,-2.031,-1266.386,194.269,-323.867,2.119,29.989,133.375,730.236,0.225,-48.701,-65.897,-22.242,-59.409,12.0,-35.107,269.0,79.0,35.296,-52.291,0.647,-2.822,26.818,40.281,177.002,0.635,-2.941,-105.86,-2.723,-117.068,0.771,temp_g18_06_0001,run12_g18_g18_10,bi-obj/run12/g18/g18_10.pdb.sc
-508.308,-1.89,-55.652,-2.493,-48.582,-2.177,1106.81,2232.04,1125.229,20.0,-1.776,-1284.586,200.151,-343.402,2.151,29.502,141.524,752.664,0.28,-53.16,-66.433,-29.104,-59.058,12.0,-33.687,269.0,75.0,39.142,-48.274,0.759,-2.884,28.11,40.162,177.073,0.673,-2.557,-92.037,-3.186,-124.238,0.694,temp_g17_06_0001,run12_g18_g18_11,bi-obj/run12/g18/g18_11.pdb.sc
-468.464,-1.742,-54.839,-2.454,-48.254,-2.159,1178.333,2234.549,1056.216,27.0,-1.839,-1260.754,195.151,-311.866,2.156,29.268,132.25,716.186,0.176,-45.433,-63.194,-23.339,-57.627,9.0,-35.912,269.0,77.0,41.893,-47.415,0.655,-2.442,32.179,44.719,184.484,0.68,-2.451,-93.121,-2.434,-94.94,0.629,temp_g17_03_0001,run12_g18_g18_12,bi-obj/run12/g18/g18_12.pdb.sc
-490.284,-1.823,-55.947,-2.525,-45.476,-2.053,1147.269,2215.538,1068.269,19.0,-0.826,-1292.776,203.453,-333.221,2.171,32.039,140.474,752.639,0.242,-48.014,-62.07,-23.923,-57.785,12.0,-34.76,269.0,80.0,43.586,-52.684,0.754,-2.717,30.061,36.474,174.25,0.659,-2.541,-96.558,-2.877,-120.82,0.629,temp_g18_10_0001,run12_g18_g18_13,bi-obj/run12/g18/g18_13.pdb.sc
-504.56,-1.876,-55.268,-2.48,-48.119,-2.159,1190.79,2228.305,1037.515,33.0,-0.826,-1301.411,199.799,-329.508,2.208,30.513,141.541,759.467,0.218,-51.439,-64.095,-25.067,-58.668,10.0,-34.949,269.0,78.0,42.615,-51.142,0.715,-2.865,26.939,37.674,171.216,0.681,-2.777,-102.754,-2.945,-120.733,0.574,temp_g17_13_0001,run12_g18_g18_14,bi-obj/run12/g18/g18_14.pdb.sc
-438.599,-1.63,-43.672,-1.916,-28.616,-1.255,1159.93,2279.677,1119.747,34.0,-1.844,-1286.302,214.309,-319.766,2.135,31.207,151.776,754.645,0.256,-49.014,-59.803,-25.911,-56.586,8.0,-35.106,269.0,80.0,47.721,-51.547,0.776,-2.321,24.612,44.897,175.376,0.657,-1.84,-71.775,-2.778,-113.893,0.602,temp_g18_13_0001,run12_g18_g18_15,bi-obj/run12/g18/g18_15.pdb.sc
-509.701,-1.895,-55.111,-2.452,-47.495,-2.113,1100.839,2247.746,1146.907,20.0,-1.771,-1293.387,201.049,-343.595,2.18,30.119,145.365,752.863,0.287,-53.744,-66.326,-28.927,-58.179,12.0,-33.27,269.0,75.0,38.895,-48.036,0.739,-2.915,28.094,40.271,177.945,0.688,-2.56,-92.164,-3.243,-126.47,0.752,temp_g18_14_0001,run12_g18_g18_16,bi-obj/run12/g18/g18_16.pdb.sc
-497.587,-1.85,-57.454,-2.548,-50.228,-2.227,1131.656,2254.974,1123.319,22.0,-1.776,-1274.625,196.188,-332.339,2.152,28.852,140.383,740.414,0.27,-50.658,-66.139,-27.896,-58.859,12.0,-33.698,269.0,75.0,38.247,-47.116,0.748,-2.763,28.11,40.558,180.017,0.674,-2.576,-92.748,-2.935,-114.457,0.597,temp_g18_11_0001,run12_g18_g18_17,bi-obj/run12/g18/g18_17.pdb.sc
-477.17,-1.774,-58.277,-2.683,-49.111,-2.261,1105.607,2172.112,1066.505,23.0,-0.942,-1259.401,202.567,-328.858,2.07,29.521,140.387,746.79,0.245,-51.931,-66.528,-22.271,-58.743,12.0,-34.443,269.0,78.0,36.525,-56.247,0.618,-2.439,29.648,41.212,172.905,0.686,-2.182,-82.926,-2.683,-107.34,0.569,temp_g17_22_0001,run12_g18_g18_18,bi-obj/run12/g18/g18_18.pdb.sc
-484.459,-1.801,-55.645,-2.436,-48.307,-2.115,1139.674,2283.885,1144.211,26.0,-0.826,-1286.328,199.295,-316.44,2.185,31.811,136.791,735.934,0.168,-42.533,-62.341,-25.655,-58.826,9.0,-36.91,269.0,79.0,42.405,-49.391,0.645,-2.736,30.061,40.368,175.375,0.641,-2.674,-101.626,-2.793,-114.523,0.565,temp_g13_08_0001,run12_g18_g18_19,bi-obj/run12/g18/g18_19.pdb.sc
-404.149,-1.502,-39.886,-1.722,-22.947,-0.991,1189.796,2316.678,1126.883,37.0,-1.844,-1290.118,217.766,-310.097,2.083,31.892,161.527,745.39,0.313,-46.235,-57.729,-21.406,-54.73,8.0,-36.29,269.0,80.0,52.972,-49.639,0.731,-1.946,24.236,50.12,177.335,0.673,-1.429,-55.743,-2.438,-99.967,0.619,temp_g14_20_0001,run12_g18_g18_2,bi-obj/run12/g18/g18_2.pdb.sc
-484.082,-1.8,-56.424,-2.505,-49.617,-2.203,1126.17,2252.571,1126.401,27.0,-0.826,-1285.792,197.17,-314.926,2.186,31.912,137.449,734.195,0.166,-43.483,-62.699,-22.966,-58.853,9.0,-36.394,269.0,77.0,42.797,-49.546,0.701,-2.764,30.196,39.557,175.375,0.639,-2.724,-100.795,-2.8,-111.997,0.565,temp_g17_17_0001,run12_g18_g18_20,bi-obj/run12/g18/g18_20.pdb.sc
-427.394,-1.589,-42.215,-1.831,-28.906,-1.254,1167.87,2305.208,1137.339,35.0,-0.826,-1284.113,211.861,-314.443,2.086,32.158,155.711,750.943,0.246,-49.879,-57.94,-21.575,-54.928,8.0,-34.906,269.0,80.0,46.84,-50.626,0.761,-2.128,24.343,46.449,170.858,0.686,-1.715,-66.867,-2.522,-103.397,0.594,temp_g18_07_0001,run12_g18_g18_21,bi-obj/run12/g18/g18_21.pdb.sc
-490.314,-1.823,-55.472,-2.517,-48.169,-2.186,1120.516,2203.813,1083.297,23.0,-0.826,-1281.369,195.919,-324.149,2.172,30.801,137.334,734.695,0.171,-42.385,-62.717,-25.652,-58.842,9.0,-35.202,269.0,79.0,41.812,-49.491,0.687,-2.742,28.463,39.993,178.564,0.65,-2.704,-102.752,-2.777,-113.863,0.567,temp_g18_04_0001,run12_g18_g18_22,bi-obj/run12/g18/g18_22.pdb.sc
-490.616,-1.824,-55.652,-2.444,-48.344,-2.123,1131.575,2276.772,1145.197,25.0,-0.826,-1283.079,197.279,-324.07,2.172,31.087,136.56,736.544,0.17,-42.42,-62.882,-25.708,-58.646,9.0,-35.32,269.0,79.0,42.551,-50.275,0.657,-2.747,30.061,39.365,176.426,0.628,-2.657,-100.964,-2.83,-116.028,0.565,temp_g17_21_0001,run12_g18_g18_23,bi-obj/run12/g18/g18_23.pdb.sc
-471.747,-1.754,-55.686,-2.597,-49.786,-2.322,1048.712,2144.344,1095.632,21.0,-0.942,-1256.311,192.743,-314.844,2.064,29.418,135.566,733.601,0.246,-52.096,-64.062,-20.706,-59.041,13.0,-35.598,269.0,78.0,35.334,-51.728,0.603,-2.338,37.846,41.63,174.774,0.698,-2.357,-89.565,-2.32,-92.802,0.605,temp_g18_00_0001,run12_g18_g18_24,bi-obj/run12/g18/g18_24.pdb.sc
-438.669,-1.631,-48.878,-2.153,-36.296,-1.599,1184.168,2270.537,1086.369,36.0,-1.844,-1281.685,203.643,-306.255,2.184,31.706,145.457,728.979,0.196,-44.598,-61.172,-21.569,-55.542,8.0,-34.805,269.0,78.0,48.484,-49.538,0.705,-2.269,30.823,45.02,181.367,0.65,-2.052,-75.924,-2.465,-101.08,0.675,temp_g15_18_0001,run12_g18_g18_3,bi-obj/run12/g18/g18_3.pdb.sc
-486.705,-1.809,-59.604,-2.66,-51.89,-2.316,1255.155,2240.452,985.297,25.0,-1.835,-1269.831,193.614,-312.065,2.175,30.204,132.758,713.554,0.206,-51.78,-62.767,-21.042,-57.106,12.0,-34.661,269.0,78.0,37.39,-49.582,0.668,-2.619,33.657,44.234,185.767,0.685,-2.623,-99.682,-2.614,-104.561,0.613,temp_g18_01_0001,run12_g18_g18_4,bi-obj/run12/g18/g18_4.pdb.sc
-504.184,-1.874,-62.361,-2.851,-55.184,-2.523,1150.871,2187.459,1036.589,21.0,-1.884,-1265.841,195.161,-322.714,2.12,30.01,134.116,729.825,0.221,-50.829,-65.048,-23.728,-59.397,12.0,-35.64,269.0,79.0,35.972,-52.759,0.654,-2.967,27.841,40.486,177.355,0.631,-2.921,-105.138,-3.006,-129.243,0.771,temp_g17_00_0001,run12_g18_g18_5,bi-obj/run12/g18/g18_5.pdb.sc
-409.008,-1.52,-41.699,-1.795,-24.149,-1.039,1184.835,2323.421,1138.585,35.0,-0.826,-1285.606,215.792,-312.052,2.098,31.996,160.276,748.045,0.3,-46.808,-57.853,-21.418,-54.965,8.0,-35.096,269.0,80.0,51.071,-50.888,0.745,-2.007,24.343,48.499,173.791,0.676,-1.458,-56.874,-2.529,-103.671,0.591,temp_g17_23_0001,run12_g18_g18_6,bi-obj/run12/g18/g18_6.pdb.sc
-488.431,-1.816,-56.301,-2.56,-49.539,-2.252,1131.358,2199.478,1068.12,25.0,-0.826,-1285.372,195.313,-322.792,2.203,31.562,137.828,736.288,0.166,-43.439,-62.755,-22.865,-58.928,9.0,-35.103,269.0,76.0,42.344,-48.982,0.727,-2.787,29.076,39.935,177.513,0.656,-2.74,-101.393,-2.832,-110.435,0.567,temp_g18_22_0001,run12_g18_g18_7,bi-obj/run12/g18/g18_7.pdb.sc
-481.449,-1.79,-59.431,-2.658,-51.26,-2.293,1179.773,2235.998,1056.225,18.0,-1.86,-1275.233,197.963,-321.155,2.192,29.887,141.378,737.389,0.251,-51.133,-65.112,-24.531,-59.234,13.0,-35.106,269.0,78.0,37.061,-50.54,0.658,-2.823,39.426,40.065,176.267,0.678,-2.791,-100.459,-2.851,-119.747,0.825,temp_g18_12_0001,run12_g18_g18_8,bi-obj/run12/g18/g18_8.pdb.sc
-466.592,-1.735,-53.973,-2.539,-44.348,-2.086,1041.851,2126.017,1084.165,26.0,-0.942,-1264.555,203.167,-324.762,2.033,30.138,141.051,743.653,0.245,-52.718,-65.184,-21.488,-58.065,11.0,-34.222,269.0,76.0,37.539,-52.745,0.695,-2.382,37.361,41.363,171.247,0.67,-2.156,-79.758,-2.597,-101.286,0.538,temp_g18_15_0001,run12_g18_g18_9,bi-obj/run12/g18/g18_9.pdb.sc
-471.728,-1.754,-55.475,-2.58,-49.642,-2.309,1045.983,2150.385,1104.403,23.0,-0.942,-1256.042,192.723,-314.843,2.067,29.416,135.588,733.342,0.247,-52.062,-63.975,-20.699,-59.047,13.0,-35.615,269.0,78.0,35.358,-51.893,0.632,-2.337,37.846,41.677,174.774,0.696,-2.352,-89.378,-2.322,-92.881,0.602,temp_g16_16_0001,run12_g19_g19_0,bi-obj/run12/g19/g19_0.pdb.sc
-490.284,-1.823,-55.947,-2.525,-45.476,-2.053,1147.269,2215.538,1068.269,19.0,-0.826,-1292.776,203.453,-333.221,2.171,32.039,140.474,752.639,0.242,-48.014,-62.07,-23.923,-57.785,12.0,-34.76,269.0,80.0,43.586,-52.684,0.754,-2.717,30.061,36.474,174.25,0.659,-2.541,-96.558,-2.877,-120.82,0.629,temp_g18_10_0001,run12_g19_g19_1,bi-obj/run12/g19/g19_1.pdb.sc
-509.489,-1.894,-55.161,-2.457,-47.843,-2.131,1100.327,2244.914,1144.587,20.0,-1.771,-1293.54,200.836,-343.642,2.182,30.127,145.329,752.97,0.285,-53.756,-66.186,-28.922,-58.25,12.0,-33.311,269.0,75.0,39.42,-48.001,0.773,-2.912,28.094,40.233,177.945,0.689,-2.552,-91.869,-3.244,-126.514,0.752,temp_g19_16_0001,run12_g19_g19_10,bi-obj/run12/g19/g19_10.pdb.sc
-472.051,-1.755,-55.824,-2.6,-50.335,-2.344,1055.238,2147.393,1092.155,21.0,-0.942,-1257.072,192.396,-314.999,2.088,29.417,135.959,734.123,0.254,-52.156,-63.957,-20.675,-59.178,13.0,-35.689,269.0,78.0,35.754,-51.805,0.642,-2.334,37.846,41.465,174.774,0.708,-2.356,-89.536,-2.314,-92.551,0.602,temp_g19_00_0001,run12_g19_g19_11,bi-obj/run12/g19/g19_11.pdb.sc
-404.149,-1.502,-39.886,-1.722,-22.947,-0.991,1189.796,2316.678,1126.883,37.0,-1.844,-1290.118,217.766,-310.097,2.083,31.892,161.527,745.39,0.313,-46.235,-57.729,-21.406,-54.73,8.0,-36.29,269.0,80.0,52.972,-49.639,0.731,-1.946,24.236,50.12,177.335,0.673,-1.429,-55.743,-2.438,-99.967,0.619,temp_g14_20_0001,run12_g19_g19_12,bi-obj/run12/g19/g19_12.pdb.sc
-476.379,-1.771,-59.6,-2.673,-51.182,-2.296,1178.369,2229.351,1050.982,18.0,-1.86,-1271.284,197.98,-320.052,2.19,29.896,140.618,735.294,0.251,-51.307,-65.252,-22.96,-59.231,13.0,-34.907,269.0,78.0,36.658,-49.304,0.67,-2.802,39.426,40.98,175.914,0.679,-2.792,-100.511,-2.81,-118.034,0.825,temp_g19_08_0001,run12_g19_g19_13,bi-obj/run12/g19/g19_13.pdb.sc
-469.998,-1.747,-53.966,-2.515,-42.626,-1.986,1110.838,2146.022,1035.184,24.0,-0.942,-1270.167,204.655,-327.921,2.049,30.239,141.959,749.627,0.269,-54.821,-65.293,-20.894,-57.939,11.0,-33.391,269.0,76.0,37.793,-51.678,0.707,-2.459,35.545,40.434,170.16,0.692,-2.302,-85.165,-2.607,-101.684,0.588,temp_g19_09_0001,run12_g19_g19_14,bi-obj/run12/g19/g19_14.pdb.sc
-486.705,-1.809,-59.604,-2.66,-51.89,-2.316,1255.155,2240.452,985.297,25.0,-1.835,-1269.831,193.614,-312.065,2.175,30.204,132.758,713.554,0.206,-51.78,-62.767,-21.042,-57.106,12.0,-34.661,269.0,78.0,37.39,-49.582,0.668,-2.619,33.657,44.234,185.767,0.685,-2.623,-99.682,-2.614,-104.561,0.613,temp_g18_01_0001,run12_g19_g19_15,bi-obj/run12/g19/g19_15.pdb.sc
-409.008,-1.52,-41.699,-1.795,-24.149,-1.039,1184.835,2323.421,1138.585,35.0,-0.826,-1285.606,215.792,-312.052,2.098,31.996,160.276,748.045,0.3,-46.808,-57.853,-21.418,-54.965,8.0,-35.096,269.0,80.0,51.071,-50.888,0.745,-2.007,24.343,48.499,173.791,0.676,-1.458,-56.874,-2.529,-103.671,0.591,temp_g17_23_0001,run12_g19_g19_16,bi-obj/run12/g19/g19_16.pdb.sc
-509.701,-1.895,-55.111,-2.452,-47.495,-2.113,1100.839,2247.746,1146.907,20.0,-1.771,-1293.387,201.049,-343.595,2.18,30.119,145.365,752.863,0.287,-53.744,-66.326,-28.927,-58.179,12.0,-33.27,269.0,75.0,38.895,-48.036,0.739,-2.915,28.094,40.271,177.945,0.688,-2.56,-92.164,-3.243,-126.47,0.752,temp_g18_14_0001,run12_g19_g19_17,bi-obj/run12/g19/g19_17.pdb.sc
-505.774,-1.88,-62.466,-2.873,-55.283,-2.543,1170.896,2174.226,1003.33,21.0,-2.031,-1266.386,194.269,-323.867,2.119,29.989,133.375,730.236,0.225,-48.701,-65.897,-22.242,-59.409,12.0,-35.107,269.0,79.0,35.296,-52.291,0.647,-2.822,26.818,40.281,177.002,0.635,-2.941,-105.86,-2.723,-117.068,0.771,temp_g18_06_0001,run12_g19_g19_18,bi-obj/run12/g19/g19_18.pdb.sc
-434.672,-1.616,-44.295,-1.919,-27.951,-1.211,1163.777,2308.316,1144.539,30.0,-0.826,-1295.382,214.517,-318.135,2.125,32.171,160.42,752.922,0.304,-48.13,-58.538,-23.958,-55.324,9.0,-34.27,269.0,80.0,45.467,-52.818,0.656,-2.226,26.517,45.228,172.703,0.652,-1.719,-67.025,-2.709,-111.089,0.639,temp_g19_06_0001,run12_g19_g19_19,bi-obj/run12/g19/g19_19.pdb.sc
-484.082,-1.8,-56.424,-2.505,-49.617,-2.203,1126.17,2252.571,1126.401,27.0,-0.826,-1285.792,197.17,-314.926,2.186,31.912,137.449,734.195,0.166,-43.483,-62.699,-22.966,-58.853,9.0,-36.394,269.0,77.0,42.797,-49.546,0.701,-2.764,30.196,39.557,175.375,0.639,-2.724,-100.795,-2.8,-111.997,0.565,temp_g17_17_0001,run12_g19_g19_2,bi-obj/run12/g19/g19_2.pdb.sc
-504.184,-1.874,-62.361,-2.851,-55.184,-2.523,1150.871,2187.459,1036.589,21.0,-1.884,-1265.841,195.161,-322.714,2.12,30.01,134.116,729.825,0.221,-50.829,-65.048,-23.728,-59.397,12.0,-35.64,269.0,79.0,35.972,-52.759,0.654,-2.967,27.841,40.486,177.355,0.631,-2.921,-105.138,-3.006,-129.243,0.771,temp_g17_00_0001,run12_g19_g19_20,bi-obj/run12/g19/g19_20.pdb.sc
-476.225,-1.77,-55.798,-2.52,-45.823,-2.069,1109.333,2214.528,1105.195,22.0,-0.942,-1263.781,203.214,-328.346,2.057,29.59,143.051,749.927,0.264,-52.241,-67.305,-22.465,-58.72,12.0,-33.394,269.0,75.0,38.397,-56.406,0.63,-2.458,28.219,40.515,171.817,0.689,-2.228,-80.22,-2.67,-104.118,0.591,temp_g19_18_0001,run12_g19_g19_21,bi-obj/run12/g19/g19_21.pdb.sc
-484.459,-1.801,-55.645,-2.436,-48.307,-2.115,1139.674,2283.885,1144.211,26.0,-0.826,-1286.328,199.295,-316.44,2.185,31.811,136.791,735.934,0.168,-42.533,-62.341,-25.655,-58.826,9.0,-36.91,269.0,79.0,42.405,-49.391,0.645,-2.736,30.061,40.368,175.375,0.641,-2.674,-101.626,-2.793,-114.523,0.565,temp_g13_08_0001,run12_g19_g19_22,bi-obj/run12/g19/g19_22.pdb.sc
-441.654,-1.642,-47.834,-2.122,-37.068,-1.644,1169.464,2254.32,1084.856,37.0,-1.893,-1287.897,205.827,-307.85,2.207,32.779,146.88,730.766,0.174,-42.934,-62.489,-22.249,-55.722,7.0,-34.767,269.0,76.0,49.71,-50.428,0.7,-2.303,32.233,42.343,181.151,0.645,-2.089,-77.303,-2.505,-97.702,0.677,temp_g19_03_0001,run12_g19_g19_23,bi-obj/run12/g19/g19_23.pdb.sc
-504.56,-1.876,-55.268,-2.48,-48.119,-2.159,1190.79,2228.305,1037.515,33.0,-0.826,-1301.411,199.799,-329.508,2.208,30.513,141.541,759.467,0.218,-51.439,-64.095,-25.067,-58.668,10.0,-34.949,269.0,78.0,42.615,-51.142,0.715,-2.865,26.939,37.674,171.216,0.681,-2.777,-102.754,-2.945,-120.733,0.574,temp_g17_13_0001,run12_g19_g19_24,bi-obj/run12/g19/g19_24.pdb.sc
-507.879,-1.888,-55.214,-2.526,-48.002,-2.196,1151.187,2185.697,1034.509,31.0,-0.826,-1304.96,198.698,-331.54,2.211,30.228,143.046,761.157,0.219,-51.622,-63.72,-23.699,-58.541,10.0,-35.079,269.0,78.0,41.432,-50.699,0.752,-2.9,25.4,37.793,172.266,0.688,-2.83,-104.721,-2.963,-121.474,0.577,temp_g19_14_0001,run12_g19_g19_3,bi-obj/run12/g19/g19_3.pdb.sc
-490.616,-1.824,-55.652,-2.444,-48.344,-2.123,1131.575,2276.772,1145.197,25.0,-0.826,-1283.079,197.279,-324.07,2.172,31.087,136.56,736.544,0.17,-42.42,-62.882,-25.708,-58.646,9.0,-35.32,269.0,79.0,42.551,-50.275,0.657,-2.747,30.061,39.365,176.426,0.628,-2.657,-100.964,-2.83,-116.028,0.565,temp_g17_21_0001,run12_g19_g19_4,bi-obj/run12/g19/g19_4.pdb.sc
-490.314,-1.823,-55.472,-2.517,-48.169,-2.186,1120.516,2203.813,1083.297,23.0,-0.826,-1281.369,195.919,-324.149,2.172,30.801,137.334,734.695,0.171,-42.385,-62.717,-25.652,-58.842,9.0,-35.202,269.0,79.0,41.812,-49.491,0.687,-2.742,28.463,39.993,178.564,0.65,-2.704,-102.752,-2.777,-113.863,0.567,temp_g18_04_0001,run12_g19_g19_5,bi-obj/run12/g19/g19_5.pdb.sc
-466.592,-1.735,-53.973,-2.539,-44.348,-2.086,1041.851,2126.017,1084.165,26.0,-0.942,-1264.555,203.167,-324.762,2.033,30.138,141.051,743.653,0.245,-52.718,-65.184,-21.488,-58.065,11.0,-34.222,269.0,76.0,37.539,-52.745,0.695,-2.382,37.361,41.363,171.247,0.67,-2.156,-79.758,-2.597,-101.286,0.538,temp_g18_15_0001,run12_g19_g19_6,bi-obj/run12/g19/g19_6.pdb.sc
-477.17,-1.774,-58.277,-2.683,-49.111,-2.261,1105.607,2172.112,1066.505,23.0,-0.942,-1259.401,202.567,-328.858,2.07,29.521,140.387,746.79,0.245,-51.931,-66.528,-22.271,-58.743,12.0,-34.443,269.0,78.0,36.525,-56.247,0.618,-2.439,29.648,41.212,172.905,0.686,-2.182,-82.926,-2.683,-107.34,0.569,temp_g17_22_0001,run12_g19_g19_7,bi-obj/run12/g19/g19_7.pdb.sc
-427.394,-1.589,-42.215,-1.831,-28.906,-1.254,1167.87,2305.208,1137.339,35.0,-0.826,-1284.113,211.861,-314.443,2.086,32.158,155.711,750.943,0.246,-49.879,-57.94,-21.575,-54.928,8.0,-34.906,269.0,80.0,46.84,-50.626,0.761,-2.128,24.343,46.449,170.858,0.686,-1.715,-66.867,-2.522,-103.397,0.594,temp_g18_07_0001,run12_g19_g19_8,bi-obj/run12/g19/g19_8.pdb.sc
-492.702,-1.832,-57.779,-2.567,-50.602,-2.249,1129.604,2250.433,1120.829,22.0,-1.772,-1266.465,195.352,-333.45,2.128,28.38,141.509,741.324,0.266,-52.207,-66.568,-27.84,-59.431,12.0,-33.714,269.0,75.0,36.201,-48.087,0.721,-2.692,31.478,40.727,179.145,0.682,-2.569,-92.472,-2.805,-109.407,0.588,temp_g19_17_0001,run12_g19_g19_9,bi-obj/run12/g19/g19_9.pdb.sc
-291.863,-1.085,0.518,0.021,28.393,1.174,1209.367,2418.027,1208.66,34.0,-1.903,-1309.748,239.66,-297.487,1.994,31.816,222.138,759.93,-0.243,-33.627,-56.276,-24.698,-52.15,8.0,-36.628,269.0,82.0,76.81,-46.47,0.727,-0.712,2.231,53.66,178.207,0.688,0.037,1.49,-1.425,-59.846,0.678,g0_10_0001,run12_g2_g2_0,bi-obj/run12/g2/g2_0.pdb.sc
-442.448,-1.645,-41.899,-1.757,-33.567,-1.408,1194.185,2384.391,1190.206,30.0,-1.96,-1302.809,220.194,-325.106,2.129,32.903,157.31,759.99,0.291,-44.148,-58.52,-25.824,-56.233,10.0,-35.239,269.0,81.0,54.197,-48.125,0.76,-2.234,9.263,45.078,173.813,0.68,-2.069,-80.683,-2.387,-100.271,0.64,temp_g2_18_0001,run12_g2_g2_1,bi-obj/run12/g2/g2_1.pdb.sc
-368.535,-1.37,-15.842,-0.677,1.632,0.07,1122.604,2338.423,1215.819,32.0,-1.956,-1303.29,227.856,-314.792,2.082,32.214,191.298,757.73,-4.538,-37.898,-57.989,-24.354,-53.854,9.0,-34.348,269.0,80.0,65.149,-49.254,0.703,-1.533,9.563,47.775,174.9,0.646,-1.022,-37.827,-1.973,-84.85,0.631,temp_g2_02_0001,run12_g2_g2_10,bi-obj/run12/g2/g2_10.pdb.sc
-437.173,-1.625,-41.898,-1.824,-28.762,-1.252,1162.387,2296.436,1134.049,28.0,-1.956,-1299.921,220.641,-324.867,2.139,32.637,155.604,756.14,0.271,-39.995,-59.661,-25.933,-55.606,9.0,-35.194,269.0,81.0,58.432,-48.679,0.71,-2.266,9.175,43.278,175.976,0.671,-2.046,-77.748,-2.461,-105.826,0.615,temp_g2_03_0001,run12_g2_g2_11,bi-obj/run12/g2/g2_11.pdb.sc
-292.496,-1.087,2.683,0.114,28.764,1.218,1217.776,2360.593,1142.817,31.0,-1.887,-1310.209,241.055,-299.486,2.005,31.712,221.814,758.264,-0.196,-35.788,-56.438,-21.604,-52.148,7.0,-35.91,269.0,83.0,77.195,-46.511,0.698,-0.724,2.572,53.916,178.207,0.687,0.031,1.231,-1.425,-61.291,0.745,g0_24_0001,run12_g2_g2_12,bi-obj/run12/g2/g2_12.pdb.sc
-155.933,-0.58,74.588,3.099,113.358,4.709,1215.991,2407.156,1191.165,35.0,-1.995,-1327.618,257.231,-291.816,1.96,32.207,301.032,777.39,-0.024,-32.107,-49.521,-20.556,-51.523,5.0,-33.429,269.0,83.0,92.414,-45.788,0.712,0.818,1.946,58.96,174.685,0.681,1.643,64.068,0.088,3.864,0.597,g0_00_0001,run12_g2_g2_13,bi-obj/run12/g2/g2_13.pdb.sc
-417.395,-1.552,-34.119,-1.485,-15.523,-0.676,1197.562,2297.639,1100.077,25.0,-1.85,-1282.664,219.829,-313.72,2.115,31.678,159.038,744.449,0.463,-42.332,-60.561,-22.743,-54.453,9.0,-34.883,269.0,81.0,58.191,-47.164,0.673,-1.991,1.975,46.72,178.41,0.67,-1.739,-67.84,-2.224,-93.425,0.57,temp_g2_09_0001,run12_g2_g2_14,bi-obj/run12/g2/g2_14.pdb.sc
-346.096,-1.287,-6.249,-0.261,16.143,0.674,1223.846,2393.694,1169.848,37.0,-1.844,-1287.024,226.836,-302.248,2.02,31.245,193.428,747.099,-0.323,-38.502,-56.315,-21.14,-52.5,7.0,-34.708,269.0,82.0,63.703,-47.874,0.708,-1.248,1.98,51.829,177.335,0.664,-0.72,-28.07,-1.727,-74.266,0.585,g0_03_0001,run12_g2_g2_15,bi-obj/run12/g2/g2_15.pdb.sc
-438.927,-1.632,-49.336,-2.187,-32.889,-1.458,1131.507,2256.329,1124.822,27.0,-1.833,-1300.644,218.078,-322.685,2.09,31.812,155.184,756.818,0.355,-46.149,-62.837,-25.571,-55.524,12.0,-37.418,269.0,78.0,50.587,-48.881,0.738,-2.189,25.063,44.012,178.41,0.703,-1.712,-63.337,-2.62,-107.4,0.56,temp_g2_14_0001,run12_g2_g2_16,bi-obj/run12/g2/g2_16.pdb.sc
-443.803,-1.65,-51.353,-2.355,-35.171,-1.613,982.701,2180.809,1198.108,21.0,-1.856,-1297.922,216.044,-324.571,2.15,31.21,153.517,755.534,0.438,-45.192,-63.918,-29.454,-56.174,16.0,-36.327,269.0,75.0,48.135,-48.651,0.733,-2.285,29.765,44.911,178.41,0.676,-1.886,-67.909,-2.652,-103.441,0.585,temp_g2_10_0001,run12_g2_g2_17,bi-obj/run12/g2/g2_17.pdb.sc
-373.173,-1.387,-26.044,-1.13,-4.007,-0.174,1057.507,2305.031,1247.524,24.0,-1.856,-1300.918,220.899,-312.699,2.025,31.16,185.757,759.969,3.574,-42.801,-61.87,-26.565,-54.31,15.0,-36.117,269.0,77.0,55.908,-49.062,0.748,-1.519,29.584,49.8,177.335,0.66,-0.828,-29.818,-2.125,-87.133,0.59,temp_g1_16_0001,run12_g2_g2_18,bi-obj/run12/g2/g2_18.pdb.sc
-416.695,-1.549,-35.366,-1.583,-19.669,-0.88,1071.751,2234.079,1162.327,25.0,-1.839,-1294.239,227.259,-315.924,2.144,31.549,162.726,750.745,0.434,-41.385,-61.293,-24.559,-54.188,10.0,-36.151,269.0,77.0,58.397,-47.246,0.755,-1.936,2.704,45.632,178.41,0.685,-1.474,-53.057,-2.343,-96.053,0.565,temp_g2_19_0001,run12_g2_g2_19,bi-obj/run12/g2/g2_19.pdb.sc
-426.65,-1.586,-17.328,-0.789,-3.916,-0.178,1073.692,2197.085,1123.393,33.0,-1.854,-1282.746,221.936,-322.487,2.201,31.478,164.857,757.155,0.963,-44.011,-57.557,-29.061,-53.21,5.0,-35.559,269.0,79.0,50.679,-50.543,0.672,-2.132,5.621,42.202,173.38,0.617,-1.969,-74.83,-2.283,-93.599,0.869,temp_g1_11_0001,run12_g2_g2_2,bi-obj/run12/g2/g2_2.pdb.sc
-434.642,-1.616,-47.498,-2.137,-33.006,-1.485,1106.441,2222.427,1115.986,22.0,-1.839,-1298.17,219.587,-321.785,2.124,32.176,154.077,752.413,0.331,-48.193,-62.504,-23.084,-55.465,12.0,-36.303,269.0,79.0,51.331,-48.781,0.751,-2.173,25.981,44.821,178.41,0.682,-1.716,-63.51,-2.575,-108.138,0.562,temp_g2_13_0001,run12_g2_g2_20,bi-obj/run12/g2/g2_20.pdb.sc
-432.411,-1.607,-42.582,-1.848,-32.986,-1.432,1106.522,2304.17,1197.648,20.0,-1.882,-1286.758,220.397,-318.892,2.175,31.249,153.94,749.257,0.248,-46.43,-59.917,-20.915,-54.326,10.0,-36.793,269.0,79.0,51.153,-50.139,0.671,-2.237,16.137,41.003,177.774,0.634,-2.038,-79.499,-2.431,-97.223,0.556,temp_g2_01_0001,run12_g2_g2_21,bi-obj/run12/g2/g2_21.pdb.sc
-433.319,-1.611,-42.0,-1.858,-24.683,-1.092,1199.234,2260.697,1061.463,24.0,-1.89,-1287.302,221.59,-318.841,2.119,31.858,152.728,746.398,0.383,-42.387,-62.045,-24.327,-55.059,11.0,-35.532,269.0,78.0,57.345,-47.692,0.713,-2.155,6.219,44.518,178.41,0.66,-1.869,-67.301,-2.4,-100.807,0.568,temp_g2_05_0001,run12_g2_g2_22,bi-obj/run12/g2/g2_22.pdb.sc
-375.468,-1.396,-20.209,-0.858,0.843,0.036,1168.392,2356.208,1187.816,28.0,-1.808,-1298.45,224.836,-314.761,2.064,32.38,187.19,755.75,-9.131,-38.905,-56.587,-24.05,-53.912,9.0,-34.533,269.0,80.0,62.891,-49.015,0.736,-1.547,9.139,46.754,174.9,0.64,-1.106,-42.01,-1.947,-81.777,0.649,temp_g1_07_0001,run12_g2_g2_23,bi-obj/run12/g2/g2_23.pdb.sc
-438.078,-1.629,-48.92,-2.186,-32.424,-1.449,1090.242,2238.079,1147.837,27.0,-1.833,-1300.287,218.525,-323.333,2.086,31.86,156.028,756.443,0.36,-46.259,-62.955,-25.413,-55.49,12.0,-37.85,269.0,78.0,50.648,-48.825,0.729,-2.175,25.502,44.105,178.41,0.7,-1.695,-62.719,-2.609,-106.963,0.561,temp_g2_16_0001,run12_g2_g2_24,bi-obj/run12/g2/g2_24.pdb.sc
-369.522,-1.374,-27.934,-1.154,-11.332,-0.468,1114.552,2420.36,1305.809,27.0,-1.916,-1293.382,225.402,-309.934,2.053,31.234,188.142,758.546,1.238,-42.329,-58.649,-25.74,-52.813,15.0,-36.095,269.0,82.0,57.114,-50.749,0.692,-1.655,16.116,46.19,176.699,0.641,-1.247,-49.889,-2.043,-85.801,0.588,temp_g2_00_0001,run12_g2_g2_3,bi-obj/run12/g2/g2_3.pdb.sc
-361.485,-1.344,-14.599,-0.625,7.735,0.331,1154.745,2335.606,1180.862,29.0,-1.89,-1291.952,228.851,-308.579,2.055,31.436,189.64,749.995,-1.12,-39.953,-59.875,-22.557,-53.039,11.0,-34.793,269.0,78.0,63.857,-48.283,0.724,-1.357,6.21,49.472,177.335,0.635,-0.772,-27.799,-1.858,-78.025,0.585,g0_22_0001,run12_g2_g2_4,bi-obj/run12/g2/g2_4.pdb.sc
-363.332,-1.351,-19.033,-0.791,-4.053,-0.168,1172.716,2406.441,1233.725,26.0,-1.882,-1290.314,226.86,-307.355,2.044,31.244,183.834,753.526,1.618,-42.514,-57.967,-18.743,-52.685,9.0,-36.476,269.0,82.0,58.873,-50.512,0.637,-1.532,15.937,45.514,176.699,0.626,-1.096,-43.853,-1.947,-81.762,0.585,temp_g1_05_0001,run12_g2_g2_5,bi-obj/run12/g2/g2_5.pdb.sc
-365.84,-1.36,-14.583,-0.615,3.41,0.144,1125.46,2372.751,1247.292,33.0,-1.956,-1304.636,227.886,-314.594,2.079,32.233,192.1,759.755,-2.052,-37.533,-57.264,-24.172,-53.83,9.0,-34.541,269.0,81.0,64.98,-49.298,0.708,-1.501,9.159,48.253,174.9,0.644,-1.017,-38.655,-1.928,-82.91,0.64,temp_g1_17_0001,run12_g2_g2_6,bi-obj/run12/g2/g2_6.pdb.sc
-434.997,-1.617,-40.604,-1.824,-26.014,-1.169,1093.773,2226.223,1132.45,31.0,-1.844,-1287.117,214.143,-320.334,2.207,31.477,153.89,744.736,0.346,-48.318,-58.301,-25.532,-55.502,11.0,-34.777,269.0,78.0,46.813,-48.665,0.738,-2.214,26.599,46.542,178.41,0.67,-1.896,-72.055,-2.516,-100.659,0.575,temp_g2_17_0001,run12_g2_g2_7,bi-obj/run12/g2/g2_7.pdb.sc
-362.928,-1.349,-20.553,-0.85,-5.992,-0.248,1165.947,2418.326,1252.379,29.0,-1.877,-1290.841,228.924,-308.018,2.044,31.754,183.777,753.566,1.262,-43.489,-57.962,-20.193,-52.683,10.0,-36.267,269.0,82.0,58.932,-49.978,0.72,-1.534,16.284,45.816,176.699,0.639,-1.11,-44.414,-1.938,-81.391,0.585,temp_g2_07_0001,run12_g2_g2_8,bi-obj/run12/g2/g2_8.pdb.sc
-348.417,-1.295,-13.541,-0.57,10.626,0.447,1081.082,2376.736,1295.655,33.0,-1.833,-1299.741,231.198,-304.957,2.001,31.238,198.569,759.119,-0.947,-37.112,-60.026,-24.826,-52.382,11.0,-36.684,269.0,80.0,65.032,-47.743,0.74,-1.231,2.27,49.54,177.335,0.682,-0.584,-22.186,-1.817,-76.327,0.585,g0_14_0001,run12_g2_g2_9,bi-obj/run12/g2/g2_9.pdb.sc
-471.728,-1.754,-55.475,-2.58,-49.642,-2.309,1045.983,2150.385,1104.403,23.0,-0.942,-1256.042,192.723,-314.843,2.067,29.416,135.588,733.342,0.247,-52.062,-63.975,-20.699,-59.047,13.0,-35.615,269.0,78.0,35.358,-51.893,0.632,-2.337,37.846,41.677,174.774,0.696,-2.352,-89.378,-2.322,-92.881,0.602,temp_g16_16_0001,run12_g20_g20_0,bi-obj/run12/g20/g20_0.pdb.sc
-505.774,-1.88,-62.466,-2.873,-55.283,-2.543,1170.896,2174.226,1003.33,21.0,-2.031,-1266.386,194.269,-323.867,2.119,29.989,133.375,730.236,0.225,-48.701,-65.897,-22.242,-59.409,12.0,-35.107,269.0,79.0,35.296,-52.291,0.647,-2.822,26.818,40.281,177.002,0.635,-2.941,-105.86,-2.723,-117.068,0.771,temp_g18_06_0001,run12_g20_g20_1,bi-obj/run12/g20/g20_1.pdb.sc
-421.541,-1.567,-46.778,-2.028,-29.795,-1.292,1189.706,2306.95,1117.245,32.0,-1.819,-1297.022,214.119,-314.117,2.208,32.249,156.954,748.123,0.248,-46.194,-59.081,-21.892,-55.383,8.0,-34.66,269.0,79.0,51.896,-49.593,0.708,-2.103,30.699,45.067,176.247,0.68,-1.666,-63.323,-2.508,-102.843,0.659,temp_g20_12_0001,run12_g20_g20_10,bi-obj/run12/g20/g20_10.pdb.sc
-472.051,-1.755,-55.824,-2.6,-50.335,-2.344,1055.238,2147.393,1092.155,21.0,-0.942,-1257.072,192.396,-314.999,2.088,29.417,135.959,734.123,0.254,-52.156,-63.957,-20.675,-59.178,13.0,-35.689,269.0,78.0,35.754,-51.805,0.642,-2.334,37.846,41.465,174.774,0.708,-2.356,-89.536,-2.314,-92.551,0.602,temp_g19_00_0001,run12_g20_g20_11,bi-obj/run12/g20/g20_11.pdb.sc
-490.248,-1.822,-55.444,-2.516,-48.144,-2.185,1119.87,2203.394,1083.524,23.0,-0.826,-1281.202,195.879,-324.154,2.171,30.804,137.245,734.633,0.171,-42.412,-62.749,-25.656,-58.847,9.0,-35.193,269.0,79.0,41.911,-49.521,0.691,-2.741,28.463,40.075,178.564,0.649,-2.701,-102.623,-2.779,-113.934,0.567,temp_g20_05_0001,run12_g20_g20_12,bi-obj/run12/g20/g20_12.pdb.sc
-491.489,-1.827,-55.621,-2.454,-48.507,-2.14,1123.761,2266.785,1143.025,24.0,-0.826,-1287.739,198.894,-318.181,2.182,31.808,136.704,737.486,0.167,-45.691,-62.2,-25.821,-58.823,9.0,-36.441,269.0,79.0,40.247,-49.393,0.674,-2.759,30.061,40.305,175.375,0.642,-2.713,-103.099,-2.801,-114.83,0.565,temp_g20_22_0001,run12_g20_g20_13,bi-obj/run12/g20/g20_13.pdb.sc
-434.672,-1.616,-44.295,-1.919,-27.951,-1.211,1163.777,2308.316,1144.539,30.0,-0.826,-1295.382,214.517,-318.135,2.125,32.171,160.42,752.922,0.304,-48.13,-58.538,-23.958,-55.324,9.0,-34.27,269.0,80.0,45.467,-52.818,0.656,-2.226,26.517,45.228,172.703,0.652,-1.719,-67.025,-2.709,-111.089,0.639,temp_g19_06_0001,run12_g20_g20_14,bi-obj/run12/g20/g20_14.pdb.sc
-490.597,-1.824,-55.569,-2.443,-50.484,-2.219,1141.817,2274.879,1133.062,25.0,-0.826,-1282.999,197.242,-324.146,2.176,31.094,136.648,736.47,0.163,-42.421,-62.828,-25.689,-58.682,9.0,-35.311,269.0,79.0,42.581,-50.299,0.663,-2.746,30.061,39.341,176.426,0.628,-2.657,-100.957,-2.829,-116.007,0.565,temp_g20_04_0001,run12_g20_g20_15,bi-obj/run12/g20/g20_15.pdb.sc
-427.394,-1.589,-42.215,-1.831,-28.906,-1.254,1167.87,2305.208,1137.339,35.0,-0.826,-1284.113,211.861,-314.443,2.086,32.158,155.711,750.943,0.246,-49.879,-57.94,-21.575,-54.928,8.0,-34.906,269.0,80.0,46.84,-50.626,0.761,-2.128,24.343,46.449,170.858,0.686,-1.715,-66.867,-2.522,-103.397,0.594,temp_g18_07_0001,run12_g20_g20_16,bi-obj/run12/g20/g20_16.pdb.sc
-478.119,-1.777,-57.755,-2.689,-51.149,-2.381,1021.97,2148.219,1126.248,21.0,-0.942,-1252.631,190.013,-321.556,2.06,28.824,134.568,733.214,0.262,-51.851,-64.214,-20.919,-59.228,14.0,-33.783,269.0,78.0,35.24,-52.128,0.638,-2.35,37.846,40.943,175.824,0.693,-2.386,-90.662,-2.316,-92.626,0.602,temp_g20_00_0001,run12_g20_g20_17,bi-obj/run12/g20/g20_17.pdb.sc
-509.343,-1.893,-55.023,-2.511,-47.893,-2.186,1171.031,2191.052,1020.021,31.0,-1.099,-1307.248,200.619,-337.829,2.228,30.459,145.258,765.095,0.219,-51.611,-63.507,-23.702,-59.072,10.0,-34.41,269.0,78.0,39.315,-50.615,0.738,-2.89,25.62,38.308,172.266,0.698,-2.813,-104.075,-2.96,-121.37,0.581,temp_g20_03_0001,run12_g20_g20_18,bi-obj/run12/g20/g20_18.pdb.sc
-504.56,-1.876,-55.268,-2.48,-48.119,-2.159,1190.79,2228.305,1037.515,33.0,-0.826,-1301.411,199.799,-329.508,2.208,30.513,141.541,759.467,0.218,-51.439,-64.095,-25.067,-58.668,10.0,-34.949,269.0,78.0,42.615,-51.142,0.715,-2.865,26.939,37.674,171.216,0.681,-2.777,-102.754,-2.945,-120.733,0.574,temp_g17_13_0001,run12_g20_g20_19,bi-obj/run12/g20/g20_19.pdb.sc
-490.616,-1.824,-55.652,-2.444,-48.344,-2.123,1131.575,2276.772,1145.197,25.0,-0.826,-1283.079,197.279,-324.07,2.172,31.087,136.56,736.544,0.17,-42.42,-62.882,-25.708,-58.646,9.0,-35.32,269.0,79.0,42.551,-50.275,0.657,-2.747,30.061,39.365,176.426,0.628,-2.657,-100.964,-2.83,-116.028,0.565,temp_g17_21_0001,run12_g20_g20_2,bi-obj/run12/g20/g20_2.pdb.sc
-441.654,-1.642,-47.834,-2.122,-37.068,-1.644,1169.464,2254.32,1084.856,37.0,-1.893,-1287.897,205.827,-307.85,2.207,32.779,146.88,730.766,0.174,-42.934,-62.489,-22.249,-55.722,7.0,-34.767,269.0,76.0,49.71,-50.428,0.7,-2.303,32.233,42.343,181.151,0.645,-2.089,-77.303,-2.505,-97.702,0.677,temp_g19_03_0001,run12_g20_g20_20,bi-obj/run12/g20/g20_20.pdb.sc
-508.258,-1.889,-62.075,-2.835,-53.573,-2.447,1167.214,2189.569,1022.355,18.0,-1.884,-1262.309,194.499,-329.107,2.109,29.526,133.719,728.798,0.239,-50.638,-65.259,-22.806,-59.419,13.0,-34.811,269.0,79.0,35.047,-53.068,0.706,-2.955,27.841,40.326,178.406,0.623,-2.91,-104.776,-2.992,-128.658,0.771,temp_g20_20_0001,run12_g20_g20_21,bi-obj/run12/g20/g20_21.pdb.sc
-446.464,-1.66,-52.117,-2.233,-37.538,-1.608,1229.225,2333.768,1104.543,36.0,-1.893,-1298.178,209.073,-307.765,2.233,32.936,150.132,732.374,0.172,-43.169,-61.976,-22.162,-55.67,7.0,-35.092,269.0,77.0,48.641,-51.519,0.627,-2.355,32.089,41.87,180.935,0.654,-2.161,-82.112,-2.543,-99.189,0.678,temp_g20_23_0001,run12_g20_g20_22,bi-obj/run12/g20/g20_22.pdb.sc
-486.705,-1.809,-59.604,-2.66,-51.89,-2.316,1255.155,2240.452,985.297,25.0,-1.835,-1269.831,193.614,-312.065,2.175,30.204,132.758,713.554,0.206,-51.78,-62.767,-21.042,-57.106,12.0,-34.661,269.0,78.0,37.39,-49.582,0.668,-2.619,33.657,44.234,185.767,0.685,-2.623,-99.682,-2.614,-104.561,0.613,temp_g18_01_0001,run12_g20_g20_23,bi-obj/run12/g20/g20_23.pdb.sc
-425.034,-1.58,-42.347,-1.842,-29.406,-1.279,1159.91,2298.581,1138.67,35.0,-0.826,-1279.306,211.17,-313.374,2.088,32.171,154.028,746.654,0.244,-50.18,-58.634,-19.928,-55.109,8.0,-34.658,269.0,80.0,47.071,-49.222,0.764,-2.133,24.343,47.58,170.505,0.684,-1.719,-67.046,-2.526,-103.571,0.59,temp_g20_08_0001,run12_g20_g20_24,bi-obj/run12/g20/g20_24.pdb.sc
-438.273,-1.629,-45.585,-1.983,-30.036,-1.306,1161.963,2299.115,1137.152,29.0,-0.826,-1292.302,214.099,-321.736,2.112,32.182,156.38,760.122,0.281,-50.522,-59.74,-24.085,-56.04,9.0,-34.638,269.0,80.0,45.674,-53.339,0.675,-2.255,29.075,44.881,169.771,0.653,-1.776,-69.273,-2.71,-111.106,0.657,temp_g20_19_0001,run12_g20_g20_3,bi-obj/run12/g20/g20_3.pdb.sc
-469.998,-1.747,-53.966,-2.515,-42.626,-1.986,1110.838,2146.022,1035.184,24.0,-0.942,-1270.167,204.655,-327.921,2.049,30.239,141.959,749.627,0.269,-54.821,-65.293,-20.894,-57.939,11.0,-33.391,269.0,76.0,37.793,-51.678,0.707,-2.459,35.545,40.434,170.16,0.692,-2.302,-85.165,-2.607,-101.684,0.588,temp_g19_09_0001,run12_g20_g20_4,bi-obj/run12/g20/g20_4.pdb.sc
-404.149,-1.502,-39.886,-1.722,-22.947,-0.991,1189.796,2316.678,1126.883,37.0,-1.844,-1290.118,217.766,-310.097,2.083,31.892,161.527,745.39,0.313,-46.235,-57.729,-21.406,-54.73,8.0,-36.29,269.0,80.0,52.972,-49.639,0.731,-1.946,24.236,50.12,177.335,0.673,-1.429,-55.743,-2.438,-99.967,0.619,temp_g14_20_0001,run12_g20_g20_5,bi-obj/run12/g20/g20_5.pdb.sc
-509.701,-1.895,-55.111,-2.452,-47.495,-2.113,1100.839,2247.746,1146.907,20.0,-1.771,-1293.387,201.049,-343.595,2.18,30.119,145.365,752.863,0.287,-53.744,-66.326,-28.927,-58.179,12.0,-33.27,269.0,75.0,38.895,-48.036,0.739,-2.915,28.094,40.271,177.945,0.688,-2.56,-92.164,-3.243,-126.47,0.752,temp_g18_14_0001,run12_g20_g20_6,bi-obj/run12/g20/g20_6.pdb.sc
-488.562,-1.816,-59.894,-2.669,-52.174,-2.325,1241.654,2243.857,1002.202,25.0,-1.835,-1271.734,194.436,-312.256,2.172,30.293,132.898,714.615,0.204,-51.649,-62.691,-21.041,-57.095,12.0,-35.035,269.0,78.0,37.704,-49.904,0.675,-2.623,33.657,43.613,184.679,0.69,-2.626,-99.792,-2.62,-104.807,0.612,temp_g20_15_0001,run12_g20_g20_7,bi-obj/run12/g20/g20_7.pdb.sc
-477.17,-1.774,-58.277,-2.683,-49.111,-2.261,1105.607,2172.112,1066.505,23.0,-0.942,-1259.401,202.567,-328.858,2.07,29.521,140.387,746.79,0.245,-51.931,-66.528,-22.271,-58.743,12.0,-34.443,269.0,78.0,36.525,-56.247,0.618,-2.439,29.648,41.212,172.905,0.686,-2.182,-82.926,-2.683,-107.34,0.569,temp_g17_22_0001,run12_g20_g20_8,bi-obj/run12/g20/g20_8.pdb.sc
-476.379,-1.771,-59.6,-2.673,-51.182,-2.296,1178.369,2229.351,1050.982,18.0,-1.86,-1271.284,197.98,-320.052,2.19,29.896,140.618,735.294,0.251,-51.307,-65.252,-22.96,-59.231,13.0,-34.907,269.0,78.0,36.658,-49.304,0.67,-2.802,39.426,40.98,175.914,0.679,-2.792,-100.511,-2.81,-118.034,0.825,temp_g19_08_0001,run12_g20_g20_9,bi-obj/run12/g20/g20_9.pdb.sc
-471.728,-1.754,-55.475,-2.58,-49.642,-2.309,1045.983,2150.385,1104.403,23.0,-0.942,-1256.042,192.723,-314.843,2.067,29.416,135.588,733.342,0.247,-52.062,-63.975,-20.699,-59.047,13.0,-35.615,269.0,78.0,35.358,-51.893,0.632,-2.337,37.846,41.677,174.774,0.696,-2.352,-89.378,-2.322,-92.881,0.602,temp_g16_16_0001,run12_g21_g21_0,bi-obj/run12/g21/g21_0.pdb.sc
-511.505,-1.902,-62.034,-2.838,-53.652,-2.454,1210.772,2186.063,975.292,18.0,-1.895,-1264.765,194.136,-329.896,2.112,29.467,134.575,730.639,0.245,-50.8,-65.12,-23.198,-59.31,13.0,-34.912,269.0,77.0,35.244,-53.9,0.699,-2.93,27.667,39.277,178.406,0.627,-2.913,-104.868,-2.946,-120.78,0.77,temp_g21_21_0001,run12_g21_g21_1,bi-obj/run12/g21/g21_1.pdb.sc
-504.56,-1.876,-55.268,-2.48,-48.119,-2.159,1190.79,2228.305,1037.515,33.0,-0.826,-1301.411,199.799,-329.508,2.208,30.513,141.541,759.467,0.218,-51.439,-64.095,-25.067,-58.668,10.0,-34.949,269.0,78.0,42.615,-51.142,0.715,-2.865,26.939,37.674,171.216,0.681,-2.777,-102.754,-2.945,-120.733,0.574,temp_g17_13_0001,run12_g21_g21_10,bi-obj/run12/g21/g21_10.pdb.sc
-477.17,-1.774,-58.277,-2.683,-49.111,-2.261,1105.607,2172.112,1066.505,23.0,-0.942,-1259.401,202.567,-328.858,2.07,29.521,140.387,746.79,0.245,-51.931,-66.528,-22.271,-58.743,12.0,-34.443,269.0,78.0,36.525,-56.247,0.618,-2.439,29.648,41.212,172.905,0.686,-2.182,-82.926,-2.683,-107.34,0.569,temp_g17_22_0001,run12_g21_g21_11,bi-obj/run12/g21/g21_11.pdb.sc
-505.774,-1.88,-62.466,-2.873,-55.283,-2.543,1170.896,2174.226,1003.33,21.0,-2.031,-1266.386,194.269,-323.867,2.119,29.989,133.375,730.236,0.225,-48.701,-65.897,-22.242,-59.409,12.0,-35.107,269.0,79.0,35.296,-52.291,0.647,-2.822,26.818,40.281,177.002,0.635,-2.941,-105.86,-2.723,-117.068,0.771,temp_g18_06_0001,run12_g21_g21_12,bi-obj/run12/g21/g21_12.pdb.sc
-469.998,-1.747,-53.966,-2.515,-42.626,-1.986,1110.838,2146.022,1035.184,24.0,-0.942,-1270.167,204.655,-327.921,2.049,30.239,141.959,749.627,0.269,-54.821,-65.293,-20.894,-57.939,11.0,-33.391,269.0,76.0,37.793,-51.678,0.707,-2.459,35.545,40.434,170.16,0.692,-2.302,-85.165,-2.607,-101.684,0.588,temp_g19_09_0001,run12_g21_g21_13,bi-obj/run12/g21/g21_13.pdb.sc
-509.343,-1.893,-55.023,-2.511,-47.893,-2.186,1171.031,2191.052,1020.021,31.0,-1.099,-1307.248,200.619,-337.829,2.228,30.459,145.258,765.095,0.219,-51.611,-63.507,-23.702,-59.072,10.0,-34.41,269.0,78.0,39.315,-50.615,0.738,-2.89,25.62,38.308,172.266,0.698,-2.813,-104.075,-2.96,-121.37,0.581,temp_g20_03_0001,run12_g21_g21_14,bi-obj/run12/g21/g21_14.pdb.sc
-425.034,-1.58,-42.347,-1.842,-29.406,-1.279,1159.91,2298.581,1138.67,35.0,-0.826,-1279.306,211.17,-313.374,2.088,32.171,154.028,746.654,0.244,-50.18,-58.634,-19.928,-55.109,8.0,-34.658,269.0,80.0,47.071,-49.222,0.764,-2.133,24.343,47.58,170.505,0.684,-1.719,-67.046,-2.526,-103.571,0.59,temp_g20_08_0001,run12_g21_g21_15,bi-obj/run12/g21/g21_15.pdb.sc
-511.84,-1.903,-53.44,-2.441,-48.832,-2.231,1164.84,2189.12,1024.279,32.0,-1.099,-1309.476,200.185,-337.298,2.216,30.46,149.704,766.862,0.286,-51.389,-63.669,-27.677,-59.83,13.0,-34.774,269.0,75.0,39.191,-51.098,0.724,-2.855,25.62,38.456,171.191,0.678,-2.58,-90.311,-3.096,-123.826,0.583,temp_g21_18_0001,run12_g21_g21_16,bi-obj/run12/g21/g21_16.pdb.sc
-423.064,-1.573,-40.436,-1.758,-27.09,-1.178,1176.681,2299.951,1123.271,38.0,-1.844,-1288.581,213.805,-312.54,2.07,32.054,156.875,748.241,0.261,-49.31,-57.827,-21.56,-54.784,8.0,-36.116,269.0,80.0,48.628,-49.417,0.745,-2.074,24.236,47.984,174.403,0.683,-1.693,-66.008,-2.436,-99.89,0.617,temp_g21_05_0001,run12_g21_g21_17,bi-obj/run12/g21/g21_17.pdb.sc
-476.379,-1.771,-59.6,-2.673,-51.182,-2.296,1178.369,2229.351,1050.982,18.0,-1.86,-1271.284,197.98,-320.052,2.19,29.896,140.618,735.294,0.251,-51.307,-65.252,-22.96,-59.231,13.0,-34.907,269.0,78.0,36.658,-49.304,0.67,-2.802,39.426,40.98,175.914,0.679,-2.792,-100.511,-2.81,-118.034,0.825,temp_g19_08_0001,run12_g21_g21_18,bi-obj/run12/g21/g21_18.pdb.sc
-513.193,-1.908,-59.31,-2.641,-54.108,-2.41,1198.935,2245.485,1046.549,29.0,-0.826,-1288.834,199.02,-333.226,2.156,29.73,139.48,760.276,0.215,-53.015,-66.693,-26.822,-58.571,12.0,-34.562,269.0,79.0,41.15,-55.0,0.723,-2.966,23.249,37.299,171.432,0.701,-2.853,-108.42,-3.071,-125.92,0.566,temp_g21_19_0001,run12_g21_g21_19,bi-obj/run12/g21/g21_19.pdb.sc
-502.874,-1.869,-57.488,-2.541,-49.776,-2.2,1131.116,2262.342,1131.226,22.0,-1.771,-1283.377,196.856,-332.992,2.202,29.499,143.322,739.931,0.271,-51.411,-65.971,-27.875,-58.2,12.0,-33.85,269.0,75.0,37.27,-47.03,0.713,-2.833,28.094,40.847,180.889,0.676,-2.585,-93.071,-3.062,-119.417,0.694,temp_g21_06_0001,run12_g21_g21_2,bi-obj/run12/g21/g21_2.pdb.sc
-485.909,-1.806,-61.43,-2.811,-55.879,-2.557,1099.606,2185.28,1085.673,20.0,-0.942,-1251.978,193.688,-317.27,2.029,28.873,133.714,732.934,0.244,-51.377,-66.776,-20.833,-59.333,14.0,-34.669,269.0,78.0,34.396,-55.162,0.692,-2.525,29.648,40.709,175.849,0.687,-2.497,-94.896,-2.552,-102.089,0.593,temp_g21_08_0001,run12_g21_g21_20,bi-obj/run12/g21/g21_20.pdb.sc
-499.892,-1.858,-62.712,-2.883,-55.152,-2.536,1156.675,2175.202,1018.527,21.0,-2.04,-1261.65,192.284,-327.58,2.094,29.944,130.624,734.959,0.226,-49.347,-65.849,-22.189,-59.815,12.0,-34.241,269.0,79.0,35.004,-52.919,0.645,-2.828,33.335,40.593,176.13,0.633,-2.95,-106.199,-2.726,-117.2,0.771,temp_g21_01_0001,run12_g21_g21_21,bi-obj/run12/g21/g21_21.pdb.sc
-482.534,-1.794,-56.189,-2.637,-51.454,-2.415,1081.901,2131.036,1049.135,23.0,-0.942,-1253.043,192.303,-317.82,2.064,29.421,131.409,739.662,0.255,-52.519,-64.711,-21.04,-59.303,13.0,-36.027,269.0,77.0,34.197,-52.108,0.639,-2.365,31.886,41.561,171.841,0.719,-2.298,-85.014,-2.427,-97.081,0.635,temp_g21_11_0001,run12_g21_g21_22,bi-obj/run12/g21/g21_22.pdb.sc
-441.654,-1.642,-47.834,-2.122,-37.068,-1.644,1169.464,2254.32,1084.856,37.0,-1.893,-1287.897,205.827,-307.85,2.207,32.779,146.88,730.766,0.174,-42.934,-62.489,-22.249,-55.722,7.0,-34.767,269.0,76.0,49.71,-50.428,0.7,-2.303,32.233,42.343,181.151,0.645,-2.089,-77.303,-2.505,-97.702,0.677,temp_g19_03_0001,run12_g21_g21_23,bi-obj/run12/g21/g21_23.pdb.sc
-472.051,-1.755,-55.824,-2.6,-50.335,-2.344,1055.238,2147.393,1092.155,21.0,-0.942,-1257.072,192.396,-314.999,2.088,29.417,135.959,734.123,0.254,-52.156,-63.957,-20.675,-59.178,13.0,-35.689,269.0,78.0,35.754,-51.805,0.642,-2.334,37.846,41.465,174.774,0.708,-2.356,-89.536,-2.314,-92.551,0.602,temp_g19_00_0001,run12_g21_g21_24,bi-obj/run12/g21/g21_24.pdb.sc
-483.754,-1.798,-59.417,-2.688,-51.116,-2.312,1186.776,2210.796,1024.02,19.0,-1.79,-1277.527,195.891,-313.597,2.322,30.365,136.589,719.892,0.212,-52.536,-62.512,-21.231,-57.435,12.0,-34.665,269.0,76.0,38.591,-48.591,0.688,-2.525,36.447,41.817,183.591,0.722,-2.506,-92.725,-2.543,-99.188,0.624,temp_g21_07_0001,run12_g21_g21_3,bi-obj/run12/g21/g21_3.pdb.sc
-469.378,-1.745,-58.374,-2.718,-51.117,-2.38,1023.874,2147.925,1124.052,20.0,-0.942,-1244.258,188.981,-320.932,2.004,28.117,133.122,733.118,0.266,-52.062,-63.888,-20.844,-59.339,14.0,-33.179,269.0,78.0,35.336,-51.535,0.651,-2.255,37.846,42.391,176.04,0.694,-2.391,-90.867,-2.126,-85.038,0.645,temp_g21_17_0001,run12_g21_g21_4,bi-obj/run12/g21/g21_4.pdb.sc
-466.186,-1.733,-50.326,-2.193,-42.686,-1.86,1198.848,2295.021,1096.173,32.0,-1.893,-1283.03,200.628,-310.364,2.204,32.744,138.298,726.584,0.151,-43.326,-62.559,-21.376,-57.607,7.0,-35.694,269.0,76.0,45.495,-49.853,0.731,-2.563,32.233,39.532,181.151,0.64,-2.588,-95.77,-2.54,-99.051,0.647,temp_g21_20_0001,run12_g21_g21_5,bi-obj/run12/g21/g21_5.pdb.sc
-436.179,-1.621,-44.182,-1.93,-28.663,-1.252,1161.232,2289.074,1127.842,28.0,-0.826,-1294.499,215.23,-318.919,2.131,32.433,160.043,753.032,0.301,-48.163,-58.68,-23.835,-55.284,9.0,-33.824,269.0,79.0,45.467,-53.21,0.695,-2.238,24.656,44.726,172.703,0.645,-1.72,-65.368,-2.718,-111.441,0.639,temp_g21_14_0001,run12_g21_g21_6,bi-obj/run12/g21/g21_6.pdb.sc
-508.258,-1.889,-62.075,-2.835,-53.573,-2.447,1167.214,2189.569,1022.355,18.0,-1.884,-1262.309,194.499,-329.107,2.109,29.526,133.719,728.798,0.239,-50.638,-65.259,-22.806,-59.419,13.0,-34.811,269.0,79.0,35.047,-53.068,0.706,-2.955,27.841,40.326,178.406,0.623,-2.91,-104.776,-2.992,-128.658,0.771,temp_g20_20_0001,run12_g21_g21_7,bi-obj/run12/g21/g21_7.pdb.sc
-446.464,-1.66,-52.117,-2.233,-37.538,-1.608,1229.225,2333.768,1104.543,36.0,-1.893,-1298.178,209.073,-307.765,2.233,32.936,150.132,732.374,0.172,-43.169,-61.976,-22.162,-55.67,7.0,-35.092,269.0,77.0,48.641,-51.519,0.627,-2.355,32.089,41.87,180.935,0.654,-2.161,-82.112,-2.543,-99.189,0.678,temp_g20_23_0001,run12_g21_g21_8,bi-obj/run12/g21/g21_8.pdb.sc
-472.514,-1.757,-55.495,-2.588,-49.727,-2.319,1032.278,2144.046,1111.768,23.0,-0.942,-1256.564,192.857,-315.068,2.067,29.414,135.86,733.636,0.245,-52.045,-64.292,-20.653,-59.07,13.0,-35.629,269.0,78.0,35.265,-51.957,0.615,-2.339,37.663,41.567,174.774,0.696,-2.359,-89.64,-2.321,-92.824,0.602,temp_g21_00_0001,run12_g21_g21_9,bi-obj/run12/g21/g21_9.pdb.sc
-471.728,-1.754,-55.475,-2.58,-49.642,-2.309,1045.983,2150.385,1104.403,23.0,-0.942,-1256.042,192.723,-314.843,2.067,29.416,135.588,733.342,0.247,-52.062,-63.975,-20.699,-59.047,13.0,-35.615,269.0,78.0,35.358,-51.893,0.632,-2.337,37.846,41.677,174.774,0.696,-2.352,-89.378,-2.322,-92.881,0.602,temp_g16_16_0001,run12_g22_g22_0,bi-obj/run12/g22/g22_0.pdb.sc
-511.84,-1.903,-53.44,-2.441,-48.832,-2.231,1164.84,2189.12,1024.279,32.0,-1.099,-1309.476,200.185,-337.298,2.216,30.46,149.704,766.862,0.286,-51.389,-63.669,-27.677,-59.83,13.0,-34.774,269.0,75.0,39.191,-51.098,0.724,-2.855,25.62,38.456,171.191,0.678,-2.58,-90.311,-3.096,-123.826,0.583,temp_g21_18_0001,run12_g22_g22_1,bi-obj/run12/g22/g22_1.pdb.sc
-425.034,-1.58,-42.347,-1.842,-29.406,-1.279,1159.91,2298.581,1138.67,35.0,-0.826,-1279.306,211.17,-313.374,2.088,32.171,154.028,746.654,0.244,-50.18,-58.634,-19.928,-55.109,8.0,-34.658,269.0,80.0,47.071,-49.222,0.764,-2.133,24.343,47.58,170.505,0.684,-1.719,-67.046,-2.526,-103.571,0.59,temp_g20_08_0001,run12_g22_g22_10,bi-obj/run12/g22/g22_10.pdb.sc
-504.56,-1.876,-55.268,-2.48,-48.119,-2.159,1190.79,2228.305,1037.515,33.0,-0.826,-1301.411,199.799,-329.508,2.208,30.513,141.541,759.467,0.218,-51.439,-64.095,-25.067,-58.668,10.0,-34.949,269.0,78.0,42.615,-51.142,0.715,-2.865,26.939,37.674,171.216,0.681,-2.777,-102.754,-2.945,-120.733,0.574,temp_g17_13_0001,run12_g22_g22_11,bi-obj/run12/g22/g22_11.pdb.sc
-469.998,-1.747,-53.966,-2.515,-42.626,-1.986,1110.838,2146.022,1035.184,24.0,-0.942,-1270.167,204.655,-327.921,2.049,30.239,141.959,749.627,0.269,-54.821,-65.293,-20.894,-57.939,11.0,-33.391,269.0,76.0,37.793,-51.678,0.707,-2.459,35.545,40.434,170.16,0.692,-2.302,-85.165,-2.607,-101.684,0.588,temp_g19_09_0001,run12_g22_g22_12,bi-obj/run12/g22/g22_12.pdb.sc
-476.62,-1.772,-55.502,-2.588,-49.893,-2.326,1052.77,2144.826,1092.056,21.0,-0.942,-1257.133,192.689,-315.265,2.088,29.493,135.745,735.064,0.256,-52.161,-64.163,-20.67,-59.518,13.0,-36.029,269.0,77.0,36.135,-50.644,0.667,-2.375,33.85,40.554,173.686,0.707,-2.441,-90.315,-2.314,-92.563,0.602,temp_g22_24_0001,run12_g22_g22_13,bi-obj/run12/g22/g22_13.pdb.sc
-504.842,-1.877,-55.02,-2.463,-48.196,-2.157,1192.955,2233.987,1041.032,34.0,-0.826,-1303.066,201.543,-335.212,2.222,30.744,143.045,762.366,0.218,-51.451,-64.034,-25.096,-58.715,10.0,-34.382,269.0,78.0,42.857,-51.099,0.701,-2.855,26.939,37.53,171.216,0.683,-2.756,-101.986,-2.945,-120.732,0.577,temp_g22_10_0001,run12_g22_g22_14,bi-obj/run12/g22/g22_14.pdb.sc
-472.051,-1.755,-55.824,-2.6,-50.335,-2.344,1055.238,2147.393,1092.155,21.0,-0.942,-1257.072,192.396,-314.999,2.088,29.417,135.959,734.123,0.254,-52.156,-63.957,-20.675,-59.178,13.0,-35.689,269.0,78.0,35.754,-51.805,0.642,-2.334,37.846,41.465,174.774,0.708,-2.356,-89.536,-2.314,-92.551,0.602,temp_g19_00_0001,run12_g22_g22_15,bi-obj/run12/g22/g22_15.pdb.sc
-501.851,-1.866,-62.218,-2.85,-53.906,-2.469,1149.078,2183.44,1034.363,18.0,-1.899,-1256.873,192.468,-332.476,2.087,29.441,130.708,733.372,0.238,-51.381,-65.202,-22.749,-59.863,13.0,-33.864,269.0,78.0,36.014,-53.634,0.634,-2.897,33.643,40.052,177.534,0.625,-2.917,-105.001,-2.88,-120.942,0.771,temp_g22_07_0001,run12_g22_g22_16,bi-obj/run12/g22/g22_16.pdb.sc
-436.15,-1.621,-44.105,-1.926,-27.875,-1.217,1160.463,2290.351,1129.888,29.0,-0.826,-1294.564,215.199,-318.903,2.131,32.449,160.057,753.011,0.311,-48.174,-58.644,-23.859,-55.302,9.0,-33.808,269.0,79.0,45.506,-53.176,0.677,-2.239,24.656,44.752,172.703,0.643,-1.719,-65.314,-2.72,-111.538,0.639,temp_g22_06_0001,run12_g22_g22_17,bi-obj/run12/g22/g22_17.pdb.sc
-481.689,-1.791,-53.69,-2.474,-43.047,-1.984,1091.836,2169.966,1078.131,24.0,-0.942,-1265.944,205.256,-333.141,2.048,30.189,138.902,747.591,0.282,-55.116,-65.775,-22.29,-57.866,11.0,-32.902,269.0,77.0,36.778,-54.113,0.711,-2.468,33.212,40.588,171.247,0.686,-2.3,-85.083,-2.624,-104.961,0.588,temp_g22_13_0001,run12_g22_g22_18,bi-obj/run12/g22/g22_18.pdb.sc
-466.186,-1.733,-50.326,-2.193,-42.686,-1.86,1198.848,2295.021,1096.173,32.0,-1.893,-1283.03,200.628,-310.364,2.204,32.744,138.298,726.584,0.151,-43.326,-62.559,-21.376,-57.607,7.0,-35.694,269.0,76.0,45.495,-49.853,0.731,-2.563,32.233,39.532,181.151,0.64,-2.588,-95.77,-2.54,-99.051,0.647,temp_g21_20_0001,run12_g22_g22_19,bi-obj/run12/g22/g22_19.pdb.sc
-502.323,-1.867,-57.13,-2.518,-49.496,-2.181,1131.627,2269.174,1137.547,22.0,-1.758,-1283.647,196.987,-332.235,2.205,29.503,144.087,739.855,0.285,-51.37,-65.926,-28.533,-58.237,13.0,-34.033,269.0,76.0,37.203,-47.011,0.705,-2.841,28.186,40.822,180.889,0.686,-2.617,-96.822,-3.053,-119.074,0.691,temp_g22_02_0001,run12_g22_g22_2,bi-obj/run12/g22/g22_2.pdb.sc
-505.774,-1.88,-62.466,-2.873,-55.283,-2.543,1170.896,2174.226,1003.33,21.0,-2.031,-1266.386,194.269,-323.867,2.119,29.989,133.375,730.236,0.225,-48.701,-65.897,-22.242,-59.409,12.0,-35.107,269.0,79.0,35.296,-52.291,0.647,-2.822,26.818,40.281,177.002,0.635,-2.941,-105.86,-2.723,-117.068,0.771,temp_g18_06_0001,run12_g22_g22_20,bi-obj/run12/g22/g22_20.pdb.sc
-509.343,-1.893,-55.023,-2.511,-47.893,-2.186,1171.031,2191.052,1020.021,31.0,-1.099,-1307.248,200.619,-337.829,2.228,30.459,145.258,765.095,0.219,-51.611,-63.507,-23.702,-59.072,10.0,-34.41,269.0,78.0,39.315,-50.615,0.738,-2.89,25.62,38.308,172.266,0.698,-2.813,-104.075,-2.96,-121.37,0.581,temp_g20_03_0001,run12_g22_g22_21,bi-obj/run12/g22/g22_21.pdb.sc
-441.654,-1.642,-47.834,-2.122,-37.068,-1.644,1169.464,2254.32,1084.856,37.0,-1.893,-1287.897,205.827,-307.85,2.207,32.779,146.88,730.766,0.174,-42.934,-62.489,-22.249,-55.722,7.0,-34.767,269.0,76.0,49.71,-50.428,0.7,-2.303,32.233,42.343,181.151,0.645,-2.089,-77.303,-2.505,-97.702,0.677,temp_g19_03_0001,run12_g22_g22_22,bi-obj/run12/g22/g22_22.pdb.sc
-446.464,-1.66,-52.117,-2.233,-37.538,-1.608,1229.225,2333.768,1104.543,36.0,-1.893,-1298.178,209.073,-307.765,2.233,32.936,150.132,732.374,0.172,-43.169,-61.976,-22.162,-55.67,7.0,-35.092,269.0,77.0,48.641,-51.519,0.627,-2.355,32.089,41.87,180.935,0.654,-2.161,-82.112,-2.543,-99.189,0.678,temp_g20_23_0001,run12_g22_g22_23,bi-obj/run12/g22/g22_23.pdb.sc
-442.079,-1.643,-48.242,-2.132,-36.044,-1.593,1178.732,2262.73,1083.998,37.0,-1.893,-1288.239,205.714,-307.894,2.208,32.784,147.057,730.859,0.179,-42.931,-62.403,-22.216,-55.69,7.0,-34.985,269.0,76.0,49.609,-50.455,0.682,-2.306,32.233,42.334,181.151,0.644,-2.096,-77.567,-2.504,-97.672,0.679,temp_g22_23_0001,run12_g22_g22_24,bi-obj/run12/g22/g22_24.pdb.sc
-512.296,-1.904,-60.962,-2.886,-54.283,-2.57,1178.461,2112.364,933.903,16.0,-1.895,-1263.494,191.909,-331.567,2.104,29.196,134.477,730.958,0.22,-52.427,-65.004,-23.926,-59.335,12.0,-34.174,269.0,76.0,35.146,-53.301,0.688,-2.989,27.837,39.895,180.544,0.65,-2.921,-105.146,-3.051,-122.031,0.761,temp_g22_01_0001,run12_g22_g22_3,bi-obj/run12/g22/g22_3.pdb.sc
-483.754,-1.798,-59.417,-2.688,-51.116,-2.312,1186.776,2210.796,1024.02,19.0,-1.79,-1277.527,195.891,-313.597,2.322,30.365,136.589,719.892,0.212,-52.536,-62.512,-21.231,-57.435,12.0,-34.665,269.0,76.0,38.591,-48.591,0.688,-2.525,36.447,41.817,183.591,0.722,-2.506,-92.725,-2.543,-99.188,0.624,temp_g21_07_0001,run12_g22_g22_4,bi-obj/run12/g22/g22_4.pdb.sc
-472.514,-1.757,-55.495,-2.588,-49.727,-2.319,1032.278,2144.046,1111.768,23.0,-0.942,-1256.564,192.857,-315.068,2.067,29.414,135.86,733.636,0.245,-52.045,-64.292,-20.653,-59.07,13.0,-35.629,269.0,78.0,35.265,-51.957,0.615,-2.339,37.663,41.567,174.774,0.696,-2.359,-89.64,-2.321,-92.824,0.602,temp_g21_00_0001,run12_g22_g22_5,bi-obj/run12/g22/g22_5.pdb.sc
-488.339,-1.815,-60.538,-2.763,-54.261,-2.477,1135.802,2191.016,1055.214,20.0,-1.827,-1284.142,198.813,-310.889,2.373,30.469,140.942,721.557,0.232,-52.169,-63.262,-22.775,-57.411,13.0,-34.994,269.0,74.0,41.252,-49.811,0.7,-2.57,30.592,38.899,183.375,0.689,-2.464,-88.721,-2.67,-101.447,0.668,temp_g22_03_0001,run12_g22_g22_6,bi-obj/run12/g22/g22_6.pdb.sc
-508.258,-1.889,-62.075,-2.835,-53.573,-2.447,1167.214,2189.569,1022.355,18.0,-1.884,-1262.309,194.499,-329.107,2.109,29.526,133.719,728.798,0.239,-50.638,-65.259,-22.806,-59.419,13.0,-34.811,269.0,79.0,35.047,-53.068,0.706,-2.955,27.841,40.326,178.406,0.623,-2.91,-104.776,-2.992,-128.658,0.771,temp_g20_20_0001,run12_g22_g22_7,bi-obj/run12/g22/g22_7.pdb.sc
-448.818,-1.668,-52.121,-2.237,-37.62,-1.615,1227.173,2329.721,1102.548,36.0,-1.893,-1302.982,210.708,-312.258,2.241,33.159,151.054,737.217,0.172,-44.199,-61.989,-24.096,-55.732,7.0,-34.579,269.0,77.0,49.062,-51.902,0.676,-2.363,32.089,41.215,183.392,0.654,-2.158,-81.999,-2.562,-99.914,0.678,temp_g22_08_0001,run12_g22_g22_8,bi-obj/run12/g22/g22_8.pdb.sc
-513.193,-1.908,-59.31,-2.641,-54.108,-2.41,1198.935,2245.485,1046.549,29.0,-0.826,-1288.834,199.02,-333.226,2.156,29.73,139.48,760.276,0.215,-53.015,-66.693,-26.822,-58.571,12.0,-34.562,269.0,79.0,41.15,-55.0,0.723,-2.966,23.249,37.299,171.432,0.701,-2.853,-108.42,-3.071,-125.92,0.566,temp_g21_19_0001,run12_g22_g22_9,bi-obj/run12/g22/g22_9.pdb.sc
-471.728,-1.754,-55.475,-2.58,-49.642,-2.309,1045.983,2150.385,1104.403,23.0,-0.942,-1256.042,192.723,-314.843,2.067,29.416,135.588,733.342,0.247,-52.062,-63.975,-20.699,-59.047,13.0,-35.615,269.0,78.0,35.358,-51.893,0.632,-2.337,37.846,41.677,174.774,0.696,-2.352,-89.378,-2.322,-92.881,0.602,temp_g16_16_0001,run12_g23_g23_0,bi-obj/run12/g23/g23_0.pdb.sc
-451.981,-1.68,-44.507,-1.945,-31.422,-1.373,1164.311,2288.011,1123.7,28.0,-0.826,-1274.796,208.909,-319.428,2.094,31.816,144.9,744.116,0.275,-51.891,-59.767,-22.695,-56.479,9.0,-32.462,269.0,80.0,41.683,-48.751,0.731,-2.406,24.343,45.083,171.555,0.68,-2.127,-82.951,-2.671,-109.504,0.616,temp_g23_10_0001,run12_g23_g23_1,bi-obj/run12/g23/g23_1.pdb.sc
-462.273,-1.718,-51.961,-2.234,-40.212,-1.729,1232.171,2325.48,1093.31,30.0,-1.893,-1291.715,208.672,-314.092,2.219,32.595,142.478,737.406,0.16,-44.203,-62.497,-26.066,-57.278,7.0,-33.919,269.0,78.0,44.005,-52.088,0.659,-2.5,32.089,38.829,182.52,0.635,-2.489,-94.578,-2.511,-100.442,0.663,temp_g23_08_0001,run12_g23_g23_10,bi-obj/run12/g23/g23_10.pdb.sc
-504.56,-1.876,-55.268,-2.48,-48.119,-2.159,1190.79,2228.305,1037.515,33.0,-0.826,-1301.411,199.799,-329.508,2.208,30.513,141.541,759.467,0.218,-51.439,-64.095,-25.067,-58.668,10.0,-34.949,269.0,78.0,42.615,-51.142,0.715,-2.865,26.939,37.674,171.216,0.681,-2.777,-102.754,-2.945,-120.733,0.574,temp_g17_13_0001,run12_g23_g23_11,bi-obj/run12/g23/g23_11.pdb.sc
-508.045,-1.889,-55.761,-2.49,-48.948,-2.186,1212.106,2239.203,1027.097,28.0,-0.826,-1295.556,197.311,-330.959,2.193,30.26,139.833,755.852,0.212,-51.385,-63.815,-26.331,-58.669,10.0,-34.191,269.0,78.0,41.563,-51.472,0.719,-2.859,26.939,38.265,172.266,0.666,-2.706,-102.836,-3.005,-120.188,0.677,temp_g23_11_0001,run12_g23_g23_12,bi-obj/run12/g23/g23_12.pdb.sc
-504.795,-1.877,-61.202,-2.824,-53.569,-2.472,1175.674,2166.977,991.303,17.0,-1.899,-1263.79,192.552,-334.504,2.094,29.504,135.705,740.464,0.271,-52.48,-64.985,-22.439,-59.326,14.0,-33.88,269.0,78.0,35.446,-54.908,0.7,-2.955,31.257,39.184,176.446,0.618,-2.89,-106.94,-3.013,-123.523,0.766,temp_g23_16_0001,run12_g23_g23_13,bi-obj/run12/g23/g23_13.pdb.sc
-512.296,-1.904,-60.962,-2.886,-54.283,-2.57,1178.461,2112.364,933.903,16.0,-1.895,-1263.494,191.909,-331.567,2.104,29.196,134.477,730.958,0.22,-52.427,-65.004,-23.926,-59.335,12.0,-34.174,269.0,76.0,35.146,-53.301,0.688,-2.989,27.837,39.895,180.544,0.65,-2.921,-105.146,-3.051,-122.031,0.761,temp_g22_01_0001,run12_g23_g23_14,bi-obj/run12/g23/g23_14.pdb.sc
-502.418,-1.868,-57.127,-2.518,-49.481,-2.181,1130.906,2268.452,1137.547,22.0,-1.751,-1283.639,196.982,-332.262,2.203,29.5,144.063,739.854,0.285,-51.375,-65.897,-28.519,-58.245,13.0,-34.022,269.0,76.0,37.213,-47.011,0.761,-2.842,28.101,40.805,180.889,0.685,-2.617,-96.83,-3.056,-119.184,0.692,temp_g23_02_0001,run12_g23_g23_15,bi-obj/run12/g23/g23_15.pdb.sc
-466.186,-1.733,-50.326,-2.193,-42.686,-1.86,1198.848,2295.021,1096.173,32.0,-1.893,-1283.03,200.628,-310.364,2.204,32.744,138.298,726.584,0.151,-43.326,-62.559,-21.376,-57.607,7.0,-35.694,269.0,76.0,45.495,-49.853,0.731,-2.563,32.233,39.532,181.151,0.64,-2.588,-95.77,-2.54,-99.051,0.647,temp_g21_20_0001,run12_g23_g23_16,bi-obj/run12/g23/g23_16.pdb.sc
-511.84,-1.903,-53.44,-2.441,-48.832,-2.231,1164.84,2189.12,1024.279,32.0,-1.099,-1309.476,200.185,-337.298,2.216,30.46,149.704,766.862,0.286,-51.389,-63.669,-27.677,-59.83,13.0,-34.774,269.0,75.0,39.191,-51.098,0.724,-2.855,25.62,38.456,171.191,0.678,-2.58,-90.311,-3.096,-123.826,0.583,temp_g21_18_0001,run12_g23_g23_17,bi-obj/run12/g23/g23_17.pdb.sc
-442.079,-1.643,-48.242,-2.132,-36.044,-1.593,1178.732,2262.73,1083.998,37.0,-1.893,-1288.239,205.714,-307.894,2.208,32.784,147.057,730.859,0.179,-42.931,-62.403,-22.216,-55.69,7.0,-34.985,269.0,76.0,49.609,-50.455,0.682,-2.306,32.233,42.334,181.151,0.644,-2.096,-77.567,-2.504,-97.672,0.679,temp_g22_23_0001,run12_g23_g23_18,bi-obj/run12/g23/g23_18.pdb.sc
-441.654,-1.642,-47.834,-2.122,-37.068,-1.644,1169.464,2254.32,1084.856,37.0,-1.893,-1287.897,205.827,-307.85,2.207,32.779,146.88,730.766,0.174,-42.934,-62.489,-22.249,-55.722,7.0,-34.767,269.0,76.0,49.71,-50.428,0.7,-2.303,32.233,42.343,181.151,0.645,-2.089,-77.303,-2.505,-97.702,0.677,temp_g19_03_0001,run12_g23_g23_19,bi-obj/run12/g23/g23_19.pdb.sc
-488.339,-1.815,-60.538,-2.763,-54.261,-2.477,1135.802,2191.016,1055.214,20.0,-1.827,-1284.142,198.813,-310.889,2.373,30.469,140.942,721.557,0.232,-52.169,-63.262,-22.775,-57.411,13.0,-34.994,269.0,74.0,41.252,-49.811,0.7,-2.57,30.592,38.899,183.375,0.689,-2.464,-88.721,-2.67,-101.447,0.668,temp_g22_03_0001,run12_g23_g23_2,bi-obj/run12/g23/g23_2.pdb.sc
-469.176,-1.744,-55.385,-2.57,-49.861,-2.314,1062.962,2154.675,1091.713,25.0,-0.942,-1256.618,192.125,-314.534,2.065,29.383,135.71,733.646,0.247,-52.319,-63.85,-20.654,-59.11,12.0,-35.254,269.0,78.0,36.745,-51.979,0.613,-2.317,37.846,42.103,175.861,0.698,-2.348,-89.219,-2.287,-91.48,0.602,temp_g23_00_0001,run12_g23_g23_20,bi-obj/run12/g23/g23_20.pdb.sc
-472.514,-1.757,-55.495,-2.588,-49.727,-2.319,1032.278,2144.046,1111.768,23.0,-0.942,-1256.564,192.857,-315.068,2.067,29.414,135.86,733.636,0.245,-52.045,-64.292,-20.653,-59.07,13.0,-35.629,269.0,78.0,35.265,-51.957,0.615,-2.339,37.663,41.567,174.774,0.696,-2.359,-89.64,-2.321,-92.824,0.602,temp_g21_00_0001,run12_g23_g23_21,bi-obj/run12/g23/g23_21.pdb.sc
-483.754,-1.798,-59.417,-2.688,-51.116,-2.312,1186.776,2210.796,1024.02,19.0,-1.79,-1277.527,195.891,-313.597,2.322,30.365,136.589,719.892,0.212,-52.536,-62.512,-21.231,-57.435,12.0,-34.665,269.0,76.0,38.591,-48.591,0.688,-2.525,36.447,41.817,183.591,0.722,-2.506,-92.725,-2.543,-99.188,0.624,temp_g21_07_0001,run12_g23_g23_22,bi-obj/run12/g23/g23_22.pdb.sc
-487.24,-1.811,-60.616,-2.703,-53.22,-2.373,1186.14,2242.389,1056.25,22.0,-1.747,-1263.755,195.14,-315.131,2.276,29.844,137.217,718.003,0.213,-53.208,-65.266,-21.37,-58.135,12.0,-34.241,269.0,77.0,35.457,-52.736,0.674,-2.583,34.169,41.821,183.807,0.689,-2.468,-91.333,-2.688,-107.522,0.616,temp_g23_04_0001,run12_g23_g23_23,bi-obj/run12/g23/g23_23.pdb.sc
-447.299,-1.663,-56.186,-2.385,-41.85,-1.776,1262.123,2356.163,1094.04,35.0,-1.893,-1300.467,208.84,-307.529,2.244,32.874,151.971,730.416,0.156,-43.264,-59.957,-22.506,-56.956,7.0,-35.605,269.0,79.0,48.332,-52.435,0.693,-2.293,32.089,43.844,182.023,0.664,-2.054,-80.096,-2.527,-101.078,0.68,temp_g23_23_0001,run12_g23_g23_24,bi-obj/run12/g23/g23_24.pdb.sc
-472.051,-1.755,-55.824,-2.6,-50.335,-2.344,1055.238,2147.393,1092.155,21.0,-0.942,-1257.072,192.396,-314.999,2.088,29.417,135.959,734.123,0.254,-52.156,-63.957,-20.675,-59.178,13.0,-35.689,269.0,78.0,35.754,-51.805,0.642,-2.334,37.846,41.465,174.774,0.708,-2.356,-89.536,-2.314,-92.551,0.602,temp_g19_00_0001,run12_g23_g23_3,bi-obj/run12/g23/g23_3.pdb.sc
-501.851,-1.866,-62.218,-2.85,-53.906,-2.469,1149.078,2183.44,1034.363,18.0,-1.899,-1256.873,192.468,-332.476,2.087,29.441,130.708,733.372,0.238,-51.381,-65.202,-22.749,-59.863,13.0,-33.864,269.0,78.0,36.014,-53.634,0.634,-2.897,33.643,40.052,177.534,0.625,-2.917,-105.001,-2.88,-120.942,0.771,temp_g22_07_0001,run12_g23_g23_4,bi-obj/run12/g23/g23_4.pdb.sc
-502.323,-1.867,-57.13,-2.518,-49.496,-2.181,1131.627,2269.174,1137.547,22.0,-1.758,-1283.647,196.987,-332.235,2.205,29.503,144.087,739.855,0.285,-51.37,-65.926,-28.533,-58.237,13.0,-34.033,269.0,76.0,37.203,-47.011,0.705,-2.841,28.186,40.822,180.889,0.686,-2.617,-96.822,-3.053,-119.074,0.691,temp_g22_02_0001,run12_g23_g23_5,bi-obj/run12/g23/g23_5.pdb.sc
-514.739,-1.914,-59.863,-2.655,-54.777,-2.429,1201.993,2254.851,1052.858,29.0,-0.826,-1287.826,199.337,-333.117,2.146,29.588,138.967,759.065,0.214,-53.067,-66.702,-28.858,-58.75,12.0,-34.2,269.0,79.0,41.638,-54.857,0.669,-2.98,23.259,37.464,171.432,0.698,-2.853,-108.412,-3.098,-127.025,0.568,temp_g23_09_0001,run12_g23_g23_6,bi-obj/run12/g23/g23_6.pdb.sc
-513.315,-1.908,-61.36,-2.947,-54.348,-2.61,1182.63,2082.479,899.849,14.0,-1.895,-1258.538,190.114,-330.672,2.096,28.709,134.139,724.908,0.226,-52.553,-64.924,-23.918,-59.4,12.0,-33.602,269.0,75.0,36.563,-55.58,0.696,-3.024,27.837,39.951,182.683,0.654,-2.92,-105.123,-3.12,-121.663,0.767,temp_g23_03_0001,run12_g23_g23_7,bi-obj/run12/g23/g23_7.pdb.sc
-493.371,-1.834,-60.819,-2.77,-54.401,-2.478,1120.786,2195.645,1074.859,16.0,-1.827,-1281.091,197.403,-315.271,2.351,29.95,141.752,719.226,0.235,-52.067,-64.364,-22.282,-57.669,13.0,-34.359,269.0,74.0,40.871,-50.38,0.665,-2.566,30.592,38.702,184.426,0.689,-2.478,-89.197,-2.65,-100.697,0.668,temp_g23_06_0001,run12_g23_g23_8,bi-obj/run12/g23/g23_8.pdb.sc
-502.403,-1.868,-55.04,-2.459,-48.051,-2.146,1195.454,2238.625,1043.171,32.0,-0.826,-1302.421,203.502,-333.468,2.241,30.689,142.338,760.197,0.218,-50.359,-63.959,-27.116,-59.056,11.0,-34.489,269.0,78.0,43.595,-50.782,0.7,-2.855,26.861,37.987,172.088,0.679,-2.757,-102.022,-2.944,-120.689,0.577,temp_g23_14_0001,run12_g23_g23_9,bi-obj/run12/g23/g23_9.pdb.sc
-471.728,-1.754,-55.475,-2.58,-49.642,-2.309,1045.983,2150.385,1104.403,23.0,-0.942,-1256.042,192.723,-314.843,2.067,29.416,135.588,733.342,0.247,-52.062,-63.975,-20.699,-59.047,13.0,-35.615,269.0,78.0,35.358,-51.893,0.632,-2.337,37.846,41.677,174.774,0.696,-2.352,-89.378,-2.322,-92.881,0.602,temp_g16_16_0001,run12_g24_g24_0,bi-obj/run12/g24/g24_0.pdb.sc
-468.311,-1.741,-52.18,-2.246,-37.849,-1.629,1242.225,2323.075,1080.849,29.0,-1.867,-1297.844,210.387,-316.582,2.239,32.78,144.039,741.39,0.169,-44.694,-63.235,-26.378,-57.394,7.0,-34.381,269.0,78.0,40.65,-53.167,0.704,-2.472,36.182,37.467,181.432,0.632,-2.453,-93.196,-2.49,-99.599,0.663,temp_g24_10_0001,run12_g24_g24_1,bi-obj/run12/g24/g24_1.pdb.sc
-501.851,-1.866,-62.218,-2.85,-53.906,-2.469,1149.078,2183.44,1034.363,18.0,-1.899,-1256.873,192.468,-332.476,2.087,29.441,130.708,733.372,0.238,-51.381,-65.202,-22.749,-59.863,13.0,-33.864,269.0,78.0,36.014,-53.634,0.634,-2.897,33.643,40.052,177.534,0.625,-2.917,-105.001,-2.88,-120.942,0.771,temp_g22_07_0001,run12_g24_g24_10,bi-obj/run12/g24/g24_10.pdb.sc
-493.471,-1.834,-60.843,-2.782,-54.47,-2.491,1115.917,2186.901,1070.984,16.0,-1.827,-1281.303,197.362,-315.247,2.352,29.954,141.803,719.19,0.235,-52.027,-64.331,-22.282,-57.647,13.0,-34.434,269.0,74.0,40.861,-50.35,0.711,-2.567,30.592,38.773,184.426,0.691,-2.477,-89.187,-2.652,-100.759,0.665,temp_g24_08_0001,run12_g24_g24_11,bi-obj/run12/g24/g24_11.pdb.sc
-443.974,-1.65,-51.2,-2.264,-39.544,-1.749,1209.455,2261.479,1052.024,38.0,-1.731,-1293.055,206.193,-308.33,2.231,32.913,149.315,734.603,0.237,-46.057,-61.031,-22.182,-56.26,9.0,-34.493,269.0,76.0,50.599,-50.042,0.707,-2.336,30.715,41.883,180.063,0.648,-2.185,-83.033,-2.487,-94.524,0.691,temp_g24_18_0001,run12_g24_g24_12,bi-obj/run12/g24/g24_12.pdb.sc
-513.025,-1.907,-61.897,-2.903,-54.647,-2.563,1164.119,2131.974,967.855,16.0,-1.895,-1262.202,189.879,-326.351,2.085,29.001,133.72,728.113,0.227,-52.848,-65.014,-23.738,-59.403,12.0,-34.889,269.0,76.0,34.678,-53.268,0.696,-3.017,27.837,39.967,180.544,0.65,-2.956,-106.421,-3.071,-122.854,0.761,temp_g24_14_0001,run12_g24_g24_13,bi-obj/run12/g24/g24_13.pdb.sc
-511.84,-1.903,-53.44,-2.441,-48.832,-2.231,1164.84,2189.12,1024.279,32.0,-1.099,-1309.476,200.185,-337.298,2.216,30.46,149.704,766.862,0.286,-51.389,-63.669,-27.677,-59.83,13.0,-34.774,269.0,75.0,39.191,-51.098,0.724,-2.855,25.62,38.456,171.191,0.678,-2.58,-90.311,-3.096,-123.826,0.583,temp_g21_18_0001,run12_g24_g24_14,bi-obj/run12/g24/g24_14.pdb.sc
-441.654,-1.642,-47.834,-2.122,-37.068,-1.644,1169.464,2254.32,1084.856,37.0,-1.893,-1287.897,205.827,-307.85,2.207,32.779,146.88,730.766,0.174,-42.934,-62.489,-22.249,-55.722,7.0,-34.767,269.0,76.0,49.71,-50.428,0.7,-2.303,32.233,42.343,181.151,0.645,-2.089,-77.303,-2.505,-97.702,0.677,temp_g19_03_0001,run12_g24_g24_15,bi-obj/run12/g24/g24_15.pdb.sc
-512.296,-1.904,-60.962,-2.886,-54.283,-2.57,1178.461,2112.364,933.903,16.0,-1.895,-1263.494,191.909,-331.567,2.104,29.196,134.477,730.958,0.22,-52.427,-65.004,-23.926,-59.335,12.0,-34.174,269.0,76.0,35.146,-53.301,0.688,-2.989,27.837,39.895,180.544,0.65,-2.921,-105.146,-3.051,-122.031,0.761,temp_g22_01_0001,run12_g24_g24_16,bi-obj/run12/g24/g24_16.pdb.sc
-483.806,-1.799,-59.393,-2.702,-51.134,-2.326,1181.395,2198.318,1016.922,19.0,-1.79,-1277.766,195.884,-313.56,2.325,30.371,136.627,719.889,0.211,-52.491,-62.469,-21.231,-57.425,12.0,-34.741,269.0,76.0,38.618,-48.558,0.657,-2.525,36.447,41.848,183.591,0.724,-2.506,-92.71,-2.544,-99.199,0.623,temp_g24_22_0001,run12_g24_g24_17,bi-obj/run12/g24/g24_17.pdb.sc
-502.323,-1.867,-57.13,-2.518,-49.496,-2.181,1131.627,2269.174,1137.547,22.0,-1.758,-1283.647,196.987,-332.235,2.205,29.503,144.087,739.855,0.285,-51.37,-65.926,-28.533,-58.237,13.0,-34.033,269.0,76.0,37.203,-47.011,0.705,-2.841,28.186,40.822,180.889,0.686,-2.617,-96.822,-3.053,-119.074,0.691,temp_g22_02_0001,run12_g24_g24_18,bi-obj/run12/g24/g24_18.pdb.sc
-433.377,-1.611,-56.584,-2.439,-43.021,-1.854,1236.031,2320.159,1084.128,37.0,-1.882,-1288.282,206.243,-308.589,2.219,32.673,148.722,729.179,0.152,-45.626,-60.248,-22.519,-57.212,7.0,-35.065,269.0,78.0,50.591,-51.321,0.695,-2.282,40.785,44.044,182.239,0.665,-2.162,-82.15,-2.396,-95.821,0.671,temp_g24_24_0001,run12_g24_g24_19,bi-obj/run12/g24/g24_19.pdb.sc
-472.431,-1.756,-55.189,-2.561,-48.705,-2.26,1064.944,2154.816,1089.873,21.0,-0.947,-1255.898,192.572,-315.192,2.066,29.378,135.3,733.523,0.252,-52.069,-64.098,-20.698,-59.064,13.0,-35.421,269.0,78.0,35.584,-52.0,0.653,-2.34,37.592,41.561,174.774,0.693,-2.352,-89.374,-2.33,-93.184,0.604,temp_g24_00_0001,run12_g24_g24_2,bi-obj/run12/g24/g24_2.pdb.sc
-488.339,-1.815,-60.538,-2.763,-54.261,-2.477,1135.802,2191.016,1055.214,20.0,-1.827,-1284.142,198.813,-310.889,2.373,30.469,140.942,721.557,0.232,-52.169,-63.262,-22.775,-57.411,13.0,-34.994,269.0,74.0,41.252,-49.811,0.7,-2.57,30.592,38.899,183.375,0.689,-2.464,-88.721,-2.67,-101.447,0.668,temp_g22_03_0001,run12_g24_g24_20,bi-obj/run12/g24/g24_20.pdb.sc
-442.079,-1.643,-48.242,-2.132,-36.044,-1.593,1178.732,2262.73,1083.998,37.0,-1.893,-1288.239,205.714,-307.894,2.208,32.784,147.057,730.859,0.179,-42.931,-62.403,-22.216,-55.69,7.0,-34.985,269.0,76.0,49.609,-50.455,0.682,-2.306,32.233,42.334,181.151,0.644,-2.096,-77.567,-2.504,-97.672,0.679,temp_g22_23_0001,run12_g24_g24_21,bi-obj/run12/g24/g24_21.pdb.sc
-473.917,-1.762,-50.669,-2.216,-42.797,-1.872,1206.103,2286.708,1080.604,31.0,-1.893,-1277.998,197.834,-318.601,2.188,32.17,138.191,727.67,0.149,-44.821,-62.819,-21.098,-57.577,7.0,-35.048,269.0,76.0,44.829,-50.642,0.734,-2.58,32.233,38.616,182.202,0.636,-2.59,-95.848,-2.57,-100.22,0.647,temp_g24_16_0001,run12_g24_g24_22,bi-obj/run12/g24/g24_22.pdb.sc
-446.174,-1.659,-48.69,-2.178,-37.979,-1.699,1153.212,2235.218,1082.006,34.0,-1.893,-1286.61,205.66,-310.515,2.205,32.791,147.918,734.735,0.168,-46.013,-62.35,-22.301,-55.772,7.0,-34.391,269.0,76.0,46.793,-49.88,0.725,-2.301,32.233,42.334,178.219,0.653,-2.105,-77.886,-2.487,-96.98,0.663,temp_g24_19_0001,run12_g24_g24_23,bi-obj/run12/g24/g24_23.pdb.sc
-483.754,-1.798,-59.417,-2.688,-51.116,-2.312,1186.776,2210.796,1024.02,19.0,-1.79,-1277.527,195.891,-313.597,2.322,30.365,136.589,719.892,0.212,-52.536,-62.512,-21.231,-57.435,12.0,-34.665,269.0,76.0,38.591,-48.591,0.688,-2.525,36.447,41.817,183.591,0.722,-2.506,-92.725,-2.543,-99.188,0.624,temp_g21_07_0001,run12_g24_g24_24,bi-obj/run12/g24/g24_24.pdb.sc
-502.854,-1.869,-54.65,-2.452,-47.655,-2.138,1176.394,2229.149,1052.755,33.0,-0.826,-1302.085,203.658,-333.472,2.242,30.704,142.021,759.928,0.22,-50.372,-64.052,-27.105,-59.027,11.0,-34.493,269.0,78.0,43.221,-50.988,0.677,-2.866,27.413,37.716,172.088,0.674,-2.771,-102.535,-2.951,-120.986,0.577,temp_g24_09_0001,run12_g24_g24_3,bi-obj/run12/g24/g24_3.pdb.sc
-502.014,-1.866,-60.121,-2.882,-51.544,-2.471,1245.562,2086.38,840.819,15.0,-1.836,-1264.507,192.762,-330.647,2.185,28.774,137.061,729.774,0.244,-53.333,-65.03,-24.162,-59.523,12.0,-33.398,269.0,75.0,36.762,-54.556,0.695,-2.989,36.396,38.889,181.595,0.691,-2.864,-103.087,-3.105,-121.097,0.78,temp_g24_07_0001,run12_g24_g24_4,bi-obj/run12/g24/g24_4.pdb.sc
-487.24,-1.811,-60.616,-2.703,-53.22,-2.373,1186.14,2242.389,1056.25,22.0,-1.747,-1263.755,195.14,-315.131,2.276,29.844,137.217,718.003,0.213,-53.208,-65.266,-21.37,-58.135,12.0,-34.241,269.0,77.0,35.457,-52.736,0.674,-2.583,34.169,41.821,183.807,0.689,-2.468,-91.333,-2.688,-107.522,0.616,temp_g23_04_0001,run12_g24_g24_5,bi-obj/run12/g24/g24_5.pdb.sc
-459.883,-1.71,-48.902,-2.161,-37.055,-1.637,1137.058,2262.972,1125.915,27.0,-0.826,-1282.705,208.476,-324.628,2.215,32.054,148.744,747.556,0.305,-54.562,-60.109,-23.539,-56.685,11.0,-32.36,269.0,80.0,39.303,-47.511,0.69,-2.489,28.866,44.701,170.468,0.693,-2.478,-96.63,-2.499,-102.453,0.66,temp_g24_01_0001,run12_g24_g24_6,bi-obj/run12/g24/g24_6.pdb.sc
-502.403,-1.868,-55.04,-2.459,-48.051,-2.146,1195.454,2238.625,1043.171,32.0,-0.826,-1302.421,203.502,-333.468,2.241,30.689,142.338,760.197,0.218,-50.359,-63.959,-27.116,-59.056,11.0,-34.489,269.0,78.0,43.595,-50.782,0.7,-2.855,26.861,37.987,172.088,0.679,-2.757,-102.022,-2.944,-120.689,0.577,temp_g23_14_0001,run12_g24_g24_7,bi-obj/run12/g24/g24_7.pdb.sc
-451.981,-1.68,-44.507,-1.945,-31.422,-1.373,1164.311,2288.011,1123.7,28.0,-0.826,-1274.796,208.909,-319.428,2.094,31.816,144.9,744.116,0.275,-51.891,-59.767,-22.695,-56.479,9.0,-32.462,269.0,80.0,41.683,-48.751,0.731,-2.406,24.343,45.083,171.555,0.68,-2.127,-82.951,-2.671,-109.504,0.616,temp_g23_10_0001,run12_g24_g24_8,bi-obj/run12/g24/g24_8.pdb.sc
-472.514,-1.757,-55.495,-2.588,-49.727,-2.319,1032.278,2144.046,1111.768,23.0,-0.942,-1256.564,192.857,-315.068,2.067,29.414,135.86,733.636,0.245,-52.045,-64.292,-20.653,-59.07,13.0,-35.629,269.0,78.0,35.265,-51.957,0.615,-2.339,37.663,41.567,174.774,0.696,-2.359,-89.64,-2.321,-92.824,0.602,temp_g21_00_0001,run12_g24_g24_9,bi-obj/run12/g24/g24_9.pdb.sc
-471.728,-1.754,-55.475,-2.58,-49.642,-2.309,1045.983,2150.385,1104.403,23.0,-0.942,-1256.042,192.723,-314.843,2.067,29.416,135.588,733.342,0.247,-52.062,-63.975,-20.699,-59.047,13.0,-35.615,269.0,78.0,35.358,-51.893,0.632,-2.337,37.846,41.677,174.774,0.696,-2.352,-89.378,-2.322,-92.881,0.602,temp_g16_16_0001,run12_g25_g25_0,bi-obj/run12/g25/g25_0.pdb.sc
-487.24,-1.811,-60.616,-2.703,-53.22,-2.373,1186.14,2242.389,1056.25,22.0,-1.747,-1263.755,195.14,-315.131,2.276,29.844,137.217,718.003,0.213,-53.208,-65.266,-21.37,-58.135,12.0,-34.241,269.0,77.0,35.457,-52.736,0.674,-2.583,34.169,41.821,183.807,0.689,-2.468,-91.333,-2.688,-107.522,0.616,temp_g23_04_0001,run12_g25_g25_1,bi-obj/run12/g25/g25_1.pdb.sc
-472.441,-1.756,-55.685,-2.598,-49.684,-2.318,1040.497,2143.237,1102.74,21.0,-0.942,-1256.968,192.855,-315.094,2.067,29.413,135.94,733.979,0.247,-52.162,-64.386,-20.66,-59.046,13.0,-35.605,269.0,78.0,35.379,-51.776,0.641,-2.339,37.663,41.506,174.774,0.697,-2.362,-89.774,-2.318,-92.705,0.625,temp_g25_09_0001,run12_g25_g25_10,bi-obj/run12/g25/g25_10.pdb.sc
-501.851,-1.866,-62.218,-2.85,-53.906,-2.469,1149.078,2183.44,1034.363,18.0,-1.899,-1256.873,192.468,-332.476,2.087,29.441,130.708,733.372,0.238,-51.381,-65.202,-22.749,-59.863,13.0,-33.864,269.0,78.0,36.014,-53.634,0.634,-2.897,33.643,40.052,177.534,0.625,-2.917,-105.001,-2.88,-120.942,0.771,temp_g22_07_0001,run12_g25_g25_11,bi-obj/run12/g25/g25_11.pdb.sc
-493.471,-1.834,-60.843,-2.782,-54.47,-2.491,1115.917,2186.901,1070.984,16.0,-1.827,-1281.303,197.362,-315.247,2.352,29.954,141.803,719.19,0.235,-52.027,-64.331,-22.282,-57.647,13.0,-34.434,269.0,74.0,40.861,-50.35,0.711,-2.567,30.592,38.773,184.426,0.691,-2.477,-89.187,-2.652,-100.759,0.665,temp_g24_08_0001,run12_g25_g25_12,bi-obj/run12/g25/g25_12.pdb.sc
-497.555,-1.85,-60.359,-2.757,-51.641,-2.359,1184.262,2189.332,1005.069,17.0,-1.862,-1262.756,192.743,-331.727,2.095,29.523,133.61,738.114,0.261,-52.141,-64.899,-23.213,-59.828,13.0,-33.481,269.0,77.0,35.905,-52.394,0.625,-2.862,36.903,38.615,176.446,0.65,-2.816,-98.543,-2.901,-121.858,0.793,temp_g25_10_0001,run12_g25_g25_13,bi-obj/run12/g25/g25_13.pdb.sc
-473.917,-1.762,-50.669,-2.216,-42.797,-1.872,1206.103,2286.708,1080.604,31.0,-1.893,-1277.998,197.834,-318.601,2.188,32.17,138.191,727.67,0.149,-44.821,-62.819,-21.098,-57.577,7.0,-35.048,269.0,76.0,44.829,-50.642,0.734,-2.58,32.233,38.616,182.202,0.636,-2.59,-95.848,-2.57,-100.22,0.647,temp_g24_16_0001,run12_g25_g25_14,bi-obj/run12/g25/g25_14.pdb.sc
-511.84,-1.903,-53.44,-2.441,-48.832,-2.231,1164.84,2189.12,1024.279,32.0,-1.099,-1309.476,200.185,-337.298,2.216,30.46,149.704,766.862,0.286,-51.389,-63.669,-27.677,-59.83,13.0,-34.774,269.0,75.0,39.191,-51.098,0.724,-2.855,25.62,38.456,171.191,0.678,-2.58,-90.311,-3.096,-123.826,0.583,temp_g21_18_0001,run12_g25_g25_15,bi-obj/run12/g25/g25_15.pdb.sc
-478.488,-1.779,-55.586,-2.581,-49.887,-2.316,1031.958,2153.802,1121.844,21.0,-0.942,-1258.046,192.752,-322.637,2.066,29.43,136.249,738.289,0.246,-52.021,-64.131,-20.802,-59.106,13.0,-35.087,269.0,78.0,35.262,-52.682,0.618,-2.354,37.846,40.785,173.686,0.694,-2.347,-89.188,-2.361,-94.444,0.602,temp_g25_00_0001,run12_g25_g25_16,bi-obj/run12/g25/g25_16.pdb.sc
-468.311,-1.741,-52.18,-2.246,-37.849,-1.629,1242.225,2323.075,1080.849,29.0,-1.867,-1297.844,210.387,-316.582,2.239,32.78,144.039,741.39,0.169,-44.694,-63.235,-26.378,-57.394,7.0,-34.381,269.0,78.0,40.65,-53.167,0.704,-2.472,36.182,37.467,181.432,0.632,-2.453,-93.196,-2.49,-99.599,0.663,temp_g24_10_0001,run12_g25_g25_17,bi-obj/run12/g25/g25_17.pdb.sc
-489.279,-1.819,-57.612,-2.629,-51.148,-2.334,1159.814,2191.547,1031.733,20.0,-1.79,-1285.48,198.115,-314.338,2.357,30.437,142.082,723.083,0.242,-52.799,-61.934,-22.78,-56.956,13.0,-34.473,269.0,75.0,38.174,-49.458,0.73,-2.58,32.04,41.318,182.503,0.715,-2.381,-85.715,-2.763,-107.759,0.623,temp_g25_17_0001,run12_g25_g25_18,bi-obj/run12/g25/g25_18.pdb.sc
-502.323,-1.867,-57.13,-2.518,-49.496,-2.181,1131.627,2269.174,1137.547,22.0,-1.758,-1283.647,196.987,-332.235,2.205,29.503,144.087,739.855,0.285,-51.37,-65.926,-28.533,-58.237,13.0,-34.033,269.0,76.0,37.203,-47.011,0.705,-2.841,28.186,40.822,180.889,0.686,-2.617,-96.822,-3.053,-119.074,0.691,temp_g22_02_0001,run12_g25_g25_19,bi-obj/run12/g25/g25_19.pdb.sc
-516.825,-1.921,-62.136,-2.943,-55.476,-2.628,1156.738,2111.051,954.313,15.0,-1.895,-1270.934,192.161,-333.596,2.102,29.31,137.252,736.651,0.226,-53.911,-64.832,-24.271,-59.512,13.0,-34.025,269.0,76.0,35.864,-54.006,0.678,-3.044,27.837,38.773,179.456,0.673,-2.887,-103.944,-3.185,-127.408,0.751,temp_g25_16_0001,run12_g25_g25_2,bi-obj/run12/g25/g25_2.pdb.sc
-504.641,-1.876,-60.611,-2.916,-52.128,-2.508,1217.176,2078.231,861.055,15.0,-1.836,-1267.03,192.561,-331.066,2.188,28.805,137.442,731.82,0.249,-53.518,-65.859,-24.744,-59.513,12.0,-33.173,269.0,75.0,36.596,-54.424,0.673,-3.007,35.776,38.959,181.595,0.691,-2.869,-103.301,-3.135,-122.26,0.78,temp_g25_04_0001,run12_g25_g25_20,bi-obj/run12/g25/g25_20.pdb.sc
-493.101,-1.833,-61.333,-2.822,-55.14,-2.537,1075.648,2173.531,1097.883,15.0,-1.903,-1275.484,197.445,-319.684,2.225,29.946,137.57,725.267,0.234,-53.82,-64.364,-22.204,-58.051,13.0,-34.061,269.0,73.0,37.303,-51.178,0.706,-2.37,37.332,38.452,181.493,0.688,-2.296,-80.349,-2.439,-92.667,0.617,temp_g25_11_0001,run12_g25_g25_21,bi-obj/run12/g25/g25_21.pdb.sc
-454.589,-1.69,-58.584,-2.473,-49.644,-2.096,1273.717,2368.49,1094.773,38.0,-1.882,-1281.602,200.739,-309.477,2.201,32.532,139.63,723.172,0.131,-45.981,-60.4,-20.601,-58.966,7.0,-35.735,269.0,78.0,46.561,-50.529,0.671,-2.513,40.785,40.999,183.327,0.664,-2.638,-100.251,-2.394,-95.766,0.638,temp_g25_19_0001,run12_g25_g25_22,bi-obj/run12/g25/g25_22.pdb.sc
-488.339,-1.815,-60.538,-2.763,-54.261,-2.477,1135.802,2191.016,1055.214,20.0,-1.827,-1284.142,198.813,-310.889,2.373,30.469,140.942,721.557,0.232,-52.169,-63.262,-22.775,-57.411,13.0,-34.994,269.0,74.0,41.252,-49.811,0.7,-2.57,30.592,38.899,183.375,0.689,-2.464,-88.721,-2.67,-101.447,0.668,temp_g22_03_0001,run12_g25_g25_23,bi-obj/run12/g25/g25_23.pdb.sc
-445.307,-1.655,-48.76,-2.188,-36.85,-1.653,1149.874,2228.868,1078.994,34.0,-1.901,-1285.033,204.552,-308.871,2.182,32.268,147.485,733.951,0.173,-45.23,-62.449,-22.29,-55.788,7.0,-34.981,269.0,76.0,46.608,-50.366,0.74,-2.304,33.518,42.349,178.024,0.654,-2.108,-78.002,-2.49,-97.103,0.664,temp_g25_23_0001,run12_g25_g25_24,bi-obj/run12/g25/g25_24.pdb.sc
-502.403,-1.868,-55.04,-2.459,-48.051,-2.146,1195.454,2238.625,1043.171,32.0,-0.826,-1302.421,203.502,-333.468,2.241,30.689,142.338,760.197,0.218,-50.359,-63.959,-27.116,-59.056,11.0,-34.489,269.0,78.0,43.595,-50.782,0.7,-2.855,26.861,37.987,172.088,0.679,-2.757,-102.022,-2.944,-120.689,0.577,temp_g23_14_0001,run12_g25_g25_3,bi-obj/run12/g25/g25_3.pdb.sc
-472.431,-1.756,-55.189,-2.561,-48.705,-2.26,1064.944,2154.816,1089.873,21.0,-0.947,-1255.898,192.572,-315.192,2.066,29.378,135.3,733.523,0.252,-52.069,-64.098,-20.698,-59.064,13.0,-35.421,269.0,78.0,35.584,-52.0,0.653,-2.34,37.592,41.561,174.774,0.693,-2.352,-89.374,-2.33,-93.184,0.604,temp_g24_00_0001,run12_g25_g25_4,bi-obj/run12/g25/g25_4.pdb.sc
-472.514,-1.757,-55.495,-2.588,-49.727,-2.319,1032.278,2144.046,1111.768,23.0,-0.942,-1256.564,192.857,-315.068,2.067,29.414,135.86,733.636,0.245,-52.045,-64.292,-20.653,-59.07,13.0,-35.629,269.0,78.0,35.265,-51.957,0.615,-2.339,37.663,41.567,174.774,0.696,-2.359,-89.64,-2.321,-92.824,0.602,temp_g21_00_0001,run12_g25_g25_5,bi-obj/run12/g25/g25_5.pdb.sc
-502.014,-1.866,-60.121,-2.882,-51.544,-2.471,1245.562,2086.38,840.819,15.0,-1.836,-1264.507,192.762,-330.647,2.185,28.774,137.061,729.774,0.244,-53.333,-65.03,-24.162,-59.523,12.0,-33.398,269.0,75.0,36.762,-54.556,0.695,-2.989,36.396,38.889,181.595,0.691,-2.864,-103.087,-3.105,-121.097,0.78,temp_g24_07_0001,run12_g25_g25_6,bi-obj/run12/g25/g25_6.pdb.sc
-517.131,-1.922,-62.998,-2.963,-56.6,-2.662,1142.743,2126.177,983.433,15.0,-1.895,-1269.819,190.143,-328.423,2.081,29.103,136.689,733.926,0.229,-54.273,-64.864,-24.119,-59.595,13.0,-34.771,269.0,76.0,35.852,-54.008,0.713,-3.066,27.837,38.796,179.456,0.674,-2.922,-105.189,-3.196,-127.843,0.751,temp_g25_13_0001,run12_g25_g25_7,bi-obj/run12/g25/g25_7.pdb.sc
-451.981,-1.68,-44.507,-1.945,-31.422,-1.373,1164.311,2288.011,1123.7,28.0,-0.826,-1274.796,208.909,-319.428,2.094,31.816,144.9,744.116,0.275,-51.891,-59.767,-22.695,-56.479,9.0,-32.462,269.0,80.0,41.683,-48.751,0.731,-2.406,24.343,45.083,171.555,0.68,-2.127,-82.951,-2.671,-109.504,0.616,temp_g23_10_0001,run12_g25_g25_8,bi-obj/run12/g25/g25_8.pdb.sc
-501.574,-1.865,-55.007,-2.457,-48.015,-2.144,1188.488,2239.152,1050.664,32.0,-0.826,-1302.884,203.47,-333.511,2.241,30.689,142.386,760.586,0.218,-50.433,-63.987,-27.265,-59.058,11.0,-34.456,269.0,78.0,44.865,-50.8,0.684,-2.857,26.861,37.881,172.088,0.679,-2.757,-101.996,-2.948,-120.868,0.577,temp_g25_07_0001,run12_g25_g25_9,bi-obj/run12/g25/g25_9.pdb.sc
-471.728,-1.754,-55.475,-2.58,-49.642,-2.309,1045.983,2150.385,1104.403,23.0,-0.942,-1256.042,192.723,-314.843,2.067,29.416,135.588,733.342,0.247,-52.062,-63.975,-20.699,-59.047,13.0,-35.615,269.0,78.0,35.358,-51.893,0.632,-2.337,37.846,41.677,174.774,0.696,-2.352,-89.378,-2.322,-92.881,0.602,temp_g16_16_0001,run12_g26_g26_0,bi-obj/run12/g26/g26_0.pdb.sc
-472.441,-1.756,-55.685,-2.598,-49.684,-2.318,1040.497,2143.237,1102.74,21.0,-0.942,-1256.968,192.855,-315.094,2.067,29.413,135.94,733.979,0.247,-52.162,-64.386,-20.66,-59.046,13.0,-35.605,269.0,78.0,35.379,-51.776,0.641,-2.339,37.663,41.506,174.774,0.697,-2.362,-89.774,-2.318,-92.705,0.625,temp_g25_09_0001,run12_g26_g26_1,bi-obj/run12/g26/g26_1.pdb.sc
-502.014,-1.866,-60.121,-2.882,-51.544,-2.471,1245.562,2086.38,840.819,15.0,-1.836,-1264.507,192.762,-330.647,2.185,28.774,137.061,729.774,0.244,-53.333,-65.03,-24.162,-59.523,12.0,-33.398,269.0,75.0,36.762,-54.556,0.695,-2.989,36.396,38.889,181.595,0.691,-2.864,-103.087,-3.105,-121.097,0.78,temp_g24_07_0001,run12_g26_g26_10,bi-obj/run12/g26/g26_10.pdb.sc
-500.537,-1.861,-60.404,-2.891,-51.844,-2.482,1247.628,2089.186,841.558,15.0,-1.836,-1263.065,192.906,-330.863,2.185,28.841,136.483,731.365,0.243,-53.456,-64.996,-24.021,-59.538,12.0,-33.29,269.0,75.0,36.811,-54.217,0.673,-2.978,36.396,38.825,180.153,0.696,-2.865,-103.154,-3.081,-120.173,0.779,temp_g26_06_0001,run12_g26_g26_11,bi-obj/run12/g26/g26_11.pdb.sc
-488.339,-1.815,-60.538,-2.763,-54.261,-2.477,1135.802,2191.016,1055.214,20.0,-1.827,-1284.142,198.813,-310.889,2.373,30.469,140.942,721.557,0.232,-52.169,-63.262,-22.775,-57.411,13.0,-34.994,269.0,74.0,41.252,-49.811,0.7,-2.57,30.592,38.899,183.375,0.689,-2.464,-88.721,-2.67,-101.447,0.668,temp_g22_03_0001,run12_g26_g26_12,bi-obj/run12/g26/g26_12.pdb.sc
-491.487,-1.827,-61.226,-2.747,-54.143,-2.429,1180.163,2228.664,1048.5,22.0,-1.778,-1258.622,195.089,-314.301,2.243,29.782,133.836,714.684,0.212,-53.218,-66.296,-21.466,-58.404,12.0,-34.461,269.0,74.0,37.163,-52.929,0.664,-2.593,31.409,41.364,183.807,0.687,-2.489,-89.619,-2.691,-102.24,0.611,temp_g26_01_0001,run12_g26_g26_13,bi-obj/run12/g26/g26_13.pdb.sc
-504.641,-1.876,-60.611,-2.916,-52.128,-2.508,1217.176,2078.231,861.055,15.0,-1.836,-1267.03,192.561,-331.066,2.188,28.805,137.442,731.82,0.249,-53.518,-65.859,-24.744,-59.513,12.0,-33.173,269.0,75.0,36.596,-54.424,0.673,-3.007,35.776,38.959,181.595,0.691,-2.869,-103.301,-3.135,-122.26,0.78,temp_g25_04_0001,run12_g26_g26_14,bi-obj/run12/g26/g26_14.pdb.sc
-516.825,-1.921,-62.136,-2.943,-55.476,-2.628,1156.738,2111.051,954.313,15.0,-1.895,-1270.934,192.161,-333.596,2.102,29.31,137.252,736.651,0.226,-53.911,-64.832,-24.271,-59.512,13.0,-34.025,269.0,76.0,35.864,-54.006,0.678,-3.044,27.837,38.773,179.456,0.673,-2.887,-103.944,-3.185,-127.408,0.751,temp_g25_16_0001,run12_g26_g26_15,bi-obj/run12/g26/g26_15.pdb.sc
-501.327,-1.864,-62.206,-2.848,-54.78,-2.508,1150.615,2184.273,1033.659,18.0,-1.899,-1256.934,192.472,-332.413,2.087,29.443,130.747,733.402,0.234,-51.47,-65.22,-22.921,-59.867,13.0,-33.867,269.0,78.0,36.865,-53.608,0.634,-2.898,33.643,39.911,177.534,0.625,-2.916,-104.99,-2.883,-121.086,0.771,temp_g26_11_0001,run12_g26_g26_16,bi-obj/run12/g26/g26_16.pdb.sc
-502.323,-1.867,-57.13,-2.518,-49.496,-2.181,1131.627,2269.174,1137.547,22.0,-1.758,-1283.647,196.987,-332.235,2.205,29.503,144.087,739.855,0.285,-51.37,-65.926,-28.533,-58.237,13.0,-34.033,269.0,76.0,37.203,-47.011,0.705,-2.841,28.186,40.822,180.889,0.686,-2.617,-96.822,-3.053,-119.074,0.691,temp_g22_02_0001,run12_g26_g26_17,bi-obj/run12/g26/g26_17.pdb.sc
-501.786,-1.865,-54.993,-2.457,-47.985,-2.144,1186.951,2238.127,1051.177,34.0,-0.826,-1302.883,203.571,-333.496,2.24,30.681,142.464,760.507,0.218,-50.441,-64.042,-27.254,-59.083,10.0,-34.475,269.0,78.0,44.903,-50.817,0.676,-2.857,26.619,37.879,172.088,0.68,-2.757,-102.014,-2.948,-120.862,0.579,temp_g26_09_0001,run12_g26_g26_18,bi-obj/run12/g26/g26_18.pdb.sc
-457.322,-1.7,-46.983,-2.073,-33.758,-1.49,1126.016,2266.39,1140.375,25.0,-0.826,-1267.073,205.523,-325.974,2.073,30.982,144.16,739.46,0.313,-50.193,-61.05,-22.181,-56.636,11.0,-30.827,269.0,80.0,41.213,-49.868,0.733,-2.394,24.343,45.241,173.694,0.676,-2.15,-83.842,-2.627,-107.712,0.616,temp_g26_08_0001,run12_g26_g26_19,bi-obj/run12/g26/g26_19.pdb.sc
-478.488,-1.779,-55.586,-2.581,-49.887,-2.316,1031.958,2153.802,1121.844,21.0,-0.942,-1258.046,192.752,-322.637,2.066,29.43,136.249,738.289,0.246,-52.021,-64.131,-20.802,-59.106,13.0,-35.087,269.0,78.0,35.262,-52.682,0.618,-2.354,37.846,40.785,173.686,0.694,-2.347,-89.188,-2.361,-94.444,0.602,temp_g25_00_0001,run12_g26_g26_2,bi-obj/run12/g26/g26_2.pdb.sc
-469.919,-1.747,-55.572,-2.578,-49.751,-2.308,1059.013,2155.357,1096.344,23.0,-0.942,-1257.476,192.221,-314.855,2.065,29.378,136.047,734.243,0.246,-52.395,-64.258,-20.618,-59.106,12.0,-35.237,269.0,78.0,36.776,-51.868,0.609,-2.32,37.663,41.958,175.861,0.699,-2.36,-89.668,-2.282,-91.285,0.625,temp_g26_10_0001,run12_g26_g26_20,bi-obj/run12/g26/g26_20.pdb.sc
-451.981,-1.68,-44.507,-1.945,-31.422,-1.373,1164.311,2288.011,1123.7,28.0,-0.826,-1274.796,208.909,-319.428,2.094,31.816,144.9,744.116,0.275,-51.891,-59.767,-22.695,-56.479,9.0,-32.462,269.0,80.0,41.683,-48.751,0.731,-2.406,24.343,45.083,171.555,0.68,-2.127,-82.951,-2.671,-109.504,0.616,temp_g23_10_0001,run12_g26_g26_21,bi-obj/run12/g26/g26_21.pdb.sc
-502.403,-1.868,-55.04,-2.459,-48.051,-2.146,1195.454,2238.625,1043.171,32.0,-0.826,-1302.421,203.502,-333.468,2.241,30.689,142.338,760.197,0.218,-50.359,-63.959,-27.116,-59.056,11.0,-34.489,269.0,78.0,43.595,-50.782,0.7,-2.855,26.861,37.987,172.088,0.679,-2.757,-102.022,-2.944,-120.689,0.577,temp_g23_14_0001,run12_g26_g26_22,bi-obj/run12/g26/g26_22.pdb.sc
-511.84,-1.903,-53.44,-2.441,-48.832,-2.231,1164.84,2189.12,1024.279,32.0,-1.099,-1309.476,200.185,-337.298,2.216,30.46,149.704,766.862,0.286,-51.389,-63.669,-27.677,-59.83,13.0,-34.774,269.0,75.0,39.191,-51.098,0.724,-2.855,25.62,38.456,171.191,0.678,-2.58,-90.311,-3.096,-123.826,0.583,temp_g21_18_0001,run12_g26_g26_23,bi-obj/run12/g26/g26_23.pdb.sc
-462.723,-1.72,-52.966,-2.258,-36.417,-1.552,1258.175,2345.926,1087.751,31.0,-1.868,-1300.213,213.079,-314.84,2.27,32.528,146.149,742.568,0.192,-46.286,-62.613,-24.011,-57.434,7.0,-34.31,269.0,76.0,42.246,-52.183,0.735,-2.382,35.23,35.924,180.344,0.65,-2.259,-83.588,-2.498,-97.441,0.696,temp_g26_17_0001,run12_g26_g26_24,bi-obj/run12/g26/g26_24.pdb.sc
-485.644,-1.805,-61.368,-2.818,-55.373,-2.542,1149.551,2177.995,1028.444,22.0,-1.827,-1283.55,198.213,-309.332,2.397,30.353,141.689,719.514,0.237,-50.232,-61.221,-22.775,-58.48,13.0,-35.392,269.0,74.0,41.421,-51.424,0.72,-2.544,30.592,39.28,184.463,0.695,-2.475,-89.099,-2.61,-99.192,0.666,temp_g26_23_0001,run12_g26_g26_3,bi-obj/run12/g26/g26_3.pdb.sc
-489.279,-1.819,-57.612,-2.629,-51.148,-2.334,1159.814,2191.547,1031.733,20.0,-1.79,-1285.48,198.115,-314.338,2.357,30.437,142.082,723.083,0.242,-52.799,-61.934,-22.78,-56.956,13.0,-34.473,269.0,75.0,38.174,-49.458,0.73,-2.58,32.04,41.318,182.503,0.715,-2.381,-85.715,-2.763,-107.759,0.623,temp_g25_17_0001,run12_g26_g26_4,bi-obj/run12/g26/g26_4.pdb.sc
-517.988,-1.926,-62.795,-2.972,-55.79,-2.64,1163.605,2113.051,949.446,15.0,-1.895,-1270.213,192.087,-334.067,2.095,29.285,136.985,736.361,0.232,-54.308,-64.819,-24.193,-59.586,13.0,-34.027,269.0,76.0,35.463,-53.98,0.71,-3.061,27.837,38.779,179.456,0.673,-2.9,-104.386,-3.206,-128.241,0.751,temp_g26_02_0001,run12_g26_g26_5,bi-obj/run12/g26/g26_5.pdb.sc
-497.555,-1.85,-60.359,-2.757,-51.641,-2.359,1184.262,2189.332,1005.069,17.0,-1.862,-1262.756,192.743,-331.727,2.095,29.523,133.61,738.114,0.261,-52.141,-64.899,-23.213,-59.828,13.0,-33.481,269.0,77.0,35.905,-52.394,0.625,-2.862,36.903,38.615,176.446,0.65,-2.816,-98.543,-2.901,-121.858,0.793,temp_g25_10_0001,run12_g26_g26_6,bi-obj/run12/g26/g26_6.pdb.sc
-487.24,-1.811,-60.616,-2.703,-53.22,-2.373,1186.14,2242.389,1056.25,22.0,-1.747,-1263.755,195.14,-315.131,2.276,29.844,137.217,718.003,0.213,-53.208,-65.266,-21.37,-58.135,12.0,-34.241,269.0,77.0,35.457,-52.736,0.674,-2.583,34.169,41.821,183.807,0.689,-2.468,-91.333,-2.688,-107.522,0.616,temp_g23_04_0001,run12_g26_g26_7,bi-obj/run12/g26/g26_7.pdb.sc
-472.301,-1.756,-50.821,-2.22,-42.891,-1.873,1214.31,2289.64,1075.329,32.0,-1.893,-1276.153,198.094,-318.348,2.182,32.166,137.817,728.645,0.149,-44.93,-62.829,-21.089,-57.605,7.0,-34.846,269.0,76.0,44.835,-50.53,0.709,-2.561,32.233,38.542,180.76,0.637,-2.593,-95.948,-2.53,-98.684,0.647,temp_g26_14_0001,run12_g26_g26_8,bi-obj/run12/g26/g26_8.pdb.sc
-454.589,-1.69,-58.584,-2.473,-49.644,-2.096,1273.717,2368.49,1094.773,38.0,-1.882,-1281.602,200.739,-309.477,2.201,32.532,139.63,723.172,0.131,-45.981,-60.4,-20.601,-58.966,7.0,-35.735,269.0,78.0,46.561,-50.529,0.671,-2.513,40.785,40.999,183.327,0.664,-2.638,-100.251,-2.394,-95.766,0.638,temp_g25_19_0001,run12_g26_g26_9,bi-obj/run12/g26/g26_9.pdb.sc
-471.728,-1.754,-55.475,-2.58,-49.642,-2.309,1045.983,2150.385,1104.403,23.0,-0.942,-1256.042,192.723,-314.843,2.067,29.416,135.588,733.342,0.247,-52.062,-63.975,-20.699,-59.047,13.0,-35.615,269.0,78.0,35.358,-51.893,0.632,-2.337,37.846,41.677,174.774,0.696,-2.352,-89.378,-2.322,-92.881,0.602,temp_g16_16_0001,run12_g27_g27_0,bi-obj/run12/g27/g27_0.pdb.sc
-476.233,-1.77,-55.629,-2.577,-49.785,-2.306,1058.102,2158.568,1100.466,23.0,-0.942,-1259.04,192.306,-322.396,2.063,29.387,136.407,738.864,0.246,-52.288,-64.143,-20.758,-59.174,12.0,-34.669,269.0,78.0,36.686,-52.641,0.62,-2.337,37.663,41.044,174.774,0.697,-2.355,-89.507,-2.319,-92.756,0.625,temp_g27_20_0001,run12_g27_g27_1,bi-obj/run12/g27/g27_1.pdb.sc
-503.067,-1.87,-58.94,-2.641,-52.455,-2.35,1196.692,2231.913,1035.221,29.0,-0.826,-1309.411,203.126,-332.585,2.253,30.9,146.295,765.445,0.264,-54.25,-62.329,-25.375,-59.229,12.0,-34.991,269.0,78.0,45.356,-50.612,0.721,-2.896,25.23,36.351,171.0,0.684,-2.846,-105.313,-2.941,-120.572,0.585,temp_g27_18_0001,run12_g27_g27_10,bi-obj/run12/g27/g27_10.pdb.sc
-451.981,-1.68,-44.507,-1.945,-31.422,-1.373,1164.311,2288.011,1123.7,28.0,-0.826,-1274.796,208.909,-319.428,2.094,31.816,144.9,744.116,0.275,-51.891,-59.767,-22.695,-56.479,9.0,-32.462,269.0,80.0,41.683,-48.751,0.731,-2.406,24.343,45.083,171.555,0.68,-2.127,-82.951,-2.671,-109.504,0.616,temp_g23_10_0001,run12_g27_g27_11,bi-obj/run12/g27/g27_11.pdb.sc
-502.323,-1.867,-57.13,-2.518,-49.496,-2.181,1131.627,2269.174,1137.547,22.0,-1.758,-1283.647,196.987,-332.235,2.205,29.503,144.087,739.855,0.285,-51.37,-65.926,-28.533,-58.237,13.0,-34.033,269.0,76.0,37.203,-47.011,0.705,-2.841,28.186,40.822,180.889,0.686,-2.617,-96.822,-3.053,-119.074,0.691,temp_g22_02_0001,run12_g27_g27_12,bi-obj/run12/g27/g27_12.pdb.sc
-464.075,-1.725,-54.005,-2.298,-37.832,-1.61,1260.6,2349.577,1088.977,31.0,-0.826,-1301.857,213.807,-316.397,2.231,32.728,145.851,743.697,0.19,-46.554,-62.609,-23.98,-57.37,7.0,-34.585,269.0,76.0,41.372,-53.181,0.707,-2.389,39.171,35.488,178.241,0.65,-2.187,-78.728,-2.57,-102.806,0.696,temp_g27_24_0001,run12_g27_g27_13,bi-obj/run12/g27/g27_13.pdb.sc
-478.488,-1.779,-55.586,-2.581,-49.887,-2.316,1031.958,2153.802,1121.844,21.0,-0.942,-1258.046,192.752,-322.637,2.066,29.43,136.249,738.289,0.246,-52.021,-64.131,-20.802,-59.106,13.0,-35.087,269.0,78.0,35.262,-52.682,0.618,-2.354,37.846,40.785,173.686,0.694,-2.347,-89.188,-2.361,-94.444,0.602,temp_g25_00_0001,run12_g27_g27_14,bi-obj/run12/g27/g27_14.pdb.sc
-504.641,-1.876,-60.611,-2.916,-52.128,-2.508,1217.176,2078.231,861.055,15.0,-1.836,-1267.03,192.561,-331.066,2.188,28.805,137.442,731.82,0.249,-53.518,-65.859,-24.744,-59.513,12.0,-33.173,269.0,75.0,36.596,-54.424,0.673,-3.007,35.776,38.959,181.595,0.691,-2.869,-103.301,-3.135,-122.26,0.78,temp_g25_04_0001,run12_g27_g27_15,bi-obj/run12/g27/g27_15.pdb.sc
-511.84,-1.903,-53.44,-2.441,-48.832,-2.231,1164.84,2189.12,1024.279,32.0,-1.099,-1309.476,200.185,-337.298,2.216,30.46,149.704,766.862,0.286,-51.389,-63.669,-27.677,-59.83,13.0,-34.774,269.0,75.0,39.191,-51.098,0.724,-2.855,25.62,38.456,171.191,0.678,-2.58,-90.311,-3.096,-123.826,0.583,temp_g21_18_0001,run12_g27_g27_16,bi-obj/run12/g27/g27_16.pdb.sc
-469.919,-1.747,-55.572,-2.578,-49.751,-2.308,1059.013,2155.357,1096.344,23.0,-0.942,-1257.476,192.221,-314.855,2.065,29.378,136.047,734.243,0.246,-52.395,-64.258,-20.618,-59.106,12.0,-35.237,269.0,78.0,36.776,-51.868,0.609,-2.32,37.663,41.958,175.861,0.699,-2.36,-89.668,-2.282,-91.285,0.625,temp_g26_10_0001,run12_g27_g27_17,bi-obj/run12/g27/g27_17.pdb.sc
-485.644,-1.805,-61.368,-2.818,-55.373,-2.542,1149.551,2177.995,1028.444,22.0,-1.827,-1283.55,198.213,-309.332,2.397,30.353,141.689,719.514,0.237,-50.232,-61.221,-22.775,-58.48,13.0,-35.392,269.0,74.0,41.421,-51.424,0.72,-2.544,30.592,39.28,184.463,0.695,-2.475,-89.099,-2.61,-99.192,0.666,temp_g26_23_0001,run12_g27_g27_18,bi-obj/run12/g27/g27_18.pdb.sc
-516.443,-1.92,-62.166,-2.941,-55.704,-2.635,1171.945,2114.024,942.079,15.0,-1.88,-1270.283,192.151,-333.229,2.103,29.301,136.885,736.147,0.225,-53.905,-64.97,-24.265,-59.57,13.0,-34.082,269.0,76.0,36.095,-54.022,0.695,-3.045,28.179,38.695,179.456,0.675,-2.889,-103.988,-3.186,-127.447,0.751,temp_g27_15_0001,run12_g27_g27_19,bi-obj/run12/g27/g27_19.pdb.sc
-491.487,-1.827,-61.226,-2.747,-54.143,-2.429,1180.163,2228.664,1048.5,22.0,-1.778,-1258.622,195.089,-314.301,2.243,29.782,133.836,714.684,0.212,-53.218,-66.296,-21.466,-58.404,12.0,-34.461,269.0,74.0,37.163,-52.929,0.664,-2.593,31.409,41.364,183.807,0.687,-2.489,-89.619,-2.691,-102.24,0.611,temp_g26_01_0001,run12_g27_g27_2,bi-obj/run12/g27/g27_2.pdb.sc
-507.053,-1.885,-57.451,-2.535,-50.318,-2.22,1195.417,2266.503,1071.085,25.0,-1.784,-1278.073,196.601,-331.789,2.179,29.534,139.605,732.789,0.235,-50.818,-66.813,-26.657,-58.246,11.0,-34.184,269.0,77.0,37.25,-47.927,0.705,-2.88,28.186,40.411,181.977,0.671,-2.704,-102.749,-3.051,-118.976,0.706,temp_g27_17_0001,run12_g27_g27_20,bi-obj/run12/g27/g27_20.pdb.sc
-481.737,-1.791,-48.49,-2.15,-37.362,-1.657,1107.586,2255.033,1147.446,19.0,-0.826,-1277.002,204.108,-331.899,2.098,31.136,145.629,744.482,0.315,-51.508,-61.929,-24.969,-57.012,12.0,-30.11,269.0,80.0,35.46,-51.781,0.695,-2.601,27.041,42.078,172.606,0.653,-2.406,-93.816,-2.787,-114.265,0.661,temp_g27_19_0001,run12_g27_g27_21,bi-obj/run12/g27/g27_21.pdb.sc
-517.481,-1.924,-62.892,-2.962,-56.822,-2.677,1173.039,2122.975,949.936,15.0,-1.895,-1270.581,192.261,-334.209,2.094,29.279,137.105,736.411,0.228,-54.213,-64.813,-24.195,-59.592,13.0,-34.08,269.0,76.0,36.073,-53.93,0.69,-3.053,27.837,38.778,179.456,0.674,-2.896,-104.25,-3.194,-127.746,0.733,temp_g27_05_0001,run12_g27_g27_22,bi-obj/run12/g27/g27_22.pdb.sc
-497.555,-1.85,-60.359,-2.757,-51.641,-2.359,1184.262,2189.332,1005.069,17.0,-1.862,-1262.756,192.743,-331.727,2.095,29.523,133.61,738.114,0.261,-52.141,-64.899,-23.213,-59.828,13.0,-33.481,269.0,77.0,35.905,-52.394,0.625,-2.862,36.903,38.615,176.446,0.65,-2.816,-98.543,-2.901,-121.858,0.793,temp_g25_10_0001,run12_g27_g27_23,bi-obj/run12/g27/g27_23.pdb.sc
-499.263,-1.856,-60.286,-2.749,-51.795,-2.362,1169.971,2192.808,1022.837,17.0,-1.872,-1260.807,192.69,-331.277,2.094,29.513,132.497,736.925,0.259,-52.22,-65.103,-23.132,-59.871,13.0,-33.533,269.0,77.0,36.217,-52.476,0.658,-2.868,35.602,38.251,176.446,0.652,-2.826,-98.921,-2.903,-121.911,0.793,temp_g27_06_0001,run12_g27_g27_24,bi-obj/run12/g27/g27_24.pdb.sc
-487.24,-1.811,-60.616,-2.703,-53.22,-2.373,1186.14,2242.389,1056.25,22.0,-1.747,-1263.755,195.14,-315.131,2.276,29.844,137.217,718.003,0.213,-53.208,-65.266,-21.37,-58.135,12.0,-34.241,269.0,77.0,35.457,-52.736,0.674,-2.583,34.169,41.821,183.807,0.689,-2.468,-91.333,-2.688,-107.522,0.616,temp_g23_04_0001,run12_g27_g27_3,bi-obj/run12/g27/g27_3.pdb.sc
-517.988,-1.926,-62.795,-2.972,-55.79,-2.64,1163.605,2113.051,949.446,15.0,-1.895,-1270.213,192.087,-334.067,2.095,29.285,136.985,736.361,0.232,-54.308,-64.819,-24.193,-59.586,13.0,-34.027,269.0,76.0,35.463,-53.98,0.71,-3.061,27.837,38.779,179.456,0.673,-2.9,-104.386,-3.206,-128.241,0.751,temp_g26_02_0001,run12_g27_g27_4,bi-obj/run12/g27/g27_4.pdb.sc
-489.279,-1.819,-57.612,-2.629,-51.148,-2.334,1159.814,2191.547,1031.733,20.0,-1.79,-1285.48,198.115,-314.338,2.357,30.437,142.082,723.083,0.242,-52.799,-61.934,-22.78,-56.956,13.0,-34.473,269.0,75.0,38.174,-49.458,0.73,-2.58,32.04,41.318,182.503,0.715,-2.381,-85.715,-2.763,-107.759,0.623,temp_g25_17_0001,run12_g27_g27_5,bi-obj/run12/g27/g27_5.pdb.sc
-507.681,-1.887,-58.549,-2.824,-51.564,-2.487,1152.141,2072.98,920.839,13.0,-1.836,-1273.594,191.602,-332.653,2.195,28.936,143.698,737.277,0.285,-55.978,-65.846,-24.704,-59.411,13.0,-33.444,269.0,76.0,35.115,-54.928,0.703,-3.015,36.968,37.631,180.507,0.678,-2.864,-103.11,-3.151,-126.049,0.784,temp_g27_14_0001,run12_g27_g27_6,bi-obj/run12/g27/g27_6.pdb.sc
-500.537,-1.861,-60.404,-2.891,-51.844,-2.482,1247.628,2089.186,841.558,15.0,-1.836,-1263.065,192.906,-330.863,2.185,28.841,136.483,731.365,0.243,-53.456,-64.996,-24.021,-59.538,12.0,-33.29,269.0,75.0,36.811,-54.217,0.673,-2.978,36.396,38.825,180.153,0.696,-2.865,-103.154,-3.081,-120.173,0.779,temp_g26_06_0001,run12_g27_g27_7,bi-obj/run12/g27/g27_7.pdb.sc
-502.526,-1.868,-54.993,-2.459,-47.788,-2.137,1193.793,2235.939,1042.146,32.0,-0.826,-1302.211,203.719,-333.538,2.241,30.685,142.415,760.109,0.219,-50.406,-64.065,-27.112,-59.048,11.0,-34.464,269.0,78.0,43.274,-50.791,0.739,-2.854,26.861,37.966,172.088,0.68,-2.755,-101.924,-2.944,-120.723,0.575,temp_g27_22_0001,run12_g27_g27_8,bi-obj/run12/g27/g27_8.pdb.sc
-478.754,-1.78,-55.912,-2.6,-50.244,-2.337,1040.188,2150.202,1110.013,21.0,-0.942,-1259.09,192.441,-322.792,2.086,29.43,136.635,739.074,0.254,-52.123,-64.11,-20.785,-59.238,13.0,-35.159,269.0,78.0,35.679,-52.579,0.648,-2.351,37.846,40.586,173.686,0.706,-2.351,-89.323,-2.352,-94.09,0.602,temp_g27_02_0001,run12_g27_g27_9,bi-obj/run12/g27/g27_9.pdb.sc
-471.728,-1.754,-55.475,-2.58,-49.642,-2.309,1045.983,2150.385,1104.403,23.0,-0.942,-1256.042,192.723,-314.843,2.067,29.416,135.588,733.342,0.247,-52.062,-63.975,-20.699,-59.047,13.0,-35.615,269.0,78.0,35.358,-51.893,0.632,-2.337,37.846,41.677,174.774,0.696,-2.352,-89.378,-2.322,-92.881,0.602,temp_g16_16_0001,run12_g28_g28_0,bi-obj/run12/g28/g28_0.pdb.sc
-503.067,-1.87,-58.94,-2.641,-52.455,-2.35,1196.692,2231.913,1035.221,29.0,-0.826,-1309.411,203.126,-332.585,2.253,30.9,146.295,765.445,0.264,-54.25,-62.329,-25.375,-59.229,12.0,-34.991,269.0,78.0,45.356,-50.612,0.721,-2.896,25.23,36.351,171.0,0.684,-2.846,-105.313,-2.941,-120.572,0.585,temp_g27_18_0001,run12_g28_g28_1,bi-obj/run12/g28/g28_1.pdb.sc
-481.737,-1.791,-48.49,-2.15,-37.362,-1.657,1107.586,2255.033,1147.446,19.0,-0.826,-1277.002,204.108,-331.899,2.098,31.136,145.629,744.482,0.315,-51.508,-61.929,-24.969,-57.012,12.0,-30.11,269.0,80.0,35.46,-51.781,0.695,-2.601,27.041,42.078,172.606,0.653,-2.406,-93.816,-2.787,-114.265,0.661,temp_g27_19_0001,run12_g28_g28_10,bi-obj/run12/g28/g28_10.pdb.sc
-502.526,-1.868,-54.993,-2.459,-47.788,-2.137,1193.793,2235.939,1042.146,32.0,-0.826,-1302.211,203.719,-333.538,2.241,30.685,142.415,760.109,0.219,-50.406,-64.065,-27.112,-59.048,11.0,-34.464,269.0,78.0,43.274,-50.791,0.739,-2.854,26.861,37.966,172.088,0.68,-2.755,-101.924,-2.944,-120.723,0.575,temp_g27_22_0001,run12_g28_g28_11,bi-obj/run12/g28/g28_11.pdb.sc
-497.827,-1.851,-58.474,-2.605,-51.651,-2.301,1127.312,2244.318,1117.006,21.0,-1.798,-1274.975,195.126,-335.714,2.17,29.308,139.635,742.334,0.272,-54.178,-66.011,-28.448,-58.458,13.0,-33.747,269.0,75.0,37.716,-47.401,0.691,-2.78,36.243,39.663,180.017,0.684,-2.606,-93.8,-2.941,-114.705,0.691,temp_g28_12_0001,run12_g28_g28_12,bi-obj/run12/g28/g28_12.pdb.sc
-512.075,-1.904,-54.87,-2.482,-49.645,-2.246,1210.829,2210.468,999.639,30.0,-0.826,-1296.989,199.759,-333.451,2.216,30.038,141.197,753.71,0.211,-50.931,-64.336,-27.218,-58.896,11.0,-34.206,269.0,77.0,42.615,-51.877,0.672,-2.945,26.861,36.556,173.138,0.676,-2.769,-102.465,-3.108,-124.333,0.564,temp_g28_08_0001,run12_g28_g28_13,bi-obj/run12/g28/g28_13.pdb.sc
-486.881,-1.81,-58.342,-2.66,-52.147,-2.378,1180.878,2193.099,1012.221,20.0,-1.79,-1285.044,197.09,-313.19,2.374,30.32,142.713,721.442,0.247,-50.863,-59.921,-22.78,-58.072,13.0,-34.929,269.0,75.0,38.342,-50.94,0.722,-2.564,32.04,42.112,183.591,0.722,-2.39,-86.032,-2.725,-106.26,0.624,temp_g28_05_0001,run12_g28_g28_14,bi-obj/run12/g28/g28_14.pdb.sc
-490.76,-1.824,-61.113,-2.756,-52.744,-2.379,1202.194,2217.131,1014.938,21.0,-1.773,-1262.258,195.457,-315.582,2.241,29.807,134.436,718.176,0.209,-53.122,-65.257,-21.049,-58.278,12.0,-34.246,269.0,76.0,36.071,-52.757,0.65,-2.567,31.004,41.954,183.807,0.698,-2.527,-93.491,-2.605,-101.58,0.608,temp_g28_03_0001,run12_g28_g28_15,bi-obj/run12/g28/g28_15.pdb.sc
-478.754,-1.78,-55.912,-2.6,-50.244,-2.337,1040.188,2150.202,1110.013,21.0,-0.942,-1259.09,192.441,-322.792,2.086,29.43,136.635,739.074,0.254,-52.123,-64.11,-20.785,-59.238,13.0,-35.159,269.0,78.0,35.679,-52.579,0.648,-2.351,37.846,40.586,173.686,0.706,-2.351,-89.323,-2.352,-94.09,0.602,temp_g27_02_0001,run12_g28_g28_16,bi-obj/run12/g28/g28_16.pdb.sc
-500.537,-1.861,-60.404,-2.891,-51.844,-2.482,1247.628,2089.186,841.558,15.0,-1.836,-1263.065,192.906,-330.863,2.185,28.841,136.483,731.365,0.243,-53.456,-64.996,-24.021,-59.538,12.0,-33.29,269.0,75.0,36.811,-54.217,0.673,-2.978,36.396,38.825,180.153,0.696,-2.865,-103.154,-3.081,-120.173,0.779,temp_g26_06_0001,run12_g28_g28_17,bi-obj/run12/g28/g28_17.pdb.sc
-508.811,-1.891,-53.595,-2.451,-48.854,-2.234,1163.622,2186.333,1022.712,32.0,-1.099,-1305.991,201.439,-335.686,2.211,30.483,148.216,764.755,0.286,-51.494,-64.043,-26.191,-59.818,13.0,-35.152,269.0,74.0,39.07,-50.317,0.713,-2.826,25.62,38.85,169.75,0.677,-2.583,-90.398,-3.044,-118.729,0.586,temp_g28_16_0001,run12_g28_g28_18,bi-obj/run12/g28/g28_18.pdb.sc
-476.883,-1.773,-55.868,-2.592,-49.961,-2.318,1052.307,2155.671,1103.363,21.0,-0.942,-1258.964,192.274,-322.573,2.073,29.397,136.73,738.783,0.247,-52.295,-64.223,-20.763,-59.127,13.0,-34.876,269.0,78.0,35.513,-52.515,0.616,-2.329,37.663,41.561,174.774,0.701,-2.353,-89.396,-2.306,-92.241,0.628,temp_g28_01_0001,run12_g28_g28_19,bi-obj/run12/g28/g28_19.pdb.sc
-503.167,-1.871,-61.631,-2.903,-53.012,-2.497,1265.922,2123.207,857.285,15.0,-1.836,-1258.09,190.517,-329.882,2.179,28.435,134.7,726.509,0.246,-53.741,-64.992,-23.764,-59.691,12.0,-33.553,269.0,75.0,35.427,-53.675,0.671,-2.996,36.396,39.827,181.204,0.686,-2.866,-103.182,-3.115,-121.494,0.862,temp_g28_07_0001,run12_g28_g28_2,bi-obj/run12/g28/g28_2.pdb.sc
-464.075,-1.725,-54.005,-2.298,-37.832,-1.61,1260.6,2349.577,1088.977,31.0,-0.826,-1301.857,213.807,-316.397,2.231,32.728,145.851,743.697,0.19,-46.554,-62.609,-23.98,-57.37,7.0,-34.585,269.0,76.0,41.372,-53.181,0.707,-2.389,39.171,35.488,178.241,0.65,-2.187,-78.728,-2.57,-102.806,0.696,temp_g27_24_0001,run12_g28_g28_20,bi-obj/run12/g28/g28_20.pdb.sc
-451.981,-1.68,-44.507,-1.945,-31.422,-1.373,1164.311,2288.011,1123.7,28.0,-0.826,-1274.796,208.909,-319.428,2.094,31.816,144.9,744.116,0.275,-51.891,-59.767,-22.695,-56.479,9.0,-32.462,269.0,80.0,41.683,-48.751,0.731,-2.406,24.343,45.083,171.555,0.68,-2.127,-82.951,-2.671,-109.504,0.616,temp_g23_10_0001,run12_g28_g28_21,bi-obj/run12/g28/g28_21.pdb.sc
-511.84,-1.903,-53.44,-2.441,-48.832,-2.231,1164.84,2189.12,1024.279,32.0,-1.099,-1309.476,200.185,-337.298,2.216,30.46,149.704,766.862,0.286,-51.389,-63.669,-27.677,-59.83,13.0,-34.774,269.0,75.0,39.191,-51.098,0.724,-2.855,25.62,38.456,171.191,0.678,-2.58,-90.311,-3.096,-123.826,0.583,temp_g21_18_0001,run12_g28_g28_22,bi-obj/run12/g28/g28_22.pdb.sc
-478.792,-1.78,-55.794,-2.583,-50.292,-2.328,1042.088,2160.144,1118.056,21.0,-0.942,-1258.94,192.316,-322.723,2.09,29.432,136.645,738.93,0.246,-52.111,-64.082,-20.791,-59.179,13.0,-35.049,269.0,78.0,35.451,-52.645,0.642,-2.351,37.846,40.673,173.686,0.7,-2.35,-89.295,-2.353,-94.11,0.602,temp_g28_14_0001,run12_g28_g28_23,bi-obj/run12/g28/g28_23.pdb.sc
-517.988,-1.926,-62.795,-2.972,-55.79,-2.64,1163.605,2113.051,949.446,15.0,-1.895,-1270.213,192.087,-334.067,2.095,29.285,136.985,736.361,0.232,-54.308,-64.819,-24.193,-59.586,13.0,-34.027,269.0,76.0,35.463,-53.98,0.71,-3.061,27.837,38.779,179.456,0.673,-2.9,-104.386,-3.206,-128.241,0.751,temp_g26_02_0001,run12_g28_g28_24,bi-obj/run12/g28/g28_24.pdb.sc
-502.323,-1.867,-57.13,-2.518,-49.496,-2.181,1131.627,2269.174,1137.547,22.0,-1.758,-1283.647,196.987,-332.235,2.205,29.503,144.087,739.855,0.285,-51.37,-65.926,-28.533,-58.237,13.0,-34.033,269.0,76.0,37.203,-47.011,0.705,-2.841,28.186,40.822,180.889,0.686,-2.617,-96.822,-3.053,-119.074,0.691,temp_g22_02_0001,run12_g28_g28_3,bi-obj/run12/g28/g28_3.pdb.sc
-486.171,-1.807,-61.157,-2.817,-55.174,-2.541,1142.986,2171.063,1028.077,19.0,-1.827,-1283.932,197.804,-310.269,2.407,30.351,141.625,720.015,0.237,-50.246,-61.243,-22.775,-58.362,13.0,-35.341,269.0,74.0,41.515,-51.334,0.712,-2.562,30.592,39.72,184.463,0.695,-2.467,-88.802,-2.652,-100.772,0.666,temp_g28_18_0001,run12_g28_g28_4,bi-obj/run12/g28/g28_4.pdb.sc
-522.592,-1.943,-64.758,-2.974,-58.068,-2.667,1183.38,2177.369,993.988,17.0,-1.862,-1280.481,193.798,-333.289,2.148,30.038,139.031,739.178,0.235,-55.115,-64.282,-24.277,-59.59,14.0,-34.738,269.0,76.0,35.824,-53.954,0.703,-3.099,28.035,36.939,179.24,0.7,-2.911,-104.781,-3.268,-130.738,0.765,temp_g28_04_0001,run12_g28_g28_5,bi-obj/run12/g28/g28_5.pdb.sc
-478.881,-1.78,-56.119,-2.589,-50.596,-2.334,1054.472,2167.565,1113.094,21.0,-0.942,-1259.251,192.401,-322.95,2.096,29.433,136.709,739.244,0.254,-52.156,-64.13,-20.796,-59.279,13.0,-35.144,269.0,78.0,35.722,-52.592,0.63,-2.353,37.846,40.623,173.686,0.706,-2.355,-89.48,-2.352,-94.064,0.602,temp_g28_09_0001,run12_g28_g28_6,bi-obj/run12/g28/g28_6.pdb.sc
-499.769,-1.858,-60.301,-2.745,-51.667,-2.352,1172.02,2196.396,1024.376,17.0,-1.872,-1260.854,192.706,-331.389,2.093,29.514,132.551,736.952,0.26,-52.218,-65.107,-23.129,-59.88,13.0,-33.535,269.0,77.0,36.238,-52.517,0.709,-2.871,35.227,38.212,176.446,0.652,-2.831,-99.08,-2.904,-121.979,0.793,temp_g28_24_0001,run12_g28_g28_7,bi-obj/run12/g28/g28_7.pdb.sc
-499.263,-1.856,-60.286,-2.749,-51.795,-2.362,1169.971,2192.808,1022.837,17.0,-1.872,-1260.807,192.69,-331.277,2.094,29.513,132.497,736.925,0.259,-52.22,-65.103,-23.132,-59.871,13.0,-33.533,269.0,77.0,36.217,-52.476,0.658,-2.868,35.602,38.251,176.446,0.652,-2.826,-98.921,-2.903,-121.911,0.793,temp_g27_06_0001,run12_g28_g28_8,bi-obj/run12/g28/g28_8.pdb.sc
-507.537,-1.887,-57.803,-2.554,-50.652,-2.238,1175.563,2263.096,1087.533,25.0,-1.784,-1279.88,196.449,-332.836,2.178,29.57,139.699,733.728,0.233,-50.995,-65.947,-26.615,-58.186,11.0,-34.206,269.0,77.0,37.171,-47.809,0.692,-2.882,28.186,41.062,181.977,0.68,-2.693,-102.337,-3.067,-119.602,0.702,temp_g28_20_0001,run12_g28_g28_9,bi-obj/run12/g28/g28_9.pdb.sc
-471.728,-1.754,-55.475,-2.58,-49.642,-2.309,1045.983,2150.385,1104.403,23.0,-0.942,-1256.042,192.723,-314.843,2.067,29.416,135.588,733.342,0.247,-52.062,-63.975,-20.699,-59.047,13.0,-35.615,269.0,78.0,35.358,-51.893,0.632,-2.337,37.846,41.677,174.774,0.696,-2.352,-89.378,-2.322,-92.881,0.602,temp_g16_16_0001,run12_g29_g29_0,bi-obj/run12/g29/g29_0.pdb.sc
-464.075,-1.725,-54.005,-2.298,-37.832,-1.61,1260.6,2349.577,1088.977,31.0,-0.826,-1301.857,213.807,-316.397,2.231,32.728,145.851,743.697,0.19,-46.554,-62.609,-23.98,-57.37,7.0,-34.585,269.0,76.0,41.372,-53.181,0.707,-2.389,39.171,35.488,178.241,0.65,-2.187,-78.728,-2.57,-102.806,0.696,temp_g27_24_0001,run12_g29_g29_1,bi-obj/run12/g29/g29_1.pdb.sc
-497.827,-1.851,-58.474,-2.605,-51.651,-2.301,1127.312,2244.318,1117.006,21.0,-1.798,-1274.975,195.126,-335.714,2.17,29.308,139.635,742.334,0.272,-54.178,-66.011,-28.448,-58.458,13.0,-33.747,269.0,75.0,37.716,-47.401,0.691,-2.78,36.243,39.663,180.017,0.684,-2.606,-93.8,-2.941,-114.705,0.691,temp_g28_12_0001,run12_g29_g29_10,bi-obj/run12/g29/g29_10.pdb.sc
-481.737,-1.791,-48.49,-2.15,-37.362,-1.657,1107.586,2255.033,1147.446,19.0,-0.826,-1277.002,204.108,-331.899,2.098,31.136,145.629,744.482,0.315,-51.508,-61.929,-24.969,-57.012,12.0,-30.11,269.0,80.0,35.46,-51.781,0.695,-2.601,27.041,42.078,172.606,0.653,-2.406,-93.816,-2.787,-114.265,0.661,temp_g27_19_0001,run12_g29_g29_11,bi-obj/run12/g29/g29_11.pdb.sc
-503.186,-1.871,-59.331,-2.663,-53.468,-2.4,1212.297,2227.729,1015.432,29.0,-0.826,-1307.706,204.149,-333.3,2.255,30.847,143.696,763.912,0.226,-54.664,-62.617,-23.821,-59.189,10.0,-34.73,269.0,77.0,44.056,-50.162,0.716,-2.842,25.889,37.227,171.0,0.696,-2.788,-100.362,-2.89,-118.509,0.8,temp_g29_11_0001,run12_g29_g29_12,bi-obj/run12/g29/g29_12.pdb.sc
-502.526,-1.868,-54.993,-2.459,-47.788,-2.137,1193.793,2235.939,1042.146,32.0,-0.826,-1302.211,203.719,-333.538,2.241,30.685,142.415,760.109,0.219,-50.406,-64.065,-27.112,-59.048,11.0,-34.464,269.0,78.0,43.274,-50.791,0.739,-2.854,26.861,37.966,172.088,0.68,-2.755,-101.924,-2.944,-120.723,0.575,temp_g27_22_0001,run12_g29_g29_13,bi-obj/run12/g29/g29_13.pdb.sc
-507.537,-1.887,-57.803,-2.554,-50.652,-2.238,1175.563,2263.096,1087.533,25.0,-1.784,-1279.88,196.449,-332.836,2.178,29.57,139.699,733.728,0.233,-50.995,-65.947,-26.615,-58.186,11.0,-34.206,269.0,77.0,37.171,-47.809,0.692,-2.882,28.186,41.062,181.977,0.68,-2.693,-102.337,-3.067,-119.602,0.702,temp_g28_20_0001,run12_g29_g29_14,bi-obj/run12/g29/g29_14.pdb.sc
-507.568,-1.887,-57.795,-2.55,-50.643,-2.234,1185.073,2266.548,1081.474,25.0,-1.784,-1280.407,196.392,-332.788,2.179,29.567,139.771,734.053,0.233,-51.03,-65.851,-26.593,-58.2,11.0,-34.159,269.0,77.0,37.266,-47.881,0.706,-2.881,28.186,41.034,181.977,0.683,-2.693,-102.345,-3.065,-119.52,0.7,temp_g29_09_0001,run12_g29_g29_15,bi-obj/run12/g29/g29_15.pdb.sc
-477.541,-1.775,-55.521,-2.582,-49.433,-2.299,1050.609,2150.066,1099.457,21.0,-0.942,-1258.2,192.174,-322.098,2.072,29.393,136.426,738.447,0.25,-52.314,-64.532,-20.772,-59.422,13.0,-35.047,269.0,77.0,35.915,-52.19,0.634,-2.371,36.72,41.427,174.774,0.7,-2.436,-90.129,-2.31,-92.403,0.628,temp_g29_19_0001,run12_g29_g29_16,bi-obj/run12/g29/g29_16.pdb.sc
-459.081,-1.707,-50.815,-2.279,-37.676,-1.69,1140.533,2229.611,1089.078,25.0,-0.826,-1288.192,210.686,-326.04,2.136,32.828,145.979,749.537,0.287,-51.315,-62.781,-27.488,-56.3,10.0,-32.103,269.0,77.0,43.709,-48.1,0.738,-2.536,34.793,42.421,171.34,0.654,-2.206,-83.833,-2.857,-111.417,0.636,temp_g29_21_0001,run12_g29_g29_17,bi-obj/run12/g29/g29_17.pdb.sc
-488.033,-1.814,-60.826,-2.713,-54.929,-2.45,1194.041,2242.291,1048.25,19.0,-0.826,-1253.12,194.335,-315.781,2.225,29.838,135.289,713.25,0.209,-53.625,-65.007,-21.4,-58.266,12.0,-33.906,269.0,74.0,38.194,-55.701,0.638,-2.564,32.346,42.158,181.35,0.704,-2.549,-89.209,-2.578,-100.543,0.615,temp_g29_15_0001,run12_g29_g29_18,bi-obj/run12/g29/g29_18.pdb.sc
-497.941,-1.851,-58.834,-2.63,-51.989,-2.324,1099.944,2236.837,1136.893,21.0,-1.798,-1276.27,194.889,-336.502,2.17,29.34,139.522,743.047,0.269,-54.282,-65.139,-28.404,-58.472,13.0,-33.746,269.0,75.0,37.724,-47.301,0.696,-2.779,36.243,40.333,180.017,0.692,-2.586,-93.111,-2.956,-115.289,0.689,temp_g29_12_0001,run12_g29_g29_19,bi-obj/run12/g29/g29_19.pdb.sc
-520.969,-1.937,-65.575,-3.024,-58.623,-2.704,1154.803,2168.232,1013.43,19.0,-1.862,-1279.543,193.509,-332.036,2.147,29.925,139.168,736.03,0.24,-53.206,-65.426,-24.368,-59.558,14.0,-34.542,269.0,76.0,36.079,-54.328,0.703,-3.064,28.035,37.913,180.328,0.704,-2.892,-104.118,-3.218,-128.71,0.765,temp_g29_05_0001,run12_g29_g29_2,bi-obj/run12/g29/g29_2.pdb.sc
-501.813,-1.865,-59.443,-2.865,-53.346,-2.572,1178.542,2074.458,895.916,15.0,-1.857,-1254.916,189.245,-333.557,2.14,28.746,133.431,733.89,0.237,-54.631,-65.425,-24.057,-59.99,12.0,-32.44,269.0,74.0,35.92,-54.316,0.675,-2.988,36.636,39.306,179.281,0.689,-2.846,-99.611,-3.116,-121.52,0.779,temp_g29_17_0001,run12_g29_g29_20,bi-obj/run12/g29/g29_20.pdb.sc
-503.167,-1.871,-61.631,-2.903,-53.012,-2.497,1265.922,2123.207,857.285,15.0,-1.836,-1258.09,190.517,-329.882,2.179,28.435,134.7,726.509,0.246,-53.741,-64.992,-23.764,-59.691,12.0,-33.553,269.0,75.0,35.427,-53.675,0.671,-2.996,36.396,39.827,181.204,0.686,-2.866,-103.182,-3.115,-121.494,0.862,temp_g28_07_0001,run12_g29_g29_21,bi-obj/run12/g29/g29_21.pdb.sc
-486.881,-1.81,-58.342,-2.66,-52.147,-2.378,1180.878,2193.099,1012.221,20.0,-1.79,-1285.044,197.09,-313.19,2.374,30.32,142.713,721.442,0.247,-50.863,-59.921,-22.78,-58.072,13.0,-34.929,269.0,75.0,38.342,-50.94,0.722,-2.564,32.04,42.112,183.591,0.722,-2.39,-86.032,-2.725,-106.26,0.624,temp_g28_05_0001,run12_g29_g29_22,bi-obj/run12/g29/g29_22.pdb.sc
-483.854,-1.799,-55.914,-2.582,-46.761,-2.159,1075.037,2165.614,1090.577,21.0,-0.942,-1256.22,190.551,-324.132,2.115,29.582,133.999,736.054,0.278,-52.381,-65.322,-20.825,-59.476,13.0,-34.635,269.0,76.0,34.6,-53.296,0.695,-2.447,40.431,40.633,174.774,0.699,-2.631,-94.725,-2.281,-91.235,0.635,temp_g29_06_0001,run12_g29_g29_23,bi-obj/run12/g29/g29_23.pdb.sc
-516.142,-1.919,-53.707,-2.457,-48.502,-2.219,1199.715,2185.935,986.22,28.0,-1.099,-1304.982,197.938,-336.891,2.199,29.9,148.706,761.469,0.29,-52.021,-63.97,-25.83,-59.782,13.0,-34.5,269.0,75.0,39.596,-52.162,0.671,-2.892,25.62,36.847,172.242,0.678,-2.58,-90.29,-3.164,-126.575,0.577,temp_g29_22_0001,run12_g29_g29_24,bi-obj/run12/g29/g29_24.pdb.sc
-519.462,-1.931,-53.474,-2.443,-48.979,-2.237,1174.251,2189.279,1015.028,30.0,-1.099,-1313.133,204.084,-336.837,2.228,30.501,152.033,767.984,0.317,-52.577,-63.592,-27.58,-59.498,14.0,-34.869,269.0,75.0,36.702,-51.023,0.72,-2.914,19.27,38.703,168.662,0.686,-2.518,-88.144,-3.26,-130.4,0.583,temp_g29_18_0001,run12_g29_g29_3,bi-obj/run12/g29/g29_3.pdb.sc
-503.277,-1.871,-57.361,-2.537,-50.062,-2.214,1124.705,2260.719,1136.015,22.0,-1.758,-1285.035,197.304,-332.817,2.212,29.551,144.26,741.278,0.282,-51.357,-65.32,-28.536,-58.24,13.0,-34.275,269.0,76.0,37.808,-47.444,0.703,-2.852,28.186,40.411,179.801,0.688,-2.608,-96.497,-3.083,-120.248,0.691,temp_g29_03_0001,run12_g29_g29_4,bi-obj/run12/g29/g29_4.pdb.sc
-506.294,-1.882,-60.014,-2.727,-52.731,-2.396,1172.061,2201.133,1029.072,17.0,-0.826,-1250.275,191.64,-332.312,2.051,29.511,129.963,733.795,0.256,-52.547,-65.122,-23.038,-59.713,13.0,-32.754,269.0,77.0,36.767,-56.073,0.712,-2.87,29.498,38.358,173.989,0.638,-2.824,-98.828,-2.909,-122.192,0.793,temp_g29_08_0001,run12_g29_g29_5,bi-obj/run12/g29/g29_5.pdb.sc
-522.592,-1.943,-64.758,-2.974,-58.068,-2.667,1183.38,2177.369,993.988,17.0,-1.862,-1280.481,193.798,-333.289,2.148,30.038,139.031,739.178,0.235,-55.115,-64.282,-24.277,-59.59,14.0,-34.738,269.0,76.0,35.824,-53.954,0.703,-3.099,28.035,36.939,179.24,0.7,-2.911,-104.781,-3.268,-130.738,0.765,temp_g28_04_0001,run12_g29_g29_6,bi-obj/run12/g29/g29_6.pdb.sc
-502.806,-1.869,-61.88,-2.92,-52.89,-2.496,1279.723,2119.343,839.62,13.0,-1.836,-1258.015,190.566,-329.971,2.179,28.418,134.846,726.448,0.246,-53.689,-64.956,-23.772,-59.665,12.0,-33.591,269.0,75.0,35.821,-53.605,0.658,-2.991,36.396,39.555,181.204,0.685,-2.872,-103.387,-3.101,-120.958,0.862,temp_g29_02_0001,run12_g29_g29_7,bi-obj/run12/g29/g29_7.pdb.sc
-482.67,-1.794,-53.985,-2.576,-48.339,-2.307,1008.554,2095.656,1087.101,20.0,-0.942,-1256.139,191.35,-324.305,2.087,29.243,134.135,737.069,0.232,-50.301,-65.245,-20.821,-59.813,12.0,-35.332,269.0,78.0,35.056,-53.107,0.687,-2.376,38.43,40.628,174.736,0.691,-2.405,-91.388,-2.349,-93.959,0.602,temp_g29_16_0001,run12_g29_g29_8,bi-obj/run12/g29/g29_8.pdb.sc
-472.051,-1.755,-55.824,-2.6,-50.335,-2.344,1055.238,2147.393,1092.155,21.0,-0.942,-1257.072,192.396,-314.999,2.088,29.417,135.959,734.123,0.254,-52.156,-63.957,-20.675,-59.178,13.0,-35.689,269.0,78.0,35.754,-51.805,0.655,-2.334,37.846,41.465,174.774,0.708,-2.356,-89.536,-2.314,-92.551,0.602,temp_g29_00_0001,run12_g29_g29_9,bi-obj/run12/g29/g29_9.pdb.sc
-291.863,-1.085,0.518,0.021,28.393,1.174,1209.367,2418.027,1208.66,34.0,-1.903,-1309.748,239.66,-297.487,1.994,31.816,222.138,759.93,-0.243,-33.627,-56.276,-24.698,-52.15,8.0,-36.628,269.0,82.0,76.81,-46.47,0.727,-0.712,2.231,53.66,178.207,0.688,0.037,1.49,-1.425,-59.846,0.678,g0_10_0001,run12_g3_g3_0,bi-obj/run12/g3/g3_0.pdb.sc
-433.691,-1.612,-43.989,-1.925,-35.521,-1.554,1102.691,2285.328,1182.637,20.0,-1.882,-1276.613,216.932,-319.773,2.125,30.458,150.489,747.423,0.23,-46.447,-60.63,-21.223,-55.387,11.0,-35.958,269.0,79.0,51.354,-50.217,0.648,-2.245,16.137,40.976,177.99,0.627,-2.046,-79.792,-2.44,-97.589,0.554,temp_g3_21_0001,run12_g3_g3_1,bi-obj/run12/g3/g3_1.pdb.sc
-444.287,-1.652,-51.122,-2.339,-34.55,-1.581,991.386,2185.232,1193.846,23.0,-1.856,-1296.957,215.596,-325.092,2.152,31.136,153.011,755.469,0.444,-45.138,-63.975,-29.55,-56.185,16.0,-35.875,269.0,74.0,48.088,-48.632,0.741,-2.302,29.759,44.764,178.41,0.674,-1.917,-67.096,-2.648,-103.276,0.586,temp_g3_18_0001,run12_g3_g3_10,bi-obj/run12/g3/g3_10.pdb.sc
-416.695,-1.549,-35.366,-1.583,-19.669,-0.88,1071.751,2234.079,1162.327,25.0,-1.839,-1294.239,227.259,-315.924,2.144,31.549,162.726,750.745,0.434,-41.385,-61.293,-24.559,-54.188,10.0,-36.151,269.0,77.0,58.397,-47.246,0.755,-1.936,2.704,45.632,178.41,0.685,-1.474,-53.057,-2.343,-96.053,0.565,temp_g2_19_0001,run12_g3_g3_11,bi-obj/run12/g3/g3_11.pdb.sc
-434.997,-1.617,-40.604,-1.824,-26.014,-1.169,1093.773,2226.223,1132.45,31.0,-1.844,-1287.117,214.143,-320.334,2.207,31.477,153.89,744.736,0.346,-48.318,-58.301,-25.532,-55.502,11.0,-34.777,269.0,78.0,46.813,-48.665,0.738,-2.214,26.599,46.542,178.41,0.67,-1.896,-72.055,-2.516,-100.659,0.575,temp_g2_17_0001,run12_g3_g3_12,bi-obj/run12/g3/g3_12.pdb.sc
-346.096,-1.287,-6.249,-0.261,16.143,0.674,1223.846,2393.694,1169.848,37.0,-1.844,-1287.024,226.836,-302.248,2.02,31.245,193.428,747.099,-0.323,-38.502,-56.315,-21.14,-52.5,7.0,-34.708,269.0,82.0,63.703,-47.874,0.708,-1.248,1.98,51.829,177.335,0.664,-0.72,-28.07,-1.727,-74.266,0.585,g0_03_0001,run12_g3_g3_13,bi-obj/run12/g3/g3_13.pdb.sc
-432.411,-1.607,-42.582,-1.848,-32.986,-1.432,1106.522,2304.17,1197.648,20.0,-1.882,-1286.758,220.397,-318.892,2.175,31.249,153.94,749.257,0.248,-46.43,-59.917,-20.915,-54.326,10.0,-36.793,269.0,79.0,51.153,-50.139,0.671,-2.237,16.137,41.003,177.774,0.634,-2.038,-79.499,-2.431,-97.223,0.556,temp_g2_01_0001,run12_g3_g3_14,bi-obj/run12/g3/g3_14.pdb.sc
-432.661,-1.608,-42.028,-1.88,-27.179,-1.216,1104.416,2235.438,1131.022,29.0,-1.844,-1282.509,214.587,-318.298,2.177,31.411,151.806,740.692,0.329,-48.559,-58.324,-24.863,-55.6,11.0,-35.215,269.0,78.0,46.297,-47.296,0.745,-2.225,26.599,47.654,178.057,0.664,-1.914,-72.731,-2.52,-100.814,0.569,temp_g3_07_0001,run12_g3_g3_15,bi-obj/run12/g3/g3_15.pdb.sc
-439.151,-1.633,-42.197,-1.822,-25.004,-1.08,1194.292,2315.889,1121.597,26.0,-1.956,-1300.239,221.816,-322.935,2.154,32.6,154.429,751.883,0.312,-40.08,-59.903,-24.429,-55.59,9.0,-35.623,269.0,80.0,57.674,-48.286,0.734,-2.276,9.175,43.056,176.485,0.662,-2.049,-77.854,-2.482,-104.232,0.619,temp_g3_11_0001,run12_g3_g3_16,bi-obj/run12/g3/g3_16.pdb.sc
-445.385,-1.656,-45.207,-2.027,-30.569,-1.37,1106.607,2230.645,1124.038,27.0,-1.808,-1295.377,219.549,-326.191,2.196,32.398,154.048,751.998,0.292,-41.581,-58.628,-27.004,-55.547,10.0,-34.29,269.0,78.0,55.468,-48.456,0.733,-2.279,9.293,41.942,175.976,0.662,-2.059,-78.225,-2.489,-99.563,0.628,temp_g3_23_0001,run12_g3_g3_17,bi-obj/run12/g3/g3_17.pdb.sc
-437.173,-1.625,-41.898,-1.824,-28.762,-1.252,1162.387,2296.436,1134.049,28.0,-1.956,-1299.921,220.641,-324.867,2.139,32.637,155.604,756.14,0.271,-39.995,-59.661,-25.933,-55.606,9.0,-35.194,269.0,81.0,58.432,-48.679,0.71,-2.266,9.175,43.278,175.976,0.671,-2.046,-77.748,-2.461,-105.826,0.615,temp_g2_03_0001,run12_g3_g3_18,bi-obj/run12/g3/g3_18.pdb.sc
-442.448,-1.645,-41.899,-1.757,-33.567,-1.408,1194.185,2384.391,1190.206,30.0,-1.96,-1302.809,220.194,-325.106,2.129,32.903,157.31,759.99,0.291,-44.148,-58.52,-25.824,-56.233,10.0,-35.239,269.0,81.0,54.197,-48.125,0.76,-2.234,9.263,45.078,173.813,0.68,-2.069,-80.683,-2.387,-100.271,0.64,temp_g2_18_0001,run12_g3_g3_19,bi-obj/run12/g3/g3_19.pdb.sc
-363.332,-1.351,-19.033,-0.791,-4.053,-0.168,1172.716,2406.441,1233.725,26.0,-1.882,-1290.314,226.86,-307.355,2.044,31.244,183.834,753.526,1.618,-42.514,-57.967,-18.743,-52.685,9.0,-36.476,269.0,82.0,58.873,-50.512,0.637,-1.532,15.937,45.514,176.699,0.626,-1.096,-43.853,-1.947,-81.762,0.585,temp_g1_05_0001,run12_g3_g3_2,bi-obj/run12/g3/g3_2.pdb.sc
-461.614,-1.716,-33.854,-1.562,-24.742,-1.142,1055.697,2167.268,1111.572,28.0,-1.854,-1281.257,217.315,-328.988,2.206,31.619,150.957,754.869,0.192,-44.669,-59.929,-29.152,-54.223,6.0,-35.646,269.0,76.0,44.948,-51.125,0.751,-2.539,10.608,39.903,171.938,0.608,-2.438,-87.773,-2.629,-105.158,0.864,temp_g3_02_0001,run12_g3_g3_20,bi-obj/run12/g3/g3_20.pdb.sc
-426.65,-1.586,-17.328,-0.789,-3.916,-0.178,1073.692,2197.085,1123.393,33.0,-1.854,-1282.746,221.936,-322.487,2.201,31.478,164.857,757.155,0.963,-44.011,-57.557,-29.061,-53.21,5.0,-35.559,269.0,79.0,50.679,-50.543,0.672,-2.132,5.621,42.202,173.38,0.617,-1.969,-74.83,-2.283,-93.599,0.869,temp_g1_11_0001,run12_g3_g3_21,bi-obj/run12/g3/g3_21.pdb.sc
-431.856,-1.605,-45.293,-1.944,-34.845,-1.496,1201.326,2329.849,1128.524,23.0,-1.877,-1286.19,222.07,-318.43,2.108,32.18,149.392,749.848,0.233,-45.723,-60.188,-22.008,-54.746,10.0,-36.915,269.0,82.0,52.256,-49.681,0.67,-2.258,16.282,41.456,177.774,0.652,-2.055,-82.216,-2.451,-102.939,0.537,temp_g3_08_0001,run12_g3_g3_22,bi-obj/run12/g3/g3_22.pdb.sc
-417.395,-1.552,-34.119,-1.485,-15.523,-0.676,1197.562,2297.639,1100.077,25.0,-1.85,-1282.664,219.829,-313.72,2.115,31.678,159.038,744.449,0.463,-42.332,-60.561,-22.743,-54.453,9.0,-34.883,269.0,81.0,58.191,-47.164,0.673,-1.991,1.975,46.72,178.41,0.67,-1.739,-67.84,-2.224,-93.425,0.57,temp_g2_09_0001,run12_g3_g3_23,bi-obj/run12/g3/g3_23.pdb.sc
-155.933,-0.58,74.588,3.099,113.358,4.709,1215.991,2407.156,1191.165,35.0,-1.995,-1327.618,257.231,-291.816,1.96,32.207,301.032,777.39,-0.024,-32.107,-49.521,-20.556,-51.523,5.0,-33.429,269.0,83.0,92.414,-45.788,0.712,0.818,1.946,58.96,174.685,0.681,1.643,64.068,0.088,3.864,0.597,g0_00_0001,run12_g3_g3_24,bi-obj/run12/g3/g3_24.pdb.sc
-292.496,-1.087,2.683,0.114,28.764,1.218,1217.776,2360.593,1142.817,31.0,-1.887,-1310.209,241.055,-299.486,2.005,31.712,221.814,758.264,-0.196,-35.788,-56.438,-21.604,-52.148,7.0,-35.91,269.0,83.0,77.195,-46.511,0.698,-0.724,2.572,53.916,178.207,0.687,0.031,1.231,-1.425,-61.291,0.745,g0_24_0001,run12_g3_g3_3,bi-obj/run12/g3/g3_3.pdb.sc
-462.369,-1.719,-52.151,-2.371,-40.017,-1.819,998.566,2199.363,1200.796,19.0,-1.856,-1292.698,209.88,-325.643,2.14,30.991,147.195,750.728,0.373,-46.163,-63.835,-29.317,-56.186,16.0,-36.776,269.0,74.0,46.108,-48.961,0.764,-2.498,29.765,42.188,179.461,0.683,-2.192,-76.731,-2.773,-108.142,0.609,temp_g3_17_0001,run12_g3_g3_4,bi-obj/run12/g3/g3_4.pdb.sc
-438.927,-1.632,-49.336,-2.187,-32.889,-1.458,1131.507,2256.329,1124.822,27.0,-1.833,-1300.644,218.078,-322.685,2.09,31.812,155.184,756.818,0.355,-46.149,-62.837,-25.571,-55.524,12.0,-37.418,269.0,78.0,50.587,-48.881,0.738,-2.189,25.063,44.012,178.41,0.703,-1.712,-63.337,-2.62,-107.4,0.56,temp_g2_14_0001,run12_g3_g3_5,bi-obj/run12/g3/g3_5.pdb.sc
-433.319,-1.611,-42.0,-1.858,-24.683,-1.092,1199.234,2260.697,1061.463,24.0,-1.89,-1287.302,221.59,-318.841,2.119,31.858,152.728,746.398,0.383,-42.387,-62.045,-24.327,-55.059,11.0,-35.532,269.0,78.0,57.345,-47.692,0.713,-2.155,6.219,44.518,178.41,0.66,-1.869,-67.301,-2.4,-100.807,0.568,temp_g2_05_0001,run12_g3_g3_6,bi-obj/run12/g3/g3_6.pdb.sc
-375.468,-1.396,-20.209,-0.858,0.843,0.036,1168.392,2356.208,1187.816,28.0,-1.808,-1298.45,224.836,-314.761,2.064,32.38,187.19,755.75,-9.131,-38.905,-56.587,-24.05,-53.912,9.0,-34.533,269.0,80.0,62.891,-49.015,0.736,-1.547,9.139,46.754,174.9,0.64,-1.106,-42.01,-1.947,-81.777,0.649,temp_g1_07_0001,run12_g3_g3_7,bi-obj/run12/g3/g3_7.pdb.sc
-443.157,-1.647,-46.765,-2.143,-33.192,-1.521,1054.964,2182.234,1127.27,25.0,-1.839,-1305.087,221.997,-320.643,2.185,31.212,156.824,757.887,0.321,-47.356,-61.333,-24.652,-55.222,12.0,-35.612,269.0,76.0,49.913,-49.245,0.727,-2.213,13.598,45.244,178.41,0.706,-1.78,-64.081,-2.602,-104.089,0.565,temp_g3_19_0001,run12_g3_g3_8,bi-obj/run12/g3/g3_8.pdb.sc
-438.078,-1.629,-48.92,-2.186,-32.424,-1.449,1090.242,2238.079,1147.837,27.0,-1.833,-1300.287,218.525,-323.333,2.086,31.86,156.028,756.443,0.36,-46.259,-62.955,-25.413,-55.49,12.0,-37.85,269.0,78.0,50.648,-48.825,0.729,-2.175,25.502,44.105,178.41,0.7,-1.695,-62.719,-2.609,-106.963,0.561,temp_g2_16_0001,run12_g3_g3_9,bi-obj/run12/g3/g3_9.pdb.sc
-291.863,-1.085,0.518,0.021,28.393,1.174,1209.367,2418.027,1208.66,34.0,-1.903,-1309.748,239.66,-297.487,1.994,31.816,222.138,759.93,-0.243,-33.627,-56.276,-24.698,-52.15,8.0,-36.628,269.0,82.0,76.81,-46.47,0.727,-0.712,2.231,53.66,178.207,0.688,0.037,1.49,-1.425,-59.846,0.678,g0_10_0001,run12_g4_g4_0,bi-obj/run12/g4/g4_0.pdb.sc
-310.643,-1.155,8.695,0.361,29.748,1.235,1146.381,2408.042,1261.661,34.0,-1.96,-1306.815,237.731,-306.11,2.053,32.099,214.29,766.015,-0.199,-36.554,-55.266,-24.143,-51.639,8.0,-34.119,269.0,83.0,74.912,-48.439,0.682,-0.971,1.961,50.943,173.813,0.649,-0.476,-18.548,-1.411,-62.076,0.585,temp_g4_24_0001,run12_g4_g4_1,bi-obj/run12/g4/g4_1.pdb.sc
-445.385,-1.656,-45.207,-2.027,-30.569,-1.37,1106.607,2230.645,1124.038,27.0,-1.808,-1295.377,219.549,-326.191,2.196,32.398,154.048,751.998,0.292,-41.581,-58.628,-27.004,-55.547,10.0,-34.29,269.0,78.0,55.468,-48.456,0.733,-2.279,9.293,41.942,175.976,0.662,-2.059,-78.225,-2.489,-99.563,0.628,temp_g3_23_0001,run12_g4_g4_10,bi-obj/run12/g4/g4_10.pdb.sc
-363.332,-1.351,-19.033,-0.791,-4.053,-0.168,1172.716,2406.441,1233.725,26.0,-1.882,-1290.314,226.86,-307.355,2.044,31.244,183.834,753.526,1.618,-42.514,-57.967,-18.743,-52.685,9.0,-36.476,269.0,82.0,58.873,-50.512,0.637,-1.532,15.937,45.514,176.699,0.626,-1.096,-43.853,-1.947,-81.762,0.585,temp_g1_05_0001,run12_g4_g4_11,bi-obj/run12/g4/g4_11.pdb.sc
-431.449,-1.604,-44.002,-1.883,-33.451,-1.432,1200.763,2336.435,1135.672,21.0,-1.882,-1285.439,220.15,-317.698,2.111,31.635,149.931,749.309,0.212,-44.725,-60.213,-20.558,-54.688,9.0,-36.782,269.0,82.0,52.148,-50.194,0.674,-2.245,15.95,41.168,177.774,0.642,-2.045,-81.782,-2.437,-102.346,0.553,temp_g4_02_0001,run12_g4_g4_12,bi-obj/run12/g4/g4_12.pdb.sc
-450.533,-1.675,-51.969,-2.348,-36.55,-1.652,1148.292,2213.097,1064.805,24.0,-1.89,-1291.906,214.616,-324.606,2.153,32.036,146.438,748.275,0.333,-49.271,-61.932,-25.656,-56.25,14.0,-35.281,269.0,77.0,48.545,-49.077,0.715,-2.394,30.121,44.174,178.41,0.654,-2.079,-74.856,-2.67,-109.467,0.568,temp_g4_06_0001,run12_g4_g4_13,bi-obj/run12/g4/g4_13.pdb.sc
-431.856,-1.605,-45.293,-1.944,-34.845,-1.496,1201.326,2329.849,1128.524,23.0,-1.877,-1286.19,222.07,-318.43,2.108,32.18,149.392,749.848,0.233,-45.723,-60.188,-22.008,-54.746,10.0,-36.915,269.0,82.0,52.256,-49.681,0.67,-2.258,16.282,41.456,177.774,0.652,-2.055,-82.216,-2.451,-102.939,0.537,temp_g3_08_0001,run12_g4_g4_14,bi-obj/run12/g4/g4_14.pdb.sc
-432.776,-1.609,-41.9,-1.875,-27.118,-1.213,1105.172,2234.917,1129.745,29.0,-1.844,-1282.22,214.365,-317.964,2.168,31.396,151.631,740.518,0.328,-48.56,-58.397,-24.841,-55.6,11.0,-35.317,269.0,78.0,46.344,-47.327,0.694,-2.227,26.579,47.665,178.057,0.665,-1.913,-72.695,-2.525,-101.011,0.57,temp_g4_15_0001,run12_g4_g4_15,bi-obj/run12/g4/g4_15.pdb.sc
-476.433,-1.771,-39.051,-1.798,-30.293,-1.395,1071.272,2171.801,1100.53,31.0,-1.854,-1281.488,212.469,-332.183,2.252,31.707,145.143,751.806,0.173,-45.211,-59.61,-29.198,-55.082,7.0,-34.667,269.0,77.0,43.691,-51.622,0.735,-2.657,12.501,39.525,174.468,0.598,-2.567,-94.961,-2.741,-109.652,0.919,temp_g4_21_0001,run12_g4_g4_16,bi-obj/run12/g4/g4_16.pdb.sc
-292.496,-1.087,2.683,0.114,28.764,1.218,1217.776,2360.593,1142.817,31.0,-1.887,-1310.209,241.055,-299.486,2.005,31.712,221.814,758.264,-0.196,-35.788,-56.438,-21.604,-52.148,7.0,-35.91,269.0,83.0,77.195,-46.511,0.698,-0.724,2.572,53.916,178.207,0.687,0.031,1.231,-1.425,-61.291,0.745,g0_24_0001,run12_g4_g4_17,bi-obj/run12/g4/g4_17.pdb.sc
-446.181,-1.659,-47.639,-2.092,-31.606,-1.388,1203.432,2277.701,1074.269,24.0,-1.808,-1294.009,217.633,-324.939,2.129,32.766,150.726,752.195,0.268,-41.292,-58.888,-25.838,-55.698,9.0,-35.153,269.0,80.0,56.84,-48.426,0.734,-2.315,9.158,41.822,175.976,0.668,-2.116,-80.411,-2.495,-104.804,0.625,temp_g4_07_0001,run12_g4_g4_18,bi-obj/run12/g4/g4_18.pdb.sc
-465.69,-1.731,-52.154,-2.377,-40.438,-1.843,997.96,2194.205,1196.245,19.0,-1.856,-1293.679,210.448,-326.202,2.147,31.075,147.052,752.061,0.37,-46.372,-64.407,-29.378,-56.491,16.0,-37.163,269.0,74.0,46.124,-49.559,0.767,-2.521,29.765,41.763,178.373,0.682,-2.186,-76.519,-2.822,-110.042,0.609,temp_g4_04_0001,run12_g4_g4_19,bi-obj/run12/g4/g4_19.pdb.sc
-417.764,-1.553,-33.711,-1.452,-16.404,-0.706,1272.954,2322.252,1049.298,32.0,-1.844,-1282.307,219.576,-312.616,2.086,31.665,156.638,743.479,0.366,-40.952,-58.523,-22.906,-54.508,7.0,-35.439,269.0,82.0,57.266,-47.264,0.69,-2.007,1.992,46.915,178.41,0.687,-1.73,-67.47,-2.257,-97.066,0.567,temp_g4_13_0001,run12_g4_g4_2,bi-obj/run12/g4/g4_2.pdb.sc
-417.395,-1.552,-34.119,-1.485,-15.523,-0.676,1197.562,2297.639,1100.077,25.0,-1.85,-1282.664,219.829,-313.72,2.115,31.678,159.038,744.449,0.463,-42.332,-60.561,-22.743,-54.453,9.0,-34.883,269.0,81.0,58.191,-47.164,0.673,-1.991,1.975,46.72,178.41,0.67,-1.739,-67.84,-2.224,-93.425,0.57,temp_g2_09_0001,run12_g4_g4_20,bi-obj/run12/g4/g4_20.pdb.sc
-346.096,-1.287,-6.249,-0.261,16.143,0.674,1223.846,2393.694,1169.848,37.0,-1.844,-1287.024,226.836,-302.248,2.02,31.245,193.428,747.099,-0.323,-38.502,-56.315,-21.14,-52.5,7.0,-34.708,269.0,82.0,63.703,-47.874,0.708,-1.248,1.98,51.829,177.335,0.664,-0.72,-28.07,-1.727,-74.266,0.585,g0_03_0001,run12_g4_g4_21,bi-obj/run12/g4/g4_21.pdb.sc
-426.65,-1.586,-17.328,-0.789,-3.916,-0.178,1073.692,2197.085,1123.393,33.0,-1.854,-1282.746,221.936,-322.487,2.201,31.478,164.857,757.155,0.963,-44.011,-57.557,-29.061,-53.21,5.0,-35.559,269.0,79.0,50.679,-50.543,0.672,-2.132,5.621,42.202,173.38,0.617,-1.969,-74.83,-2.283,-93.599,0.869,temp_g1_11_0001,run12_g4_g4_22,bi-obj/run12/g4/g4_22.pdb.sc
-437.173,-1.625,-41.898,-1.824,-28.762,-1.252,1162.387,2296.436,1134.049,28.0,-1.956,-1299.921,220.641,-324.867,2.139,32.637,155.604,756.14,0.271,-39.995,-59.661,-25.933,-55.606,9.0,-35.194,269.0,81.0,58.432,-48.679,0.71,-2.266,9.175,43.278,175.976,0.671,-2.046,-77.748,-2.461,-105.826,0.615,temp_g2_03_0001,run12_g4_g4_23,bi-obj/run12/g4/g4_23.pdb.sc
-446.133,-1.658,-52.096,-2.311,-35.614,-1.58,1119.483,2254.49,1135.007,25.0,-1.833,-1296.232,215.415,-329.852,2.103,31.261,153.646,757.48,0.38,-46.217,-63.088,-26.45,-55.637,14.0,-36.11,269.0,78.0,49.674,-49.054,0.761,-2.226,25.063,43.675,179.461,0.696,-1.735,-64.195,-2.669,-109.426,0.56,temp_g4_05_0001,run12_g4_g4_24,bi-obj/run12/g4/g4_24.pdb.sc
-433.319,-1.611,-42.0,-1.858,-24.683,-1.092,1199.234,2260.697,1061.463,24.0,-1.89,-1287.302,221.59,-318.841,2.119,31.858,152.728,746.398,0.383,-42.387,-62.045,-24.327,-55.059,11.0,-35.532,269.0,78.0,57.345,-47.692,0.713,-2.155,6.219,44.518,178.41,0.66,-1.869,-67.301,-2.4,-100.807,0.568,temp_g2_05_0001,run12_g4_g4_3,bi-obj/run12/g4/g4_3.pdb.sc
-431.992,-1.606,-41.924,-1.858,-25.686,-1.138,1174.544,2256.652,1082.108,25.0,-1.85,-1287.902,214.731,-320.378,2.142,32.005,153.137,746.964,0.309,-48.453,-60.52,-23.041,-55.674,10.0,-34.408,269.0,80.0,49.628,-48.637,0.72,-2.193,24.923,46.363,178.41,0.659,-1.917,-74.747,-2.455,-100.665,0.57,temp_g4_23_0001,run12_g4_g4_4,bi-obj/run12/g4/g4_4.pdb.sc
-463.2,-1.722,-57.672,-2.589,-43.936,-1.972,1049.115,2227.95,1178.835,26.0,-1.856,-1302.548,211.805,-327.837,2.148,31.051,151.117,755.735,0.356,-48.738,-64.322,-29.648,-57.106,16.0,-35.619,269.0,76.0,48.93,-49.16,0.716,-2.454,29.759,44.092,178.41,0.681,-2.062,-76.297,-2.826,-110.198,0.586,temp_g4_10_0001,run12_g4_g4_5,bi-obj/run12/g4/g4_5.pdb.sc
-432.411,-1.607,-42.582,-1.848,-32.986,-1.432,1106.522,2304.17,1197.648,20.0,-1.882,-1286.758,220.397,-318.892,2.175,31.249,153.94,749.257,0.248,-46.43,-59.917,-20.915,-54.326,10.0,-36.793,269.0,79.0,51.153,-50.139,0.671,-2.237,16.137,41.003,177.774,0.634,-2.038,-79.499,-2.431,-97.223,0.556,temp_g2_01_0001,run12_g4_g4_6,bi-obj/run12/g4/g4_6.pdb.sc
-416.695,-1.549,-35.366,-1.583,-19.669,-0.88,1071.751,2234.079,1162.327,25.0,-1.839,-1294.239,227.259,-315.924,2.144,31.549,162.726,750.745,0.434,-41.385,-61.293,-24.559,-54.188,10.0,-36.151,269.0,77.0,58.397,-47.246,0.755,-1.936,2.704,45.632,178.41,0.685,-1.474,-53.057,-2.343,-96.053,0.565,temp_g2_19_0001,run12_g4_g4_7,bi-obj/run12/g4/g4_7.pdb.sc
-462.369,-1.719,-52.151,-2.371,-40.017,-1.819,998.566,2199.363,1200.796,19.0,-1.856,-1292.698,209.88,-325.643,2.14,30.991,147.195,750.728,0.373,-46.163,-63.835,-29.317,-56.186,16.0,-36.776,269.0,74.0,46.108,-48.961,0.764,-2.498,29.765,42.188,179.461,0.683,-2.192,-76.731,-2.773,-108.142,0.609,temp_g3_17_0001,run12_g4_g4_8,bi-obj/run12/g4/g4_8.pdb.sc
-465.829,-1.732,-51.04,-2.197,-41.227,-1.775,1182.596,2322.956,1140.36,30.0,-1.96,-1314.436,214.178,-331.767,2.167,32.468,152.328,766.415,0.259,-51.755,-59.528,-24.576,-57.3,11.0,-35.118,269.0,80.0,46.292,-49.534,0.764,-2.473,26.579,45.265,173.813,0.696,-2.277,-88.806,-2.658,-108.994,0.64,temp_g4_19_0001,run12_g4_g4_9,bi-obj/run12/g4/g4_9.pdb.sc
-481.68,-1.791,-57.959,-2.536,-47.608,-2.083,1206.514,2285.656,1079.141,25.0,-1.755,-1321.102,209.378,-332.421,2.243,32.95,154.551,771.572,0.29,-54.983,-59.33,-25.215,-58.247,13.0,-33.984,269.0,80.0,44.462,-49.241,0.708,-2.609,23.897,42.202,172.725,0.705,-2.432,-94.838,-2.777,-113.847,0.617,temp_g5_09_0001,run12_g5_g5_0,bi-obj/run12/g5/g5_0.pdb.sc
-461.858,-1.717,-52.135,-2.364,-40.425,-1.833,1022.493,2205.802,1183.31,21.0,-1.856,-1288.935,209.109,-323.584,2.138,30.967,146.014,747.723,0.369,-46.536,-64.583,-27.921,-56.506,15.0,-37.081,269.0,74.0,45.527,-47.749,0.729,-2.517,29.765,43.025,178.02,0.676,-2.186,-76.517,-2.815,-109.772,0.605,temp_g5_19_0001,run12_g5_g5_1,bi-obj/run12/g5/g5_1.pdb.sc
-475.755,-1.769,-56.427,-2.529,-42.075,-1.886,1114.316,2231.401,1117.085,22.0,-1.833,-1303.59,213.321,-335.192,2.147,31.589,150.403,760.248,0.361,-47.902,-63.562,-29.21,-55.969,15.0,-35.742,269.0,79.0,43.549,-51.265,0.706,-2.502,26.614,41.643,178.373,0.687,-2.027,-74.992,-2.922,-122.703,0.623,temp_g5_24_0001,run12_g5_g5_10,bi-obj/run12/g5/g5_10.pdb.sc
-479.065,-1.781,-40.187,-1.87,-31.249,-1.454,1069.046,2149.368,1080.322,28.0,-1.854,-1280.396,212.352,-332.182,2.252,31.69,144.518,750.078,0.179,-45.403,-60.16,-29.172,-55.188,7.0,-34.654,269.0,76.0,43.82,-51.627,0.746,-2.699,12.185,39.293,174.468,0.596,-2.608,-93.897,-2.782,-111.264,0.914,temp_g5_22_0001,run12_g5_g5_11,bi-obj/run12/g5/g5_11.pdb.sc
-431.856,-1.605,-45.293,-1.944,-34.845,-1.496,1201.326,2329.849,1128.524,23.0,-1.877,-1286.19,222.07,-318.43,2.108,32.18,149.392,749.848,0.233,-45.723,-60.188,-22.008,-54.746,10.0,-36.915,269.0,82.0,52.256,-49.681,0.67,-2.258,16.282,41.456,177.774,0.652,-2.055,-82.216,-2.451,-102.939,0.537,temp_g3_08_0001,run12_g5_g5_12,bi-obj/run12/g5/g5_12.pdb.sc
-460.743,-1.713,-52.152,-2.334,-41.284,-1.848,1178.367,2234.0,1055.633,27.0,-1.89,-1286.986,206.172,-315.514,2.19,30.914,140.915,734.84,0.244,-44.688,-62.694,-25.832,-57.311,12.0,-35.318,269.0,78.0,47.126,-47.685,0.687,-2.479,30.121,43.042,181.354,0.635,-2.304,-82.93,-2.63,-110.448,0.5,temp_g5_13_0001,run12_g5_g5_13,bi-obj/run12/g5/g5_13.pdb.sc
-291.863,-1.085,0.518,0.021,28.393,1.174,1209.367,2418.027,1208.66,34.0,-1.903,-1309.748,239.66,-297.487,1.994,31.816,222.138,759.93,-0.243,-33.627,-56.276,-24.698,-52.15,8.0,-36.628,269.0,82.0,76.81,-46.47,0.727,-0.712,2.231,53.66,178.207,0.688,0.037,1.49,-1.425,-59.846,0.678,g0_10_0001,run12_g5_g5_14,bi-obj/run12/g5/g5_14.pdb.sc
-292.496,-1.087,2.683,0.114,28.764,1.218,1217.776,2360.593,1142.817,31.0,-1.887,-1310.209,241.055,-299.486,2.005,31.712,221.814,758.264,-0.196,-35.788,-56.438,-21.604,-52.148,7.0,-35.91,269.0,83.0,77.195,-46.511,0.698,-0.724,2.572,53.916,178.207,0.687,0.031,1.231,-1.425,-61.291,0.745,g0_24_0001,run12_g5_g5_15,bi-obj/run12/g5/g5_15.pdb.sc
-346.096,-1.287,-6.249,-0.261,16.143,0.674,1223.846,2393.694,1169.848,37.0,-1.844,-1287.024,226.836,-302.248,2.02,31.245,193.428,747.099,-0.323,-38.502,-56.315,-21.14,-52.5,7.0,-34.708,269.0,82.0,63.703,-47.874,0.708,-1.248,1.98,51.829,177.335,0.664,-0.72,-28.07,-1.727,-74.266,0.585,g0_03_0001,run12_g5_g5_16,bi-obj/run12/g5/g5_16.pdb.sc
-442.613,-1.645,-44.676,-2.037,-31.577,-1.439,1087.945,2193.698,1105.753,25.0,-1.839,-1303.077,220.751,-318.949,2.184,31.185,156.67,756.261,0.299,-47.631,-61.449,-23.33,-55.235,11.0,-36.676,269.0,76.0,49.751,-49.409,0.753,-2.199,13.995,45.211,178.41,0.701,-1.758,-63.294,-2.595,-103.807,0.565,temp_g5_07_0001,run12_g5_g5_17,bi-obj/run12/g5/g5_17.pdb.sc
-417.764,-1.553,-33.711,-1.452,-16.404,-0.706,1272.954,2322.252,1049.298,32.0,-1.844,-1282.307,219.576,-312.616,2.086,31.665,156.638,743.479,0.366,-40.952,-58.523,-22.906,-54.508,7.0,-35.439,269.0,82.0,57.266,-47.264,0.69,-2.007,1.992,46.915,178.41,0.687,-1.73,-67.47,-2.257,-97.066,0.567,temp_g4_13_0001,run12_g5_g5_18,bi-obj/run12/g5/g5_18.pdb.sc
-448.642,-1.668,-47.105,-2.043,-39.742,-1.723,1227.561,2305.906,1078.345,23.0,-1.877,-1281.496,218.861,-318.554,2.089,32.09,146.704,747.1,0.192,-48.487,-60.218,-22.074,-55.361,9.0,-38.031,269.0,80.0,48.371,-49.945,0.657,-2.423,16.282,40.525,174.842,0.639,-2.23,-89.201,-2.615,-104.601,0.536,temp_g5_14_0001,run12_g5_g5_19,bi-obj/run12/g5/g5_19.pdb.sc
-472.946,-1.758,-55.092,-2.438,-42.357,-1.875,1100.006,2259.544,1159.538,26.0,-1.746,-1307.651,210.556,-330.28,2.251,31.282,152.609,759.435,0.338,-49.705,-64.067,-29.637,-57.567,16.0,-33.847,269.0,75.0,46.469,-48.196,0.754,-2.578,27.841,41.351,177.323,0.689,-2.22,-79.936,-2.909,-113.436,0.633,temp_g5_05_0001,run12_g5_g5_2,bi-obj/run12/g5/g5_2.pdb.sc
-416.695,-1.549,-35.366,-1.583,-19.669,-0.88,1071.751,2234.079,1162.327,25.0,-1.839,-1294.239,227.259,-315.924,2.144,31.549,162.726,750.745,0.434,-41.385,-61.293,-24.559,-54.188,10.0,-36.151,269.0,77.0,58.397,-47.246,0.755,-1.936,2.704,45.632,178.41,0.685,-1.474,-53.057,-2.343,-96.053,0.565,temp_g2_19_0001,run12_g5_g5_20,bi-obj/run12/g5/g5_20.pdb.sc
-465.829,-1.732,-51.04,-2.197,-41.227,-1.775,1182.596,2322.956,1140.36,30.0,-1.96,-1314.436,214.178,-331.767,2.167,32.468,152.328,766.415,0.259,-51.755,-59.528,-24.576,-57.3,11.0,-35.118,269.0,80.0,46.292,-49.534,0.764,-2.473,26.579,45.265,173.813,0.696,-2.277,-88.806,-2.658,-108.994,0.64,temp_g4_19_0001,run12_g5_g5_21,bi-obj/run12/g5/g5_21.pdb.sc
-310.643,-1.155,8.695,0.361,29.748,1.235,1146.381,2408.042,1261.661,34.0,-1.96,-1306.815,237.731,-306.11,2.053,32.099,214.29,766.015,-0.199,-36.554,-55.266,-24.143,-51.639,8.0,-34.119,269.0,83.0,74.912,-48.439,0.682,-0.971,1.961,50.943,173.813,0.649,-0.476,-18.548,-1.411,-62.076,0.585,temp_g4_24_0001,run12_g5_g5_22,bi-obj/run12/g5/g5_22.pdb.sc
-417.395,-1.552,-34.119,-1.485,-15.523,-0.676,1197.562,2297.639,1100.077,25.0,-1.85,-1282.664,219.829,-313.72,2.115,31.678,159.038,744.449,0.463,-42.332,-60.561,-22.743,-54.453,9.0,-34.883,269.0,81.0,58.191,-47.164,0.673,-1.991,1.975,46.72,178.41,0.67,-1.739,-67.84,-2.224,-93.425,0.57,temp_g2_09_0001,run12_g5_g5_23,bi-obj/run12/g5/g5_23.pdb.sc
-363.599,-1.352,-19.043,-0.789,-3.455,-0.143,1177.381,2412.416,1235.035,25.0,-1.882,-1290.397,226.835,-307.383,2.042,31.241,183.8,753.609,1.907,-42.537,-57.992,-18.746,-52.665,9.0,-36.477,269.0,82.0,58.865,-50.51,0.623,-1.534,15.791,45.522,176.699,0.625,-1.101,-44.043,-1.947,-81.756,0.585,temp_g5_17_0001,run12_g5_g5_24,bi-obj/run12/g5/g5_24.pdb.sc
-432.776,-1.609,-41.9,-1.875,-27.118,-1.213,1105.172,2234.917,1129.745,29.0,-1.844,-1282.22,214.365,-317.964,2.168,31.396,151.631,740.518,0.328,-48.56,-58.397,-24.841,-55.6,11.0,-35.317,269.0,78.0,46.344,-47.327,0.694,-2.227,26.579,47.665,178.057,0.665,-1.913,-72.695,-2.525,-101.011,0.57,temp_g4_15_0001,run12_g5_g5_3,bi-obj/run12/g5/g5_3.pdb.sc
-445.385,-1.656,-45.207,-2.027,-30.569,-1.37,1106.607,2230.645,1124.038,27.0,-1.808,-1295.377,219.549,-326.191,2.196,32.398,154.048,751.998,0.292,-41.581,-58.628,-27.004,-55.547,10.0,-34.29,269.0,78.0,55.468,-48.456,0.733,-2.279,9.293,41.942,175.976,0.662,-2.059,-78.225,-2.489,-99.563,0.628,temp_g3_23_0001,run12_g5_g5_4,bi-obj/run12/g5/g5_4.pdb.sc
-445.942,-1.658,-45.724,-2.087,-30.139,-1.375,1143.869,2191.315,1047.446,23.0,-1.85,-1291.772,214.923,-323.497,2.158,31.742,151.154,745.447,0.286,-49.095,-61.33,-23.124,-56.145,10.0,-35.24,269.0,78.0,48.357,-49.271,0.699,-2.347,29.178,44.88,176.969,0.663,-2.126,-78.675,-2.546,-104.366,0.572,temp_g5_04_0001,run12_g5_g5_5,bi-obj/run12/g5/g5_5.pdb.sc
-461.743,-1.717,-51.77,-2.358,-39.309,-1.79,1046.101,2195.776,1149.674,26.0,-1.808,-1300.458,215.657,-332.312,2.22,32.749,148.517,754.558,0.245,-47.755,-58.734,-27.384,-56.8,11.0,-34.002,269.0,76.0,45.229,-50.522,0.788,-2.513,30.824,41.675,175.976,0.665,-2.255,-83.446,-2.757,-107.506,0.628,temp_g5_10_0001,run12_g5_g5_6,bi-obj/run12/g5/g5_6.pdb.sc
-437.173,-1.625,-41.898,-1.824,-28.762,-1.252,1162.387,2296.436,1134.049,28.0,-1.956,-1299.921,220.641,-324.867,2.139,32.637,155.604,756.14,0.271,-39.995,-59.661,-25.933,-55.606,9.0,-35.194,269.0,81.0,58.432,-48.679,0.71,-2.266,9.175,43.278,175.976,0.671,-2.046,-77.748,-2.461,-105.826,0.615,temp_g2_03_0001,run12_g5_g5_7,bi-obj/run12/g5/g5_7.pdb.sc
-363.332,-1.351,-19.033,-0.791,-4.053,-0.168,1172.716,2406.441,1233.725,26.0,-1.882,-1290.314,226.86,-307.355,2.044,31.244,183.834,753.526,1.618,-42.514,-57.967,-18.743,-52.685,9.0,-36.476,269.0,82.0,58.873,-50.512,0.637,-1.532,15.937,45.514,176.699,0.626,-1.096,-43.853,-1.947,-81.762,0.585,temp_g1_05_0001,run12_g5_g5_8,bi-obj/run12/g5/g5_8.pdb.sc
-431.449,-1.604,-44.002,-1.883,-33.451,-1.432,1200.763,2336.435,1135.672,21.0,-1.882,-1285.439,220.15,-317.698,2.111,31.635,149.931,749.309,0.212,-44.725,-60.213,-20.558,-54.688,9.0,-36.782,269.0,82.0,52.148,-50.194,0.674,-2.245,15.95,41.168,177.774,0.642,-2.045,-81.782,-2.437,-102.346,0.553,temp_g4_02_0001,run12_g5_g5_9,bi-obj/run12/g5/g5_9.pdb.sc
-484.926,-1.803,-57.424,-2.539,-49.684,-2.196,1077.713,2262.039,1184.326,23.0,-1.856,-1296.219,206.342,-330.81,2.134,31.235,145.38,752.331,0.321,-49.65,-66.118,-29.39,-57.779,15.0,-36.711,269.0,76.0,41.821,-47.302,0.755,-2.682,30.222,43.898,176.932,0.678,-2.395,-88.605,-2.954,-115.22,0.615,temp_g6_01_0001,run12_g6_g6_0,bi-obj/run12/g6/g6_0.pdb.sc
-442.613,-1.645,-44.676,-2.037,-31.577,-1.439,1087.945,2193.698,1105.753,25.0,-1.839,-1303.077,220.751,-318.949,2.184,31.185,156.67,756.261,0.299,-47.631,-61.449,-23.33,-55.235,11.0,-36.676,269.0,76.0,49.751,-49.409,0.753,-2.199,13.995,45.211,178.41,0.701,-1.758,-63.294,-2.595,-103.807,0.565,temp_g5_07_0001,run12_g6_g6_1,bi-obj/run12/g6/g6_1.pdb.sc
-346.096,-1.287,-6.249,-0.261,16.143,0.674,1223.846,2393.694,1169.848,37.0,-1.844,-1287.024,226.836,-302.248,2.02,31.245,193.428,747.099,-0.323,-38.502,-56.315,-21.14,-52.5,7.0,-34.708,269.0,82.0,63.703,-47.874,0.708,-1.248,1.98,51.829,177.335,0.664,-0.72,-28.07,-1.727,-74.266,0.585,g0_03_0001,run12_g6_g6_10,bi-obj/run12/g6/g6_10.pdb.sc
-433.007,-1.61,-40.984,-1.798,-25.91,-1.137,1213.416,2279.31,1065.893,31.0,-1.844,-1286.917,215.686,-320.145,2.11,32.141,150.377,746.196,0.26,-47.916,-58.54,-23.211,-55.62,8.0,-34.373,269.0,81.0,48.084,-48.89,0.747,-2.211,24.381,46.496,178.41,0.677,-1.914,-74.655,-2.487,-104.457,0.567,temp_g6_18_0001,run12_g6_g6_11,bi-obj/run12/g6/g6_11.pdb.sc
-442.251,-1.644,-45.115,-2.005,-33.461,-1.487,1142.766,2250.144,1107.378,33.0,-1.844,-1282.72,209.655,-316.174,2.114,31.29,149.685,735.984,0.247,-48.311,-58.852,-24.45,-56.28,10.0,-35.782,269.0,80.0,46.162,-47.368,0.73,-2.285,26.579,48.345,179.145,0.674,-1.923,-74.987,-2.629,-107.784,0.569,temp_g6_03_0001,run12_g6_g6_12,bi-obj/run12/g6/g6_12.pdb.sc
-365.929,-1.36,-14.506,-0.609,7.359,0.309,1133.145,2383.255,1250.111,33.0,-1.96,-1304.742,228.116,-314.78,2.08,32.243,192.393,760.109,-0.954,-37.798,-57.377,-24.189,-53.82,9.0,-34.457,269.0,81.0,65.08,-49.55,0.646,-1.501,8.976,48.209,174.9,0.642,-1.017,-38.637,-1.93,-82.969,0.637,temp_g6_22_0001,run12_g6_g6_13,bi-obj/run12/g6/g6_13.pdb.sc
-475.755,-1.769,-56.427,-2.529,-42.075,-1.886,1114.316,2231.401,1117.085,22.0,-1.833,-1303.59,213.321,-335.192,2.147,31.589,150.403,760.248,0.361,-47.902,-63.562,-29.21,-55.969,15.0,-35.742,269.0,79.0,43.549,-51.265,0.706,-2.502,26.614,41.643,178.373,0.687,-2.027,-74.992,-2.922,-122.703,0.623,temp_g5_24_0001,run12_g6_g6_14,bi-obj/run12/g6/g6_14.pdb.sc
-417.764,-1.553,-33.711,-1.452,-16.404,-0.706,1272.954,2322.252,1049.298,32.0,-1.844,-1282.307,219.576,-312.616,2.086,31.665,156.638,743.479,0.366,-40.952,-58.523,-22.906,-54.508,7.0,-35.439,269.0,82.0,57.266,-47.264,0.69,-2.007,1.992,46.915,178.41,0.687,-1.73,-67.47,-2.257,-97.066,0.567,temp_g4_13_0001,run12_g6_g6_15,bi-obj/run12/g6/g6_15.pdb.sc
-368.607,-1.37,-24.129,-0.988,-7.935,-0.325,1167.231,2441.119,1273.887,29.0,-1.91,-1293.904,226.118,-307.659,2.036,31.277,185.612,758.172,1.417,-40.242,-58.707,-25.26,-52.653,12.0,-37.483,269.0,81.0,58.059,-50.632,0.696,-1.583,15.349,45.937,176.699,0.649,-1.16,-46.417,-1.995,-81.797,0.585,temp_g6_14_0001,run12_g6_g6_16,bi-obj/run12/g6/g6_16.pdb.sc
-472.946,-1.758,-55.092,-2.438,-42.357,-1.875,1100.006,2259.544,1159.538,26.0,-1.746,-1307.651,210.556,-330.28,2.251,31.282,152.609,759.435,0.338,-49.705,-64.067,-29.637,-57.567,16.0,-33.847,269.0,75.0,46.469,-48.196,0.754,-2.578,27.841,41.351,177.323,0.689,-2.22,-79.936,-2.909,-113.436,0.633,temp_g5_05_0001,run12_g6_g6_17,bi-obj/run12/g6/g6_17.pdb.sc
-465.829,-1.732,-51.04,-2.197,-41.227,-1.775,1182.596,2322.956,1140.36,30.0,-1.96,-1314.436,214.178,-331.767,2.167,32.468,152.328,766.415,0.259,-51.755,-59.528,-24.576,-57.3,11.0,-35.118,269.0,80.0,46.292,-49.534,0.764,-2.473,26.579,45.265,173.813,0.696,-2.277,-88.806,-2.658,-108.994,0.64,temp_g4_19_0001,run12_g6_g6_18,bi-obj/run12/g6/g6_18.pdb.sc
-455.721,-1.694,-47.989,-2.108,-41.003,-1.801,1216.375,2276.776,1060.401,24.0,-1.877,-1276.937,215.556,-318.799,2.091,31.571,146.338,741.855,0.193,-49.208,-60.896,-20.169,-55.398,9.0,-38.345,269.0,80.0,48.558,-51.479,0.694,-2.489,16.282,38.73,175.893,0.639,-2.244,-89.759,-2.733,-109.323,0.514,temp_g6_19_0001,run12_g6_g6_19,bi-obj/run12/g6/g6_19.pdb.sc
-362.928,-1.349,-20.553,-0.85,-5.992,-0.248,1165.947,2418.326,1252.379,29.0,-1.877,-1290.841,228.924,-308.018,2.044,31.754,183.777,753.566,1.262,-43.489,-57.962,-20.193,-52.683,10.0,-36.267,269.0,82.0,58.932,-49.978,0.653,-1.534,16.284,45.816,176.699,0.639,-1.11,-44.414,-1.938,-81.391,0.585,temp_g6_15_0001,run12_g6_g6_2,bi-obj/run12/g6/g6_2.pdb.sc
-434.275,-1.614,-45.523,-2.084,-32.511,-1.488,1032.527,2184.793,1152.266,23.0,-1.839,-1299.585,220.953,-322.398,2.173,31.785,156.741,752.009,0.348,-48.244,-62.206,-24.335,-55.341,13.0,-35.581,269.0,76.0,50.171,-48.78,0.71,-2.156,26.161,45.065,178.41,0.681,-1.683,-60.579,-2.582,-103.297,0.565,temp_g6_20_0001,run12_g6_g6_20,bi-obj/run12/g6/g6_20.pdb.sc
-460.743,-1.713,-52.152,-2.334,-41.284,-1.848,1178.367,2234.0,1055.633,27.0,-1.89,-1286.986,206.172,-315.514,2.19,30.914,140.915,734.84,0.244,-44.688,-62.694,-25.832,-57.311,12.0,-35.318,269.0,78.0,47.126,-47.685,0.687,-2.479,30.121,43.042,181.354,0.635,-2.304,-82.93,-2.63,-110.448,0.5,temp_g5_13_0001,run12_g6_g6_21,bi-obj/run12/g6/g6_21.pdb.sc
-470.746,-1.75,-52.101,-2.304,-42.701,-1.888,1179.385,2261.349,1081.964,27.0,-1.943,-1309.055,212.014,-330.394,2.154,31.867,150.626,760.082,0.262,-53.167,-60.235,-23.509,-57.224,12.0,-34.35,269.0,79.0,47.815,-50.188,0.755,-2.539,26.341,44.174,173.618,0.702,-2.317,-88.031,-2.746,-112.576,0.63,temp_g6_21_0001,run12_g6_g6_22,bi-obj/run12/g6/g6_22.pdb.sc
-461.858,-1.717,-52.135,-2.364,-40.425,-1.833,1022.493,2205.802,1183.31,21.0,-1.856,-1288.935,209.109,-323.584,2.138,30.967,146.014,747.723,0.369,-46.536,-64.583,-27.921,-56.506,15.0,-37.081,269.0,74.0,45.527,-47.749,0.729,-2.517,29.765,43.025,178.02,0.676,-2.186,-76.517,-2.815,-109.772,0.605,temp_g5_19_0001,run12_g6_g6_23,bi-obj/run12/g6/g6_23.pdb.sc
-481.68,-1.791,-57.959,-2.536,-47.608,-2.083,1206.514,2285.656,1079.141,25.0,-1.755,-1321.102,209.378,-332.421,2.243,32.95,154.551,771.572,0.29,-54.983,-59.33,-25.215,-58.247,13.0,-33.984,269.0,80.0,44.462,-49.241,0.708,-2.609,23.897,42.202,172.725,0.705,-2.432,-94.838,-2.777,-113.847,0.617,temp_g5_09_0001,run12_g6_g6_24,bi-obj/run12/g6/g6_24.pdb.sc
-437.173,-1.625,-41.898,-1.824,-28.762,-1.252,1162.387,2296.436,1134.049,28.0,-1.956,-1299.921,220.641,-324.867,2.139,32.637,155.604,756.14,0.271,-39.995,-59.661,-25.933,-55.606,9.0,-35.194,269.0,81.0,58.432,-48.679,0.71,-2.266,9.175,43.278,175.976,0.671,-2.046,-77.748,-2.461,-105.826,0.615,temp_g2_03_0001,run12_g6_g6_3,bi-obj/run12/g6/g6_3.pdb.sc
-291.863,-1.085,0.518,0.021,28.393,1.174,1209.367,2418.027,1208.66,34.0,-1.903,-1309.748,239.66,-297.487,1.994,31.816,222.138,759.93,-0.243,-33.627,-56.276,-24.698,-52.15,8.0,-36.628,269.0,82.0,76.81,-46.47,0.727,-0.712,2.231,53.66,178.207,0.688,0.037,1.49,-1.425,-59.846,0.678,g0_10_0001,run12_g6_g6_4,bi-obj/run12/g6/g6_4.pdb.sc
-442.305,-1.644,-46.727,-2.02,-35.175,-1.521,1175.372,2312.666,1137.294,23.0,-0.826,-1295.109,223.198,-321.0,2.265,32.147,154.793,750.543,0.213,-45.548,-62.19,-20.798,-55.288,9.0,-36.273,269.0,79.0,50.754,-51.064,0.72,-2.272,16.165,39.997,175.102,0.677,-1.933,-73.459,-2.586,-106.013,0.826,temp_g6_08_0001,run12_g6_g6_5,bi-obj/run12/g6/g6_5.pdb.sc
-454.244,-1.689,-51.904,-2.314,-36.585,-1.631,1135.569,2243.132,1107.564,26.0,-1.956,-1303.561,214.643,-330.823,2.173,33.058,148.255,758.052,0.283,-46.946,-59.668,-27.218,-56.718,12.0,-34.904,269.0,80.0,49.896,-50.108,0.714,-2.494,32.357,42.636,175.976,0.66,-2.238,-85.046,-2.726,-114.485,0.615,temp_g6_07_0001,run12_g6_g6_6,bi-obj/run12/g6/g6_6.pdb.sc
-457.235,-1.7,-47.329,-2.165,-31.752,-1.452,1171.135,2186.144,1015.009,21.0,-1.792,-1297.69,213.424,-327.031,2.252,31.907,149.646,751.697,0.284,-50.031,-61.686,-23.615,-56.62,10.0,-33.511,269.0,77.0,47.879,-48.456,0.754,-2.461,28.003,41.889,175.881,0.696,-2.267,-81.629,-2.632,-107.9,0.62,temp_g6_05_0001,run12_g6_g6_7,bi-obj/run12/g6/g6_7.pdb.sc
-466.896,-1.736,-53.121,-2.424,-40.77,-1.86,1012.648,2191.627,1178.979,26.0,-0.826,-1296.633,215.079,-334.771,2.228,32.827,147.742,757.468,0.243,-48.062,-58.985,-27.532,-57.151,11.0,-33.959,269.0,75.0,42.622,-51.115,0.72,-2.552,30.084,41.022,172.431,0.667,-2.286,-84.572,-2.811,-106.81,0.633,temp_g6_06_0001,run12_g6_g6_8,bi-obj/run12/g6/g6_8.pdb.sc
-310.643,-1.155,8.695,0.361,29.748,1.235,1146.381,2408.042,1261.661,34.0,-1.96,-1306.815,237.731,-306.11,2.053,32.099,214.29,766.015,-0.199,-36.554,-55.266,-24.143,-51.639,8.0,-34.119,269.0,83.0,74.912,-48.439,0.682,-0.971,1.961,50.943,173.813,0.649,-0.476,-18.548,-1.411,-62.076,0.585,temp_g4_24_0001,run12_g6_g6_9,bi-obj/run12/g6/g6_9.pdb.sc
-484.926,-1.803,-57.424,-2.539,-49.684,-2.196,1077.713,2262.039,1184.326,23.0,-1.856,-1296.219,206.342,-330.81,2.134,31.235,145.38,752.331,0.321,-49.65,-66.118,-29.39,-57.779,15.0,-36.711,269.0,76.0,41.821,-47.302,0.755,-2.682,30.222,43.898,176.932,0.678,-2.395,-88.605,-2.954,-115.22,0.615,temp_g6_01_0001,run12_g7_g7_0,bi-obj/run12/g7/g7_0.pdb.sc
-455.92,-1.695,-48.03,-2.108,-40.408,-1.773,1230.725,2278.623,1047.898,24.0,-1.877,-1276.812,215.596,-318.775,2.091,31.575,146.119,741.853,0.195,-49.18,-60.88,-20.24,-55.397,9.0,-38.371,269.0,80.0,48.596,-51.555,0.676,-2.491,16.282,38.649,175.893,0.64,-2.245,-89.816,-2.737,-109.485,0.513,temp_g7_19_0001,run12_g7_g7_1,bi-obj/run12/g7/g7_1.pdb.sc
-450.92,-1.676,-48.087,-2.079,-36.849,-1.593,1169.429,2313.138,1143.709,23.0,-0.826,-1297.44,221.002,-321.984,2.277,32.165,154.842,753.529,0.244,-47.811,-62.221,-22.262,-55.496,11.0,-36.018,269.0,79.0,50.16,-51.641,0.712,-2.349,16.165,39.799,174.014,0.669,-1.947,-73.975,-2.722,-111.615,0.826,temp_g7_05_0001,run12_g7_g7_10,bi-obj/run12/g7/g7_10.pdb.sc
-437.173,-1.625,-41.898,-1.824,-28.762,-1.252,1162.387,2296.436,1134.049,28.0,-1.956,-1299.921,220.641,-324.867,2.139,32.637,155.604,756.14,0.271,-39.995,-59.661,-25.933,-55.606,9.0,-35.194,269.0,81.0,58.432,-48.679,0.71,-2.266,9.175,43.278,175.976,0.671,-2.046,-77.748,-2.461,-105.826,0.615,temp_g2_03_0001,run12_g7_g7_11,bi-obj/run12/g7/g7_11.pdb.sc
-440.842,-1.639,-45.607,-2.025,-32.343,-1.436,1199.101,2252.127,1053.026,27.0,-1.665,-1295.026,214.704,-324.489,2.235,32.378,153.553,749.042,0.247,-49.075,-58.939,-24.531,-55.939,9.0,-33.306,269.0,81.0,47.404,-48.168,0.713,-2.283,28.927,44.131,177.323,0.694,-2.192,-85.501,-2.368,-99.44,0.599,temp_g7_11_0001,run12_g7_g7_12,bi-obj/run12/g7/g7_12.pdb.sc
-472.75,-1.757,-55.463,-2.556,-40.043,-1.845,1113.58,2169.883,1056.303,20.0,-1.737,-1296.649,212.152,-332.719,2.132,31.049,149.815,753.494,0.345,-47.884,-64.179,-26.154,-56.084,14.0,-35.233,269.0,79.0,44.522,-51.825,0.726,-2.476,26.538,41.216,178.178,0.688,-2.007,-74.249,-2.89,-121.365,0.621,temp_g7_14_0001,run12_g7_g7_13,bi-obj/run12/g7/g7_13.pdb.sc
-459.609,-1.709,-52.13,-2.349,-40.701,-1.834,1167.241,2219.323,1052.082,26.0,-1.897,-1281.32,203.566,-313.166,2.148,30.287,140.56,731.459,0.249,-43.146,-62.874,-25.812,-57.382,11.0,-35.391,269.0,78.0,47.126,-48.174,0.676,-2.483,29.827,42.92,181.159,0.637,-2.309,-83.116,-2.633,-110.595,0.5,temp_g7_21_0001,run12_g7_g7_14,bi-obj/run12/g7/g7_14.pdb.sc
-368.607,-1.37,-24.129,-0.988,-7.935,-0.325,1167.231,2441.119,1273.887,29.0,-1.91,-1293.904,226.118,-307.659,2.036,31.277,185.612,758.172,1.417,-40.242,-58.707,-25.26,-52.653,12.0,-37.483,269.0,81.0,58.059,-50.632,0.696,-1.583,15.349,45.937,176.699,0.649,-1.16,-46.417,-1.995,-81.797,0.585,temp_g6_14_0001,run12_g7_g7_15,bi-obj/run12/g7/g7_15.pdb.sc
-480.023,-1.784,-55.512,-2.508,-44.452,-2.008,1042.152,2213.202,1171.051,20.0,-1.856,-1289.941,206.565,-328.0,2.237,30.979,145.335,750.013,0.375,-47.523,-65.983,-28.468,-56.314,17.0,-36.384,269.0,74.0,41.681,-49.118,0.702,-2.658,26.217,40.55,179.373,0.682,-2.346,-82.094,-2.939,-114.614,0.614,temp_g7_23_0001,run12_g7_g7_16,bi-obj/run12/g7/g7_16.pdb.sc
-362.928,-1.349,-20.553,-0.85,-5.992,-0.248,1165.947,2418.326,1252.379,29.0,-1.877,-1290.841,228.924,-308.018,2.044,31.754,183.777,753.566,1.262,-43.489,-57.962,-20.193,-52.683,10.0,-36.267,269.0,82.0,58.932,-49.978,0.653,-1.534,16.284,45.816,176.699,0.639,-1.11,-44.414,-1.938,-81.391,0.585,temp_g6_15_0001,run12_g7_g7_17,bi-obj/run12/g7/g7_17.pdb.sc
-450.7,-1.675,-50.136,-2.222,-42.814,-1.897,1138.446,2256.8,1118.354,36.0,-1.844,-1275.037,200.046,-304.631,2.143,30.594,143.392,723.809,0.222,-47.191,-59.192,-22.784,-57.123,10.0,-36.07,269.0,80.0,44.473,-46.829,0.737,-2.354,26.579,46.321,182.089,0.689,-2.177,-84.915,-2.522,-103.418,0.554,temp_g7_12_0001,run12_g7_g7_18,bi-obj/run12/g7/g7_18.pdb.sc
-442.305,-1.644,-46.727,-2.02,-35.175,-1.521,1175.372,2312.666,1137.294,23.0,-0.826,-1295.109,223.198,-321.0,2.265,32.147,154.793,750.543,0.213,-45.548,-62.19,-20.798,-55.288,9.0,-36.273,269.0,79.0,50.754,-51.064,0.72,-2.272,16.165,39.997,175.102,0.677,-1.933,-73.459,-2.586,-106.013,0.826,temp_g6_08_0001,run12_g7_g7_19,bi-obj/run12/g7/g7_19.pdb.sc
-442.613,-1.645,-44.676,-2.037,-31.577,-1.439,1087.945,2193.698,1105.753,25.0,-1.839,-1303.077,220.751,-318.949,2.184,31.185,156.67,756.261,0.299,-47.631,-61.449,-23.33,-55.235,11.0,-36.676,269.0,76.0,49.751,-49.409,0.753,-2.199,13.995,45.211,178.41,0.701,-1.758,-63.294,-2.595,-103.807,0.565,temp_g5_07_0001,run12_g7_g7_2,bi-obj/run12/g7/g7_2.pdb.sc
-493.003,-1.833,-53.65,-2.343,-47.707,-2.083,1129.071,2290.083,1161.012,23.0,-1.713,-1300.891,206.064,-333.423,2.222,31.552,146.656,756.746,0.296,-50.472,-65.822,-29.173,-58.143,13.0,-35.019,269.0,75.0,38.21,-46.386,0.707,-2.783,28.36,41.724,175.844,0.686,-2.555,-91.979,-2.993,-116.709,0.663,temp_g7_00_0001,run12_g7_g7_20,bi-obj/run12/g7/g7_20.pdb.sc
-470.746,-1.75,-52.101,-2.304,-42.701,-1.888,1179.385,2261.349,1081.964,27.0,-1.943,-1309.055,212.014,-330.394,2.154,31.867,150.626,760.082,0.262,-53.167,-60.235,-23.509,-57.224,12.0,-34.35,269.0,79.0,47.815,-50.188,0.755,-2.539,26.341,44.174,173.618,0.702,-2.317,-88.031,-2.746,-112.576,0.63,temp_g6_21_0001,run12_g7_g7_21,bi-obj/run12/g7/g7_21.pdb.sc
-461.858,-1.717,-52.135,-2.364,-40.425,-1.833,1022.493,2205.802,1183.31,21.0,-1.856,-1288.935,209.109,-323.584,2.138,30.967,146.014,747.723,0.369,-46.536,-64.583,-27.921,-56.506,15.0,-37.081,269.0,74.0,45.527,-47.749,0.729,-2.517,29.765,43.025,178.02,0.676,-2.186,-76.517,-2.815,-109.772,0.605,temp_g5_19_0001,run12_g7_g7_22,bi-obj/run12/g7/g7_22.pdb.sc
-434.745,-1.616,-43.292,-1.907,-27.877,-1.228,1167.063,2269.603,1102.54,29.0,-1.844,-1286.782,214.081,-319.205,2.111,32.053,150.394,744.913,0.311,-47.458,-58.922,-22.619,-55.586,10.0,-34.761,269.0,81.0,47.891,-48.48,0.756,-2.221,23.842,46.65,178.41,0.678,-1.926,-75.125,-2.494,-104.753,0.567,temp_g7_15_0001,run12_g7_g7_23,bi-obj/run12/g7/g7_23.pdb.sc
-470.751,-1.75,-52.153,-2.295,-42.634,-1.876,1188.2,2272.543,1084.343,27.0,-1.943,-1308.59,211.84,-330.361,2.151,31.859,150.67,759.986,0.265,-53.253,-60.438,-23.491,-57.201,12.0,-34.359,269.0,79.0,47.193,-50.177,0.738,-2.535,26.66,44.453,173.618,0.702,-2.32,-88.147,-2.735,-112.115,0.632,temp_g7_22_0001,run12_g7_g7_24,bi-obj/run12/g7/g7_24.pdb.sc
-466.896,-1.736,-53.121,-2.424,-40.77,-1.86,1012.648,2191.627,1178.979,26.0,-0.826,-1296.633,215.079,-334.771,2.228,32.827,147.742,757.468,0.243,-48.062,-58.985,-27.532,-57.151,11.0,-33.959,269.0,75.0,42.622,-51.115,0.72,-2.552,30.084,41.022,172.431,0.667,-2.286,-84.572,-2.811,-106.81,0.633,temp_g6_06_0001,run12_g7_g7_3,bi-obj/run12/g7/g7_3.pdb.sc
-389.105,-1.446,-32.669,-1.388,-12.936,-0.55,1245.815,2353.891,1108.076,38.0,-1.844,-1284.747,222.319,-303.968,2.061,31.602,167.529,742.932,0.497,-39.988,-57.706,-21.001,-53.487,7.0,-36.567,269.0,81.0,61.942,-48.268,0.701,-1.751,1.98,50.149,177.335,0.68,-1.264,-49.293,-2.203,-92.519,0.619,temp_g7_10_0001,run12_g7_g7_4,bi-obj/run12/g7/g7_4.pdb.sc
-472.946,-1.758,-55.092,-2.438,-42.357,-1.875,1100.006,2259.544,1159.538,26.0,-1.746,-1307.651,210.556,-330.28,2.251,31.282,152.609,759.435,0.338,-49.705,-64.067,-29.637,-57.567,16.0,-33.847,269.0,75.0,46.469,-48.196,0.754,-2.578,27.841,41.351,177.323,0.689,-2.22,-79.936,-2.909,-113.436,0.633,temp_g5_05_0001,run12_g7_g7_5,bi-obj/run12/g7/g7_5.pdb.sc
-447.573,-1.664,-45.915,-2.112,-32.834,-1.51,1065.234,2174.466,1109.232,25.0,-1.955,-1302.296,216.307,-321.031,2.192,31.141,153.767,756.467,0.287,-45.762,-62.533,-22.081,-55.653,11.0,-36.132,269.0,77.0,45.197,-49.43,0.72,-2.124,21.493,44.143,178.057,0.695,-1.899,-68.36,-2.321,-95.162,0.537,temp_g7_01_0001,run12_g7_g7_6,bi-obj/run12/g7/g7_6.pdb.sc
-417.764,-1.553,-33.711,-1.452,-16.404,-0.706,1272.954,2322.252,1049.298,32.0,-1.844,-1282.307,219.576,-312.616,2.086,31.665,156.638,743.479,0.366,-40.952,-58.523,-22.906,-54.508,7.0,-35.439,269.0,82.0,57.266,-47.264,0.69,-2.007,1.992,46.915,178.41,0.687,-1.73,-67.47,-2.257,-97.066,0.567,temp_g4_13_0001,run12_g7_g7_7,bi-obj/run12/g7/g7_7.pdb.sc
-442.251,-1.644,-45.115,-2.005,-33.461,-1.487,1142.766,2250.144,1107.378,33.0,-1.844,-1282.72,209.655,-316.174,2.114,31.29,149.685,735.984,0.247,-48.311,-58.852,-24.45,-56.28,10.0,-35.782,269.0,80.0,46.162,-47.368,0.73,-2.285,26.579,48.345,179.145,0.674,-1.923,-74.987,-2.629,-107.784,0.569,temp_g6_03_0001,run12_g7_g7_8,bi-obj/run12/g7/g7_8.pdb.sc
-431.297,-1.603,-44.885,-1.937,-34.993,-1.51,1183.938,2317.418,1133.481,23.0,-1.877,-1285.891,222.34,-318.751,2.106,32.235,150.248,749.567,0.232,-45.789,-60.263,-21.847,-54.711,10.0,-37.396,269.0,82.0,52.254,-49.69,0.687,-2.25,16.295,41.561,177.774,0.648,-2.048,-81.931,-2.443,-102.608,0.538,temp_g7_02_0001,run12_g7_g7_9,bi-obj/run12/g7/g7_9.pdb.sc
-484.926,-1.803,-57.424,-2.539,-49.684,-2.196,1077.713,2262.039,1184.326,23.0,-1.856,-1296.219,206.342,-330.81,2.134,31.235,145.38,752.331,0.321,-49.65,-66.118,-29.39,-57.779,15.0,-36.711,269.0,76.0,41.821,-47.302,0.755,-2.682,30.222,43.898,176.932,0.678,-2.395,-88.605,-2.954,-115.22,0.615,temp_g6_01_0001,run12_g8_g8_0,bi-obj/run12/g8/g8_0.pdb.sc
-470.751,-1.75,-52.153,-2.295,-42.634,-1.876,1188.2,2272.543,1084.343,27.0,-1.943,-1308.59,211.84,-330.361,2.151,31.859,150.67,759.986,0.265,-53.253,-60.438,-23.491,-57.201,12.0,-34.359,269.0,79.0,47.193,-50.177,0.738,-2.535,26.66,44.453,173.618,0.702,-2.32,-88.147,-2.735,-112.115,0.632,temp_g7_22_0001,run12_g8_g8_1,bi-obj/run12/g8/g8_1.pdb.sc
-456.085,-1.695,-47.561,-2.103,-40.123,-1.774,1174.992,2261.096,1086.105,20.0,-1.877,-1276.187,215.621,-318.95,2.092,31.599,146.843,741.264,0.196,-49.273,-60.849,-20.341,-55.453,9.0,-38.863,269.0,80.0,48.52,-51.557,0.645,-2.494,16.282,38.637,175.893,0.64,-2.24,-89.619,-2.747,-109.878,0.513,temp_g8_01_0001,run12_g8_g8_10,bi-obj/run12/g8/g8_10.pdb.sc
-451.312,-1.678,-48.185,-2.058,-41.25,-1.762,1230.509,2341.551,1111.042,20.0,-1.877,-1288.854,217.968,-321.35,2.119,32.57,149.286,751.208,0.217,-49.972,-60.477,-21.776,-55.621,11.0,-37.609,269.0,82.0,46.822,-49.159,0.721,-2.365,16.651,41.536,176.687,0.659,-2.206,-90.454,-2.524,-103.493,0.537,temp_g8_09_0001,run12_g8_g8_11,bi-obj/run12/g8/g8_11.pdb.sc
-440.842,-1.639,-45.607,-2.025,-32.343,-1.436,1199.101,2252.127,1053.026,27.0,-1.665,-1295.026,214.704,-324.489,2.235,32.378,153.553,749.042,0.247,-49.075,-58.939,-24.531,-55.939,9.0,-33.306,269.0,81.0,47.404,-48.168,0.713,-2.283,28.927,44.131,177.323,0.694,-2.192,-85.501,-2.368,-99.44,0.599,temp_g7_11_0001,run12_g8_g8_12,bi-obj/run12/g8/g8_12.pdb.sc
-447.573,-1.664,-45.915,-2.112,-32.834,-1.51,1065.234,2174.466,1109.232,25.0,-1.955,-1302.296,216.307,-321.031,2.192,31.141,153.767,756.467,0.287,-45.762,-62.533,-22.081,-55.653,11.0,-36.132,269.0,77.0,45.197,-49.43,0.72,-2.124,21.493,44.143,178.057,0.695,-1.899,-68.36,-2.321,-95.162,0.537,temp_g7_01_0001,run12_g8_g8_13,bi-obj/run12/g8/g8_13.pdb.sc
-461.858,-1.717,-52.135,-2.364,-40.425,-1.833,1022.493,2205.802,1183.31,21.0,-1.856,-1288.935,209.109,-323.584,2.138,30.967,146.014,747.723,0.369,-46.536,-64.583,-27.921,-56.506,15.0,-37.081,269.0,74.0,45.527,-47.749,0.729,-2.517,29.765,43.025,178.02,0.676,-2.186,-76.517,-2.815,-109.772,0.605,temp_g5_19_0001,run12_g8_g8_14,bi-obj/run12/g8/g8_14.pdb.sc
-442.305,-1.644,-46.727,-2.02,-35.175,-1.521,1175.372,2312.666,1137.294,23.0,-0.826,-1295.109,223.198,-321.0,2.265,32.147,154.793,750.543,0.213,-45.548,-62.19,-20.798,-55.288,9.0,-36.273,269.0,79.0,50.754,-51.064,0.72,-2.272,16.165,39.997,175.102,0.677,-1.933,-73.459,-2.586,-106.013,0.826,temp_g6_08_0001,run12_g8_g8_15,bi-obj/run12/g8/g8_15.pdb.sc
-362.928,-1.349,-20.553,-0.85,-5.992,-0.248,1165.947,2418.326,1252.379,29.0,-1.877,-1290.841,228.924,-308.018,2.044,31.754,183.777,753.566,1.262,-43.489,-57.962,-20.193,-52.683,10.0,-36.267,269.0,82.0,58.932,-49.978,0.653,-1.534,16.284,45.816,176.699,0.639,-1.11,-44.414,-1.938,-81.391,0.585,temp_g6_15_0001,run12_g8_g8_16,bi-obj/run12/g8/g8_16.pdb.sc
-454.913,-1.691,-49.237,-2.191,-41.602,-1.851,1149.727,2247.519,1097.792,36.0,-1.835,-1273.932,200.338,-305.709,2.143,30.694,139.678,724.939,0.223,-46.812,-60.881,-22.727,-57.134,10.0,-35.808,269.0,80.0,44.114,-47.084,0.772,-2.369,26.579,46.505,181.453,0.681,-2.152,-83.945,-2.576,-105.604,0.566,temp_g8_18_0001,run12_g8_g8_17,bi-obj/run12/g8/g8_17.pdb.sc
-446.329,-1.659,-47.129,-2.15,-33.791,-1.541,1082.081,2192.467,1110.386,24.0,-1.955,-1297.328,216.101,-319.91,2.154,31.04,151.846,752.511,0.276,-46.02,-62.556,-21.568,-55.717,11.0,-36.599,269.0,78.0,44.607,-47.898,0.704,-2.062,21.493,45.234,177.703,0.69,-1.763,-65.23,-2.332,-95.597,0.533,temp_g8_06_0001,run12_g8_g8_18,bi-obj/run12/g8/g8_18.pdb.sc
-479.787,-1.784,-58.748,-2.621,-48.188,-2.15,1175.343,2241.676,1066.333,19.0,-1.898,-1270.943,200.166,-319.785,2.118,29.641,139.203,733.177,0.264,-46.244,-65.844,-23.952,-58.211,14.0,-34.803,269.0,79.0,40.607,-51.258,0.667,-2.695,26.478,40.935,180.287,0.649,-2.662,-98.512,-2.723,-114.383,0.538,temp_g8_14_0001,run12_g8_g8_19,bi-obj/run12/g8/g8_19.pdb.sc
-454.889,-1.691,-51.829,-2.306,-41.234,-1.834,1126.121,2247.962,1121.841,24.0,-1.956,-1304.739,215.171,-331.436,2.17,33.099,148.924,757.622,0.254,-46.851,-60.358,-25.662,-56.723,12.0,-34.564,269.0,80.0,49.895,-49.995,0.693,-2.481,31.165,42.758,175.976,0.661,-2.248,-85.42,-2.692,-113.05,0.615,temp_g8_11_0001,run12_g8_g8_2,bi-obj/run12/g8/g8_2.pdb.sc
-417.764,-1.553,-33.711,-1.452,-16.404,-0.706,1272.954,2322.252,1049.298,32.0,-1.844,-1282.307,219.576,-312.616,2.086,31.665,156.638,743.479,0.366,-40.952,-58.523,-22.906,-54.508,7.0,-35.439,269.0,82.0,57.266,-47.264,0.69,-2.007,1.992,46.915,178.41,0.687,-1.73,-67.47,-2.257,-97.066,0.567,temp_g4_13_0001,run12_g8_g8_20,bi-obj/run12/g8/g8_20.pdb.sc
-472.75,-1.757,-55.463,-2.556,-40.043,-1.845,1113.58,2169.883,1056.303,20.0,-1.737,-1296.649,212.152,-332.719,2.132,31.049,149.815,753.494,0.345,-47.884,-64.179,-26.154,-56.084,14.0,-35.233,269.0,79.0,44.522,-51.825,0.726,-2.476,26.538,41.216,178.178,0.688,-2.007,-74.249,-2.89,-121.365,0.621,temp_g7_14_0001,run12_g8_g8_21,bi-obj/run12/g8/g8_21.pdb.sc
-479.596,-1.783,-56.744,-2.588,-41.151,-1.877,1134.782,2192.464,1057.682,20.0,-0.826,-1291.382,210.003,-335.182,2.175,31.137,145.119,755.327,0.348,-48.253,-64.463,-26.569,-55.99,15.0,-34.294,269.0,79.0,43.358,-51.987,0.699,-2.538,26.62,40.358,174.634,0.687,-2.031,-75.135,-2.985,-125.389,0.621,temp_g8_13_0001,run12_g8_g8_22,bi-obj/run12/g8/g8_22.pdb.sc
-485.007,-1.803,-57.437,-2.537,-49.655,-2.193,1079.762,2264.213,1184.45,23.0,-1.856,-1296.3,206.36,-330.84,2.133,31.226,145.402,752.394,0.322,-49.609,-66.149,-29.401,-57.778,15.0,-36.73,269.0,76.0,41.822,-47.333,0.784,-2.683,30.222,43.882,176.932,0.679,-2.394,-88.571,-2.957,-115.311,0.615,temp_g8_00_0001,run12_g8_g8_23,bi-obj/run12/g8/g8_23.pdb.sc
-453.934,-1.687,-46.52,-2.071,-37.765,-1.681,1162.037,2246.48,1084.443,27.0,-1.665,-1294.282,207.339,-315.754,2.287,31.811,148.398,743.168,0.212,-48.479,-59.66,-24.664,-56.52,9.0,-33.813,269.0,81.0,46.414,-48.712,0.717,-2.398,28.927,41.472,179.179,0.682,-2.437,-95.024,-2.362,-99.22,0.621,temp_g8_12_0001,run12_g8_g8_24,bi-obj/run12/g8/g8_24.pdb.sc
-450.92,-1.676,-48.087,-2.079,-36.849,-1.593,1169.429,2313.138,1143.709,23.0,-0.826,-1297.44,221.002,-321.984,2.277,32.165,154.842,753.529,0.244,-47.811,-62.221,-22.262,-55.496,11.0,-36.018,269.0,79.0,50.16,-51.641,0.712,-2.349,16.165,39.799,174.014,0.669,-1.947,-73.975,-2.722,-111.615,0.826,temp_g7_05_0001,run12_g8_g8_3,bi-obj/run12/g8/g8_3.pdb.sc
-455.92,-1.695,-48.03,-2.108,-40.408,-1.773,1230.725,2278.623,1047.898,24.0,-1.877,-1276.812,215.596,-318.775,2.091,31.575,146.119,741.853,0.195,-49.18,-60.88,-20.24,-55.397,9.0,-38.371,269.0,80.0,48.596,-51.555,0.676,-2.491,16.282,38.649,175.893,0.64,-2.245,-89.816,-2.737,-109.485,0.513,temp_g7_19_0001,run12_g8_g8_4,bi-obj/run12/g8/g8_4.pdb.sc
-482.531,-1.794,-52.877,-2.363,-43.483,-1.943,1245.794,2237.382,991.589,23.0,-0.826,-1305.557,217.262,-331.231,2.373,32.159,153.425,748.829,0.147,-44.497,-61.983,-20.55,-56.459,8.0,-35.424,269.0,80.0,45.266,-56.109,0.74,-2.597,16.048,36.912,177.024,0.639,-2.175,-84.808,-2.999,-122.965,0.807,temp_g8_19_0001,run12_g8_g8_5,bi-obj/run12/g8/g8_5.pdb.sc
-492.434,-1.831,-53.177,-2.31,-46.516,-2.021,1138.342,2302.043,1163.701,23.0,-1.7,-1300.92,206.044,-332.69,2.219,31.556,147.412,756.673,0.316,-50.457,-65.801,-29.888,-58.152,14.0,-35.142,269.0,75.0,38.176,-46.368,0.711,-2.776,28.31,41.786,175.844,0.686,-2.55,-91.818,-2.983,-116.35,0.666,temp_g8_20_0001,run12_g8_g8_6,bi-obj/run12/g8/g8_6.pdb.sc
-431.297,-1.603,-44.885,-1.937,-34.993,-1.51,1183.938,2317.418,1133.481,23.0,-1.877,-1285.891,222.34,-318.751,2.106,32.235,150.248,749.567,0.232,-45.789,-60.263,-21.847,-54.711,10.0,-37.396,269.0,82.0,52.254,-49.69,0.687,-2.25,16.295,41.561,177.774,0.648,-2.048,-81.931,-2.443,-102.608,0.538,temp_g7_02_0001,run12_g8_g8_7,bi-obj/run12/g8/g8_7.pdb.sc
-442.613,-1.645,-44.676,-2.037,-31.577,-1.439,1087.945,2193.698,1105.753,25.0,-1.839,-1303.077,220.751,-318.949,2.184,31.185,156.67,756.261,0.299,-47.631,-61.449,-23.33,-55.235,11.0,-36.676,269.0,76.0,49.751,-49.409,0.753,-2.199,13.995,45.211,178.41,0.701,-1.758,-63.294,-2.595,-103.807,0.565,temp_g5_07_0001,run12_g8_g8_8,bi-obj/run12/g8/g8_8.pdb.sc
-389.105,-1.446,-32.669,-1.388,-12.936,-0.55,1245.815,2353.891,1108.076,38.0,-1.844,-1284.747,222.319,-303.968,2.061,31.602,167.529,742.932,0.497,-39.988,-57.706,-21.001,-53.487,7.0,-36.567,269.0,81.0,61.942,-48.268,0.701,-1.751,1.98,50.149,177.335,0.68,-1.264,-49.293,-2.203,-92.519,0.619,temp_g7_10_0001,run12_g8_g8_9,bi-obj/run12/g8/g8_9.pdb.sc
-466.821,-1.735,-54.55,-2.441,-40.143,-1.796,1108.28,2234.96,1126.68,22.0,-0.826,-1296.797,211.679,-333.828,2.179,33.158,144.878,758.839,0.266,-47.468,-61.23,-25.603,-57.101,12.0,-34.037,269.0,80.0,45.455,-50.243,0.72,-2.551,30.061,41.033,172.431,0.662,-2.298,-87.342,-2.78,-116.771,0.601,temp_g9_02_0001,run12_g9_g9_0,bi-obj/run12/g9/g9_0.pdb.sc
-442.305,-1.644,-46.727,-2.02,-35.175,-1.521,1175.372,2312.666,1137.294,23.0,-0.826,-1295.109,223.198,-321.0,2.265,32.147,154.793,750.543,0.213,-45.548,-62.19,-20.798,-55.288,9.0,-36.273,269.0,79.0,50.754,-51.064,0.72,-2.272,16.165,39.997,175.102,0.677,-1.933,-73.459,-2.586,-106.013,0.826,temp_g6_08_0001,run12_g9_g9_1,bi-obj/run12/g9/g9_1.pdb.sc
-471.553,-1.753,-54.112,-2.485,-36.879,-1.693,1138.483,2177.862,1039.379,19.0,-1.688,-1300.125,212.963,-334.188,2.229,31.107,150.689,756.985,0.369,-49.273,-63.848,-27.439,-55.997,15.0,-33.792,269.0,79.0,45.263,-50.415,0.706,-2.537,29.563,38.691,177.09,0.701,-2.128,-78.725,-2.897,-121.685,0.633,temp_g9_21_0001,run12_g9_g9_10,bi-obj/run12/g9/g9_10.pdb.sc
-479.787,-1.784,-58.748,-2.621,-48.188,-2.15,1175.343,2241.676,1066.333,19.0,-1.898,-1270.943,200.166,-319.785,2.118,29.641,139.203,733.177,0.264,-46.244,-65.844,-23.952,-58.211,14.0,-34.803,269.0,79.0,40.607,-51.258,0.667,-2.695,26.478,40.935,180.287,0.649,-2.662,-98.512,-2.723,-114.383,0.538,temp_g8_14_0001,run12_g9_g9_11,bi-obj/run12/g9/g9_11.pdb.sc
-496.039,-1.844,-59.82,-2.726,-51.722,-2.357,1150.599,2194.075,1043.477,20.0,-1.898,-1265.381,196.719,-320.636,2.103,29.655,136.467,730.939,0.236,-50.339,-65.584,-23.979,-59.024,13.0,-35.488,269.0,78.0,36.734,-51.79,0.682,-2.828,26.478,40.807,177.355,0.634,-2.839,-105.044,-2.818,-115.534,0.822,temp_g9_19_0001,run12_g9_g9_12,bi-obj/run12/g9/g9_12.pdb.sc
-451.312,-1.678,-48.185,-2.058,-41.25,-1.762,1230.509,2341.551,1111.042,20.0,-1.877,-1288.854,217.968,-321.35,2.119,32.57,149.286,751.208,0.217,-49.972,-60.477,-21.776,-55.621,11.0,-37.609,269.0,82.0,46.822,-49.159,0.721,-2.365,16.651,41.536,176.687,0.659,-2.206,-90.454,-2.524,-103.493,0.537,temp_g8_09_0001,run12_g9_g9_13,bi-obj/run12/g9/g9_13.pdb.sc
-492.192,-1.83,-58.247,-2.601,-49.499,-2.21,1072.863,2239.722,1166.859,19.0,-1.856,-1291.071,204.055,-331.448,2.141,30.65,144.879,746.102,0.327,-51.125,-66.845,-27.407,-57.813,15.0,-36.01,269.0,76.0,40.742,-48.78,0.695,-2.752,30.222,42.691,177.982,0.672,-2.413,-89.277,-3.074,-119.869,0.699,temp_g9_23_0001,run12_g9_g9_14,bi-obj/run12/g9/g9_14.pdb.sc
-455.482,-1.693,-50.054,-2.214,-43.347,-1.917,1173.91,2260.934,1087.024,36.0,-1.835,-1276.626,200.51,-305.411,2.167,30.703,140.112,726.053,0.218,-47.103,-60.774,-22.725,-57.109,10.0,-35.987,269.0,81.0,44.549,-47.083,0.714,-2.355,26.579,46.471,181.453,0.691,-2.129,-85.178,-2.575,-105.578,0.576,temp_g9_17_0001,run12_g9_g9_15,bi-obj/run12/g9/g9_15.pdb.sc
-479.683,-1.783,-50.604,-2.21,-42.367,-1.85,1190.666,2289.932,1099.266,20.0,-0.826,-1303.514,215.565,-324.632,2.279,32.431,154.829,753.471,0.2,-50.729,-63.741,-19.588,-56.661,10.0,-37.211,269.0,79.0,45.894,-50.72,0.708,-2.48,8.684,39.945,174.014,0.696,-2.244,-87.497,-2.71,-108.389,0.826,temp_g9_15_0001,run12_g9_g9_16,bi-obj/run12/g9/g9_16.pdb.sc
-485.007,-1.803,-57.437,-2.537,-49.655,-2.193,1079.762,2264.213,1184.45,23.0,-1.856,-1296.3,206.36,-330.84,2.133,31.226,145.402,752.394,0.322,-49.609,-66.149,-29.401,-57.778,15.0,-36.73,269.0,76.0,41.822,-47.333,0.784,-2.683,30.222,43.882,176.932,0.679,-2.394,-88.571,-2.957,-115.311,0.615,temp_g8_00_0001,run12_g9_g9_17,bi-obj/run12/g9/g9_17.pdb.sc
-470.751,-1.75,-52.153,-2.295,-42.634,-1.876,1188.2,2272.543,1084.343,27.0,-1.943,-1308.59,211.84,-330.361,2.151,31.859,150.67,759.986,0.265,-53.253,-60.438,-23.491,-57.201,12.0,-34.359,269.0,79.0,47.193,-50.177,0.738,-2.535,26.66,44.453,173.618,0.702,-2.32,-88.147,-2.735,-112.115,0.632,temp_g7_22_0001,run12_g9_g9_18,bi-obj/run12/g9/g9_18.pdb.sc
-447.573,-1.664,-45.915,-2.112,-32.834,-1.51,1065.234,2174.466,1109.232,25.0,-1.955,-1302.296,216.307,-321.031,2.192,31.141,153.767,756.467,0.287,-45.762,-62.533,-22.081,-55.653,11.0,-36.132,269.0,77.0,45.197,-49.43,0.72,-2.124,21.493,44.143,178.057,0.695,-1.899,-68.36,-2.321,-95.162,0.537,temp_g7_01_0001,run12_g9_g9_19,bi-obj/run12/g9/g9_19.pdb.sc
-455.92,-1.695,-48.03,-2.108,-40.408,-1.773,1230.725,2278.623,1047.898,24.0,-1.877,-1276.812,215.596,-318.775,2.091,31.575,146.119,741.853,0.195,-49.18,-60.88,-20.24,-55.397,9.0,-38.371,269.0,80.0,48.596,-51.555,0.676,-2.491,16.282,38.649,175.893,0.64,-2.245,-89.816,-2.737,-109.485,0.513,temp_g7_19_0001,run12_g9_g9_2,bi-obj/run12/g9/g9_2.pdb.sc
-492.351,-1.83,-53.211,-2.315,-46.662,-2.03,1133.986,2298.676,1164.689,23.0,-1.693,-1300.923,206.118,-332.752,2.221,31.554,147.122,756.698,0.315,-50.458,-65.797,-29.715,-58.151,14.0,-35.094,269.0,75.0,38.221,-46.359,0.712,-2.774,28.334,41.818,175.844,0.687,-2.55,-91.811,-2.981,-116.264,0.663,temp_g9_06_0001,run12_g9_g9_20,bi-obj/run12/g9/g9_20.pdb.sc
-475.868,-1.769,-55.907,-2.513,-45.764,-2.057,1019.758,2225.057,1205.298,19.0,-1.856,-1289.53,207.012,-327.213,2.122,30.864,145.967,750.92,0.334,-50.193,-65.049,-27.926,-57.088,16.0,-36.746,269.0,76.0,41.691,-47.597,0.759,-2.569,29.765,43.334,175.087,0.675,-2.222,-82.216,-2.898,-113.032,0.568,temp_g9_14_0001,run12_g9_g9_21,bi-obj/run12/g9/g9_21.pdb.sc
-456.079,-1.695,-49.997,-2.167,-37.826,-1.639,1160.815,2307.716,1146.901,22.0,-0.826,-1299.178,220.082,-319.954,2.275,32.19,154.524,752.829,0.286,-46.359,-62.573,-23.936,-56.053,12.0,-36.772,269.0,79.0,48.788,-52.051,0.707,-2.408,15.635,39.572,174.691,0.677,-1.973,-74.957,-2.812,-115.306,1.039,temp_g9_03_0001,run12_g9_g9_22,bi-obj/run12/g9/g9_22.pdb.sc
-450.92,-1.676,-48.087,-2.079,-36.849,-1.593,1169.429,2313.138,1143.709,23.0,-0.826,-1297.44,221.002,-321.984,2.277,32.165,154.842,753.529,0.244,-47.811,-62.221,-22.262,-55.496,11.0,-36.018,269.0,79.0,50.16,-51.641,0.712,-2.349,16.165,39.799,174.014,0.669,-1.947,-73.975,-2.722,-111.615,0.826,temp_g7_05_0001,run12_g9_g9_23,bi-obj/run12/g9/g9_23.pdb.sc
-446.748,-1.661,-46.718,-2.154,-34.176,-1.575,1040.724,2169.299,1128.575,25.0,-1.955,-1301.924,216.831,-324.162,2.18,31.1,154.264,755.728,0.284,-46.237,-63.487,-22.04,-55.564,11.0,-35.348,269.0,77.0,44.904,-49.424,0.696,-2.119,25.788,44.005,178.057,0.697,-1.86,-66.96,-2.346,-96.185,0.537,temp_g9_13_0001,run12_g9_g9_24,bi-obj/run12/g9/g9_24.pdb.sc
-474.235,-1.763,-54.007,-2.418,-43.969,-1.969,1157.28,2233.252,1075.972,29.0,-1.892,-1309.907,210.077,-328.124,2.16,31.711,152.747,758.157,0.304,-52.651,-61.283,-23.593,-57.435,13.0,-34.599,269.0,78.0,43.807,-51.405,0.697,-2.562,27.627,42.812,176.924,0.7,-2.354,-89.459,-2.758,-110.338,0.633,temp_g9_01_0001,run12_g9_g9_3,bi-obj/run12/g9/g9_3.pdb.sc
-479.596,-1.783,-56.744,-2.588,-41.151,-1.877,1134.782,2192.464,1057.682,20.0,-0.826,-1291.382,210.003,-335.182,2.175,31.137,145.119,755.327,0.348,-48.253,-64.463,-26.569,-55.99,15.0,-34.294,269.0,79.0,43.358,-51.987,0.699,-2.538,26.62,40.358,174.634,0.687,-2.031,-75.135,-2.985,-125.389,0.621,temp_g8_13_0001,run12_g9_g9_4,bi-obj/run12/g9/g9_4.pdb.sc
-417.764,-1.553,-33.711,-1.452,-16.404,-0.706,1272.954,2322.252,1049.298,32.0,-1.844,-1282.307,219.576,-312.616,2.086,31.665,156.638,743.479,0.366,-40.952,-58.523,-22.906,-54.508,7.0,-35.439,269.0,82.0,57.266,-47.264,0.69,-2.007,1.992,46.915,178.41,0.687,-1.73,-67.47,-2.257,-97.066,0.567,temp_g4_13_0001,run12_g9_g9_5,bi-obj/run12/g9/g9_5.pdb.sc
-482.531,-1.794,-52.877,-2.363,-43.483,-1.943,1245.794,2237.382,991.589,23.0,-0.826,-1305.557,217.262,-331.231,2.373,32.159,153.425,748.829,0.147,-44.497,-61.983,-20.55,-56.459,8.0,-35.424,269.0,80.0,45.266,-56.109,0.74,-2.597,16.048,36.912,177.024,0.639,-2.175,-84.808,-2.999,-122.965,0.807,temp_g8_19_0001,run12_g9_g9_6,bi-obj/run12/g9/g9_6.pdb.sc
-441.543,-1.641,-47.588,-2.199,-32.986,-1.524,1096.767,2164.395,1067.627,24.0,-1.955,-1297.432,215.23,-319.439,2.146,31.67,152.151,753.617,0.298,-45.775,-62.411,-20.257,-55.465,11.0,-35.194,269.0,77.0,46.307,-48.493,0.704,-2.091,21.493,44.028,177.703,0.669,-1.818,-65.457,-2.331,-95.554,0.532,temp_g9_18_0001,run12_g9_g9_7,bi-obj/run12/g9/g9_7.pdb.sc
-472.75,-1.757,-55.463,-2.556,-40.043,-1.845,1113.58,2169.883,1056.303,20.0,-1.737,-1296.649,212.152,-332.719,2.132,31.049,149.815,753.494,0.345,-47.884,-64.179,-26.154,-56.084,14.0,-35.233,269.0,79.0,44.522,-51.825,0.726,-2.476,26.538,41.216,178.178,0.688,-2.007,-74.249,-2.89,-121.365,0.621,temp_g7_14_0001,run12_g9_g9_8,bi-obj/run12/g9/g9_8.pdb.sc
-389.105,-1.446,-32.669,-1.388,-12.936,-0.55,1245.815,2353.891,1108.076,38.0,-1.844,-1284.747,222.319,-303.968,2.061,31.602,167.529,742.932,0.497,-39.988,-57.706,-21.001,-53.487,7.0,-36.567,269.0,81.0,61.942,-48.268,0.701,-1.751,1.98,50.149,177.335,0.68,-1.264,-49.293,-2.203,-92.519,0.619,temp_g7_10_0001,run12_g9_g9_9,bi-obj/run12/g9/g9_9.pdb.sc
