H0_count,H0_sum_persistence,H0_mean_persistence,H0_max_persistence,H0_birth_mean,H0_death_mean,H1_count,H1_sum_persistence,H1_mean_persistence,H1_max_persistence,H1_birth_mean,H1_death_mean,H2_count,H2_sum_persistence,H2_mean_persistence,H2_max_persistence,H2_birth_mean,H2_death_mean,H1H2_sum_persistence,H1H2_count,n_mut_chain_residues,n_partner_residues,n_mut_chain_points,n_partner_points,n_interface_points,mutation,pdb_file,total_score,complex_normalized,dG_cross,dG_cross/dSASAx100,dG_separated,dG_separated/dSASAx100,dSASA_hphobic,dSASA_int,dSASA_polar,delta_unsatHbonds,dslf_fa13,fa_atr,fa_dun,fa_elec,fa_intra_rep,fa_intra_sol_xover4,fa_rep,fa_sol,hbond_E_fraction,hbond_bb_sc,hbond_lr_bb,hbond_sc,hbond_sr_bb,hbonds_int,lk_ball_wtd,nres_all,nres_int,omega,p_aa_pp,packstat,per_residue_energy_int,pro_close,rama_prepro,ref,sc_value,side1_normalized,side1_score,side2_normalized,side2_score,yhh_planarity,description,score_file
561.0,826.7778928279877,1.4737573847201206,3.2051174640655518,0.0,1.4737573847201206,158.0,93.6789585351944,0.5929048008556608,2.410245656967163,3.1781676894501794,3.77107249030584,45.0,14.157074451446533,0.3146016544765896,1.28828763961792,4.127041069666545,4.441642724143135,107.83603298664093,203.0,38,39,292,270,562,run12_g0_g0_00,bi-obj/run12/g0/g0_00.pdb,-155.933,-0.58,74.588,3.099,113.358,4.709,1215.991,2407.156,1191.165,35.0,-1.995,-1327.618,257.231,-291.816,1.96,32.207,301.032,777.39,-0.024,-32.107,-49.521,-20.556,-51.523,5.0,-33.429,269.0,83.0,92.414,-45.788,0.712,0.818,1.946,58.96,174.685,0.681,1.643,64.068,0.088,3.864,0.597,g0_00_0001,bi-obj/run12/g0/g0_00.pdb.sc
555.0,817.8992280960083,1.4736923028756905,3.2051174640655518,0.0,1.4736923028756905,155.0,92.31205606460571,0.5955616520297142,2.410245656967163,3.2427158248039984,3.8382774768337127,41.0,10.750983715057373,0.2622191150013993,0.9206333160400391,4.235299505838534,4.497518620839933,103.06303977966309,196.0,38,39,286,270,556,run12_g0_g0_01,bi-obj/run12/g0/g0_01.pdb,-309.906,-1.152,8.568,0.358,33.776,1.411,1141.842,2394.152,1252.31,31.0,-1.927,-1308.08,237.686,-306.303,2.073,32.214,216.238,768.155,-0.204,-37.317,-55.072,-24.604,-51.593,8.0,-33.763,269.0,83.0,73.732,-48.326,0.693,-0.992,2.036,50.548,173.813,0.658,-0.502,-19.577,-1.426,-62.76,0.585,g0_01_0001,bi-obj/run12/g0/g0_01.pdb.sc
550.0,811.8651988506317,1.476118543364785,3.2051174640655518,0.0,1.476118543364785,145.0,88.04017400741577,0.6071736138442467,2.464789390563965,3.260118103027344,3.8672917168715903,45.0,11.416579008102417,0.25370175573560927,1.0595102310180664,4.392537996504042,4.6462397522396515,99.45675301551819,190.0,38,39,281,270,551,run12_g0_g0_02,bi-obj/run12/g0/g0_02.pdb,-346.135,-1.287,-6.265,-0.263,16.009,0.671,1205.705,2385.876,1180.171,32.0,-1.833,-1287.118,227.038,-301.793,2.022,31.251,193.076,747.015,-0.365,-38.941,-57.174,-21.3,-52.501,8.0,-34.671,269.0,82.0,64.65,-47.94,0.715,-1.252,2.165,52.0,177.335,0.665,-0.707,-27.569,-1.746,-75.081,0.585,g0_02_0001,bi-obj/run12/g0/g0_02.pdb.sc
550.0,811.8002461194992,1.4760004474899986,3.2051174640655518,0.0,1.4760004474899986,146.0,87.69938826560974,0.6006807415452722,2.410245656967163,3.2600617833333474,3.8607425248786194,42.0,11.141373634338379,0.2652708008175805,0.942631721496582,4.272804453259423,4.538075254077003,98.84076189994812,188.0,38,39,281,270,551,run12_g0_g0_03,bi-obj/run12/g0/g0_03.pdb,-346.096,-1.287,-6.249,-0.261,16.143,0.674,1223.846,2393.694,1169.848,37.0,-1.844,-1287.024,226.836,-302.248,2.02,31.245,193.428,747.099,-0.323,-38.502,-56.315,-21.14,-52.5,7.0,-34.708,269.0,82.0,63.703,-47.874,0.708,-1.248,1.98,51.829,177.335,0.664,-0.72,-28.07,-1.727,-74.266,0.585,g0_03_0001,bi-obj/run12/g0/g0_03.pdb.sc
555.0,818.1094588041306,1.4740710969443793,3.2051174640655518,0.0,1.4740710969443793,150.0,91.1143490076065,0.6074289933840433,2.410245656967163,3.223770549297333,3.831199542681376,45.0,10.690256834030151,0.23756126297844782,0.8668861389160156,4.276614295111762,4.51417555809021,101.80460584163666,195.0,38,39,286,270,556,run12_g0_g0_04,bi-obj/run12/g0/g0_04.pdb,-310.643,-1.155,8.695,0.361,32.918,1.367,1146.381,2408.042,1261.661,34.0,-1.96,-1306.815,237.731,-306.11,2.053,32.099,214.29,766.015,-0.18,-36.554,-55.266,-24.143,-51.639,8.0,-34.119,269.0,83.0,74.912,-48.439,0.649,-0.971,1.961,50.943,173.813,0.649,-0.476,-18.548,-1.411,-62.076,0.585,g0_04_0001,bi-obj/run12/g0/g0_04.pdb.sc
556.0,819.8739907741547,1.474593508586609,3.28822660446167,0.0,1.474593508586609,159.0,92.01716446876526,0.5787243048350016,2.410245656967163,3.240555040491452,3.8192793453264535,40.0,12.865096807479858,0.32162742018699647,1.3552765846252441,4.1744656503200535,4.496093070507049,104.88226127624512,199.0,38,39,287,270,557,run12_g0_g0_05,bi-obj/run12/g0/g0_05.pdb,-292.419,-1.087,2.71,0.115,28.936,1.224,1220.037,2363.462,1143.425,31.0,-1.886,-1310.183,241.016,-299.485,2.006,31.714,221.914,758.23,-0.195,-35.777,-56.417,-21.637,-52.156,7.0,-35.891,269.0,83.0,77.18,-46.5,0.711,-0.723,2.565,53.931,178.207,0.687,0.032,1.284,-1.426,-61.31,0.752,g0_05_0001,bi-obj/run12/g0/g0_05.pdb.sc
555.0,818.57357442379,1.474907341304126,3.2051174640655518,0.0,1.474907341304126,149.0,90.62463796138763,0.6082190467207224,2.410245656967163,3.228233738233579,3.8364527849543015,43.0,11.644829988479614,0.27080999973208403,0.8815231323242188,4.28759232232737,4.558402322059454,102.26946794986725,192.0,38,39,286,270,556,run12_g0_g0_06,bi-obj/run12/g0/g0_06.pdb,-317.272,-1.179,7.493,0.312,32.402,1.35,1169.312,2400.185,1230.874,32.0,-1.832,-1301.635,235.29,-306.297,2.064,32.231,209.159,763.925,-0.179,-36.246,-55.217,-24.632,-51.702,8.0,-34.317,269.0,82.0,73.388,-48.088,0.684,-0.976,2.035,50.204,173.813,0.656,-0.536,-20.898,-1.376,-59.164,0.585,g0_06_0001,bi-obj/run12/g0/g0_06.pdb.sc
555.0,818.5847207307816,1.474927424740147,3.2051174640655518,0.0,1.474927424740147,151.0,90.76335632801056,0.6010818299868249,2.410245656967163,3.230178251171744,3.8312600811585686,45.0,11.995069026947021,0.26655708948771156,0.9915823936462402,4.31324405670166,4.5798011461893715,102.75842535495758,196.0,38,39,286,270,556,run12_g0_g0_07,bi-obj/run12/g0/g0_07.pdb,-319.9,-1.189,3.222,0.136,27.332,1.152,1174.672,2371.975,1197.303,29.0,-1.808,-1300.208,234.783,-306.314,2.044,32.228,208.352,761.783,-0.241,-37.478,-55.042,-24.021,-51.676,8.0,-33.919,269.0,82.0,73.706,-47.887,0.691,-1.01,1.947,49.213,173.813,0.643,-0.581,-22.673,-1.399,-60.173,0.585,g0_07_0001,bi-obj/run12/g0/g0_07.pdb.sc
556.0,819.7936849594116,1.4744490736680065,3.2871057987213135,0.0,1.4744490736680065,158.0,93.51179027557373,0.5918467738960362,2.410245656967163,3.228721710700023,3.8205684845960595,40.0,12.828175067901611,0.32070437669754026,1.357628345489502,4.174471038579941,4.495175415277481,106.33996534347534,198.0,38,39,287,270,557,run12_g0_g0_08,bi-obj/run12/g0/g0_08.pdb,-291.872,-1.085,0.529,0.022,28.58,1.18,1213.216,2422.161,1208.946,34.0,-1.906,-1309.678,239.659,-297.443,1.994,31.817,222.092,759.879,-0.242,-33.62,-56.273,-24.712,-52.151,8.0,-36.629,269.0,82.0,76.797,-46.473,0.68,-0.712,2.234,53.655,178.207,0.687,0.037,1.477,-1.425,-59.852,0.679,g0_08_0001,bi-obj/run12/g0/g0_08.pdb.sc
542.0,800.1772997379303,1.4763418814352958,3.292567729949951,0.0,1.4763418814352958,147.0,89.22479331493378,0.6069713830947876,2.410245656967163,3.2662099421429795,3.873181325237767,45.0,11.2928307056427,0.25095179345872665,1.0595102310180664,4.247816350724962,4.498768144183689,100.51762402057648,192.0,38,38,281,262,543,run12_g0_g0_09,bi-obj/run12/g0/g0_09.pdb,-356.883,-1.327,-10.391,-0.445,12.599,0.539,1125.537,2337.009,1211.472,30.0,-1.83,-1295.526,228.574,-303.724,2.039,31.405,195.269,750.245,-0.641,-40.257,-59.544,-21.725,-52.357,10.0,-35.273,269.0,79.0,65.738,-48.658,0.654,-1.2,2.458,48.363,177.335,0.661,-0.449,-16.157,-1.829,-78.65,0.585,g0_09_0001,bi-obj/run12/g0/g0_09.pdb.sc
556.0,819.7854923009872,1.4744343386708403,3.2878096103668213,0.0,1.4744343386708403,159.0,93.48147964477539,0.5879338342438704,2.410245656967163,3.232724408683537,3.8206582429274074,40.0,12.836777448654175,0.3209194362163544,1.3588294982910156,4.174272376298904,4.495191812515259,106.31825709342957,199.0,38,39,287,270,557,run12_g0_g0_10,bi-obj/run12/g0/g0_10.pdb,-291.863,-1.085,0.518,0.021,28.393,1.174,1209.367,2418.027,1208.66,34.0,-1.903,-1309.748,239.66,-297.487,1.994,31.816,222.138,759.93,-0.243,-33.627,-56.276,-24.698,-52.15,8.0,-36.628,269.0,82.0,76.81,-46.47,0.727,-0.712,2.231,53.66,178.207,0.688,0.037,1.49,-1.425,-59.846,0.678,g0_10_0001,bi-obj/run12/g0/g0_10.pdb.sc
543.0,800.1754124164581,1.4736195440450426,3.2523319721221924,0.0,1.4736195440450426,145.0,87.2105313539505,0.6014519403720724,2.8444528579711914,3.3160611950117964,3.917513135383869,45.0,11.763424396514893,0.26140943103366426,0.9930686950683594,4.33598067495558,4.597390105989244,98.9739557504654,190.0,38,38,281,263,544,run12_g0_g0_11,bi-obj/run12/g0/g0_11.pdb,-359.607,-1.337,0.919,0.039,19.245,0.824,1127.918,2336.549,1208.631,32.0,-1.854,-1287.844,227.245,-310.587,2.051,31.577,193.597,763.244,-0.224,-40.923,-55.896,-25.933,-51.621,6.0,-35.018,269.0,82.0,58.482,-51.215,0.643,-1.443,5.445,46.748,172.305,0.617,-1.068,-41.661,-1.783,-76.651,0.59,g0_11_0001,bi-obj/run12/g0/g0_11.pdb.sc
550.0,811.530974984169,1.47551086360758,3.278259754180908,0.0,1.47551086360758,144.0,89.41211879253387,0.6209174916148186,2.4622585773468018,3.2469239789578648,3.8678414705726833,41.0,10.33432126045227,0.252056616108592,1.0595102310180664,4.348847272919445,4.600903889028038,99.74644005298615,185.0,38,39,281,270,551,run12_g0_g0_12,bi-obj/run12/g0/g0_12.pdb,-342.832,-1.274,-6.596,-0.275,16.426,0.685,1164.995,2399.352,1234.357,30.0,-1.854,-1291.053,229.94,-303.662,2.025,31.273,196.941,749.984,-0.4,-39.871,-57.955,-21.083,-52.425,9.0,-34.552,269.0,82.0,65.355,-47.822,0.689,-1.27,1.976,52.031,177.335,0.636,-0.73,-28.454,-1.759,-75.653,0.585,g0_12_0001,bi-obj/run12/g0/g0_12.pdb.sc
550.0,811.4067757129669,1.475285046750849,3.2851128578186035,0.0,1.475285046750849,147.0,89.41821229457855,0.6082871584665208,2.410245656967163,3.2632184377332933,3.871505596199814,44.0,10.330426692962646,0.23478242484006015,1.0595102310180664,4.293286041779951,4.528068466620012,99.7486389875412,191.0,38,39,281,270,551,run12_g0_g0_13,bi-obj/run12/g0/g0_13.pdb,-345.276,-1.284,-10.293,-0.434,11.349,0.479,1140.376,2369.545,1229.17,29.0,-1.839,-1297.628,232.327,-304.368,2.031,31.464,196.163,755.068,-0.653,-38.766,-59.269,-21.65,-52.339,9.0,-35.589,269.0,80.0,66.019,-47.684,0.713,-1.185,2.457,50.407,177.335,0.666,-0.445,-16.467,-1.821,-78.299,0.585,g0_13_0001,bi-obj/run12/g0/g0_13.pdb.sc
550.0,811.927592754364,1.4762319868261164,3.285231351852417,0.0,1.4762319868261164,155.0,91.70477521419525,0.5916437110593242,2.410245656967163,3.257780385017395,3.8494240960767194,40.0,11.53731894493103,0.28843297362327575,1.0595102310180664,4.198221862316132,4.486654835939407,103.24209415912628,195.0,38,39,281,270,551,run12_g0_g0_14,bi-obj/run12/g0/g0_14.pdb,-348.417,-1.295,-13.541,-0.57,10.626,0.447,1081.082,2376.736,1295.655,33.0,-1.833,-1299.741,231.198,-304.957,2.001,31.238,198.569,759.119,-0.947,-37.112,-60.026,-24.826,-52.382,11.0,-36.684,269.0,80.0,65.032,-47.743,0.74,-1.231,2.27,49.54,177.335,0.682,-0.584,-22.186,-1.817,-76.327,0.585,g0_14_0001,bi-obj/run12/g0/g0_14.pdb.sc
556.0,819.8947093486786,1.4746307722098535,3.2938930988311768,0.0,1.4746307722098535,159.0,92.05693018436432,0.5789744036752473,2.410245656967163,3.2400920023708224,3.8190664060460695,40.0,12.830971479415894,0.32077428698539734,1.355844497680664,4.175011670589447,4.495785957574844,104.88790166378021,199.0,38,39,287,270,557,run12_g0_g0_15,bi-obj/run12/g0/g0_15.pdb,-292.496,-1.087,2.683,0.114,29.58,1.253,1217.776,2360.593,1142.817,29.0,-1.887,-1310.209,241.055,-299.486,2.005,31.712,221.814,758.264,-0.191,-35.788,-56.438,-21.604,-52.148,7.0,-35.91,269.0,83.0,77.195,-46.511,0.718,-0.724,2.572,53.916,178.207,0.687,0.031,1.231,-1.425,-61.291,0.745,g0_15_0001,bi-obj/run12/g0/g0_15.pdb.sc
550.0,812.6425060033798,1.4775318290970543,3.450584650039673,0.0,1.4775318290970543,152.0,91.75258767604828,0.6036354452371597,2.410245656967163,3.2481139388523603,3.85174938408952,44.0,11.236483335494995,0.2553746212612499,1.0595102310180664,4.246981447393244,4.5023560686544934,102.98907101154327,196.0,38,39,281,270,551,run12_g0_g0_16,bi-obj/run12/g0/g0_16.pdb,-358.425,-1.332,-18.37,-0.779,4.802,0.204,1082.517,2356.944,1274.427,30.0,-1.856,-1295.388,227.837,-306.866,1.991,31.292,190.602,758.136,-2.604,-37.25,-61.397,-26.797,-53.151,13.0,-36.5,269.0,78.0,64.244,-47.184,0.781,-1.325,5.3,50.637,177.335,0.674,-0.664,-23.896,-1.891,-79.431,0.59,g0_16_0001,bi-obj/run12/g0/g0_16.pdb.sc
555.0,818.1008968353271,1.4740556699735625,3.2051174640655518,0.0,1.4740556699735625,150.0,91.28931295871735,0.6085954197247823,2.410245656967163,3.2236554137865703,3.8322508335113525,43.0,10.602752685546875,0.24657564384992733,0.8765087127685547,4.2741276940634085,4.520703337913336,101.89206564426422,193.0,38,39,286,270,556,run12_g0_g0_17,bi-obj/run12/g0/g0_17.pdb,-311.279,-1.157,8.63,0.358,33.487,1.389,1140.796,2410.402,1269.606,33.0,-1.956,-1306.802,237.509,-305.782,2.063,32.099,213.99,765.677,-0.189,-36.305,-55.206,-24.672,-51.643,8.0,-34.127,269.0,83.0,74.783,-48.215,0.648,-0.979,1.964,50.947,173.813,0.651,-0.489,-19.065,-1.413,-62.168,0.585,g0_17_0001,bi-obj/run12/g0/g0_17.pdb.sc
556.0,819.8887330293655,1.4746200234341107,3.2837913036346436,0.0,1.4746200234341107,159.0,92.03210246562958,0.5788182545008149,2.410245656967163,3.2404580048795015,3.8192762593803167,40.0,12.843276500701904,0.3210819125175476,1.3494668006896973,4.174738794565201,4.495820707082748,104.87537896633148,199.0,38,39,287,270,557,run12_g0_g0_18,bi-obj/run12/g0/g0_18.pdb,-292.3,-1.087,2.795,0.118,29.431,1.247,1214.652,2361.08,1146.428,29.0,-1.887,-1310.194,240.953,-299.505,2.006,31.715,222.055,758.209,-0.191,-35.771,-56.452,-21.575,-52.147,7.0,-35.889,269.0,83.0,77.182,-46.496,0.693,-0.722,2.605,53.939,178.207,0.686,0.035,1.391,-1.425,-61.296,0.746,g0_18_0001,bi-obj/run12/g0/g0_18.pdb.sc
550.0,811.5330724716187,1.4755146772211247,3.2051174640655518,0.0,1.4755146772211247,145.0,88.02062094211578,0.6070387651180399,2.44047212600708,3.250667720827563,3.8577064859456027,42.0,10.517951488494873,0.2504274163927351,1.0229072570800781,4.35507983820779,4.605507254600525,98.53857243061066,187.0,38,39,281,270,551,run12_g0_g0_19,bi-obj/run12/g0/g0_19.pdb,-342.026,-1.271,-5.867,-0.245,17.328,0.723,1198.104,2396.388,1198.283,33.0,-1.838,-1291.748,229.652,-302.37,2.022,31.273,196.677,748.863,-0.354,-38.896,-56.29,-21.314,-52.523,8.0,-34.62,269.0,82.0,65.038,-48.052,0.711,-1.239,2.022,52.158,177.335,0.657,-0.692,-27.004,-1.735,-74.626,0.585,g0_19_0001,bi-obj/run12/g0/g0_19.pdb.sc
555.0,818.1197865009308,1.4740897054070825,3.2051174640655518,0.0,1.4740897054070825,153.0,91.38483905792236,0.5972865297903422,2.410245656967163,3.230579265582016,3.8278657953723583,41.0,11.032810926437378,0.2690929494253019,0.9257111549377441,4.21604336180338,4.485136311228683,102.41764998435974,194.0,38,39,286,270,556,run12_g0_g0_20,bi-obj/run12/g0/g0_20.pdb,-309.716,-1.151,8.504,0.355,33.878,1.414,1134.414,2395.474,1261.061,32.0,-1.919,-1308.11,238.068,-305.729,2.062,32.235,215.75,768.43,-0.201,-37.014,-55.025,-24.639,-51.687,8.0,-34.166,269.0,83.0,73.869,-48.119,0.725,-0.968,2.093,49.786,173.813,0.662,-0.46,-17.941,-1.419,-62.43,0.585,g0_20_0001,bi-obj/run12/g0/g0_20.pdb.sc
555.0,818.1094588041306,1.4740710969443793,3.2051174640655518,0.0,1.4740710969443793,150.0,91.1143490076065,0.6074289933840433,2.410245656967163,3.223770549297333,3.831199542681376,45.0,10.690256834030151,0.23756126297844782,0.8668861389160156,4.276614295111762,4.51417555809021,101.80460584163666,195.0,38,39,286,270,556,run12_g0_g0_21,bi-obj/run12/g0/g0_21.pdb,-310.643,-1.155,8.695,0.361,28.514,1.184,1146.381,2408.042,1261.661,34.0,-1.96,-1306.815,237.731,-306.11,2.053,32.099,214.29,766.015,-0.208,-36.554,-55.266,-24.143,-51.639,8.0,-34.119,269.0,83.0,74.912,-48.439,0.684,-0.971,1.961,50.943,173.813,0.649,-0.476,-18.548,-1.411,-62.076,0.585,g0_21_0001,bi-obj/run12/g0/g0_21.pdb.sc
550.0,812.4134665727615,1.4771153937686574,3.3959436416625977,0.0,1.4771153937686574,152.0,89.63573324680328,0.5897087713605479,2.410245656967163,3.256255032984834,3.845963804345382,45.0,12.360982179641724,0.27468849288092717,1.0595102310180664,4.289825195736356,4.564513688617282,101.99671542644501,197.0,38,39,281,270,551,run12_g0_g0_22,bi-obj/run12/g0/g0_22.pdb,-361.485,-1.344,-14.599,-0.625,7.735,0.331,1154.745,2335.606,1180.862,29.0,-1.89,-1291.952,228.851,-308.579,2.055,31.436,189.64,749.995,-1.12,-39.953,-59.875,-22.557,-53.039,11.0,-34.793,269.0,78.0,63.857,-48.283,0.724,-1.357,6.21,49.472,177.335,0.635,-0.772,-27.799,-1.858,-78.025,0.585,g0_22_0001,bi-obj/run12/g0/g0_22.pdb.sc
550.0,811.6248853206635,1.4756816096739336,3.2857086658477783,0.0,1.4756816096739336,144.0,89.36252927780151,0.6205731199847327,2.5271482467651367,3.2459028396341534,3.8664759596188865,43.0,10.911290407180786,0.25375093970187873,1.0595102310180664,4.398543180421341,4.65229412012322,100.2738196849823,187.0,38,39,281,270,551,run12_g0_g0_23,bi-obj/run12/g0/g0_23.pdb,-345.528,-1.284,-6.684,-0.282,16.738,0.706,1163.32,2371.524,1208.205,30.0,-1.85,-1287.403,227.122,-303.329,2.054,31.262,195.915,748.075,-0.383,-39.894,-58.42,-21.01,-52.434,9.0,-34.099,269.0,81.0,64.699,-47.762,0.675,-1.221,1.974,51.653,177.335,0.646,-0.724,-28.224,-1.683,-70.675,0.585,g0_23_0001,bi-obj/run12/g0/g0_23.pdb.sc
556.0,819.8947093486786,1.4746307722098535,3.2938930988311768,0.0,1.4746307722098535,159.0,92.05693018436432,0.5789744036752473,2.410245656967163,3.2400920023708224,3.8190664060460695,40.0,12.830971479415894,0.32077428698539734,1.355844497680664,4.175011670589447,4.495785957574844,104.88790166378021,199.0,38,39,287,270,557,run12_g0_g0_24,bi-obj/run12/g0/g0_24.pdb,-292.496,-1.087,2.683,0.114,28.764,1.218,1217.776,2360.593,1142.817,31.0,-1.887,-1310.209,241.055,-299.486,2.005,31.712,221.814,758.264,-0.196,-35.788,-56.438,-21.604,-52.148,7.0,-35.91,269.0,83.0,77.195,-46.511,0.698,-0.724,2.572,53.916,178.207,0.687,0.031,1.231,-1.425,-61.291,0.745,g0_24_0001,bi-obj/run12/g0/g0_24.pdb.sc
556.0,819.7854923009872,1.4744343386708403,3.2878096103668213,0.0,1.4744343386708403,159.0,93.48147964477539,0.5879338342438704,2.410245656967163,3.232724408683537,3.8206582429274074,40.0,12.836777448654175,0.3209194362163544,1.3588294982910156,4.174272376298904,4.495191812515259,106.31825709342957,199.0,38,39,287,270,557,run12_g1_g1_0,bi-obj/run12/g1/g1_0.pdb,-291.863,-1.085,0.518,0.021,28.393,1.174,1209.367,2418.027,1208.66,34.0,-1.903,-1309.748,239.66,-297.487,1.994,31.816,222.138,759.93,-0.243,-33.627,-56.276,-24.698,-52.15,8.0,-36.628,269.0,82.0,76.81,-46.47,0.727,-0.712,2.231,53.66,178.207,0.688,0.037,1.49,-1.425,-59.846,0.678,g0_10_0001,bi-obj/run12/g1/g1_0.pdb.sc
551.0,811.6371437311172,1.4730256692034795,3.28822660446167,0.0,1.4730256692034795,151.0,89.64124310016632,0.5936506165573928,2.8568685054779053,3.2779199074435708,3.8715705240009637,38.0,11.690143346786499,0.30763535123122365,1.4188504219055176,4.225331469586021,4.5329668208172444,101.33138644695282,189.0,38,39,282,270,552,run12_g1_g1_1,bi-obj/run12/g1/g1_1.pdb,-363.332,-1.351,-19.033,-0.791,-4.053,-0.168,1172.716,2406.441,1233.725,26.0,-1.882,-1290.314,226.86,-307.355,2.044,31.244,183.834,753.526,1.618,-42.514,-57.967,-18.743,-52.685,9.0,-36.476,269.0,82.0,58.873,-50.512,0.637,-1.532,15.937,45.514,176.699,0.626,-1.096,-43.853,-1.947,-81.762,0.585,temp_g1_05_0001,bi-obj/run12/g1/g1_1.pdb.sc
543.0,800.9518988132477,1.475049537409296,3.450584650039673,0.0,1.475049537409296,147.0,87.81189453601837,0.5973598267756351,2.410245656967163,3.2635505986051494,3.8609104253807844,44.0,11.23512077331543,0.25534365393898706,1.0595102310180664,4.301753894849257,4.557097548788244,99.0470153093338,191.0,38,38,281,263,544,run12_g1_g1_10,bi-obj/run12/g1/g1_10.pdb,-373.173,-1.387,-26.044,-1.13,-4.007,-0.174,1057.507,2305.031,1247.524,24.0,-1.856,-1300.918,220.899,-312.699,2.025,31.16,185.757,759.969,3.574,-42.801,-61.87,-26.565,-54.31,15.0,-36.117,269.0,77.0,55.908,-49.062,0.748,-1.519,29.584,49.8,177.335,0.66,-0.828,-29.818,-2.125,-87.133,0.59,temp_g1_16_0001,bi-obj/run12/g1/g1_10.pdb.sc
551.0,811.7912477254868,1.4733053497740232,3.2051174640655518,0.0,1.4733053497740232,148.0,91.86492216587067,0.6207089335531801,2.2847135066986084,3.2318851247027114,3.8525940582558915,47.0,10.409265279769897,0.22147372935680634,0.909935474395752,4.348182211530969,4.569655940887776,102.27418744564056,195.0,38,39,282,270,552,run12_g1_g1_11,bi-obj/run12/g1/g1_11.pdb,-381.744,-1.419,-16.152,-0.705,-1.59,-0.069,1088.584,2291.112,1202.528,32.0,-1.96,-1302.665,232.447,-317.747,2.231,32.135,180.528,761.806,4.492,-39.267,-57.432,-27.046,-53.5,9.0,-33.965,269.0,80.0,67.074,-47.864,0.736,-1.685,2.115,45.913,174.888,0.664,-1.461,-55.501,-1.888,-79.293,0.566,temp_g1_04_0001,bi-obj/run12/g1/g1_11.pdb.sc
546.0,805.3902037143707,1.475073633176503,3.2051174640655518,0.0,1.475073633176503,146.0,86.45973443984985,0.5921899619167799,2.44047212600708,3.2954140705605077,3.8876040324772876,41.0,8.969614267349243,0.21877107969144496,1.0229072570800781,4.410299353483246,4.629070433174691,95.4293487071991,187.0,38,39,277,270,547,run12_g1_g1_12,bi-obj/run12/g1/g1_12.pdb,-413.877,-1.539,-33.255,-1.432,-15.238,-0.656,1246.189,2323.066,1076.877,26.0,-1.838,-1286.825,222.392,-312.754,2.084,31.694,159.745,745.168,0.454,-41.364,-58.509,-23.055,-54.529,8.0,-35.343,269.0,82.0,58.519,-47.445,0.694,-2.0,2.026,47.187,178.41,0.682,-1.707,-66.56,-2.265,-97.403,0.56,temp_g1_19_0001,bi-obj/run12/g1/g1_12.pdb.sc
546.0,805.301435470581,1.474911053975423,3.2851128578186035,0.0,1.474911053975423,145.0,87.74096536636353,0.6051101059749209,2.0162487030029297,3.3048628116476126,3.9099729176225333,42.0,9.049575805664062,0.2154660906110491,1.2013659477233887,4.321134300458999,4.536600391070048,96.79054117202759,187.0,38,39,277,270,547,run12_g1_g1_13,bi-obj/run12/g1/g1_13.pdb,-417.049,-1.55,-37.315,-1.643,-20.284,-0.893,1145.409,2271.427,1126.017,24.0,-1.839,-1292.841,225.873,-315.317,2.094,31.94,160.166,751.17,0.404,-41.347,-61.595,-23.314,-54.314,9.0,-36.879,269.0,80.0,59.501,-47.221,0.724,-1.961,2.48,45.421,178.41,0.687,-1.514,-56.0,-2.345,-100.849,0.562,temp_g1_13_0001,bi-obj/run12/g1/g1_13.pdb.sc
550.0,811.927592754364,1.4762319868261164,3.285231351852417,0.0,1.4762319868261164,155.0,91.70477521419525,0.5916437110593242,2.410245656967163,3.257780385017395,3.8494240960767194,40.0,11.53731894493103,0.28843297362327575,1.0595102310180664,4.198221862316132,4.486654835939407,103.24209415912628,195.0,38,39,281,270,551,run12_g1_g1_14,bi-obj/run12/g1/g1_14.pdb,-348.417,-1.295,-13.541,-0.57,10.626,0.447,1081.082,2376.736,1295.655,33.0,-1.833,-1299.741,231.198,-304.957,2.001,31.238,198.569,759.119,-0.947,-37.112,-60.026,-24.826,-52.382,11.0,-36.684,269.0,80.0,65.032,-47.743,0.74,-1.231,2.27,49.54,177.335,0.682,-0.584,-22.186,-1.817,-76.327,0.585,g0_14_0001,bi-obj/run12/g1/g1_14.pdb.sc
551.0,811.7637095451355,1.4732553712252914,3.2878096103668213,0.0,1.4732553712252914,154.0,89.98949074745178,0.5843473425159207,2.8408043384552,3.277991112176474,3.8623384546923947,39.0,11.519316673278809,0.2953670941866361,1.369234561920166,4.242370299803905,4.537737393990541,101.50880742073059,193.0,38,39,282,270,552,run12_g1_g1_15,bi-obj/run12/g1/g1_15.pdb,-364.276,-1.354,-22.382,-0.925,-5.41,-0.224,1173.143,2418.446,1245.303,30.0,-1.922,-1293.596,226.541,-306.549,2.036,31.487,185.583,758.097,1.64,-37.458,-58.481,-26.488,-52.71,10.0,-37.809,269.0,81.0,58.523,-51.234,0.645,-1.541,16.1,46.241,176.699,0.644,-1.075,-43.019,-1.995,-81.815,0.665,temp_g1_10_0001,bi-obj/run12/g1/g1_15.pdb.sc
546.0,805.8724664449692,1.4759568982508593,3.285231351852417,0.0,1.4759568982508593,152.0,89.93894279003143,0.591703570987049,1.9645116329193115,3.299027995843636,3.890731566830685,39.0,10.404906272888184,0.26679246853559446,1.19453763961792,4.212271121832041,4.479063590367635,100.34384906291962,191.0,38,39,277,270,547,run12_g1_g1_16,bi-obj/run12/g1/g1_16.pdb,-419.702,-1.56,-40.784,-1.788,-21.831,-0.957,1085.212,2281.094,1195.882,28.0,-1.833,-1295.138,224.711,-315.91,2.066,31.711,162.512,755.314,0.497,-39.663,-62.015,-26.503,-54.363,11.0,-38.075,269.0,80.0,58.919,-47.328,0.668,-2.001,2.298,44.625,178.41,0.704,-1.608,-61.086,-2.357,-99.015,0.561,temp_g1_14_0001,bi-obj/run12/g1/g1_16.pdb.sc
546.0,805.5536893606186,1.4753730574370303,3.2051174640655518,0.0,1.4753730574370303,145.0,88.21005988121033,0.6083452405600712,2.3351104259490967,3.268273213814045,3.8766184543741162,43.0,10.802641868591309,0.2512242295021235,0.942631721496582,4.332626891690631,4.583851121192755,99.01270174980164,188.0,38,39,277,270,547,run12_g1_g1_17,bi-obj/run12/g1/g1_17.pdb,-418.407,-1.555,-30.97,-1.361,-15.01,-0.66,1165.286,2275.953,1110.667,33.0,-1.844,-1282.441,220.975,-314.558,2.172,31.285,160.075,742.619,0.422,-41.314,-58.436,-24.236,-54.302,8.0,-35.105,269.0,79.0,55.936,-47.265,0.748,-1.982,2.21,46.835,178.41,0.68,-1.706,-64.833,-2.238,-91.773,0.575,temp_g1_03_0001,bi-obj/run12/g1/g1_17.pdb.sc
555.0,818.1094588041306,1.4740710969443793,3.2051174640655518,0.0,1.4740710969443793,150.0,91.1143490076065,0.6074289933840433,2.410245656967163,3.223770549297333,3.831199542681376,45.0,10.690256834030151,0.23756126297844782,0.8668861389160156,4.276614295111762,4.51417555809021,101.80460584163666,195.0,38,39,286,270,556,run12_g1_g1_18,bi-obj/run12/g1/g1_18.pdb,-310.643,-1.155,8.695,0.361,28.514,1.184,1146.381,2408.042,1261.661,34.0,-1.96,-1306.815,237.731,-306.11,2.053,32.099,214.29,766.015,-0.208,-36.554,-55.266,-24.143,-51.639,8.0,-34.119,269.0,83.0,74.912,-48.439,0.684,-0.971,1.961,50.943,173.813,0.649,-0.476,-18.548,-1.411,-62.076,0.585,g0_21_0001,bi-obj/run12/g1/g1_18.pdb.sc
550.0,811.4067757129669,1.475285046750849,3.2851128578186035,0.0,1.475285046750849,147.0,89.41821229457855,0.6082871584665208,2.410245656967163,3.2632184377332933,3.871505596199814,44.0,10.330426692962646,0.23478242484006015,1.0595102310180664,4.293286041779951,4.528068466620012,99.7486389875412,191.0,38,39,281,270,551,run12_g1_g1_19,bi-obj/run12/g1/g1_19.pdb,-345.276,-1.284,-10.293,-0.434,11.349,0.479,1140.376,2369.545,1229.17,29.0,-1.839,-1297.628,232.327,-304.368,2.031,31.464,196.163,755.068,-0.653,-38.766,-59.269,-21.65,-52.339,9.0,-35.589,269.0,80.0,66.019,-47.684,0.713,-1.185,2.457,50.407,177.335,0.666,-0.445,-16.467,-1.821,-78.299,0.585,g0_13_0001,bi-obj/run12/g1/g1_19.pdb.sc
555.0,818.1008968353271,1.4740556699735625,3.2051174640655518,0.0,1.4740556699735625,150.0,91.28931295871735,0.6085954197247823,2.410245656967163,3.2236554137865703,3.8322508335113525,43.0,10.602752685546875,0.24657564384992733,0.8765087127685547,4.2741276940634085,4.520703337913336,101.89206564426422,193.0,38,39,286,270,556,run12_g1_g1_2,bi-obj/run12/g1/g1_2.pdb,-311.279,-1.157,8.63,0.358,33.487,1.389,1140.796,2410.402,1269.606,33.0,-1.956,-1306.802,237.509,-305.782,2.063,32.099,213.99,765.677,-0.189,-36.305,-55.206,-24.672,-51.643,8.0,-34.127,269.0,83.0,74.783,-48.215,0.648,-0.979,1.964,50.947,173.813,0.651,-0.489,-19.065,-1.413,-62.168,0.585,g0_17_0001,bi-obj/run12/g1/g1_2.pdb.sc
550.0,811.8002461194992,1.4760004474899986,3.2051174640655518,0.0,1.4760004474899986,146.0,87.69938826560974,0.6006807415452722,2.410245656967163,3.2600617833333474,3.8607425248786194,42.0,11.141373634338379,0.2652708008175805,0.942631721496582,4.272804453259423,4.538075254077003,98.84076189994812,188.0,38,39,281,270,551,run12_g1_g1_20,bi-obj/run12/g1/g1_20.pdb,-346.096,-1.287,-6.249,-0.261,16.143,0.674,1223.846,2393.694,1169.848,37.0,-1.844,-1287.024,226.836,-302.248,2.02,31.245,193.428,747.099,-0.323,-38.502,-56.315,-21.14,-52.5,7.0,-34.708,269.0,82.0,63.703,-47.874,0.708,-1.248,1.98,51.829,177.335,0.664,-0.72,-28.07,-1.727,-74.266,0.585,g0_03_0001,bi-obj/run12/g1/g1_20.pdb.sc
539.0,793.3501436710358,1.4718926598720514,3.2523319721221924,0.0,1.4718926598720514,143.0,88.50668740272522,0.6189278839351414,2.2034502029418945,3.310777075640805,3.9297049595759463,46.0,12.234432220458984,0.2659659178360649,0.9930686950683594,4.405317519022071,4.671283436858135,100.7411196231842,189.0,38,38,277,263,540,run12_g1_g1_21,bi-obj/run12/g1/g1_21.pdb,-426.65,-1.586,-17.328,-0.789,-3.916,-0.178,1073.692,2197.085,1123.393,33.0,-1.854,-1282.746,221.936,-322.487,2.201,31.478,164.857,757.155,0.963,-44.011,-57.557,-29.061,-53.21,5.0,-35.559,269.0,79.0,50.679,-50.543,0.672,-2.132,5.621,42.202,173.38,0.617,-1.969,-74.83,-2.283,-93.599,0.869,temp_g1_11_0001,bi-obj/run12/g1/g1_21.pdb.sc
550.0,811.530974984169,1.47551086360758,3.278259754180908,0.0,1.47551086360758,144.0,89.41211879253387,0.6209174916148186,2.4622585773468018,3.2469239789578648,3.8678414705726833,41.0,10.33432126045227,0.252056616108592,1.0595102310180664,4.348847272919445,4.600903889028038,99.74644005298615,185.0,38,39,281,270,551,run12_g1_g1_22,bi-obj/run12/g1/g1_22.pdb,-342.832,-1.274,-6.596,-0.275,16.426,0.685,1164.995,2399.352,1234.357,30.0,-1.854,-1291.053,229.94,-303.662,2.025,31.273,196.941,749.984,-0.4,-39.871,-57.955,-21.083,-52.425,9.0,-34.552,269.0,82.0,65.355,-47.822,0.689,-1.27,1.976,52.031,177.335,0.636,-0.73,-28.454,-1.759,-75.653,0.585,g0_12_0001,bi-obj/run12/g1/g1_22.pdb.sc
555.0,818.1094588041306,1.4740710969443793,3.2051174640655518,0.0,1.4740710969443793,150.0,91.1143490076065,0.6074289933840433,2.410245656967163,3.223770549297333,3.831199542681376,45.0,10.690256834030151,0.23756126297844782,0.8668861389160156,4.276614295111762,4.51417555809021,101.80460584163666,195.0,38,39,286,270,556,run12_g1_g1_23,bi-obj/run12/g1/g1_23.pdb,-310.643,-1.155,8.695,0.361,32.918,1.367,1146.381,2408.042,1261.661,34.0,-1.96,-1306.815,237.731,-306.11,2.053,32.099,214.29,766.015,-0.18,-36.554,-55.266,-24.143,-51.639,8.0,-34.119,269.0,83.0,74.912,-48.439,0.649,-0.971,1.961,50.943,173.813,0.649,-0.476,-18.548,-1.411,-62.076,0.585,g0_04_0001,bi-obj/run12/g1/g1_23.pdb.sc
553.0,815.6822643280029,1.4750131362170036,3.2051174640655518,0.0,1.4750131362170036,152.0,90.39412760734558,0.594698207943063,2.410245656967163,3.2723556537377205,3.867053861680784,48.0,12.77084755897522,0.2660593241453171,0.9065937995910645,4.371554493904114,4.637613818049431,103.1649751663208,200.0,38,39,284,270,554,run12_g1_g1_24,bi-obj/run12/g1/g1_24.pdb,-375.468,-1.396,-20.209,-0.858,0.843,0.036,1168.392,2356.208,1187.816,28.0,-1.808,-1298.45,224.836,-314.761,2.064,32.38,187.19,755.75,-9.131,-38.905,-56.587,-24.05,-53.912,9.0,-34.533,269.0,80.0,62.891,-49.015,0.736,-1.547,9.139,46.754,174.9,0.64,-1.106,-42.01,-1.947,-81.777,0.649,temp_g1_07_0001,bi-obj/run12/g1/g1_24.pdb.sc
553.0,815.148038983345,1.4740470867691593,3.2051174640655518,0.0,1.4740470867691593,153.0,90.89220690727234,0.5940667118122375,2.410245656967163,3.275500094968509,3.8695668067807465,46.0,11.596749782562256,0.2521032561426577,0.8099894523620605,4.3246314992075385,4.576734755350196,102.4889566898346,199.0,38,39,284,270,554,run12_g1_g1_3,bi-obj/run12/g1/g1_3.pdb,-365.84,-1.36,-14.583,-0.615,3.41,0.144,1125.46,2372.751,1247.292,33.0,-1.956,-1304.636,227.886,-314.594,2.079,32.233,192.1,759.755,-2.052,-37.533,-57.264,-24.172,-53.83,9.0,-34.541,269.0,81.0,64.98,-49.298,0.708,-1.501,9.159,48.253,174.9,0.644,-1.017,-38.655,-1.928,-82.91,0.64,temp_g1_17_0001,bi-obj/run12/g1/g1_3.pdb.sc
551.0,811.91943359375,1.4735379920031761,3.2871057987213135,0.0,1.4735379920031761,151.0,90.36605644226074,0.598450704915634,1.9455974102020264,3.257165199873463,3.855615904789097,40.0,12.269054889678955,0.30672637224197385,1.492377758026123,4.245067816972733,4.551794189214706,102.6351113319397,191.0,38,39,282,270,552,run12_g1_g1_4,bi-obj/run12/g1/g1_4.pdb,-370.54,-1.377,-24.925,-1.02,-9.02,-0.369,1140.864,2443.963,1303.099,29.0,-1.917,-1292.84,225.072,-308.375,2.05,31.193,186.672,757.588,1.247,-40.332,-58.719,-25.299,-52.877,12.0,-37.484,269.0,81.0,57.135,-51.069,0.663,-1.621,15.394,45.981,176.699,0.652,-1.222,-48.888,-2.01,-82.409,0.587,temp_g1_08_0001,bi-obj/run12/g1/g1_4.pdb.sc
550.0,812.4134665727615,1.4771153937686574,3.3959436416625977,0.0,1.4771153937686574,152.0,89.63573324680328,0.5897087713605479,2.410245656967163,3.256255032984834,3.845963804345382,45.0,12.360982179641724,0.27468849288092717,1.0595102310180664,4.289825195736356,4.564513688617282,101.99671542644501,197.0,38,39,281,270,551,run12_g1_g1_5,bi-obj/run12/g1/g1_5.pdb,-361.485,-1.344,-14.599,-0.625,7.735,0.331,1154.745,2335.606,1180.862,29.0,-1.89,-1291.952,228.851,-308.579,2.055,31.436,189.64,749.995,-1.12,-39.953,-59.875,-22.557,-53.039,11.0,-34.793,269.0,78.0,63.857,-48.283,0.724,-1.357,6.21,49.472,177.335,0.635,-0.772,-27.799,-1.858,-78.025,0.585,g0_22_0001,bi-obj/run12/g1/g1_5.pdb.sc
542.0,800.1772997379303,1.4763418814352958,3.292567729949951,0.0,1.4763418814352958,147.0,89.22479331493378,0.6069713830947876,2.410245656967163,3.2662099421429795,3.873181325237767,45.0,11.2928307056427,0.25095179345872665,1.0595102310180664,4.247816350724962,4.498768144183689,100.51762402057648,192.0,38,38,281,262,543,run12_g1_g1_6,bi-obj/run12/g1/g1_6.pdb,-356.883,-1.327,-10.391,-0.445,12.599,0.539,1125.537,2337.009,1211.472,30.0,-1.83,-1295.526,228.574,-303.724,2.039,31.405,195.269,750.245,-0.641,-40.257,-59.544,-21.725,-52.357,10.0,-35.273,269.0,79.0,65.738,-48.658,0.654,-1.2,2.458,48.363,177.335,0.661,-0.449,-16.157,-1.829,-78.65,0.585,g0_09_0001,bi-obj/run12/g1/g1_6.pdb.sc
556.0,819.8947093486786,1.4746307722098535,3.2938930988311768,0.0,1.4746307722098535,159.0,92.05693018436432,0.5789744036752473,2.410245656967163,3.2400920023708224,3.8190664060460695,40.0,12.830971479415894,0.32077428698539734,1.355844497680664,4.175011670589447,4.495785957574844,104.88790166378021,199.0,38,39,287,270,557,run12_g1_g1_7,bi-obj/run12/g1/g1_7.pdb,-292.496,-1.087,2.683,0.114,28.764,1.218,1217.776,2360.593,1142.817,31.0,-1.887,-1310.209,241.055,-299.486,2.005,31.712,221.814,758.264,-0.196,-35.788,-56.438,-21.604,-52.148,7.0,-35.91,269.0,83.0,77.195,-46.511,0.698,-0.724,2.572,53.916,178.207,0.687,0.031,1.231,-1.425,-61.291,0.745,g0_24_0001,bi-obj/run12/g1/g1_7.pdb.sc
561.0,826.7778928279877,1.4737573847201206,3.2051174640655518,0.0,1.4737573847201206,158.0,93.6789585351944,0.5929048008556608,2.410245656967163,3.1781676894501794,3.77107249030584,45.0,14.157074451446533,0.3146016544765896,1.28828763961792,4.127041069666545,4.441642724143135,107.83603298664093,203.0,38,39,292,270,562,run12_g1_g1_8,bi-obj/run12/g1/g1_8.pdb,-155.933,-0.58,74.588,3.099,113.358,4.709,1215.991,2407.156,1191.165,35.0,-1.995,-1327.618,257.231,-291.816,1.96,32.207,301.032,777.39,-0.024,-32.107,-49.521,-20.556,-51.523,5.0,-33.429,269.0,83.0,92.414,-45.788,0.712,0.818,1.946,58.96,174.685,0.681,1.643,64.068,0.088,3.864,0.597,g0_00_0001,bi-obj/run12/g1/g1_8.pdb.sc
550.0,811.6248853206635,1.4756816096739336,3.2857086658477783,0.0,1.4756816096739336,144.0,89.36252927780151,0.6205731199847327,2.5271482467651367,3.2459028396341534,3.8664759596188865,43.0,10.911290407180786,0.25375093970187873,1.0595102310180664,4.398543180421341,4.65229412012322,100.2738196849823,187.0,38,39,281,270,551,run12_g1_g1_9,bi-obj/run12/g1/g1_9.pdb,-345.528,-1.284,-6.684,-0.282,16.738,0.706,1163.32,2371.524,1208.205,30.0,-1.85,-1287.403,227.122,-303.329,2.054,31.262,195.915,748.075,-0.383,-39.894,-58.42,-21.01,-52.434,9.0,-34.099,269.0,81.0,64.699,-47.762,0.675,-1.221,1.974,51.653,177.335,0.646,-0.724,-28.224,-1.683,-70.675,0.585,g0_23_0001,bi-obj/run12/g1/g1_9.pdb.sc
542.0,797.2810760736465,1.4709982953388312,3.0047607421875,0.0,1.4709982953388312,146.0,84.36983728408813,0.5778755978362201,2.2255237102508545,3.340034742877908,3.917910340714128,45.0,10.339340448379517,0.22976312107510036,0.897799015045166,4.352143632041083,4.581906753116184,94.70917773246765,191.0,38,38,280,263,543,run12_g10_g10_0,bi-obj/run12/g10/g10_0.pdb,-466.821,-1.735,-54.55,-2.441,-40.143,-1.796,1108.28,2234.96,1126.68,22.0,-0.826,-1296.797,211.679,-333.828,2.179,33.158,144.878,758.839,0.266,-47.468,-61.23,-25.603,-57.101,12.0,-34.037,269.0,80.0,45.455,-50.243,0.72,-2.551,30.061,41.033,172.431,0.662,-2.298,-87.342,-2.78,-116.771,0.601,temp_g9_02_0001,bi-obj/run12/g10/g10_0.pdb.sc
544.0,801.4402323961258,1.4732357213164078,3.450584650039673,0.0,1.4732357213164078,141.0,84.50246405601501,0.5993082557164185,2.1462464332580566,3.2888434897077845,3.888151745424203,46.0,12.403148174285889,0.2696336559627367,0.9989333152770996,4.348536113034124,4.618169768996861,96.9056122303009,187.0,38,39,273,272,545,run12_g10_g10_1,bi-obj/run12/g10/g10_1.pdb,-475.868,-1.769,-55.907,-2.513,-45.764,-2.057,1019.758,2225.057,1205.298,19.0,-1.856,-1289.53,207.012,-327.213,2.122,30.864,145.967,750.92,0.334,-50.193,-65.049,-27.926,-57.088,16.0,-36.746,269.0,76.0,41.691,-47.597,0.759,-2.569,29.765,43.334,175.087,0.675,-2.222,-82.216,-2.898,-113.032,0.568,temp_g9_14_0001,bi-obj/run12/g10/g10_1.pdb.sc
551.0,810.554391503334,1.4710606016394447,3.2851128578186035,0.0,1.4710606016394447,146.0,85.24907577037811,0.5838977792491652,2.5219104290008545,3.2825627792371463,3.8664605584863114,47.0,9.704972267150879,0.20648877164150806,1.2118597030639648,4.449003118149777,4.655491889791286,94.95404803752899,193.0,38,40,273,279,552,run12_g10_g10_10,bi-obj/run12/g10/g10_10.pdb,-467.013,-1.736,-49.076,-2.251,-38.985,-1.788,1075.949,2180.48,1104.53,27.0,-1.955,-1299.791,212.132,-323.591,2.17,31.06,150.929,756.3,0.238,-49.451,-62.78,-21.669,-56.31,10.0,-36.736,269.0,79.0,41.253,-49.442,0.698,-2.232,21.493,43.71,175.124,0.695,-2.005,-76.177,-2.442,-100.129,0.541,temp_g10_19_0001,bi-obj/run12/g10/g10_10.pdb.sc
546.0,804.0491572618484,1.4726175041425795,3.4545059204101562,0.0,1.4726175041425795,148.0,83.47281754016876,0.5640055239200592,2.871953248977661,3.324721517595085,3.888727041515144,41.0,9.957485437393188,0.2428654984730046,1.3663034439086914,4.335134029388428,4.577999527861432,93.43030297756195,189.0,38,39,277,270,547,run12_g10_g10_11,bi-obj/run12/g10/g10_11.pdb,-472.913,-1.758,-52.984,-2.305,-45.243,-1.968,1273.24,2298.587,1025.347,20.0,-1.759,-1282.411,213.675,-323.437,2.171,31.662,141.511,746.971,0.204,-50.34,-61.42,-21.496,-55.631,10.0,-37.079,269.0,79.0,45.333,-50.162,0.662,-2.64,18.065,36.044,174.805,0.662,-2.502,-97.587,-2.775,-110.998,0.586,temp_g10_02_0001,bi-obj/run12/g10/g10_11.pdb.sc
550.0,809.3906254768372,1.4716193190487947,3.262476682662964,0.0,1.4716193190487947,145.0,82.87798416614532,0.5715723045941057,2.3567190170288086,3.268036525824974,3.83960883041908,50.0,10.698896884918213,0.21397793769836426,0.721860408782959,4.323505001068115,4.5374829387664795,93.57688105106354,195.0,38,39,281,270,551,run12_g10_g10_12,bi-obj/run12/g10/g10_12.pdb,-470.751,-1.75,-52.153,-2.295,-42.634,-1.876,1188.2,2272.543,1084.343,27.0,-1.943,-1308.59,211.84,-330.361,2.151,31.859,150.67,759.986,0.265,-53.253,-60.438,-23.491,-57.201,12.0,-34.359,269.0,79.0,47.193,-50.177,0.738,-2.535,26.66,44.453,173.618,0.702,-2.32,-88.147,-2.735,-112.115,0.632,temp_g7_22_0001,bi-obj/run12/g10/g10_12.pdb.sc
529.0,779.6844829320908,1.4738837106466744,3.33817720413208,0.0,1.4738837106466744,141.0,82.90210604667664,0.5879581989126003,2.8104782104492188,3.3108175697056113,3.898775768618212,42.0,10.57065224647522,0.2516821963446481,1.089250087738037,4.279747928891863,4.531430125236511,93.47275829315186,183.0,38,37,274,256,530,run12_g10_g10_13,bi-obj/run12/g10/g10_13.pdb,-471.598,-1.753,-54.088,-2.477,-37.011,-1.695,1140.836,2183.665,1042.829,19.0,-1.692,-1300.116,212.965,-334.195,2.229,31.107,150.666,757.005,0.367,-49.276,-63.863,-27.431,-55.998,15.0,-33.794,269.0,79.0,45.272,-50.427,0.718,-2.537,29.572,38.656,177.09,0.701,-2.127,-78.717,-2.897,-121.688,0.632,temp_g10_08_0001,bi-obj/run12/g10/g10_13.pdb.sc
559.0,824.6956493854523,1.4753052761814889,3.2051174640655518,0.0,1.4753052761814889,150.0,87.85816693305969,0.5857211128870646,2.3746395111083984,3.304762369791667,3.8904834826787313,44.0,11.679823637008667,0.26545053720474243,0.942631721496582,4.298065803267739,4.563516340472481,99.53799057006836,194.0,38,40,281,279,560,run12_g10_g10_14,bi-obj/run12/g10/g10_14.pdb,-389.105,-1.446,-32.669,-1.388,-12.936,-0.55,1245.815,2353.891,1108.076,38.0,-1.844,-1284.747,222.319,-303.968,2.061,31.602,167.529,742.932,0.497,-39.988,-57.706,-21.001,-53.487,7.0,-36.567,269.0,81.0,61.942,-48.268,0.701,-1.751,1.98,50.149,177.335,0.68,-1.264,-49.293,-2.203,-92.519,0.619,temp_g7_10_0001,bi-obj/run12/g10/g10_14.pdb.sc
540.0,794.9360967874527,1.4721038829397273,3.2851128578186035,0.0,1.4721038829397273,137.0,83.86015582084656,0.6121179256996099,2.3585963249206543,3.2623737798119983,3.874491705511608,42.0,8.607343673706055,0.20493675413585843,1.2004318237304688,4.418005721909659,4.622942476045518,92.46749949455261,179.0,38,39,271,270,541,run12_g10_g10_15,bi-obj/run12/g10/g10_15.pdb,-438.933,-1.632,-47.653,-2.194,-32.289,-1.487,1104.034,2172.042,1068.009,24.0,-1.958,-1297.476,215.187,-319.486,2.146,31.651,151.814,753.603,0.304,-45.942,-62.861,-20.262,-55.462,11.0,-35.179,269.0,77.0,46.212,-48.46,0.748,-2.047,25.408,43.898,177.703,0.669,-1.816,-65.393,-2.249,-92.217,0.532,temp_g10_07_0001,bi-obj/run12/g10/g10_15.pdb.sc
529.0,779.6960489749908,1.473905574621911,3.3395330905914307,0.0,1.473905574621911,141.0,82.90938365459442,0.5880098131531519,2.8128485679626465,3.310823569906519,3.898833383059671,42.0,10.580610752105713,0.2519193036215646,1.0866012573242188,4.279504435403006,4.531423739024571,93.48999440670013,183.0,38,37,274,256,530,run12_g10_g10_16,bi-obj/run12/g10/g10_16.pdb,-471.553,-1.753,-54.112,-2.485,-36.879,-1.693,1138.483,2177.862,1039.379,19.0,-1.688,-1300.125,212.963,-334.188,2.229,31.107,150.689,756.985,0.369,-49.273,-63.848,-27.439,-55.997,15.0,-33.792,269.0,79.0,45.263,-50.415,0.706,-2.537,29.563,38.691,177.09,0.701,-2.128,-78.725,-2.897,-121.685,0.633,temp_g9_21_0001,bi-obj/run12/g10/g10_16.pdb.sc
543.0,799.3125672340393,1.472030510559925,3.2851128578186035,0.0,1.472030510559925,142.0,87.61188519001007,0.6169851069719019,2.2408134937286377,3.252361253113814,3.8693463600857156,44.0,9.363740682601929,0.2128122882409529,1.2118597030639648,4.375010517510501,4.587822805751454,96.975625872612,186.0,38,39,274,270,544,run12_g10_g10_17,bi-obj/run12/g10/g10_17.pdb,-446.748,-1.661,-46.718,-2.154,-34.176,-1.575,1040.724,2169.299,1128.575,25.0,-1.955,-1301.924,216.831,-324.162,2.18,31.1,154.264,755.728,0.284,-46.237,-63.487,-22.04,-55.564,11.0,-35.348,269.0,77.0,44.904,-49.424,0.696,-2.119,25.788,44.005,178.057,0.697,-1.86,-66.96,-2.346,-96.185,0.537,temp_g9_13_0001,bi-obj/run12/g10/g10_17.pdb.sc
536.0,790.8109585046768,1.47539357929977,3.355527400970459,0.0,1.47539357929977,150.0,86.61122715473175,0.577408181031545,1.9147143363952637,3.315249189535777,3.892657370567322,35.0,10.85215950012207,0.3100617000034877,1.3490943908691406,4.2492505550384525,4.55931225504194,97.46338665485382,185.0,38,38,274,263,537,run12_g10_g10_18,bi-obj/run12/g10/g10_18.pdb,-456.445,-1.697,-53.422,-2.304,-46.495,-2.005,1219.196,2319.003,1099.807,19.0,-1.873,-1281.923,215.819,-327.36,2.093,32.428,142.822,754.879,0.221,-53.009,-60.39,-22.789,-57.071,11.0,-36.743,269.0,80.0,45.23,-49.976,0.698,-2.441,25.454,39.612,175.815,0.646,-2.312,-90.181,-2.564,-105.116,0.537,temp_g10_13_0001,bi-obj/run12/g10/g10_18.pdb.sc
542.0,797.8337491750717,1.4720179874078814,3.4711060523986816,0.0,1.4720179874078814,137.0,81.33536803722382,0.5936888177899549,2.2620396614074707,3.3545370650117414,3.9482258828016965,41.0,11.690202474594116,0.28512688962424676,1.0887441635131836,4.353850888042915,4.6389777776671615,93.02557051181793,178.0,38,39,271,272,543,run12_g10_g10_19,bi-obj/run12/g10/g10_19.pdb,-488.501,-1.816,-52.647,-2.281,-45.945,-1.99,1120.851,2308.445,1187.594,23.0,-1.834,-1277.507,203.383,-341.01,2.212,31.353,140.96,755.938,0.303,-50.624,-66.118,-28.939,-58.189,13.0,-34.537,269.0,76.0,37.129,-47.57,0.727,-2.719,28.334,42.431,175.424,0.636,-2.585,-95.629,-2.846,-111.008,0.663,temp_g10_20_0001,bi-obj/run12/g10/g10_19.pdb.sc
528.0,779.2653167247772,1.4758812816757145,3.413102388381958,0.0,1.4758812816757145,139.0,81.66705667972565,0.5875327818685299,2.4426660537719727,3.3425331124298863,3.930065894298416,40.0,11.151535749435425,0.2787883937358856,0.8442115783691406,4.357276910543442,4.636065304279327,92.81859242916107,179.0,38,38,266,263,529,run12_g10_g10_2,bi-obj/run12/g10/g10_2.pdb,-476.108,-1.77,-56.831,-2.616,-41.715,-1.92,1110.718,2172.484,1061.766,19.0,-0.826,-1282.673,209.544,-334.983,2.156,30.565,144.618,756.247,0.347,-48.944,-65.349,-26.665,-56.536,15.0,-34.357,269.0,79.0,43.18,-52.598,0.703,-2.502,26.62,39.519,173.762,0.685,-2.05,-75.847,-2.9,-121.801,0.611,temp_g10_04_0001,bi-obj/run12/g10/g10_2.pdb.sc
553.0,812.4449141025543,1.4691589766773134,3.127643585205078,0.0,1.4691589766773134,150.0,85.30094277858734,0.568672951857249,2.2230446338653564,3.264408457279205,3.8330814091364545,52.0,11.35939073562622,0.21844982183896577,0.721860408782959,4.324124460036938,4.542574281875904,96.66033351421356,202.0,38,39,284,270,554,run12_g10_g10_20,bi-obj/run12/g10/g10_20.pdb,-474.235,-1.763,-54.007,-2.418,-43.969,-1.969,1157.28,2233.252,1075.972,29.0,-1.892,-1309.907,210.077,-328.124,2.16,31.711,152.747,758.157,0.304,-52.651,-61.283,-23.593,-57.435,13.0,-34.599,269.0,78.0,43.807,-51.405,0.697,-2.562,27.627,42.812,176.924,0.7,-2.354,-89.459,-2.758,-110.338,0.633,temp_g9_01_0001,bi-obj/run12/g10/g10_20.pdb.sc
536.0,789.8397456407547,1.473581615001408,3.33253812789917,0.0,1.473581615001408,143.0,87.36034822463989,0.6109115260464328,2.2408134937286377,3.262860381519878,3.8737719075663106,48.0,9.720617532730103,0.20251286526521048,1.2239713668823242,4.4461323817571,4.648645247022311,97.08096575737,191.0,38,39,267,270,537,run12_g10_g10_21,bi-obj/run12/g10/g10_21.pdb,-446.355,-1.659,-47.733,-2.213,-35.248,-1.634,1065.647,2156.825,1091.178,24.0,-1.969,-1293.616,213.854,-319.861,2.137,30.362,153.392,748.28,0.278,-44.829,-64.131,-21.977,-55.709,11.0,-35.592,269.0,76.0,44.227,-51.655,0.693,-2.187,27.744,43.5,178.95,0.699,-1.878,-67.599,-2.466,-98.622,0.539,temp_g10_24_0001,bi-obj/run12/g10/g10_21.pdb.sc
544.0,800.1459506750107,1.4708565269761227,3.28822660446167,0.0,1.4708565269761227,151.0,87.87963426113129,0.581984332855174,2.052295446395874,3.347740205707929,3.929724538563103,44.0,11.721787929534912,0.26640427112579346,1.4901137351989746,4.205748455090956,4.472152726216749,99.6014221906662,195.0,38,38,282,263,545,run12_g10_g10_22,bi-obj/run12/g10/g10_22.pdb,-463.355,-1.723,-47.26,-2.097,-35.788,-1.588,1166.431,2253.153,1086.722,26.0,-0.826,-1293.529,215.745,-323.184,2.315,31.692,154.07,747.568,0.212,-47.223,-62.888,-19.886,-56.01,9.0,-36.748,269.0,79.0,49.731,-51.711,0.721,-2.414,10.924,39.571,176.152,0.672,-2.108,-80.111,-2.697,-110.596,0.881,temp_g10_01_0001,bi-obj/run12/g10/g10_22.pdb.sc
552.0,813.2524946928024,1.4732835048782653,3.075467348098755,0.0,1.4732835048782653,143.0,83.82198715209961,0.5861677423223749,2.3746395111083984,3.3068073796225597,3.8929751219449344,43.0,11.839235305786133,0.2753310536229333,0.9993977546691895,4.321202899134437,4.59653395275737,95.66122245788574,186.0,38,39,281,272,553,run12_g10_g10_23,bi-obj/run12/g10/g10_23.pdb,-405.789,-1.509,-42.261,-1.838,-24.931,-1.084,1139.185,2299.418,1160.233,34.0,-1.844,-1288.901,216.748,-310.369,2.086,31.991,161.016,744.216,0.366,-46.482,-58.032,-20.729,-54.557,10.0,-35.924,269.0,80.0,52.616,-49.461,0.756,-1.962,23.983,49.901,177.335,0.669,-1.456,-56.792,-2.443,-100.159,0.619,temp_g10_09_0001,bi-obj/run12/g10/g10_23.pdb.sc
555.0,815.792605638504,1.4698965867360434,3.28822660446167,0.0,1.4698965867360434,156.0,92.1698487997055,0.5908323641006763,2.5826008319854736,3.3001243678423076,3.8909567319429836,40.0,11.496225833892822,0.28740564584732053,1.394629955291748,4.141367167234421,4.428772813081741,103.66607463359833,196.0,38,39,286,270,556,run12_g10_g10_24,bi-obj/run12/g10/g10_24.pdb,-461.022,-1.714,-50.144,-2.152,-41.78,-1.793,1184.834,2329.735,1144.901,18.0,-0.826,-1294.231,215.606,-314.849,2.263,31.95,152.038,745.579,0.204,-47.502,-62.559,-22.078,-56.06,10.0,-37.771,269.0,78.0,49.476,-52.291,0.709,-2.487,16.165,39.228,174.014,0.656,-2.121,-80.606,-2.834,-113.371,0.826,temp_g10_23_0001,bi-obj/run12/g10/g10_24.pdb.sc
532.0,785.9870530366898,1.4774192726253568,3.2187087535858154,0.0,1.4774192726253568,138.0,80.9933397769928,0.586908259253571,2.36051607131958,3.3291459221770796,3.916054181430651,42.0,10.618125200271606,0.2528125047683716,1.016404628753662,4.40292041074662,4.655732915514991,91.6114649772644,180.0,38,38,269,264,533,run12_g10_g10_3,bi-obj/run12/g10/g10_3.pdb,-455.482,-1.693,-50.054,-2.214,-43.347,-1.917,1173.91,2260.934,1087.024,36.0,-1.835,-1276.626,200.51,-305.411,2.167,30.703,140.112,726.053,0.218,-47.103,-60.774,-22.725,-57.109,10.0,-35.987,269.0,81.0,44.549,-47.083,0.714,-2.355,26.579,46.471,181.453,0.691,-2.129,-85.178,-2.575,-105.578,0.576,temp_g9_17_0001,bi-obj/run12/g10/g10_3.pdb.sc
549.0,807.2064957618713,1.470321485905048,3.4711060523986816,0.0,1.470321485905048,142.0,85.07466650009155,0.5991173697189546,2.217374086380005,3.314658586408051,3.9137759561270054,41.0,11.599522590637207,0.28291518513749286,1.0320630073547363,4.3228422316109265,4.605757416748419,96.67418909072876,183.0,38,39,278,272,550,run12_g10_g10_4,bi-obj/run12/g10/g10_4.pdb,-492.351,-1.83,-53.211,-2.315,-46.662,-2.03,1133.986,2298.676,1164.689,23.0,-1.693,-1300.923,206.118,-332.752,2.221,31.554,147.122,756.698,0.315,-50.458,-65.797,-29.715,-58.151,14.0,-35.094,269.0,75.0,38.221,-46.359,0.712,-2.774,28.334,41.818,175.844,0.687,-2.55,-91.811,-2.981,-116.264,0.663,temp_g9_06_0001,bi-obj/run12/g10/g10_4.pdb.sc
550.0,808.2214832305908,1.4694936058738015,3.315999746322632,0.0,1.4694936058738015,155.0,90.95153093338013,0.5867840705379364,2.5926644802093506,3.33184076124622,3.918624831784156,46.0,12.211976051330566,0.26547774024631665,1.5858449935913086,4.243350448815719,4.508828189062036,103.1635069847107,201.0,38,38,288,263,551,run12_g10_g10_5,bi-obj/run12/g10/g10_5.pdb,-482.531,-1.794,-52.877,-2.363,-43.483,-1.943,1245.794,2237.382,991.589,23.0,-0.826,-1305.557,217.262,-331.231,2.373,32.159,153.425,748.829,0.147,-44.497,-61.983,-20.55,-56.459,8.0,-35.424,269.0,80.0,45.266,-56.109,0.74,-2.597,16.048,36.912,177.024,0.639,-2.175,-84.808,-2.999,-122.965,0.807,temp_g8_19_0001,bi-obj/run12/g10/g10_5.pdb.sc
545.0,802.6345771551132,1.4727239947800244,3.450584650039673,0.0,1.4727239947800244,143.0,82.62100803852081,0.577769286982663,2.333621025085449,3.31334459948373,3.891113886466393,41.0,10.862747192382812,0.26494505347275155,0.8479981422424316,4.330663477502218,4.595608530974969,93.48375523090363,184.0,38,39,274,272,546,run12_g10_g10_6,bi-obj/run12/g10/g10_6.pdb,-492.192,-1.83,-58.247,-2.601,-49.499,-2.21,1072.863,2239.722,1166.859,19.0,-1.856,-1291.071,204.055,-331.448,2.141,30.65,144.879,746.102,0.327,-51.125,-66.845,-27.407,-57.813,15.0,-36.01,269.0,76.0,40.742,-48.78,0.695,-2.752,30.222,42.691,177.982,0.672,-2.413,-89.277,-3.074,-119.869,0.699,temp_g9_23_0001,bi-obj/run12/g10/g10_6.pdb.sc
555.0,815.4027938842773,1.4691942232149142,3.28822660446167,0.0,1.4691942232149142,155.0,92.18958842754364,0.5947715382422171,2.5926644802093506,3.288387296276708,3.883158834518925,43.0,11.580014944076538,0.269302673118059,1.394629955291748,4.158602298692215,4.427904971810275,103.76960337162018,198.0,38,39,286,270,556,run12_g10_g10_7,bi-obj/run12/g10/g10_7.pdb,-450.92,-1.676,-48.087,-2.079,-36.849,-1.593,1169.429,2313.138,1143.709,23.0,-0.826,-1297.44,221.002,-321.984,2.277,32.165,154.842,753.529,0.244,-47.811,-62.221,-22.262,-55.496,11.0,-36.018,269.0,79.0,50.16,-51.641,0.712,-2.349,16.165,39.799,174.014,0.669,-1.947,-73.975,-2.722,-111.615,0.826,temp_g7_05_0001,bi-obj/run12/g10/g10_7.pdb.sc
547.0,805.6184140443802,1.472794175583876,3.450584650039673,0.0,1.472794175583876,144.0,84.5829461812973,0.5873815707034535,2.1445984840393066,3.307617057528761,3.894998628232214,44.0,11.694076776504517,0.2657744721932845,0.9989333152770996,4.3245243646881795,4.590298836881464,96.27702295780182,188.0,38,39,276,272,548,run12_g10_g10_8,bi-obj/run12/g10/g10_8.pdb,-485.007,-1.803,-57.437,-2.537,-49.655,-2.193,1079.762,2264.213,1184.45,23.0,-1.856,-1296.3,206.36,-330.84,2.133,31.226,145.402,752.394,0.322,-49.609,-66.149,-29.401,-57.778,15.0,-36.73,269.0,76.0,41.822,-47.333,0.784,-2.683,30.222,43.882,176.932,0.679,-2.394,-88.571,-2.957,-115.311,0.615,temp_g8_00_0001,bi-obj/run12/g10/g10_8.pdb.sc
523.0,772.8250906467438,1.4776770375654757,3.3713393211364746,0.0,1.4776770375654757,137.0,82.91745936870575,0.6052369296985821,2.461603879928589,3.289763226996373,3.8950001566949553,34.0,11.654696702957153,0.34278519714579864,0.8799171447753906,4.368611461975995,4.711396659121794,94.5721560716629,171.0,38,38,261,263,524,run12_g10_g10_9,bi-obj/run12/g10/g10_9.pdb,-496.039,-1.844,-59.82,-2.726,-51.722,-2.357,1150.599,2194.075,1043.477,20.0,-1.898,-1265.381,196.719,-320.636,2.103,29.655,136.467,730.939,0.236,-50.339,-65.584,-23.979,-59.024,13.0,-35.488,269.0,78.0,36.734,-51.79,0.682,-2.828,26.478,40.807,177.355,0.634,-2.839,-105.044,-2.818,-115.534,0.822,temp_g9_19_0001,bi-obj/run12/g10/g10_9.pdb.sc
542.0,797.2810760736465,1.4709982953388312,3.0047607421875,0.0,1.4709982953388312,146.0,84.36983728408813,0.5778755978362201,2.2255237102508545,3.340034742877908,3.917910340714128,45.0,10.339340448379517,0.22976312107510036,0.897799015045166,4.352143632041083,4.581906753116184,94.70917773246765,191.0,38,38,280,263,543,run12_g11_g11_0,bi-obj/run12/g11/g11_0.pdb,-466.821,-1.735,-54.55,-2.441,-40.143,-1.796,1108.28,2234.96,1126.68,22.0,-0.826,-1296.797,211.679,-333.828,2.179,33.158,144.878,758.839,0.266,-47.468,-61.23,-25.603,-57.101,12.0,-34.037,269.0,80.0,45.455,-50.243,0.72,-2.551,30.061,41.033,172.431,0.662,-2.298,-87.342,-2.78,-116.771,0.601,temp_g9_02_0001,bi-obj/run12/g11/g11_0.pdb.sc
538.0,792.5876045227051,1.473211160822872,3.099545478820801,0.0,1.473211160822872,144.0,88.68698871135712,0.6158818660510911,2.2255237102508545,3.3280142173171043,3.9438960833681955,42.0,12.500503778457642,0.29763104234422955,1.5788493156433105,4.297156271480379,4.594787313824608,101.18749248981476,186.0,38,38,276,263,539,run12_g11_g11_1,bi-obj/run12/g11/g11_1.pdb,-474.899,-1.765,-53.738,-2.357,-45.526,-1.997,1156.466,2279.516,1123.049,25.0,-0.826,-1291.205,204.46,-324.533,2.194,32.012,139.975,744.661,0.189,-42.927,-61.887,-25.689,-58.242,10.0,-34.745,269.0,80.0,43.931,-48.741,0.657,-2.608,30.061,40.661,175.375,0.648,-2.51,-95.382,-2.697,-113.267,0.565,temp_g11_00_0001,bi-obj/run12/g11/g11_1.pdb.sc
542.0,797.8337491750717,1.4720179874078814,3.4711060523986816,0.0,1.4720179874078814,137.0,81.33536803722382,0.5936888177899549,2.2620396614074707,3.3545370650117414,3.9482258828016965,41.0,11.690202474594116,0.28512688962424676,1.0887441635131836,4.353850888042915,4.6389777776671615,93.02557051181793,178.0,38,39,271,272,543,run12_g11_g11_10,bi-obj/run12/g11/g11_10.pdb,-488.501,-1.816,-52.647,-2.281,-45.945,-1.99,1120.851,2308.445,1187.594,23.0,-1.834,-1277.507,203.383,-341.01,2.212,31.353,140.96,755.938,0.303,-50.624,-66.118,-28.939,-58.189,13.0,-34.537,269.0,76.0,37.129,-47.57,0.727,-2.719,28.334,42.431,175.424,0.636,-2.585,-95.629,-2.846,-111.008,0.663,temp_g10_20_0001,bi-obj/run12/g11/g11_10.pdb.sc
544.0,800.1459506750107,1.4708565269761227,3.28822660446167,0.0,1.4708565269761227,151.0,87.87963426113129,0.581984332855174,2.052295446395874,3.347740205707929,3.929724538563103,44.0,11.721787929534912,0.26640427112579346,1.4901137351989746,4.205748455090956,4.472152726216749,99.6014221906662,195.0,38,38,282,263,545,run12_g11_g11_11,bi-obj/run12/g11/g11_11.pdb,-463.355,-1.723,-47.26,-2.097,-35.788,-1.588,1166.431,2253.153,1086.722,26.0,-0.826,-1293.529,215.745,-323.184,2.315,31.692,154.07,747.568,0.212,-47.223,-62.888,-19.886,-56.01,9.0,-36.748,269.0,79.0,49.731,-51.711,0.721,-2.414,10.924,39.571,176.152,0.672,-2.108,-80.111,-2.697,-110.596,0.881,temp_g10_01_0001,bi-obj/run12/g11/g11_11.pdb.sc
548.0,807.734382390976,1.4739678510784233,3.106543779373169,0.0,1.4739678510784233,141.0,86.5433943271637,0.6137829384905227,2.3351104259490967,3.2834378472456693,3.897220785736192,44.0,12.324703454971313,0.2801068967038935,0.9993977546691895,4.304867018352855,4.584973915056749,98.86809778213501,185.0,38,39,277,272,549,run12_g11_g11_12,bi-obj/run12/g11/g11_12.pdb,-424.23,-1.577,-43.444,-1.873,-28.97,-1.249,1164.651,2319.952,1155.302,40.0,-1.844,-1283.501,205.856,-301.127,2.126,30.92,152.762,730.952,0.239,-42.135,-59.484,-21.274,-55.564,8.0,-35.935,269.0,80.0,49.803,-48.317,0.754,-2.142,23.983,47.716,180.279,0.667,-1.735,-67.675,-2.528,-103.668,0.553,temp_g11_23_0001,bi-obj/run12/g11/g11_12.pdb.sc
528.0,778.898705124855,1.4751869415243466,3.34053897857666,0.0,1.4751869415243466,142.0,84.5164510011673,0.5951862746561077,2.2408134937286377,3.3000618194190547,3.895248094075163,43.0,9.450830698013306,0.2197867604189141,1.2717738151550293,4.466829915379369,4.686616675798283,93.9672816991806,185.0,38,39,259,270,529,run12_g11_g11_13,bi-obj/run12/g11/g11_13.pdb,-439.178,-1.633,-49.93,-2.356,-37.395,-1.765,1039.997,2119.0,1079.003,24.0,-1.988,-1282.133,211.8,-322.407,2.11,30.274,148.148,747.369,0.279,-47.793,-63.347,-22.516,-57.077,12.0,-34.27,269.0,76.0,44.632,-52.559,0.686,-2.161,37.955,42.922,179.166,0.689,-1.935,-69.649,-2.365,-94.592,0.537,temp_g11_21_0001,bi-obj/run12/g11/g11_13.pdb.sc
544.0,801.4402323961258,1.4732357213164078,3.450584650039673,0.0,1.4732357213164078,141.0,84.50246405601501,0.5993082557164185,2.1462464332580566,3.2888434897077845,3.888151745424203,46.0,12.403148174285889,0.2696336559627367,0.9989333152770996,4.348536113034124,4.618169768996861,96.9056122303009,187.0,38,39,273,272,545,run12_g11_g11_14,bi-obj/run12/g11/g11_14.pdb,-475.868,-1.769,-55.907,-2.513,-45.764,-2.057,1019.758,2225.057,1205.298,19.0,-1.856,-1289.53,207.012,-327.213,2.122,30.864,145.967,750.92,0.334,-50.193,-65.049,-27.926,-57.088,16.0,-36.746,269.0,76.0,41.691,-47.597,0.759,-2.569,29.765,43.334,175.087,0.675,-2.222,-82.216,-2.898,-113.032,0.568,temp_g9_14_0001,bi-obj/run12/g11/g11_14.pdb.sc
553.0,812.4449141025543,1.4691589766773134,3.127643585205078,0.0,1.4691589766773134,150.0,85.30094277858734,0.568672951857249,2.2230446338653564,3.264408457279205,3.8330814091364545,52.0,11.35939073562622,0.21844982183896577,0.721860408782959,4.324124460036938,4.542574281875904,96.66033351421356,202.0,38,39,284,270,554,run12_g11_g11_15,bi-obj/run12/g11/g11_15.pdb,-474.235,-1.763,-54.007,-2.418,-43.969,-1.969,1157.28,2233.252,1075.972,29.0,-1.892,-1309.907,210.077,-328.124,2.16,31.711,152.747,758.157,0.304,-52.651,-61.283,-23.593,-57.435,13.0,-34.599,269.0,78.0,43.807,-51.405,0.697,-2.562,27.627,42.812,176.924,0.7,-2.354,-89.459,-2.758,-110.338,0.633,temp_g9_01_0001,bi-obj/run12/g11/g11_15.pdb.sc
553.0,813.4854060411453,1.4710405172534273,3.28822660446167,0.0,1.4710405172534273,152.0,89.7177050113678,0.5902480592853144,2.5826008319854736,3.2996525325273214,3.8899005918126357,43.0,11.522327899932861,0.267961113951927,1.394629955291748,4.141449795212856,4.409410909164784,101.24003291130066,195.0,38,39,284,270,554,run12_g11_g11_16,bi-obj/run12/g11/g11_16.pdb,-467.652,-1.738,-50.595,-2.199,-42.109,-1.83,1169.225,2301.005,1131.78,17.0,-0.826,-1289.835,212.411,-314.611,2.242,31.286,151.842,740.274,0.204,-48.158,-63.187,-20.068,-56.067,10.0,-38.4,269.0,78.0,49.617,-53.775,0.726,-2.546,16.165,37.539,175.065,0.654,-2.132,-80.997,-2.939,-117.579,0.834,temp_g11_24_0001,bi-obj/run12/g11/g11_16.pdb.sc
543.0,799.5018774271011,1.4723791481162083,3.450584650039673,0.0,1.4723791481162083,144.0,82.8382089138031,0.5752653396791882,2.333621025085449,3.3218129807048373,3.8970783203840256,40.0,10.961441040039062,0.27403602600097654,0.8703341484069824,4.331975573301316,4.606011599302292,93.79964995384216,184.0,38,39,272,272,544,run12_g11_g11_17,bi-obj/run12/g11/g11_17.pdb,-502.085,-1.866,-58.572,-2.643,-49.9,-2.251,1048.596,2216.391,1167.795,19.0,-1.856,-1288.158,200.825,-340.805,2.108,29.938,144.193,748.89,0.31,-52.908,-66.651,-28.973,-57.837,14.0,-34.115,269.0,76.0,40.536,-49.266,0.709,-2.823,30.222,42.038,179.033,0.67,-2.415,-89.359,-3.21,-125.206,0.699,temp_g11_06_0001,bi-obj/run12/g11/g11_17.pdb.sc
552.0,813.2524946928024,1.4732835048782653,3.075467348098755,0.0,1.4732835048782653,143.0,83.82198715209961,0.5861677423223749,2.3746395111083984,3.3068073796225597,3.8929751219449344,43.0,11.839235305786133,0.2753310536229333,0.9993977546691895,4.321202899134437,4.59653395275737,95.66122245788574,186.0,38,39,281,272,553,run12_g11_g11_18,bi-obj/run12/g11/g11_18.pdb,-405.789,-1.509,-42.261,-1.838,-24.931,-1.084,1139.185,2299.418,1160.233,34.0,-1.844,-1288.901,216.748,-310.369,2.086,31.991,161.016,744.216,0.366,-46.482,-58.032,-20.729,-54.557,10.0,-35.924,269.0,80.0,52.616,-49.461,0.756,-1.962,23.983,49.901,177.335,0.669,-1.456,-56.792,-2.443,-100.159,0.619,temp_g10_09_0001,bi-obj/run12/g11/g11_18.pdb.sc
547.0,804.8832312822342,1.4714501485964062,3.2851128578186035,0.0,1.4714501485964062,141.0,83.48223090171814,0.5920725595866535,2.0162487030029297,3.2744646562752147,3.8665372158618685,42.0,8.580639839172363,0.20430094855172293,1.2004318237304688,4.397187567892528,4.601488516444252,92.0628707408905,183.0,38,40,269,279,548,run12_g11_g11_19,bi-obj/run12/g11/g11_19.pdb,-447.376,-1.663,-52.086,-2.399,-40.954,-1.886,1132.184,2171.424,1039.241,24.0,-1.958,-1296.194,211.649,-320.639,2.209,31.598,151.079,750.774,0.257,-46.387,-63.809,-20.167,-56.344,12.0,-35.843,269.0,79.0,46.354,-48.235,0.694,-2.158,25.408,43.807,178.791,0.679,-1.974,-73.042,-2.32,-97.439,0.532,temp_g11_15_0001,bi-obj/run12/g11/g11_19.pdb.sc
547.0,805.5634706020355,1.4726937305338859,3.450584650039673,0.0,1.4726937305338859,144.0,84.51135265827179,0.5868843934602208,2.1445984840393066,3.3070079245501094,3.89389231801033,44.0,11.690178871154785,0.265685883435336,0.9989333152770996,4.32469082962383,4.5903767130591655,96.20153152942657,188.0,38,39,276,272,548,run12_g11_g11_2,bi-obj/run12/g11/g11_2.pdb,-484.649,-1.802,-57.49,-2.536,-49.95,-2.204,1079.893,2266.716,1186.822,23.0,-1.856,-1296.652,206.157,-330.913,2.135,31.227,145.486,752.569,0.32,-49.623,-66.02,-29.393,-57.826,15.0,-36.702,269.0,76.0,42.418,-47.345,0.749,-2.677,30.222,43.924,176.932,0.679,-2.382,-88.146,-2.956,-115.301,0.613,temp_g11_08_0001,bi-obj/run12/g11/g11_2.pdb.sc
551.0,810.554391503334,1.4710606016394447,3.2851128578186035,0.0,1.4710606016394447,146.0,85.24907577037811,0.5838977792491652,2.5219104290008545,3.2825627792371463,3.8664605584863114,47.0,9.704972267150879,0.20648877164150806,1.2118597030639648,4.449003118149777,4.655491889791286,94.95404803752899,193.0,38,40,273,279,552,run12_g11_g11_20,bi-obj/run12/g11/g11_20.pdb,-467.013,-1.736,-49.076,-2.251,-38.985,-1.788,1075.949,2180.48,1104.53,27.0,-1.955,-1299.791,212.132,-323.591,2.17,31.06,150.929,756.3,0.238,-49.451,-62.78,-21.669,-56.31,10.0,-36.736,269.0,79.0,41.253,-49.442,0.698,-2.232,21.493,43.71,175.124,0.695,-2.005,-76.177,-2.442,-100.129,0.541,temp_g10_19_0001,bi-obj/run12/g11/g11_20.pdb.sc
547.0,805.6184140443802,1.472794175583876,3.450584650039673,0.0,1.472794175583876,144.0,84.5829461812973,0.5873815707034535,2.1445984840393066,3.307617057528761,3.894998628232214,44.0,11.694076776504517,0.2657744721932845,0.9989333152770996,4.3245243646881795,4.590298836881464,96.27702295780182,188.0,38,39,276,272,548,run12_g11_g11_21,bi-obj/run12/g11/g11_21.pdb,-485.007,-1.803,-57.437,-2.537,-49.655,-2.193,1079.762,2264.213,1184.45,23.0,-1.856,-1296.3,206.36,-330.84,2.133,31.226,145.402,752.394,0.322,-49.609,-66.149,-29.401,-57.778,15.0,-36.73,269.0,76.0,41.822,-47.333,0.784,-2.683,30.222,43.882,176.932,0.679,-2.394,-88.571,-2.957,-115.311,0.615,temp_g8_00_0001,bi-obj/run12/g11/g11_21.pdb.sc
548.0,805.6597347259521,1.4701819976750952,3.315999746322632,0.0,1.4701819976750952,153.0,90.09894871711731,0.5888820177589367,2.587679624557495,3.3406007679459315,3.9294827857048684,41.0,12.11780858039856,0.29555630683898926,1.5858449935913086,4.227337558095048,4.522893864934037,102.21675729751587,194.0,38,38,286,263,549,run12_g11_g11_22,bi-obj/run12/g11/g11_22.pdb,-491.054,-1.825,-54.995,-2.431,-48.28,-2.134,1287.03,2261.965,974.936,22.0,-0.826,-1302.587,213.816,-327.514,2.37,32.035,150.674,741.433,0.122,-44.103,-62.308,-19.01,-57.004,7.0,-37.285,269.0,79.0,43.607,-56.17,0.699,-2.699,16.048,36.851,178.112,0.627,-2.326,-90.72,-3.063,-122.501,0.807,temp_g11_05_0001,bi-obj/run12/g11/g11_22.pdb.sc
559.0,824.6956493854523,1.4753052761814889,3.2051174640655518,0.0,1.4753052761814889,150.0,87.85816693305969,0.5857211128870646,2.3746395111083984,3.304762369791667,3.8904834826787313,44.0,11.679823637008667,0.26545053720474243,0.942631721496582,4.298065803267739,4.563516340472481,99.53799057006836,194.0,38,40,281,279,560,run12_g11_g11_23,bi-obj/run12/g11/g11_23.pdb,-389.105,-1.446,-32.669,-1.388,-12.936,-0.55,1245.815,2353.891,1108.076,38.0,-1.844,-1284.747,222.319,-303.968,2.061,31.602,167.529,742.932,0.497,-39.988,-57.706,-21.001,-53.487,7.0,-36.567,269.0,81.0,61.942,-48.268,0.701,-1.751,1.98,50.149,177.335,0.68,-1.264,-49.293,-2.203,-92.519,0.619,temp_g7_10_0001,bi-obj/run12/g11/g11_23.pdb.sc
523.0,772.7366865873337,1.4775080049471008,3.3713393211364746,0.0,1.4775080049471008,143.0,83.16757273674011,0.5815914177394413,2.461603879928589,3.302436910309158,3.884028328048599,36.0,11.651564121246338,0.32365455892350936,0.8767681121826172,4.3370004362530175,4.660654995176527,94.81913685798645,179.0,38,38,261,263,524,run12_g11_g11_24,bi-obj/run12/g11/g11_24.pdb,-498.337,-1.853,-60.539,-2.761,-52.846,-2.41,1169.23,2192.952,1023.722,18.0,-1.898,-1268.174,196.297,-321.878,2.094,29.713,136.897,733.012,0.231,-50.457,-65.079,-24.007,-59.095,13.0,-35.745,269.0,79.0,36.355,-51.79,0.665,-2.848,26.478,40.812,177.355,0.635,-2.857,-105.715,-2.839,-119.242,0.772,temp_g11_09_0001,bi-obj/run12/g11/g11_24.pdb.sc
536.0,790.2738864421844,1.4743915791831799,3.352342128753662,0.0,1.4743915791831799,151.0,86.70613396167755,0.5742128076932288,1.9579339027404785,3.322141466551269,3.896354274244498,35.0,10.899115800857544,0.31140330859592985,1.3490943908691406,4.286863258906773,4.598266567502703,97.6052497625351,186.0,38,38,274,263,537,run12_g11_g11_3,bi-obj/run12/g11/g11_3.pdb,-473.593,-1.761,-52.428,-2.282,-46.258,-2.014,1240.895,2296.994,1056.099,19.0,-1.873,-1284.271,212.344,-330.37,2.116,32.726,140.431,755.384,0.222,-53.328,-61.153,-22.754,-57.331,11.0,-36.89,269.0,79.0,40.43,-51.003,0.705,-2.508,26.829,38.718,175.815,0.633,-2.403,-91.3,-2.605,-106.806,0.588,temp_g11_18_0001,bi-obj/run12/g11/g11_3.pdb.sc
532.0,786.1146674156189,1.477659149277479,3.213980197906494,0.0,1.477659149277479,139.0,80.99600481987,0.5827050706465468,2.36051607131958,3.335864101382468,3.918569172029015,42.0,10.575885534286499,0.25180679843539283,1.016404628753662,4.406199546087356,4.658006344522748,91.5718903541565,181.0,38,38,269,264,533,run12_g11_g11_4,bi-obj/run12/g11/g11_4.pdb,-458.434,-1.704,-50.268,-2.235,-42.713,-1.899,1171.81,2249.563,1077.753,35.0,-1.835,-1278.385,201.841,-310.416,2.179,30.914,140.472,728.871,0.225,-47.058,-60.732,-23.539,-57.219,10.0,-35.848,269.0,81.0,44.426,-47.102,0.714,-2.359,26.579,46.386,181.453,0.69,-2.135,-85.418,-2.577,-105.667,0.579,temp_g11_03_0001,bi-obj/run12/g11/g11_4.pdb.sc
537.0,790.8356951475143,1.4726921697346635,3.2851128578186035,0.0,1.4726921697346635,137.0,84.79974579811096,0.6189762467015398,2.2408134937286377,3.283910084814921,3.9028863315164606,36.0,9.083889245986938,0.2523302568329705,0.8359570503234863,4.341853062311809,4.594183319144779,93.8836350440979,173.0,38,39,268,270,538,run12_g11_g11_5,bi-obj/run12/g11/g11_5.pdb,-447.994,-1.665,-47.912,-2.207,-35.304,-1.627,1055.432,2170.533,1115.1,24.0,-1.955,-1293.351,214.392,-324.42,2.127,30.359,151.272,756.457,0.28,-46.895,-64.109,-22.147,-55.997,11.0,-34.933,269.0,77.0,44.817,-49.841,0.733,-2.138,25.788,42.718,177.185,0.693,-1.869,-67.288,-2.375,-97.369,0.541,temp_g11_17_0001,bi-obj/run12/g11/g11_5.pdb.sc
532.0,785.9870530366898,1.4774192726253568,3.2187087535858154,0.0,1.4774192726253568,138.0,80.9933397769928,0.586908259253571,2.36051607131958,3.3291459221770796,3.916054181430651,42.0,10.618125200271606,0.2528125047683716,1.016404628753662,4.40292041074662,4.655732915514991,91.6114649772644,180.0,38,38,269,264,533,run12_g11_g11_6,bi-obj/run12/g11/g11_6.pdb,-455.482,-1.693,-50.054,-2.214,-43.347,-1.917,1173.91,2260.934,1087.024,36.0,-1.835,-1276.626,200.51,-305.411,2.167,30.703,140.112,726.053,0.218,-47.103,-60.774,-22.725,-57.109,10.0,-35.987,269.0,81.0,44.549,-47.083,0.714,-2.355,26.579,46.471,181.453,0.691,-2.129,-85.178,-2.575,-105.578,0.576,temp_g9_17_0001,bi-obj/run12/g11/g11_6.pdb.sc
545.0,802.6345771551132,1.4727239947800244,3.450584650039673,0.0,1.4727239947800244,143.0,82.62100803852081,0.577769286982663,2.333621025085449,3.31334459948373,3.891113886466393,41.0,10.862747192382812,0.26494505347275155,0.8479981422424316,4.330663477502218,4.595608530974969,93.48375523090363,184.0,38,39,274,272,546,run12_g11_g11_7,bi-obj/run12/g11/g11_7.pdb,-492.192,-1.83,-58.247,-2.601,-49.499,-2.21,1072.863,2239.722,1166.859,19.0,-1.856,-1291.071,204.055,-331.448,2.141,30.65,144.879,746.102,0.327,-51.125,-66.845,-27.407,-57.813,15.0,-36.01,269.0,76.0,40.742,-48.78,0.695,-2.752,30.222,42.691,177.982,0.672,-2.413,-89.277,-3.074,-119.869,0.699,temp_g9_23_0001,bi-obj/run12/g11/g11_7.pdb.sc
551.0,810.9328045845032,1.4717473767413851,3.2851128578186035,0.0,1.4717473767413851,148.0,85.45754075050354,0.5774158158817807,2.5219104290008545,3.293264174783552,3.870679990665333,44.0,10.748857259750366,0.24429221044887195,1.217503547668457,4.398060966621745,4.642353177070618,96.2063980102539,192.0,38,40,273,279,552,run12_g11_g11_8,bi-obj/run12/g11/g11_8.pdb,-472.622,-1.757,-48.779,-2.261,-38.402,-1.78,1050.516,2157.817,1107.301,28.0,-1.941,-1296.877,209.443,-323.777,2.168,31.003,148.268,754.345,0.213,-49.647,-63.575,-20.822,-56.266,10.0,-36.659,269.0,77.0,40.186,-48.902,0.71,-2.247,21.55,43.218,175.124,0.705,-1.989,-73.576,-2.486,-99.459,0.541,temp_g11_10_0001,bi-obj/run12/g11/g11_8.pdb.sc
546.0,804.0888736248016,1.4726902447340688,3.4545059204101562,0.0,1.4726902447340688,148.0,83.72003269195557,0.5656758965672674,2.871953248977661,3.3254156418748804,3.8910915384421476,42.0,10.042044639587402,0.2390963009425572,1.3663034439086914,4.316247548375811,4.555343849318368,93.76207733154297,190.0,38,39,277,270,547,run12_g11_g11_9,bi-obj/run12/g11/g11_9.pdb,-473.269,-1.759,-53.0,-2.311,-44.452,-1.938,1268.882,2293.592,1024.71,20.0,-1.759,-1282.141,213.582,-323.328,2.17,31.661,141.453,746.763,0.208,-50.395,-61.372,-21.601,-55.634,10.0,-37.056,269.0,79.0,45.163,-50.222,0.646,-2.645,18.065,35.989,174.805,0.666,-2.503,-97.633,-2.783,-111.309,0.587,temp_g11_11_0001,bi-obj/run12/g11/g11_9.pdb.sc
542.0,797.2810760736465,1.4709982953388312,3.0047607421875,0.0,1.4709982953388312,146.0,84.36983728408813,0.5778755978362201,2.2255237102508545,3.340034742877908,3.917910340714128,45.0,10.339340448379517,0.22976312107510036,0.897799015045166,4.352143632041083,4.581906753116184,94.70917773246765,191.0,38,38,280,263,543,run12_g12_g12_0,bi-obj/run12/g12/g12_0.pdb,-466.821,-1.735,-54.55,-2.441,-40.143,-1.796,1108.28,2234.96,1126.68,22.0,-0.826,-1296.797,211.679,-333.828,2.179,33.158,144.878,758.839,0.266,-47.468,-61.23,-25.603,-57.101,12.0,-34.037,269.0,80.0,45.455,-50.243,0.72,-2.551,30.061,41.033,172.431,0.662,-2.298,-87.342,-2.78,-116.771,0.601,temp_g9_02_0001,bi-obj/run12/g12/g12_0.pdb.sc
551.0,810.9328045845032,1.4717473767413851,3.2851128578186035,0.0,1.4717473767413851,148.0,85.45754075050354,0.5774158158817807,2.5219104290008545,3.293264174783552,3.870679990665333,44.0,10.748857259750366,0.24429221044887195,1.217503547668457,4.398060966621745,4.642353177070618,96.2063980102539,192.0,38,40,273,279,552,run12_g12_g12_1,bi-obj/run12/g12/g12_1.pdb,-472.622,-1.757,-48.779,-2.261,-38.402,-1.78,1050.516,2157.817,1107.301,28.0,-1.941,-1296.877,209.443,-323.777,2.168,31.003,148.268,754.345,0.213,-49.647,-63.575,-20.822,-56.266,10.0,-36.659,269.0,77.0,40.186,-48.902,0.71,-2.247,21.55,43.218,175.124,0.705,-1.989,-73.576,-2.486,-99.459,0.541,temp_g11_10_0001,bi-obj/run12/g12/g12_1.pdb.sc
535.0,788.5196968317032,1.473868592208791,3.3396432399749756,0.0,1.473868592208791,139.0,85.51471400260925,0.6152137698029443,2.2408134937286377,3.289847367101436,3.90506113690438,43.0,8.976475715637207,0.20875524920086527,0.8502192497253418,4.4499878938808,4.658743143081665,94.49118971824646,182.0,38,40,258,278,536,run12_g12_g12_10,bi-obj/run12/g12/g12_10.pdb,-452.978,-1.684,-49.404,-2.317,-38.401,-1.801,1071.168,2132.304,1061.136,24.0,-1.988,-1284.856,214.599,-326.658,2.117,30.306,147.55,750.445,0.272,-50.099,-63.973,-24.253,-57.026,12.0,-33.523,269.0,74.0,45.487,-51.66,0.695,-2.339,26.293,43.205,180.519,0.695,-1.98,-69.294,-2.662,-103.82,0.537,temp_g12_13_0001,bi-obj/run12/g12/g12_10.pdb.sc
523.0,772.7366865873337,1.4775080049471008,3.3713393211364746,0.0,1.4775080049471008,143.0,83.16757273674011,0.5815914177394413,2.461603879928589,3.302436910309158,3.884028328048599,36.0,11.651564121246338,0.32365455892350936,0.8767681121826172,4.3370004362530175,4.660654995176527,94.81913685798645,179.0,38,38,261,263,524,run12_g12_g12_11,bi-obj/run12/g12/g12_11.pdb,-498.337,-1.853,-60.539,-2.761,-52.846,-2.41,1169.23,2192.952,1023.722,18.0,-1.898,-1268.174,196.297,-321.878,2.094,29.713,136.897,733.012,0.231,-50.457,-65.079,-24.007,-59.095,13.0,-35.745,269.0,79.0,36.355,-51.79,0.665,-2.848,26.478,40.812,177.355,0.635,-2.857,-105.715,-2.839,-119.242,0.772,temp_g11_09_0001,bi-obj/run12/g12/g12_11.pdb.sc
551.0,810.554391503334,1.4710606016394447,3.2851128578186035,0.0,1.4710606016394447,146.0,85.24907577037811,0.5838977792491652,2.5219104290008545,3.2825627792371463,3.8664605584863114,47.0,9.704972267150879,0.20648877164150806,1.2118597030639648,4.449003118149777,4.655491889791286,94.95404803752899,193.0,38,40,273,279,552,run12_g12_g12_12,bi-obj/run12/g12/g12_12.pdb,-467.013,-1.736,-49.076,-2.251,-38.985,-1.788,1075.949,2180.48,1104.53,27.0,-1.955,-1299.791,212.132,-323.591,2.17,31.06,150.929,756.3,0.238,-49.451,-62.78,-21.669,-56.31,10.0,-36.736,269.0,79.0,41.253,-49.442,0.698,-2.232,21.493,43.71,175.124,0.695,-2.005,-76.177,-2.442,-100.129,0.541,temp_g10_19_0001,bi-obj/run12/g12/g12_12.pdb.sc
546.0,804.0888736248016,1.4726902447340688,3.4545059204101562,0.0,1.4726902447340688,148.0,83.72003269195557,0.5656758965672674,2.871953248977661,3.3254156418748804,3.8910915384421476,42.0,10.042044639587402,0.2390963009425572,1.3663034439086914,4.316247548375811,4.555343849318368,93.76207733154297,190.0,38,39,277,270,547,run12_g12_g12_13,bi-obj/run12/g12/g12_13.pdb,-473.269,-1.759,-53.0,-2.311,-44.452,-1.938,1268.882,2293.592,1024.71,20.0,-1.759,-1282.141,213.582,-323.328,2.17,31.661,141.453,746.763,0.208,-50.395,-61.372,-21.601,-55.634,10.0,-37.056,269.0,79.0,45.163,-50.222,0.646,-2.645,18.065,35.989,174.805,0.666,-2.503,-97.633,-2.783,-111.309,0.587,temp_g11_11_0001,bi-obj/run12/g12/g12_13.pdb.sc
544.0,801.0832439661026,1.4725794925847475,3.28822660446167,0.0,1.4725794925847475,147.0,88.25264799594879,0.6003581496323047,2.5826008319854736,3.3249694368466227,3.9253275864789274,42.0,11.387382984161377,0.2711281662895566,1.519881248474121,4.22384892758869,4.494977093878246,99.64003098011017,189.0,38,38,282,263,545,run12_g12_g12_14,bi-obj/run12/g12/g12_14.pdb,-479.982,-1.784,-51.939,-2.261,-42.304,-1.842,1147.88,2297.101,1149.221,20.0,-0.826,-1289.405,209.194,-322.446,2.238,30.606,150.834,741.319,0.194,-48.838,-64.543,-20.436,-56.191,9.0,-37.425,269.0,78.0,49.932,-54.325,0.729,-2.632,16.165,37.216,176.115,0.643,-2.136,-81.182,-3.102,-124.076,0.834,temp_g12_16_0001,bi-obj/run12/g12/g12_14.pdb.sc
541.0,796.5083026885986,1.4722889143966702,3.450584650039673,0.0,1.4722889143966702,143.0,82.7203140258789,0.5784637344467056,2.335179567337036,3.321356314879197,3.899820049325903,43.0,11.095632791519165,0.2580379718957945,0.8703341484069824,4.351759832958843,4.609797804854637,93.81594681739807,186.0,38,39,270,272,542,run12_g12_g12_15,bi-obj/run12/g12/g12_15.pdb,-500.405,-1.86,-58.537,-2.651,-49.885,-2.259,1037.297,2208.277,1170.98,19.0,-1.856,-1287.632,200.675,-339.977,2.11,29.853,144.793,748.062,0.309,-53.016,-66.606,-28.972,-57.836,14.0,-34.097,269.0,75.0,40.576,-50.292,0.756,-2.821,30.222,42.747,180.121,0.669,-2.417,-89.412,-3.215,-122.182,0.721,temp_g12_17_0001,bi-obj/run12/g12/g12_15.pdb.sc
544.0,800.7705625295639,1.4720047105322867,3.450584650039673,0.0,1.4720047105322867,143.0,84.85518562793732,0.5933929064890722,2.1462464332580566,3.2994846889189073,3.8928775954079793,48.0,12.446847677230835,0.2593093266089757,0.8479981422424316,4.35997249186039,4.619281818469365,97.30203330516815,191.0,38,39,273,272,545,run12_g12_g12_16,bi-obj/run12/g12/g12_16.pdb,-477.785,-1.776,-56.345,-2.513,-46.362,-2.068,1030.856,2242.088,1211.232,20.0,-0.826,-1288.556,207.07,-329.067,2.215,31.055,145.105,755.36,0.327,-50.197,-65.378,-27.851,-57.337,16.0,-35.988,269.0,76.0,40.779,-48.197,0.752,-2.604,29.607,42.299,171.543,0.682,-2.223,-82.257,-2.966,-115.664,0.58,temp_g12_14_0001,bi-obj/run12/g12/g12_16.pdb.sc
547.0,805.6184140443802,1.472794175583876,3.450584650039673,0.0,1.472794175583876,144.0,84.5829461812973,0.5873815707034535,2.1445984840393066,3.307617057528761,3.894998628232214,44.0,11.694076776504517,0.2657744721932845,0.9989333152770996,4.3245243646881795,4.590298836881464,96.27702295780182,188.0,38,39,276,272,548,run12_g12_g12_17,bi-obj/run12/g12/g12_17.pdb,-485.007,-1.803,-57.437,-2.537,-49.655,-2.193,1079.762,2264.213,1184.45,23.0,-1.856,-1296.3,206.36,-330.84,2.133,31.226,145.402,752.394,0.322,-49.609,-66.149,-29.401,-57.778,15.0,-36.73,269.0,76.0,41.822,-47.333,0.784,-2.683,30.222,43.882,176.932,0.679,-2.394,-88.571,-2.957,-115.311,0.615,temp_g8_00_0001,bi-obj/run12/g12/g12_17.pdb.sc
523.0,772.7351546287537,1.4775050757719956,3.3713393211364746,0.0,1.4775050757719956,143.0,83.13567113876343,0.5813683296417023,2.461603879928589,3.301818672593657,3.8831870022353594,37.0,11.814921617507935,0.31932220587859284,0.8767681121826172,4.32863585369007,4.647958059568663,94.95059275627136,180.0,38,38,261,263,524,run12_g12_g12_18,bi-obj/run12/g12/g12_18.pdb,-498.451,-1.853,-60.715,-2.757,-52.654,-2.391,1176.479,2202.118,1025.639,19.0,-1.898,-1268.409,196.349,-321.781,2.102,29.751,137.01,732.903,0.232,-50.519,-65.214,-24.065,-59.193,13.0,-35.839,269.0,79.0,36.343,-51.654,0.681,-2.849,26.478,41.058,177.355,0.639,-2.858,-105.733,-2.84,-119.3,0.772,temp_g12_24_0001,bi-obj/run12/g12/g12_18.pdb.sc
544.0,800.152051448822,1.470867741633864,3.0896780490875244,0.0,1.470867741633864,147.0,84.77994346618652,0.5767343092937859,2.2255237102508545,3.3375910723290474,3.9143253816228336,47.0,10.261277914047241,0.21832506200100513,0.897799015045166,4.347504194746626,4.565829256747631,95.04122138023376,194.0,38,38,282,263,545,run12_g12_g12_19,bi-obj/run12/g12/g12_19.pdb,-472.775,-1.758,-54.711,-2.441,-40.271,-1.797,1094.031,2241.356,1147.325,22.0,-0.826,-1299.394,212.859,-342.85,2.177,33.208,146.074,765.304,0.264,-47.381,-61.628,-25.598,-57.131,12.0,-33.935,269.0,80.0,45.118,-50.985,0.733,-2.57,30.061,40.208,171.343,0.664,-2.294,-87.156,-2.821,-118.483,0.601,temp_g12_00_0001,bi-obj/run12/g12/g12_19.pdb.sc
553.0,813.4854060411453,1.4710405172534273,3.28822660446167,0.0,1.4710405172534273,152.0,89.7177050113678,0.5902480592853144,2.5826008319854736,3.2996525325273214,3.8899005918126357,43.0,11.522327899932861,0.267961113951927,1.394629955291748,4.141449795212856,4.409410909164784,101.24003291130066,195.0,38,39,284,270,554,run12_g12_g12_2,bi-obj/run12/g12/g12_2.pdb,-467.652,-1.738,-50.595,-2.199,-42.109,-1.83,1169.225,2301.005,1131.78,17.0,-0.826,-1289.835,212.411,-314.611,2.242,31.286,151.842,740.274,0.204,-48.158,-63.187,-20.068,-56.067,10.0,-38.4,269.0,78.0,49.617,-53.775,0.726,-2.546,16.165,37.539,175.065,0.654,-2.132,-80.997,-2.939,-117.579,0.834,temp_g11_24_0001,bi-obj/run12/g12/g12_2.pdb.sc
544.0,800.1459506750107,1.4708565269761227,3.28822660446167,0.0,1.4708565269761227,151.0,87.87963426113129,0.581984332855174,2.052295446395874,3.347740205707929,3.929724538563103,44.0,11.721787929534912,0.26640427112579346,1.4901137351989746,4.205748455090956,4.472152726216749,99.6014221906662,195.0,38,38,282,263,545,run12_g12_g12_20,bi-obj/run12/g12/g12_20.pdb,-463.355,-1.723,-47.26,-2.097,-35.788,-1.588,1166.431,2253.153,1086.722,26.0,-0.826,-1293.529,215.745,-323.184,2.315,31.692,154.07,747.568,0.212,-47.223,-62.888,-19.886,-56.01,9.0,-36.748,269.0,79.0,49.731,-51.711,0.721,-2.414,10.924,39.571,176.152,0.672,-2.108,-80.111,-2.697,-110.596,0.881,temp_g10_01_0001,bi-obj/run12/g12/g12_20.pdb.sc
542.0,797.8337491750717,1.4720179874078814,3.4711060523986816,0.0,1.4720179874078814,137.0,81.33536803722382,0.5936888177899549,2.2620396614074707,3.3545370650117414,3.9482258828016965,41.0,11.690202474594116,0.28512688962424676,1.0887441635131836,4.353850888042915,4.6389777776671615,93.02557051181793,178.0,38,39,271,272,543,run12_g12_g12_21,bi-obj/run12/g12/g12_21.pdb,-488.501,-1.816,-52.647,-2.281,-45.945,-1.99,1120.851,2308.445,1187.594,23.0,-1.834,-1277.507,203.383,-341.01,2.212,31.353,140.96,755.938,0.303,-50.624,-66.118,-28.939,-58.189,13.0,-34.537,269.0,76.0,37.129,-47.57,0.727,-2.719,28.334,42.431,175.424,0.636,-2.585,-95.629,-2.846,-111.008,0.663,temp_g10_20_0001,bi-obj/run12/g12/g12_21.pdb.sc
528.0,778.898705124855,1.4751869415243466,3.34053897857666,0.0,1.4751869415243466,142.0,84.5164510011673,0.5951862746561077,2.2408134937286377,3.3000618194190547,3.895248094075163,43.0,9.450830698013306,0.2197867604189141,1.2717738151550293,4.466829915379369,4.686616675798283,93.9672816991806,185.0,38,39,259,270,529,run12_g12_g12_22,bi-obj/run12/g12/g12_22.pdb,-439.178,-1.633,-49.93,-2.356,-37.395,-1.765,1039.997,2119.0,1079.003,24.0,-1.988,-1282.133,211.8,-322.407,2.11,30.274,148.148,747.369,0.279,-47.793,-63.347,-22.516,-57.077,12.0,-34.27,269.0,76.0,44.632,-52.559,0.686,-2.161,37.955,42.922,179.166,0.689,-1.935,-69.649,-2.365,-94.592,0.537,temp_g11_21_0001,bi-obj/run12/g12/g12_22.pdb.sc
545.0,802.6345771551132,1.4727239947800244,3.450584650039673,0.0,1.4727239947800244,143.0,82.62100803852081,0.577769286982663,2.333621025085449,3.31334459948373,3.891113886466393,41.0,10.862747192382812,0.26494505347275155,0.8479981422424316,4.330663477502218,4.595608530974969,93.48375523090363,184.0,38,39,274,272,546,run12_g12_g12_23,bi-obj/run12/g12/g12_23.pdb,-492.192,-1.83,-58.247,-2.601,-49.499,-2.21,1072.863,2239.722,1166.859,19.0,-1.856,-1291.071,204.055,-331.448,2.141,30.65,144.879,746.102,0.327,-51.125,-66.845,-27.407,-57.813,15.0,-36.01,269.0,76.0,40.742,-48.78,0.695,-2.752,30.222,42.691,177.982,0.672,-2.413,-89.277,-3.074,-119.869,0.699,temp_g9_23_0001,bi-obj/run12/g12/g12_23.pdb.sc
543.0,799.5018774271011,1.4723791481162083,3.450584650039673,0.0,1.4723791481162083,144.0,82.8382089138031,0.5752653396791882,2.333621025085449,3.3218129807048373,3.8970783203840256,40.0,10.961441040039062,0.27403602600097654,0.8703341484069824,4.331975573301316,4.606011599302292,93.79964995384216,184.0,38,39,272,272,544,run12_g12_g12_24,bi-obj/run12/g12/g12_24.pdb,-502.085,-1.866,-58.572,-2.643,-49.9,-2.251,1048.596,2216.391,1167.795,19.0,-1.856,-1288.158,200.825,-340.805,2.108,29.938,144.193,748.89,0.31,-52.908,-66.651,-28.973,-57.837,14.0,-34.115,269.0,76.0,40.536,-49.266,0.709,-2.823,30.222,42.038,179.033,0.67,-2.415,-89.359,-3.21,-125.206,0.699,temp_g11_06_0001,bi-obj/run12/g12/g12_24.pdb.sc
530.0,783.7020652294159,1.478683141942294,3.4005658626556396,0.0,1.478683141942294,140.0,81.24397003650665,0.5803140716893332,2.378483295440674,3.371675115823746,3.951989187513079,40.0,11.10201382637024,0.27755034565925596,1.016404628753662,4.393320828676224,4.670871174335479,92.34598386287689,180.0,38,38,267,264,531,run12_g12_g12_3,bi-obj/run12/g12/g12_3.pdb,-471.536,-1.753,-55.96,-2.494,-49.373,-2.2,1194.208,2244.095,1049.887,31.0,-1.835,-1274.029,197.061,-309.723,2.203,30.946,133.971,719.171,0.192,-47.092,-62.427,-22.786,-57.196,10.0,-35.647,269.0,79.0,42.276,-47.466,0.673,-2.489,33.657,44.214,182.54,0.684,-2.432,-92.415,-2.543,-104.255,0.626,temp_g12_06_0001,bi-obj/run12/g12/g12_3.pdb.sc
547.0,805.5634706020355,1.4726937305338859,3.450584650039673,0.0,1.4726937305338859,144.0,84.51135265827179,0.5868843934602208,2.1445984840393066,3.3070079245501094,3.89389231801033,44.0,11.690178871154785,0.265685883435336,0.9989333152770996,4.32469082962383,4.5903767130591655,96.20153152942657,188.0,38,39,276,272,548,run12_g12_g12_4,bi-obj/run12/g12/g12_4.pdb,-484.649,-1.802,-57.49,-2.536,-49.95,-2.204,1079.893,2266.716,1186.822,23.0,-1.856,-1296.652,206.157,-330.913,2.135,31.227,145.486,752.569,0.32,-49.623,-66.02,-29.393,-57.826,15.0,-36.702,269.0,76.0,42.418,-47.345,0.749,-2.677,30.222,43.924,176.932,0.679,-2.382,-88.146,-2.956,-115.301,0.613,temp_g11_08_0001,bi-obj/run12/g12/g12_4.pdb.sc
547.0,805.601153254509,1.47276262020934,3.450584650039673,0.0,1.47276262020934,145.0,84.57479500770569,0.5832744483290048,2.1445984840393066,3.310416509365213,3.893690957694218,43.0,11.84724760055542,0.2755173860594284,0.9989333152770996,4.341996270556782,4.617513656616211,96.42204260826111,188.0,38,39,276,272,548,run12_g12_g12_5,bi-obj/run12/g12/g12_5.pdb,-484.802,-1.802,-57.485,-2.549,-50.019,-2.218,1074.896,2255.485,1180.589,23.0,-1.856,-1296.422,206.31,-330.557,2.135,31.238,145.298,752.17,0.319,-49.701,-65.913,-29.361,-57.832,15.0,-36.656,269.0,76.0,42.106,-47.446,0.751,-2.678,30.222,43.921,176.932,0.678,-2.382,-88.138,-2.959,-115.418,0.611,temp_g12_02_0001,bi-obj/run12/g12/g12_5.pdb.sc
559.0,824.6956493854523,1.4753052761814889,3.2051174640655518,0.0,1.4753052761814889,150.0,87.85816693305969,0.5857211128870646,2.3746395111083984,3.304762369791667,3.8904834826787313,44.0,11.679823637008667,0.26545053720474243,0.942631721496582,4.298065803267739,4.563516340472481,99.53799057006836,194.0,38,40,281,279,560,run12_g12_g12_6,bi-obj/run12/g12/g12_6.pdb,-389.105,-1.446,-32.669,-1.388,-12.936,-0.55,1245.815,2353.891,1108.076,38.0,-1.844,-1284.747,222.319,-303.968,2.061,31.602,167.529,742.932,0.497,-39.988,-57.706,-21.001,-53.487,7.0,-36.567,269.0,81.0,61.942,-48.268,0.701,-1.751,1.98,50.149,177.335,0.68,-1.264,-49.293,-2.203,-92.519,0.619,temp_g7_10_0001,bi-obj/run12/g12/g12_6.pdb.sc
552.0,813.2524946928024,1.4732835048782653,3.075467348098755,0.0,1.4732835048782653,143.0,83.82198715209961,0.5861677423223749,2.3746395111083984,3.3068073796225597,3.8929751219449344,43.0,11.839235305786133,0.2753310536229333,0.9993977546691895,4.321202899134437,4.59653395275737,95.66122245788574,186.0,38,39,281,272,553,run12_g12_g12_7,bi-obj/run12/g12/g12_7.pdb,-405.789,-1.509,-42.261,-1.838,-24.931,-1.084,1139.185,2299.418,1160.233,34.0,-1.844,-1288.901,216.748,-310.369,2.086,31.991,161.016,744.216,0.366,-46.482,-58.032,-20.729,-54.557,10.0,-35.924,269.0,80.0,52.616,-49.461,0.756,-1.962,23.983,49.901,177.335,0.669,-1.456,-56.792,-2.443,-100.159,0.619,temp_g10_09_0001,bi-obj/run12/g12/g12_7.pdb.sc
538.0,792.8427436351776,1.4736853970914081,3.099545478820801,0.0,1.4736853970914081,143.0,87.16981661319733,0.609579137155226,2.2255237102508545,3.338253545594382,3.947832682749608,42.0,11.62914776802063,0.2768844706671579,0.897799015045166,4.351992811475482,4.628877282142639,98.79896438121796,185.0,38,38,276,263,539,run12_g12_g12_8,bi-obj/run12/g12/g12_8.pdb,-484.589,-1.801,-55.663,-2.445,-50.737,-2.229,1136.214,2276.285,1140.071,25.0,-0.826,-1286.537,199.095,-316.82,2.184,31.811,136.802,736.223,0.16,-42.488,-62.312,-25.627,-58.816,9.0,-36.608,269.0,79.0,42.541,-49.387,0.682,-2.739,30.061,40.176,175.375,0.641,-2.681,-101.88,-2.793,-114.52,0.565,temp_g12_01_0001,bi-obj/run12/g12/g12_8.pdb.sc
553.0,812.3186414241791,1.4689306354867615,3.127643585205078,0.0,1.4689306354867615,149.0,85.18070209026337,0.5716825643641836,2.2230446338653564,3.26403046374353,3.8357130281077136,52.0,11.412794589996338,0.2194768190383911,0.721860408782959,4.355222867085383,4.5746996861237745,96.5934966802597,201.0,38,39,284,270,554,run12_g12_g12_9,bi-obj/run12/g12/g12_9.pdb,-475.476,-1.768,-54.157,-2.434,-44.123,-1.983,1152.649,2225.17,1072.521,29.0,-1.892,-1310.858,209.973,-328.053,2.158,31.672,152.86,758.688,0.302,-52.61,-61.712,-23.603,-57.44,13.0,-34.719,269.0,78.0,43.858,-51.354,0.707,-2.564,27.257,42.741,176.924,0.701,-2.362,-89.755,-2.756,-110.236,0.633,temp_g12_15_0001,bi-obj/run12/g12/g12_9.pdb.sc
542.0,797.2810760736465,1.4709982953388312,3.0047607421875,0.0,1.4709982953388312,146.0,84.36983728408813,0.5778755978362201,2.2255237102508545,3.340034742877908,3.917910340714128,45.0,10.339340448379517,0.22976312107510036,0.897799015045166,4.352143632041083,4.581906753116184,94.70917773246765,191.0,38,38,280,263,543,run12_g13_g13_0,bi-obj/run12/g13/g13_0.pdb,-466.821,-1.735,-54.55,-2.441,-40.143,-1.796,1108.28,2234.96,1126.68,22.0,-0.826,-1296.797,211.679,-333.828,2.179,33.158,144.878,758.839,0.266,-47.468,-61.23,-25.603,-57.101,12.0,-34.037,269.0,80.0,45.455,-50.243,0.72,-2.551,30.061,41.033,172.431,0.662,-2.298,-87.342,-2.78,-116.771,0.601,temp_g9_02_0001,bi-obj/run12/g13/g13_0.pdb.sc
538.0,792.8409847021103,1.4736821276990897,3.099545478820801,0.0,1.4736821276990897,143.0,87.35907328128815,0.6109026103586583,2.2255237102508545,3.338744284389736,3.9496468947483945,43.0,11.70803165435791,0.2722798059153002,0.897799015045166,4.336878793184147,4.609158599099447,99.06710493564606,186.0,38,38,276,263,539,run12_g13_g13_1,bi-obj/run12/g13/g13_1.pdb,-484.459,-1.801,-55.645,-2.436,-48.307,-2.115,1139.674,2283.885,1144.211,26.0,-0.826,-1286.328,199.295,-316.44,2.185,31.811,136.791,735.934,0.168,-42.533,-62.341,-25.655,-58.826,9.0,-36.91,269.0,79.0,42.405,-49.391,0.645,-2.736,30.061,40.368,175.375,0.641,-2.674,-101.626,-2.793,-114.523,0.565,temp_g13_08_0001,bi-obj/run12/g13/g13_1.pdb.sc
546.0,804.0888736248016,1.4726902447340688,3.4545059204101562,0.0,1.4726902447340688,148.0,83.72003269195557,0.5656758965672674,2.871953248977661,3.3254156418748804,3.8910915384421476,42.0,10.042044639587402,0.2390963009425572,1.3663034439086914,4.316247548375811,4.555343849318368,93.76207733154297,190.0,38,39,277,270,547,run12_g13_g13_10,bi-obj/run12/g13/g13_10.pdb,-473.269,-1.759,-53.0,-2.311,-44.452,-1.938,1268.882,2293.592,1024.71,20.0,-1.759,-1282.141,213.582,-323.328,2.17,31.661,141.453,746.763,0.208,-50.395,-61.372,-21.601,-55.634,10.0,-37.056,269.0,79.0,45.163,-50.222,0.646,-2.645,18.065,35.989,174.805,0.666,-2.503,-97.633,-2.783,-111.309,0.587,temp_g11_11_0001,bi-obj/run12/g13/g13_10.pdb.sc
551.0,810.9328045845032,1.4717473767413851,3.2851128578186035,0.0,1.4717473767413851,148.0,85.45754075050354,0.5774158158817807,2.5219104290008545,3.293264174783552,3.870679990665333,44.0,10.748857259750366,0.24429221044887195,1.217503547668457,4.398060966621745,4.642353177070618,96.2063980102539,192.0,38,40,273,279,552,run12_g13_g13_11,bi-obj/run12/g13/g13_11.pdb,-472.622,-1.757,-48.779,-2.261,-38.402,-1.78,1050.516,2157.817,1107.301,28.0,-1.941,-1296.877,209.443,-323.777,2.168,31.003,148.268,754.345,0.213,-49.647,-63.575,-20.822,-56.266,10.0,-36.659,269.0,77.0,40.186,-48.902,0.71,-2.247,21.55,43.218,175.124,0.705,-1.989,-73.576,-2.486,-99.459,0.541,temp_g11_10_0001,bi-obj/run12/g13/g13_11.pdb.sc
535.0,788.4816560745239,1.4737974879897644,3.3396432399749756,0.0,1.4737974879897644,137.0,85.44286632537842,0.6236705571195506,2.2408134937286377,3.2846601496647745,3.9083307067843247,43.0,8.768415927886963,0.2039166494857433,0.7624764442443848,4.451305245244225,4.655221894729969,94.21128225326538,180.0,38,40,258,278,536,run12_g13_g13_12,bi-obj/run12/g13/g13_12.pdb,-453.353,-1.685,-49.349,-2.321,-38.777,-1.824,1068.909,2126.337,1057.428,24.0,-2.062,-1286.425,214.772,-327.143,2.117,30.308,148.002,751.314,0.269,-50.074,-64.299,-24.193,-56.996,12.0,-33.466,269.0,75.0,45.92,-51.56,0.669,-2.301,26.293,43.082,180.519,0.696,-1.911,-68.784,-2.662,-103.8,0.538,temp_g13_10_0001,bi-obj/run12/g13/g13_12.pdb.sc
553.0,813.4854060411453,1.4710405172534273,3.28822660446167,0.0,1.4710405172534273,152.0,89.7177050113678,0.5902480592853144,2.5826008319854736,3.2996525325273214,3.8899005918126357,43.0,11.522327899932861,0.267961113951927,1.394629955291748,4.141449795212856,4.409410909164784,101.24003291130066,195.0,38,39,284,270,554,run12_g13_g13_13,bi-obj/run12/g13/g13_13.pdb,-467.652,-1.738,-50.595,-2.199,-42.109,-1.83,1169.225,2301.005,1131.78,17.0,-0.826,-1289.835,212.411,-314.611,2.242,31.286,151.842,740.274,0.204,-48.158,-63.187,-20.068,-56.067,10.0,-38.4,269.0,78.0,49.617,-53.775,0.726,-2.546,16.165,37.539,175.065,0.654,-2.132,-80.997,-2.939,-117.579,0.834,temp_g11_24_0001,bi-obj/run12/g13/g13_13.pdb.sc
535.0,788.5196968317032,1.473868592208791,3.3396432399749756,0.0,1.473868592208791,139.0,85.51471400260925,0.6152137698029443,2.2408134937286377,3.289847367101436,3.90506113690438,43.0,8.976475715637207,0.20875524920086527,0.8502192497253418,4.4499878938808,4.658743143081665,94.49118971824646,182.0,38,40,258,278,536,run12_g13_g13_14,bi-obj/run12/g13/g13_14.pdb,-452.978,-1.684,-49.404,-2.317,-38.401,-1.801,1071.168,2132.304,1061.136,24.0,-1.988,-1284.856,214.599,-326.658,2.117,30.306,147.55,750.445,0.272,-50.099,-63.973,-24.253,-57.026,12.0,-33.523,269.0,74.0,45.487,-51.66,0.695,-2.339,26.293,43.205,180.519,0.695,-1.98,-69.294,-2.662,-103.82,0.537,temp_g12_13_0001,bi-obj/run12/g13/g13_14.pdb.sc
551.0,810.554391503334,1.4710606016394447,3.2851128578186035,0.0,1.4710606016394447,146.0,85.24907577037811,0.5838977792491652,2.5219104290008545,3.2825627792371463,3.8664605584863114,47.0,9.704972267150879,0.20648877164150806,1.2118597030639648,4.449003118149777,4.655491889791286,94.95404803752899,193.0,38,40,273,279,552,run12_g13_g13_15,bi-obj/run12/g13/g13_15.pdb,-467.013,-1.736,-49.076,-2.251,-38.985,-1.788,1075.949,2180.48,1104.53,27.0,-1.955,-1299.791,212.132,-323.591,2.17,31.06,150.929,756.3,0.238,-49.451,-62.78,-21.669,-56.31,10.0,-36.736,269.0,79.0,41.253,-49.442,0.698,-2.232,21.493,43.71,175.124,0.695,-2.005,-76.177,-2.442,-100.129,0.541,temp_g10_19_0001,bi-obj/run12/g13/g13_15.pdb.sc
523.0,772.7351546287537,1.4775050757719956,3.3713393211364746,0.0,1.4775050757719956,143.0,83.13567113876343,0.5813683296417023,2.461603879928589,3.301818672593657,3.8831870022353594,37.0,11.814921617507935,0.31932220587859284,0.8767681121826172,4.32863585369007,4.647958059568663,94.95059275627136,180.0,38,38,261,263,524,run12_g13_g13_16,bi-obj/run12/g13/g13_16.pdb,-498.451,-1.853,-60.715,-2.757,-52.654,-2.391,1176.479,2202.118,1025.639,19.0,-1.898,-1268.409,196.349,-321.781,2.102,29.751,137.01,732.903,0.232,-50.519,-65.214,-24.065,-59.193,13.0,-35.839,269.0,79.0,36.343,-51.654,0.681,-2.849,26.478,41.058,177.355,0.639,-2.858,-105.733,-2.84,-119.3,0.772,temp_g12_24_0001,bi-obj/run12/g13/g13_16.pdb.sc
523.0,772.7366865873337,1.4775080049471008,3.3713393211364746,0.0,1.4775080049471008,143.0,83.16757273674011,0.5815914177394413,2.461603879928589,3.302436910309158,3.884028328048599,36.0,11.651564121246338,0.32365455892350936,0.8767681121826172,4.3370004362530175,4.660654995176527,94.81913685798645,179.0,38,38,261,263,524,run12_g13_g13_17,bi-obj/run12/g13/g13_17.pdb,-498.337,-1.853,-60.539,-2.761,-52.846,-2.41,1169.23,2192.952,1023.722,18.0,-1.898,-1268.174,196.297,-321.878,2.094,29.713,136.897,733.012,0.231,-50.457,-65.079,-24.007,-59.095,13.0,-35.745,269.0,79.0,36.355,-51.79,0.665,-2.848,26.478,40.812,177.355,0.635,-2.857,-105.715,-2.839,-119.242,0.772,temp_g11_09_0001,bi-obj/run12/g13/g13_17.pdb.sc
551.0,809.9046722650528,1.4698814378676095,3.1472365856170654,0.0,1.4698814378676095,149.0,87.0727310180664,0.584380745087694,2.2230446338653564,3.2675783202152124,3.8519590653029065,51.0,12.446510076522827,0.2440492171867221,1.3428349494934082,4.336229899350335,4.580279116537056,99.51924109458923,200.0,38,39,282,270,552,run12_g13_g13_18,bi-obj/run12/g13/g13_18.pdb,-500.184,-1.859,-55.333,-2.499,-48.317,-2.182,1166.997,2214.214,1047.217,36.0,-1.892,-1310.938,201.063,-320.711,2.202,30.503,146.41,750.054,0.218,-51.152,-64.169,-23.619,-58.542,10.0,-36.561,269.0,79.0,42.954,-51.011,0.715,-2.836,27.257,38.618,178.781,0.691,-2.687,-102.119,-2.973,-121.898,0.571,temp_g13_09_0001,bi-obj/run12/g13/g13_18.pdb.sc
546.0,804.1588505506516,1.472818407601926,3.4545059204101562,0.0,1.472818407601926,148.0,83.29308295249939,0.5627911010304013,2.871953248977661,3.3269304133750297,3.889721514405431,40.0,9.957483291625977,0.24893708229064943,1.3663034439086914,4.3090456306934355,4.557982712984085,93.25056624412537,188.0,38,39,277,270,547,run12_g13_g13_19,bi-obj/run12/g13/g13_19.pdb,-473.676,-1.761,-53.048,-2.314,-44.554,-1.943,1253.534,2292.812,1039.278,20.0,-1.759,-1281.832,213.483,-323.095,2.173,31.67,141.273,746.268,0.207,-50.423,-61.399,-21.738,-55.702,10.0,-37.088,269.0,79.0,45.1,-50.172,0.669,-2.651,18.065,36.109,174.805,0.666,-2.504,-97.655,-2.794,-111.762,0.587,temp_g13_13_0001,bi-obj/run12/g13/g13_19.pdb.sc
530.0,783.7020652294159,1.478683141942294,3.4005658626556396,0.0,1.478683141942294,140.0,81.24397003650665,0.5803140716893332,2.378483295440674,3.371675115823746,3.951989187513079,40.0,11.10201382637024,0.27755034565925596,1.016404628753662,4.393320828676224,4.670871174335479,92.34598386287689,180.0,38,38,267,264,531,run12_g13_g13_2,bi-obj/run12/g13/g13_2.pdb,-471.536,-1.753,-55.96,-2.494,-49.373,-2.2,1194.208,2244.095,1049.887,31.0,-1.835,-1274.029,197.061,-309.723,2.203,30.946,133.971,719.171,0.192,-47.092,-62.427,-22.786,-57.196,10.0,-35.647,269.0,79.0,42.276,-47.466,0.673,-2.489,33.657,44.214,182.54,0.684,-2.432,-92.415,-2.543,-104.255,0.626,temp_g12_06_0001,bi-obj/run12/g13/g13_2.pdb.sc
559.0,824.6956493854523,1.4753052761814889,3.2051174640655518,0.0,1.4753052761814889,150.0,87.85816693305969,0.5857211128870646,2.3746395111083984,3.304762369791667,3.8904834826787313,44.0,11.679823637008667,0.26545053720474243,0.942631721496582,4.298065803267739,4.563516340472481,99.53799057006836,194.0,38,40,281,279,560,run12_g13_g13_20,bi-obj/run12/g13/g13_20.pdb,-389.105,-1.446,-32.669,-1.388,-12.936,-0.55,1245.815,2353.891,1108.076,38.0,-1.844,-1284.747,222.319,-303.968,2.061,31.602,167.529,742.932,0.497,-39.988,-57.706,-21.001,-53.487,7.0,-36.567,269.0,81.0,61.942,-48.268,0.701,-1.751,1.98,50.149,177.335,0.68,-1.264,-49.293,-2.203,-92.519,0.619,temp_g7_10_0001,bi-obj/run12/g13/g13_20.pdb.sc
545.0,802.6345771551132,1.4727239947800244,3.450584650039673,0.0,1.4727239947800244,143.0,82.62100803852081,0.577769286982663,2.333621025085449,3.31334459948373,3.891113886466393,41.0,10.862747192382812,0.26494505347275155,0.8479981422424316,4.330663477502218,4.595608530974969,93.48375523090363,184.0,38,39,274,272,546,run12_g13_g13_21,bi-obj/run12/g13/g13_21.pdb,-492.192,-1.83,-58.247,-2.601,-49.499,-2.21,1072.863,2239.722,1166.859,19.0,-1.856,-1291.071,204.055,-331.448,2.141,30.65,144.879,746.102,0.327,-51.125,-66.845,-27.407,-57.813,15.0,-36.01,269.0,76.0,40.742,-48.78,0.695,-2.752,30.222,42.691,177.982,0.672,-2.413,-89.277,-3.074,-119.869,0.699,temp_g9_23_0001,bi-obj/run12/g13/g13_21.pdb.sc
523.0,772.7766275405884,1.4775843738825782,3.3713393211364746,0.0,1.4775843738825782,143.0,83.10851812362671,0.58117844841697,2.4780547618865967,3.3062942895022305,3.8874727379192007,39.0,11.903473615646362,0.3052172721960606,0.9054751396179199,4.342613764298268,4.6478310364943285,95.01199173927307,182.0,38,38,261,263,524,run12_g13_g13_22,bi-obj/run12/g13/g13_22.pdb,-498.66,-1.854,-60.742,-2.761,-53.552,-2.434,1157.31,2200.399,1043.089,19.0,-1.884,-1268.288,196.585,-321.7,2.102,29.757,137.003,732.7,0.228,-50.538,-65.268,-24.068,-59.167,13.0,-35.926,269.0,79.0,36.152,-51.754,0.68,-2.852,26.437,41.07,177.355,0.64,-2.858,-105.756,-2.847,-119.583,0.772,temp_g13_18_0001,bi-obj/run12/g13/g13_22.pdb.sc
552.0,813.3812092542648,1.473516683431639,3.12357234954834,0.0,1.473516683431639,145.0,85.59425401687622,0.5903052001163878,2.3746395111083984,3.3034478516414247,3.8937530517578125,44.0,12.025487899780273,0.2733065431768244,1.0269365310668945,4.3147812485694885,4.588087791746313,97.6197419166565,189.0,38,39,281,272,553,run12_g13_g13_23,bi-obj/run12/g13/g13_23.pdb,-403.557,-1.5,-39.986,-1.732,-23.62,-1.023,1184.871,2309.25,1124.379,36.0,-1.844,-1289.252,218.432,-311.46,2.084,32.073,161.068,745.63,0.304,-46.958,-57.722,-21.285,-54.596,8.0,-35.501,269.0,80.0,52.821,-49.858,0.713,-1.949,25.105,49.751,177.335,0.668,-1.438,-56.072,-2.435,-99.821,0.619,temp_g13_06_0001,bi-obj/run12/g13/g13_23.pdb.sc
531.0,785.162683725357,1.4786491218933278,3.4005658626556396,0.0,1.4786491218933278,143.0,82.02080273628235,0.5735720471068696,2.3728184700012207,3.366331787376137,3.9399038344830064,41.0,11.143076658248901,0.2717823575182659,1.016404628753662,4.354398099387565,4.62618045690583,93.16387939453125,184.0,38,38,268,264,532,run12_g13_g13_24,bi-obj/run12/g13/g13_24.pdb,-471.901,-1.754,-55.841,-2.503,-48.768,-2.186,1168.935,2231.199,1062.264,31.0,-1.839,-1272.54,197.123,-307.319,2.212,30.445,133.372,716.038,0.195,-46.381,-62.674,-22.8,-57.407,10.0,-36.295,269.0,78.0,43.061,-48.021,0.71,-2.473,32.761,44.517,183.217,0.679,-2.431,-92.376,-2.512,-100.489,0.629,temp_g13_03_0001,bi-obj/run12/g13/g13_24.pdb.sc
536.0,789.807329416275,1.4735211369706624,3.450584650039673,0.0,1.4735211369706624,137.0,82.39994490146637,0.601459451835521,2.1735963821411133,3.323961445014842,3.925420896850363,47.0,12.130735874176025,0.258100763280341,0.9394364356994629,4.413369412117816,4.671470175398157,94.5306807756424,184.0,38,39,265,272,537,run12_g13_g13_3,bi-obj/run12/g13/g13_3.pdb,-493.543,-1.835,-61.596,-2.704,-52.015,-2.283,1070.367,2278.152,1207.785,16.0,-0.826,-1274.806,205.439,-333.717,2.179,30.372,141.96,753.558,0.334,-51.169,-68.683,-27.715,-58.627,18.0,-35.968,269.0,77.0,35.296,-51.975,0.705,-2.723,26.644,42.161,171.759,0.651,-2.443,-90.401,-2.983,-119.308,0.574,temp_g13_16_0001,bi-obj/run12/g13/g13_3.pdb.sc
536.0,790.2198468446732,1.4742907590385694,3.34053897857666,0.0,1.4742907590385694,146.0,82.79021489620209,0.5670562664123431,2.536942720413208,3.328010969782529,3.8950672361948717,43.0,9.636625528335571,0.22410757042640864,1.2717738151550293,4.473269118819126,4.697376689245535,92.42684042453766,189.0,38,40,258,279,537,run12_g13_g13_4,bi-obj/run12/g13/g13_4.pdb,-458.696,-1.705,-53.124,-2.497,-43.615,-2.05,1052.76,2127.115,1074.355,26.0,-1.988,-1279.62,207.635,-325.0,2.088,30.191,145.22,747.181,0.236,-51.472,-63.594,-22.105,-57.74,11.0,-34.87,269.0,78.0,40.686,-52.538,0.666,-2.271,37.955,42.5,176.233,0.69,-2.039,-77.497,-2.491,-99.624,0.541,temp_g13_22_0001,bi-obj/run12/g13/g13_4.pdb.sc
530.0,780.8425631523132,1.4732878550043647,3.28822660446167,0.0,1.4732878550043647,146.0,84.44585907459259,0.5783962950314561,2.052295446395874,3.37620861971215,3.9546049147436064,42.0,10.755050659179688,0.2560726347423735,1.472475528717041,4.263941429910206,4.520014064652579,95.20090973377228,188.0,38,37,276,255,531,run12_g13_g13_5,bi-obj/run12/g13/g13_5.pdb,-466.557,-1.734,-48.089,-2.146,-37.524,-1.675,1164.804,2240.677,1075.874,25.0,-0.826,-1278.097,211.532,-322.796,2.212,31.324,143.94,746.206,0.206,-47.133,-62.836,-19.946,-55.696,9.0,-37.02,269.0,80.0,49.39,-52.176,0.714,-2.415,10.72,38.784,175.28,0.674,-2.143,-81.416,-2.662,-111.805,0.582,temp_g13_20_0001,bi-obj/run12/g13/g13_5.pdb.sc
528.0,778.898705124855,1.4751869415243466,3.34053897857666,0.0,1.4751869415243466,142.0,84.5164510011673,0.5951862746561077,2.2408134937286377,3.3000618194190547,3.895248094075163,43.0,9.450830698013306,0.2197867604189141,1.2717738151550293,4.466829915379369,4.686616675798283,93.9672816991806,185.0,38,39,259,270,529,run12_g13_g13_6,bi-obj/run12/g13/g13_6.pdb,-439.178,-1.633,-49.93,-2.356,-37.395,-1.765,1039.997,2119.0,1079.003,24.0,-1.988,-1282.133,211.8,-322.407,2.11,30.274,148.148,747.369,0.279,-47.793,-63.347,-22.516,-57.077,12.0,-34.27,269.0,76.0,44.632,-52.559,0.686,-2.161,37.955,42.922,179.166,0.689,-1.935,-69.649,-2.365,-94.592,0.537,temp_g11_21_0001,bi-obj/run12/g13/g13_6.pdb.sc
544.0,800.152051448822,1.470867741633864,3.0896780490875244,0.0,1.470867741633864,147.0,84.77994346618652,0.5767343092937859,2.2255237102508545,3.3375910723290474,3.9143253816228336,47.0,10.261277914047241,0.21832506200100513,0.897799015045166,4.347504194746626,4.565829256747631,95.04122138023376,194.0,38,38,282,263,545,run12_g13_g13_7,bi-obj/run12/g13/g13_7.pdb,-472.775,-1.758,-54.711,-2.441,-40.271,-1.797,1094.031,2241.356,1147.325,22.0,-0.826,-1299.394,212.859,-342.85,2.177,33.208,146.074,765.304,0.264,-47.381,-61.628,-25.598,-57.131,12.0,-33.935,269.0,80.0,45.118,-50.985,0.733,-2.57,30.061,40.208,171.343,0.664,-2.294,-87.156,-2.821,-118.483,0.601,temp_g12_00_0001,bi-obj/run12/g13/g13_7.pdb.sc
543.0,799.4647171497345,1.4723107129829365,3.450584650039673,0.0,1.4723107129829365,144.0,82.76378333568573,0.5747484953867065,2.333621025085449,3.3215766838855214,3.8963251792722278,40.0,10.918533086776733,0.27296332716941835,0.8112196922302246,4.331912124156952,4.60487545132637,93.68231642246246,184.0,38,39,272,272,544,run12_g13_g13_8,bi-obj/run12/g13/g13_8.pdb,-502.971,-1.87,-58.561,-2.648,-50.292,-2.274,1047.314,2211.782,1164.469,19.0,-1.856,-1288.508,200.851,-340.895,2.109,29.938,144.318,749.138,0.308,-52.922,-66.677,-28.99,-57.859,14.0,-34.142,269.0,76.0,40.594,-49.283,0.753,-2.828,29.413,42.067,179.033,0.67,-2.426,-89.767,-3.21,-125.179,0.699,temp_g13_24_0001,bi-obj/run12/g13/g13_8.pdb.sc
538.0,792.8427436351776,1.4736853970914081,3.099545478820801,0.0,1.4736853970914081,143.0,87.16981661319733,0.609579137155226,2.2255237102508545,3.338253545594382,3.947832682749608,42.0,11.62914776802063,0.2768844706671579,0.897799015045166,4.351992811475482,4.628877282142639,98.79896438121796,185.0,38,38,276,263,539,run12_g13_g13_9,bi-obj/run12/g13/g13_9.pdb,-484.589,-1.801,-55.663,-2.445,-50.737,-2.229,1136.214,2276.285,1140.071,25.0,-0.826,-1286.537,199.095,-316.82,2.184,31.811,136.802,736.223,0.16,-42.488,-62.312,-25.627,-58.816,9.0,-36.608,269.0,79.0,42.541,-49.387,0.682,-2.739,30.061,40.176,175.375,0.641,-2.681,-101.88,-2.793,-114.52,0.565,temp_g12_01_0001,bi-obj/run12/g13/g13_9.pdb.sc
523.0,772.7766275405884,1.4775843738825782,3.3713393211364746,0.0,1.4775843738825782,143.0,83.10851812362671,0.58117844841697,2.4780547618865967,3.3062942895022305,3.8874727379192007,39.0,11.903473615646362,0.3052172721960606,0.9054751396179199,4.342613764298268,4.6478310364943285,95.01199173927307,182.0,38,38,261,263,524,run12_g14_g14_0,bi-obj/run12/g14/g14_0.pdb,-498.66,-1.854,-60.742,-2.761,-53.552,-2.434,1157.31,2200.399,1043.089,19.0,-1.884,-1268.288,196.585,-321.7,2.102,29.757,137.003,732.7,0.228,-50.538,-65.268,-24.068,-59.167,13.0,-35.926,269.0,79.0,36.152,-51.754,0.68,-2.852,26.437,41.07,177.355,0.64,-2.858,-105.756,-2.847,-119.583,0.772,temp_g13_18_0001,bi-obj/run12/g14/g14_0.pdb.sc
528.0,778.898705124855,1.4751869415243466,3.34053897857666,0.0,1.4751869415243466,142.0,84.5164510011673,0.5951862746561077,2.2408134937286377,3.3000618194190547,3.895248094075163,43.0,9.450830698013306,0.2197867604189141,1.2717738151550293,4.466829915379369,4.686616675798283,93.9672816991806,185.0,38,39,259,270,529,run12_g14_g14_1,bi-obj/run12/g14/g14_1.pdb,-439.178,-1.633,-49.93,-2.356,-37.395,-1.765,1039.997,2119.0,1079.003,24.0,-1.988,-1282.133,211.8,-322.407,2.11,30.274,148.148,747.369,0.279,-47.793,-63.347,-22.516,-57.077,12.0,-34.27,269.0,76.0,44.632,-52.559,0.686,-2.161,37.955,42.922,179.166,0.689,-1.935,-69.649,-2.365,-94.592,0.537,temp_g11_21_0001,bi-obj/run12/g14/g14_1.pdb.sc
551.0,809.9046722650528,1.4698814378676095,3.1472365856170654,0.0,1.4698814378676095,149.0,87.0727310180664,0.584380745087694,2.2230446338653564,3.2675783202152124,3.8519590653029065,51.0,12.446510076522827,0.2440492171867221,1.3428349494934082,4.336229899350335,4.580279116537056,99.51924109458923,200.0,38,39,282,270,552,run12_g14_g14_10,bi-obj/run12/g14/g14_10.pdb,-500.184,-1.859,-55.333,-2.499,-48.317,-2.182,1166.997,2214.214,1047.217,36.0,-1.892,-1310.938,201.063,-320.711,2.202,30.503,146.41,750.054,0.218,-51.152,-64.169,-23.619,-58.542,10.0,-36.561,269.0,79.0,42.954,-51.011,0.715,-2.836,27.257,38.618,178.781,0.691,-2.687,-102.119,-2.973,-121.898,0.571,temp_g13_09_0001,bi-obj/run12/g14/g14_10.pdb.sc
528.0,778.1795443296432,1.4738248945637182,3.34932017326355,0.0,1.4738248945637182,145.0,81.77362132072449,0.5639560091084448,2.536942720413208,3.3310961410917086,3.8950521502001534,42.0,9.080212593078613,0.21619553793044316,0.9123663902282715,4.46542873836699,4.681624276297433,90.8538339138031,187.0,38,39,258,271,529,run12_g14_g14_11,bi-obj/run12/g14/g14_11.pdb,-468.23,-1.741,-54.821,-2.585,-45.372,-2.139,1048.43,2121.015,1072.584,26.0,-0.942,-1272.368,203.031,-326.74,2.098,30.167,141.992,747.879,0.232,-52.155,-63.53,-22.087,-57.796,11.0,-34.462,269.0,78.0,36.905,-52.862,0.657,-2.342,37.846,41.566,172.689,0.691,-2.083,-79.152,-2.588,-103.509,0.541,temp_g14_04_0001,bi-obj/run12/g14/g14_11.pdb.sc
531.0,785.162683725357,1.4786491218933278,3.4005658626556396,0.0,1.4786491218933278,143.0,82.02080273628235,0.5735720471068696,2.3728184700012207,3.366331787376137,3.9399038344830064,41.0,11.143076658248901,0.2717823575182659,1.016404628753662,4.354398099387565,4.62618045690583,93.16387939453125,184.0,38,38,268,264,532,run12_g14_g14_12,bi-obj/run12/g14/g14_12.pdb,-471.901,-1.754,-55.841,-2.503,-48.768,-2.186,1168.935,2231.199,1062.264,31.0,-1.839,-1272.54,197.123,-307.319,2.212,30.445,133.372,716.038,0.195,-46.381,-62.674,-22.8,-57.407,10.0,-36.295,269.0,78.0,43.061,-48.021,0.71,-2.473,32.761,44.517,183.217,0.679,-2.431,-92.376,-2.512,-100.489,0.629,temp_g13_03_0001,bi-obj/run12/g14/g14_12.pdb.sc
535.0,788.202739238739,1.4732761481097925,3.099545478820801,0.0,1.4732761481097925,140.0,86.12460541725159,0.6151757529803685,2.2255237102508545,3.3257694584982738,3.940945211478642,43.0,11.7141432762146,0.2724219366561535,0.897799015045166,4.347805183987285,4.620227120643438,97.83874869346619,183.0,38,38,273,263,536,run12_g14_g14_13,bi-obj/run12/g14/g14_13.pdb,-484.316,-1.8,-56.069,-2.449,-49.722,-2.172,1189.751,2289.23,1099.479,26.0,-0.944,-1284.433,197.21,-316.812,2.174,31.692,135.494,734.747,0.166,-41.014,-63.335,-24.285,-58.848,9.0,-36.699,269.0,80.0,38.979,-48.303,0.718,-2.632,33.578,40.902,175.021,0.638,-2.7,-102.594,-2.57,-107.955,0.557,temp_g14_01_0001,bi-obj/run12/g14/g14_13.pdb.sc
538.0,792.8409847021103,1.4736821276990897,3.099545478820801,0.0,1.4736821276990897,143.0,87.35907328128815,0.6109026103586583,2.2255237102508545,3.338744284389736,3.9496468947483945,43.0,11.70803165435791,0.2722798059153002,0.897799015045166,4.336878793184147,4.609158599099447,99.06710493564606,186.0,38,38,276,263,539,run12_g14_g14_14,bi-obj/run12/g14/g14_14.pdb,-484.459,-1.801,-55.645,-2.436,-48.307,-2.115,1139.674,2283.885,1144.211,26.0,-0.826,-1286.328,199.295,-316.44,2.185,31.811,136.791,735.934,0.168,-42.533,-62.341,-25.655,-58.826,9.0,-36.91,269.0,79.0,42.405,-49.391,0.645,-2.736,30.061,40.368,175.375,0.641,-2.674,-101.626,-2.793,-114.523,0.565,temp_g13_08_0001,bi-obj/run12/g14/g14_14.pdb.sc
552.0,813.3834056854248,1.4735206624735957,3.1119563579559326,0.0,1.4735206624735957,146.0,86.19058895111084,0.5903464996651427,2.3746395111083984,3.3056452894864017,3.8959917891515445,45.0,11.858189105987549,0.26351531346638996,0.942631721496582,4.314429103003608,4.577944416469998,98.04877805709839,191.0,38,39,281,272,553,run12_g14_g14_15,bi-obj/run12/g14/g14_15.pdb,-404.149,-1.502,-39.886,-1.722,-22.947,-0.991,1189.796,2316.678,1126.883,37.0,-1.844,-1290.118,217.766,-310.097,2.083,31.892,161.527,745.39,0.313,-46.235,-57.729,-21.406,-54.73,8.0,-36.29,269.0,80.0,52.972,-49.639,0.731,-1.946,24.236,50.12,177.335,0.673,-1.429,-55.743,-2.438,-99.967,0.619,temp_g14_20_0001,bi-obj/run12/g14/g14_15.pdb.sc
523.0,772.7366865873337,1.4775080049471008,3.3713393211364746,0.0,1.4775080049471008,143.0,83.16757273674011,0.5815914177394413,2.461603879928589,3.302436910309158,3.884028328048599,36.0,11.651564121246338,0.32365455892350936,0.8767681121826172,4.3370004362530175,4.660654995176527,94.81913685798645,179.0,38,38,261,263,524,run12_g14_g14_16,bi-obj/run12/g14/g14_16.pdb,-498.337,-1.853,-60.539,-2.761,-52.846,-2.41,1169.23,2192.952,1023.722,18.0,-1.898,-1268.174,196.297,-321.878,2.094,29.713,136.897,733.012,0.231,-50.457,-65.079,-24.007,-59.095,13.0,-35.745,269.0,79.0,36.355,-51.79,0.665,-2.848,26.478,40.812,177.355,0.635,-2.857,-105.715,-2.839,-119.242,0.772,temp_g11_09_0001,bi-obj/run12/g14/g14_16.pdb.sc
538.0,792.8427436351776,1.4736853970914081,3.099545478820801,0.0,1.4736853970914081,143.0,87.16981661319733,0.609579137155226,2.2255237102508545,3.338253545594382,3.947832682749608,42.0,11.62914776802063,0.2768844706671579,0.897799015045166,4.351992811475482,4.628877282142639,98.79896438121796,185.0,38,38,276,263,539,run12_g14_g14_17,bi-obj/run12/g14/g14_17.pdb,-484.589,-1.801,-55.663,-2.445,-50.737,-2.229,1136.214,2276.285,1140.071,25.0,-0.826,-1286.537,199.095,-316.82,2.184,31.811,136.802,736.223,0.16,-42.488,-62.312,-25.627,-58.816,9.0,-36.608,269.0,79.0,42.541,-49.387,0.682,-2.739,30.061,40.176,175.375,0.641,-2.681,-101.88,-2.793,-114.52,0.565,temp_g12_01_0001,bi-obj/run12/g14/g14_17.pdb.sc
550.0,811.0072575807571,1.474558650146831,3.373741388320923,0.0,1.474558650146831,148.0,85.0742689371109,0.5748261414669655,2.3746395111083984,3.3344847326343126,3.909310874101278,43.0,12.357870817184448,0.28739234458568486,1.0269365310668945,4.327286542848099,4.614678887433784,97.43213975429535,191.0,38,39,279,272,551,run12_g14_g14_18,bi-obj/run12/g14/g14_18.pdb,-419.421,-1.559,-45.406,-2.002,-29.093,-1.283,1188.399,2268.039,1079.64,32.0,-1.844,-1287.256,215.16,-315.659,2.139,32.287,154.744,739.434,0.25,-46.844,-59.229,-21.391,-54.885,8.0,-34.99,269.0,78.0,50.787,-49.811,0.745,-2.069,30.823,48.025,178.423,0.659,-1.692,-62.609,-2.409,-98.754,0.664,temp_g14_23_0001,bi-obj/run12/g14/g14_18.pdb.sc
552.0,813.3812092542648,1.473516683431639,3.12357234954834,0.0,1.473516683431639,145.0,85.59425401687622,0.5903052001163878,2.3746395111083984,3.3034478516414247,3.8937530517578125,44.0,12.025487899780273,0.2733065431768244,1.0269365310668945,4.3147812485694885,4.588087791746313,97.6197419166565,189.0,38,39,281,272,553,run12_g14_g14_19,bi-obj/run12/g14/g14_19.pdb,-403.557,-1.5,-39.986,-1.732,-23.62,-1.023,1184.871,2309.25,1124.379,36.0,-1.844,-1289.252,218.432,-311.46,2.084,32.073,161.068,745.63,0.304,-46.958,-57.722,-21.285,-54.596,8.0,-35.501,269.0,80.0,52.821,-49.858,0.713,-1.949,25.105,49.751,177.335,0.668,-1.438,-56.072,-2.435,-99.821,0.619,temp_g13_06_0001,bi-obj/run12/g14/g14_19.pdb.sc
545.0,801.3410571813583,1.4703505636355199,3.4677393436431885,0.0,1.4703505636355199,144.0,83.49835729598999,0.5798497034443749,3.027132034301758,3.3338222901026406,3.9136719935470157,41.0,10.804948806762695,0.26353533675030966,0.970522403717041,4.324114956506869,4.5876502932571785,94.30330610275269,185.0,38,39,274,272,546,run12_g14_g14_2,bi-obj/run12/g14/g14_2.pdb,-509.447,-1.894,-54.994,-2.452,-47.413,-2.114,1080.339,2242.758,1162.419,20.0,-1.776,-1293.315,201.172,-343.415,2.196,30.131,145.3,752.963,0.288,-53.746,-66.26,-28.924,-58.196,12.0,-33.265,269.0,75.0,38.778,-48.055,0.748,-2.912,28.11,40.158,177.945,0.686,-2.559,-92.116,-3.238,-126.301,0.751,temp_g14_08_0001,bi-obj/run12/g14/g14_2.pdb.sc
548.0,807.0203793048859,1.472664925738843,3.4545059204101562,0.0,1.472664925738843,148.0,83.498202085495,0.5641770411182094,2.632429599761963,3.3245541469470874,3.888731188065297,41.0,10.310229301452637,0.2514690073525033,1.3663034439086914,4.2815006651529455,4.532969672505448,93.80843138694763,189.0,38,39,279,270,549,run12_g14_g14_20,bi-obj/run12/g14/g14_20.pdb,-476.213,-1.77,-52.249,-2.294,-46.21,-2.029,1176.998,2277.632,1100.634,18.0,-1.761,-1287.388,214.98,-325.23,2.198,31.844,143.627,749.603,0.196,-50.25,-61.903,-22.154,-55.658,10.0,-37.461,269.0,79.0,41.292,-50.951,0.662,-2.599,23.565,35.116,173.717,0.668,-2.458,-95.855,-2.736,-109.438,0.602,temp_g14_19_0001,bi-obj/run12/g14/g14_20.pdb.sc
553.0,812.7094979286194,1.4696374284423497,3.127643585205078,0.0,1.4696374284423497,148.0,87.05878901481628,0.5882350609109208,2.2230446338653564,3.2642102160969295,3.8524452770078503,50.0,12.376639604568481,0.24753279209136964,1.3428349494934082,4.3167140626907345,4.5642468547821045,99.43542861938477,198.0,38,39,284,270,554,run12_g14_g14_21,bi-obj/run12/g14/g14_21.pdb,-505.627,-1.88,-55.005,-2.477,-50.259,-2.263,1179.921,2221.05,1041.13,36.0,-1.892,-1311.468,201.472,-327.581,2.202,30.52,145.951,754.787,0.21,-51.077,-64.102,-25.086,-58.232,10.0,-35.333,269.0,79.0,43.006,-52.055,0.742,-2.854,27.257,37.742,177.693,0.683,-2.675,-101.639,-3.021,-123.855,0.571,temp_g14_18_0001,bi-obj/run12/g14/g14_21.pdb.sc
526.0,778.3706061840057,1.4797920269657905,3.4005658626556396,0.0,1.4797920269657905,140.0,78.4065192937851,0.5600465663841793,2.378483295440674,3.3807448736258916,3.940791440010071,38.0,10.416931390762329,0.27412977344111394,1.016404628753662,4.369772653830679,4.643902427271793,88.82345068454742,178.0,38,38,263,264,527,run12_g14_g14_22,bi-obj/run12/g14/g14_22.pdb,-479.865,-1.784,-58.808,-2.649,-51.191,-2.306,1225.668,2219.613,993.945,28.0,-1.835,-1269.706,194.802,-310.07,2.178,30.24,133.399,712.635,0.208,-48.773,-62.882,-21.036,-57.29,11.0,-35.489,269.0,78.0,41.212,-49.83,0.716,-2.552,33.657,43.63,184.679,0.682,-2.474,-94.019,-2.627,-105.074,0.613,temp_g14_02_0001,bi-obj/run12/g14/g14_22.pdb.sc
546.0,804.1282238960266,1.4727623148278877,3.462634801864624,0.0,1.4727623148278877,147.0,83.78788232803345,0.5699855940682548,2.871441125869751,3.3245927817156526,3.894578375783907,42.0,9.950270175933838,0.2369111946650914,1.3675456047058105,4.318429680097671,4.555340874762762,93.73815250396729,189.0,38,39,277,270,547,run12_g14_g14_23,bi-obj/run12/g14/g14_23.pdb,-473.734,-1.761,-52.852,-2.302,-44.812,-1.951,1268.581,2296.297,1027.716,20.0,-1.759,-1282.202,213.167,-323.359,2.17,31.673,141.486,746.636,0.205,-50.374,-61.408,-21.656,-55.627,10.0,-36.971,269.0,79.0,45.398,-50.189,0.636,-2.651,17.961,35.921,174.805,0.661,-2.51,-97.901,-2.789,-111.55,0.593,temp_g14_10_0001,bi-obj/run12/g14/g14_23.pdb.sc
553.0,813.5068808794022,1.4710793505956639,3.3570878505706787,0.0,1.4710793505956639,152.0,91.01071870326996,0.5987547283109865,2.5826008319854736,3.3146948806549372,3.913449608965924,44.0,11.596291542053223,0.2635520805012096,1.394629955291748,4.182084116068753,4.445636196569963,102.60701024532318,196.0,38,39,284,270,554,run12_g14_g14_24,bi-obj/run12/g14/g14_24.pdb,-489.07,-1.818,-54.141,-2.367,-46.297,-2.024,1181.64,2287.52,1105.88,15.0,-0.826,-1289.747,208.726,-320.409,2.257,31.558,145.331,739.147,0.19,-48.61,-63.763,-20.167,-57.069,10.0,-38.345,269.0,79.0,45.08,-54.335,0.696,-2.749,19.958,36.196,175.065,0.642,-2.457,-93.356,-3.02,-123.827,0.884,temp_g14_13_0001,bi-obj/run12/g14/g14_24.pdb.sc
542.0,797.2810760736465,1.4709982953388312,3.0047607421875,0.0,1.4709982953388312,146.0,84.36983728408813,0.5778755978362201,2.2255237102508545,3.340034742877908,3.917910340714128,45.0,10.339340448379517,0.22976312107510036,0.897799015045166,4.352143632041083,4.581906753116184,94.70917773246765,191.0,38,38,280,263,543,run12_g14_g14_3,bi-obj/run12/g14/g14_3.pdb,-466.821,-1.735,-54.55,-2.441,-40.143,-1.796,1108.28,2234.96,1126.68,22.0,-0.826,-1296.797,211.679,-333.828,2.179,33.158,144.878,758.839,0.266,-47.468,-61.23,-25.603,-57.101,12.0,-34.037,269.0,80.0,45.455,-50.243,0.72,-2.551,30.061,41.033,172.431,0.662,-2.298,-87.342,-2.78,-116.771,0.601,temp_g9_02_0001,bi-obj/run12/g14/g14_3.pdb.sc
517.0,763.7374118566513,1.4772483788329813,3.446108818054199,0.0,1.4772483788329813,138.0,81.26922655105591,0.5889074387757675,2.5085625648498535,3.308728223261626,3.8976356620373935,39.0,10.878831624984741,0.2789444006406344,0.8177499771118164,4.273165910671919,4.552110311312553,92.14805817604065,177.0,38,37,263,255,518,run12_g14_g14_4,bi-obj/run12/g14/g14_4.pdb,-481.813,-1.791,-59.239,-2.668,-51.277,-2.309,1172.266,2220.299,1048.033,18.0,-1.86,-1274.744,197.892,-321.113,2.192,29.902,141.274,737.354,0.251,-51.18,-65.164,-24.54,-59.24,13.0,-35.165,269.0,78.0,36.588,-50.529,0.681,-2.829,39.426,40.042,176.267,0.674,-2.792,-100.498,-2.86,-120.136,0.783,temp_g14_16_0001,bi-obj/run12/g14/g14_4.pdb.sc
543.0,799.4647171497345,1.4723107129829365,3.450584650039673,0.0,1.4723107129829365,144.0,82.76378333568573,0.5747484953867065,2.333621025085449,3.3215766838855214,3.8963251792722278,40.0,10.918533086776733,0.27296332716941835,0.8112196922302246,4.331912124156952,4.60487545132637,93.68231642246246,184.0,38,39,272,272,544,run12_g14_g14_5,bi-obj/run12/g14/g14_5.pdb,-502.971,-1.87,-58.561,-2.648,-50.292,-2.274,1047.314,2211.782,1164.469,19.0,-1.856,-1288.508,200.851,-340.895,2.109,29.938,144.318,749.138,0.308,-52.922,-66.677,-28.99,-57.859,14.0,-34.142,269.0,76.0,40.594,-49.283,0.753,-2.828,29.413,42.067,179.033,0.67,-2.426,-89.767,-3.21,-125.179,0.699,temp_g13_24_0001,bi-obj/run12/g14/g14_5.pdb.sc
529.0,779.3936966657639,1.4733340201621246,3.2379367351531982,0.0,1.4733340201621246,143.0,81.70983910560608,0.5713974762629795,2.411975145339966,3.348341973511489,3.9197394497744686,46.0,10.14989423751831,0.22064987472865893,0.897799015045166,4.42045856040457,4.641108435133229,91.85973334312439,189.0,38,37,274,256,530,run12_g14_g14_6,bi-obj/run12/g14/g14_6.pdb,-462.273,-1.718,-55.742,-2.547,-41.515,-1.897,1072.982,2188.63,1115.648,21.0,-0.826,-1286.482,210.102,-336.323,2.152,33.019,140.565,759.426,0.265,-50.714,-61.61,-25.684,-57.398,12.0,-32.916,269.0,78.0,47.088,-51.189,0.728,-2.619,36.177,40.191,171.559,0.656,-2.463,-88.669,-2.752,-115.596,0.591,temp_g14_00_0001,bi-obj/run12/g14/g14_6.pdb.sc
542.0,797.7953243255615,1.4719470928515894,3.3363726139068604,0.0,1.4719470928515894,141.0,81.46643686294556,0.5777761479641529,2.2255237102508545,3.330583481078452,3.908359629042605,46.0,10.249485969543457,0.2228149123813795,0.897799015045166,4.323441484700078,4.546256397081458,91.71592283248901,187.0,38,38,280,263,543,run12_g14_g14_7,bi-obj/run12/g14/g14_7.pdb,-478.715,-1.78,-55.035,-2.487,-40.419,-1.826,1133.84,2213.209,1079.369,21.0,-0.826,-1294.159,210.286,-342.349,2.159,32.54,145.252,759.415,0.273,-48.408,-61.788,-23.865,-57.186,12.0,-34.275,269.0,80.0,45.269,-52.449,0.735,-2.622,30.061,38.619,172.394,0.668,-2.3,-87.405,-2.914,-122.375,0.594,temp_g14_07_0001,bi-obj/run12/g14/g14_7.pdb.sc
537.0,791.6384690999985,1.4741870932960865,3.34053897857666,0.0,1.4741870932960865,148.0,81.91757416725159,0.5534971227516999,2.1433348655700684,3.3447673594629443,3.898264482214644,44.0,9.880021333694458,0.22454593940214676,1.2717738151550293,4.425366992300207,4.649912931702354,91.79759550094604,192.0,38,40,259,279,538,run12_g14_g14_8,bi-obj/run12/g14/g14_8.pdb,-463.021,-1.721,-54.773,-2.51,-45.725,-2.095,1126.581,2182.185,1055.604,27.0,-1.988,-1288.059,207.048,-324.376,2.085,30.335,146.139,746.782,0.218,-51.652,-63.959,-22.757,-58.22,11.0,-35.212,269.0,78.0,40.397,-52.939,0.699,-2.35,40.728,42.917,179.166,0.699,-2.139,-81.277,-2.551,-102.047,0.543,temp_g14_06_0001,bi-obj/run12/g14/g14_8.pdb.sc
553.0,813.3557398319244,1.4708060394790676,3.2851128578186035,0.0,1.4708060394790676,148.0,85.09227573871613,0.5749478090453792,2.5219104290008545,3.2917013095842824,3.866649118629662,47.0,9.662017822265625,0.20557484728224734,1.2118597030639648,4.4476781804510885,4.653253027733336,94.75429356098175,195.0,38,40,275,279,554,run12_g14_g14_9,bi-obj/run12/g14/g14_9.pdb,-469.781,-1.746,-49.278,-2.264,-39.18,-1.8,1075.74,2176.336,1100.596,27.0,-1.955,-1301.869,212.796,-324.409,2.172,31.101,151.316,758.027,0.237,-49.484,-63.379,-21.691,-56.429,10.0,-36.689,269.0,79.0,41.248,-49.961,0.722,-2.248,21.596,43.254,174.037,0.695,-1.996,-75.848,-2.482,-101.743,0.541,temp_g14_15_0001,bi-obj/run12/g14/g14_9.pdb.sc
528.0,778.1795443296432,1.4738248945637182,3.34932017326355,0.0,1.4738248945637182,145.0,81.77362132072449,0.5639560091084448,2.536942720413208,3.3310961410917086,3.8950521502001534,42.0,9.080212593078613,0.21619553793044316,0.9123663902282715,4.46542873836699,4.681624276297433,90.8538339138031,187.0,38,39,258,271,529,run12_g15_g15_0,bi-obj/run12/g15/g15_0.pdb,-468.23,-1.741,-54.821,-2.585,-45.372,-2.139,1048.43,2121.015,1072.584,26.0,-0.942,-1272.368,203.031,-326.74,2.098,30.167,141.992,747.879,0.232,-52.155,-63.53,-22.087,-57.796,11.0,-34.462,269.0,78.0,36.905,-52.862,0.657,-2.342,37.846,41.566,172.689,0.691,-2.083,-79.152,-2.588,-103.509,0.541,temp_g14_04_0001,bi-obj/run12/g15/g15_0.pdb.sc
546.0,804.1282238960266,1.4727623148278877,3.462634801864624,0.0,1.4727623148278877,147.0,83.78788232803345,0.5699855940682548,2.871441125869751,3.3245927817156526,3.894578375783907,42.0,9.950270175933838,0.2369111946650914,1.3675456047058105,4.318429680097671,4.555340874762762,93.73815250396729,189.0,38,39,277,270,547,run12_g15_g15_1,bi-obj/run12/g15/g15_1.pdb,-473.734,-1.761,-52.852,-2.302,-44.812,-1.951,1268.581,2296.297,1027.716,20.0,-1.759,-1282.202,213.167,-323.359,2.17,31.673,141.486,746.636,0.205,-50.374,-61.408,-21.656,-55.627,10.0,-36.971,269.0,79.0,45.398,-50.189,0.636,-2.651,17.961,35.921,174.805,0.661,-2.51,-97.901,-2.789,-111.55,0.593,temp_g14_10_0001,bi-obj/run12/g15/g15_1.pdb.sc
543.0,799.4647171497345,1.4723107129829365,3.450584650039673,0.0,1.4723107129829365,144.0,82.76378333568573,0.5747484953867065,2.333621025085449,3.3215766838855214,3.8963251792722278,40.0,10.918533086776733,0.27296332716941835,0.8112196922302246,4.331912124156952,4.60487545132637,93.68231642246246,184.0,38,39,272,272,544,run12_g15_g15_10,bi-obj/run12/g15/g15_10.pdb,-502.971,-1.87,-58.561,-2.648,-50.292,-2.274,1047.314,2211.782,1164.469,19.0,-1.856,-1288.508,200.851,-340.895,2.109,29.938,144.318,749.138,0.308,-52.922,-66.677,-28.99,-57.859,14.0,-34.142,269.0,76.0,40.594,-49.283,0.753,-2.828,29.413,42.067,179.033,0.67,-2.426,-89.767,-3.21,-125.179,0.699,temp_g13_24_0001,bi-obj/run12/g15/g15_10.pdb.sc
523.0,772.7766275405884,1.4775843738825782,3.3713393211364746,0.0,1.4775843738825782,143.0,83.10851812362671,0.58117844841697,2.4780547618865967,3.3062942895022305,3.8874727379192007,39.0,11.903473615646362,0.3052172721960606,0.9054751396179199,4.342613764298268,4.6478310364943285,95.01199173927307,182.0,38,38,261,263,524,run12_g15_g15_11,bi-obj/run12/g15/g15_11.pdb,-498.66,-1.854,-60.742,-2.761,-53.552,-2.434,1157.31,2200.399,1043.089,19.0,-1.884,-1268.288,196.585,-321.7,2.102,29.757,137.003,732.7,0.228,-50.538,-65.268,-24.068,-59.167,13.0,-35.926,269.0,79.0,36.152,-51.754,0.68,-2.852,26.437,41.07,177.355,0.64,-2.858,-105.756,-2.847,-119.583,0.772,temp_g13_18_0001,bi-obj/run12/g15/g15_11.pdb.sc
552.0,813.3834056854248,1.4735206624735957,3.1119563579559326,0.0,1.4735206624735957,146.0,86.19058895111084,0.5903464996651427,2.3746395111083984,3.3056452894864017,3.8959917891515445,45.0,11.858189105987549,0.26351531346638996,0.942631721496582,4.314429103003608,4.577944416469998,98.04877805709839,191.0,38,39,281,272,553,run12_g15_g15_12,bi-obj/run12/g15/g15_12.pdb,-404.149,-1.502,-39.886,-1.722,-22.947,-0.991,1189.796,2316.678,1126.883,37.0,-1.844,-1290.118,217.766,-310.097,2.083,31.892,161.527,745.39,0.313,-46.235,-57.729,-21.406,-54.73,8.0,-36.29,269.0,80.0,52.972,-49.639,0.731,-1.946,24.236,50.12,177.335,0.673,-1.429,-55.743,-2.438,-99.967,0.619,temp_g14_20_0001,bi-obj/run12/g15/g15_12.pdb.sc
528.0,778.898705124855,1.4751869415243466,3.34053897857666,0.0,1.4751869415243466,142.0,84.5164510011673,0.5951862746561077,2.2408134937286377,3.3000618194190547,3.895248094075163,43.0,9.450830698013306,0.2197867604189141,1.2717738151550293,4.466829915379369,4.686616675798283,93.9672816991806,185.0,38,39,259,270,529,run12_g15_g15_13,bi-obj/run12/g15/g15_13.pdb,-439.178,-1.633,-49.93,-2.356,-37.395,-1.765,1039.997,2119.0,1079.003,24.0,-1.988,-1282.133,211.8,-322.407,2.11,30.274,148.148,747.369,0.279,-47.793,-63.347,-22.516,-57.077,12.0,-34.27,269.0,76.0,44.632,-52.559,0.686,-2.161,37.955,42.922,179.166,0.689,-1.935,-69.649,-2.365,-94.592,0.537,temp_g11_21_0001,bi-obj/run12/g15/g15_13.pdb.sc
542.0,797.7953243255615,1.4719470928515894,3.3363726139068604,0.0,1.4719470928515894,141.0,81.46643686294556,0.5777761479641529,2.2255237102508545,3.330583481078452,3.908359629042605,46.0,10.249485969543457,0.2228149123813795,0.897799015045166,4.323441484700078,4.546256397081458,91.71592283248901,187.0,38,38,280,263,543,run12_g15_g15_14,bi-obj/run12/g15/g15_14.pdb,-478.715,-1.78,-55.035,-2.487,-40.419,-1.826,1133.84,2213.209,1079.369,21.0,-0.826,-1294.159,210.286,-342.349,2.159,32.54,145.252,759.415,0.273,-48.408,-61.788,-23.865,-57.186,12.0,-34.275,269.0,80.0,45.269,-52.449,0.735,-2.622,30.061,38.619,172.394,0.668,-2.3,-87.405,-2.914,-122.375,0.594,temp_g14_07_0001,bi-obj/run12/g15/g15_14.pdb.sc
546.0,805.3021062612534,1.474912282529768,3.373741388320923,0.0,1.474912282529768,143.0,85.77603101730347,0.5998323847363879,2.4852120876312256,3.329668942031327,3.929501326767715,41.0,12.415513753890991,0.3028174086314876,1.0269365310668945,4.319204987549201,4.622022396180688,98.19154477119446,184.0,38,39,275,272,547,run12_g15_g15_15,bi-obj/run12/g15/g15_15.pdb,-438.669,-1.631,-48.878,-2.153,-36.296,-1.599,1184.168,2270.537,1086.369,36.0,-1.844,-1281.685,203.643,-306.255,2.184,31.706,145.457,728.979,0.196,-44.598,-61.172,-21.569,-55.542,8.0,-34.805,269.0,78.0,48.484,-49.538,0.705,-2.269,30.823,45.02,181.367,0.65,-2.052,-75.924,-2.465,-101.08,0.675,temp_g15_18_0001,bi-obj/run12/g15/g15_15.pdb.sc
524.0,773.6716402769089,1.4764725959482994,3.34932017326355,0.0,1.4764725959482994,141.0,83.07860946655273,0.589209996216686,2.4630353450775146,3.33453098932902,3.9237409855457064,38.0,8.371748447418213,0.22030916966890035,0.89794921875,4.457796209736874,4.678105379405775,91.45035791397095,179.0,38,39,254,271,525,run12_g15_g15_16,bi-obj/run12/g15/g15_16.pdb,-475.316,-1.767,-57.933,-2.717,-52.082,-2.443,1049.73,2132.268,1082.538,23.0,-0.942,-1264.108,194.373,-314.766,2.087,29.47,136.045,734.004,0.233,-51.853,-63.9,-20.545,-58.305,13.0,-34.893,269.0,78.0,34.338,-51.672,0.648,-2.416,37.846,41.315,175.633,0.701,-2.386,-90.659,-2.444,-97.756,0.559,temp_g15_11_0001,bi-obj/run12/g15/g15_16.pdb.sc
536.0,790.7022243738174,1.4751907171153311,3.298677682876587,0.0,1.4751907171153311,144.0,87.58599102497101,0.6082360487845209,2.2255237102508545,3.363951256705655,3.9721873054901757,43.0,11.90912652015686,0.2769564307013223,0.9709315299987793,4.3420204118240715,4.618976842525393,99.49511754512787,187.0,38,38,274,263,537,run12_g15_g15_17,bi-obj/run12/g15/g15_17.pdb,-490.445,-1.823,-55.694,-2.443,-48.376,-2.122,1131.439,2279.808,1148.369,25.0,-0.826,-1283.01,197.263,-324.15,2.172,31.089,136.595,736.513,0.17,-42.441,-62.891,-25.697,-58.669,9.0,-35.325,269.0,79.0,42.695,-50.298,0.606,-2.744,30.061,39.483,176.426,0.627,-2.653,-100.803,-2.83,-116.012,0.565,temp_g15_14_0001,bi-obj/run12/g15/g15_17.pdb.sc
553.0,812.6732156276703,1.469571818494883,3.127643585205078,0.0,1.469571818494883,149.0,86.97880864143372,0.5837503935666692,2.2230446338653564,3.2683882441296674,3.8521386376963367,51.0,12.295563459396362,0.2410894795960071,1.213247299194336,4.314433196011712,4.555522675607719,99.27437210083008,200.0,38,39,284,270,554,run12_g15_g15_18,bi-obj/run12/g15/g15_18.pdb,-505.706,-1.88,-54.918,-2.486,-48.159,-2.18,1163.223,2208.97,1045.748,36.0,-1.892,-1311.088,201.197,-327.859,2.203,30.541,145.909,754.885,0.22,-51.13,-64.133,-25.102,-58.152,10.0,-35.195,269.0,79.0,42.995,-52.093,0.707,-2.857,27.257,37.687,177.693,0.684,-2.665,-101.264,-3.034,-124.404,0.571,temp_g15_21_0001,bi-obj/run12/g15/g15_18.pdb.sc
523.0,772.6940716505051,1.4774265232323232,3.3713393211364746,0.0,1.4774265232323232,144.0,83.19606804847717,0.5777504725588692,2.461603879928589,3.3114538391431174,3.8892043117019863,36.0,11.747440576553345,0.32631779379314846,0.8767681121826172,4.335605952474806,4.661923746267955,94.94350862503052,180.0,38,38,261,263,524,run12_g15_g15_19,bi-obj/run12/g15/g15_19.pdb,-498.433,-1.853,-60.661,-2.748,-52.597,-2.382,1180.487,2207.76,1027.273,18.0,-1.898,-1268.649,196.317,-322.071,2.094,29.741,137.139,733.262,0.232,-50.51,-64.998,-23.985,-59.123,13.0,-35.735,269.0,79.0,36.394,-51.797,0.656,-2.849,26.478,40.783,177.355,0.636,-2.858,-105.75,-2.842,-119.356,0.768,temp_g15_16_0001,bi-obj/run12/g15/g15_19.pdb.sc
546.0,804.1557112932205,1.4728126580461913,3.4613399505615234,0.0,1.4728126580461913,148.0,83.77602887153625,0.5660542491320018,2.8723723888397217,3.3272035041370907,3.8932577532690926,41.0,9.945627927780151,0.2425762909214671,1.3675227165222168,4.298205782727497,4.540782073648964,93.7216567993164,189.0,38,39,277,270,547,run12_g15_g15_2,bi-obj/run12/g15/g15_2.pdb,-473.609,-1.761,-52.87,-2.297,-48.634,-2.113,1269.661,2301.922,1032.261,20.0,-1.754,-1282.199,213.245,-323.342,2.169,31.675,141.458,746.626,0.189,-50.356,-61.375,-21.672,-55.631,10.0,-36.98,269.0,79.0,45.407,-50.178,0.71,-2.65,17.954,35.95,174.805,0.661,-2.51,-97.873,-2.786,-111.449,0.591,temp_g15_23_0001,bi-obj/run12/g15/g15_2.pdb.sc
524.0,775.3146953582764,1.479608197248619,3.4005658626556396,0.0,1.479608197248619,138.0,77.82136118412018,0.5639229071313057,2.378483295440674,3.3653108235718547,3.92923373070316,37.0,9.890244007110596,0.2673038920840701,1.016404628753662,4.367439791962907,4.634743684046978,87.71160519123077,175.0,38,38,261,264,525,run12_g15_g15_20,bi-obj/run12/g15/g15_20.pdb,-485.334,-1.804,-59.229,-2.656,-51.654,-2.316,1229.579,2229.906,1000.327,25.0,-1.835,-1271.009,193.822,-312.133,2.174,30.219,133.866,714.124,0.208,-51.836,-62.744,-21.036,-57.154,12.0,-34.79,269.0,78.0,38.075,-49.62,0.638,-2.599,33.657,44.506,185.767,0.68,-2.617,-99.439,-2.582,-103.266,0.613,temp_g15_22_0001,bi-obj/run12/g15/g15_20.pdb.sc
527.0,779.6423118114471,1.4793971761128029,3.4005658626556396,0.0,1.4793971761128029,141.0,82.38318169116974,0.5842778843345372,3.094982385635376,3.3749561825542584,3.9592340668887958,41.0,11.081290006637573,0.2702753660155506,1.016404628753662,4.355744809639163,4.6260201756547135,93.46447169780731,182.0,38,38,264,264,528,run12_g15_g15_21,bi-obj/run12/g15/g15_21.pdb,-472.068,-1.755,-53.995,-2.415,-47.406,-2.12,1173.732,2236.132,1062.4,29.0,-1.839,-1268.616,195.58,-311.624,2.216,29.952,133.77,715.472,0.177,-45.245,-62.741,-23.309,-57.637,9.0,-35.916,269.0,77.0,42.447,-47.543,0.641,-2.474,32.179,44.783,185.356,0.678,-2.43,-92.35,-2.517,-98.147,0.648,temp_g15_12_0001,bi-obj/run12/g15/g15_21.pdb.sc
539.0,794.9721083641052,1.47490187080539,3.450584650039673,0.0,1.47490187080539,140.0,83.04110658168793,0.5931507612977709,2.4119176864624023,3.311378997564316,3.9045297588620866,39.0,11.218477725982666,0.28765327502519655,0.9882864952087402,4.351551630558112,4.639204905583308,94.2595843076706,179.0,38,39,268,272,540,run12_g15_g15_22,bi-obj/run12/g15/g15_22.pdb,-495.677,-1.843,-60.532,-2.706,-50.821,-2.272,1095.135,2236.892,1141.756,21.0,-1.856,-1278.7,196.484,-330.318,2.125,29.304,142.9,736.272,0.304,-50.711,-66.462,-27.982,-57.836,14.0,-34.6,269.0,76.0,39.28,-48.269,0.754,-2.74,29.413,42.657,181.977,0.667,-2.436,-90.124,-3.028,-118.102,0.647,temp_g15_05_0001,bi-obj/run12/g15/g15_22.pdb.sc
554.0,816.2032063007355,1.4732909861024106,3.1314382553100586,0.0,1.4732909861024106,145.0,85.64009952545166,0.5906213760375977,2.3746395111083984,3.3055572180912414,3.896178594128839,45.0,12.04357385635376,0.2676349745856391,0.942631721496582,4.3055420557657875,4.5731770303514265,97.68367338180542,190.0,38,39,283,272,555,run12_g15_g15_23,bi-obj/run12/g15/g15_23.pdb,-410.04,-1.524,-39.932,-1.737,-22.357,-0.973,1194.288,2298.552,1104.264,38.0,-1.844,-1294.794,219.337,-315.513,2.087,32.086,163.017,752.118,0.319,-47.198,-57.76,-24.155,-54.775,8.0,-35.811,269.0,80.0,53.463,-50.614,0.756,-1.995,24.236,49.212,176.247,0.669,-1.436,-55.987,-2.528,-103.631,0.619,temp_g15_15_0001,bi-obj/run12/g15/g15_23.pdb.sc
535.0,788.202739238739,1.4732761481097925,3.099545478820801,0.0,1.4732761481097925,140.0,86.12460541725159,0.6151757529803685,2.2255237102508545,3.3257694584982738,3.940945211478642,43.0,11.7141432762146,0.2724219366561535,0.897799015045166,4.347805183987285,4.620227120643438,97.83874869346619,183.0,38,38,273,263,536,run12_g15_g15_24,bi-obj/run12/g15/g15_24.pdb,-484.316,-1.8,-56.069,-2.449,-49.722,-2.172,1189.751,2289.23,1099.479,26.0,-0.944,-1284.433,197.21,-316.812,2.174,31.692,135.494,734.747,0.166,-41.014,-63.335,-24.285,-58.848,9.0,-36.699,269.0,80.0,38.979,-48.303,0.718,-2.632,33.578,40.902,175.021,0.638,-2.7,-102.594,-2.57,-107.955,0.557,temp_g14_01_0001,bi-obj/run12/g15/g15_24.pdb.sc
517.0,763.7374118566513,1.4772483788329813,3.446108818054199,0.0,1.4772483788329813,138.0,81.26922655105591,0.5889074387757675,2.5085625648498535,3.308728223261626,3.8976356620373935,39.0,10.878831624984741,0.2789444006406344,0.8177499771118164,4.273165910671919,4.552110311312553,92.14805817604065,177.0,38,37,263,255,518,run12_g15_g15_3,bi-obj/run12/g15/g15_3.pdb,-481.813,-1.791,-59.239,-2.668,-51.277,-2.309,1172.266,2220.299,1048.033,18.0,-1.86,-1274.744,197.892,-321.113,2.192,29.902,141.274,737.354,0.251,-51.18,-65.164,-24.54,-59.24,13.0,-35.165,269.0,78.0,36.588,-50.529,0.681,-2.829,39.426,40.042,176.267,0.674,-2.792,-100.498,-2.86,-120.136,0.783,temp_g14_16_0001,bi-obj/run12/g15/g15_3.pdb.sc
537.0,791.6384690999985,1.4741870932960865,3.34053897857666,0.0,1.4741870932960865,148.0,81.91757416725159,0.5534971227516999,2.1433348655700684,3.3447673594629443,3.898264482214644,44.0,9.880021333694458,0.22454593940214676,1.2717738151550293,4.425366992300207,4.649912931702354,91.79759550094604,192.0,38,40,259,279,538,run12_g15_g15_4,bi-obj/run12/g15/g15_4.pdb,-463.021,-1.721,-54.773,-2.51,-45.725,-2.095,1126.581,2182.185,1055.604,27.0,-1.988,-1288.059,207.048,-324.376,2.085,30.335,146.139,746.782,0.218,-51.652,-63.959,-22.757,-58.22,11.0,-35.212,269.0,78.0,40.397,-52.939,0.699,-2.35,40.728,42.917,179.166,0.699,-2.139,-81.277,-2.551,-102.047,0.543,temp_g14_06_0001,bi-obj/run12/g15/g15_4.pdb.sc
526.0,778.3706061840057,1.4797920269657905,3.4005658626556396,0.0,1.4797920269657905,140.0,78.4065192937851,0.5600465663841793,2.378483295440674,3.3807448736258916,3.940791440010071,38.0,10.416931390762329,0.27412977344111394,1.016404628753662,4.369772653830679,4.643902427271793,88.82345068454742,178.0,38,38,263,264,527,run12_g15_g15_5,bi-obj/run12/g15/g15_5.pdb,-479.865,-1.784,-58.808,-2.649,-51.191,-2.306,1225.668,2219.613,993.945,28.0,-1.835,-1269.706,194.802,-310.07,2.178,30.24,133.399,712.635,0.208,-48.773,-62.882,-21.036,-57.29,11.0,-35.489,269.0,78.0,41.212,-49.83,0.716,-2.552,33.657,43.63,184.679,0.682,-2.474,-94.019,-2.627,-105.074,0.613,temp_g14_02_0001,bi-obj/run12/g15/g15_5.pdb.sc
542.0,797.2810760736465,1.4709982953388312,3.0047607421875,0.0,1.4709982953388312,146.0,84.36983728408813,0.5778755978362201,2.2255237102508545,3.340034742877908,3.917910340714128,45.0,10.339340448379517,0.22976312107510036,0.897799015045166,4.352143632041083,4.581906753116184,94.70917773246765,191.0,38,38,280,263,543,run12_g15_g15_6,bi-obj/run12/g15/g15_6.pdb,-466.821,-1.735,-54.55,-2.441,-40.143,-1.796,1108.28,2234.96,1126.68,22.0,-0.826,-1296.797,211.679,-333.828,2.179,33.158,144.878,758.839,0.266,-47.468,-61.23,-25.603,-57.101,12.0,-34.037,269.0,80.0,45.455,-50.243,0.72,-2.551,30.061,41.033,172.431,0.662,-2.298,-87.342,-2.78,-116.771,0.601,temp_g9_02_0001,bi-obj/run12/g15/g15_6.pdb.sc
538.0,792.8409847021103,1.4736821276990897,3.099545478820801,0.0,1.4736821276990897,143.0,87.35907328128815,0.6109026103586583,2.2255237102508545,3.338744284389736,3.9496468947483945,43.0,11.70803165435791,0.2722798059153002,0.897799015045166,4.336878793184147,4.609158599099447,99.06710493564606,186.0,38,38,276,263,539,run12_g15_g15_7,bi-obj/run12/g15/g15_7.pdb,-484.459,-1.801,-55.645,-2.436,-48.307,-2.115,1139.674,2283.885,1144.211,26.0,-0.826,-1286.328,199.295,-316.44,2.185,31.811,136.791,735.934,0.168,-42.533,-62.341,-25.655,-58.826,9.0,-36.91,269.0,79.0,42.405,-49.391,0.645,-2.736,30.061,40.368,175.375,0.641,-2.674,-101.626,-2.793,-114.523,0.565,temp_g13_08_0001,bi-obj/run12/g15/g15_7.pdb.sc
529.0,779.3936966657639,1.4733340201621246,3.2379367351531982,0.0,1.4733340201621246,143.0,81.70983910560608,0.5713974762629795,2.411975145339966,3.348341973511489,3.9197394497744686,46.0,10.14989423751831,0.22064987472865893,0.897799015045166,4.42045856040457,4.641108435133229,91.85973334312439,189.0,38,37,274,256,530,run12_g15_g15_8,bi-obj/run12/g15/g15_8.pdb,-462.273,-1.718,-55.742,-2.547,-41.515,-1.897,1072.982,2188.63,1115.648,21.0,-0.826,-1286.482,210.102,-336.323,2.152,33.019,140.565,759.426,0.265,-50.714,-61.61,-25.684,-57.398,12.0,-32.916,269.0,78.0,47.088,-51.189,0.728,-2.619,36.177,40.191,171.559,0.656,-2.463,-88.669,-2.752,-115.596,0.591,temp_g14_00_0001,bi-obj/run12/g15/g15_8.pdb.sc
550.0,808.3846592903137,1.4697902896187522,3.4677393436431885,0.0,1.4697902896187522,144.0,83.09469723701477,0.5770465085903803,3.027132034301758,3.3336079832580356,3.910654491848416,40.0,10.726586818695068,0.2681646704673767,0.970522403717041,4.344684541225433,4.61284921169281,93.82128405570984,184.0,38,40,274,277,551,run12_g15_g15_9,bi-obj/run12/g15/g15_9.pdb,-509.385,-1.894,-55.114,-2.448,-47.786,-2.123,1101.609,2251.202,1149.594,20.0,-1.776,-1293.365,200.84,-343.641,2.182,30.127,145.424,752.881,0.286,-53.731,-66.22,-28.93,-58.246,12.0,-33.349,269.0,75.0,39.419,-48.004,0.745,-2.91,28.11,40.198,177.945,0.688,-2.55,-91.817,-3.242,-126.442,0.751,temp_g15_02_0001,bi-obj/run12/g15/g15_9.pdb.sc
521.0,769.9999490976334,1.4779269656384517,3.353508949279785,0.0,1.4779269656384517,143.0,82.67949640750885,0.5781782965560059,2.4338583946228027,3.3285845651493204,3.9067628617053267,40.0,11.761994123458862,0.2940498530864716,0.843773365020752,4.324756336212158,4.618806189298629,94.44149053096771,183.0,38,38,259,263,522,run12_g16_g16_0,bi-obj/run12/g16/g16_0.pdb,-502.453,-1.868,-62.142,-2.836,-54.594,-2.491,1142.414,2191.456,1049.043,21.0,-1.884,-1265.094,194.698,-322.412,2.116,29.975,134.602,728.952,0.231,-50.847,-65.059,-24.137,-59.52,13.0,-35.636,269.0,79.0,35.886,-52.127,0.678,-2.95,27.841,40.979,178.443,0.631,-2.923,-105.237,-2.972,-127.795,0.771,temp_g16_11_0001,bi-obj/run12/g16/g16_0.pdb.sc
528.0,778.2897378206253,1.474033594357245,3.267667531967163,0.0,1.474033594357245,144.0,82.25394463539124,0.5712079488568835,2.1529812812805176,3.333519571357303,3.9047275202141867,42.0,9.626332998275757,0.22919840472085135,1.190889835357666,4.423872527622041,4.653070932342892,91.88027763366699,186.0,38,39,257,272,529,run12_g16_g16_1,bi-obj/run12/g16/g16_1.pdb,-468.19,-1.74,-54.569,-2.506,-42.705,-1.961,1142.461,2177.34,1034.878,27.0,-1.988,-1285.329,205.295,-325.636,2.105,30.492,143.262,743.546,0.235,-51.845,-64.777,-22.771,-58.255,11.0,-34.703,269.0,76.0,39.918,-53.925,0.709,-2.453,42.732,42.855,180.254,0.694,-2.395,-86.233,-2.505,-100.195,0.581,temp_g16_04_0001,bi-obj/run12/g16/g16_1.pdb.sc
526.0,778.3706061840057,1.4797920269657905,3.4005658626556396,0.0,1.4797920269657905,140.0,78.4065192937851,0.5600465663841793,2.378483295440674,3.3807448736258916,3.940791440010071,38.0,10.416931390762329,0.27412977344111394,1.016404628753662,4.369772653830679,4.643902427271793,88.82345068454742,178.0,38,38,263,264,527,run12_g16_g16_10,bi-obj/run12/g16/g16_10.pdb,-479.865,-1.784,-58.808,-2.649,-51.191,-2.306,1225.668,2219.613,993.945,28.0,-1.835,-1269.706,194.802,-310.07,2.178,30.24,133.399,712.635,0.208,-48.773,-62.882,-21.036,-57.29,11.0,-35.489,269.0,78.0,41.212,-49.83,0.716,-2.552,33.657,43.63,184.679,0.682,-2.474,-94.019,-2.627,-105.074,0.613,temp_g14_02_0001,bi-obj/run12/g16/g16_10.pdb.sc
528.0,778.9662569761276,1.4753148806366054,3.34053897857666,0.0,1.4753148806366054,142.0,84.33294212818146,0.5938939586491652,2.2408134937286377,3.3009545962575455,3.894848554906711,43.0,9.542501211166382,0.22191863281782284,1.2717738151550293,4.466845939325732,4.688764572143555,93.87544333934784,185.0,38,39,259,270,529,run12_g16_g16_11,bi-obj/run12/g16/g16_11.pdb,-439.939,-1.635,-49.802,-2.357,-37.281,-1.764,1031.634,2112.911,1081.277,24.0,-1.974,-1281.52,211.525,-322.01,2.11,30.26,147.661,747.064,0.28,-47.8,-63.518,-22.541,-57.147,12.0,-34.334,269.0,75.0,44.278,-52.352,0.664,-2.204,37.559,43.098,179.166,0.689,-2.015,-70.526,-2.37,-94.809,0.537,temp_g16_13_0001,bi-obj/run12/g16/g16_11.pdb.sc
517.0,763.7374118566513,1.4772483788329813,3.446108818054199,0.0,1.4772483788329813,138.0,81.26922655105591,0.5889074387757675,2.5085625648498535,3.308728223261626,3.8976356620373935,39.0,10.878831624984741,0.2789444006406344,0.8177499771118164,4.273165910671919,4.552110311312553,92.14805817604065,177.0,38,37,263,255,518,run12_g16_g16_12,bi-obj/run12/g16/g16_12.pdb,-481.813,-1.791,-59.239,-2.668,-51.277,-2.309,1172.266,2220.299,1048.033,18.0,-1.86,-1274.744,197.892,-321.113,2.192,29.902,141.274,737.354,0.251,-51.18,-65.164,-24.54,-59.24,13.0,-35.165,269.0,78.0,36.588,-50.529,0.681,-2.829,39.426,40.042,176.267,0.674,-2.792,-100.498,-2.86,-120.136,0.783,temp_g14_16_0001,bi-obj/run12/g16/g16_12.pdb.sc
553.0,812.4233893156052,1.4691200530119441,3.135190963745117,0.0,1.4691200530119441,147.0,86.815638422966,0.5905825743058912,2.1777970790863037,3.2708161663846904,3.8613987406905816,48.0,12.559443235397339,0.2616550674041112,1.213247299194336,4.255153397719066,4.516808465123177,99.37508165836334,195.0,38,39,284,270,554,run12_g16_g16_13,bi-obj/run12/g16/g16_13.pdb,-508.228,-1.889,-55.271,-2.491,-48.384,-2.18,1173.11,2219.116,1046.006,36.0,-0.826,-1304.683,199.194,-329.417,2.229,30.593,142.225,756.283,0.217,-51.207,-64.037,-24.985,-58.345,10.0,-34.852,269.0,79.0,41.666,-51.766,0.712,-2.861,26.939,38.043,174.148,0.682,-2.681,-101.873,-3.028,-124.163,0.569,temp_g16_18_0001,bi-obj/run12/g16/g16_13.pdb.sc
554.0,816.2032063007355,1.4732909861024106,3.1314382553100586,0.0,1.4732909861024106,145.0,85.64009952545166,0.5906213760375977,2.3746395111083984,3.3055572180912414,3.896178594128839,45.0,12.04357385635376,0.2676349745856391,0.942631721496582,4.3055420557657875,4.5731770303514265,97.68367338180542,190.0,38,39,283,272,555,run12_g16_g16_14,bi-obj/run12/g16/g16_14.pdb,-410.04,-1.524,-39.932,-1.737,-22.357,-0.973,1194.288,2298.552,1104.264,38.0,-1.844,-1294.794,219.337,-315.513,2.087,32.086,163.017,752.118,0.319,-47.198,-57.76,-24.155,-54.775,8.0,-35.811,269.0,80.0,53.463,-50.614,0.756,-1.995,24.236,49.212,176.247,0.669,-1.436,-55.987,-2.528,-103.631,0.619,temp_g15_15_0001,bi-obj/run12/g16/g16_14.pdb.sc
550.0,808.3846592903137,1.4697902896187522,3.4677393436431885,0.0,1.4697902896187522,144.0,83.09469723701477,0.5770465085903803,3.027132034301758,3.3336079832580356,3.910654491848416,40.0,10.726586818695068,0.2681646704673767,0.970522403717041,4.344684541225433,4.61284921169281,93.82128405570984,184.0,38,40,274,277,551,run12_g16_g16_15,bi-obj/run12/g16/g16_15.pdb,-509.385,-1.894,-55.114,-2.448,-47.786,-2.123,1101.609,2251.202,1149.594,20.0,-1.776,-1293.365,200.84,-343.641,2.182,30.127,145.424,752.881,0.286,-53.731,-66.22,-28.93,-58.246,12.0,-33.349,269.0,75.0,39.419,-48.004,0.745,-2.91,28.11,40.198,177.945,0.688,-2.55,-91.817,-3.242,-126.442,0.751,temp_g15_02_0001,bi-obj/run12/g16/g16_15.pdb.sc
523.0,772.6940716505051,1.4774265232323232,3.3713393211364746,0.0,1.4774265232323232,144.0,83.19606804847717,0.5777504725588692,2.461603879928589,3.3114538391431174,3.8892043117019863,36.0,11.747440576553345,0.32631779379314846,0.8767681121826172,4.335605952474806,4.661923746267955,94.94350862503052,180.0,38,38,261,263,524,run12_g16_g16_16,bi-obj/run12/g16/g16_16.pdb,-498.433,-1.853,-60.661,-2.748,-52.597,-2.382,1180.487,2207.76,1027.273,18.0,-1.898,-1268.649,196.317,-322.071,2.094,29.741,137.139,733.262,0.232,-50.51,-64.998,-23.985,-59.123,13.0,-35.735,269.0,79.0,36.394,-51.797,0.656,-2.849,26.478,40.783,177.355,0.636,-2.858,-105.75,-2.842,-119.356,0.768,temp_g15_16_0001,bi-obj/run12/g16/g16_16.pdb.sc
538.0,792.8409847021103,1.4736821276990897,3.099545478820801,0.0,1.4736821276990897,143.0,87.35907328128815,0.6109026103586583,2.2255237102508545,3.338744284389736,3.9496468947483945,43.0,11.70803165435791,0.2722798059153002,0.897799015045166,4.336878793184147,4.609158599099447,99.06710493564606,186.0,38,38,276,263,539,run12_g16_g16_17,bi-obj/run12/g16/g16_17.pdb,-484.459,-1.801,-55.645,-2.436,-48.307,-2.115,1139.674,2283.885,1144.211,26.0,-0.826,-1286.328,199.295,-316.44,2.185,31.811,136.791,735.934,0.168,-42.533,-62.341,-25.655,-58.826,9.0,-36.91,269.0,79.0,42.405,-49.391,0.645,-2.736,30.061,40.368,175.375,0.641,-2.674,-101.626,-2.793,-114.523,0.565,temp_g13_08_0001,bi-obj/run12/g16/g16_17.pdb.sc
544.0,799.9763979911804,1.4705448492484934,3.0047607421875,0.0,1.4705448492484934,141.0,84.49069809913635,0.599224809213733,2.29742693901062,3.2958821117455233,3.895106920959256,42.0,8.749487400054932,0.20832112857273646,0.897799015045166,4.333526775950477,4.541847904523213,93.24018549919128,183.0,38,38,282,263,545,run12_g16_g16_18,bi-obj/run12/g16/g16_18.pdb,-476.546,-1.772,-54.519,-2.439,-39.966,-1.788,1129.782,2235.748,1105.966,20.0,-0.826,-1305.266,214.346,-335.367,2.195,33.18,149.265,762.79,0.306,-48.375,-60.573,-26.952,-56.704,13.0,-33.978,269.0,81.0,43.938,-50.946,0.69,-2.638,24.235,40.56,171.343,0.67,-2.252,-85.593,-2.979,-128.115,0.592,temp_g16_06_0001,bi-obj/run12/g16/g16_18.pdb.sc
529.0,779.3936966657639,1.4733340201621246,3.2379367351531982,0.0,1.4733340201621246,143.0,81.70983910560608,0.5713974762629795,2.411975145339966,3.348341973511489,3.9197394497744686,46.0,10.14989423751831,0.22064987472865893,0.897799015045166,4.42045856040457,4.641108435133229,91.85973334312439,189.0,38,37,274,256,530,run12_g16_g16_19,bi-obj/run12/g16/g16_19.pdb,-462.273,-1.718,-55.742,-2.547,-41.515,-1.897,1072.982,2188.63,1115.648,21.0,-0.826,-1286.482,210.102,-336.323,2.152,33.019,140.565,759.426,0.265,-50.714,-61.61,-25.684,-57.398,12.0,-32.916,269.0,78.0,47.088,-51.189,0.728,-2.619,36.177,40.191,171.559,0.656,-2.463,-88.669,-2.752,-115.596,0.591,temp_g14_00_0001,bi-obj/run12/g16/g16_19.pdb.sc
559.0,823.0080711841583,1.4722863527444692,3.1314382553100586,0.0,1.4722863527444692,149.0,85.89120173454285,0.5764510183526366,2.3746395111083984,3.301036359479763,3.8774873778324,46.0,12.578964710235596,0.27345575457033905,0.8779373168945312,4.264072122781173,4.537527877351512,98.47016644477844,195.0,38,39,288,272,560,run12_g16_g16_2,bi-obj/run12/g16/g16_2.pdb,-429.251,-1.596,-46.402,-2.031,-30.617,-1.34,1186.155,2284.96,1098.805,36.0,-1.906,-1301.782,216.494,-320.738,2.117,32.342,160.401,751.534,0.291,-45.385,-60.511,-22.77,-55.441,10.0,-35.66,269.0,81.0,48.762,-51.885,0.697,-2.092,30.518,48.388,175.678,0.675,-1.645,-64.158,-2.506,-105.271,0.594,temp_g16_23_0001,bi-obj/run12/g16/g16_2.pdb.sc
533.0,786.0649344921112,1.4747934981090267,3.298677682876587,0.0,1.4747934981090267,141.0,86.35313200950623,0.612433560351108,2.2255237102508545,3.351502939318934,3.963936499670042,43.0,11.909692287445068,0.27696958808011785,0.9709315299987793,4.353110640547996,4.630080228628114,98.2628242969513,184.0,38,38,271,263,534,run12_g16_g16_20,bi-obj/run12/g16/g16_20.pdb,-490.349,-1.823,-56.124,-2.454,-49.751,-2.176,1181.521,2286.695,1105.173,25.0,-0.948,-1281.164,195.19,-324.524,2.161,30.97,135.328,735.372,0.168,-40.921,-63.899,-24.329,-58.69,9.0,-35.114,269.0,80.0,39.217,-49.211,0.742,-2.641,33.548,40.034,176.072,0.624,-2.678,-101.761,-2.607,-109.495,0.557,temp_g16_17_0001,bi-obj/run12/g16/g16_20.pdb.sc
536.0,790.7022243738174,1.4751907171153311,3.298677682876587,0.0,1.4751907171153311,144.0,87.58599102497101,0.6082360487845209,2.2255237102508545,3.363951256705655,3.9721873054901757,43.0,11.90912652015686,0.2769564307013223,0.9709315299987793,4.3420204118240715,4.618976842525393,99.49511754512787,187.0,38,38,274,263,537,run12_g16_g16_21,bi-obj/run12/g16/g16_21.pdb,-490.445,-1.823,-55.694,-2.443,-48.376,-2.122,1131.439,2279.808,1148.369,25.0,-0.826,-1283.01,197.263,-324.15,2.172,31.089,136.595,736.513,0.17,-42.441,-62.891,-25.697,-58.669,9.0,-35.325,269.0,79.0,42.695,-50.298,0.606,-2.744,30.061,39.483,176.426,0.627,-2.653,-100.803,-2.83,-116.012,0.565,temp_g15_14_0001,bi-obj/run12/g16/g16_21.pdb.sc
528.0,778.1795443296432,1.4738248945637182,3.34932017326355,0.0,1.4738248945637182,145.0,81.77362132072449,0.5639560091084448,2.536942720413208,3.3310961410917086,3.8950521502001534,42.0,9.080212593078613,0.21619553793044316,0.9123663902282715,4.46542873836699,4.681624276297433,90.8538339138031,187.0,38,39,258,271,529,run12_g16_g16_22,bi-obj/run12/g16/g16_22.pdb,-468.23,-1.741,-54.821,-2.585,-45.372,-2.139,1048.43,2121.015,1072.584,26.0,-0.942,-1272.368,203.031,-326.74,2.098,30.167,141.992,747.879,0.232,-52.155,-63.53,-22.087,-57.796,11.0,-34.462,269.0,78.0,36.905,-52.862,0.657,-2.342,37.846,41.566,172.689,0.691,-2.083,-79.152,-2.588,-103.509,0.541,temp_g14_04_0001,bi-obj/run12/g16/g16_22.pdb.sc
552.0,813.3834056854248,1.4735206624735957,3.1119563579559326,0.0,1.4735206624735957,146.0,86.19058895111084,0.5903464996651427,2.3746395111083984,3.3056452894864017,3.8959917891515445,45.0,11.858189105987549,0.26351531346638996,0.942631721496582,4.314429103003608,4.577944416469998,98.04877805709839,191.0,38,39,281,272,553,run12_g16_g16_23,bi-obj/run12/g16/g16_23.pdb,-404.149,-1.502,-39.886,-1.722,-22.947,-0.991,1189.796,2316.678,1126.883,37.0,-1.844,-1290.118,217.766,-310.097,2.083,31.892,161.527,745.39,0.313,-46.235,-57.729,-21.406,-54.73,8.0,-36.29,269.0,80.0,52.972,-49.639,0.731,-1.946,24.236,50.12,177.335,0.673,-1.429,-55.743,-2.438,-99.967,0.619,temp_g14_20_0001,bi-obj/run12/g16/g16_23.pdb.sc
542.0,797.7953243255615,1.4719470928515894,3.3363726139068604,0.0,1.4719470928515894,141.0,81.46643686294556,0.5777761479641529,2.2255237102508545,3.330583481078452,3.908359629042605,46.0,10.249485969543457,0.2228149123813795,0.897799015045166,4.323441484700078,4.546256397081458,91.71592283248901,187.0,38,38,280,263,543,run12_g16_g16_24,bi-obj/run12/g16/g16_24.pdb,-478.715,-1.78,-55.035,-2.487,-40.419,-1.826,1133.84,2213.209,1079.369,21.0,-0.826,-1294.159,210.286,-342.349,2.159,32.54,145.252,759.415,0.273,-48.408,-61.788,-23.865,-57.186,12.0,-34.275,269.0,80.0,45.269,-52.449,0.735,-2.622,30.061,38.619,172.394,0.668,-2.3,-87.405,-2.914,-122.375,0.594,temp_g14_07_0001,bi-obj/run12/g16/g16_24.pdb.sc
527.0,779.6423118114471,1.4793971761128029,3.4005658626556396,0.0,1.4793971761128029,141.0,82.38318169116974,0.5842778843345372,3.094982385635376,3.3749561825542584,3.9592340668887958,41.0,11.081290006637573,0.2702753660155506,1.016404628753662,4.355744809639163,4.6260201756547135,93.46447169780731,182.0,38,38,264,264,528,run12_g16_g16_3,bi-obj/run12/g16/g16_3.pdb,-472.068,-1.755,-53.995,-2.415,-47.406,-2.12,1173.732,2236.132,1062.4,29.0,-1.839,-1268.616,195.58,-311.624,2.216,29.952,133.77,715.472,0.177,-45.245,-62.741,-23.309,-57.637,9.0,-35.916,269.0,77.0,42.447,-47.543,0.641,-2.474,32.179,44.783,185.356,0.678,-2.43,-92.35,-2.517,-98.147,0.648,temp_g15_12_0001,bi-obj/run12/g16/g16_3.pdb.sc
546.0,804.0605635643005,1.4726383948064112,3.4613399505615234,0.0,1.4726383948064112,147.0,83.2268055677414,0.566168745358785,3.1299357414245605,3.330120316168078,3.896289061526863,41.0,9.844663381576538,0.2401137410140619,1.3675227165222168,4.279350670372567,4.51946441138663,93.07146894931793,188.0,38,39,277,270,547,run12_g16_g16_4,bi-obj/run12/g16/g16_4.pdb,-474.533,-1.764,-53.11,-2.327,-45.952,-2.013,1245.567,2282.32,1036.752,14.0,-1.754,-1282.089,213.219,-323.023,2.17,31.587,141.553,745.788,0.199,-50.374,-61.221,-21.8,-55.682,10.0,-37.003,269.0,79.0,44.825,-50.306,0.614,-2.658,17.954,36.229,174.805,0.674,-2.516,-98.107,-2.798,-111.911,0.59,temp_g16_02_0001,bi-obj/run12/g16/g16_4.pdb.sc
520.0,767.0149985551834,1.4750288433753527,3.34932017326355,0.0,1.4750288433753527,136.0,82.12793803215027,0.6038818972952226,2.4630353450775146,3.316103333936018,3.919985231231241,38.0,7.891345739364624,0.20766699314117432,0.9008288383483887,4.545241374718516,4.75290836785969,90.01928377151489,174.0,38,39,250,271,521,run12_g16_g16_5,bi-obj/run12/g16/g16_5.pdb,-471.728,-1.754,-55.475,-2.58,-49.642,-2.309,1045.983,2150.385,1104.403,23.0,-0.942,-1256.042,192.723,-314.843,2.067,29.416,135.588,733.342,0.247,-52.062,-63.975,-20.699,-59.047,13.0,-35.615,269.0,78.0,35.358,-51.893,0.632,-2.337,37.846,41.677,174.774,0.696,-2.352,-89.378,-2.322,-92.881,0.602,temp_g16_16_0001,bi-obj/run12/g16/g16_5.pdb.sc
544.0,800.9453275203705,1.4723259697065634,3.690859794616699,0.0,1.4723259697065634,141.0,80.97617387771606,0.5742991055157167,3.028298854827881,3.3713202848502086,3.945619390365925,39.0,10.729297876358032,0.27511020195789826,0.970522403717041,4.399160446264805,4.674270648222703,91.7054717540741,180.0,38,40,268,277,545,run12_g16_g16_6,bi-obj/run12/g16/g16_6.pdb,-508.243,-1.889,-55.707,-2.484,-48.647,-2.169,1110.424,2242.359,1131.936,20.0,-1.776,-1285.133,200.19,-343.282,2.161,29.507,141.718,753.162,0.28,-53.137,-66.467,-29.091,-59.039,12.0,-33.689,269.0,75.0,38.936,-48.229,0.699,-2.883,28.11,40.05,177.073,0.674,-2.557,-92.063,-3.184,-124.179,0.694,temp_g16_09_0001,bi-obj/run12/g16/g16_6.pdb.sc
524.0,775.3146953582764,1.479608197248619,3.4005658626556396,0.0,1.479608197248619,138.0,77.82136118412018,0.5639229071313057,2.378483295440674,3.3653108235718547,3.92923373070316,37.0,9.890244007110596,0.2673038920840701,1.016404628753662,4.367439791962907,4.634743684046978,87.71160519123077,175.0,38,38,261,264,525,run12_g16_g16_7,bi-obj/run12/g16/g16_7.pdb,-485.334,-1.804,-59.229,-2.656,-51.654,-2.316,1229.579,2229.906,1000.327,25.0,-1.835,-1271.009,193.822,-312.133,2.174,30.219,133.866,714.124,0.208,-51.836,-62.744,-21.036,-57.154,12.0,-34.79,269.0,78.0,38.075,-49.62,0.638,-2.599,33.657,44.506,185.767,0.68,-2.617,-99.439,-2.582,-103.266,0.613,temp_g15_22_0001,bi-obj/run12/g16/g16_7.pdb.sc
546.0,805.3021062612534,1.474912282529768,3.373741388320923,0.0,1.474912282529768,143.0,85.77603101730347,0.5998323847363879,2.4852120876312256,3.329668942031327,3.929501326767715,41.0,12.415513753890991,0.3028174086314876,1.0269365310668945,4.319204987549201,4.622022396180688,98.19154477119446,184.0,38,39,275,272,547,run12_g16_g16_8,bi-obj/run12/g16/g16_8.pdb,-438.669,-1.631,-48.878,-2.153,-36.296,-1.599,1184.168,2270.537,1086.369,36.0,-1.844,-1281.685,203.643,-306.255,2.184,31.706,145.457,728.979,0.196,-44.598,-61.172,-21.569,-55.542,8.0,-34.805,269.0,78.0,48.484,-49.538,0.705,-2.269,30.823,45.02,181.367,0.65,-2.052,-75.924,-2.465,-101.08,0.675,temp_g15_18_0001,bi-obj/run12/g16/g16_8.pdb.sc
525.0,773.7655794620514,1.4738391989753359,3.34932017326355,0.0,1.4738391989753359,143.0,80.99018049240112,0.5663648985482596,2.5400915145874023,3.3399345157863376,3.9062994143345975,45.0,8.97987699508667,0.1995528221130371,0.9123663902282715,4.481877920362685,4.6814307424757216,89.9700574874878,188.0,38,39,255,271,526,run12_g16_g16_9,bi-obj/run12/g16/g16_9.pdb,-464.286,-1.726,-54.998,-2.596,-45.279,-2.137,1044.873,2118.773,1073.899,27.0,-0.942,-1267.038,202.56,-325.365,2.042,30.105,141.208,744.245,0.233,-52.34,-63.934,-21.351,-57.844,11.0,-34.445,269.0,78.0,36.688,-51.479,0.659,-2.332,37.846,42.885,172.335,0.688,-2.085,-79.213,-2.566,-102.644,0.539,temp_g16_00_0001,bi-obj/run12/g16/g16_9.pdb.sc
520.0,767.0149985551834,1.4750288433753527,3.34932017326355,0.0,1.4750288433753527,136.0,82.12793803215027,0.6038818972952226,2.4630353450775146,3.316103333936018,3.919985231231241,38.0,7.891345739364624,0.20766699314117432,0.9008288383483887,4.545241374718516,4.75290836785969,90.01928377151489,174.0,38,39,250,271,521,run12_g17_g17_0,bi-obj/run12/g17/g17_0.pdb,-471.728,-1.754,-55.475,-2.58,-49.642,-2.309,1045.983,2150.385,1104.403,23.0,-0.942,-1256.042,192.723,-314.843,2.067,29.416,135.588,733.342,0.247,-52.062,-63.975,-20.699,-59.047,13.0,-35.615,269.0,78.0,35.358,-51.893,0.632,-2.337,37.846,41.677,174.774,0.696,-2.352,-89.378,-2.322,-92.881,0.602,temp_g16_16_0001,bi-obj/run12/g17/g17_0.pdb.sc
524.0,775.3146953582764,1.479608197248619,3.4005658626556396,0.0,1.479608197248619,138.0,77.82136118412018,0.5639229071313057,2.378483295440674,3.3653108235718547,3.92923373070316,37.0,9.890244007110596,0.2673038920840701,1.016404628753662,4.367439791962907,4.634743684046978,87.71160519123077,175.0,38,38,261,264,525,run12_g17_g17_1,bi-obj/run12/g17/g17_1.pdb,-485.334,-1.804,-59.229,-2.656,-51.654,-2.316,1229.579,2229.906,1000.327,25.0,-1.835,-1271.009,193.822,-312.133,2.174,30.219,133.866,714.124,0.208,-51.836,-62.744,-21.036,-57.154,12.0,-34.79,269.0,78.0,38.075,-49.62,0.638,-2.599,33.657,44.506,185.767,0.68,-2.617,-99.439,-2.582,-103.266,0.613,temp_g15_22_0001,bi-obj/run12/g17/g17_1.pdb.sc
542.0,797.7953243255615,1.4719470928515894,3.3363726139068604,0.0,1.4719470928515894,141.0,81.46643686294556,0.5777761479641529,2.2255237102508545,3.330583481078452,3.908359629042605,46.0,10.249485969543457,0.2228149123813795,0.897799015045166,4.323441484700078,4.546256397081458,91.71592283248901,187.0,38,38,280,263,543,run12_g17_g17_10,bi-obj/run12/g17/g17_10.pdb,-478.715,-1.78,-55.035,-2.487,-40.419,-1.826,1133.84,2213.209,1079.369,21.0,-0.826,-1294.159,210.286,-342.349,2.159,32.54,145.252,759.415,0.273,-48.408,-61.788,-23.865,-57.186,12.0,-34.275,269.0,80.0,45.269,-52.449,0.735,-2.622,30.061,38.619,172.394,0.668,-2.3,-87.405,-2.914,-122.375,0.594,temp_g14_07_0001,bi-obj/run12/g17/g17_10.pdb.sc
544.0,800.9946889877319,1.4724167076980366,3.690859794616699,0.0,1.4724167076980366,140.0,80.8707001209259,0.5776478580066136,3.028298854827881,3.370833252157484,3.9484811101640975,39.0,10.667680978775024,0.2735302815070519,0.970522403717041,4.3991779792003145,4.672708260707366,91.53838109970093,179.0,38,40,268,277,545,run12_g17_g17_11,bi-obj/run12/g17/g17_11.pdb,-508.308,-1.89,-55.652,-2.493,-48.582,-2.177,1106.81,2232.04,1125.229,20.0,-1.776,-1284.586,200.151,-343.402,2.151,29.502,141.524,752.664,0.28,-53.16,-66.433,-29.104,-59.058,12.0,-33.687,269.0,75.0,39.142,-48.274,0.759,-2.884,28.11,40.162,177.073,0.673,-2.557,-92.037,-3.186,-124.238,0.694,temp_g17_06_0001,bi-obj/run12/g17/g17_11.pdb.sc
517.0,763.7374118566513,1.4772483788329813,3.446108818054199,0.0,1.4772483788329813,138.0,81.26922655105591,0.5889074387757675,2.5085625648498535,3.308728223261626,3.8976356620373935,39.0,10.878831624984741,0.2789444006406344,0.8177499771118164,4.273165910671919,4.552110311312553,92.14805817604065,177.0,38,37,263,255,518,run12_g17_g17_12,bi-obj/run12/g17/g17_12.pdb,-481.813,-1.791,-59.239,-2.668,-51.277,-2.309,1172.266,2220.299,1048.033,18.0,-1.86,-1274.744,197.892,-321.113,2.192,29.902,141.274,737.354,0.251,-51.18,-65.164,-24.54,-59.24,13.0,-35.165,269.0,78.0,36.588,-50.529,0.681,-2.829,39.426,40.042,176.267,0.674,-2.792,-100.498,-2.86,-120.136,0.783,temp_g14_16_0001,bi-obj/run12/g17/g17_12.pdb.sc
554.0,816.0139663219452,1.472949397693042,3.138267755508423,0.0,1.472949397693042,145.0,85.66812181472778,0.5908146332050191,2.3746395111083984,3.2921132942725873,3.8829279274776063,43.0,11.61669635772705,0.2701557292494663,0.942631721496582,4.318258845528891,4.588414574778358,97.28481817245483,188.0,38,39,283,272,555,run12_g17_g17_13,bi-obj/run12/g17/g17_13.pdb,-409.099,-1.521,-40.722,-1.773,-23.814,-1.037,1180.635,2296.641,1116.005,39.0,-1.844,-1296.211,219.819,-316.168,2.131,31.717,165.274,753.173,0.31,-48.297,-57.793,-23.897,-54.652,8.0,-36.157,269.0,80.0,53.219,-50.675,0.743,-1.994,24.612,49.783,176.247,0.674,-1.427,-55.647,-2.533,-103.868,0.619,temp_g17_14_0001,bi-obj/run12/g17/g17_13.pdb.sc
550.0,808.4121720790863,1.469840312871066,3.4677393436431885,0.0,1.469840312871066,144.0,83.09798574447632,0.5770693454477522,3.027132034301758,3.3331507593393326,3.9102201047870846,40.0,10.724650859832764,0.26811627149581907,0.970522403717041,4.344629871845245,4.612746143341065,93.82263660430908,184.0,38,40,274,277,551,run12_g17_g17_14,bi-obj/run12/g17/g17_14.pdb,-509.712,-1.895,-55.078,-2.449,-47.439,-2.109,1101.864,2249.216,1147.353,20.0,-1.776,-1293.408,201.014,-343.592,2.182,30.121,145.453,752.892,0.288,-53.737,-66.357,-28.935,-58.178,12.0,-33.266,269.0,75.0,38.862,-48.058,0.787,-2.915,28.11,40.265,177.945,0.688,-2.561,-92.188,-3.241,-126.417,0.751,temp_g17_15_0001,bi-obj/run12/g17/g17_14.pdb.sc
520.0,766.78757584095,1.474591492001827,3.34932017326355,0.0,1.474591492001827,141.0,80.77900719642639,0.5729007602583432,2.5400915145874023,3.335939867276672,3.908840627535015,45.0,9.038918018341064,0.20086484485202366,0.9123663902282715,4.484234036339654,4.685098881191678,89.81792521476746,186.0,38,38,257,264,521,run12_g17_g17_15,bi-obj/run12/g17/g17_15.pdb,-468.305,-1.741,-54.693,-2.588,-44.967,-2.128,1043.127,2113.145,1070.017,26.0,-0.942,-1267.063,202.87,-325.635,2.044,30.178,140.992,745.116,0.234,-52.342,-64.16,-21.361,-58.104,11.0,-34.788,269.0,77.0,37.735,-50.374,0.707,-2.371,33.732,42.013,171.247,0.686,-2.162,-79.976,-2.564,-102.565,0.539,temp_g17_09_0001,bi-obj/run12/g17/g17_15.pdb.sc
552.0,813.3834056854248,1.4735206624735957,3.1119563579559326,0.0,1.4735206624735957,146.0,86.19058895111084,0.5903464996651427,2.3746395111083984,3.3056452894864017,3.8959917891515445,45.0,11.858189105987549,0.26351531346638996,0.942631721496582,4.314429103003608,4.577944416469998,98.04877805709839,191.0,38,39,281,272,553,run12_g17_g17_16,bi-obj/run12/g17/g17_16.pdb,-404.149,-1.502,-39.886,-1.722,-22.947,-0.991,1189.796,2316.678,1126.883,37.0,-1.844,-1290.118,217.766,-310.097,2.083,31.892,161.527,745.39,0.313,-46.235,-57.729,-21.406,-54.73,8.0,-36.29,269.0,80.0,52.972,-49.639,0.731,-1.946,24.236,50.12,177.335,0.673,-1.429,-55.743,-2.438,-99.967,0.619,temp_g14_20_0001,bi-obj/run12/g17/g17_16.pdb.sc
546.0,804.0605635643005,1.4726383948064112,3.4613399505615234,0.0,1.4726383948064112,147.0,83.2268055677414,0.566168745358785,3.1299357414245605,3.330120316168078,3.896289061526863,41.0,9.844663381576538,0.2401137410140619,1.3675227165222168,4.279350670372567,4.51946441138663,93.07146894931793,188.0,38,39,277,270,547,run12_g17_g17_17,bi-obj/run12/g17/g17_17.pdb,-474.533,-1.764,-53.11,-2.327,-45.952,-2.013,1245.567,2282.32,1036.752,14.0,-1.754,-1282.089,213.219,-323.023,2.17,31.587,141.553,745.788,0.199,-50.374,-61.221,-21.8,-55.682,10.0,-37.003,269.0,79.0,44.825,-50.306,0.614,-2.658,17.954,36.229,174.805,0.674,-2.516,-98.107,-2.798,-111.911,0.59,temp_g16_02_0001,bi-obj/run12/g17/g17_17.pdb.sc
554.0,816.2032063007355,1.4732909861024106,3.1314382553100586,0.0,1.4732909861024106,145.0,85.64009952545166,0.5906213760375977,2.3746395111083984,3.3055572180912414,3.896178594128839,45.0,12.04357385635376,0.2676349745856391,0.942631721496582,4.3055420557657875,4.5731770303514265,97.68367338180542,190.0,38,39,283,272,555,run12_g17_g17_18,bi-obj/run12/g17/g17_18.pdb,-410.04,-1.524,-39.932,-1.737,-22.357,-0.973,1194.288,2298.552,1104.264,38.0,-1.844,-1294.794,219.337,-315.513,2.087,32.086,163.017,752.118,0.319,-47.198,-57.76,-24.155,-54.775,8.0,-35.811,269.0,80.0,53.463,-50.614,0.756,-1.995,24.236,49.212,176.247,0.669,-1.436,-55.987,-2.528,-103.631,0.619,temp_g15_15_0001,bi-obj/run12/g17/g17_18.pdb.sc
538.0,792.8409847021103,1.4736821276990897,3.099545478820801,0.0,1.4736821276990897,143.0,87.35907328128815,0.6109026103586583,2.2255237102508545,3.338744284389736,3.9496468947483945,43.0,11.70803165435791,0.2722798059153002,0.897799015045166,4.336878793184147,4.609158599099447,99.06710493564606,186.0,38,38,276,263,539,run12_g17_g17_19,bi-obj/run12/g17/g17_19.pdb,-484.459,-1.801,-55.645,-2.436,-48.307,-2.115,1139.674,2283.885,1144.211,26.0,-0.826,-1286.328,199.295,-316.44,2.185,31.811,136.791,735.934,0.168,-42.533,-62.341,-25.655,-58.826,9.0,-36.91,269.0,79.0,42.405,-49.391,0.645,-2.736,30.061,40.368,175.375,0.641,-2.674,-101.626,-2.793,-114.523,0.565,temp_g13_08_0001,bi-obj/run12/g17/g17_19.pdb.sc
522.0,769.8693145513535,1.4748454301750067,3.34932017326355,0.0,1.4748454301750067,136.0,82.45807957649231,0.6063094086506787,2.4630353450775146,3.312571527326808,3.918880935977487,38.0,7.923712968826294,0.20851876233753405,0.9008288383483887,4.544545769691467,4.7530645320290015,90.3817925453186,174.0,38,39,252,271,523,run12_g17_g17_2,bi-obj/run12/g17/g17_2.pdb,-477.267,-1.774,-55.598,-2.578,-49.906,-2.314,1032.47,2156.328,1123.859,21.0,-0.942,-1257.157,193.525,-323.048,2.064,29.466,135.964,738.685,0.246,-51.975,-64.182,-20.778,-59.089,13.0,-35.331,269.0,78.0,35.229,-52.682,0.626,-2.354,37.846,40.85,173.686,0.694,-2.346,-89.139,-2.361,-94.456,0.602,temp_g17_05_0001,bi-obj/run12/g17/g17_2.pdb.sc
524.0,773.83367395401,1.47678182052292,3.34053897857666,0.0,1.47678182052292,140.0,85.48060023784637,0.6105757159846169,2.7233896255493164,3.307740534203393,3.91831625018801,36.0,8.568142652511597,0.23800396256976658,0.9170699119567871,4.468517833285862,4.706521795855628,94.04874289035797,176.0,38,39,255,270,525,run12_g17_g17_20,bi-obj/run12/g17/g17_20.pdb,-450.304,-1.674,-53.043,-2.491,-44.29,-2.08,1038.426,2128.988,1090.562,25.0,-1.974,-1273.573,201.053,-310.264,2.114,29.483,141.776,734.037,0.261,-47.629,-64.144,-20.567,-57.627,12.0,-35.063,269.0,75.0,41.939,-51.487,0.735,-2.302,37.559,41.394,182.11,0.692,-2.328,-81.492,-2.279,-91.146,0.56,temp_g17_11_0001,bi-obj/run12/g17/g17_20.pdb.sc
546.0,805.3021062612534,1.474912282529768,3.373741388320923,0.0,1.474912282529768,143.0,85.77603101730347,0.5998323847363879,2.4852120876312256,3.329668942031327,3.929501326767715,41.0,12.415513753890991,0.3028174086314876,1.0269365310668945,4.319204987549201,4.622022396180688,98.19154477119446,184.0,38,39,275,272,547,run12_g17_g17_21,bi-obj/run12/g17/g17_21.pdb,-438.669,-1.631,-48.878,-2.153,-36.296,-1.599,1184.168,2270.537,1086.369,36.0,-1.844,-1281.685,203.643,-306.255,2.184,31.706,145.457,728.979,0.196,-44.598,-61.172,-21.569,-55.542,8.0,-34.805,269.0,78.0,48.484,-49.538,0.705,-2.269,30.823,45.02,181.367,0.65,-2.052,-75.924,-2.465,-101.08,0.675,temp_g15_18_0001,bi-obj/run12/g17/g17_21.pdb.sc
538.0,792.9937545061111,1.4739660864425859,3.099545478820801,0.0,1.4739660864425859,142.0,88.50331318378448,0.6232627688998907,2.1675937175750732,3.327781792257873,3.951044561157764,46.0,12.116331338882446,0.2633985073670097,0.9704461097717285,4.353336531182994,4.6167350385500034,100.61964452266693,188.0,38,38,276,263,539,run12_g17_g17_22,bi-obj/run12/g17/g17_22.pdb,-484.082,-1.8,-56.424,-2.505,-49.617,-2.203,1126.17,2252.571,1126.401,27.0,-0.826,-1285.792,197.17,-314.926,2.186,31.912,137.449,734.195,0.166,-43.483,-62.699,-22.966,-58.853,9.0,-36.394,269.0,77.0,42.797,-49.546,0.701,-2.764,30.196,39.557,175.375,0.639,-2.724,-100.795,-2.8,-111.997,0.565,temp_g17_17_0001,bi-obj/run12/g17/g17_22.pdb.sc
521.0,771.2660117149353,1.4803570282436378,3.4005658626556396,0.0,1.4803570282436378,138.0,79.78910982608795,0.5781819552615068,3.1200368404388428,3.3999061385790506,3.9780880938405576,38.0,11.139192819595337,0.2931366531472457,1.016404628753662,4.356037566536351,4.649174219683597,90.92830264568329,176.0,38,38,258,264,522,run12_g17_g17_23,bi-obj/run12/g17/g17_23.pdb,-468.464,-1.742,-54.839,-2.454,-48.254,-2.159,1178.333,2234.549,1056.216,27.0,-1.839,-1260.754,195.151,-311.866,2.156,29.268,132.25,716.186,0.176,-45.433,-63.194,-23.339,-57.627,9.0,-35.912,269.0,77.0,41.893,-47.415,0.655,-2.442,32.179,44.719,184.484,0.68,-2.451,-93.121,-2.434,-94.94,0.629,temp_g17_03_0001,bi-obj/run12/g17/g17_23.pdb.sc
520.0,766.9668605327606,1.4749362702553088,3.3476171493530273,0.0,1.4749362702553088,138.0,78.68856394290924,0.5702069850935452,2.536942720413208,3.343620769355608,3.9138277544491533,40.0,8.576105117797852,0.2144026279449463,0.8909955024719238,4.49823482632637,4.7126374542713165,87.26466906070709,178.0,38,39,250,271,521,run12_g17_g17_24,bi-obj/run12/g17/g17_24.pdb,-477.17,-1.774,-58.277,-2.683,-49.111,-2.261,1105.607,2172.112,1066.505,23.0,-0.942,-1259.401,202.567,-328.858,2.07,29.521,140.387,746.79,0.245,-51.931,-66.528,-22.271,-58.743,12.0,-34.443,269.0,78.0,36.525,-56.247,0.618,-2.439,29.648,41.212,172.905,0.686,-2.182,-82.926,-2.683,-107.34,0.569,temp_g17_22_0001,bi-obj/run12/g17/g17_24.pdb.sc
553.0,813.3103281259537,1.4707239206617606,3.1314382553100586,0.0,1.4707239206617606,143.0,83.44511795043945,0.5835322933597165,2.3746395111083984,3.3300419520664883,3.913574245426205,44.0,11.891043186187744,0.2702509815042669,0.8714165687561035,4.313329534097151,4.583580515601418,95.3361611366272,187.0,38,39,282,272,554,run12_g17_g17_3,bi-obj/run12/g17/g17_3.pdb,-455.561,-1.694,-48.735,-2.137,-35.215,-1.544,1178.454,2280.633,1102.179,29.0,-1.906,-1292.922,212.637,-323.813,2.113,31.711,146.969,753.763,0.248,-45.98,-62.275,-24.781,-57.382,10.0,-34.601,269.0,81.0,44.213,-52.699,0.691,-2.363,30.518,43.465,174.806,0.657,-2.034,-79.323,-2.668,-112.05,0.6,temp_g17_02_0001,bi-obj/run12/g17/g17_3.pdb.sc
536.0,790.6891901493073,1.4751663995322897,3.298677682876587,0.0,1.4751663995322897,144.0,87.56069076061249,0.6080603525042534,2.2255237102508545,3.3639686298039226,3.972028982308176,42.0,11.901241302490234,0.28336288815452937,0.9709315299987793,4.354930224872771,4.6382931130273,99.46193206310272,186.0,38,38,274,263,537,run12_g17_g17_4,bi-obj/run12/g17/g17_4.pdb,-490.616,-1.824,-55.652,-2.444,-48.344,-2.123,1131.575,2276.772,1145.197,25.0,-0.826,-1283.079,197.279,-324.07,2.172,31.087,136.56,736.544,0.17,-42.42,-62.882,-25.708,-58.646,9.0,-35.32,269.0,79.0,42.551,-50.275,0.657,-2.747,30.061,39.365,176.426,0.628,-2.657,-100.964,-2.83,-116.028,0.565,temp_g17_21_0001,bi-obj/run12/g17/g17_4.pdb.sc
536.0,790.7022243738174,1.4751907171153311,3.298677682876587,0.0,1.4751907171153311,144.0,87.58599102497101,0.6082360487845209,2.2255237102508545,3.363951256705655,3.9721873054901757,43.0,11.90912652015686,0.2769564307013223,0.9709315299987793,4.3420204118240715,4.618976842525393,99.49511754512787,187.0,38,38,274,263,537,run12_g17_g17_5,bi-obj/run12/g17/g17_5.pdb,-490.445,-1.823,-55.694,-2.443,-48.376,-2.122,1131.439,2279.808,1148.369,25.0,-0.826,-1283.01,197.263,-324.15,2.172,31.089,136.595,736.513,0.17,-42.441,-62.891,-25.697,-58.669,9.0,-35.325,269.0,79.0,42.695,-50.298,0.606,-2.744,30.061,39.483,176.426,0.627,-2.653,-100.803,-2.83,-116.012,0.565,temp_g15_14_0001,bi-obj/run12/g17/g17_5.pdb.sc
523.0,772.9199420213699,1.4778583977464053,3.353508949279785,0.0,1.4778583977464053,142.0,82.83923399448395,0.5833748872850982,2.4338583946228027,3.329401495591016,3.912776382876114,39.0,11.770588159561157,0.30180995280926043,0.843773365020752,4.326084479307517,4.627894432116777,94.6098221540451,181.0,38,38,261,263,524,run12_g17_g17_6,bi-obj/run12/g17/g17_6.pdb,-504.184,-1.874,-62.361,-2.851,-55.184,-2.523,1150.871,2187.459,1036.589,21.0,-1.884,-1265.841,195.161,-322.714,2.12,30.01,134.116,729.825,0.221,-50.829,-65.048,-23.728,-59.397,12.0,-35.64,269.0,79.0,35.972,-52.759,0.654,-2.967,27.841,40.486,177.355,0.631,-2.921,-105.138,-3.006,-129.243,0.771,temp_g17_00_0001,bi-obj/run12/g17/g17_6.pdb.sc
552.0,812.5742229223251,1.4720547516708788,3.1119563579559326,0.0,1.4720547516708788,145.0,85.30420804023743,0.5883048830361202,2.3746395111083984,3.294737062783077,3.883041945819197,45.0,11.253708124160767,0.25008240275912813,0.8450937271118164,4.302039162317912,4.55212156507704,96.5579161643982,190.0,38,39,281,272,553,run12_g17_g17_7,bi-obj/run12/g17/g17_7.pdb,-409.008,-1.52,-41.699,-1.795,-24.149,-1.039,1184.835,2323.421,1138.585,35.0,-0.826,-1285.606,215.792,-312.052,2.098,31.996,160.276,748.045,0.3,-46.808,-57.853,-21.418,-54.965,8.0,-35.096,269.0,80.0,51.071,-50.888,0.745,-2.007,24.343,48.499,173.791,0.676,-1.458,-56.874,-2.529,-103.671,0.591,temp_g17_23_0001,bi-obj/run12/g17/g17_7.pdb.sc
533.0,786.0649344921112,1.4747934981090267,3.298677682876587,0.0,1.4747934981090267,141.0,86.35313200950623,0.612433560351108,2.2255237102508545,3.351502939318934,3.963936499670042,43.0,11.909692287445068,0.27696958808011785,0.9709315299987793,4.353110640547996,4.630080228628114,98.2628242969513,184.0,38,38,271,263,534,run12_g17_g17_8,bi-obj/run12/g17/g17_8.pdb,-490.349,-1.823,-56.124,-2.454,-49.751,-2.176,1181.521,2286.695,1105.173,25.0,-0.948,-1281.164,195.19,-324.524,2.161,30.97,135.328,735.372,0.168,-40.921,-63.899,-24.329,-58.69,9.0,-35.114,269.0,80.0,39.217,-49.211,0.742,-2.641,33.548,40.034,176.072,0.624,-2.678,-101.761,-2.607,-109.495,0.557,temp_g16_17_0001,bi-obj/run12/g17/g17_8.pdb.sc
552.0,810.9544849395752,1.4691204437311145,3.135190963745117,0.0,1.4691204437311145,149.0,87.71104967594147,0.5886647629257816,2.1777970790863037,3.2822202780102723,3.870885040936054,50.0,12.67393684387207,0.2534787368774414,1.252683162689209,4.281653614044189,4.535132350921631,100.38498651981354,199.0,38,39,283,270,553,run12_g17_g17_9,bi-obj/run12/g17/g17_9.pdb,-504.56,-1.876,-55.268,-2.48,-48.119,-2.159,1190.79,2228.305,1037.515,33.0,-0.826,-1301.411,199.799,-329.508,2.208,30.513,141.541,759.467,0.218,-51.439,-64.095,-25.067,-58.668,10.0,-34.949,269.0,78.0,42.615,-51.142,0.715,-2.865,26.939,37.674,171.216,0.681,-2.777,-102.754,-2.945,-120.733,0.574,temp_g17_13_0001,bi-obj/run12/g17/g17_9.pdb.sc
520.0,767.0149985551834,1.4750288433753527,3.34932017326355,0.0,1.4750288433753527,136.0,82.12793803215027,0.6038818972952226,2.4630353450775146,3.316103333936018,3.919985231231241,38.0,7.891345739364624,0.20766699314117432,0.9008288383483887,4.545241374718516,4.75290836785969,90.01928377151489,174.0,38,39,250,271,521,run12_g18_g18_0,bi-obj/run12/g18/g18_0.pdb,-471.728,-1.754,-55.475,-2.58,-49.642,-2.309,1045.983,2150.385,1104.403,23.0,-0.942,-1256.042,192.723,-314.843,2.067,29.416,135.588,733.342,0.247,-52.062,-63.975,-20.699,-59.047,13.0,-35.615,269.0,78.0,35.358,-51.893,0.632,-2.337,37.846,41.677,174.774,0.696,-2.352,-89.378,-2.322,-92.881,0.602,temp_g16_16_0001,bi-obj/run12/g18/g18_0.pdb.sc
546.0,804.0605635643005,1.4726383948064112,3.4613399505615234,0.0,1.4726383948064112,147.0,83.2268055677414,0.566168745358785,3.1299357414245605,3.330120316168078,3.896289061526863,41.0,9.844663381576538,0.2401137410140619,1.3675227165222168,4.279350670372567,4.51946441138663,93.07146894931793,188.0,38,39,277,270,547,run12_g18_g18_1,bi-obj/run12/g18/g18_1.pdb,-474.533,-1.764,-53.11,-2.327,-45.952,-2.013,1245.567,2282.32,1036.752,14.0,-1.754,-1282.089,213.219,-323.023,2.17,31.587,141.553,745.788,0.199,-50.374,-61.221,-21.8,-55.682,10.0,-37.003,269.0,79.0,44.825,-50.306,0.614,-2.658,17.954,36.229,174.805,0.674,-2.516,-98.107,-2.798,-111.911,0.59,temp_g16_02_0001,bi-obj/run12/g18/g18_1.pdb.sc
520.0,768.2215855121613,1.4773492029080024,3.353508949279785,0.0,1.4773492029080024,142.0,82.71189177036285,0.5824781110588934,2.431262969970703,3.326100096736156,3.908578207795049,40.0,11.72807002067566,0.29320175051689146,0.843773365020752,4.336902439594269,4.63010419011116,94.43996179103851,182.0,38,38,258,263,521,run12_g18_g18_10,bi-obj/run12/g18/g18_10.pdb,-505.774,-1.88,-62.466,-2.873,-55.283,-2.543,1170.896,2174.226,1003.33,21.0,-2.031,-1266.386,194.269,-323.867,2.119,29.989,133.375,730.236,0.225,-48.701,-65.897,-22.242,-59.409,12.0,-35.107,269.0,79.0,35.296,-52.291,0.647,-2.822,26.818,40.281,177.002,0.635,-2.941,-105.86,-2.723,-117.068,0.771,temp_g18_06_0001,bi-obj/run12/g18/g18_10.pdb.sc
544.0,800.9946889877319,1.4724167076980366,3.690859794616699,0.0,1.4724167076980366,140.0,80.8707001209259,0.5776478580066136,3.028298854827881,3.370833252157484,3.9484811101640975,39.0,10.667680978775024,0.2735302815070519,0.970522403717041,4.3991779792003145,4.672708260707366,91.53838109970093,179.0,38,40,268,277,545,run12_g18_g18_11,bi-obj/run12/g18/g18_11.pdb,-508.308,-1.89,-55.652,-2.493,-48.582,-2.177,1106.81,2232.04,1125.229,20.0,-1.776,-1284.586,200.151,-343.402,2.151,29.502,141.524,752.664,0.28,-53.16,-66.433,-29.104,-59.058,12.0,-33.687,269.0,75.0,39.142,-48.274,0.759,-2.884,28.11,40.162,177.073,0.673,-2.557,-92.037,-3.186,-124.238,0.694,temp_g17_06_0001,bi-obj/run12/g18/g18_11.pdb.sc
521.0,771.2660117149353,1.4803570282436378,3.4005658626556396,0.0,1.4803570282436378,138.0,79.78910982608795,0.5781819552615068,3.1200368404388428,3.3999061385790506,3.9780880938405576,38.0,11.139192819595337,0.2931366531472457,1.016404628753662,4.356037566536351,4.649174219683597,90.92830264568329,176.0,38,38,258,264,522,run12_g18_g18_12,bi-obj/run12/g18/g18_12.pdb,-468.464,-1.742,-54.839,-2.454,-48.254,-2.159,1178.333,2234.549,1056.216,27.0,-1.839,-1260.754,195.151,-311.866,2.156,29.268,132.25,716.186,0.176,-45.433,-63.194,-23.339,-57.627,9.0,-35.912,269.0,77.0,41.893,-47.415,0.655,-2.442,32.179,44.719,184.484,0.68,-2.451,-93.121,-2.434,-94.94,0.629,temp_g17_03_0001,bi-obj/run12/g18/g18_12.pdb.sc
540.0,795.8280671834946,1.4737556799694345,3.3064956665039062,0.0,1.4737556799694345,140.0,80.35601484775543,0.5739715346268245,2.5292952060699463,3.3344637504645758,3.9084352850914,44.0,10.603832244873047,0.24099618738347833,0.897799015045166,4.296344236894087,4.5373404242775655,90.95984709262848,184.0,38,38,278,263,541,run12_g18_g18_13,bi-obj/run12/g18/g18_13.pdb,-490.284,-1.823,-55.947,-2.525,-45.476,-2.053,1147.269,2215.538,1068.269,19.0,-0.826,-1292.776,203.453,-333.221,2.171,32.039,140.474,752.639,0.242,-48.014,-62.07,-23.923,-57.785,12.0,-34.76,269.0,80.0,43.586,-52.684,0.754,-2.717,30.061,36.474,174.25,0.659,-2.541,-96.558,-2.877,-120.82,0.629,temp_g18_10_0001,bi-obj/run12/g18/g18_13.pdb.sc
552.0,810.9544849395752,1.4691204437311145,3.135190963745117,0.0,1.4691204437311145,149.0,87.71104967594147,0.5886647629257816,2.1777970790863037,3.2822202780102723,3.870885040936054,50.0,12.67393684387207,0.2534787368774414,1.252683162689209,4.281653614044189,4.535132350921631,100.38498651981354,199.0,38,39,283,270,553,run12_g18_g18_14,bi-obj/run12/g18/g18_14.pdb,-504.56,-1.876,-55.268,-2.48,-48.119,-2.159,1190.79,2228.305,1037.515,33.0,-0.826,-1301.411,199.799,-329.508,2.208,30.513,141.541,759.467,0.218,-51.439,-64.095,-25.067,-58.668,10.0,-34.949,269.0,78.0,42.615,-51.142,0.715,-2.865,26.939,37.674,171.216,0.681,-2.777,-102.754,-2.945,-120.733,0.574,temp_g17_13_0001,bi-obj/run12/g18/g18_14.pdb.sc
548.0,806.4107414484024,1.4715524478985444,3.138267755508423,0.0,1.4715524478985444,141.0,81.99520671367645,0.5815262887494784,2.3746395111083984,3.3208537127109286,3.902380001460407,40.0,10.681714296340942,0.26704285740852357,0.7588968276977539,4.3837884902954105,4.650831347703933,92.6769210100174,181.0,38,39,277,272,549,run12_g18_g18_15,bi-obj/run12/g18/g18_15.pdb,-438.599,-1.63,-43.672,-1.916,-28.616,-1.255,1159.93,2279.677,1119.747,34.0,-1.844,-1286.302,214.309,-319.766,2.135,31.207,151.776,754.645,0.256,-49.014,-59.803,-25.911,-56.586,8.0,-35.106,269.0,80.0,47.721,-51.547,0.776,-2.321,24.612,44.897,175.376,0.657,-1.84,-71.775,-2.778,-113.893,0.602,temp_g18_13_0001,bi-obj/run12/g18/g18_15.pdb.sc
550.0,808.43643450737,1.4698844263770363,3.467961549758911,0.0,1.4698844263770363,143.0,83.07459902763367,0.5809412519414942,3.0250284671783447,3.3254659759414777,3.9064072278829722,40.0,10.747817754745483,0.2686954438686371,0.9731302261352539,4.344518119096756,4.613213562965393,93.82241678237915,183.0,38,40,274,277,551,run12_g18_g18_16,bi-obj/run12/g18/g18_16.pdb,-509.701,-1.895,-55.111,-2.452,-47.495,-2.113,1100.839,2247.746,1146.907,20.0,-1.771,-1293.387,201.049,-343.595,2.18,30.119,145.365,752.863,0.287,-53.744,-66.326,-28.927,-58.179,12.0,-33.27,269.0,75.0,38.895,-48.036,0.739,-2.915,28.094,40.271,177.945,0.688,-2.56,-92.164,-3.243,-126.47,0.752,temp_g18_14_0001,bi-obj/run12/g18/g18_16.pdb.sc
540.0,796.3615109920502,1.474743538874167,3.7007558345794678,0.0,1.474743538874167,137.0,80.60738325119019,0.5883750602276656,2.9929299354553223,3.368475522438105,3.9568505826657705,40.0,10.874977111816406,0.27187442779541016,0.9720563888549805,4.444083964824676,4.715958392620086,91.48236036300659,177.0,38,40,264,277,541,run12_g18_g18_17,bi-obj/run12/g18/g18_17.pdb,-497.587,-1.85,-57.454,-2.548,-50.228,-2.227,1131.656,2254.974,1123.319,22.0,-1.776,-1274.625,196.188,-332.339,2.152,28.852,140.383,740.414,0.27,-50.658,-66.139,-27.896,-58.859,12.0,-33.698,269.0,75.0,38.247,-47.116,0.748,-2.763,28.11,40.558,180.017,0.674,-2.576,-92.748,-2.935,-114.457,0.597,temp_g18_11_0001,bi-obj/run12/g18/g18_17.pdb.sc
520.0,766.9668605327606,1.4749362702553088,3.3476171493530273,0.0,1.4749362702553088,138.0,78.68856394290924,0.5702069850935452,2.536942720413208,3.343620769355608,3.9138277544491533,40.0,8.576105117797852,0.2144026279449463,0.8909955024719238,4.49823482632637,4.7126374542713165,87.26466906070709,178.0,38,39,250,271,521,run12_g18_g18_18,bi-obj/run12/g18/g18_18.pdb,-477.17,-1.774,-58.277,-2.683,-49.111,-2.261,1105.607,2172.112,1066.505,23.0,-0.942,-1259.401,202.567,-328.858,2.07,29.521,140.387,746.79,0.245,-51.931,-66.528,-22.271,-58.743,12.0,-34.443,269.0,78.0,36.525,-56.247,0.618,-2.439,29.648,41.212,172.905,0.686,-2.182,-82.926,-2.683,-107.34,0.569,temp_g17_22_0001,bi-obj/run12/g18/g18_18.pdb.sc
538.0,792.8409847021103,1.4736821276990897,3.099545478820801,0.0,1.4736821276990897,143.0,87.35907328128815,0.6109026103586583,2.2255237102508545,3.338744284389736,3.9496468947483945,43.0,11.70803165435791,0.2722798059153002,0.897799015045166,4.336878793184147,4.609158599099447,99.06710493564606,186.0,38,38,276,263,539,run12_g18_g18_19,bi-obj/run12/g18/g18_19.pdb,-484.459,-1.801,-55.645,-2.436,-48.307,-2.115,1139.674,2283.885,1144.211,26.0,-0.826,-1286.328,199.295,-316.44,2.185,31.811,136.791,735.934,0.168,-42.533,-62.341,-25.655,-58.826,9.0,-36.91,269.0,79.0,42.405,-49.391,0.645,-2.736,30.061,40.368,175.375,0.641,-2.674,-101.626,-2.793,-114.523,0.565,temp_g13_08_0001,bi-obj/run12/g18/g18_19.pdb.sc
552.0,813.3834056854248,1.4735206624735957,3.1119563579559326,0.0,1.4735206624735957,146.0,86.19058895111084,0.5903464996651427,2.3746395111083984,3.3056452894864017,3.8959917891515445,45.0,11.858189105987549,0.26351531346638996,0.942631721496582,4.314429103003608,4.577944416469998,98.04877805709839,191.0,38,39,281,272,553,run12_g18_g18_2,bi-obj/run12/g18/g18_2.pdb,-404.149,-1.502,-39.886,-1.722,-22.947,-0.991,1189.796,2316.678,1126.883,37.0,-1.844,-1290.118,217.766,-310.097,2.083,31.892,161.527,745.39,0.313,-46.235,-57.729,-21.406,-54.73,8.0,-36.29,269.0,80.0,52.972,-49.639,0.731,-1.946,24.236,50.12,177.335,0.673,-1.429,-55.743,-2.438,-99.967,0.619,temp_g14_20_0001,bi-obj/run12/g18/g18_2.pdb.sc
538.0,792.9937545061111,1.4739660864425859,3.099545478820801,0.0,1.4739660864425859,142.0,88.50331318378448,0.6232627688998907,2.1675937175750732,3.327781792257873,3.951044561157764,46.0,12.116331338882446,0.2633985073670097,0.9704461097717285,4.353336531182994,4.6167350385500034,100.61964452266693,188.0,38,38,276,263,539,run12_g18_g18_20,bi-obj/run12/g18/g18_20.pdb,-484.082,-1.8,-56.424,-2.505,-49.617,-2.203,1126.17,2252.571,1126.401,27.0,-0.826,-1285.792,197.17,-314.926,2.186,31.912,137.449,734.195,0.166,-43.483,-62.699,-22.966,-58.853,9.0,-36.394,269.0,77.0,42.797,-49.546,0.701,-2.764,30.196,39.557,175.375,0.639,-2.724,-100.795,-2.8,-111.997,0.565,temp_g17_17_0001,bi-obj/run12/g18/g18_20.pdb.sc
551.0,810.5327695608139,1.4710213603644535,3.1119563579559326,0.0,1.4710213603644535,143.0,84.75765860080719,0.592710899306344,2.406137228012085,3.2728699262325582,3.865580825538902,43.0,11.191396951675415,0.2602650453878004,0.8450937271118164,4.265877535176831,4.526142580564632,95.9490555524826,186.0,38,39,280,272,552,run12_g18_g18_21,bi-obj/run12/g18/g18_21.pdb,-427.394,-1.589,-42.215,-1.831,-28.906,-1.254,1167.87,2305.208,1137.339,35.0,-0.826,-1284.113,211.861,-314.443,2.086,32.158,155.711,750.943,0.246,-49.879,-57.94,-21.575,-54.928,8.0,-34.906,269.0,80.0,46.84,-50.626,0.761,-2.128,24.343,46.449,170.858,0.686,-1.715,-66.867,-2.522,-103.397,0.594,temp_g18_07_0001,bi-obj/run12/g18/g18_21.pdb.sc
532.0,784.9797103404999,1.4755257713167291,3.302917718887329,0.0,1.4755257713167291,141.0,87.74768686294556,0.6223240203045785,2.9951658248901367,3.336463299203426,3.9587873195080046,42.0,11.888750314712524,0.28306548368363155,0.9709315299987793,4.352531921295893,4.635597404979524,99.63643717765808,183.0,38,38,270,263,533,run12_g18_g18_22,bi-obj/run12/g18/g18_22.pdb,-490.314,-1.823,-55.472,-2.517,-48.169,-2.186,1120.516,2203.813,1083.297,23.0,-0.826,-1281.369,195.919,-324.149,2.172,30.801,137.334,734.695,0.171,-42.385,-62.717,-25.652,-58.842,9.0,-35.202,269.0,79.0,41.812,-49.491,0.687,-2.742,28.463,39.993,178.564,0.65,-2.704,-102.752,-2.777,-113.863,0.567,temp_g18_04_0001,bi-obj/run12/g18/g18_22.pdb.sc
536.0,790.6891901493073,1.4751663995322897,3.298677682876587,0.0,1.4751663995322897,144.0,87.56069076061249,0.6080603525042534,2.2255237102508545,3.3639686298039226,3.972028982308176,42.0,11.901241302490234,0.28336288815452937,0.9709315299987793,4.354930224872771,4.6382931130273,99.46193206310272,186.0,38,38,274,263,537,run12_g18_g18_23,bi-obj/run12/g18/g18_23.pdb,-490.616,-1.824,-55.652,-2.444,-48.344,-2.123,1131.575,2276.772,1145.197,25.0,-0.826,-1283.079,197.279,-324.07,2.172,31.087,136.56,736.544,0.17,-42.42,-62.882,-25.708,-58.646,9.0,-35.32,269.0,79.0,42.551,-50.275,0.657,-2.747,30.061,39.365,176.426,0.628,-2.657,-100.964,-2.83,-116.028,0.565,temp_g17_21_0001,bi-obj/run12/g18/g18_23.pdb.sc
520.0,766.9703433513641,1.4749429679833925,3.34932017326355,0.0,1.4749429679833925,136.0,82.13131582736969,0.6039067340247771,2.4630353450775146,3.316523633459035,3.9204303674838124,38.0,7.806516170501709,0.20543463606583445,0.9008288383483887,4.544872528628299,4.750307164694133,89.9378319978714,174.0,38,39,250,271,521,run12_g18_g18_24,bi-obj/run12/g18/g18_24.pdb,-471.747,-1.754,-55.686,-2.597,-49.786,-2.322,1048.712,2144.344,1095.632,21.0,-0.942,-1256.311,192.743,-314.844,2.064,29.418,135.566,733.601,0.246,-52.096,-64.062,-20.706,-59.041,13.0,-35.598,269.0,78.0,35.334,-51.728,0.603,-2.338,37.846,41.63,174.774,0.698,-2.357,-89.565,-2.32,-92.802,0.605,temp_g18_00_0001,bi-obj/run12/g18/g18_24.pdb.sc
546.0,805.3021062612534,1.474912282529768,3.373741388320923,0.0,1.474912282529768,143.0,85.77603101730347,0.5998323847363879,2.4852120876312256,3.329668942031327,3.929501326767715,41.0,12.415513753890991,0.3028174086314876,1.0269365310668945,4.319204987549201,4.622022396180688,98.19154477119446,184.0,38,39,275,272,547,run12_g18_g18_3,bi-obj/run12/g18/g18_3.pdb,-438.669,-1.631,-48.878,-2.153,-36.296,-1.599,1184.168,2270.537,1086.369,36.0,-1.844,-1281.685,203.643,-306.255,2.184,31.706,145.457,728.979,0.196,-44.598,-61.172,-21.569,-55.542,8.0,-34.805,269.0,78.0,48.484,-49.538,0.705,-2.269,30.823,45.02,181.367,0.65,-2.052,-75.924,-2.465,-101.08,0.675,temp_g15_18_0001,bi-obj/run12/g18/g18_3.pdb.sc
524.0,775.3662136793137,1.4797065146551787,3.4005658626556396,0.0,1.4797065146551787,134.0,78.21536302566528,0.5836967389975021,2.378483295440674,3.3574016823697446,3.9410984213672466,40.0,10.098272800445557,0.2524568200111389,1.016404628753662,4.376026475429535,4.628483295440674,88.31363582611084,174.0,38,38,261,264,525,run12_g18_g18_4,bi-obj/run12/g18/g18_4.pdb,-486.705,-1.809,-59.604,-2.66,-51.89,-2.316,1255.155,2240.452,985.297,25.0,-1.835,-1269.831,193.614,-312.065,2.175,30.204,132.758,713.554,0.206,-51.78,-62.767,-21.042,-57.106,12.0,-34.661,269.0,78.0,37.39,-49.582,0.668,-2.619,33.657,44.234,185.767,0.685,-2.623,-99.682,-2.614,-104.561,0.613,temp_g18_01_0001,bi-obj/run12/g18/g18_4.pdb.sc
523.0,772.9199420213699,1.4778583977464053,3.353508949279785,0.0,1.4778583977464053,142.0,82.83923399448395,0.5833748872850982,2.4338583946228027,3.329401495591016,3.912776382876114,39.0,11.770588159561157,0.30180995280926043,0.843773365020752,4.326084479307517,4.627894432116777,94.6098221540451,181.0,38,38,261,263,524,run12_g18_g18_5,bi-obj/run12/g18/g18_5.pdb,-504.184,-1.874,-62.361,-2.851,-55.184,-2.523,1150.871,2187.459,1036.589,21.0,-1.884,-1265.841,195.161,-322.714,2.12,30.01,134.116,729.825,0.221,-50.829,-65.048,-23.728,-59.397,12.0,-35.64,269.0,79.0,35.972,-52.759,0.654,-2.967,27.841,40.486,177.355,0.631,-2.921,-105.138,-3.006,-129.243,0.771,temp_g17_00_0001,bi-obj/run12/g18/g18_5.pdb.sc
552.0,812.5742229223251,1.4720547516708788,3.1119563579559326,0.0,1.4720547516708788,145.0,85.30420804023743,0.5883048830361202,2.3746395111083984,3.294737062783077,3.883041945819197,45.0,11.253708124160767,0.25008240275912813,0.8450937271118164,4.302039162317912,4.55212156507704,96.5579161643982,190.0,38,39,281,272,553,run12_g18_g18_6,bi-obj/run12/g18/g18_6.pdb,-409.008,-1.52,-41.699,-1.795,-24.149,-1.039,1184.835,2323.421,1138.585,35.0,-0.826,-1285.606,215.792,-312.052,2.098,31.996,160.276,748.045,0.3,-46.808,-57.853,-21.418,-54.965,8.0,-35.096,269.0,80.0,51.071,-50.888,0.745,-2.007,24.343,48.499,173.791,0.676,-1.458,-56.874,-2.529,-103.671,0.591,temp_g17_23_0001,bi-obj/run12/g18/g18_6.pdb.sc
534.0,787.2533031702042,1.4742571220415808,3.1246612071990967,0.0,1.4742571220415808,141.0,88.98734271526337,0.6311159057820097,3.0365397930145264,3.3195207888352956,3.9506366946173053,45.0,12.214914560317993,0.2714425457848443,0.9704461097717285,4.332213560740153,4.603656106524998,101.20225727558136,186.0,38,38,272,263,535,run12_g18_g18_7,bi-obj/run12/g18/g18_7.pdb,-488.431,-1.816,-56.301,-2.56,-49.539,-2.252,1131.358,2199.478,1068.12,25.0,-0.826,-1285.372,195.313,-322.792,2.203,31.562,137.828,736.288,0.166,-43.439,-62.755,-22.865,-58.928,9.0,-35.103,269.0,76.0,42.344,-48.982,0.727,-2.787,29.076,39.935,177.513,0.656,-2.74,-101.393,-2.832,-110.435,0.567,temp_g18_22_0001,bi-obj/run12/g18/g18_7.pdb.sc
517.0,763.7462019920349,1.477265381029081,3.446108818054199,0.0,1.477265381029081,138.0,81.19330036640167,0.5883572490318961,2.5085625648498535,3.305259028206701,3.893616277238597,39.0,10.937574863433838,0.28045063752394456,0.8177499771118164,4.271077639017349,4.551528276541294,92.13087522983551,177.0,38,37,263,255,518,run12_g18_g18_8,bi-obj/run12/g18/g18_8.pdb,-481.449,-1.79,-59.431,-2.658,-51.26,-2.293,1179.773,2235.998,1056.225,18.0,-1.86,-1275.233,197.963,-321.155,2.192,29.887,141.378,737.389,0.251,-51.133,-65.112,-24.531,-59.234,13.0,-35.106,269.0,78.0,37.061,-50.54,0.658,-2.823,39.426,40.065,176.267,0.678,-2.791,-100.459,-2.851,-119.747,0.825,temp_g18_12_0001,bi-obj/run12/g18/g18_8.pdb.sc
520.0,766.9004969596863,1.4748086479993967,3.3590517044067383,0.0,1.4748086479993967,139.0,80.71194291114807,0.5806614597924322,2.5400915145874023,3.3343705376275152,3.9150319974199475,44.0,8.1405348777771,0.1850121563131159,0.9197077751159668,4.494215017015284,4.6792271733284,88.85247778892517,183.0,38,38,257,264,521,run12_g18_g18_9,bi-obj/run12/g18/g18_9.pdb,-466.592,-1.735,-53.973,-2.539,-44.348,-2.086,1041.851,2126.017,1084.165,26.0,-0.942,-1264.555,203.167,-324.762,2.033,30.138,141.051,743.653,0.245,-52.718,-65.184,-21.488,-58.065,11.0,-34.222,269.0,76.0,37.539,-52.745,0.695,-2.382,37.361,41.363,171.247,0.67,-2.156,-79.758,-2.597,-101.286,0.538,temp_g18_15_0001,bi-obj/run12/g18/g18_9.pdb.sc
520.0,767.0149985551834,1.4750288433753527,3.34932017326355,0.0,1.4750288433753527,136.0,82.12793803215027,0.6038818972952226,2.4630353450775146,3.316103333936018,3.919985231231241,38.0,7.891345739364624,0.20766699314117432,0.9008288383483887,4.545241374718516,4.75290836785969,90.01928377151489,174.0,38,39,250,271,521,run12_g19_g19_0,bi-obj/run12/g19/g19_0.pdb,-471.728,-1.754,-55.475,-2.58,-49.642,-2.309,1045.983,2150.385,1104.403,23.0,-0.942,-1256.042,192.723,-314.843,2.067,29.416,135.588,733.342,0.247,-52.062,-63.975,-20.699,-59.047,13.0,-35.615,269.0,78.0,35.358,-51.893,0.632,-2.337,37.846,41.677,174.774,0.696,-2.352,-89.378,-2.322,-92.881,0.602,temp_g16_16_0001,bi-obj/run12/g19/g19_0.pdb.sc
540.0,795.8280671834946,1.4737556799694345,3.3064956665039062,0.0,1.4737556799694345,140.0,80.35601484775543,0.5739715346268245,2.5292952060699463,3.3344637504645758,3.9084352850914,44.0,10.603832244873047,0.24099618738347833,0.897799015045166,4.296344236894087,4.5373404242775655,90.95984709262848,184.0,38,38,278,263,541,run12_g19_g19_1,bi-obj/run12/g19/g19_1.pdb,-490.284,-1.823,-55.947,-2.525,-45.476,-2.053,1147.269,2215.538,1068.269,19.0,-0.826,-1292.776,203.453,-333.221,2.171,32.039,140.474,752.639,0.242,-48.014,-62.07,-23.923,-57.785,12.0,-34.76,269.0,80.0,43.586,-52.684,0.754,-2.717,30.061,36.474,174.25,0.659,-2.541,-96.558,-2.877,-120.82,0.629,temp_g18_10_0001,bi-obj/run12/g19/g19_1.pdb.sc
550.0,808.3864464759827,1.4697935390472412,3.467961549758911,0.0,1.4697935390472412,143.0,83.0300645828247,0.5806298222575155,3.0250284671783447,3.325338435339761,3.9059682575972765,40.0,10.766472101211548,0.2691618025302887,0.9731302261352539,4.344183629751205,4.613345432281494,93.79653668403625,183.0,38,40,274,277,551,run12_g19_g19_10,bi-obj/run12/g19/g19_10.pdb,-509.489,-1.894,-55.161,-2.457,-47.843,-2.131,1100.327,2244.914,1144.587,20.0,-1.771,-1293.54,200.836,-343.642,2.182,30.127,145.329,752.97,0.285,-53.756,-66.186,-28.922,-58.25,12.0,-33.311,269.0,75.0,39.42,-48.001,0.773,-2.912,28.094,40.233,177.945,0.689,-2.552,-91.869,-3.244,-126.514,0.752,temp_g19_16_0001,bi-obj/run12/g19/g19_10.pdb.sc
520.0,767.0024050474167,1.475004625091186,3.34932017326355,0.0,1.475004625091186,135.0,82.37381529808044,0.6101764096154108,2.358733654022217,3.317614933296486,3.9277913429118967,36.0,7.806258916854858,0.21684052546819052,0.9008288383483887,4.507726344797346,4.724566870265537,90.1800742149353,171.0,38,39,250,271,521,run12_g19_g19_11,bi-obj/run12/g19/g19_11.pdb,-472.051,-1.755,-55.824,-2.6,-50.335,-2.344,1055.238,2147.393,1092.155,21.0,-0.942,-1257.072,192.396,-314.999,2.088,29.417,135.959,734.123,0.254,-52.156,-63.957,-20.675,-59.178,13.0,-35.689,269.0,78.0,35.754,-51.805,0.642,-2.334,37.846,41.465,174.774,0.708,-2.356,-89.536,-2.314,-92.551,0.602,temp_g19_00_0001,bi-obj/run12/g19/g19_11.pdb.sc
552.0,813.3834056854248,1.4735206624735957,3.1119563579559326,0.0,1.4735206624735957,146.0,86.19058895111084,0.5903464996651427,2.3746395111083984,3.3056452894864017,3.8959917891515445,45.0,11.858189105987549,0.26351531346638996,0.942631721496582,4.314429103003608,4.577944416469998,98.04877805709839,191.0,38,39,281,272,553,run12_g19_g19_12,bi-obj/run12/g19/g19_12.pdb,-404.149,-1.502,-39.886,-1.722,-22.947,-0.991,1189.796,2316.678,1126.883,37.0,-1.844,-1290.118,217.766,-310.097,2.083,31.892,161.527,745.39,0.313,-46.235,-57.729,-21.406,-54.73,8.0,-36.29,269.0,80.0,52.972,-49.639,0.731,-1.946,24.236,50.12,177.335,0.673,-1.429,-55.743,-2.438,-99.967,0.619,temp_g14_20_0001,bi-obj/run12/g19/g19_12.pdb.sc
514.0,759.2350906133652,1.477111071232228,3.446108818054199,0.0,1.477111071232228,136.0,80.44553697109222,0.5915113012580311,2.5085625648498535,3.305321166620535,3.896832467878566,38.0,10.949534177780151,0.2881456362573724,0.8177499771118164,4.272831013328151,4.560976649585523,91.39507114887238,174.0,38,37,260,255,515,run12_g19_g19_13,bi-obj/run12/g19/g19_13.pdb,-476.379,-1.771,-59.6,-2.673,-51.182,-2.296,1178.369,2229.351,1050.982,18.0,-1.86,-1271.284,197.98,-320.052,2.19,29.896,140.618,735.294,0.251,-51.307,-65.252,-22.96,-59.231,13.0,-34.907,269.0,78.0,36.658,-49.304,0.67,-2.802,39.426,40.98,175.914,0.679,-2.792,-100.511,-2.81,-118.034,0.825,temp_g19_08_0001,bi-obj/run12/g19/g19_13.pdb.sc
522.0,769.0850573778152,1.4733430217965808,3.3055760860443115,0.0,1.4733430217965808,138.0,81.66986179351807,0.5918105927066527,2.5400915145874023,3.328654356624769,3.920464949331422,42.0,8.201208591461182,0.19526687122526623,0.927607536315918,4.471756333396549,4.667023204621815,89.87107038497925,180.0,38,38,259,264,523,run12_g19_g19_14,bi-obj/run12/g19/g19_14.pdb,-469.998,-1.747,-53.966,-2.515,-42.626,-1.986,1110.838,2146.022,1035.184,24.0,-0.942,-1270.167,204.655,-327.921,2.049,30.239,141.959,749.627,0.269,-54.821,-65.293,-20.894,-57.939,11.0,-33.391,269.0,76.0,37.793,-51.678,0.707,-2.459,35.545,40.434,170.16,0.692,-2.302,-85.165,-2.607,-101.684,0.588,temp_g19_09_0001,bi-obj/run12/g19/g19_14.pdb.sc
524.0,775.3662136793137,1.4797065146551787,3.4005658626556396,0.0,1.4797065146551787,134.0,78.21536302566528,0.5836967389975021,2.378483295440674,3.3574016823697446,3.9410984213672466,40.0,10.098272800445557,0.2524568200111389,1.016404628753662,4.376026475429535,4.628483295440674,88.31363582611084,174.0,38,38,261,264,525,run12_g19_g19_15,bi-obj/run12/g19/g19_15.pdb,-486.705,-1.809,-59.604,-2.66,-51.89,-2.316,1255.155,2240.452,985.297,25.0,-1.835,-1269.831,193.614,-312.065,2.175,30.204,132.758,713.554,0.206,-51.78,-62.767,-21.042,-57.106,12.0,-34.661,269.0,78.0,37.39,-49.582,0.668,-2.619,33.657,44.234,185.767,0.685,-2.623,-99.682,-2.614,-104.561,0.613,temp_g18_01_0001,bi-obj/run12/g19/g19_15.pdb.sc
552.0,812.5742229223251,1.4720547516708788,3.1119563579559326,0.0,1.4720547516708788,145.0,85.30420804023743,0.5883048830361202,2.3746395111083984,3.294737062783077,3.883041945819197,45.0,11.253708124160767,0.25008240275912813,0.8450937271118164,4.302039162317912,4.55212156507704,96.5579161643982,190.0,38,39,281,272,553,run12_g19_g19_16,bi-obj/run12/g19/g19_16.pdb,-409.008,-1.52,-41.699,-1.795,-24.149,-1.039,1184.835,2323.421,1138.585,35.0,-0.826,-1285.606,215.792,-312.052,2.098,31.996,160.276,748.045,0.3,-46.808,-57.853,-21.418,-54.965,8.0,-35.096,269.0,80.0,51.071,-50.888,0.745,-2.007,24.343,48.499,173.791,0.676,-1.458,-56.874,-2.529,-103.671,0.591,temp_g17_23_0001,bi-obj/run12/g19/g19_16.pdb.sc
550.0,808.43643450737,1.4698844263770363,3.467961549758911,0.0,1.4698844263770363,143.0,83.07459902763367,0.5809412519414942,3.0250284671783447,3.3254659759414777,3.9064072278829722,40.0,10.747817754745483,0.2686954438686371,0.9731302261352539,4.344518119096756,4.613213562965393,93.82241678237915,183.0,38,40,274,277,551,run12_g19_g19_17,bi-obj/run12/g19/g19_17.pdb,-509.701,-1.895,-55.111,-2.452,-47.495,-2.113,1100.839,2247.746,1146.907,20.0,-1.771,-1293.387,201.049,-343.595,2.18,30.119,145.365,752.863,0.287,-53.744,-66.326,-28.927,-58.179,12.0,-33.27,269.0,75.0,38.895,-48.036,0.739,-2.915,28.094,40.271,177.945,0.688,-2.56,-92.164,-3.243,-126.47,0.752,temp_g18_14_0001,bi-obj/run12/g19/g19_17.pdb.sc
520.0,768.2215855121613,1.4773492029080024,3.353508949279785,0.0,1.4773492029080024,142.0,82.71189177036285,0.5824781110588934,2.431262969970703,3.326100096736156,3.908578207795049,40.0,11.72807002067566,0.29320175051689146,0.843773365020752,4.336902439594269,4.63010419011116,94.43996179103851,182.0,38,38,258,263,521,run12_g19_g19_18,bi-obj/run12/g19/g19_18.pdb,-505.774,-1.88,-62.466,-2.873,-55.283,-2.543,1170.896,2174.226,1003.33,21.0,-2.031,-1266.386,194.269,-323.867,2.119,29.989,133.375,730.236,0.225,-48.701,-65.897,-22.242,-59.409,12.0,-35.107,269.0,79.0,35.296,-52.291,0.647,-2.822,26.818,40.281,177.002,0.635,-2.941,-105.86,-2.723,-117.068,0.771,temp_g18_06_0001,bi-obj/run12/g19/g19_18.pdb.sc
554.0,815.0057139396667,1.471129447544525,3.1119563579559326,0.0,1.471129447544525,143.0,85.59440553188324,0.598562276446736,2.3746395111083984,3.2758084535598755,3.8743707300066115,44.0,11.216438055038452,0.25491904670541937,1.2244300842285156,4.3550475293939765,4.609966576099396,96.81084358692169,187.0,38,39,283,272,555,run12_g19_g19_19,bi-obj/run12/g19/g19_19.pdb,-434.672,-1.616,-44.295,-1.919,-27.951,-1.211,1163.777,2308.316,1144.539,30.0,-0.826,-1295.382,214.517,-318.135,2.125,32.171,160.42,752.922,0.304,-48.13,-58.538,-23.958,-55.324,9.0,-34.27,269.0,80.0,45.467,-52.818,0.656,-2.226,26.517,45.228,172.703,0.652,-1.719,-67.025,-2.709,-111.089,0.639,temp_g19_06_0001,bi-obj/run12/g19/g19_19.pdb.sc
538.0,792.9937545061111,1.4739660864425859,3.099545478820801,0.0,1.4739660864425859,142.0,88.50331318378448,0.6232627688998907,2.1675937175750732,3.327781792257873,3.951044561157764,46.0,12.116331338882446,0.2633985073670097,0.9704461097717285,4.353336531182994,4.6167350385500034,100.61964452266693,188.0,38,38,276,263,539,run12_g19_g19_2,bi-obj/run12/g19/g19_2.pdb,-484.082,-1.8,-56.424,-2.505,-49.617,-2.203,1126.17,2252.571,1126.401,27.0,-0.826,-1285.792,197.17,-314.926,2.186,31.912,137.449,734.195,0.166,-43.483,-62.699,-22.966,-58.853,9.0,-36.394,269.0,77.0,42.797,-49.546,0.701,-2.764,30.196,39.557,175.375,0.639,-2.724,-100.795,-2.8,-111.997,0.565,temp_g17_17_0001,bi-obj/run12/g19/g19_2.pdb.sc
523.0,772.9199420213699,1.4778583977464053,3.353508949279785,0.0,1.4778583977464053,142.0,82.83923399448395,0.5833748872850982,2.4338583946228027,3.329401495591016,3.912776382876114,39.0,11.770588159561157,0.30180995280926043,0.843773365020752,4.326084479307517,4.627894432116777,94.6098221540451,181.0,38,38,261,263,524,run12_g19_g19_20,bi-obj/run12/g19/g19_20.pdb,-504.184,-1.874,-62.361,-2.851,-55.184,-2.523,1150.871,2187.459,1036.589,21.0,-1.884,-1265.841,195.161,-322.714,2.12,30.01,134.116,729.825,0.221,-50.829,-65.048,-23.728,-59.397,12.0,-35.64,269.0,79.0,35.972,-52.759,0.654,-2.967,27.841,40.486,177.355,0.631,-2.921,-105.138,-3.006,-129.243,0.771,temp_g17_00_0001,bi-obj/run12/g19/g19_20.pdb.sc
522.0,769.6379047632217,1.4744021164046393,3.3500289916992188,0.0,1.4744021164046393,135.0,78.5244653224945,0.5816627060925519,2.536942720413208,3.331556955973307,3.9132196620658593,39.0,8.188275337219238,0.20995577787741637,0.7626256942749023,4.550156678908911,4.760112456786326,86.71274065971375,174.0,38,39,252,271,523,run12_g19_g19_21,bi-obj/run12/g19/g19_21.pdb,-476.225,-1.77,-55.798,-2.52,-45.823,-2.069,1109.333,2214.528,1105.195,22.0,-0.942,-1263.781,203.214,-328.346,2.057,29.59,143.051,749.927,0.264,-52.241,-67.305,-22.465,-58.72,12.0,-33.394,269.0,75.0,38.397,-56.406,0.63,-2.458,28.219,40.515,171.817,0.689,-2.228,-80.22,-2.67,-104.118,0.591,temp_g19_18_0001,bi-obj/run12/g19/g19_21.pdb.sc
538.0,792.8409847021103,1.4736821276990897,3.099545478820801,0.0,1.4736821276990897,143.0,87.35907328128815,0.6109026103586583,2.2255237102508545,3.338744284389736,3.9496468947483945,43.0,11.70803165435791,0.2722798059153002,0.897799015045166,4.336878793184147,4.609158599099447,99.06710493564606,186.0,38,38,276,263,539,run12_g19_g19_22,bi-obj/run12/g19/g19_22.pdb,-484.459,-1.801,-55.645,-2.436,-48.307,-2.115,1139.674,2283.885,1144.211,26.0,-0.826,-1286.328,199.295,-316.44,2.185,31.811,136.791,735.934,0.168,-42.533,-62.341,-25.655,-58.826,9.0,-36.91,269.0,79.0,42.405,-49.391,0.645,-2.736,30.061,40.368,175.375,0.641,-2.674,-101.626,-2.793,-114.523,0.565,temp_g13_08_0001,bi-obj/run12/g19/g19_22.pdb.sc
554.0,816.6728130578995,1.4741386517290604,3.291389226913452,0.0,1.4741386517290604,146.0,86.07696306705475,0.5895682401853065,2.4852120876312256,3.3245114014573294,3.914079641642636,45.0,12.727596998214722,0.28283548884921605,1.0269365310668945,4.288406409157647,4.571241898006863,98.80456006526947,191.0,38,39,283,272,555,run12_g19_g19_23,bi-obj/run12/g19/g19_23.pdb,-441.654,-1.642,-47.834,-2.122,-37.068,-1.644,1169.464,2254.32,1084.856,37.0,-1.893,-1287.897,205.827,-307.85,2.207,32.779,146.88,730.766,0.174,-42.934,-62.489,-22.249,-55.722,7.0,-34.767,269.0,76.0,49.71,-50.428,0.7,-2.303,32.233,42.343,181.151,0.645,-2.089,-77.303,-2.505,-97.702,0.677,temp_g19_03_0001,bi-obj/run12/g19/g19_23.pdb.sc
552.0,810.9544849395752,1.4691204437311145,3.135190963745117,0.0,1.4691204437311145,149.0,87.71104967594147,0.5886647629257816,2.1777970790863037,3.2822202780102723,3.870885040936054,50.0,12.67393684387207,0.2534787368774414,1.252683162689209,4.281653614044189,4.535132350921631,100.38498651981354,199.0,38,39,283,270,553,run12_g19_g19_24,bi-obj/run12/g19/g19_24.pdb,-504.56,-1.876,-55.268,-2.48,-48.119,-2.159,1190.79,2228.305,1037.515,33.0,-0.826,-1301.411,199.799,-329.508,2.208,30.513,141.541,759.467,0.218,-51.439,-64.095,-25.067,-58.668,10.0,-34.949,269.0,78.0,42.615,-51.142,0.715,-2.865,26.939,37.674,171.216,0.681,-2.777,-102.754,-2.945,-120.733,0.574,temp_g17_13_0001,bi-obj/run12/g19/g19_24.pdb.sc
550.0,807.8220744132996,1.468767408024181,3.135190963745117,0.0,1.468767408024181,148.0,87.38151454925537,0.5904156388463201,2.2367801666259766,3.283617105032947,3.8740327438792668,49.0,12.739068984985352,0.25998099969357863,1.250894546508789,4.2796342713492255,4.539615271042805,100.12058353424072,197.0,38,39,281,270,551,run12_g19_g19_3,bi-obj/run12/g19/g19_3.pdb,-507.879,-1.888,-55.214,-2.526,-48.002,-2.196,1151.187,2185.697,1034.509,31.0,-0.826,-1304.96,198.698,-331.54,2.211,30.228,143.046,761.157,0.219,-51.622,-63.72,-23.699,-58.541,10.0,-35.079,269.0,78.0,41.432,-50.699,0.752,-2.9,25.4,37.793,172.266,0.688,-2.83,-104.721,-2.963,-121.474,0.577,temp_g19_14_0001,bi-obj/run12/g19/g19_3.pdb.sc
536.0,790.6891901493073,1.4751663995322897,3.298677682876587,0.0,1.4751663995322897,144.0,87.56069076061249,0.6080603525042534,2.2255237102508545,3.3639686298039226,3.972028982308176,42.0,11.901241302490234,0.28336288815452937,0.9709315299987793,4.354930224872771,4.6382931130273,99.46193206310272,186.0,38,38,274,263,537,run12_g19_g19_4,bi-obj/run12/g19/g19_4.pdb,-490.616,-1.824,-55.652,-2.444,-48.344,-2.123,1131.575,2276.772,1145.197,25.0,-0.826,-1283.079,197.279,-324.07,2.172,31.087,136.56,736.544,0.17,-42.42,-62.882,-25.708,-58.646,9.0,-35.32,269.0,79.0,42.551,-50.275,0.657,-2.747,30.061,39.365,176.426,0.628,-2.657,-100.964,-2.83,-116.028,0.565,temp_g17_21_0001,bi-obj/run12/g19/g19_4.pdb.sc
532.0,784.9797103404999,1.4755257713167291,3.302917718887329,0.0,1.4755257713167291,141.0,87.74768686294556,0.6223240203045785,2.9951658248901367,3.336463299203426,3.9587873195080046,42.0,11.888750314712524,0.28306548368363155,0.9709315299987793,4.352531921295893,4.635597404979524,99.63643717765808,183.0,38,38,270,263,533,run12_g19_g19_5,bi-obj/run12/g19/g19_5.pdb,-490.314,-1.823,-55.472,-2.517,-48.169,-2.186,1120.516,2203.813,1083.297,23.0,-0.826,-1281.369,195.919,-324.149,2.172,30.801,137.334,734.695,0.171,-42.385,-62.717,-25.652,-58.842,9.0,-35.202,269.0,79.0,41.812,-49.491,0.687,-2.742,28.463,39.993,178.564,0.65,-2.704,-102.752,-2.777,-113.863,0.567,temp_g18_04_0001,bi-obj/run12/g19/g19_5.pdb.sc
520.0,766.9004969596863,1.4748086479993967,3.3590517044067383,0.0,1.4748086479993967,139.0,80.71194291114807,0.5806614597924322,2.5400915145874023,3.3343705376275152,3.9150319974199475,44.0,8.1405348777771,0.1850121563131159,0.9197077751159668,4.494215017015284,4.6792271733284,88.85247778892517,183.0,38,38,257,264,521,run12_g19_g19_6,bi-obj/run12/g19/g19_6.pdb,-466.592,-1.735,-53.973,-2.539,-44.348,-2.086,1041.851,2126.017,1084.165,26.0,-0.942,-1264.555,203.167,-324.762,2.033,30.138,141.051,743.653,0.245,-52.718,-65.184,-21.488,-58.065,11.0,-34.222,269.0,76.0,37.539,-52.745,0.695,-2.382,37.361,41.363,171.247,0.67,-2.156,-79.758,-2.597,-101.286,0.538,temp_g18_15_0001,bi-obj/run12/g19/g19_6.pdb.sc
520.0,766.9668605327606,1.4749362702553088,3.3476171493530273,0.0,1.4749362702553088,138.0,78.68856394290924,0.5702069850935452,2.536942720413208,3.343620769355608,3.9138277544491533,40.0,8.576105117797852,0.2144026279449463,0.8909955024719238,4.49823482632637,4.7126374542713165,87.26466906070709,178.0,38,39,250,271,521,run12_g19_g19_7,bi-obj/run12/g19/g19_7.pdb,-477.17,-1.774,-58.277,-2.683,-49.111,-2.261,1105.607,2172.112,1066.505,23.0,-0.942,-1259.401,202.567,-328.858,2.07,29.521,140.387,746.79,0.245,-51.931,-66.528,-22.271,-58.743,12.0,-34.443,269.0,78.0,36.525,-56.247,0.618,-2.439,29.648,41.212,172.905,0.686,-2.182,-82.926,-2.683,-107.34,0.569,temp_g17_22_0001,bi-obj/run12/g19/g19_7.pdb.sc
551.0,810.5327695608139,1.4710213603644535,3.1119563579559326,0.0,1.4710213603644535,143.0,84.75765860080719,0.592710899306344,2.406137228012085,3.2728699262325582,3.865580825538902,43.0,11.191396951675415,0.2602650453878004,0.8450937271118164,4.265877535176831,4.526142580564632,95.9490555524826,186.0,38,39,280,272,552,run12_g19_g19_8,bi-obj/run12/g19/g19_8.pdb,-427.394,-1.589,-42.215,-1.831,-28.906,-1.254,1167.87,2305.208,1137.339,35.0,-0.826,-1284.113,211.861,-314.443,2.086,32.158,155.711,750.943,0.246,-49.879,-57.94,-21.575,-54.928,8.0,-34.906,269.0,80.0,46.84,-50.626,0.761,-2.128,24.343,46.449,170.858,0.686,-1.715,-66.867,-2.522,-103.397,0.594,temp_g18_07_0001,bi-obj/run12/g19/g19_8.pdb.sc
534.0,787.9436565637589,1.4755499186587244,3.6771395206451416,0.0,1.4755499186587244,135.0,79.31379127502441,0.5875095650001808,2.6391196250915527,3.373073837492201,3.960583402492382,37.0,10.680761575698853,0.2886692317756447,0.9720563888549805,4.482126184411951,4.770795416187596,89.99455285072327,172.0,38,40,258,277,535,run12_g19_g19_9,bi-obj/run12/g19/g19_9.pdb,-492.702,-1.832,-57.779,-2.567,-50.602,-2.249,1129.604,2250.433,1120.829,22.0,-1.772,-1266.465,195.352,-333.45,2.128,28.38,141.509,741.324,0.266,-52.207,-66.568,-27.84,-59.431,12.0,-33.714,269.0,75.0,36.201,-48.087,0.721,-2.692,31.478,40.727,179.145,0.682,-2.569,-92.472,-2.805,-109.407,0.588,temp_g19_17_0001,bi-obj/run12/g19/g19_9.pdb.sc
556.0,819.7854923009872,1.4744343386708403,3.2878096103668213,0.0,1.4744343386708403,159.0,93.48147964477539,0.5879338342438704,2.410245656967163,3.232724408683537,3.8206582429274074,40.0,12.836777448654175,0.3209194362163544,1.3588294982910156,4.174272376298904,4.495191812515259,106.31825709342957,199.0,38,39,287,270,557,run12_g2_g2_0,bi-obj/run12/g2/g2_0.pdb,-291.863,-1.085,0.518,0.021,28.393,1.174,1209.367,2418.027,1208.66,34.0,-1.903,-1309.748,239.66,-297.487,1.994,31.816,222.138,759.93,-0.243,-33.627,-56.276,-24.698,-52.15,8.0,-36.628,269.0,82.0,76.81,-46.47,0.727,-0.712,2.231,53.66,178.207,0.688,0.037,1.49,-1.425,-59.846,0.678,g0_10_0001,bi-obj/run12/g2/g2_0.pdb.sc
555.0,817.1736775636673,1.4723850046192204,3.2051174640655518,0.0,1.4723850046192204,154.0,88.58489155769348,0.5752265685564512,2.194518804550171,3.288825110955672,3.864051679512123,49.0,11.658610343933105,0.23793082334557358,0.8113036155700684,4.366987607917007,4.604918431262581,100.24350190162659,203.0,38,39,286,270,556,run12_g2_g2_1,bi-obj/run12/g2/g2_1.pdb,-442.448,-1.645,-41.899,-1.757,-33.567,-1.408,1194.185,2384.391,1190.206,30.0,-1.96,-1302.809,220.194,-325.106,2.129,32.903,157.31,759.99,0.291,-44.148,-58.52,-25.824,-56.233,10.0,-35.239,269.0,81.0,54.197,-48.125,0.76,-2.234,9.263,45.078,173.813,0.68,-2.069,-80.683,-2.387,-100.271,0.64,temp_g2_18_0001,bi-obj/run12/g2/g2_1.pdb.sc
553.0,815.7879859209061,1.475204314504351,3.25665545463562,0.0,1.475204314504351,150.0,90.09423208236694,0.6006282138824462,2.410245656967163,3.270757721265157,3.8713859351476034,46.0,11.857277154922485,0.25776689467222796,0.8099894523620605,4.316709622092869,4.574476516765097,101.95150923728943,196.0,38,39,284,270,554,run12_g2_g2_10,bi-obj/run12/g2/g2_10.pdb,-368.535,-1.37,-15.842,-0.677,1.632,0.07,1122.604,2338.423,1215.819,32.0,-1.956,-1303.29,227.856,-314.792,2.082,32.214,191.298,757.73,-4.538,-37.898,-57.989,-24.354,-53.854,9.0,-34.348,269.0,80.0,65.149,-49.254,0.703,-1.533,9.563,47.775,174.9,0.646,-1.022,-37.827,-1.973,-84.85,0.631,temp_g2_02_0001,bi-obj/run12/g2/g2_10.pdb.sc
549.0,809.293238401413,1.4741224743195136,3.2051174640655518,0.0,1.4741224743195136,155.0,89.4682023525238,0.5772142087259601,2.2093358039855957,3.3272909687411403,3.9045051774671,48.0,9.926978826522827,0.20681205888589224,0.8099894523620605,4.367435743411382,4.574247802297275,99.39518117904663,203.0,38,39,280,270,550,run12_g2_g2_11,bi-obj/run12/g2/g2_11.pdb,-437.173,-1.625,-41.898,-1.824,-28.762,-1.252,1162.387,2296.436,1134.049,28.0,-1.956,-1299.921,220.641,-324.867,2.139,32.637,155.604,756.14,0.271,-39.995,-59.661,-25.933,-55.606,9.0,-35.194,269.0,81.0,58.432,-48.679,0.71,-2.266,9.175,43.278,175.976,0.671,-2.046,-77.748,-2.461,-105.826,0.615,temp_g2_03_0001,bi-obj/run12/g2/g2_11.pdb.sc
556.0,819.8947093486786,1.4746307722098535,3.2938930988311768,0.0,1.4746307722098535,159.0,92.05693018436432,0.5789744036752473,2.410245656967163,3.2400920023708224,3.8190664060460695,40.0,12.830971479415894,0.32077428698539734,1.355844497680664,4.175011670589447,4.495785957574844,104.88790166378021,199.0,38,39,287,270,557,run12_g2_g2_12,bi-obj/run12/g2/g2_12.pdb,-292.496,-1.087,2.683,0.114,28.764,1.218,1217.776,2360.593,1142.817,31.0,-1.887,-1310.209,241.055,-299.486,2.005,31.712,221.814,758.264,-0.196,-35.788,-56.438,-21.604,-52.148,7.0,-35.91,269.0,83.0,77.195,-46.511,0.698,-0.724,2.572,53.916,178.207,0.687,0.031,1.231,-1.425,-61.291,0.745,g0_24_0001,bi-obj/run12/g2/g2_12.pdb.sc
561.0,826.7778928279877,1.4737573847201206,3.2051174640655518,0.0,1.4737573847201206,158.0,93.6789585351944,0.5929048008556608,2.410245656967163,3.1781676894501794,3.77107249030584,45.0,14.157074451446533,0.3146016544765896,1.28828763961792,4.127041069666545,4.441642724143135,107.83603298664093,203.0,38,39,292,270,562,run12_g2_g2_13,bi-obj/run12/g2/g2_13.pdb,-155.933,-0.58,74.588,3.099,113.358,4.709,1215.991,2407.156,1191.165,35.0,-1.995,-1327.618,257.231,-291.816,1.96,32.207,301.032,777.39,-0.024,-32.107,-49.521,-20.556,-51.523,5.0,-33.429,269.0,83.0,92.414,-45.788,0.712,0.818,1.946,58.96,174.685,0.681,1.643,64.068,0.088,3.864,0.597,g0_00_0001,bi-obj/run12/g2/g2_13.pdb.sc
546.0,805.4575302600861,1.4751969418682895,3.2857086658477783,0.0,1.4751969418682895,145.0,87.66859209537506,0.6046109799681039,2.5271482467651367,3.291086329262832,3.895697309230936,42.0,9.260140419006348,0.22047953378586543,1.128394603729248,4.44856874148051,4.669048275266375,96.92873251438141,187.0,38,39,277,270,547,run12_g2_g2_14,bi-obj/run12/g2/g2_14.pdb,-417.395,-1.552,-34.119,-1.485,-15.523,-0.676,1197.562,2297.639,1100.077,25.0,-1.85,-1282.664,219.829,-313.72,2.115,31.678,159.038,744.449,0.463,-42.332,-60.561,-22.743,-54.453,9.0,-34.883,269.0,81.0,58.191,-47.164,0.673,-1.991,1.975,46.72,178.41,0.67,-1.739,-67.84,-2.224,-93.425,0.57,temp_g2_09_0001,bi-obj/run12/g2/g2_14.pdb.sc
550.0,811.8002461194992,1.4760004474899986,3.2051174640655518,0.0,1.4760004474899986,146.0,87.69938826560974,0.6006807415452722,2.410245656967163,3.2600617833333474,3.8607425248786194,42.0,11.141373634338379,0.2652708008175805,0.942631721496582,4.272804453259423,4.538075254077003,98.84076189994812,188.0,38,39,281,270,551,run12_g2_g2_15,bi-obj/run12/g2/g2_15.pdb,-346.096,-1.287,-6.249,-0.261,16.143,0.674,1223.846,2393.694,1169.848,37.0,-1.844,-1287.024,226.836,-302.248,2.02,31.245,193.428,747.099,-0.323,-38.502,-56.315,-21.14,-52.5,7.0,-34.708,269.0,82.0,63.703,-47.874,0.708,-1.248,1.98,51.829,177.335,0.664,-0.72,-28.07,-1.727,-74.266,0.585,g0_03_0001,bi-obj/run12/g2/g2_15.pdb.sc
546.0,804.4796139001846,1.4734058862640744,3.285231351852417,0.0,1.4734058862640744,149.0,87.60243034362793,0.5879357741183082,1.9685699939727783,3.2956212414991137,3.8835570156174217,39.0,10.388123035430908,0.266362129113613,1.19453763961792,4.2391832914107885,4.505545420524402,97.99055337905884,188.0,38,39,277,270,547,run12_g2_g2_16,bi-obj/run12/g2/g2_16.pdb,-438.927,-1.632,-49.336,-2.187,-32.889,-1.458,1131.507,2256.329,1124.822,27.0,-1.833,-1300.644,218.078,-322.685,2.09,31.812,155.184,756.818,0.355,-46.149,-62.837,-25.571,-55.524,12.0,-37.418,269.0,78.0,50.587,-48.881,0.738,-2.189,25.063,44.012,178.41,0.703,-1.712,-63.337,-2.62,-107.4,0.56,temp_g2_14_0001,bi-obj/run12/g2/g2_16.pdb.sc
539.0,794.5284433364868,1.4740787445945953,3.450584650039673,0.0,1.4740787445945953,143.0,88.5014317035675,0.6188911307941783,2.262166738510132,3.2518340257497935,3.8707251565439718,45.0,10.82142424583435,0.24047609435187445,1.311859130859375,4.37298256556193,4.613458659913805,99.32285594940186,188.0,38,38,277,263,540,run12_g2_g2_17,bi-obj/run12/g2/g2_17.pdb,-443.803,-1.65,-51.353,-2.355,-35.171,-1.613,982.701,2180.809,1198.108,21.0,-1.856,-1297.922,216.044,-324.571,2.15,31.21,153.517,755.534,0.438,-45.192,-63.918,-29.454,-56.174,16.0,-36.327,269.0,75.0,48.135,-48.651,0.733,-2.285,29.765,44.911,178.41,0.676,-1.886,-67.909,-2.652,-103.441,0.585,temp_g2_10_0001,bi-obj/run12/g2/g2_17.pdb.sc
543.0,800.9518988132477,1.475049537409296,3.450584650039673,0.0,1.475049537409296,147.0,87.81189453601837,0.5973598267756351,2.410245656967163,3.2635505986051494,3.8609104253807844,44.0,11.23512077331543,0.25534365393898706,1.0595102310180664,4.301753894849257,4.557097548788244,99.0470153093338,191.0,38,38,281,263,544,run12_g2_g2_18,bi-obj/run12/g2/g2_18.pdb,-373.173,-1.387,-26.044,-1.13,-4.007,-0.174,1057.507,2305.031,1247.524,24.0,-1.856,-1300.918,220.899,-312.699,2.025,31.16,185.757,759.969,3.574,-42.801,-61.87,-26.565,-54.31,15.0,-36.117,269.0,77.0,55.908,-49.062,0.748,-1.519,29.584,49.8,177.335,0.66,-0.828,-29.818,-2.125,-87.133,0.59,temp_g1_16_0001,bi-obj/run12/g2/g2_18.pdb.sc
546.0,805.1310889720917,1.47459906405145,3.2851128578186035,0.0,1.47459906405145,144.0,90.10953032970428,0.6257606272896131,2.2408134937286377,3.2674090555972524,3.8931696828868656,46.0,9.845116138458252,0.21402426387952722,1.2013659477233887,4.371503436047098,4.585527699926625,99.95464646816254,190.0,38,39,277,270,547,run12_g2_g2_19,bi-obj/run12/g2/g2_19.pdb,-416.695,-1.549,-35.366,-1.583,-19.669,-0.88,1071.751,2234.079,1162.327,25.0,-1.839,-1294.239,227.259,-315.924,2.144,31.549,162.726,750.745,0.434,-41.385,-61.293,-24.559,-54.188,10.0,-36.151,269.0,77.0,58.397,-47.246,0.755,-1.936,2.704,45.632,178.41,0.685,-1.474,-53.057,-2.343,-96.053,0.565,temp_g2_19_0001,bi-obj/run12/g2/g2_19.pdb.sc
539.0,793.3501436710358,1.4718926598720514,3.2523319721221924,0.0,1.4718926598720514,143.0,88.50668740272522,0.6189278839351414,2.2034502029418945,3.310777075640805,3.9297049595759463,46.0,12.234432220458984,0.2659659178360649,0.9930686950683594,4.405317519022071,4.671283436858135,100.7411196231842,189.0,38,38,277,263,540,run12_g2_g2_2,bi-obj/run12/g2/g2_2.pdb,-426.65,-1.586,-17.328,-0.789,-3.916,-0.178,1073.692,2197.085,1123.393,33.0,-1.854,-1282.746,221.936,-322.487,2.201,31.478,164.857,757.155,0.963,-44.011,-57.557,-29.061,-53.21,5.0,-35.559,269.0,79.0,50.679,-50.543,0.672,-2.132,5.621,42.202,173.38,0.617,-1.969,-74.83,-2.283,-93.599,0.869,temp_g1_11_0001,bi-obj/run12/g2/g2_2.pdb.sc
539.0,793.7866307497025,1.4727024689233812,3.2851128578186035,0.0,1.4727024689233812,137.0,83.39826428890228,0.6087464546635203,2.09393572807312,3.3067935061280744,3.9155399607915946,42.0,8.961439609527588,0.21336760975065686,1.2013659477233887,4.344519558407011,4.557887168157668,92.35970389842987,179.0,38,38,277,263,540,run12_g2_g2_20,bi-obj/run12/g2/g2_20.pdb,-434.642,-1.616,-47.498,-2.137,-33.006,-1.485,1106.441,2222.427,1115.986,22.0,-1.839,-1298.17,219.587,-321.785,2.124,32.176,154.077,752.413,0.331,-48.193,-62.504,-23.084,-55.465,12.0,-36.303,269.0,79.0,51.331,-48.781,0.751,-2.173,25.981,44.821,178.41,0.682,-1.716,-63.51,-2.575,-108.138,0.562,temp_g2_13_0001,bi-obj/run12/g2/g2_20.pdb.sc
547.0,805.2282749414444,1.4720809413920373,3.28822660446167,0.0,1.4720809413920373,150.0,90.79090166091919,0.6052726777394613,2.7635252475738525,3.2668473641077678,3.872120041847229,37.0,11.571175575256348,0.3127344750069283,1.4188504219055176,4.279151806960234,4.591886281967163,102.36207723617554,187.0,38,39,278,270,548,run12_g2_g2_21,bi-obj/run12/g2/g2_21.pdb,-432.411,-1.607,-42.582,-1.848,-32.986,-1.432,1106.522,2304.17,1197.648,20.0,-1.882,-1286.758,220.397,-318.892,2.175,31.249,153.94,749.257,0.248,-46.43,-59.917,-20.915,-54.326,10.0,-36.793,269.0,79.0,51.153,-50.139,0.671,-2.237,16.137,41.003,177.774,0.634,-2.038,-79.499,-2.431,-97.223,0.556,temp_g2_01_0001,bi-obj/run12/g2/g2_21.pdb.sc
546.0,806.2514092922211,1.4766509327696355,3.3959436416625977,0.0,1.4766509327696355,153.0,87.8981306552887,0.5744975859822791,2.364414930343628,3.298929027482575,3.8734266134648543,44.0,10.88439679145813,0.24737265435132114,1.2391996383666992,4.332133667035536,4.579506321386858,98.78252744674683,197.0,38,39,277,270,547,run12_g2_g2_22,bi-obj/run12/g2/g2_22.pdb,-433.319,-1.611,-42.0,-1.858,-24.683,-1.092,1199.234,2260.697,1061.463,24.0,-1.89,-1287.302,221.59,-318.841,2.119,31.858,152.728,746.398,0.383,-42.387,-62.045,-24.327,-55.059,11.0,-35.532,269.0,78.0,57.345,-47.692,0.713,-2.155,6.219,44.518,178.41,0.66,-1.869,-67.301,-2.4,-100.807,0.568,temp_g2_05_0001,bi-obj/run12/g2/g2_22.pdb.sc
553.0,815.6822643280029,1.4750131362170036,3.2051174640655518,0.0,1.4750131362170036,152.0,90.39412760734558,0.594698207943063,2.410245656967163,3.2723556537377205,3.867053861680784,48.0,12.77084755897522,0.2660593241453171,0.9065937995910645,4.371554493904114,4.637613818049431,103.1649751663208,200.0,38,39,284,270,554,run12_g2_g2_23,bi-obj/run12/g2/g2_23.pdb,-375.468,-1.396,-20.209,-0.858,0.843,0.036,1168.392,2356.208,1187.816,28.0,-1.808,-1298.45,224.836,-314.761,2.064,32.38,187.19,755.75,-9.131,-38.905,-56.587,-24.05,-53.912,9.0,-34.533,269.0,80.0,62.891,-49.015,0.736,-1.547,9.139,46.754,174.9,0.64,-1.106,-42.01,-1.947,-81.777,0.649,temp_g1_07_0001,bi-obj/run12/g2/g2_23.pdb.sc
546.0,804.4380749464035,1.4733298075941457,3.285231351852417,0.0,1.4733298075941457,147.0,87.43734931945801,0.5948119001323674,1.9645116329193115,3.2902639366331554,3.8850758367655227,38.0,10.402202606201172,0.27374217384739924,1.19453763961792,4.226294567710475,4.500036741557874,97.83955192565918,185.0,38,39,277,270,547,run12_g2_g2_24,bi-obj/run12/g2/g2_24.pdb,-438.078,-1.629,-48.92,-2.186,-32.424,-1.449,1090.242,2238.079,1147.837,27.0,-1.833,-1300.287,218.525,-323.333,2.086,31.86,156.028,756.443,0.36,-46.259,-62.955,-25.413,-55.49,12.0,-37.85,269.0,78.0,50.648,-48.825,0.729,-2.175,25.502,44.105,178.41,0.7,-1.695,-62.719,-2.609,-106.963,0.561,temp_g2_16_0001,bi-obj/run12/g2/g2_24.pdb.sc
551.0,811.2308087348938,1.4722882191195894,3.2878096103668213,0.0,1.4722882191195894,151.0,89.86249494552612,0.5951158605663982,1.9455974102020264,3.257199394781858,3.8523152553482563,39.0,12.181869268417358,0.3123556222671118,1.2559428215026855,4.242805065252842,4.555160687519954,102.04436421394348,190.0,38,39,282,270,552,run12_g2_g2_3,bi-obj/run12/g2/g2_3.pdb,-369.522,-1.374,-27.934,-1.154,-11.332,-0.468,1114.552,2420.36,1305.809,27.0,-1.916,-1293.382,225.402,-309.934,2.053,31.234,188.142,758.546,1.238,-42.329,-58.649,-25.74,-52.813,15.0,-36.095,269.0,82.0,57.114,-50.749,0.692,-1.655,16.116,46.19,176.699,0.641,-1.247,-49.889,-2.043,-85.801,0.588,temp_g2_00_0001,bi-obj/run12/g2/g2_3.pdb.sc
550.0,812.4134665727615,1.4771153937686574,3.3959436416625977,0.0,1.4771153937686574,152.0,89.63573324680328,0.5897087713605479,2.410245656967163,3.256255032984834,3.845963804345382,45.0,12.360982179641724,0.27468849288092717,1.0595102310180664,4.289825195736356,4.564513688617282,101.99671542644501,197.0,38,39,281,270,551,run12_g2_g2_4,bi-obj/run12/g2/g2_4.pdb,-361.485,-1.344,-14.599,-0.625,7.735,0.331,1154.745,2335.606,1180.862,29.0,-1.89,-1291.952,228.851,-308.579,2.055,31.436,189.64,749.995,-1.12,-39.953,-59.875,-22.557,-53.039,11.0,-34.793,269.0,78.0,63.857,-48.283,0.724,-1.357,6.21,49.472,177.335,0.635,-0.772,-27.799,-1.858,-78.025,0.585,g0_22_0001,bi-obj/run12/g2/g2_4.pdb.sc
551.0,811.6371437311172,1.4730256692034795,3.28822660446167,0.0,1.4730256692034795,151.0,89.64124310016632,0.5936506165573928,2.8568685054779053,3.2779199074435708,3.8715705240009637,38.0,11.690143346786499,0.30763535123122365,1.4188504219055176,4.225331469586021,4.5329668208172444,101.33138644695282,189.0,38,39,282,270,552,run12_g2_g2_5,bi-obj/run12/g2/g2_5.pdb,-363.332,-1.351,-19.033,-0.791,-4.053,-0.168,1172.716,2406.441,1233.725,26.0,-1.882,-1290.314,226.86,-307.355,2.044,31.244,183.834,753.526,1.618,-42.514,-57.967,-18.743,-52.685,9.0,-36.476,269.0,82.0,58.873,-50.512,0.637,-1.532,15.937,45.514,176.699,0.626,-1.096,-43.853,-1.947,-81.762,0.585,temp_g1_05_0001,bi-obj/run12/g2/g2_5.pdb.sc
553.0,815.148038983345,1.4740470867691593,3.2051174640655518,0.0,1.4740470867691593,153.0,90.89220690727234,0.5940667118122375,2.410245656967163,3.275500094968509,3.8695668067807465,46.0,11.596749782562256,0.2521032561426577,0.8099894523620605,4.3246314992075385,4.576734755350196,102.4889566898346,199.0,38,39,284,270,554,run12_g2_g2_6,bi-obj/run12/g2/g2_6.pdb,-365.84,-1.36,-14.583,-0.615,3.41,0.144,1125.46,2372.751,1247.292,33.0,-1.956,-1304.636,227.886,-314.594,2.079,32.233,192.1,759.755,-2.052,-37.533,-57.264,-24.172,-53.83,9.0,-34.541,269.0,81.0,64.98,-49.298,0.708,-1.501,9.159,48.253,174.9,0.644,-1.017,-38.655,-1.928,-82.91,0.64,temp_g1_17_0001,bi-obj/run12/g2/g2_6.pdb.sc
539.0,793.9455986022949,1.4729974000042578,3.0733492374420166,0.0,1.4729974000042578,142.0,84.53865718841553,0.5953426562564473,2.3351104259490967,3.279403184501218,3.8747458407576656,44.0,11.120922088623047,0.25274822928688745,0.942631721496582,4.343428167429837,4.596176396716725,95.65957927703857,186.0,38,38,277,263,540,run12_g2_g2_7,bi-obj/run12/g2/g2_7.pdb,-434.997,-1.617,-40.604,-1.824,-26.014,-1.169,1093.773,2226.223,1132.45,31.0,-1.844,-1287.117,214.143,-320.334,2.207,31.477,153.89,744.736,0.346,-48.318,-58.301,-25.532,-55.502,11.0,-34.777,269.0,78.0,46.813,-48.665,0.738,-2.214,26.599,46.542,178.41,0.67,-1.896,-72.055,-2.516,-100.659,0.575,temp_g2_17_0001,bi-obj/run12/g2/g2_7.pdb.sc
551.0,811.7920163869858,1.473306744803967,3.2938930988311768,0.0,1.473306744803967,152.0,89.6313179731369,0.5896797235074797,2.8549556732177734,3.266994328091019,3.8566740515984987,40.0,11.770716190338135,0.2942679047584534,1.3490943908691406,4.24978865981102,4.544056564569473,101.40203416347504,192.0,38,39,282,270,552,run12_g2_g2_8,bi-obj/run12/g2/g2_8.pdb,-362.928,-1.349,-20.553,-0.85,-5.992,-0.248,1165.947,2418.326,1252.379,29.0,-1.877,-1290.841,228.924,-308.018,2.044,31.754,183.777,753.566,1.262,-43.489,-57.962,-20.193,-52.683,10.0,-36.267,269.0,82.0,58.932,-49.978,0.72,-1.534,16.284,45.816,176.699,0.639,-1.11,-44.414,-1.938,-81.391,0.585,temp_g2_07_0001,bi-obj/run12/g2/g2_8.pdb.sc
550.0,811.927592754364,1.4762319868261164,3.285231351852417,0.0,1.4762319868261164,155.0,91.70477521419525,0.5916437110593242,2.410245656967163,3.257780385017395,3.8494240960767194,40.0,11.53731894493103,0.28843297362327575,1.0595102310180664,4.198221862316132,4.486654835939407,103.24209415912628,195.0,38,39,281,270,551,run12_g2_g2_9,bi-obj/run12/g2/g2_9.pdb,-348.417,-1.295,-13.541,-0.57,10.626,0.447,1081.082,2376.736,1295.655,33.0,-1.833,-1299.741,231.198,-304.957,2.001,31.238,198.569,759.119,-0.947,-37.112,-60.026,-24.826,-52.382,11.0,-36.684,269.0,80.0,65.032,-47.743,0.74,-1.231,2.27,49.54,177.335,0.682,-0.584,-22.186,-1.817,-76.327,0.585,g0_14_0001,bi-obj/run12/g2/g2_9.pdb.sc
520.0,767.0149985551834,1.4750288433753527,3.34932017326355,0.0,1.4750288433753527,136.0,82.12793803215027,0.6038818972952226,2.4630353450775146,3.316103333936018,3.919985231231241,38.0,7.891345739364624,0.20766699314117432,0.9008288383483887,4.545241374718516,4.75290836785969,90.01928377151489,174.0,38,39,250,271,521,run12_g20_g20_0,bi-obj/run12/g20/g20_0.pdb,-471.728,-1.754,-55.475,-2.58,-49.642,-2.309,1045.983,2150.385,1104.403,23.0,-0.942,-1256.042,192.723,-314.843,2.067,29.416,135.588,733.342,0.247,-52.062,-63.975,-20.699,-59.047,13.0,-35.615,269.0,78.0,35.358,-51.893,0.632,-2.337,37.846,41.677,174.774,0.696,-2.352,-89.378,-2.322,-92.881,0.602,temp_g16_16_0001,bi-obj/run12/g20/g20_0.pdb.sc
520.0,768.2215855121613,1.4773492029080024,3.353508949279785,0.0,1.4773492029080024,142.0,82.71189177036285,0.5824781110588934,2.431262969970703,3.326100096736156,3.908578207795049,40.0,11.72807002067566,0.29320175051689146,0.843773365020752,4.336902439594269,4.63010419011116,94.43996179103851,182.0,38,38,258,263,521,run12_g20_g20_1,bi-obj/run12/g20/g20_1.pdb,-505.774,-1.88,-62.466,-2.873,-55.283,-2.543,1170.896,2174.226,1003.33,21.0,-2.031,-1266.386,194.269,-323.867,2.119,29.989,133.375,730.236,0.225,-48.701,-65.897,-22.242,-59.409,12.0,-35.107,269.0,79.0,35.296,-52.291,0.647,-2.822,26.818,40.281,177.002,0.635,-2.941,-105.86,-2.723,-117.068,0.771,temp_g18_06_0001,bi-obj/run12/g20/g20_1.pdb.sc
554.0,815.636873960495,1.4722687255604603,3.1119563579559326,0.0,1.4722687255604603,143.0,86.55371105670929,0.6052707066902747,2.45835280418396,3.28941698424466,3.894687690934935,49.0,12.051925897598267,0.24595767137955646,0.8450937271118164,4.331080324795781,4.577037996175338,98.60563695430756,192.0,38,39,283,272,555,run12_g20_g20_10,bi-obj/run12/g20/g20_10.pdb,-421.541,-1.567,-46.778,-2.028,-29.795,-1.292,1189.706,2306.95,1117.245,32.0,-1.819,-1297.022,214.119,-314.117,2.208,32.249,156.954,748.123,0.248,-46.194,-59.081,-21.892,-55.383,8.0,-34.66,269.0,79.0,51.896,-49.593,0.708,-2.103,30.699,45.067,176.247,0.68,-1.666,-63.323,-2.508,-102.843,0.659,temp_g20_12_0001,bi-obj/run12/g20/g20_10.pdb.sc
520.0,767.0024050474167,1.475004625091186,3.34932017326355,0.0,1.475004625091186,135.0,82.37381529808044,0.6101764096154108,2.358733654022217,3.317614933296486,3.9277913429118967,36.0,7.806258916854858,0.21684052546819052,0.9008288383483887,4.507726344797346,4.724566870265537,90.1800742149353,171.0,38,39,250,271,521,run12_g20_g20_11,bi-obj/run12/g20/g20_11.pdb,-472.051,-1.755,-55.824,-2.6,-50.335,-2.344,1055.238,2147.393,1092.155,21.0,-0.942,-1257.072,192.396,-314.999,2.088,29.417,135.959,734.123,0.254,-52.156,-63.957,-20.675,-59.178,13.0,-35.689,269.0,78.0,35.754,-51.805,0.642,-2.334,37.846,41.465,174.774,0.708,-2.356,-89.536,-2.314,-92.551,0.602,temp_g19_00_0001,bi-obj/run12/g20/g20_11.pdb.sc
532.0,784.9925767183304,1.4755499562374632,3.302917718887329,0.0,1.4755499562374632,141.0,87.6844654083252,0.6218756411937957,2.9951658248901367,3.3373633445577418,3.9592389857515378,42.0,11.863931894302368,0.28247456891196115,0.9709315299987793,4.353764000393095,4.636238569305057,99.54839730262756,183.0,38,38,270,263,533,run12_g20_g20_12,bi-obj/run12/g20/g20_12.pdb,-490.248,-1.822,-55.444,-2.516,-48.144,-2.185,1119.87,2203.394,1083.524,23.0,-0.826,-1281.202,195.879,-324.154,2.171,30.804,137.245,734.633,0.171,-42.412,-62.749,-25.656,-58.847,9.0,-35.193,269.0,79.0,41.911,-49.521,0.691,-2.741,28.463,40.075,178.564,0.649,-2.701,-102.623,-2.779,-113.934,0.567,temp_g20_05_0001,bi-obj/run12/g20/g20_12.pdb.sc
538.0,792.7797988653183,1.473568399377915,3.1949522495269775,0.0,1.473568399377915,144.0,86.4924179315567,0.600641791191366,2.2255237102508545,3.342924671868483,3.9435664630598493,41.0,11.64637017250061,0.28405780908538075,0.897799015045166,4.356146696137219,4.6402045052225995,98.13878810405731,185.0,38,38,276,263,539,run12_g20_g20_13,bi-obj/run12/g20/g20_13.pdb,-491.489,-1.827,-55.621,-2.454,-48.507,-2.14,1123.761,2266.785,1143.025,24.0,-0.826,-1287.739,198.894,-318.181,2.182,31.808,136.704,737.486,0.167,-45.691,-62.2,-25.821,-58.823,9.0,-36.441,269.0,79.0,40.247,-49.393,0.674,-2.759,30.061,40.305,175.375,0.642,-2.713,-103.099,-2.801,-114.83,0.565,temp_g20_22_0001,bi-obj/run12/g20/g20_13.pdb.sc
554.0,815.0057139396667,1.471129447544525,3.1119563579559326,0.0,1.471129447544525,143.0,85.59440553188324,0.598562276446736,2.3746395111083984,3.2758084535598755,3.8743707300066115,44.0,11.216438055038452,0.25491904670541937,1.2244300842285156,4.3550475293939765,4.609966576099396,96.81084358692169,187.0,38,39,283,272,555,run12_g20_g20_14,bi-obj/run12/g20/g20_14.pdb,-434.672,-1.616,-44.295,-1.919,-27.951,-1.211,1163.777,2308.316,1144.539,30.0,-0.826,-1295.382,214.517,-318.135,2.125,32.171,160.42,752.922,0.304,-48.13,-58.538,-23.958,-55.324,9.0,-34.27,269.0,80.0,45.467,-52.818,0.656,-2.226,26.517,45.228,172.703,0.652,-1.719,-67.025,-2.709,-111.089,0.639,temp_g19_06_0001,bi-obj/run12/g20/g20_14.pdb.sc
536.0,790.6917256116867,1.4751711298725498,3.298677682876587,0.0,1.4751711298725498,144.0,87.6306585073471,0.608546239634355,2.2255237102508545,3.36378402594063,3.972330265574985,42.0,11.947591781616211,0.28446647099086214,0.9709315299987793,4.3551134552274435,4.639579926218305,99.57825028896332,186.0,38,38,274,263,537,run12_g20_g20_15,bi-obj/run12/g20/g20_15.pdb,-490.597,-1.824,-55.569,-2.443,-50.484,-2.219,1141.817,2274.879,1133.062,25.0,-0.826,-1282.999,197.242,-324.146,2.176,31.094,136.648,736.47,0.163,-42.421,-62.828,-25.689,-58.682,9.0,-35.311,269.0,79.0,42.581,-50.299,0.663,-2.746,30.061,39.341,176.426,0.628,-2.657,-100.957,-2.829,-116.007,0.565,temp_g20_04_0001,bi-obj/run12/g20/g20_15.pdb.sc
551.0,810.5327695608139,1.4710213603644535,3.1119563579559326,0.0,1.4710213603644535,143.0,84.75765860080719,0.592710899306344,2.406137228012085,3.2728699262325582,3.865580825538902,43.0,11.191396951675415,0.2602650453878004,0.8450937271118164,4.265877535176831,4.526142580564632,95.9490555524826,186.0,38,39,280,272,552,run12_g20_g20_16,bi-obj/run12/g20/g20_16.pdb,-427.394,-1.589,-42.215,-1.831,-28.906,-1.254,1167.87,2305.208,1137.339,35.0,-0.826,-1284.113,211.861,-314.443,2.086,32.158,155.711,750.943,0.246,-49.879,-57.94,-21.575,-54.928,8.0,-34.906,269.0,80.0,46.84,-50.626,0.761,-2.128,24.343,46.449,170.858,0.686,-1.715,-66.867,-2.522,-103.397,0.594,temp_g18_07_0001,bi-obj/run12/g20/g20_16.pdb.sc
511.0,754.812059879303,1.4771273187461897,3.3624870777130127,0.0,1.4771273187461897,132.0,81.16909432411194,0.6149173812432722,2.4630353450775146,3.3402902068513813,3.9552075880946536,40.0,8.365897178649902,0.20914742946624756,0.9008288383483887,4.546079176664352,4.7552266061306,89.53499150276184,172.0,38,38,248,264,512,run12_g20_g20_17,bi-obj/run12/g20/g20_17.pdb,-478.119,-1.777,-57.755,-2.689,-51.149,-2.381,1021.97,2148.219,1126.248,21.0,-0.942,-1252.631,190.013,-321.556,2.06,28.824,134.568,733.214,0.262,-51.851,-64.214,-20.919,-59.228,14.0,-33.783,269.0,78.0,35.24,-52.128,0.638,-2.35,37.846,40.943,175.824,0.693,-2.386,-90.662,-2.316,-92.626,0.602,temp_g20_00_0001,bi-obj/run12/g20/g20_17.pdb.sc
550.0,807.6190575361252,1.4683982864293186,3.135190963745117,0.0,1.4683982864293186,149.0,87.05640411376953,0.5842711685487888,2.2367801666259766,3.296273732345376,3.880544900894165,51.0,12.853256225585938,0.2520246318742341,1.2387056350708008,4.286280622669294,4.538305254543529,99.90966033935547,200.0,38,39,281,270,551,run12_g20_g20_18,bi-obj/run12/g20/g20_18.pdb,-509.343,-1.893,-55.023,-2.511,-47.893,-2.186,1171.031,2191.052,1020.021,31.0,-1.099,-1307.248,200.619,-337.829,2.228,30.459,145.258,765.095,0.219,-51.611,-63.507,-23.702,-59.072,10.0,-34.41,269.0,78.0,39.315,-50.615,0.738,-2.89,25.62,38.308,172.266,0.698,-2.813,-104.075,-2.96,-121.37,0.581,temp_g20_03_0001,bi-obj/run12/g20/g20_18.pdb.sc
552.0,810.9544849395752,1.4691204437311145,3.135190963745117,0.0,1.4691204437311145,149.0,87.71104967594147,0.5886647629257816,2.1777970790863037,3.2822202780102723,3.870885040936054,50.0,12.67393684387207,0.2534787368774414,1.252683162689209,4.281653614044189,4.535132350921631,100.38498651981354,199.0,38,39,283,270,553,run12_g20_g20_19,bi-obj/run12/g20/g20_19.pdb,-504.56,-1.876,-55.268,-2.48,-48.119,-2.159,1190.79,2228.305,1037.515,33.0,-0.826,-1301.411,199.799,-329.508,2.208,30.513,141.541,759.467,0.218,-51.439,-64.095,-25.067,-58.668,10.0,-34.949,269.0,78.0,42.615,-51.142,0.715,-2.865,26.939,37.674,171.216,0.681,-2.777,-102.754,-2.945,-120.733,0.574,temp_g17_13_0001,bi-obj/run12/g20/g20_19.pdb.sc
536.0,790.6891901493073,1.4751663995322897,3.298677682876587,0.0,1.4751663995322897,144.0,87.56069076061249,0.6080603525042534,2.2255237102508545,3.3639686298039226,3.972028982308176,42.0,11.901241302490234,0.28336288815452937,0.9709315299987793,4.354930224872771,4.6382931130273,99.46193206310272,186.0,38,38,274,263,537,run12_g20_g20_2,bi-obj/run12/g20/g20_2.pdb,-490.616,-1.824,-55.652,-2.444,-48.344,-2.123,1131.575,2276.772,1145.197,25.0,-0.826,-1283.079,197.279,-324.07,2.172,31.087,136.56,736.544,0.17,-42.42,-62.882,-25.708,-58.646,9.0,-35.32,269.0,79.0,42.551,-50.275,0.657,-2.747,30.061,39.365,176.426,0.628,-2.657,-100.964,-2.83,-116.028,0.565,temp_g17_21_0001,bi-obj/run12/g20/g20_2.pdb.sc
554.0,816.6728130578995,1.4741386517290604,3.291389226913452,0.0,1.4741386517290604,146.0,86.07696306705475,0.5895682401853065,2.4852120876312256,3.3245114014573294,3.914079641642636,45.0,12.727596998214722,0.28283548884921605,1.0269365310668945,4.288406409157647,4.571241898006863,98.80456006526947,191.0,38,39,283,272,555,run12_g20_g20_20,bi-obj/run12/g20/g20_20.pdb,-441.654,-1.642,-47.834,-2.122,-37.068,-1.644,1169.464,2254.32,1084.856,37.0,-1.893,-1287.897,205.827,-307.85,2.207,32.779,146.88,730.766,0.174,-42.934,-62.489,-22.249,-55.722,7.0,-34.767,269.0,76.0,49.71,-50.428,0.7,-2.303,32.233,42.343,181.151,0.645,-2.089,-77.303,-2.505,-97.702,0.677,temp_g19_03_0001,bi-obj/run12/g20/g20_20.pdb.sc
521.0,770.7256006002426,1.4793197708258015,3.353508949279785,0.0,1.4793197708258015,141.0,82.67457187175751,0.5863444813599823,2.4338583946228027,3.3609784993719547,3.947322980731937,41.0,11.958792686462402,0.291677870401522,0.843773365020752,4.342417350629481,4.634095221031003,94.63336455821991,182.0,38,38,259,263,522,run12_g20_g20_21,bi-obj/run12/g20/g20_21.pdb,-508.258,-1.889,-62.075,-2.835,-53.573,-2.447,1167.214,2189.569,1022.355,18.0,-1.884,-1262.309,194.499,-329.107,2.109,29.526,133.719,728.798,0.239,-50.638,-65.259,-22.806,-59.419,13.0,-34.811,269.0,79.0,35.047,-53.068,0.706,-2.955,27.841,40.326,178.406,0.623,-2.91,-104.776,-2.992,-128.658,0.771,temp_g20_20_0001,bi-obj/run12/g20/g20_21.pdb.sc
562.0,827.9403984546661,1.4732035559691568,3.248852252960205,0.0,1.4732035559691568,151.0,90.43523168563843,0.5989088191101882,2.4852120876312256,3.302114884584945,3.901023703695133,49.0,13.310790300369263,0.271648781640189,1.0269365310668945,4.275994748485331,4.54764353012552,103.74602198600769,200.0,38,39,291,272,563,run12_g20_g20_22,bi-obj/run12/g20/g20_22.pdb,-446.464,-1.66,-52.117,-2.233,-37.538,-1.608,1229.225,2333.768,1104.543,36.0,-1.893,-1298.178,209.073,-307.765,2.233,32.936,150.132,732.374,0.172,-43.169,-61.976,-22.162,-55.67,7.0,-35.092,269.0,77.0,48.641,-51.519,0.627,-2.355,32.089,41.87,180.935,0.654,-2.161,-82.112,-2.543,-99.189,0.678,temp_g20_23_0001,bi-obj/run12/g20/g20_22.pdb.sc
524.0,775.3662136793137,1.4797065146551787,3.4005658626556396,0.0,1.4797065146551787,134.0,78.21536302566528,0.5836967389975021,2.378483295440674,3.3574016823697446,3.9410984213672466,40.0,10.098272800445557,0.2524568200111389,1.016404628753662,4.376026475429535,4.628483295440674,88.31363582611084,174.0,38,38,261,264,525,run12_g20_g20_23,bi-obj/run12/g20/g20_23.pdb,-486.705,-1.809,-59.604,-2.66,-51.89,-2.316,1255.155,2240.452,985.297,25.0,-1.835,-1269.831,193.614,-312.065,2.175,30.204,132.758,713.554,0.206,-51.78,-62.767,-21.042,-57.106,12.0,-34.661,269.0,78.0,37.39,-49.582,0.668,-2.619,33.657,44.234,185.767,0.685,-2.623,-99.682,-2.614,-104.561,0.613,temp_g18_01_0001,bi-obj/run12/g20/g20_23.pdb.sc
548.0,806.0023379325867,1.4708071860083698,3.1119563579559326,0.0,1.4708071860083698,144.0,84.00481355190277,0.5833667607771026,2.4116432666778564,3.299555287592941,3.8829220483700433,41.0,11.092349290847778,0.27054510465482384,0.8450937271118164,4.2600800235097,4.530625128164524,95.09716284275055,185.0,38,39,277,272,549,run12_g20_g20_24,bi-obj/run12/g20/g20_24.pdb,-425.034,-1.58,-42.347,-1.842,-29.406,-1.279,1159.91,2298.581,1138.67,35.0,-0.826,-1279.306,211.17,-313.374,2.088,32.171,154.028,746.654,0.244,-50.18,-58.634,-19.928,-55.109,8.0,-34.658,269.0,80.0,47.071,-49.222,0.764,-2.133,24.343,47.58,170.505,0.684,-1.719,-67.046,-2.526,-103.571,0.59,temp_g20_08_0001,bi-obj/run12/g20/g20_24.pdb.sc
546.0,803.2263271808624,1.4711104893422389,3.1119563579559326,0.0,1.4711104893422389,143.0,85.97782897949219,0.6012435592971481,2.3746395111083984,3.2872802044128204,3.8885237637099688,44.0,11.25850248336792,0.25587505644018,1.051445484161377,4.353172540664673,4.609047597104853,97.23633146286011,187.0,38,38,282,265,547,run12_g20_g20_3,bi-obj/run12/g20/g20_3.pdb,-438.273,-1.629,-45.585,-1.983,-30.036,-1.306,1161.963,2299.115,1137.152,29.0,-0.826,-1292.302,214.099,-321.736,2.112,32.182,156.38,760.122,0.281,-50.522,-59.74,-24.085,-56.04,9.0,-34.638,269.0,80.0,45.674,-53.339,0.675,-2.255,29.075,44.881,169.771,0.653,-1.776,-69.273,-2.71,-111.106,0.657,temp_g20_19_0001,bi-obj/run12/g20/g20_3.pdb.sc
522.0,769.0850573778152,1.4733430217965808,3.3055760860443115,0.0,1.4733430217965808,138.0,81.66986179351807,0.5918105927066527,2.5400915145874023,3.328654356624769,3.920464949331422,42.0,8.201208591461182,0.19526687122526623,0.927607536315918,4.471756333396549,4.667023204621815,89.87107038497925,180.0,38,38,259,264,523,run12_g20_g20_4,bi-obj/run12/g20/g20_4.pdb,-469.998,-1.747,-53.966,-2.515,-42.626,-1.986,1110.838,2146.022,1035.184,24.0,-0.942,-1270.167,204.655,-327.921,2.049,30.239,141.959,749.627,0.269,-54.821,-65.293,-20.894,-57.939,11.0,-33.391,269.0,76.0,37.793,-51.678,0.707,-2.459,35.545,40.434,170.16,0.692,-2.302,-85.165,-2.607,-101.684,0.588,temp_g19_09_0001,bi-obj/run12/g20/g20_4.pdb.sc
552.0,813.3834056854248,1.4735206624735957,3.1119563579559326,0.0,1.4735206624735957,146.0,86.19058895111084,0.5903464996651427,2.3746395111083984,3.3056452894864017,3.8959917891515445,45.0,11.858189105987549,0.26351531346638996,0.942631721496582,4.314429103003608,4.577944416469998,98.04877805709839,191.0,38,39,281,272,553,run12_g20_g20_5,bi-obj/run12/g20/g20_5.pdb,-404.149,-1.502,-39.886,-1.722,-22.947,-0.991,1189.796,2316.678,1126.883,37.0,-1.844,-1290.118,217.766,-310.097,2.083,31.892,161.527,745.39,0.313,-46.235,-57.729,-21.406,-54.73,8.0,-36.29,269.0,80.0,52.972,-49.639,0.731,-1.946,24.236,50.12,177.335,0.673,-1.429,-55.743,-2.438,-99.967,0.619,temp_g14_20_0001,bi-obj/run12/g20/g20_5.pdb.sc
550.0,808.43643450737,1.4698844263770363,3.467961549758911,0.0,1.4698844263770363,143.0,83.07459902763367,0.5809412519414942,3.0250284671783447,3.3254659759414777,3.9064072278829722,40.0,10.747817754745483,0.2686954438686371,0.9731302261352539,4.344518119096756,4.613213562965393,93.82241678237915,183.0,38,40,274,277,551,run12_g20_g20_6,bi-obj/run12/g20/g20_6.pdb,-509.701,-1.895,-55.111,-2.452,-47.495,-2.113,1100.839,2247.746,1146.907,20.0,-1.771,-1293.387,201.049,-343.595,2.18,30.119,145.365,752.863,0.287,-53.744,-66.326,-28.927,-58.179,12.0,-33.27,269.0,75.0,38.895,-48.036,0.739,-2.915,28.094,40.271,177.945,0.688,-2.56,-92.164,-3.243,-126.47,0.752,temp_g18_14_0001,bi-obj/run12/g20/g20_6.pdb.sc
526.0,778.4345877170563,1.4799136648613238,3.4005658626556396,0.0,1.4799136648613238,135.0,78.21335411071777,0.5793581785979094,2.378483295440674,3.3577037140175148,3.937061892615424,38.0,10.175558090209961,0.2677778444792095,1.016404628753662,4.385795474052429,4.653573318531639,88.38891220092773,173.0,38,38,263,264,527,run12_g20_g20_7,bi-obj/run12/g20/g20_7.pdb,-488.562,-1.816,-59.894,-2.669,-52.174,-2.325,1241.654,2243.857,1002.202,25.0,-1.835,-1271.734,194.436,-312.256,2.172,30.293,132.898,714.615,0.204,-51.649,-62.691,-21.041,-57.095,12.0,-35.035,269.0,78.0,37.704,-49.904,0.675,-2.623,33.657,43.613,184.679,0.69,-2.626,-99.792,-2.62,-104.807,0.612,temp_g20_15_0001,bi-obj/run12/g20/g20_7.pdb.sc
520.0,766.9668605327606,1.4749362702553088,3.3476171493530273,0.0,1.4749362702553088,138.0,78.68856394290924,0.5702069850935452,2.536942720413208,3.343620769355608,3.9138277544491533,40.0,8.576105117797852,0.2144026279449463,0.8909955024719238,4.49823482632637,4.7126374542713165,87.26466906070709,178.0,38,39,250,271,521,run12_g20_g20_8,bi-obj/run12/g20/g20_8.pdb,-477.17,-1.774,-58.277,-2.683,-49.111,-2.261,1105.607,2172.112,1066.505,23.0,-0.942,-1259.401,202.567,-328.858,2.07,29.521,140.387,746.79,0.245,-51.931,-66.528,-22.271,-58.743,12.0,-34.443,269.0,78.0,36.525,-56.247,0.618,-2.439,29.648,41.212,172.905,0.686,-2.182,-82.926,-2.683,-107.34,0.569,temp_g17_22_0001,bi-obj/run12/g20/g20_8.pdb.sc
514.0,759.2350906133652,1.477111071232228,3.446108818054199,0.0,1.477111071232228,136.0,80.44553697109222,0.5915113012580311,2.5085625648498535,3.305321166620535,3.896832467878566,38.0,10.949534177780151,0.2881456362573724,0.8177499771118164,4.272831013328151,4.560976649585523,91.39507114887238,174.0,38,37,260,255,515,run12_g20_g20_9,bi-obj/run12/g20/g20_9.pdb,-476.379,-1.771,-59.6,-2.673,-51.182,-2.296,1178.369,2229.351,1050.982,18.0,-1.86,-1271.284,197.98,-320.052,2.19,29.896,140.618,735.294,0.251,-51.307,-65.252,-22.96,-59.231,13.0,-34.907,269.0,78.0,36.658,-49.304,0.67,-2.802,39.426,40.98,175.914,0.679,-2.792,-100.511,-2.81,-118.034,0.825,temp_g19_08_0001,bi-obj/run12/g20/g20_9.pdb.sc
520.0,767.0149985551834,1.4750288433753527,3.34932017326355,0.0,1.4750288433753527,136.0,82.12793803215027,0.6038818972952226,2.4630353450775146,3.316103333936018,3.919985231231241,38.0,7.891345739364624,0.20766699314117432,0.9008288383483887,4.545241374718516,4.75290836785969,90.01928377151489,174.0,38,39,250,271,521,run12_g21_g21_0,bi-obj/run12/g21/g21_0.pdb,-471.728,-1.754,-55.475,-2.58,-49.642,-2.309,1045.983,2150.385,1104.403,23.0,-0.942,-1256.042,192.723,-314.843,2.067,29.416,135.588,733.342,0.247,-52.062,-63.975,-20.699,-59.047,13.0,-35.615,269.0,78.0,35.358,-51.893,0.632,-2.337,37.846,41.677,174.774,0.696,-2.352,-89.378,-2.322,-92.881,0.602,temp_g16_16_0001,bi-obj/run12/g21/g21_0.pdb.sc
521.0,770.7300080060959,1.479328230337996,3.3356821537017822,0.0,1.479328230337996,143.0,82.3443056344986,0.5758343051363538,2.433521270751953,3.3634491408621514,3.9392834459985053,42.0,11.83655333518982,0.28182269845690044,0.8419356346130371,4.353161340668088,4.634984039124989,94.18085896968842,185.0,38,38,259,263,522,run12_g21_g21_1,bi-obj/run12/g21/g21_1.pdb,-511.505,-1.902,-62.034,-2.838,-53.652,-2.454,1210.772,2186.063,975.292,18.0,-1.895,-1264.765,194.136,-329.896,2.112,29.467,134.575,730.639,0.245,-50.8,-65.12,-23.198,-59.31,13.0,-34.912,269.0,77.0,35.244,-53.9,0.699,-2.93,27.667,39.277,178.406,0.627,-2.913,-104.868,-2.946,-120.78,0.77,temp_g21_21_0001,bi-obj/run12/g21/g21_1.pdb.sc
552.0,810.9544849395752,1.4691204437311145,3.135190963745117,0.0,1.4691204437311145,149.0,87.71104967594147,0.5886647629257816,2.1777970790863037,3.2822202780102723,3.870885040936054,50.0,12.67393684387207,0.2534787368774414,1.252683162689209,4.281653614044189,4.535132350921631,100.38498651981354,199.0,38,39,283,270,553,run12_g21_g21_10,bi-obj/run12/g21/g21_10.pdb,-504.56,-1.876,-55.268,-2.48,-48.119,-2.159,1190.79,2228.305,1037.515,33.0,-0.826,-1301.411,199.799,-329.508,2.208,30.513,141.541,759.467,0.218,-51.439,-64.095,-25.067,-58.668,10.0,-34.949,269.0,78.0,42.615,-51.142,0.715,-2.865,26.939,37.674,171.216,0.681,-2.777,-102.754,-2.945,-120.733,0.574,temp_g17_13_0001,bi-obj/run12/g21/g21_10.pdb.sc
520.0,766.9668605327606,1.4749362702553088,3.3476171493530273,0.0,1.4749362702553088,138.0,78.68856394290924,0.5702069850935452,2.536942720413208,3.343620769355608,3.9138277544491533,40.0,8.576105117797852,0.2144026279449463,0.8909955024719238,4.49823482632637,4.7126374542713165,87.26466906070709,178.0,38,39,250,271,521,run12_g21_g21_11,bi-obj/run12/g21/g21_11.pdb,-477.17,-1.774,-58.277,-2.683,-49.111,-2.261,1105.607,2172.112,1066.505,23.0,-0.942,-1259.401,202.567,-328.858,2.07,29.521,140.387,746.79,0.245,-51.931,-66.528,-22.271,-58.743,12.0,-34.443,269.0,78.0,36.525,-56.247,0.618,-2.439,29.648,41.212,172.905,0.686,-2.182,-82.926,-2.683,-107.34,0.569,temp_g17_22_0001,bi-obj/run12/g21/g21_11.pdb.sc
520.0,768.2215855121613,1.4773492029080024,3.353508949279785,0.0,1.4773492029080024,142.0,82.71189177036285,0.5824781110588934,2.431262969970703,3.326100096736156,3.908578207795049,40.0,11.72807002067566,0.29320175051689146,0.843773365020752,4.336902439594269,4.63010419011116,94.43996179103851,182.0,38,38,258,263,521,run12_g21_g21_12,bi-obj/run12/g21/g21_12.pdb,-505.774,-1.88,-62.466,-2.873,-55.283,-2.543,1170.896,2174.226,1003.33,21.0,-2.031,-1266.386,194.269,-323.867,2.119,29.989,133.375,730.236,0.225,-48.701,-65.897,-22.242,-59.409,12.0,-35.107,269.0,79.0,35.296,-52.291,0.647,-2.822,26.818,40.281,177.002,0.635,-2.941,-105.86,-2.723,-117.068,0.771,temp_g18_06_0001,bi-obj/run12/g21/g21_12.pdb.sc
522.0,769.0850573778152,1.4733430217965808,3.3055760860443115,0.0,1.4733430217965808,138.0,81.66986179351807,0.5918105927066527,2.5400915145874023,3.328654356624769,3.920464949331422,42.0,8.201208591461182,0.19526687122526623,0.927607536315918,4.471756333396549,4.667023204621815,89.87107038497925,180.0,38,38,259,264,523,run12_g21_g21_13,bi-obj/run12/g21/g21_13.pdb,-469.998,-1.747,-53.966,-2.515,-42.626,-1.986,1110.838,2146.022,1035.184,24.0,-0.942,-1270.167,204.655,-327.921,2.049,30.239,141.959,749.627,0.269,-54.821,-65.293,-20.894,-57.939,11.0,-33.391,269.0,76.0,37.793,-51.678,0.707,-2.459,35.545,40.434,170.16,0.692,-2.302,-85.165,-2.607,-101.684,0.588,temp_g19_09_0001,bi-obj/run12/g21/g21_13.pdb.sc
550.0,807.6190575361252,1.4683982864293186,3.135190963745117,0.0,1.4683982864293186,149.0,87.05640411376953,0.5842711685487888,2.2367801666259766,3.296273732345376,3.880544900894165,51.0,12.853256225585938,0.2520246318742341,1.2387056350708008,4.286280622669294,4.538305254543529,99.90966033935547,200.0,38,39,281,270,551,run12_g21_g21_14,bi-obj/run12/g21/g21_14.pdb,-509.343,-1.893,-55.023,-2.511,-47.893,-2.186,1171.031,2191.052,1020.021,31.0,-1.099,-1307.248,200.619,-337.829,2.228,30.459,145.258,765.095,0.219,-51.611,-63.507,-23.702,-59.072,10.0,-34.41,269.0,78.0,39.315,-50.615,0.738,-2.89,25.62,38.308,172.266,0.698,-2.813,-104.075,-2.96,-121.37,0.581,temp_g20_03_0001,bi-obj/run12/g21/g21_14.pdb.sc
548.0,806.0023379325867,1.4708071860083698,3.1119563579559326,0.0,1.4708071860083698,144.0,84.00481355190277,0.5833667607771026,2.4116432666778564,3.299555287592941,3.8829220483700433,41.0,11.092349290847778,0.27054510465482384,0.8450937271118164,4.2600800235097,4.530625128164524,95.09716284275055,185.0,38,39,277,272,549,run12_g21_g21_15,bi-obj/run12/g21/g21_15.pdb,-425.034,-1.58,-42.347,-1.842,-29.406,-1.279,1159.91,2298.581,1138.67,35.0,-0.826,-1279.306,211.17,-313.374,2.088,32.171,154.028,746.654,0.244,-50.18,-58.634,-19.928,-55.109,8.0,-34.658,269.0,80.0,47.071,-49.222,0.764,-2.133,24.343,47.58,170.505,0.684,-1.719,-67.046,-2.526,-103.571,0.59,temp_g20_08_0001,bi-obj/run12/g21/g21_15.pdb.sc
554.0,810.5488394498825,1.4630845477434702,3.135190963745117,0.0,1.4630845477434702,157.0,92.51262187957764,0.5892523686597302,2.4116063117980957,3.2922892616053296,3.8815416302650596,54.0,11.910202980041504,0.22055931444521304,1.2387056350708008,4.292329748471578,4.512889062916791,104.42282485961914,211.0,38,39,285,270,555,run12_g21_g21_16,bi-obj/run12/g21/g21_16.pdb,-511.84,-1.903,-53.44,-2.441,-48.832,-2.231,1164.84,2189.12,1024.279,32.0,-1.099,-1309.476,200.185,-337.298,2.216,30.46,149.704,766.862,0.286,-51.389,-63.669,-27.677,-59.83,13.0,-34.774,269.0,75.0,39.191,-51.098,0.724,-2.855,25.62,38.456,171.191,0.678,-2.58,-90.311,-3.096,-123.826,0.583,temp_g21_18_0001,bi-obj/run12/g21/g21_16.pdb.sc
551.0,811.3567262887955,1.4725167446257632,3.1119563579559326,0.0,1.4725167446257632,143.0,85.65347266197205,0.5989753333005038,2.4138119220733643,3.284875701357435,3.8838510346579387,43.0,11.79244351387024,0.274242872415587,0.942631721496582,4.278582129367562,4.552825001783149,97.44591617584229,186.0,38,39,280,272,552,run12_g21_g21_17,bi-obj/run12/g21/g21_17.pdb,-423.064,-1.573,-40.436,-1.758,-27.09,-1.178,1176.681,2299.951,1123.271,38.0,-1.844,-1288.581,213.805,-312.54,2.07,32.054,156.875,748.241,0.261,-49.31,-57.827,-21.56,-54.784,8.0,-36.116,269.0,80.0,48.628,-49.417,0.745,-2.074,24.236,47.984,174.403,0.683,-1.693,-66.008,-2.436,-99.89,0.617,temp_g21_05_0001,bi-obj/run12/g21/g21_17.pdb.sc
514.0,759.2350906133652,1.477111071232228,3.446108818054199,0.0,1.477111071232228,136.0,80.44553697109222,0.5915113012580311,2.5085625648498535,3.305321166620535,3.896832467878566,38.0,10.949534177780151,0.2881456362573724,0.8177499771118164,4.272831013328151,4.560976649585523,91.39507114887238,174.0,38,37,260,255,515,run12_g21_g21_18,bi-obj/run12/g21/g21_18.pdb,-476.379,-1.771,-59.6,-2.673,-51.182,-2.296,1178.369,2229.351,1050.982,18.0,-1.86,-1271.284,197.98,-320.052,2.19,29.896,140.618,735.294,0.251,-51.307,-65.252,-22.96,-59.231,13.0,-34.907,269.0,78.0,36.658,-49.304,0.67,-2.802,39.426,40.98,175.914,0.679,-2.792,-100.511,-2.81,-118.034,0.825,temp_g19_08_0001,bi-obj/run12/g21/g21_18.pdb.sc
544.0,799.5506817102432,1.4697622825555943,3.1348843574523926,0.0,1.4697622825555943,143.0,83.96682381629944,0.5871805861279681,2.178122043609619,3.284042673511105,3.871223259639073,47.0,11.572043657302856,0.24621369483623098,1.252683162689209,4.306992916350669,4.5532066111869,95.5388674736023,190.0,38,39,275,270,545,run12_g21_g21_19,bi-obj/run12/g21/g21_19.pdb,-513.193,-1.908,-59.31,-2.641,-54.108,-2.41,1198.935,2245.485,1046.549,29.0,-0.826,-1288.834,199.02,-333.226,2.156,29.73,139.48,760.276,0.215,-53.015,-66.693,-26.822,-58.571,12.0,-34.562,269.0,79.0,41.15,-55.0,0.723,-2.966,23.249,37.299,171.432,0.701,-2.853,-108.42,-3.071,-125.92,0.566,temp_g21_19_0001,bi-obj/run12/g21/g21_19.pdb.sc
546.0,803.8103277683258,1.4721800874877762,3.467961549758911,0.0,1.4721800874877762,141.0,83.64347767829895,0.593216153746801,2.970878839492798,3.33120393076687,3.924420084513671,40.0,11.176342487335205,0.2794085621833801,0.9899411201477051,4.38655298948288,4.66596155166626,94.81982016563416,181.0,38,40,270,277,547,run12_g21_g21_2,bi-obj/run12/g21/g21_2.pdb,-502.874,-1.869,-57.488,-2.541,-49.776,-2.2,1131.116,2262.342,1131.226,22.0,-1.771,-1283.377,196.856,-332.992,2.202,29.499,143.322,739.931,0.271,-51.411,-65.971,-27.875,-58.2,12.0,-33.85,269.0,75.0,37.27,-47.03,0.713,-2.833,28.094,40.847,180.889,0.676,-2.585,-93.071,-3.062,-119.417,0.694,temp_g21_06_0001,bi-obj/run12/g21/g21_2.pdb.sc
516.0,762.3603321313858,1.4774425041305927,3.3476171493530273,0.0,1.4774425041305927,135.0,79.624666929245,0.589812347624037,2.442559242248535,3.3459815007668956,3.9357938483909325,39.0,7.76306676864624,0.19905299406785232,0.8909955024719238,4.5134451144780865,4.712498108545939,87.38773369789124,174.0,38,39,246,271,517,run12_g21_g21_20,bi-obj/run12/g21/g21_20.pdb,-485.909,-1.806,-61.43,-2.811,-55.879,-2.557,1099.606,2185.28,1085.673,20.0,-0.942,-1251.978,193.688,-317.27,2.029,28.873,133.714,732.934,0.244,-51.377,-66.776,-20.833,-59.333,14.0,-34.669,269.0,78.0,34.396,-55.162,0.692,-2.525,29.648,40.709,175.849,0.687,-2.497,-94.896,-2.552,-102.089,0.593,temp_g21_08_0001,bi-obj/run12/g21/g21_20.pdb.sc
507.0,749.9313943386078,1.4791546239420272,3.3152332305908203,0.0,1.4791546239420272,136.0,80.95761263370514,0.5952765634831261,2.534990072250366,3.3169078607769573,3.9121844242600834,35.0,11.52522873878479,0.32929224967956544,0.8702435493469238,4.402249431610107,4.731541681289673,92.48284137248993,171.0,38,37,252,256,508,run12_g21_g21_21,bi-obj/run12/g21/g21_21.pdb,-499.892,-1.858,-62.712,-2.883,-55.152,-2.536,1156.675,2175.202,1018.527,21.0,-2.04,-1261.65,192.284,-327.58,2.094,29.944,130.624,734.959,0.226,-49.347,-65.849,-22.189,-59.815,12.0,-34.241,269.0,79.0,35.004,-52.919,0.645,-2.828,33.335,40.593,176.13,0.633,-2.95,-106.199,-2.726,-117.2,0.771,temp_g21_01_0001,bi-obj/run12/g21/g21_21.pdb.sc
512.0,754.8973265886307,1.4744088409934193,3.33815336227417,0.0,1.4744088409934193,133.0,82.2852703332901,0.6186862431074444,2.358733654022217,3.3264299451856685,3.9451161882931127,33.0,7.060372352600098,0.2139506773515181,0.8868227005004883,4.377859643011382,4.5918103203629,89.3456426858902,166.0,38,38,249,264,513,run12_g21_g21_22,bi-obj/run12/g21/g21_22.pdb,-482.534,-1.794,-56.189,-2.637,-51.454,-2.415,1081.901,2131.036,1049.135,23.0,-0.942,-1253.043,192.303,-317.82,2.064,29.421,131.409,739.662,0.255,-52.519,-64.711,-21.04,-59.303,13.0,-36.027,269.0,77.0,34.197,-52.108,0.639,-2.365,31.886,41.561,171.841,0.719,-2.298,-85.014,-2.427,-97.081,0.635,temp_g21_11_0001,bi-obj/run12/g21/g21_22.pdb.sc
554.0,816.6728130578995,1.4741386517290604,3.291389226913452,0.0,1.4741386517290604,146.0,86.07696306705475,0.5895682401853065,2.4852120876312256,3.3245114014573294,3.914079641642636,45.0,12.727596998214722,0.28283548884921605,1.0269365310668945,4.288406409157647,4.571241898006863,98.80456006526947,191.0,38,39,283,272,555,run12_g21_g21_23,bi-obj/run12/g21/g21_23.pdb,-441.654,-1.642,-47.834,-2.122,-37.068,-1.644,1169.464,2254.32,1084.856,37.0,-1.893,-1287.897,205.827,-307.85,2.207,32.779,146.88,730.766,0.174,-42.934,-62.489,-22.249,-55.722,7.0,-34.767,269.0,76.0,49.71,-50.428,0.7,-2.303,32.233,42.343,181.151,0.645,-2.089,-77.303,-2.505,-97.702,0.677,temp_g19_03_0001,bi-obj/run12/g21/g21_23.pdb.sc
520.0,767.0024050474167,1.475004625091186,3.34932017326355,0.0,1.475004625091186,135.0,82.37381529808044,0.6101764096154108,2.358733654022217,3.317614933296486,3.9277913429118967,36.0,7.806258916854858,0.21684052546819052,0.9008288383483887,4.507726344797346,4.724566870265537,90.1800742149353,171.0,38,39,250,271,521,run12_g21_g21_24,bi-obj/run12/g21/g21_24.pdb,-472.051,-1.755,-55.824,-2.6,-50.335,-2.344,1055.238,2147.393,1092.155,21.0,-0.942,-1257.072,192.396,-314.999,2.088,29.417,135.959,734.123,0.254,-52.156,-63.957,-20.675,-59.178,13.0,-35.689,269.0,78.0,35.754,-51.805,0.642,-2.334,37.846,41.465,174.774,0.708,-2.356,-89.536,-2.314,-92.551,0.602,temp_g19_00_0001,bi-obj/run12/g21/g21_24.pdb.sc
528.0,779.9415148496628,1.4771619599425432,3.4032764434814453,0.0,1.4771619599425432,137.0,79.352365732193,0.5792143484101678,2.953403949737549,3.340296158825394,3.919510507235562,35.0,10.31158971786499,0.29461684908185687,1.016404628753662,4.372808456420898,4.667425305502755,89.66395545005798,172.0,38,38,265,264,529,run12_g21_g21_3,bi-obj/run12/g21/g21_3.pdb,-483.754,-1.798,-59.417,-2.688,-51.116,-2.312,1186.776,2210.796,1024.02,19.0,-1.79,-1277.527,195.891,-313.597,2.322,30.365,136.589,719.892,0.212,-52.536,-62.512,-21.231,-57.435,12.0,-34.665,269.0,76.0,38.591,-48.591,0.688,-2.525,36.447,41.817,183.591,0.722,-2.506,-92.725,-2.543,-99.188,0.624,temp_g21_07_0001,bi-obj/run12/g21/g21_3.pdb.sc
503.0,743.4368337392807,1.4780056336765024,3.3624870777130127,0.0,1.4780056336765024,124.0,78.14588069915771,0.630208715315788,2.4630353450775146,3.348632258753623,3.978840974069411,39.0,8.157636404037476,0.2091701642060891,0.9008288383483887,4.580536316602658,4.789706480808747,86.30351710319519,163.0,38,38,240,264,504,run12_g21_g21_4,bi-obj/run12/g21/g21_4.pdb,-469.378,-1.745,-58.374,-2.718,-51.117,-2.38,1023.874,2147.925,1124.052,20.0,-0.942,-1244.258,188.981,-320.932,2.004,28.117,133.122,733.118,0.266,-52.062,-63.888,-20.844,-59.339,14.0,-33.179,269.0,78.0,35.336,-51.535,0.651,-2.255,37.846,42.391,176.04,0.694,-2.391,-90.867,-2.126,-85.038,0.645,temp_g21_17_0001,bi-obj/run12/g21/g21_4.pdb.sc
554.0,816.3953549861908,1.473637824884821,3.291389226913452,0.0,1.473637824884821,148.0,85.21727335453033,0.5757923875306104,2.516040086746216,3.3390765842553733,3.9148689717859835,42.0,12.685283184051514,0.3020305520012265,1.0269365310668945,4.23397806144896,4.5360086134501865,97.90255653858185,190.0,38,39,283,272,555,run12_g21_g21_5,bi-obj/run12/g21/g21_5.pdb,-466.186,-1.733,-50.326,-2.193,-42.686,-1.86,1198.848,2295.021,1096.173,32.0,-1.893,-1283.03,200.628,-310.364,2.204,32.744,138.298,726.584,0.151,-43.326,-62.559,-21.376,-57.607,7.0,-35.694,269.0,76.0,45.495,-49.853,0.731,-2.563,32.233,39.532,181.151,0.64,-2.588,-95.77,-2.54,-99.051,0.647,temp_g21_20_0001,bi-obj/run12/g21/g21_5.pdb.sc
554.0,814.939400434494,1.471009748076704,3.117875814437866,0.0,1.471009748076704,143.0,85.15347063541412,0.5954788156322666,2.3746395111083984,3.2776327274896047,3.8731115431218712,43.0,11.579532146453857,0.2692914452663688,1.2716140747070312,4.35345626986304,4.6227477151294085,96.73300278186798,186.0,38,39,283,272,555,run12_g21_g21_6,bi-obj/run12/g21/g21_6.pdb,-436.179,-1.621,-44.182,-1.93,-28.663,-1.252,1161.232,2289.074,1127.842,28.0,-0.826,-1294.499,215.23,-318.919,2.131,32.433,160.043,753.032,0.301,-48.163,-58.68,-23.835,-55.284,9.0,-33.824,269.0,79.0,45.467,-53.21,0.695,-2.238,24.656,44.726,172.703,0.645,-1.72,-65.368,-2.718,-111.441,0.639,temp_g21_14_0001,bi-obj/run12/g21/g21_6.pdb.sc
521.0,770.7256006002426,1.4793197708258015,3.353508949279785,0.0,1.4793197708258015,141.0,82.67457187175751,0.5863444813599823,2.4338583946228027,3.3609784993719547,3.947322980731937,41.0,11.958792686462402,0.291677870401522,0.843773365020752,4.342417350629481,4.634095221031003,94.63336455821991,182.0,38,38,259,263,522,run12_g21_g21_7,bi-obj/run12/g21/g21_7.pdb,-508.258,-1.889,-62.075,-2.835,-53.573,-2.447,1167.214,2189.569,1022.355,18.0,-1.884,-1262.309,194.499,-329.107,2.109,29.526,133.719,728.798,0.239,-50.638,-65.259,-22.806,-59.419,13.0,-34.811,269.0,79.0,35.047,-53.068,0.706,-2.955,27.841,40.326,178.406,0.623,-2.91,-104.776,-2.992,-128.658,0.771,temp_g20_20_0001,bi-obj/run12/g21/g21_7.pdb.sc
562.0,827.9403984546661,1.4732035559691568,3.248852252960205,0.0,1.4732035559691568,151.0,90.43523168563843,0.5989088191101882,2.4852120876312256,3.302114884584945,3.901023703695133,49.0,13.310790300369263,0.271648781640189,1.0269365310668945,4.275994748485331,4.54764353012552,103.74602198600769,200.0,38,39,291,272,563,run12_g21_g21_8,bi-obj/run12/g21/g21_8.pdb,-446.464,-1.66,-52.117,-2.233,-37.538,-1.608,1229.225,2333.768,1104.543,36.0,-1.893,-1298.178,209.073,-307.765,2.233,32.936,150.132,732.374,0.172,-43.169,-61.976,-22.162,-55.67,7.0,-35.092,269.0,77.0,48.641,-51.519,0.627,-2.355,32.089,41.87,180.935,0.654,-2.161,-82.112,-2.543,-99.189,0.678,temp_g20_23_0001,bi-obj/run12/g21/g21_8.pdb.sc
520.0,766.930278301239,1.474865919810075,3.34932017326355,0.0,1.474865919810075,138.0,81.96577274799347,0.59395487498546,2.4630353450775146,3.3212872199390246,3.9152420949244844,38.0,7.803828954696655,0.2053639198604383,0.9008288383483887,4.546651049664146,4.752014969524584,89.76960170269012,176.0,38,39,250,271,521,run12_g21_g21_9,bi-obj/run12/g21/g21_9.pdb,-472.514,-1.757,-55.495,-2.588,-49.727,-2.319,1032.278,2144.046,1111.768,23.0,-0.942,-1256.564,192.857,-315.068,2.067,29.414,135.86,733.636,0.245,-52.045,-64.292,-20.653,-59.07,13.0,-35.629,269.0,78.0,35.265,-51.957,0.615,-2.339,37.663,41.567,174.774,0.696,-2.359,-89.64,-2.321,-92.824,0.602,temp_g21_00_0001,bi-obj/run12/g21/g21_9.pdb.sc
520.0,767.0149985551834,1.4750288433753527,3.34932017326355,0.0,1.4750288433753527,136.0,82.12793803215027,0.6038818972952226,2.4630353450775146,3.316103333936018,3.919985231231241,38.0,7.891345739364624,0.20766699314117432,0.9008288383483887,4.545241374718516,4.75290836785969,90.01928377151489,174.0,38,39,250,271,521,run12_g22_g22_0,bi-obj/run12/g22/g22_0.pdb,-471.728,-1.754,-55.475,-2.58,-49.642,-2.309,1045.983,2150.385,1104.403,23.0,-0.942,-1256.042,192.723,-314.843,2.067,29.416,135.588,733.342,0.247,-52.062,-63.975,-20.699,-59.047,13.0,-35.615,269.0,78.0,35.358,-51.893,0.632,-2.337,37.846,41.677,174.774,0.696,-2.352,-89.378,-2.322,-92.881,0.602,temp_g16_16_0001,bi-obj/run12/g22/g22_0.pdb.sc
554.0,810.5488394498825,1.4630845477434702,3.135190963745117,0.0,1.4630845477434702,157.0,92.51262187957764,0.5892523686597302,2.4116063117980957,3.2922892616053296,3.8815416302650596,54.0,11.910202980041504,0.22055931444521304,1.2387056350708008,4.292329748471578,4.512889062916791,104.42282485961914,211.0,38,39,285,270,555,run12_g22_g22_1,bi-obj/run12/g22/g22_1.pdb,-511.84,-1.903,-53.44,-2.441,-48.832,-2.231,1164.84,2189.12,1024.279,32.0,-1.099,-1309.476,200.185,-337.298,2.216,30.46,149.704,766.862,0.286,-51.389,-63.669,-27.677,-59.83,13.0,-34.774,269.0,75.0,39.191,-51.098,0.724,-2.855,25.62,38.456,171.191,0.678,-2.58,-90.311,-3.096,-123.826,0.583,temp_g21_18_0001,bi-obj/run12/g22/g22_1.pdb.sc
548.0,806.0023379325867,1.4708071860083698,3.1119563579559326,0.0,1.4708071860083698,144.0,84.00481355190277,0.5833667607771026,2.4116432666778564,3.299555287592941,3.8829220483700433,41.0,11.092349290847778,0.27054510465482384,0.8450937271118164,4.2600800235097,4.530625128164524,95.09716284275055,185.0,38,39,277,272,549,run12_g22_g22_10,bi-obj/run12/g22/g22_10.pdb,-425.034,-1.58,-42.347,-1.842,-29.406,-1.279,1159.91,2298.581,1138.67,35.0,-0.826,-1279.306,211.17,-313.374,2.088,32.171,154.028,746.654,0.244,-50.18,-58.634,-19.928,-55.109,8.0,-34.658,269.0,80.0,47.071,-49.222,0.764,-2.133,24.343,47.58,170.505,0.684,-1.719,-67.046,-2.526,-103.571,0.59,temp_g20_08_0001,bi-obj/run12/g22/g22_10.pdb.sc
552.0,810.9544849395752,1.4691204437311145,3.135190963745117,0.0,1.4691204437311145,149.0,87.71104967594147,0.5886647629257816,2.1777970790863037,3.2822202780102723,3.870885040936054,50.0,12.67393684387207,0.2534787368774414,1.252683162689209,4.281653614044189,4.535132350921631,100.38498651981354,199.0,38,39,283,270,553,run12_g22_g22_11,bi-obj/run12/g22/g22_11.pdb,-504.56,-1.876,-55.268,-2.48,-48.119,-2.159,1190.79,2228.305,1037.515,33.0,-0.826,-1301.411,199.799,-329.508,2.208,30.513,141.541,759.467,0.218,-51.439,-64.095,-25.067,-58.668,10.0,-34.949,269.0,78.0,42.615,-51.142,0.715,-2.865,26.939,37.674,171.216,0.681,-2.777,-102.754,-2.945,-120.733,0.574,temp_g17_13_0001,bi-obj/run12/g22/g22_11.pdb.sc
522.0,769.0850573778152,1.4733430217965808,3.3055760860443115,0.0,1.4733430217965808,138.0,81.66986179351807,0.5918105927066527,2.5400915145874023,3.328654356624769,3.920464949331422,42.0,8.201208591461182,0.19526687122526623,0.927607536315918,4.471756333396549,4.667023204621815,89.87107038497925,180.0,38,38,259,264,523,run12_g22_g22_12,bi-obj/run12/g22/g22_12.pdb,-469.998,-1.747,-53.966,-2.515,-42.626,-1.986,1110.838,2146.022,1035.184,24.0,-0.942,-1270.167,204.655,-327.921,2.049,30.239,141.959,749.627,0.269,-54.821,-65.293,-20.894,-57.939,11.0,-33.391,269.0,76.0,37.793,-51.678,0.707,-2.459,35.545,40.434,170.16,0.692,-2.302,-85.165,-2.607,-101.684,0.588,temp_g19_09_0001,bi-obj/run12/g22/g22_12.pdb.sc
515.0,760.0353479385376,1.4757967921136652,3.34932017326355,0.0,1.4757967921136652,132.0,82.19165134429932,0.6226640253356008,2.358733654022217,3.2999489361589607,3.9226129614945613,36.0,7.855952501296997,0.21822090281380546,0.8658332824707031,4.510965738031599,4.729186640845405,90.04760384559631,168.0,38,38,252,264,516,run12_g22_g22_13,bi-obj/run12/g22/g22_13.pdb,-476.62,-1.772,-55.502,-2.588,-49.893,-2.326,1052.77,2144.826,1092.056,21.0,-0.942,-1257.133,192.689,-315.265,2.088,29.493,135.745,735.064,0.256,-52.161,-64.163,-20.67,-59.518,13.0,-36.029,269.0,77.0,36.135,-50.644,0.667,-2.375,33.85,40.554,173.686,0.707,-2.441,-90.315,-2.314,-92.563,0.602,temp_g22_24_0001,bi-obj/run12/g22/g22_13.pdb.sc
552.0,810.8481409549713,1.468927791585093,3.135190963745117,0.0,1.468927791585093,150.0,87.43198370933533,0.5828798913955688,2.1777970790863037,3.2861125659942627,3.8689924573898313,51.0,12.661960124969482,0.2482737279405781,1.2899250984191895,4.288976795533124,4.537250523473702,100.09394383430481,201.0,38,39,283,270,553,run12_g22_g22_14,bi-obj/run12/g22/g22_14.pdb,-504.842,-1.877,-55.02,-2.463,-48.196,-2.157,1192.955,2233.987,1041.032,34.0,-0.826,-1303.066,201.543,-335.212,2.222,30.744,143.045,762.366,0.218,-51.451,-64.034,-25.096,-58.715,10.0,-34.382,269.0,78.0,42.857,-51.099,0.701,-2.855,26.939,37.53,171.216,0.683,-2.756,-101.986,-2.945,-120.732,0.577,temp_g22_10_0001,bi-obj/run12/g22/g22_14.pdb.sc
520.0,767.0024050474167,1.475004625091186,3.34932017326355,0.0,1.475004625091186,135.0,82.37381529808044,0.6101764096154108,2.358733654022217,3.317614933296486,3.9277913429118967,36.0,7.806258916854858,0.21684052546819052,0.9008288383483887,4.507726344797346,4.724566870265537,90.1800742149353,171.0,38,39,250,271,521,run12_g22_g22_15,bi-obj/run12/g22/g22_15.pdb,-472.051,-1.755,-55.824,-2.6,-50.335,-2.344,1055.238,2147.393,1092.155,21.0,-0.942,-1257.072,192.396,-314.999,2.088,29.417,135.959,734.123,0.254,-52.156,-63.957,-20.675,-59.178,13.0,-35.689,269.0,78.0,35.754,-51.805,0.642,-2.334,37.846,41.465,174.774,0.708,-2.356,-89.536,-2.314,-92.551,0.602,temp_g19_00_0001,bi-obj/run12/g22/g22_15.pdb.sc
508.0,752.4563915729523,1.481213369238095,3.316951036453247,0.0,1.481213369238095,136.0,81.07790172100067,0.5961610420661814,2.542375326156616,3.356198744738803,3.9523597868049847,38.0,11.706999778747559,0.30807894154598836,0.859929084777832,4.41602004829206,4.724098989838048,92.78490149974823,174.0,38,37,253,256,509,run12_g22_g22_16,bi-obj/run12/g22/g22_16.pdb,-501.851,-1.866,-62.218,-2.85,-53.906,-2.469,1149.078,2183.44,1034.363,18.0,-1.899,-1256.873,192.468,-332.476,2.087,29.441,130.708,733.372,0.238,-51.381,-65.202,-22.749,-59.863,13.0,-33.864,269.0,78.0,36.014,-53.634,0.634,-2.897,33.643,40.052,177.534,0.625,-2.917,-105.001,-2.88,-120.942,0.771,temp_g22_07_0001,bi-obj/run12/g22/g22_16.pdb.sc
554.0,814.9108939170837,1.4709582922691042,3.117875814437866,0.0,1.4709582922691042,142.0,85.18871188163757,0.5999205062087153,2.386108875274658,3.2726030064300753,3.8725235126387907,42.0,11.667023420333862,0.277786271912711,1.2716140747070312,4.354336590993972,4.632122862906683,96.85573530197144,184.0,38,39,283,272,555,run12_g22_g22_17,bi-obj/run12/g22/g22_17.pdb,-436.15,-1.621,-44.105,-1.926,-27.875,-1.217,1160.463,2290.351,1129.888,29.0,-0.826,-1294.564,215.199,-318.903,2.131,32.449,160.057,753.011,0.311,-48.174,-58.644,-23.859,-55.302,9.0,-33.808,269.0,79.0,45.506,-53.176,0.677,-2.239,24.656,44.752,172.703,0.643,-1.719,-65.314,-2.72,-111.538,0.639,temp_g22_06_0001,bi-obj/run12/g22/g22_17.pdb.sc
520.0,766.6304454803467,1.4742893182314358,3.3055760860443115,0.0,1.4742893182314358,138.0,81.05165195465088,0.5873308112655861,2.5400915145874023,3.33540830232095,3.922739113586536,44.0,7.927767753601074,0.18017653985456986,0.9674286842346191,4.477256764065135,4.657433303919706,88.97941970825195,182.0,38,38,257,264,521,run12_g22_g22_18,bi-obj/run12/g22/g22_18.pdb,-481.689,-1.791,-53.69,-2.474,-43.047,-1.984,1091.836,2169.966,1078.131,24.0,-0.942,-1265.944,205.256,-333.141,2.048,30.189,138.902,747.591,0.282,-55.116,-65.775,-22.29,-57.866,11.0,-32.902,269.0,77.0,36.778,-54.113,0.711,-2.468,33.212,40.588,171.247,0.686,-2.3,-85.083,-2.624,-104.961,0.588,temp_g22_13_0001,bi-obj/run12/g22/g22_18.pdb.sc
554.0,816.3953549861908,1.473637824884821,3.291389226913452,0.0,1.473637824884821,148.0,85.21727335453033,0.5757923875306104,2.516040086746216,3.3390765842553733,3.9148689717859835,42.0,12.685283184051514,0.3020305520012265,1.0269365310668945,4.23397806144896,4.5360086134501865,97.90255653858185,190.0,38,39,283,272,555,run12_g22_g22_19,bi-obj/run12/g22/g22_19.pdb,-466.186,-1.733,-50.326,-2.193,-42.686,-1.86,1198.848,2295.021,1096.173,32.0,-1.893,-1283.03,200.628,-310.364,2.204,32.744,138.298,726.584,0.151,-43.326,-62.559,-21.376,-57.607,7.0,-35.694,269.0,76.0,45.495,-49.853,0.731,-2.563,32.233,39.532,181.151,0.64,-2.588,-95.77,-2.54,-99.051,0.647,temp_g21_20_0001,bi-obj/run12/g22/g22_19.pdb.sc
546.0,803.8729037046432,1.4722946954297496,3.471705675125122,0.0,1.4722946954297496,141.0,83.70236611366272,0.5936338022245583,2.9768474102020264,3.329228377511315,3.9228621797358736,41.0,11.265418291091919,0.2747662997827297,0.9899411201477051,4.400080087708264,4.674846387490994,94.96778440475464,182.0,38,40,270,277,547,run12_g22_g22_2,bi-obj/run12/g22/g22_2.pdb,-502.323,-1.867,-57.13,-2.518,-49.496,-2.181,1131.627,2269.174,1137.547,22.0,-1.758,-1283.647,196.987,-332.235,2.205,29.503,144.087,739.855,0.285,-51.37,-65.926,-28.533,-58.237,13.0,-34.033,269.0,76.0,37.203,-47.011,0.705,-2.841,28.186,40.822,180.889,0.686,-2.617,-96.822,-3.053,-119.074,0.691,temp_g22_02_0001,bi-obj/run12/g22/g22_2.pdb.sc
520.0,768.2215855121613,1.4773492029080024,3.353508949279785,0.0,1.4773492029080024,142.0,82.71189177036285,0.5824781110588934,2.431262969970703,3.326100096736156,3.908578207795049,40.0,11.72807002067566,0.29320175051689146,0.843773365020752,4.336902439594269,4.63010419011116,94.43996179103851,182.0,38,38,258,263,521,run12_g22_g22_20,bi-obj/run12/g22/g22_20.pdb,-505.774,-1.88,-62.466,-2.873,-55.283,-2.543,1170.896,2174.226,1003.33,21.0,-2.031,-1266.386,194.269,-323.867,2.119,29.989,133.375,730.236,0.225,-48.701,-65.897,-22.242,-59.409,12.0,-35.107,269.0,79.0,35.296,-52.291,0.647,-2.822,26.818,40.281,177.002,0.635,-2.941,-105.86,-2.723,-117.068,0.771,temp_g18_06_0001,bi-obj/run12/g22/g22_20.pdb.sc
550.0,807.6190575361252,1.4683982864293186,3.135190963745117,0.0,1.4683982864293186,149.0,87.05640411376953,0.5842711685487888,2.2367801666259766,3.296273732345376,3.880544900894165,51.0,12.853256225585938,0.2520246318742341,1.2387056350708008,4.286280622669294,4.538305254543529,99.90966033935547,200.0,38,39,281,270,551,run12_g22_g22_21,bi-obj/run12/g22/g22_21.pdb,-509.343,-1.893,-55.023,-2.511,-47.893,-2.186,1171.031,2191.052,1020.021,31.0,-1.099,-1307.248,200.619,-337.829,2.228,30.459,145.258,765.095,0.219,-51.611,-63.507,-23.702,-59.072,10.0,-34.41,269.0,78.0,39.315,-50.615,0.738,-2.89,25.62,38.308,172.266,0.698,-2.813,-104.075,-2.96,-121.37,0.581,temp_g20_03_0001,bi-obj/run12/g22/g22_21.pdb.sc
554.0,816.6728130578995,1.4741386517290604,3.291389226913452,0.0,1.4741386517290604,146.0,86.07696306705475,0.5895682401853065,2.4852120876312256,3.3245114014573294,3.914079641642636,45.0,12.727596998214722,0.28283548884921605,1.0269365310668945,4.288406409157647,4.571241898006863,98.80456006526947,191.0,38,39,283,272,555,run12_g22_g22_22,bi-obj/run12/g22/g22_22.pdb,-441.654,-1.642,-47.834,-2.122,-37.068,-1.644,1169.464,2254.32,1084.856,37.0,-1.893,-1287.897,205.827,-307.85,2.207,32.779,146.88,730.766,0.174,-42.934,-62.489,-22.249,-55.722,7.0,-34.767,269.0,76.0,49.71,-50.428,0.7,-2.303,32.233,42.343,181.151,0.645,-2.089,-77.303,-2.505,-97.702,0.677,temp_g19_03_0001,bi-obj/run12/g22/g22_22.pdb.sc
562.0,827.9403984546661,1.4732035559691568,3.248852252960205,0.0,1.4732035559691568,151.0,90.43523168563843,0.5989088191101882,2.4852120876312256,3.302114884584945,3.901023703695133,49.0,13.310790300369263,0.271648781640189,1.0269365310668945,4.275994748485331,4.54764353012552,103.74602198600769,200.0,38,39,291,272,563,run12_g22_g22_23,bi-obj/run12/g22/g22_23.pdb,-446.464,-1.66,-52.117,-2.233,-37.538,-1.608,1229.225,2333.768,1104.543,36.0,-1.893,-1298.178,209.073,-307.765,2.233,32.936,150.132,732.374,0.172,-43.169,-61.976,-22.162,-55.67,7.0,-35.092,269.0,77.0,48.641,-51.519,0.627,-2.355,32.089,41.87,180.935,0.654,-2.161,-82.112,-2.543,-99.189,0.678,temp_g20_23_0001,bi-obj/run12/g22/g22_23.pdb.sc
554.0,816.6331944465637,1.4740671379901873,3.291389226913452,0.0,1.4740671379901873,147.0,86.3509259223938,0.5874212647781891,2.4785263538360596,3.334773980030397,3.922195244808586,45.0,12.788019180297852,0.2841782040066189,1.0269365310668945,4.285126807954576,4.5693050119611955,99.13894510269165,192.0,38,39,283,272,555,run12_g22_g22_24,bi-obj/run12/g22/g22_24.pdb,-442.079,-1.643,-48.242,-2.132,-36.044,-1.593,1178.732,2262.73,1083.998,37.0,-1.893,-1288.239,205.714,-307.894,2.208,32.784,147.057,730.859,0.179,-42.931,-62.403,-22.216,-55.69,7.0,-34.985,269.0,76.0,49.609,-50.455,0.682,-2.306,32.233,42.334,181.151,0.644,-2.096,-77.567,-2.504,-97.672,0.679,temp_g22_23_0001,bi-obj/run12/g22/g22_24.pdb.sc
517.0,763.8881212472916,1.4775398863583975,3.3356821537017822,0.0,1.4775398863583975,139.0,82.06526350975037,0.5903975792068372,2.9166083335876465,3.328104099781393,3.91850167898823,43.0,12.160321712493896,0.2827981793603232,0.8419356346130371,4.422535990559777,4.705334169920101,94.22558522224426,182.0,38,38,255,263,518,run12_g22_g22_3,bi-obj/run12/g22/g22_3.pdb,-512.296,-1.904,-60.962,-2.886,-54.283,-2.57,1178.461,2112.364,933.903,16.0,-1.895,-1263.494,191.909,-331.567,2.104,29.196,134.477,730.958,0.22,-52.427,-65.004,-23.926,-59.335,12.0,-34.174,269.0,76.0,35.146,-53.301,0.688,-2.989,27.837,39.895,180.544,0.65,-2.921,-105.146,-3.051,-122.031,0.761,temp_g22_01_0001,bi-obj/run12/g22/g22_3.pdb.sc
528.0,779.9415148496628,1.4771619599425432,3.4032764434814453,0.0,1.4771619599425432,137.0,79.352365732193,0.5792143484101678,2.953403949737549,3.340296158825394,3.919510507235562,35.0,10.31158971786499,0.29461684908185687,1.016404628753662,4.372808456420898,4.667425305502755,89.66395545005798,172.0,38,38,265,264,529,run12_g22_g22_4,bi-obj/run12/g22/g22_4.pdb,-483.754,-1.798,-59.417,-2.688,-51.116,-2.312,1186.776,2210.796,1024.02,19.0,-1.79,-1277.527,195.891,-313.597,2.322,30.365,136.589,719.892,0.212,-52.536,-62.512,-21.231,-57.435,12.0,-34.665,269.0,76.0,38.591,-48.591,0.688,-2.525,36.447,41.817,183.591,0.722,-2.506,-92.725,-2.543,-99.188,0.624,temp_g21_07_0001,bi-obj/run12/g22/g22_4.pdb.sc
520.0,766.930278301239,1.474865919810075,3.34932017326355,0.0,1.474865919810075,138.0,81.96577274799347,0.59395487498546,2.4630353450775146,3.3212872199390246,3.9152420949244844,38.0,7.803828954696655,0.2053639198604383,0.9008288383483887,4.546651049664146,4.752014969524584,89.76960170269012,176.0,38,39,250,271,521,run12_g22_g22_5,bi-obj/run12/g22/g22_5.pdb,-472.514,-1.757,-55.495,-2.588,-49.727,-2.319,1032.278,2144.046,1111.768,23.0,-0.942,-1256.564,192.857,-315.068,2.067,29.414,135.86,733.636,0.245,-52.045,-64.292,-20.653,-59.07,13.0,-35.629,269.0,78.0,35.265,-51.957,0.615,-2.339,37.663,41.567,174.774,0.696,-2.359,-89.64,-2.321,-92.824,0.602,temp_g21_00_0001,bi-obj/run12/g22/g22_5.pdb.sc
528.0,779.4077485799789,1.4761510389772328,3.192565679550171,0.0,1.4761510389772328,136.0,79.15908825397491,0.5820521195145214,2.953403949737549,3.314920824240236,3.8969729437547573,37.0,10.210106372833252,0.2759488208873852,1.016404628753662,4.283713031459499,4.559661852346884,89.36919462680817,173.0,38,37,273,256,529,run12_g22_g22_6,bi-obj/run12/g22/g22_6.pdb,-488.339,-1.815,-60.538,-2.763,-54.261,-2.477,1135.802,2191.016,1055.214,20.0,-1.827,-1284.142,198.813,-310.889,2.373,30.469,140.942,721.557,0.232,-52.169,-63.262,-22.775,-57.411,13.0,-34.994,269.0,74.0,41.252,-49.811,0.7,-2.57,30.592,38.899,183.375,0.689,-2.464,-88.721,-2.67,-101.447,0.668,temp_g22_03_0001,bi-obj/run12/g22/g22_6.pdb.sc
521.0,770.7256006002426,1.4793197708258015,3.353508949279785,0.0,1.4793197708258015,141.0,82.67457187175751,0.5863444813599823,2.4338583946228027,3.3609784993719547,3.947322980731937,41.0,11.958792686462402,0.291677870401522,0.843773365020752,4.342417350629481,4.634095221031003,94.63336455821991,182.0,38,38,259,263,522,run12_g22_g22_7,bi-obj/run12/g22/g22_7.pdb,-508.258,-1.889,-62.075,-2.835,-53.573,-2.447,1167.214,2189.569,1022.355,18.0,-1.884,-1262.309,194.499,-329.107,2.109,29.526,133.719,728.798,0.239,-50.638,-65.259,-22.806,-59.419,13.0,-34.811,269.0,79.0,35.047,-53.068,0.706,-2.955,27.841,40.326,178.406,0.623,-2.91,-104.776,-2.992,-128.658,0.771,temp_g20_20_0001,bi-obj/run12/g22/g22_7.pdb.sc
564.0,831.2134447097778,1.4737827033861308,3.248852252960205,0.0,1.4737827033861308,151.0,90.53981184959412,0.5996014029774445,2.4852120876312256,3.3021578536128366,3.901759256590281,50.0,13.68379831314087,0.27367596626281737,1.0219941139221191,4.268905634880066,4.542581601142883,104.22361016273499,201.0,38,39,293,272,565,run12_g22_g22_8,bi-obj/run12/g22/g22_8.pdb,-448.818,-1.668,-52.121,-2.237,-37.62,-1.615,1227.173,2329.721,1102.548,36.0,-1.893,-1302.982,210.708,-312.258,2.241,33.159,151.054,737.217,0.172,-44.199,-61.989,-24.096,-55.732,7.0,-34.579,269.0,77.0,49.062,-51.902,0.676,-2.363,32.089,41.215,183.392,0.654,-2.158,-81.999,-2.562,-99.914,0.678,temp_g22_08_0001,bi-obj/run12/g22/g22_8.pdb.sc
544.0,799.5506817102432,1.4697622825555943,3.1348843574523926,0.0,1.4697622825555943,143.0,83.96682381629944,0.5871805861279681,2.178122043609619,3.284042673511105,3.871223259639073,47.0,11.572043657302856,0.24621369483623098,1.252683162689209,4.306992916350669,4.5532066111869,95.5388674736023,190.0,38,39,275,270,545,run12_g22_g22_9,bi-obj/run12/g22/g22_9.pdb,-513.193,-1.908,-59.31,-2.641,-54.108,-2.41,1198.935,2245.485,1046.549,29.0,-0.826,-1288.834,199.02,-333.226,2.156,29.73,139.48,760.276,0.215,-53.015,-66.693,-26.822,-58.571,12.0,-34.562,269.0,79.0,41.15,-55.0,0.723,-2.966,23.249,37.299,171.432,0.701,-2.853,-108.42,-3.071,-125.92,0.566,temp_g21_19_0001,bi-obj/run12/g22/g22_9.pdb.sc
520.0,767.0149985551834,1.4750288433753527,3.34932017326355,0.0,1.4750288433753527,136.0,82.12793803215027,0.6038818972952226,2.4630353450775146,3.316103333936018,3.919985231231241,38.0,7.891345739364624,0.20766699314117432,0.9008288383483887,4.545241374718516,4.75290836785969,90.01928377151489,174.0,38,39,250,271,521,run12_g23_g23_0,bi-obj/run12/g23/g23_0.pdb,-471.728,-1.754,-55.475,-2.58,-49.642,-2.309,1045.983,2150.385,1104.403,23.0,-0.942,-1256.042,192.723,-314.843,2.067,29.416,135.588,733.342,0.247,-52.062,-63.975,-20.699,-59.047,13.0,-35.615,269.0,78.0,35.358,-51.893,0.632,-2.337,37.846,41.677,174.774,0.696,-2.352,-89.378,-2.322,-92.881,0.602,temp_g16_16_0001,bi-obj/run12/g23/g23_0.pdb.sc
546.0,802.8122012615204,1.4703520169624915,3.1119563579559326,0.0,1.4703520169624915,137.0,83.67555010318756,0.6107704387093983,2.343534231185913,3.2875612521693656,3.8983316908787637,41.0,10.718357563018799,0.26142335519558046,0.8450937271118164,4.32214271731493,4.58356607251051,94.39390766620636,178.0,38,39,275,272,547,run12_g23_g23_1,bi-obj/run12/g23/g23_1.pdb,-451.981,-1.68,-44.507,-1.945,-31.422,-1.373,1164.311,2288.011,1123.7,28.0,-0.826,-1274.796,208.909,-319.428,2.094,31.816,144.9,744.116,0.275,-51.891,-59.767,-22.695,-56.479,9.0,-32.462,269.0,80.0,41.683,-48.751,0.731,-2.406,24.343,45.083,171.555,0.68,-2.127,-82.951,-2.671,-109.504,0.616,temp_g23_10_0001,bi-obj/run12/g23/g23_1.pdb.sc
558.0,822.1704293489456,1.4734237085106552,3.248852252960205,0.0,1.4734237085106552,147.0,86.94930291175842,0.5914918565425743,2.4852120876312256,3.3417739576222947,3.933265814164869,46.0,12.558385610580444,0.2730083828387053,1.0219941139221191,4.312363412069238,4.585371794907943,99.50768852233887,193.0,38,39,287,272,559,run12_g23_g23_10,bi-obj/run12/g23/g23_10.pdb,-462.273,-1.718,-51.961,-2.234,-40.212,-1.729,1232.171,2325.48,1093.31,30.0,-1.893,-1291.715,208.672,-314.092,2.219,32.595,142.478,737.406,0.16,-44.203,-62.497,-26.066,-57.278,7.0,-33.919,269.0,78.0,44.005,-52.088,0.659,-2.5,32.089,38.829,182.52,0.635,-2.489,-94.578,-2.511,-100.442,0.663,temp_g23_08_0001,bi-obj/run12/g23/g23_10.pdb.sc
552.0,810.9544849395752,1.4691204437311145,3.135190963745117,0.0,1.4691204437311145,149.0,87.71104967594147,0.5886647629257816,2.1777970790863037,3.2822202780102723,3.870885040936054,50.0,12.67393684387207,0.2534787368774414,1.252683162689209,4.281653614044189,4.535132350921631,100.38498651981354,199.0,38,39,283,270,553,run12_g23_g23_11,bi-obj/run12/g23/g23_11.pdb,-504.56,-1.876,-55.268,-2.48,-48.119,-2.159,1190.79,2228.305,1037.515,33.0,-0.826,-1301.411,199.799,-329.508,2.208,30.513,141.541,759.467,0.218,-51.439,-64.095,-25.067,-58.668,10.0,-34.949,269.0,78.0,42.615,-51.142,0.715,-2.865,26.939,37.674,171.216,0.681,-2.777,-102.754,-2.945,-120.733,0.574,temp_g17_13_0001,bi-obj/run12/g23/g23_11.pdb.sc
550.0,807.9601002931595,1.4690183641693808,3.142017126083374,0.0,1.4690183641693808,147.0,87.22942781448364,0.593397468125739,2.1777970790863037,3.27876877784729,3.872166245973029,48.0,12.179050922393799,0.2537302275498708,0.9059343338012695,4.2642587423324585,4.517988969882329,99.40847873687744,195.0,38,39,281,270,551,run12_g23_g23_12,bi-obj/run12/g23/g23_12.pdb,-508.045,-1.889,-55.761,-2.49,-48.948,-2.186,1212.106,2239.203,1027.097,28.0,-0.826,-1295.556,197.311,-330.959,2.193,30.26,139.833,755.852,0.212,-51.385,-63.815,-26.331,-58.669,10.0,-34.191,269.0,78.0,41.563,-51.472,0.719,-2.859,26.939,38.265,172.266,0.666,-2.706,-102.836,-3.005,-120.188,0.677,temp_g23_11_0001,bi-obj/run12/g23/g23_12.pdb.sc
503.0,744.8233617544174,1.4807621506052036,3.2967588901519775,0.0,1.4807621506052036,131.0,81.84071350097656,0.624738270999821,2.531726837158203,3.310709285372086,3.935447556371907,35.0,10.75870966911316,0.30739170483180456,0.8401837348937988,4.422549779074533,4.729941483906337,92.59942317008972,166.0,38,36,255,249,504,run12_g23_g23_13,bi-obj/run12/g23/g23_13.pdb,-504.795,-1.877,-61.202,-2.824,-53.569,-2.472,1175.674,2166.977,991.303,17.0,-1.899,-1263.79,192.552,-334.504,2.094,29.504,135.705,740.464,0.271,-52.48,-64.985,-22.439,-59.326,14.0,-33.88,269.0,78.0,35.446,-54.908,0.7,-2.955,31.257,39.184,176.446,0.618,-2.89,-106.94,-3.013,-123.523,0.766,temp_g23_16_0001,bi-obj/run12/g23/g23_13.pdb.sc
517.0,763.8881212472916,1.4775398863583975,3.3356821537017822,0.0,1.4775398863583975,139.0,82.06526350975037,0.5903975792068372,2.9166083335876465,3.328104099781393,3.91850167898823,43.0,12.160321712493896,0.2827981793603232,0.8419356346130371,4.422535990559777,4.705334169920101,94.22558522224426,182.0,38,38,255,263,518,run12_g23_g23_14,bi-obj/run12/g23/g23_14.pdb,-512.296,-1.904,-60.962,-2.886,-54.283,-2.57,1178.461,2112.364,933.903,16.0,-1.895,-1263.494,191.909,-331.567,2.104,29.196,134.477,730.958,0.22,-52.427,-65.004,-23.926,-59.335,12.0,-34.174,269.0,76.0,35.146,-53.301,0.688,-2.989,27.837,39.895,180.544,0.65,-2.921,-105.146,-3.051,-122.031,0.761,temp_g22_01_0001,bi-obj/run12/g23/g23_14.pdb.sc
546.0,803.8638702630997,1.4722781506650178,3.4706296920776367,0.0,1.4722781506650178,141.0,83.68820035457611,0.5935333358480576,2.97453236579895,3.3292328102368836,3.9227661460849412,41.0,11.261961221694946,0.2746819810169499,0.9899411201477051,4.400166453384772,4.674848434401722,94.95016157627106,182.0,38,40,270,277,547,run12_g23_g23_15,bi-obj/run12/g23/g23_15.pdb,-502.418,-1.868,-57.127,-2.518,-49.481,-2.181,1130.906,2268.452,1137.547,22.0,-1.751,-1283.639,196.982,-332.262,2.203,29.5,144.063,739.854,0.285,-51.375,-65.897,-28.519,-58.245,13.0,-34.022,269.0,76.0,37.213,-47.011,0.761,-2.842,28.101,40.805,180.889,0.685,-2.617,-96.83,-3.056,-119.184,0.692,temp_g23_02_0001,bi-obj/run12/g23/g23_15.pdb.sc
554.0,816.3953549861908,1.473637824884821,3.291389226913452,0.0,1.473637824884821,148.0,85.21727335453033,0.5757923875306104,2.516040086746216,3.3390765842553733,3.9148689717859835,42.0,12.685283184051514,0.3020305520012265,1.0269365310668945,4.23397806144896,4.5360086134501865,97.90255653858185,190.0,38,39,283,272,555,run12_g23_g23_16,bi-obj/run12/g23/g23_16.pdb,-466.186,-1.733,-50.326,-2.193,-42.686,-1.86,1198.848,2295.021,1096.173,32.0,-1.893,-1283.03,200.628,-310.364,2.204,32.744,138.298,726.584,0.151,-43.326,-62.559,-21.376,-57.607,7.0,-35.694,269.0,76.0,45.495,-49.853,0.731,-2.563,32.233,39.532,181.151,0.64,-2.588,-95.77,-2.54,-99.051,0.647,temp_g21_20_0001,bi-obj/run12/g23/g23_16.pdb.sc
554.0,810.5488394498825,1.4630845477434702,3.135190963745117,0.0,1.4630845477434702,157.0,92.51262187957764,0.5892523686597302,2.4116063117980957,3.2922892616053296,3.8815416302650596,54.0,11.910202980041504,0.22055931444521304,1.2387056350708008,4.292329748471578,4.512889062916791,104.42282485961914,211.0,38,39,285,270,555,run12_g23_g23_17,bi-obj/run12/g23/g23_17.pdb,-511.84,-1.903,-53.44,-2.441,-48.832,-2.231,1164.84,2189.12,1024.279,32.0,-1.099,-1309.476,200.185,-337.298,2.216,30.46,149.704,766.862,0.286,-51.389,-63.669,-27.677,-59.83,13.0,-34.774,269.0,75.0,39.191,-51.098,0.724,-2.855,25.62,38.456,171.191,0.678,-2.58,-90.311,-3.096,-123.826,0.583,temp_g21_18_0001,bi-obj/run12/g23/g23_17.pdb.sc
554.0,816.6331944465637,1.4740671379901873,3.291389226913452,0.0,1.4740671379901873,147.0,86.3509259223938,0.5874212647781891,2.4785263538360596,3.334773980030397,3.922195244808586,45.0,12.788019180297852,0.2841782040066189,1.0269365310668945,4.285126807954576,4.5693050119611955,99.13894510269165,192.0,38,39,283,272,555,run12_g23_g23_18,bi-obj/run12/g23/g23_18.pdb,-442.079,-1.643,-48.242,-2.132,-36.044,-1.593,1178.732,2262.73,1083.998,37.0,-1.893,-1288.239,205.714,-307.894,2.208,32.784,147.057,730.859,0.179,-42.931,-62.403,-22.216,-55.69,7.0,-34.985,269.0,76.0,49.609,-50.455,0.682,-2.306,32.233,42.334,181.151,0.644,-2.096,-77.567,-2.504,-97.672,0.679,temp_g22_23_0001,bi-obj/run12/g23/g23_18.pdb.sc
554.0,816.6728130578995,1.4741386517290604,3.291389226913452,0.0,1.4741386517290604,146.0,86.07696306705475,0.5895682401853065,2.4852120876312256,3.3245114014573294,3.914079641642636,45.0,12.727596998214722,0.28283548884921605,1.0269365310668945,4.288406409157647,4.571241898006863,98.80456006526947,191.0,38,39,283,272,555,run12_g23_g23_19,bi-obj/run12/g23/g23_19.pdb,-441.654,-1.642,-47.834,-2.122,-37.068,-1.644,1169.464,2254.32,1084.856,37.0,-1.893,-1287.897,205.827,-307.85,2.207,32.779,146.88,730.766,0.174,-42.934,-62.489,-22.249,-55.722,7.0,-34.767,269.0,76.0,49.71,-50.428,0.7,-2.303,32.233,42.343,181.151,0.645,-2.089,-77.303,-2.505,-97.702,0.677,temp_g19_03_0001,bi-obj/run12/g23/g23_19.pdb.sc
528.0,779.4077485799789,1.4761510389772328,3.192565679550171,0.0,1.4761510389772328,136.0,79.15908825397491,0.5820521195145214,2.953403949737549,3.314920824240236,3.8969729437547573,37.0,10.210106372833252,0.2759488208873852,1.016404628753662,4.283713031459499,4.559661852346884,89.36919462680817,173.0,38,37,273,256,529,run12_g23_g23_2,bi-obj/run12/g23/g23_2.pdb,-488.339,-1.815,-60.538,-2.763,-54.261,-2.477,1135.802,2191.016,1055.214,20.0,-1.827,-1284.142,198.813,-310.889,2.373,30.469,140.942,721.557,0.232,-52.169,-63.262,-22.775,-57.411,13.0,-34.994,269.0,74.0,41.252,-49.811,0.7,-2.57,30.592,38.899,183.375,0.689,-2.464,-88.721,-2.67,-101.447,0.668,temp_g22_03_0001,bi-obj/run12/g23/g23_2.pdb.sc
518.0,764.1324870586395,1.4751592414259451,3.34932017326355,0.0,1.4751592414259451,135.0,81.83820366859436,0.6062089160636619,2.3232104778289795,3.3165376910456903,3.922746607109352,39.0,8.488981485366821,0.2176661919324826,0.9008288383483887,4.577936643209213,4.795602835141695,90.32718515396118,174.0,38,39,248,271,519,run12_g23_g23_20,bi-obj/run12/g23/g23_20.pdb,-469.176,-1.744,-55.385,-2.57,-49.861,-2.314,1062.962,2154.675,1091.713,25.0,-0.942,-1256.618,192.125,-314.534,2.065,29.383,135.71,733.646,0.247,-52.319,-63.85,-20.654,-59.11,12.0,-35.254,269.0,78.0,36.745,-51.979,0.613,-2.317,37.846,42.103,175.861,0.698,-2.348,-89.219,-2.287,-91.48,0.602,temp_g23_00_0001,bi-obj/run12/g23/g23_20.pdb.sc
520.0,766.930278301239,1.474865919810075,3.34932017326355,0.0,1.474865919810075,138.0,81.96577274799347,0.59395487498546,2.4630353450775146,3.3212872199390246,3.9152420949244844,38.0,7.803828954696655,0.2053639198604383,0.9008288383483887,4.546651049664146,4.752014969524584,89.76960170269012,176.0,38,39,250,271,521,run12_g23_g23_21,bi-obj/run12/g23/g23_21.pdb,-472.514,-1.757,-55.495,-2.588,-49.727,-2.319,1032.278,2144.046,1111.768,23.0,-0.942,-1256.564,192.857,-315.068,2.067,29.414,135.86,733.636,0.245,-52.045,-64.292,-20.653,-59.07,13.0,-35.629,269.0,78.0,35.265,-51.957,0.615,-2.339,37.663,41.567,174.774,0.696,-2.359,-89.64,-2.321,-92.824,0.602,temp_g21_00_0001,bi-obj/run12/g23/g23_21.pdb.sc
528.0,779.9415148496628,1.4771619599425432,3.4032764434814453,0.0,1.4771619599425432,137.0,79.352365732193,0.5792143484101678,2.953403949737549,3.340296158825394,3.919510507235562,35.0,10.31158971786499,0.29461684908185687,1.016404628753662,4.372808456420898,4.667425305502755,89.66395545005798,172.0,38,38,265,264,529,run12_g23_g23_22,bi-obj/run12/g23/g23_22.pdb,-483.754,-1.798,-59.417,-2.688,-51.116,-2.312,1186.776,2210.796,1024.02,19.0,-1.79,-1277.527,195.891,-313.597,2.322,30.365,136.589,719.892,0.212,-52.536,-62.512,-21.231,-57.435,12.0,-34.665,269.0,76.0,38.591,-48.591,0.688,-2.525,36.447,41.817,183.591,0.722,-2.506,-92.725,-2.543,-99.188,0.624,temp_g21_07_0001,bi-obj/run12/g23/g23_22.pdb.sc
520.0,769.8352843523026,1.4804524699082742,3.3934824466705322,0.0,1.4804524699082742,131.0,76.48706066608429,0.5838706921075136,2.3344831466674805,3.350821830844151,3.9346925229516647,34.0,8.808054685592651,0.25906043192919564,1.016404628753662,4.522583204157212,4.781643636086407,85.29511535167694,165.0,38,38,257,264,521,run12_g23_g23_23,bi-obj/run12/g23/g23_23.pdb,-487.24,-1.811,-60.616,-2.703,-53.22,-2.373,1186.14,2242.389,1056.25,22.0,-1.747,-1263.755,195.14,-315.131,2.276,29.844,137.217,718.003,0.213,-53.208,-65.266,-21.37,-58.135,12.0,-34.241,269.0,77.0,35.457,-52.736,0.674,-2.583,34.169,41.821,183.807,0.689,-2.468,-91.333,-2.688,-107.522,0.616,temp_g23_04_0001,bi-obj/run12/g23/g23_23.pdb.sc
560.0,824.7276031970978,1.4727278628519602,3.248852252960205,0.0,1.4727278628519602,152.0,90.86480009555817,0.5977947374707774,2.387096881866455,3.293615799985434,3.891410537456211,51.0,14.100593328475952,0.2764822221269794,1.0269365310668945,4.314999645831538,4.591481867958517,104.96539342403412,203.0,38,39,289,272,561,run12_g23_g23_24,bi-obj/run12/g23/g23_24.pdb,-447.299,-1.663,-56.186,-2.385,-41.85,-1.776,1262.123,2356.163,1094.04,35.0,-1.893,-1300.467,208.84,-307.529,2.244,32.874,151.971,730.416,0.156,-43.264,-59.957,-22.506,-56.956,7.0,-35.605,269.0,79.0,48.332,-52.435,0.693,-2.293,32.089,43.844,182.023,0.664,-2.054,-80.096,-2.527,-101.078,0.68,temp_g23_23_0001,bi-obj/run12/g23/g23_24.pdb.sc
520.0,767.0024050474167,1.475004625091186,3.34932017326355,0.0,1.475004625091186,135.0,82.37381529808044,0.6101764096154108,2.358733654022217,3.317614933296486,3.9277913429118967,36.0,7.806258916854858,0.21684052546819052,0.9008288383483887,4.507726344797346,4.724566870265537,90.1800742149353,171.0,38,39,250,271,521,run12_g23_g23_3,bi-obj/run12/g23/g23_3.pdb,-472.051,-1.755,-55.824,-2.6,-50.335,-2.344,1055.238,2147.393,1092.155,21.0,-0.942,-1257.072,192.396,-314.999,2.088,29.417,135.959,734.123,0.254,-52.156,-63.957,-20.675,-59.178,13.0,-35.689,269.0,78.0,35.754,-51.805,0.642,-2.334,37.846,41.465,174.774,0.708,-2.356,-89.536,-2.314,-92.551,0.602,temp_g19_00_0001,bi-obj/run12/g23/g23_3.pdb.sc
508.0,752.4563915729523,1.481213369238095,3.316951036453247,0.0,1.481213369238095,136.0,81.07790172100067,0.5961610420661814,2.542375326156616,3.356198744738803,3.9523597868049847,38.0,11.706999778747559,0.30807894154598836,0.859929084777832,4.41602004829206,4.724098989838048,92.78490149974823,174.0,38,37,253,256,509,run12_g23_g23_4,bi-obj/run12/g23/g23_4.pdb,-501.851,-1.866,-62.218,-2.85,-53.906,-2.469,1149.078,2183.44,1034.363,18.0,-1.899,-1256.873,192.468,-332.476,2.087,29.441,130.708,733.372,0.238,-51.381,-65.202,-22.749,-59.863,13.0,-33.864,269.0,78.0,36.014,-53.634,0.634,-2.897,33.643,40.052,177.534,0.625,-2.917,-105.001,-2.88,-120.942,0.771,temp_g22_07_0001,bi-obj/run12/g23/g23_4.pdb.sc
546.0,803.8729037046432,1.4722946954297496,3.471705675125122,0.0,1.4722946954297496,141.0,83.70236611366272,0.5936338022245583,2.9768474102020264,3.329228377511315,3.9228621797358736,41.0,11.265418291091919,0.2747662997827297,0.9899411201477051,4.400080087708264,4.674846387490994,94.96778440475464,182.0,38,40,270,277,547,run12_g23_g23_5,bi-obj/run12/g23/g23_5.pdb,-502.323,-1.867,-57.13,-2.518,-49.496,-2.181,1131.627,2269.174,1137.547,22.0,-1.758,-1283.647,196.987,-332.235,2.205,29.503,144.087,739.855,0.285,-51.37,-65.926,-28.533,-58.237,13.0,-34.033,269.0,76.0,37.203,-47.011,0.705,-2.841,28.186,40.822,180.889,0.686,-2.617,-96.822,-3.053,-119.074,0.691,temp_g22_02_0001,bi-obj/run12/g23/g23_5.pdb.sc
544.0,799.7485486268997,1.4701260085053303,3.1482391357421875,0.0,1.4701260085053303,146.0,84.48394453525543,0.5786571543510646,2.199791669845581,3.2941462528215695,3.872803407172634,47.0,11.36107873916626,0.24172507955672892,1.252683162689209,4.310403854288953,4.552128933845682,95.84502327442169,193.0,38,39,275,270,545,run12_g23_g23_6,bi-obj/run12/g23/g23_6.pdb,-514.739,-1.914,-59.863,-2.655,-54.777,-2.429,1201.993,2254.851,1052.858,29.0,-0.826,-1287.826,199.337,-333.117,2.146,29.588,138.967,759.065,0.214,-53.067,-66.702,-28.858,-58.75,12.0,-34.2,269.0,79.0,41.638,-54.857,0.669,-2.98,23.259,37.464,171.432,0.698,-2.853,-108.412,-3.098,-127.025,0.568,temp_g23_09_0001,bi-obj/run12/g23/g23_6.pdb.sc
513.0,758.1594520807266,1.4778936687733462,3.3356821537017822,0.0,1.4778936687733462,140.0,81.14668250083923,0.5796191607202802,2.9166083335876465,3.344207773889814,3.9238269346100942,43.0,12.59166932106018,0.2928295190944228,0.8419356346130371,4.39837404739025,4.691203566484673,93.73835182189941,183.0,38,38,251,263,514,run12_g23_g23_7,bi-obj/run12/g23/g23_7.pdb,-513.315,-1.908,-61.36,-2.947,-54.348,-2.61,1182.63,2082.479,899.849,14.0,-1.895,-1258.538,190.114,-330.672,2.096,28.709,134.139,724.908,0.226,-52.553,-64.924,-23.918,-59.4,12.0,-33.602,269.0,75.0,36.563,-55.58,0.696,-3.024,27.837,39.951,182.683,0.654,-2.92,-105.123,-3.12,-121.663,0.767,temp_g23_03_0001,bi-obj/run12/g23/g23_7.pdb.sc
526.0,777.3591240644455,1.4778690571567406,3.292856216430664,0.0,1.4778690571567406,135.0,79.38930356502533,0.588068915296484,2.946056604385376,3.326372777974164,3.914441693270648,36.0,10.051668882369995,0.27921302451027763,0.9242844581604004,4.290961106618245,4.570174131128523,89.44097244739532,171.0,38,37,271,256,527,run12_g23_g23_8,bi-obj/run12/g23/g23_8.pdb,-493.371,-1.834,-60.819,-2.77,-54.401,-2.478,1120.786,2195.645,1074.859,16.0,-1.827,-1281.091,197.403,-315.271,2.351,29.95,141.752,719.226,0.235,-52.067,-64.364,-22.282,-57.669,13.0,-34.359,269.0,74.0,40.871,-50.38,0.665,-2.566,30.592,38.702,184.426,0.689,-2.478,-89.197,-2.65,-100.697,0.668,temp_g23_06_0001,bi-obj/run12/g23/g23_8.pdb.sc
558.0,819.380499124527,1.4684238335564999,3.135190963745117,0.0,1.4684238335564999,151.0,88.4886394739151,0.5860174799597027,2.1808669567108154,3.2728564194496106,3.8588738994093132,51.0,12.998619794845581,0.25487489793814866,1.2899250984191895,4.235766205133176,4.490641103071325,101.48725926876068,202.0,38,39,289,270,559,run12_g23_g23_9,bi-obj/run12/g23/g23_9.pdb,-502.403,-1.868,-55.04,-2.459,-48.051,-2.146,1195.454,2238.625,1043.171,32.0,-0.826,-1302.421,203.502,-333.468,2.241,30.689,142.338,760.197,0.218,-50.359,-63.959,-27.116,-59.056,11.0,-34.489,269.0,78.0,43.595,-50.782,0.7,-2.855,26.861,37.987,172.088,0.679,-2.757,-102.022,-2.944,-120.689,0.577,temp_g23_14_0001,bi-obj/run12/g23/g23_9.pdb.sc
520.0,767.0149985551834,1.4750288433753527,3.34932017326355,0.0,1.4750288433753527,136.0,82.12793803215027,0.6038818972952226,2.4630353450775146,3.316103333936018,3.919985231231241,38.0,7.891345739364624,0.20766699314117432,0.9008288383483887,4.545241374718516,4.75290836785969,90.01928377151489,174.0,38,39,250,271,521,run12_g24_g24_0,bi-obj/run12/g24/g24_0.pdb,-471.728,-1.754,-55.475,-2.58,-49.642,-2.309,1045.983,2150.385,1104.403,23.0,-0.942,-1256.042,192.723,-314.843,2.067,29.416,135.588,733.342,0.247,-52.062,-63.975,-20.699,-59.047,13.0,-35.615,269.0,78.0,35.358,-51.893,0.632,-2.337,37.846,41.677,174.774,0.696,-2.352,-89.378,-2.322,-92.881,0.602,temp_g16_16_0001,bi-obj/run12/g24/g24_0.pdb.sc
560.0,824.9831382036209,1.4731841753636088,3.241875171661377,0.0,1.4731841753636088,148.0,87.07542514801025,0.5883474672162855,2.4852120876312256,3.338249367636603,3.9265968348528886,49.0,12.436909437179565,0.25381447830978704,1.0219941139221191,4.352622830137914,4.606437308447702,99.51233458518982,197.0,38,39,289,272,561,run12_g24_g24_1,bi-obj/run12/g24/g24_1.pdb,-468.311,-1.741,-52.18,-2.246,-37.849,-1.629,1242.225,2323.075,1080.849,29.0,-1.867,-1297.844,210.387,-316.582,2.239,32.78,144.039,741.39,0.169,-44.694,-63.235,-26.378,-57.394,7.0,-34.381,269.0,78.0,40.65,-53.167,0.704,-2.472,36.182,37.467,181.432,0.632,-2.453,-93.196,-2.49,-99.599,0.663,temp_g24_10_0001,bi-obj/run12/g24/g24_1.pdb.sc
508.0,752.4563915729523,1.481213369238095,3.316951036453247,0.0,1.481213369238095,136.0,81.07790172100067,0.5961610420661814,2.542375326156616,3.356198744738803,3.9523597868049847,38.0,11.706999778747559,0.30807894154598836,0.859929084777832,4.41602004829206,4.724098989838048,92.78490149974823,174.0,38,37,253,256,509,run12_g24_g24_10,bi-obj/run12/g24/g24_10.pdb,-501.851,-1.866,-62.218,-2.85,-53.906,-2.469,1149.078,2183.44,1034.363,18.0,-1.899,-1256.873,192.468,-332.476,2.087,29.441,130.708,733.372,0.238,-51.381,-65.202,-22.749,-59.863,13.0,-33.864,269.0,78.0,36.014,-53.634,0.634,-2.897,33.643,40.052,177.534,0.625,-2.917,-105.001,-2.88,-120.942,0.771,temp_g22_07_0001,bi-obj/run12/g24/g24_10.pdb.sc
517.0,764.252240896225,1.4782441796832204,3.292856216430664,0.0,1.4782441796832204,135.0,79.6293032169342,0.589846690495809,2.946056604385376,3.316498048217208,3.9063447387130172,36.0,10.08892011642456,0.2802477810117934,0.9242844581604004,4.289481216006809,4.569728997018602,89.71822333335876,171.0,38,36,271,247,518,run12_g24_g24_11,bi-obj/run12/g24/g24_11.pdb,-493.471,-1.834,-60.843,-2.782,-54.47,-2.491,1115.917,2186.901,1070.984,16.0,-1.827,-1281.303,197.362,-315.247,2.352,29.954,141.803,719.19,0.235,-52.027,-64.331,-22.282,-57.647,13.0,-34.434,269.0,74.0,40.861,-50.35,0.711,-2.567,30.592,38.773,184.426,0.691,-2.477,-89.187,-2.652,-100.759,0.665,temp_g24_08_0001,bi-obj/run12/g24/g24_11.pdb.sc
556.0,819.6322108507156,1.4741586526092008,3.3505496978759766,0.0,1.4741586526092008,144.0,87.44427633285522,0.6072519189781613,2.4785263538360596,3.317821779184871,3.9250736981630325,47.0,12.516631841659546,0.26631131577999034,1.0269365310668945,4.338537251695674,4.604848567475664,99.96090817451477,191.0,38,39,285,272,557,run12_g24_g24_12,bi-obj/run12/g24/g24_12.pdb,-443.974,-1.65,-51.2,-2.264,-39.544,-1.749,1209.455,2261.479,1052.024,38.0,-1.731,-1293.055,206.193,-308.33,2.231,32.913,149.315,734.603,0.237,-46.057,-61.031,-22.182,-56.26,9.0,-34.493,269.0,76.0,50.599,-50.042,0.707,-2.336,30.715,41.883,180.063,0.648,-2.185,-83.033,-2.487,-94.524,0.691,temp_g24_18_0001,bi-obj/run12/g24/g24_12.pdb.sc
517.0,763.9227941036224,1.4776069518445307,3.3356821537017822,0.0,1.4776069518445307,139.0,82.08155989646912,0.5905148193990584,2.9166083335876465,3.3289032788585415,3.9194180982576,43.0,12.120757102966309,0.28187807216200716,0.8419356346130371,4.424023833385734,4.705901905547741,94.20231699943542,182.0,38,38,255,263,518,run12_g24_g24_13,bi-obj/run12/g24/g24_13.pdb,-513.025,-1.907,-61.897,-2.903,-54.647,-2.563,1164.119,2131.974,967.855,16.0,-1.895,-1262.202,189.879,-326.351,2.085,29.001,133.72,728.113,0.227,-52.848,-65.014,-23.738,-59.403,12.0,-34.889,269.0,76.0,34.678,-53.268,0.696,-3.017,27.837,39.967,180.544,0.65,-2.956,-106.421,-3.071,-122.854,0.761,temp_g24_14_0001,bi-obj/run12/g24/g24_13.pdb.sc
554.0,810.5488394498825,1.4630845477434702,3.135190963745117,0.0,1.4630845477434702,157.0,92.51262187957764,0.5892523686597302,2.4116063117980957,3.2922892616053296,3.8815416302650596,54.0,11.910202980041504,0.22055931444521304,1.2387056350708008,4.292329748471578,4.512889062916791,104.42282485961914,211.0,38,39,285,270,555,run12_g24_g24_14,bi-obj/run12/g24/g24_14.pdb,-511.84,-1.903,-53.44,-2.441,-48.832,-2.231,1164.84,2189.12,1024.279,32.0,-1.099,-1309.476,200.185,-337.298,2.216,30.46,149.704,766.862,0.286,-51.389,-63.669,-27.677,-59.83,13.0,-34.774,269.0,75.0,39.191,-51.098,0.724,-2.855,25.62,38.456,171.191,0.678,-2.58,-90.311,-3.096,-123.826,0.583,temp_g21_18_0001,bi-obj/run12/g24/g24_14.pdb.sc
554.0,816.6728130578995,1.4741386517290604,3.291389226913452,0.0,1.4741386517290604,146.0,86.07696306705475,0.5895682401853065,2.4852120876312256,3.3245114014573294,3.914079641642636,45.0,12.727596998214722,0.28283548884921605,1.0269365310668945,4.288406409157647,4.571241898006863,98.80456006526947,191.0,38,39,283,272,555,run12_g24_g24_15,bi-obj/run12/g24/g24_15.pdb,-441.654,-1.642,-47.834,-2.122,-37.068,-1.644,1169.464,2254.32,1084.856,37.0,-1.893,-1287.897,205.827,-307.85,2.207,32.779,146.88,730.766,0.174,-42.934,-62.489,-22.249,-55.722,7.0,-34.767,269.0,76.0,49.71,-50.428,0.7,-2.303,32.233,42.343,181.151,0.645,-2.089,-77.303,-2.505,-97.702,0.677,temp_g19_03_0001,bi-obj/run12/g24/g24_15.pdb.sc
517.0,763.8881212472916,1.4775398863583975,3.3356821537017822,0.0,1.4775398863583975,139.0,82.06526350975037,0.5903975792068372,2.9166083335876465,3.328104099781393,3.91850167898823,43.0,12.160321712493896,0.2827981793603232,0.8419356346130371,4.422535990559777,4.705334169920101,94.22558522224426,182.0,38,38,255,263,518,run12_g24_g24_16,bi-obj/run12/g24/g24_16.pdb,-512.296,-1.904,-60.962,-2.886,-54.283,-2.57,1178.461,2112.364,933.903,16.0,-1.895,-1263.494,191.909,-331.567,2.104,29.196,134.477,730.958,0.22,-52.427,-65.004,-23.926,-59.335,12.0,-34.174,269.0,76.0,35.146,-53.301,0.688,-2.989,27.837,39.895,180.544,0.65,-2.921,-105.146,-3.051,-122.031,0.761,temp_g22_01_0001,bi-obj/run12/g24/g24_16.pdb.sc
519.0,766.8257046937943,1.4775061747471951,3.4032764434814453,0.0,1.4775061747471951,138.0,79.57439827919006,0.5766260744868845,2.953403949737549,3.3346020121505293,3.911228086637414,36.0,10.328264236450195,0.2868962287902832,1.016404628753662,4.379294819302029,4.666191048092312,89.90266251564026,174.0,38,37,265,255,520,run12_g24_g24_17,bi-obj/run12/g24/g24_17.pdb,-483.806,-1.799,-59.393,-2.702,-51.134,-2.326,1181.395,2198.318,1016.922,19.0,-1.79,-1277.766,195.884,-313.56,2.325,30.371,136.627,719.889,0.211,-52.491,-62.469,-21.231,-57.425,12.0,-34.741,269.0,76.0,38.618,-48.558,0.657,-2.525,36.447,41.848,183.591,0.724,-2.506,-92.71,-2.544,-99.199,0.623,temp_g24_22_0001,bi-obj/run12/g24/g24_17.pdb.sc
546.0,803.8729037046432,1.4722946954297496,3.471705675125122,0.0,1.4722946954297496,141.0,83.70236611366272,0.5936338022245583,2.9768474102020264,3.329228377511315,3.9228621797358736,41.0,11.265418291091919,0.2747662997827297,0.9899411201477051,4.400080087708264,4.674846387490994,94.96778440475464,182.0,38,40,270,277,547,run12_g24_g24_18,bi-obj/run12/g24/g24_18.pdb,-502.323,-1.867,-57.13,-2.518,-49.496,-2.181,1131.627,2269.174,1137.547,22.0,-1.758,-1283.647,196.987,-332.235,2.205,29.503,144.087,739.855,0.285,-51.37,-65.926,-28.533,-58.237,13.0,-34.033,269.0,76.0,37.203,-47.011,0.705,-2.841,28.186,40.822,180.889,0.686,-2.617,-96.822,-3.053,-119.074,0.691,temp_g22_02_0001,bi-obj/run12/g24/g24_18.pdb.sc
545.0,803.6961034536362,1.4746717494562132,3.230220317840576,0.0,1.4746717494562132,147.0,89.67060649394989,0.610004125809183,2.3894529342651367,3.282731893922196,3.892736019731379,49.0,14.120022773742676,0.28816373007638113,1.0269365310668945,4.370397733182323,4.658561463258704,103.79062926769257,196.0,38,38,281,265,546,run12_g24_g24_19,bi-obj/run12/g24/g24_19.pdb,-433.377,-1.611,-56.584,-2.439,-43.021,-1.854,1236.031,2320.159,1084.128,37.0,-1.882,-1288.282,206.243,-308.589,2.219,32.673,148.722,729.179,0.152,-45.626,-60.248,-22.519,-57.212,7.0,-35.065,269.0,78.0,50.591,-51.321,0.695,-2.282,40.785,44.044,182.239,0.665,-2.162,-82.15,-2.396,-95.821,0.671,temp_g24_24_0001,bi-obj/run12/g24/g24_19.pdb.sc
520.0,766.9954380989075,1.4749912271132837,3.34932017326355,0.0,1.4749912271132837,135.0,82.07421469688416,0.6079571459028456,2.4630353450775146,3.3064979570883293,3.914455102991175,38.0,7.789557218551636,0.20498834785662198,0.9002366065979004,4.547494743999682,4.752483091856304,89.86377191543579,173.0,38,39,250,271,521,run12_g24_g24_2,bi-obj/run12/g24/g24_2.pdb,-472.431,-1.756,-55.189,-2.561,-48.705,-2.26,1064.944,2154.816,1089.873,21.0,-0.947,-1255.898,192.572,-315.192,2.066,29.378,135.3,733.523,0.252,-52.069,-64.098,-20.698,-59.064,13.0,-35.421,269.0,78.0,35.584,-52.0,0.653,-2.34,37.592,41.561,174.774,0.693,-2.352,-89.374,-2.33,-93.184,0.604,temp_g24_00_0001,bi-obj/run12/g24/g24_2.pdb.sc
528.0,779.4077485799789,1.4761510389772328,3.192565679550171,0.0,1.4761510389772328,136.0,79.15908825397491,0.5820521195145214,2.953403949737549,3.314920824240236,3.8969729437547573,37.0,10.210106372833252,0.2759488208873852,1.016404628753662,4.283713031459499,4.559661852346884,89.36919462680817,173.0,38,37,273,256,529,run12_g24_g24_20,bi-obj/run12/g24/g24_20.pdb,-488.339,-1.815,-60.538,-2.763,-54.261,-2.477,1135.802,2191.016,1055.214,20.0,-1.827,-1284.142,198.813,-310.889,2.373,30.469,140.942,721.557,0.232,-52.169,-63.262,-22.775,-57.411,13.0,-34.994,269.0,74.0,41.252,-49.811,0.7,-2.57,30.592,38.899,183.375,0.689,-2.464,-88.721,-2.67,-101.447,0.668,temp_g22_03_0001,bi-obj/run12/g24/g24_20.pdb.sc
554.0,816.6331944465637,1.4740671379901873,3.291389226913452,0.0,1.4740671379901873,147.0,86.3509259223938,0.5874212647781891,2.4785263538360596,3.334773980030397,3.922195244808586,45.0,12.788019180297852,0.2841782040066189,1.0269365310668945,4.285126807954576,4.5693050119611955,99.13894510269165,192.0,38,39,283,272,555,run12_g24_g24_21,bi-obj/run12/g24/g24_21.pdb,-442.079,-1.643,-48.242,-2.132,-36.044,-1.593,1178.732,2262.73,1083.998,37.0,-1.893,-1288.239,205.714,-307.894,2.208,32.784,147.057,730.859,0.179,-42.931,-62.403,-22.216,-55.69,7.0,-34.985,269.0,76.0,49.609,-50.455,0.682,-2.306,32.233,42.334,181.151,0.644,-2.096,-77.567,-2.504,-97.672,0.679,temp_g22_23_0001,bi-obj/run12/g24/g24_21.pdb.sc
552.0,813.9240766763687,1.4745001389064651,3.291389226913452,0.0,1.4745001389064651,147.0,84.88036262989044,0.5774174328563976,2.516040086746216,3.337502446304373,3.9149198791607707,41.0,12.479277610778809,0.3043726246531417,1.1308398246765137,4.241663775792936,4.546036400446078,97.35964024066925,188.0,38,39,281,272,553,run12_g24_g24_22,bi-obj/run12/g24/g24_22.pdb,-473.917,-1.762,-50.669,-2.216,-42.797,-1.872,1206.103,2286.708,1080.604,31.0,-1.893,-1277.998,197.834,-318.601,2.188,32.17,138.191,727.67,0.149,-44.821,-62.819,-21.098,-57.577,7.0,-35.048,269.0,76.0,44.829,-50.642,0.734,-2.58,32.233,38.616,182.202,0.636,-2.59,-95.848,-2.57,-100.22,0.647,temp_g24_16_0001,bi-obj/run12/g24/g24_22.pdb.sc
553.0,814.7801070213318,1.473381748682336,3.291389226913452,0.0,1.473381748682336,148.0,85.28934502601624,0.5762793582838934,2.421138286590576,3.3398362881428487,3.916115646426742,44.0,12.824505805969238,0.29146604104475543,1.0269365310668945,4.280794154513966,4.572260195558721,98.11385083198547,192.0,38,39,282,272,554,run12_g24_g24_23,bi-obj/run12/g24/g24_23.pdb,-446.174,-1.659,-48.69,-2.178,-37.979,-1.699,1153.212,2235.218,1082.006,34.0,-1.893,-1286.61,205.66,-310.515,2.205,32.791,147.918,734.735,0.168,-46.013,-62.35,-22.301,-55.772,7.0,-34.391,269.0,76.0,46.793,-49.88,0.725,-2.301,32.233,42.334,178.219,0.653,-2.105,-77.886,-2.487,-96.98,0.663,temp_g24_19_0001,bi-obj/run12/g24/g24_23.pdb.sc
528.0,779.9415148496628,1.4771619599425432,3.4032764434814453,0.0,1.4771619599425432,137.0,79.352365732193,0.5792143484101678,2.953403949737549,3.340296158825394,3.919510507235562,35.0,10.31158971786499,0.29461684908185687,1.016404628753662,4.372808456420898,4.667425305502755,89.66395545005798,172.0,38,38,265,264,529,run12_g24_g24_24,bi-obj/run12/g24/g24_24.pdb,-483.754,-1.798,-59.417,-2.688,-51.116,-2.312,1186.776,2210.796,1024.02,19.0,-1.79,-1277.527,195.891,-313.597,2.322,30.365,136.589,719.892,0.212,-52.536,-62.512,-21.231,-57.435,12.0,-34.665,269.0,76.0,38.591,-48.591,0.688,-2.525,36.447,41.817,183.591,0.722,-2.506,-92.725,-2.543,-99.188,0.624,temp_g21_07_0001,bi-obj/run12/g24/g24_24.pdb.sc
551.0,809.5307412147522,1.4692027971229622,3.135190963745117,0.0,1.4692027971229622,146.0,87.34574508666992,0.5982585279908899,2.1808669567108154,3.2805082406083197,3.8787667685992098,51.0,12.947768211364746,0.25387780806597543,1.2899250984191895,4.237347682317098,4.491225490383074,100.29351329803467,197.0,38,38,289,263,552,run12_g24_g24_3,bi-obj/run12/g24/g24_3.pdb,-502.854,-1.869,-54.65,-2.452,-47.655,-2.138,1176.394,2229.149,1052.755,33.0,-0.826,-1302.085,203.658,-333.472,2.242,30.704,142.021,759.928,0.22,-50.372,-64.052,-27.105,-59.027,11.0,-34.493,269.0,78.0,43.221,-50.988,0.677,-2.866,27.413,37.716,172.088,0.674,-2.771,-102.535,-2.951,-120.986,0.577,temp_g24_09_0001,bi-obj/run12/g24/g24_3.pdb.sc
500.0,738.5817592144012,1.4771635184288026,3.3531134128570557,0.0,1.4771635184288026,137.0,79.43765556812286,0.5798369019571012,2.9166083335876465,3.3256043160918853,3.9054412180489866,40.0,10.246540546417236,0.2561635136604309,0.8421421051025391,4.367138797044754,4.623302310705185,89.6841961145401,177.0,38,36,253,248,501,run12_g24_g24_4,bi-obj/run12/g24/g24_4.pdb,-502.014,-1.866,-60.121,-2.882,-51.544,-2.471,1245.562,2086.38,840.819,15.0,-1.836,-1264.507,192.762,-330.647,2.185,28.774,137.061,729.774,0.244,-53.333,-65.03,-24.162,-59.523,12.0,-33.398,269.0,75.0,36.762,-54.556,0.695,-2.989,36.396,38.889,181.595,0.691,-2.864,-103.087,-3.105,-121.097,0.78,temp_g24_07_0001,bi-obj/run12/g24/g24_4.pdb.sc
520.0,769.8352843523026,1.4804524699082742,3.3934824466705322,0.0,1.4804524699082742,131.0,76.48706066608429,0.5838706921075136,2.3344831466674805,3.350821830844151,3.9346925229516647,34.0,8.808054685592651,0.25906043192919564,1.016404628753662,4.522583204157212,4.781643636086407,85.29511535167694,165.0,38,38,257,264,521,run12_g24_g24_5,bi-obj/run12/g24/g24_5.pdb,-487.24,-1.811,-60.616,-2.703,-53.22,-2.373,1186.14,2242.389,1056.25,22.0,-1.747,-1263.755,195.14,-315.131,2.276,29.844,137.217,718.003,0.213,-53.208,-65.266,-21.37,-58.135,12.0,-34.241,269.0,77.0,35.457,-52.736,0.674,-2.583,34.169,41.821,183.807,0.689,-2.468,-91.333,-2.688,-107.522,0.616,temp_g23_04_0001,bi-obj/run12/g24/g24_5.pdb.sc
548.0,805.5364060401917,1.4699569453288168,3.1119563579559326,0.0,1.4699569453288168,140.0,85.03591513633728,0.6073993938309806,2.587745428085327,3.2924985357693264,3.899897929600307,41.0,11.894774436950684,0.290116449681724,0.8599162101745605,4.296957399786972,4.5870738494686965,96.93068957328796,181.0,38,39,277,272,549,run12_g24_g24_6,bi-obj/run12/g24/g24_6.pdb,-459.883,-1.71,-48.902,-2.161,-37.055,-1.637,1137.058,2262.972,1125.915,27.0,-0.826,-1282.705,208.476,-324.628,2.215,32.054,148.744,747.556,0.305,-54.562,-60.109,-23.539,-56.685,11.0,-32.36,269.0,80.0,39.303,-47.511,0.69,-2.489,28.866,44.701,170.468,0.693,-2.478,-96.63,-2.499,-102.453,0.66,temp_g24_01_0001,bi-obj/run12/g24/g24_6.pdb.sc
558.0,819.380499124527,1.4684238335564999,3.135190963745117,0.0,1.4684238335564999,151.0,88.4886394739151,0.5860174799597027,2.1808669567108154,3.2728564194496106,3.8588738994093132,51.0,12.998619794845581,0.25487489793814866,1.2899250984191895,4.235766205133176,4.490641103071325,101.48725926876068,202.0,38,39,289,270,559,run12_g24_g24_7,bi-obj/run12/g24/g24_7.pdb,-502.403,-1.868,-55.04,-2.459,-48.051,-2.146,1195.454,2238.625,1043.171,32.0,-0.826,-1302.421,203.502,-333.468,2.241,30.689,142.338,760.197,0.218,-50.359,-63.959,-27.116,-59.056,11.0,-34.489,269.0,78.0,43.595,-50.782,0.7,-2.855,26.861,37.987,172.088,0.679,-2.757,-102.022,-2.944,-120.689,0.577,temp_g23_14_0001,bi-obj/run12/g24/g24_7.pdb.sc
546.0,802.8122012615204,1.4703520169624915,3.1119563579559326,0.0,1.4703520169624915,137.0,83.67555010318756,0.6107704387093983,2.343534231185913,3.2875612521693656,3.8983316908787637,41.0,10.718357563018799,0.26142335519558046,0.8450937271118164,4.32214271731493,4.58356607251051,94.39390766620636,178.0,38,39,275,272,547,run12_g24_g24_8,bi-obj/run12/g24/g24_8.pdb,-451.981,-1.68,-44.507,-1.945,-31.422,-1.373,1164.311,2288.011,1123.7,28.0,-0.826,-1274.796,208.909,-319.428,2.094,31.816,144.9,744.116,0.275,-51.891,-59.767,-22.695,-56.479,9.0,-32.462,269.0,80.0,41.683,-48.751,0.731,-2.406,24.343,45.083,171.555,0.68,-2.127,-82.951,-2.671,-109.504,0.616,temp_g23_10_0001,bi-obj/run12/g24/g24_8.pdb.sc
520.0,766.930278301239,1.474865919810075,3.34932017326355,0.0,1.474865919810075,138.0,81.96577274799347,0.59395487498546,2.4630353450775146,3.3212872199390246,3.9152420949244844,38.0,7.803828954696655,0.2053639198604383,0.9008288383483887,4.546651049664146,4.752014969524584,89.76960170269012,176.0,38,39,250,271,521,run12_g24_g24_9,bi-obj/run12/g24/g24_9.pdb,-472.514,-1.757,-55.495,-2.588,-49.727,-2.319,1032.278,2144.046,1111.768,23.0,-0.942,-1256.564,192.857,-315.068,2.067,29.414,135.86,733.636,0.245,-52.045,-64.292,-20.653,-59.07,13.0,-35.629,269.0,78.0,35.265,-51.957,0.615,-2.339,37.663,41.567,174.774,0.696,-2.359,-89.64,-2.321,-92.824,0.602,temp_g21_00_0001,bi-obj/run12/g24/g24_9.pdb.sc
520.0,767.0149985551834,1.4750288433753527,3.34932017326355,0.0,1.4750288433753527,136.0,82.12793803215027,0.6038818972952226,2.4630353450775146,3.316103333936018,3.919985231231241,38.0,7.891345739364624,0.20766699314117432,0.9008288383483887,4.545241374718516,4.75290836785969,90.01928377151489,174.0,38,39,250,271,521,run12_g25_g25_0,bi-obj/run12/g25/g25_0.pdb,-471.728,-1.754,-55.475,-2.58,-49.642,-2.309,1045.983,2150.385,1104.403,23.0,-0.942,-1256.042,192.723,-314.843,2.067,29.416,135.588,733.342,0.247,-52.062,-63.975,-20.699,-59.047,13.0,-35.615,269.0,78.0,35.358,-51.893,0.632,-2.337,37.846,41.677,174.774,0.696,-2.352,-89.378,-2.322,-92.881,0.602,temp_g16_16_0001,bi-obj/run12/g25/g25_0.pdb.sc
520.0,769.8352843523026,1.4804524699082742,3.3934824466705322,0.0,1.4804524699082742,131.0,76.48706066608429,0.5838706921075136,2.3344831466674805,3.350821830844151,3.9346925229516647,34.0,8.808054685592651,0.25906043192919564,1.016404628753662,4.522583204157212,4.781643636086407,85.29511535167694,165.0,38,38,257,264,521,run12_g25_g25_1,bi-obj/run12/g25/g25_1.pdb,-487.24,-1.811,-60.616,-2.703,-53.22,-2.373,1186.14,2242.389,1056.25,22.0,-1.747,-1263.755,195.14,-315.131,2.276,29.844,137.217,718.003,0.213,-53.208,-65.266,-21.37,-58.135,12.0,-34.241,269.0,77.0,35.457,-52.736,0.674,-2.583,34.169,41.821,183.807,0.689,-2.468,-91.333,-2.688,-107.522,0.616,temp_g23_04_0001,bi-obj/run12/g25/g25_1.pdb.sc
520.0,766.8427612781525,1.474697617842601,3.34932017326355,0.0,1.474697617842601,138.0,82.0247210264206,0.5943820364233376,2.4630353450775146,3.321858018204786,3.9162400546281235,38.0,7.7103941440582275,0.2029051090541639,0.9008288383483887,4.547137003195913,4.750042112250077,89.73511517047882,176.0,38,39,250,271,521,run12_g25_g25_10,bi-obj/run12/g25/g25_10.pdb,-472.441,-1.756,-55.685,-2.598,-49.684,-2.318,1040.497,2143.237,1102.74,21.0,-0.942,-1256.968,192.855,-315.094,2.067,29.413,135.94,733.979,0.247,-52.162,-64.386,-20.66,-59.046,13.0,-35.605,269.0,78.0,35.379,-51.776,0.641,-2.339,37.663,41.506,174.774,0.697,-2.362,-89.774,-2.318,-92.705,0.625,temp_g25_09_0001,bi-obj/run12/g25/g25_10.pdb.sc
508.0,752.4563915729523,1.481213369238095,3.316951036453247,0.0,1.481213369238095,136.0,81.07790172100067,0.5961610420661814,2.542375326156616,3.356198744738803,3.9523597868049847,38.0,11.706999778747559,0.30807894154598836,0.859929084777832,4.41602004829206,4.724098989838048,92.78490149974823,174.0,38,37,253,256,509,run12_g25_g25_11,bi-obj/run12/g25/g25_11.pdb,-501.851,-1.866,-62.218,-2.85,-53.906,-2.469,1149.078,2183.44,1034.363,18.0,-1.899,-1256.873,192.468,-332.476,2.087,29.441,130.708,733.372,0.238,-51.381,-65.202,-22.749,-59.863,13.0,-33.864,269.0,78.0,36.014,-53.634,0.634,-2.897,33.643,40.052,177.534,0.625,-2.917,-105.001,-2.88,-120.942,0.771,temp_g22_07_0001,bi-obj/run12/g25/g25_11.pdb.sc
517.0,764.252240896225,1.4782441796832204,3.292856216430664,0.0,1.4782441796832204,135.0,79.6293032169342,0.589846690495809,2.946056604385376,3.316498048217208,3.9063447387130172,36.0,10.08892011642456,0.2802477810117934,0.9242844581604004,4.289481216006809,4.569728997018602,89.71822333335876,171.0,38,36,271,247,518,run12_g25_g25_12,bi-obj/run12/g25/g25_12.pdb,-493.471,-1.834,-60.843,-2.782,-54.47,-2.491,1115.917,2186.901,1070.984,16.0,-1.827,-1281.303,197.362,-315.247,2.352,29.954,141.803,719.19,0.235,-52.027,-64.331,-22.282,-57.647,13.0,-34.434,269.0,74.0,40.861,-50.35,0.711,-2.567,30.592,38.773,184.426,0.691,-2.477,-89.187,-2.652,-100.759,0.665,temp_g24_08_0001,bi-obj/run12/g25/g25_12.pdb.sc
502.0,743.400758266449,1.4808780045148386,3.4348785877227783,0.0,1.4808780045148386,137.0,79.19824707508087,0.5780893947086195,2.430398464202881,3.361748066261737,3.9398374609703564,42.0,10.213350296020508,0.24317500704810732,0.8401837348937988,4.360366230919247,4.603541237967355,89.41159737110138,179.0,38,36,255,248,503,run12_g25_g25_13,bi-obj/run12/g25/g25_13.pdb,-497.555,-1.85,-60.359,-2.757,-51.641,-2.359,1184.262,2189.332,1005.069,17.0,-1.862,-1262.756,192.743,-331.727,2.095,29.523,133.61,738.114,0.261,-52.141,-64.899,-23.213,-59.828,13.0,-33.481,269.0,77.0,35.905,-52.394,0.625,-2.862,36.903,38.615,176.446,0.65,-2.816,-98.543,-2.901,-121.858,0.793,temp_g25_10_0001,bi-obj/run12/g25/g25_13.pdb.sc
552.0,813.9240766763687,1.4745001389064651,3.291389226913452,0.0,1.4745001389064651,147.0,84.88036262989044,0.5774174328563976,2.516040086746216,3.337502446304373,3.9149198791607707,41.0,12.479277610778809,0.3043726246531417,1.1308398246765137,4.241663775792936,4.546036400446078,97.35964024066925,188.0,38,39,281,272,553,run12_g25_g25_14,bi-obj/run12/g25/g25_14.pdb,-473.917,-1.762,-50.669,-2.216,-42.797,-1.872,1206.103,2286.708,1080.604,31.0,-1.893,-1277.998,197.834,-318.601,2.188,32.17,138.191,727.67,0.149,-44.821,-62.819,-21.098,-57.577,7.0,-35.048,269.0,76.0,44.829,-50.642,0.734,-2.58,32.233,38.616,182.202,0.636,-2.59,-95.848,-2.57,-100.22,0.647,temp_g24_16_0001,bi-obj/run12/g25/g25_14.pdb.sc
554.0,810.5488394498825,1.4630845477434702,3.135190963745117,0.0,1.4630845477434702,157.0,92.51262187957764,0.5892523686597302,2.4116063117980957,3.2922892616053296,3.8815416302650596,54.0,11.910202980041504,0.22055931444521304,1.2387056350708008,4.292329748471578,4.512889062916791,104.42282485961914,211.0,38,39,285,270,555,run12_g25_g25_15,bi-obj/run12/g25/g25_15.pdb,-511.84,-1.903,-53.44,-2.441,-48.832,-2.231,1164.84,2189.12,1024.279,32.0,-1.099,-1309.476,200.185,-337.298,2.216,30.46,149.704,766.862,0.286,-51.389,-63.669,-27.677,-59.83,13.0,-34.774,269.0,75.0,39.191,-51.098,0.724,-2.855,25.62,38.456,171.191,0.678,-2.58,-90.311,-3.096,-123.826,0.583,temp_g21_18_0001,bi-obj/run12/g25/g25_15.pdb.sc
522.0,769.8905117511749,1.4748860378375,3.34932017326355,0.0,1.4748860378375,136.0,82.48032474517822,0.606472976067487,2.4630353450775146,3.312835305929184,3.919308281996671,38.0,7.895920038223267,0.20778736942692808,0.9008288383483887,4.54514047346617,4.752927842893098,90.37624478340149,174.0,38,39,252,271,523,run12_g25_g25_16,bi-obj/run12/g25/g25_16.pdb,-478.488,-1.779,-55.586,-2.581,-49.887,-2.316,1031.958,2153.802,1121.844,21.0,-0.942,-1258.046,192.752,-322.637,2.066,29.43,136.249,738.289,0.246,-52.021,-64.131,-20.802,-59.106,13.0,-35.087,269.0,78.0,35.262,-52.682,0.618,-2.354,37.846,40.785,173.686,0.694,-2.347,-89.188,-2.361,-94.444,0.602,temp_g25_00_0001,bi-obj/run12/g25/g25_16.pdb.sc
560.0,824.9831382036209,1.4731841753636088,3.241875171661377,0.0,1.4731841753636088,148.0,87.07542514801025,0.5883474672162855,2.4852120876312256,3.338249367636603,3.9265968348528886,49.0,12.436909437179565,0.25381447830978704,1.0219941139221191,4.352622830137914,4.606437308447702,99.51233458518982,197.0,38,39,289,272,561,run12_g25_g25_17,bi-obj/run12/g25/g25_17.pdb,-468.311,-1.741,-52.18,-2.246,-37.849,-1.629,1242.225,2323.075,1080.849,29.0,-1.867,-1297.844,210.387,-316.582,2.239,32.78,144.039,741.39,0.169,-44.694,-63.235,-26.378,-57.394,7.0,-34.381,269.0,78.0,40.65,-53.167,0.704,-2.472,36.182,37.467,181.432,0.632,-2.453,-93.196,-2.49,-99.599,0.663,temp_g24_10_0001,bi-obj/run12/g25/g25_17.pdb.sc
521.0,769.7528616189957,1.4774527094414505,3.396484851837158,0.0,1.4774527094414505,136.0,80.65570652484894,0.5930566656238893,3.0503089427948,3.3086452107219135,3.9017018763458027,34.0,9.865164041519165,0.2901518835740931,1.016404628753662,4.363442203577827,4.65359408715192,90.5208705663681,170.0,38,37,267,255,522,run12_g25_g25_18,bi-obj/run12/g25/g25_18.pdb,-489.279,-1.819,-57.612,-2.629,-51.148,-2.334,1159.814,2191.547,1031.733,20.0,-1.79,-1285.48,198.115,-314.338,2.357,30.437,142.082,723.083,0.242,-52.799,-61.934,-22.78,-56.956,13.0,-34.473,269.0,75.0,38.174,-49.458,0.73,-2.58,32.04,41.318,182.503,0.715,-2.381,-85.715,-2.763,-107.759,0.623,temp_g25_17_0001,bi-obj/run12/g25/g25_18.pdb.sc
546.0,803.8729037046432,1.4722946954297496,3.471705675125122,0.0,1.4722946954297496,141.0,83.70236611366272,0.5936338022245583,2.9768474102020264,3.329228377511315,3.9228621797358736,41.0,11.265418291091919,0.2747662997827297,0.9899411201477051,4.400080087708264,4.674846387490994,94.96778440475464,182.0,38,40,270,277,547,run12_g25_g25_19,bi-obj/run12/g25/g25_19.pdb,-502.323,-1.867,-57.13,-2.518,-49.496,-2.181,1131.627,2269.174,1137.547,22.0,-1.758,-1283.647,196.987,-332.235,2.205,29.503,144.087,739.855,0.285,-51.37,-65.926,-28.533,-58.237,13.0,-34.033,269.0,76.0,37.203,-47.011,0.705,-2.841,28.186,40.822,180.889,0.686,-2.617,-96.822,-3.053,-119.074,0.691,temp_g22_02_0001,bi-obj/run12/g25/g25_19.pdb.sc
519.0,766.808978676796,1.4774739473541347,3.3356821537017822,0.0,1.4774739473541347,146.0,81.65445017814636,0.5592770560147011,2.8688063621520996,3.3321514554219704,3.8914285114366716,44.0,11.131596565246582,0.2529908310283314,0.8419356346130371,4.359863167459315,4.612853998487646,92.78604674339294,190.0,38,38,257,263,520,run12_g25_g25_2,bi-obj/run12/g25/g25_2.pdb,-516.825,-1.921,-62.136,-2.943,-55.476,-2.628,1156.738,2111.051,954.313,15.0,-1.895,-1270.934,192.161,-333.596,2.102,29.31,137.252,736.651,0.226,-53.911,-64.832,-24.271,-59.512,13.0,-34.025,269.0,76.0,35.864,-54.006,0.678,-3.044,27.837,38.773,179.456,0.673,-2.887,-103.944,-3.185,-127.408,0.751,temp_g25_16_0001,bi-obj/run12/g25/g25_2.pdb.sc
500.0,738.5093604326248,1.4770187208652497,3.3531134128570557,0.0,1.4770187208652497,137.0,79.39437735080719,0.5795210025606364,3.0758056640625,3.3222523579632277,3.9017733605238645,40.0,9.950284957885742,0.24875712394714355,0.8421421051025391,4.370007365942001,4.618764489889145,89.34466230869293,177.0,38,36,253,248,501,run12_g25_g25_20,bi-obj/run12/g25/g25_20.pdb,-504.641,-1.876,-60.611,-2.916,-52.128,-2.508,1217.176,2078.231,861.055,15.0,-1.836,-1267.03,192.561,-331.066,2.188,28.805,137.442,731.82,0.249,-53.518,-65.859,-24.744,-59.513,12.0,-33.173,269.0,75.0,36.596,-54.424,0.673,-3.007,35.776,38.959,181.595,0.691,-2.869,-103.301,-3.135,-122.26,0.78,temp_g25_04_0001,bi-obj/run12/g25/g25_20.pdb.sc
516.0,762.9651019573212,1.478614538676979,3.292856216430664,0.0,1.478614538676979,132.0,79.24457716941833,0.6003377058289268,2.9703872203826904,3.304731513514663,3.90506921934359,37.0,10.651196002960205,0.2878701622421677,0.9242844581604004,4.321781783490567,4.609651945732735,89.89577317237854,169.0,38,36,270,247,517,run12_g25_g25_21,bi-obj/run12/g25/g25_21.pdb,-493.101,-1.833,-61.333,-2.822,-55.14,-2.537,1075.648,2173.531,1097.883,15.0,-1.903,-1275.484,197.445,-319.684,2.225,29.946,137.57,725.267,0.234,-53.82,-64.364,-22.204,-58.051,13.0,-34.061,269.0,73.0,37.303,-51.178,0.706,-2.37,37.332,38.452,181.493,0.688,-2.296,-80.349,-2.439,-92.667,0.617,temp_g25_11_0001,bi-obj/run12/g25/g25_21.pdb.sc
543.0,800.5952398777008,1.4743927069570917,3.230220317840576,0.0,1.4743927069570917,144.0,87.65579867362976,0.6087208241224289,2.3894529342651367,3.285324177808232,3.8940450019306607,44.0,14.105478763580322,0.3205790628086437,1.0269365310668945,4.305832283063368,4.626411345872012,101.76127743721008,188.0,38,38,279,265,544,run12_g25_g25_22,bi-obj/run12/g25/g25_22.pdb,-454.589,-1.69,-58.584,-2.473,-49.644,-2.096,1273.717,2368.49,1094.773,38.0,-1.882,-1281.602,200.739,-309.477,2.201,32.532,139.63,723.172,0.131,-45.981,-60.4,-20.601,-58.966,7.0,-35.735,269.0,78.0,46.561,-50.529,0.671,-2.513,40.785,40.999,183.327,0.664,-2.638,-100.251,-2.394,-95.766,0.638,temp_g25_19_0001,bi-obj/run12/g25/g25_22.pdb.sc
528.0,779.4077485799789,1.4761510389772328,3.192565679550171,0.0,1.4761510389772328,136.0,79.15908825397491,0.5820521195145214,2.953403949737549,3.314920824240236,3.8969729437547573,37.0,10.210106372833252,0.2759488208873852,1.016404628753662,4.283713031459499,4.559661852346884,89.36919462680817,173.0,38,37,273,256,529,run12_g25_g25_23,bi-obj/run12/g25/g25_23.pdb,-488.339,-1.815,-60.538,-2.763,-54.261,-2.477,1135.802,2191.016,1055.214,20.0,-1.827,-1284.142,198.813,-310.889,2.373,30.469,140.942,721.557,0.232,-52.169,-63.262,-22.775,-57.411,13.0,-34.994,269.0,74.0,41.252,-49.811,0.7,-2.57,30.592,38.899,183.375,0.689,-2.464,-88.721,-2.67,-101.447,0.668,temp_g22_03_0001,bi-obj/run12/g25/g25_23.pdb.sc
548.0,807.7687188386917,1.4740305088297294,3.291389226913452,0.0,1.4740305088297294,146.0,85.46765887737274,0.5853949238176215,2.421138286590576,3.3379486252183783,3.923343549036,44.0,12.823750019073486,0.291448864069852,1.0269365310668945,4.281385963613337,4.572834827683189,98.29140889644623,190.0,38,39,277,272,549,run12_g25_g25_24,bi-obj/run12/g25/g25_24.pdb,-445.307,-1.655,-48.76,-2.188,-36.85,-1.653,1149.874,2228.868,1078.994,34.0,-1.901,-1285.033,204.552,-308.871,2.182,32.268,147.485,733.951,0.173,-45.23,-62.449,-22.29,-55.788,7.0,-34.981,269.0,76.0,46.608,-50.366,0.74,-2.304,33.518,42.349,178.024,0.654,-2.108,-78.002,-2.49,-97.103,0.664,temp_g25_23_0001,bi-obj/run12/g25/g25_24.pdb.sc
558.0,819.380499124527,1.4684238335564999,3.135190963745117,0.0,1.4684238335564999,151.0,88.4886394739151,0.5860174799597027,2.1808669567108154,3.2728564194496106,3.8588738994093132,51.0,12.998619794845581,0.25487489793814866,1.2899250984191895,4.235766205133176,4.490641103071325,101.48725926876068,202.0,38,39,289,270,559,run12_g25_g25_3,bi-obj/run12/g25/g25_3.pdb,-502.403,-1.868,-55.04,-2.459,-48.051,-2.146,1195.454,2238.625,1043.171,32.0,-0.826,-1302.421,203.502,-333.468,2.241,30.689,142.338,760.197,0.218,-50.359,-63.959,-27.116,-59.056,11.0,-34.489,269.0,78.0,43.595,-50.782,0.7,-2.855,26.861,37.987,172.088,0.679,-2.757,-102.022,-2.944,-120.689,0.577,temp_g23_14_0001,bi-obj/run12/g25/g25_3.pdb.sc
520.0,766.9954380989075,1.4749912271132837,3.34932017326355,0.0,1.4749912271132837,135.0,82.07421469688416,0.6079571459028456,2.4630353450775146,3.3064979570883293,3.914455102991175,38.0,7.789557218551636,0.20498834785662198,0.9002366065979004,4.547494743999682,4.752483091856304,89.86377191543579,173.0,38,39,250,271,521,run12_g25_g25_4,bi-obj/run12/g25/g25_4.pdb,-472.431,-1.756,-55.189,-2.561,-48.705,-2.26,1064.944,2154.816,1089.873,21.0,-0.947,-1255.898,192.572,-315.192,2.066,29.378,135.3,733.523,0.252,-52.069,-64.098,-20.698,-59.064,13.0,-35.421,269.0,78.0,35.584,-52.0,0.653,-2.34,37.592,41.561,174.774,0.693,-2.352,-89.374,-2.33,-93.184,0.604,temp_g24_00_0001,bi-obj/run12/g25/g25_4.pdb.sc
520.0,766.930278301239,1.474865919810075,3.34932017326355,0.0,1.474865919810075,138.0,81.96577274799347,0.59395487498546,2.4630353450775146,3.3212872199390246,3.9152420949244844,38.0,7.803828954696655,0.2053639198604383,0.9008288383483887,4.546651049664146,4.752014969524584,89.76960170269012,176.0,38,39,250,271,521,run12_g25_g25_5,bi-obj/run12/g25/g25_5.pdb,-472.514,-1.757,-55.495,-2.588,-49.727,-2.319,1032.278,2144.046,1111.768,23.0,-0.942,-1256.564,192.857,-315.068,2.067,29.414,135.86,733.636,0.245,-52.045,-64.292,-20.653,-59.07,13.0,-35.629,269.0,78.0,35.265,-51.957,0.615,-2.339,37.663,41.567,174.774,0.696,-2.359,-89.64,-2.321,-92.824,0.602,temp_g21_00_0001,bi-obj/run12/g25/g25_5.pdb.sc
500.0,738.5817592144012,1.4771635184288026,3.3531134128570557,0.0,1.4771635184288026,137.0,79.43765556812286,0.5798369019571012,2.9166083335876465,3.3256043160918853,3.9054412180489866,40.0,10.246540546417236,0.2561635136604309,0.8421421051025391,4.367138797044754,4.623302310705185,89.6841961145401,177.0,38,36,253,248,501,run12_g25_g25_6,bi-obj/run12/g25/g25_6.pdb,-502.014,-1.866,-60.121,-2.882,-51.544,-2.471,1245.562,2086.38,840.819,15.0,-1.836,-1264.507,192.762,-330.647,2.185,28.774,137.061,729.774,0.244,-53.333,-65.03,-24.162,-59.523,12.0,-33.398,269.0,75.0,36.762,-54.556,0.695,-2.989,36.396,38.889,181.595,0.691,-2.864,-103.087,-3.105,-121.097,0.78,temp_g24_07_0001,bi-obj/run12/g25/g25_6.pdb.sc
519.0,766.8706232309341,1.4775927229883123,3.3356821537017822,0.0,1.4775927229883123,146.0,81.64279675483704,0.559197238046829,2.86649751663208,3.3326594290668017,3.8918566671136308,43.0,11.12136435508728,0.258636380350867,0.8419356346130371,4.367334903672684,4.625971284023551,92.76416110992432,189.0,38,38,257,263,520,run12_g25_g25_7,bi-obj/run12/g25/g25_7.pdb,-517.131,-1.922,-62.998,-2.963,-56.6,-2.662,1142.743,2126.177,983.433,15.0,-1.895,-1269.819,190.143,-328.423,2.081,29.103,136.689,733.926,0.229,-54.273,-64.864,-24.119,-59.595,13.0,-34.771,269.0,76.0,35.852,-54.008,0.713,-3.066,27.837,38.796,179.456,0.674,-2.922,-105.189,-3.196,-127.843,0.751,temp_g25_13_0001,bi-obj/run12/g25/g25_7.pdb.sc
546.0,802.8122012615204,1.4703520169624915,3.1119563579559326,0.0,1.4703520169624915,137.0,83.67555010318756,0.6107704387093983,2.343534231185913,3.2875612521693656,3.8983316908787637,41.0,10.718357563018799,0.26142335519558046,0.8450937271118164,4.32214271731493,4.58356607251051,94.39390766620636,178.0,38,39,275,272,547,run12_g25_g25_8,bi-obj/run12/g25/g25_8.pdb,-451.981,-1.68,-44.507,-1.945,-31.422,-1.373,1164.311,2288.011,1123.7,28.0,-0.826,-1274.796,208.909,-319.428,2.094,31.816,144.9,744.116,0.275,-51.891,-59.767,-22.695,-56.479,9.0,-32.462,269.0,80.0,41.683,-48.751,0.731,-2.406,24.343,45.083,171.555,0.68,-2.127,-82.951,-2.671,-109.504,0.616,temp_g23_10_0001,bi-obj/run12/g25/g25_8.pdb.sc
558.0,819.3949384689331,1.4684497105178012,3.135190963745117,0.0,1.4684497105178012,150.0,88.39183104038239,0.5892788736025493,2.1808669567108154,3.2697580313682555,3.8590369049708046,48.0,12.783801317214966,0.26632919410864514,1.287759780883789,4.238906001051267,4.505235195159912,101.17563235759735,198.0,38,39,289,270,559,run12_g25_g25_9,bi-obj/run12/g25/g25_9.pdb,-501.574,-1.865,-55.007,-2.457,-48.015,-2.144,1188.488,2239.152,1050.664,32.0,-0.826,-1302.884,203.47,-333.511,2.241,30.689,142.386,760.586,0.218,-50.433,-63.987,-27.265,-59.058,11.0,-34.456,269.0,78.0,44.865,-50.8,0.684,-2.857,26.861,37.881,172.088,0.679,-2.757,-101.996,-2.948,-120.868,0.577,temp_g25_07_0001,bi-obj/run12/g25/g25_9.pdb.sc
520.0,767.0149985551834,1.4750288433753527,3.34932017326355,0.0,1.4750288433753527,136.0,82.12793803215027,0.6038818972952226,2.4630353450775146,3.316103333936018,3.919985231231241,38.0,7.891345739364624,0.20766699314117432,0.9008288383483887,4.545241374718516,4.75290836785969,90.01928377151489,174.0,38,39,250,271,521,run12_g26_g26_0,bi-obj/run12/g26/g26_0.pdb,-471.728,-1.754,-55.475,-2.58,-49.642,-2.309,1045.983,2150.385,1104.403,23.0,-0.942,-1256.042,192.723,-314.843,2.067,29.416,135.588,733.342,0.247,-52.062,-63.975,-20.699,-59.047,13.0,-35.615,269.0,78.0,35.358,-51.893,0.632,-2.337,37.846,41.677,174.774,0.696,-2.352,-89.378,-2.322,-92.881,0.602,temp_g16_16_0001,bi-obj/run12/g26/g26_0.pdb.sc
520.0,766.8427612781525,1.474697617842601,3.34932017326355,0.0,1.474697617842601,138.0,82.0247210264206,0.5943820364233376,2.4630353450775146,3.321858018204786,3.9162400546281235,38.0,7.7103941440582275,0.2029051090541639,0.9008288383483887,4.547137003195913,4.750042112250077,89.73511517047882,176.0,38,39,250,271,521,run12_g26_g26_1,bi-obj/run12/g26/g26_1.pdb,-472.441,-1.756,-55.685,-2.598,-49.684,-2.318,1040.497,2143.237,1102.74,21.0,-0.942,-1256.968,192.855,-315.094,2.067,29.413,135.94,733.979,0.247,-52.162,-64.386,-20.66,-59.046,13.0,-35.605,269.0,78.0,35.379,-51.776,0.641,-2.339,37.663,41.506,174.774,0.697,-2.362,-89.774,-2.318,-92.705,0.625,temp_g25_09_0001,bi-obj/run12/g26/g26_1.pdb.sc
500.0,738.5817592144012,1.4771635184288026,3.3531134128570557,0.0,1.4771635184288026,137.0,79.43765556812286,0.5798369019571012,2.9166083335876465,3.3256043160918853,3.9054412180489866,40.0,10.246540546417236,0.2561635136604309,0.8421421051025391,4.367138797044754,4.623302310705185,89.6841961145401,177.0,38,36,253,248,501,run12_g26_g26_10,bi-obj/run12/g26/g26_10.pdb,-502.014,-1.866,-60.121,-2.882,-51.544,-2.471,1245.562,2086.38,840.819,15.0,-1.836,-1264.507,192.762,-330.647,2.185,28.774,137.061,729.774,0.244,-53.333,-65.03,-24.162,-59.523,12.0,-33.398,269.0,75.0,36.762,-54.556,0.695,-2.989,36.396,38.889,181.595,0.691,-2.864,-103.087,-3.105,-121.097,0.78,temp_g24_07_0001,bi-obj/run12/g26/g26_10.pdb.sc
499.0,736.970400929451,1.4768945910409839,3.3531134128570557,0.0,1.4768945910409839,135.0,79.00730204582214,0.5852392744134973,2.9166083335876465,3.316106506630226,3.901345781043724,39.0,9.806696891784668,0.25145376645601714,0.8421421051025391,4.383901327084272,4.63535509354029,88.81399893760681,174.0,38,36,252,248,500,run12_g26_g26_11,bi-obj/run12/g26/g26_11.pdb,-500.537,-1.861,-60.404,-2.891,-51.844,-2.482,1247.628,2089.186,841.558,15.0,-1.836,-1263.065,192.906,-330.863,2.185,28.841,136.483,731.365,0.243,-53.456,-64.996,-24.021,-59.538,12.0,-33.29,269.0,75.0,36.811,-54.217,0.673,-2.978,36.396,38.825,180.153,0.696,-2.865,-103.154,-3.081,-120.173,0.779,temp_g26_06_0001,bi-obj/run12/g26/g26_11.pdb.sc
528.0,779.4077485799789,1.4761510389772328,3.192565679550171,0.0,1.4761510389772328,136.0,79.15908825397491,0.5820521195145214,2.953403949737549,3.314920824240236,3.8969729437547573,37.0,10.210106372833252,0.2759488208873852,1.016404628753662,4.283713031459499,4.559661852346884,89.36919462680817,173.0,38,37,273,256,529,run12_g26_g26_12,bi-obj/run12/g26/g26_12.pdb,-488.339,-1.815,-60.538,-2.763,-54.261,-2.477,1135.802,2191.016,1055.214,20.0,-1.827,-1284.142,198.813,-310.889,2.373,30.469,140.942,721.557,0.232,-52.169,-63.262,-22.775,-57.411,13.0,-34.994,269.0,74.0,41.252,-49.811,0.7,-2.57,30.592,38.899,183.375,0.689,-2.464,-88.721,-2.67,-101.447,0.668,temp_g22_03_0001,bi-obj/run12/g26/g26_12.pdb.sc
512.0,758.7527680397034,1.4819390000775456,3.415562152862549,0.0,1.4819390000775456,129.0,75.05187225341797,0.5817974593288214,2.376692295074463,3.3681408250054647,3.9499382843342863,35.0,7.613133907318115,0.21751811163766044,1.016404628753662,4.502619198390415,4.720137310028076,82.66500616073608,164.0,38,37,257,256,513,run12_g26_g26_13,bi-obj/run12/g26/g26_13.pdb,-491.487,-1.827,-61.226,-2.747,-54.143,-2.429,1180.163,2228.664,1048.5,22.0,-1.778,-1258.622,195.089,-314.301,2.243,29.782,133.836,714.684,0.212,-53.218,-66.296,-21.466,-58.404,12.0,-34.461,269.0,74.0,37.163,-52.929,0.664,-2.593,31.409,41.364,183.807,0.687,-2.489,-89.619,-2.691,-102.24,0.611,temp_g26_01_0001,bi-obj/run12/g26/g26_13.pdb.sc
500.0,738.5093604326248,1.4770187208652497,3.3531134128570557,0.0,1.4770187208652497,137.0,79.39437735080719,0.5795210025606364,3.0758056640625,3.3222523579632277,3.9017733605238645,40.0,9.950284957885742,0.24875712394714355,0.8421421051025391,4.370007365942001,4.618764489889145,89.34466230869293,177.0,38,36,253,248,501,run12_g26_g26_14,bi-obj/run12/g26/g26_14.pdb,-504.641,-1.876,-60.611,-2.916,-52.128,-2.508,1217.176,2078.231,861.055,15.0,-1.836,-1267.03,192.561,-331.066,2.188,28.805,137.442,731.82,0.249,-53.518,-65.859,-24.744,-59.513,12.0,-33.173,269.0,75.0,36.596,-54.424,0.673,-3.007,35.776,38.959,181.595,0.691,-2.869,-103.301,-3.135,-122.26,0.78,temp_g25_04_0001,bi-obj/run12/g26/g26_14.pdb.sc
519.0,766.808978676796,1.4774739473541347,3.3356821537017822,0.0,1.4774739473541347,146.0,81.65445017814636,0.5592770560147011,2.8688063621520996,3.3321514554219704,3.8914285114366716,44.0,11.131596565246582,0.2529908310283314,0.8419356346130371,4.359863167459315,4.612853998487646,92.78604674339294,190.0,38,38,257,263,520,run12_g26_g26_15,bi-obj/run12/g26/g26_15.pdb,-516.825,-1.921,-62.136,-2.943,-55.476,-2.628,1156.738,2111.051,954.313,15.0,-1.895,-1270.934,192.161,-333.596,2.102,29.31,137.252,736.651,0.226,-53.911,-64.832,-24.271,-59.512,13.0,-34.025,269.0,76.0,35.864,-54.006,0.678,-3.044,27.837,38.773,179.456,0.673,-2.887,-103.944,-3.185,-127.408,0.751,temp_g25_16_0001,bi-obj/run12/g26/g26_15.pdb.sc
508.0,752.4477691650391,1.4811963959941714,3.316951036453247,0.0,1.4811963959941714,136.0,80.86553013324738,0.5945994862738777,2.542375326156616,3.356385019772193,3.950984506046071,38.0,11.564911842346191,0.30433978532489975,0.859929084777832,4.419438732297797,4.723778517622697,92.43044197559357,174.0,38,37,253,256,509,run12_g26_g26_16,bi-obj/run12/g26/g26_16.pdb,-501.327,-1.864,-62.206,-2.848,-54.78,-2.508,1150.615,2184.273,1033.659,18.0,-1.899,-1256.934,192.472,-332.413,2.087,29.443,130.747,733.402,0.234,-51.47,-65.22,-22.921,-59.867,13.0,-33.867,269.0,78.0,36.865,-53.608,0.634,-2.898,33.643,39.911,177.534,0.625,-2.916,-104.99,-2.883,-121.086,0.771,temp_g26_11_0001,bi-obj/run12/g26/g26_16.pdb.sc
546.0,803.8729037046432,1.4722946954297496,3.471705675125122,0.0,1.4722946954297496,141.0,83.70236611366272,0.5936338022245583,2.9768474102020264,3.329228377511315,3.9228621797358736,41.0,11.265418291091919,0.2747662997827297,0.9899411201477051,4.400080087708264,4.674846387490994,94.96778440475464,182.0,38,40,270,277,547,run12_g26_g26_17,bi-obj/run12/g26/g26_17.pdb,-502.323,-1.867,-57.13,-2.518,-49.496,-2.181,1131.627,2269.174,1137.547,22.0,-1.758,-1283.647,196.987,-332.235,2.205,29.503,144.087,739.855,0.285,-51.37,-65.926,-28.533,-58.237,13.0,-34.033,269.0,76.0,37.203,-47.011,0.705,-2.841,28.186,40.822,180.889,0.686,-2.617,-96.822,-3.053,-119.074,0.691,temp_g22_02_0001,bi-obj/run12/g26/g26_17.pdb.sc
558.0,819.4307574033737,1.4685139021565836,3.135190963745117,0.0,1.4685139021565836,150.0,88.40316116809845,0.589354407787323,2.1836631298065186,3.2704650060335796,3.8598194138209023,48.0,12.804870843887329,0.266768142580986,1.287759780883789,4.2393048504988355,4.506072993079822,101.20803201198578,198.0,38,39,289,270,559,run12_g26_g26_18,bi-obj/run12/g26/g26_18.pdb,-501.786,-1.865,-54.993,-2.457,-47.985,-2.144,1186.951,2238.127,1051.177,34.0,-0.826,-1302.883,203.571,-333.496,2.24,30.681,142.464,760.507,0.218,-50.441,-64.042,-27.254,-59.083,10.0,-34.475,269.0,78.0,44.903,-50.817,0.676,-2.857,26.619,37.879,172.088,0.68,-2.757,-102.014,-2.948,-120.862,0.579,temp_g26_09_0001,bi-obj/run12/g26/g26_18.pdb.sc
542.0,797.591445684433,1.4715709329971087,3.2597556114196777,0.0,1.4715709329971087,131.0,81.90250265598297,0.6252099439388014,2.343534231185913,3.2972423511607047,3.922452295099506,40.0,10.353985786437988,0.25884964466094973,0.8077507019042969,4.4124439537525175,4.671293598413468,92.25648844242096,171.0,38,39,271,272,543,run12_g26_g26_19,bi-obj/run12/g26/g26_19.pdb,-457.322,-1.7,-46.983,-2.073,-33.758,-1.49,1126.016,2266.39,1140.375,25.0,-0.826,-1267.073,205.523,-325.974,2.073,30.982,144.16,739.46,0.313,-50.193,-61.05,-22.181,-56.636,11.0,-30.827,269.0,80.0,41.213,-49.868,0.733,-2.394,24.343,45.241,173.694,0.676,-2.15,-83.842,-2.627,-107.712,0.616,temp_g26_08_0001,bi-obj/run12/g26/g26_19.pdb.sc
522.0,769.8905117511749,1.4748860378375,3.34932017326355,0.0,1.4748860378375,136.0,82.48032474517822,0.606472976067487,2.4630353450775146,3.312835305929184,3.919308281996671,38.0,7.895920038223267,0.20778736942692808,0.9008288383483887,4.54514047346617,4.752927842893098,90.37624478340149,174.0,38,39,252,271,523,run12_g26_g26_2,bi-obj/run12/g26/g26_2.pdb,-478.488,-1.779,-55.586,-2.581,-49.887,-2.316,1031.958,2153.802,1121.844,21.0,-0.942,-1258.046,192.752,-322.637,2.066,29.43,136.249,738.289,0.246,-52.021,-64.131,-20.802,-59.106,13.0,-35.087,269.0,78.0,35.262,-52.682,0.618,-2.354,37.846,40.785,173.686,0.694,-2.347,-89.188,-2.361,-94.444,0.602,temp_g25_00_0001,bi-obj/run12/g26/g26_2.pdb.sc
518.0,763.9525617361069,1.4748118952434495,3.34932017326355,0.0,1.4748118952434495,137.0,81.74319469928741,0.5966656547393242,2.332326650619507,3.3221770925243406,3.918842747263665,39.0,8.274477481842041,0.21216608927800104,0.9008288383483887,4.580623009265998,4.792789098543999,90.01767218112946,176.0,38,39,248,271,519,run12_g26_g26_20,bi-obj/run12/g26/g26_20.pdb,-469.919,-1.747,-55.572,-2.578,-49.751,-2.308,1059.013,2155.357,1096.344,23.0,-0.942,-1257.476,192.221,-314.855,2.065,29.378,136.047,734.243,0.246,-52.395,-64.258,-20.618,-59.106,12.0,-35.237,269.0,78.0,36.776,-51.868,0.609,-2.32,37.663,41.958,175.861,0.699,-2.36,-89.668,-2.282,-91.285,0.625,temp_g26_10_0001,bi-obj/run12/g26/g26_20.pdb.sc
546.0,802.8122012615204,1.4703520169624915,3.1119563579559326,0.0,1.4703520169624915,137.0,83.67555010318756,0.6107704387093983,2.343534231185913,3.2875612521693656,3.8983316908787637,41.0,10.718357563018799,0.26142335519558046,0.8450937271118164,4.32214271731493,4.58356607251051,94.39390766620636,178.0,38,39,275,272,547,run12_g26_g26_21,bi-obj/run12/g26/g26_21.pdb,-451.981,-1.68,-44.507,-1.945,-31.422,-1.373,1164.311,2288.011,1123.7,28.0,-0.826,-1274.796,208.909,-319.428,2.094,31.816,144.9,744.116,0.275,-51.891,-59.767,-22.695,-56.479,9.0,-32.462,269.0,80.0,41.683,-48.751,0.731,-2.406,24.343,45.083,171.555,0.68,-2.127,-82.951,-2.671,-109.504,0.616,temp_g23_10_0001,bi-obj/run12/g26/g26_21.pdb.sc
558.0,819.380499124527,1.4684238335564999,3.135190963745117,0.0,1.4684238335564999,151.0,88.4886394739151,0.5860174799597027,2.1808669567108154,3.2728564194496106,3.8588738994093132,51.0,12.998619794845581,0.25487489793814866,1.2899250984191895,4.235766205133176,4.490641103071325,101.48725926876068,202.0,38,39,289,270,559,run12_g26_g26_22,bi-obj/run12/g26/g26_22.pdb,-502.403,-1.868,-55.04,-2.459,-48.051,-2.146,1195.454,2238.625,1043.171,32.0,-0.826,-1302.421,203.502,-333.468,2.241,30.689,142.338,760.197,0.218,-50.359,-63.959,-27.116,-59.056,11.0,-34.489,269.0,78.0,43.595,-50.782,0.7,-2.855,26.861,37.987,172.088,0.679,-2.757,-102.022,-2.944,-120.689,0.577,temp_g23_14_0001,bi-obj/run12/g26/g26_22.pdb.sc
554.0,810.5488394498825,1.4630845477434702,3.135190963745117,0.0,1.4630845477434702,157.0,92.51262187957764,0.5892523686597302,2.4116063117980957,3.2922892616053296,3.8815416302650596,54.0,11.910202980041504,0.22055931444521304,1.2387056350708008,4.292329748471578,4.512889062916791,104.42282485961914,211.0,38,39,285,270,555,run12_g26_g26_23,bi-obj/run12/g26/g26_23.pdb,-511.84,-1.903,-53.44,-2.441,-48.832,-2.231,1164.84,2189.12,1024.279,32.0,-1.099,-1309.476,200.185,-337.298,2.216,30.46,149.704,766.862,0.286,-51.389,-63.669,-27.677,-59.83,13.0,-34.774,269.0,75.0,39.191,-51.098,0.724,-2.855,25.62,38.456,171.191,0.678,-2.58,-90.311,-3.096,-123.826,0.583,temp_g21_18_0001,bi-obj/run12/g26/g26_23.pdb.sc
562.0,827.6841852664948,1.4727476606165386,3.4022674560546875,0.0,1.4727476606165386,147.0,86.2903596162796,0.5870092490903375,2.4852120876312256,3.3238831888250755,3.910892437915413,50.0,13.608921527862549,0.272178430557251,1.0219941139221191,4.4424883031845095,4.71466673374176,99.89928114414215,197.0,38,39,291,272,563,run12_g26_g26_24,bi-obj/run12/g26/g26_24.pdb,-462.723,-1.72,-52.966,-2.258,-36.417,-1.552,1258.175,2345.926,1087.751,31.0,-1.868,-1300.213,213.079,-314.84,2.27,32.528,146.149,742.568,0.192,-46.286,-62.613,-24.011,-57.434,7.0,-34.31,269.0,76.0,42.246,-52.183,0.735,-2.382,35.23,35.924,180.344,0.65,-2.259,-83.588,-2.498,-97.441,0.696,temp_g26_17_0001,bi-obj/run12/g26/g26_24.pdb.sc
526.0,776.2978349924088,1.475851397323971,3.192565679550171,0.0,1.475851397323971,135.0,79.34212183952332,0.587719421033506,2.953403949737549,3.309225889488503,3.8969453105220087,40.0,10.610837697982788,0.2652709424495697,1.016404628753662,4.287962710857391,4.553233653306961,89.9529595375061,175.0,38,37,271,256,527,run12_g26_g26_3,bi-obj/run12/g26/g26_3.pdb,-485.644,-1.805,-61.368,-2.818,-55.373,-2.542,1149.551,2177.995,1028.444,22.0,-1.827,-1283.55,198.213,-309.332,2.397,30.353,141.689,719.514,0.237,-50.232,-61.221,-22.775,-58.48,13.0,-35.392,269.0,74.0,41.421,-51.424,0.72,-2.544,30.592,39.28,184.463,0.695,-2.475,-89.099,-2.61,-99.192,0.666,temp_g26_23_0001,bi-obj/run12/g26/g26_3.pdb.sc
521.0,769.7528616189957,1.4774527094414505,3.396484851837158,0.0,1.4774527094414505,136.0,80.65570652484894,0.5930566656238893,3.0503089427948,3.3086452107219135,3.9017018763458027,34.0,9.865164041519165,0.2901518835740931,1.016404628753662,4.363442203577827,4.65359408715192,90.5208705663681,170.0,38,37,267,255,522,run12_g26_g26_4,bi-obj/run12/g26/g26_4.pdb,-489.279,-1.819,-57.612,-2.629,-51.148,-2.334,1159.814,2191.547,1031.733,20.0,-1.79,-1285.48,198.115,-314.338,2.357,30.437,142.082,723.083,0.242,-52.799,-61.934,-22.78,-56.956,13.0,-34.473,269.0,75.0,38.174,-49.458,0.73,-2.58,32.04,41.318,182.503,0.715,-2.381,-85.715,-2.763,-107.759,0.623,temp_g25_17_0001,bi-obj/run12/g26/g26_4.pdb.sc
519.0,766.9172394275665,1.4776825422496465,3.3356821537017822,0.0,1.4776825422496465,147.0,81.50462698936462,0.5544532448256096,2.8688063621520996,3.337392116079525,3.8918453609051347,42.0,11.067968845367432,0.2635230677468436,0.8419356346130371,4.369352000100272,4.632875067847116,92.57259583473206,189.0,38,38,257,263,520,run12_g26_g26_5,bi-obj/run12/g26/g26_5.pdb,-517.988,-1.926,-62.795,-2.972,-55.79,-2.64,1163.605,2113.051,949.446,15.0,-1.895,-1270.213,192.087,-334.067,2.095,29.285,136.985,736.361,0.232,-54.308,-64.819,-24.193,-59.586,13.0,-34.027,269.0,76.0,35.463,-53.98,0.71,-3.061,27.837,38.779,179.456,0.673,-2.9,-104.386,-3.206,-128.241,0.751,temp_g26_02_0001,bi-obj/run12/g26/g26_5.pdb.sc
502.0,743.400758266449,1.4808780045148386,3.4348785877227783,0.0,1.4808780045148386,137.0,79.19824707508087,0.5780893947086195,2.430398464202881,3.361748066261737,3.9398374609703564,42.0,10.213350296020508,0.24317500704810732,0.8401837348937988,4.360366230919247,4.603541237967355,89.41159737110138,179.0,38,36,255,248,503,run12_g26_g26_6,bi-obj/run12/g26/g26_6.pdb,-497.555,-1.85,-60.359,-2.757,-51.641,-2.359,1184.262,2189.332,1005.069,17.0,-1.862,-1262.756,192.743,-331.727,2.095,29.523,133.61,738.114,0.261,-52.141,-64.899,-23.213,-59.828,13.0,-33.481,269.0,77.0,35.905,-52.394,0.625,-2.862,36.903,38.615,176.446,0.65,-2.816,-98.543,-2.901,-121.858,0.793,temp_g25_10_0001,bi-obj/run12/g26/g26_6.pdb.sc
520.0,769.8352843523026,1.4804524699082742,3.3934824466705322,0.0,1.4804524699082742,131.0,76.48706066608429,0.5838706921075136,2.3344831466674805,3.350821830844151,3.9346925229516647,34.0,8.808054685592651,0.25906043192919564,1.016404628753662,4.522583204157212,4.781643636086407,85.29511535167694,165.0,38,38,257,264,521,run12_g26_g26_7,bi-obj/run12/g26/g26_7.pdb,-487.24,-1.811,-60.616,-2.703,-53.22,-2.373,1186.14,2242.389,1056.25,22.0,-1.747,-1263.755,195.14,-315.131,2.276,29.844,137.217,718.003,0.213,-53.208,-65.266,-21.37,-58.135,12.0,-34.241,269.0,77.0,35.457,-52.736,0.674,-2.583,34.169,41.821,183.807,0.689,-2.468,-91.333,-2.688,-107.522,0.616,temp_g23_04_0001,bi-obj/run12/g26/g26_7.pdb.sc
551.0,812.3474868535995,1.474314858173502,3.291389226913452,0.0,1.474314858173502,146.0,84.81205189228058,0.5809044650156204,2.5211312770843506,3.3420450091362,3.9229494741518205,42.0,12.462369441986084,0.2967230819520496,1.1308398246765137,4.24313007082258,4.539853152774629,97.27442133426666,188.0,38,39,280,272,552,run12_g26_g26_8,bi-obj/run12/g26/g26_8.pdb,-472.301,-1.756,-50.821,-2.22,-42.891,-1.873,1214.31,2289.64,1075.329,32.0,-1.893,-1276.153,198.094,-318.348,2.182,32.166,137.817,728.645,0.149,-44.93,-62.829,-21.089,-57.605,7.0,-34.846,269.0,76.0,44.835,-50.53,0.709,-2.561,32.233,38.542,180.76,0.637,-2.593,-95.948,-2.53,-98.684,0.647,temp_g26_14_0001,bi-obj/run12/g26/g26_8.pdb.sc
543.0,800.5952398777008,1.4743927069570917,3.230220317840576,0.0,1.4743927069570917,144.0,87.65579867362976,0.6087208241224289,2.3894529342651367,3.285324177808232,3.8940450019306607,44.0,14.105478763580322,0.3205790628086437,1.0269365310668945,4.305832283063368,4.626411345872012,101.76127743721008,188.0,38,38,279,265,544,run12_g26_g26_9,bi-obj/run12/g26/g26_9.pdb,-454.589,-1.69,-58.584,-2.473,-49.644,-2.096,1273.717,2368.49,1094.773,38.0,-1.882,-1281.602,200.739,-309.477,2.201,32.532,139.63,723.172,0.131,-45.981,-60.4,-20.601,-58.966,7.0,-35.735,269.0,78.0,46.561,-50.529,0.671,-2.513,40.785,40.999,183.327,0.664,-2.638,-100.251,-2.394,-95.766,0.638,temp_g25_19_0001,bi-obj/run12/g26/g26_9.pdb.sc
520.0,767.0149985551834,1.4750288433753527,3.34932017326355,0.0,1.4750288433753527,136.0,82.12793803215027,0.6038818972952226,2.4630353450775146,3.316103333936018,3.919985231231241,38.0,7.891345739364624,0.20766699314117432,0.9008288383483887,4.545241374718516,4.75290836785969,90.01928377151489,174.0,38,39,250,271,521,run12_g27_g27_0,bi-obj/run12/g27/g27_0.pdb,-471.728,-1.754,-55.475,-2.58,-49.642,-2.309,1045.983,2150.385,1104.403,23.0,-0.942,-1256.042,192.723,-314.843,2.067,29.416,135.588,733.342,0.247,-52.062,-63.975,-20.699,-59.047,13.0,-35.615,269.0,78.0,35.358,-51.893,0.632,-2.337,37.846,41.677,174.774,0.696,-2.352,-89.378,-2.322,-92.881,0.602,temp_g16_16_0001,bi-obj/run12/g27/g27_0.pdb.sc
520.0,766.8403613567352,1.4746930026091063,3.34932017326355,0.0,1.4746930026091063,136.0,82.20033252239227,0.6044142097234726,2.332326650619507,3.3141633298467186,3.918577539570191,39.0,8.279513835906982,0.2122952265617175,0.9008288383483887,4.580413262049357,4.7927084886110745,90.47984635829926,175.0,38,39,250,271,521,run12_g27_g27_1,bi-obj/run12/g27/g27_1.pdb,-476.233,-1.77,-55.629,-2.577,-49.785,-2.306,1058.102,2158.568,1100.466,23.0,-0.942,-1259.04,192.306,-322.396,2.063,29.387,136.407,738.864,0.246,-52.288,-64.143,-20.758,-59.174,12.0,-34.669,269.0,78.0,36.686,-52.641,0.62,-2.337,37.663,41.044,174.774,0.697,-2.355,-89.507,-2.319,-92.756,0.625,temp_g27_20_0001,bi-obj/run12/g27/g27_1.pdb.sc
560.0,822.0713641643524,1.467984578864915,3.148944139480591,0.0,1.467984578864915,152.0,87.92942178249359,0.5784830380427209,2.0581893920898438,3.2779013240023662,3.8563843620450875,54.0,13.216699838638306,0.2447537007155242,1.287759780883789,4.2967711554633246,4.541524856178849,101.1461216211319,206.0,38,39,291,270,561,run12_g27_g27_10,bi-obj/run12/g27/g27_10.pdb,-503.067,-1.87,-58.94,-2.641,-52.455,-2.35,1196.692,2231.913,1035.221,29.0,-0.826,-1309.411,203.126,-332.585,2.253,30.9,146.295,765.445,0.264,-54.25,-62.329,-25.375,-59.229,12.0,-34.991,269.0,78.0,45.356,-50.612,0.721,-2.896,25.23,36.351,171.0,0.684,-2.846,-105.313,-2.941,-120.572,0.585,temp_g27_18_0001,bi-obj/run12/g27/g27_10.pdb.sc
546.0,802.8122012615204,1.4703520169624915,3.1119563579559326,0.0,1.4703520169624915,137.0,83.67555010318756,0.6107704387093983,2.343534231185913,3.2875612521693656,3.8983316908787637,41.0,10.718357563018799,0.26142335519558046,0.8450937271118164,4.32214271731493,4.58356607251051,94.39390766620636,178.0,38,39,275,272,547,run12_g27_g27_11,bi-obj/run12/g27/g27_11.pdb,-451.981,-1.68,-44.507,-1.945,-31.422,-1.373,1164.311,2288.011,1123.7,28.0,-0.826,-1274.796,208.909,-319.428,2.094,31.816,144.9,744.116,0.275,-51.891,-59.767,-22.695,-56.479,9.0,-32.462,269.0,80.0,41.683,-48.751,0.731,-2.406,24.343,45.083,171.555,0.68,-2.127,-82.951,-2.671,-109.504,0.616,temp_g23_10_0001,bi-obj/run12/g27/g27_11.pdb.sc
546.0,803.8729037046432,1.4722946954297496,3.471705675125122,0.0,1.4722946954297496,141.0,83.70236611366272,0.5936338022245583,2.9768474102020264,3.329228377511315,3.9228621797358736,41.0,11.265418291091919,0.2747662997827297,0.9899411201477051,4.400080087708264,4.674846387490994,94.96778440475464,182.0,38,40,270,277,547,run12_g27_g27_12,bi-obj/run12/g27/g27_12.pdb,-502.323,-1.867,-57.13,-2.518,-49.496,-2.181,1131.627,2269.174,1137.547,22.0,-1.758,-1283.647,196.987,-332.235,2.205,29.503,144.087,739.855,0.285,-51.37,-65.926,-28.533,-58.237,13.0,-34.033,269.0,76.0,37.203,-47.011,0.705,-2.841,28.186,40.822,180.889,0.686,-2.617,-96.822,-3.053,-119.074,0.691,temp_g22_02_0001,bi-obj/run12/g27/g27_12.pdb.sc
563.0,829.1057603359222,1.4726567679146043,3.4022674560546875,0.0,1.4726567679146043,146.0,85.93893766403198,0.5886228607125479,2.4852120876312256,3.3116024536629247,3.9002253143754726,51.0,13.931187152862549,0.27316053240906957,1.0219941139221191,4.383583096896901,4.6567436293059705,99.87012481689453,197.0,38,39,292,272,564,run12_g27_g27_13,bi-obj/run12/g27/g27_13.pdb,-464.075,-1.725,-54.005,-2.298,-37.832,-1.61,1260.6,2349.577,1088.977,31.0,-0.826,-1301.857,213.807,-316.397,2.231,32.728,145.851,743.697,0.19,-46.554,-62.609,-23.98,-57.37,7.0,-34.585,269.0,76.0,41.372,-53.181,0.707,-2.389,39.171,35.488,178.241,0.65,-2.187,-78.728,-2.57,-102.806,0.696,temp_g27_24_0001,bi-obj/run12/g27/g27_13.pdb.sc
522.0,769.8905117511749,1.4748860378375,3.34932017326355,0.0,1.4748860378375,136.0,82.48032474517822,0.606472976067487,2.4630353450775146,3.312835305929184,3.919308281996671,38.0,7.895920038223267,0.20778736942692808,0.9008288383483887,4.54514047346617,4.752927842893098,90.37624478340149,174.0,38,39,252,271,523,run12_g27_g27_14,bi-obj/run12/g27/g27_14.pdb,-478.488,-1.779,-55.586,-2.581,-49.887,-2.316,1031.958,2153.802,1121.844,21.0,-0.942,-1258.046,192.752,-322.637,2.066,29.43,136.249,738.289,0.246,-52.021,-64.131,-20.802,-59.106,13.0,-35.087,269.0,78.0,35.262,-52.682,0.618,-2.354,37.846,40.785,173.686,0.694,-2.347,-89.188,-2.361,-94.444,0.602,temp_g25_00_0001,bi-obj/run12/g27/g27_14.pdb.sc
500.0,738.5093604326248,1.4770187208652497,3.3531134128570557,0.0,1.4770187208652497,137.0,79.39437735080719,0.5795210025606364,3.0758056640625,3.3222523579632277,3.9017733605238645,40.0,9.950284957885742,0.24875712394714355,0.8421421051025391,4.370007365942001,4.618764489889145,89.34466230869293,177.0,38,36,253,248,501,run12_g27_g27_15,bi-obj/run12/g27/g27_15.pdb,-504.641,-1.876,-60.611,-2.916,-52.128,-2.508,1217.176,2078.231,861.055,15.0,-1.836,-1267.03,192.561,-331.066,2.188,28.805,137.442,731.82,0.249,-53.518,-65.859,-24.744,-59.513,12.0,-33.173,269.0,75.0,36.596,-54.424,0.673,-3.007,35.776,38.959,181.595,0.691,-2.869,-103.301,-3.135,-122.26,0.78,temp_g25_04_0001,bi-obj/run12/g27/g27_15.pdb.sc
554.0,810.5488394498825,1.4630845477434702,3.135190963745117,0.0,1.4630845477434702,157.0,92.51262187957764,0.5892523686597302,2.4116063117980957,3.2922892616053296,3.8815416302650596,54.0,11.910202980041504,0.22055931444521304,1.2387056350708008,4.292329748471578,4.512889062916791,104.42282485961914,211.0,38,39,285,270,555,run12_g27_g27_16,bi-obj/run12/g27/g27_16.pdb,-511.84,-1.903,-53.44,-2.441,-48.832,-2.231,1164.84,2189.12,1024.279,32.0,-1.099,-1309.476,200.185,-337.298,2.216,30.46,149.704,766.862,0.286,-51.389,-63.669,-27.677,-59.83,13.0,-34.774,269.0,75.0,39.191,-51.098,0.724,-2.855,25.62,38.456,171.191,0.678,-2.58,-90.311,-3.096,-123.826,0.583,temp_g21_18_0001,bi-obj/run12/g27/g27_16.pdb.sc
518.0,763.9525617361069,1.4748118952434495,3.34932017326355,0.0,1.4748118952434495,137.0,81.74319469928741,0.5966656547393242,2.332326650619507,3.3221770925243406,3.918842747263665,39.0,8.274477481842041,0.21216608927800104,0.9008288383483887,4.580623009265998,4.792789098543999,90.01767218112946,176.0,38,39,248,271,519,run12_g27_g27_17,bi-obj/run12/g27/g27_17.pdb,-469.919,-1.747,-55.572,-2.578,-49.751,-2.308,1059.013,2155.357,1096.344,23.0,-0.942,-1257.476,192.221,-314.855,2.065,29.378,136.047,734.243,0.246,-52.395,-64.258,-20.618,-59.106,12.0,-35.237,269.0,78.0,36.776,-51.868,0.609,-2.32,37.663,41.958,175.861,0.699,-2.36,-89.668,-2.282,-91.285,0.625,temp_g26_10_0001,bi-obj/run12/g27/g27_17.pdb.sc
526.0,776.2978349924088,1.475851397323971,3.192565679550171,0.0,1.475851397323971,135.0,79.34212183952332,0.587719421033506,2.953403949737549,3.309225889488503,3.8969453105220087,40.0,10.610837697982788,0.2652709424495697,1.016404628753662,4.287962710857391,4.553233653306961,89.9529595375061,175.0,38,37,271,256,527,run12_g27_g27_18,bi-obj/run12/g27/g27_18.pdb,-485.644,-1.805,-61.368,-2.818,-55.373,-2.542,1149.551,2177.995,1028.444,22.0,-1.827,-1283.55,198.213,-309.332,2.397,30.353,141.689,719.514,0.237,-50.232,-61.221,-22.775,-58.48,13.0,-35.392,269.0,74.0,41.421,-51.424,0.72,-2.544,30.592,39.28,184.463,0.695,-2.475,-89.099,-2.61,-99.192,0.666,temp_g26_23_0001,bi-obj/run12/g27/g27_18.pdb.sc
512.0,756.8571668863297,1.4782366540748626,3.3356821537017822,0.0,1.4782366540748626,145.0,81.29364359378815,0.5606458178881941,2.8688063621520996,3.321283928279219,3.881929746167413,44.0,11.274826526641846,0.2562460574236783,0.862116813659668,4.358996792273088,4.615242849696767,92.56847012042999,189.0,38,37,257,256,513,run12_g27_g27_19,bi-obj/run12/g27/g27_19.pdb,-516.443,-1.92,-62.166,-2.941,-55.704,-2.635,1171.945,2114.024,942.079,15.0,-1.88,-1270.283,192.151,-333.229,2.103,29.301,136.885,736.147,0.225,-53.905,-64.97,-24.265,-59.57,13.0,-34.082,269.0,76.0,36.095,-54.022,0.695,-3.045,28.179,38.695,179.456,0.675,-2.889,-103.988,-3.186,-127.447,0.751,temp_g27_15_0001,bi-obj/run12/g27/g27_19.pdb.sc
512.0,758.7527680397034,1.4819390000775456,3.415562152862549,0.0,1.4819390000775456,129.0,75.05187225341797,0.5817974593288214,2.376692295074463,3.3681408250054647,3.9499382843342863,35.0,7.613133907318115,0.21751811163766044,1.016404628753662,4.502619198390415,4.720137310028076,82.66500616073608,164.0,38,37,257,256,513,run12_g27_g27_2,bi-obj/run12/g27/g27_2.pdb,-491.487,-1.827,-61.226,-2.747,-54.143,-2.429,1180.163,2228.664,1048.5,22.0,-1.778,-1258.622,195.089,-314.301,2.243,29.782,133.836,714.684,0.212,-53.218,-66.296,-21.466,-58.404,12.0,-34.461,269.0,74.0,37.163,-52.929,0.664,-2.593,31.409,41.364,183.807,0.687,-2.489,-89.619,-2.691,-102.24,0.611,temp_g26_01_0001,bi-obj/run12/g27/g27_2.pdb.sc
544.0,802.0501440763474,1.4743568824932856,3.471705675125122,0.0,1.4743568824932856,141.0,82.7321525812149,0.5867528551859214,2.69730544090271,3.333378787581802,3.9201316427677235,37.0,11.139124631881714,0.30105742248328954,1.155897617340088,4.410142151085106,4.711199573568396,93.87127721309662,178.0,38,40,268,277,545,run12_g27_g27_20,bi-obj/run12/g27/g27_20.pdb,-507.053,-1.885,-57.451,-2.535,-50.318,-2.22,1195.417,2266.503,1071.085,25.0,-1.784,-1278.073,196.601,-331.789,2.179,29.534,139.605,732.789,0.235,-50.818,-66.813,-26.657,-58.246,11.0,-34.184,269.0,77.0,37.25,-47.927,0.705,-2.88,28.186,40.411,181.977,0.671,-2.704,-102.749,-3.051,-118.976,0.706,temp_g27_17_0001,bi-obj/run12/g27/g27_20.pdb.sc
544.0,799.9590641260147,1.4705129855257624,3.2597556114196777,0.0,1.4705129855257624,132.0,82.24346029758453,0.6230565174059435,2.3518991470336914,3.2887886356223714,3.911845153028315,39.0,10.493651151657104,0.2690679782476181,1.15047025680542,4.472233246534299,4.741301224781917,92.73711144924164,171.0,38,39,273,272,545,run12_g27_g27_21,bi-obj/run12/g27/g27_21.pdb,-481.737,-1.791,-48.49,-2.15,-37.362,-1.657,1107.586,2255.033,1147.446,19.0,-0.826,-1277.002,204.108,-331.899,2.098,31.136,145.629,744.482,0.315,-51.508,-61.929,-24.969,-57.012,12.0,-30.11,269.0,80.0,35.46,-51.781,0.695,-2.601,27.041,42.078,172.606,0.653,-2.406,-93.816,-2.787,-114.265,0.661,temp_g27_19_0001,bi-obj/run12/g27/g27_21.pdb.sc
519.0,766.9272516965866,1.4777018337121128,3.3356821537017822,0.0,1.4777018337121128,146.0,81.41914629936218,0.5576653856120698,2.8688063621520996,3.3310740826881093,3.8887394683001792,41.0,11.081905364990234,0.2702903747558594,0.8419356346130371,4.366125130071873,4.636415504827732,92.50105166435242,187.0,38,38,257,263,520,run12_g27_g27_22,bi-obj/run12/g27/g27_22.pdb,-517.481,-1.924,-62.892,-2.962,-56.822,-2.677,1173.039,2122.975,949.936,15.0,-1.895,-1270.581,192.261,-334.209,2.094,29.279,137.105,736.411,0.228,-54.213,-64.813,-24.195,-59.592,13.0,-34.08,269.0,76.0,36.073,-53.93,0.69,-3.053,27.837,38.778,179.456,0.674,-2.896,-104.25,-3.194,-127.746,0.733,temp_g27_05_0001,bi-obj/run12/g27/g27_22.pdb.sc
502.0,743.400758266449,1.4808780045148386,3.4348785877227783,0.0,1.4808780045148386,137.0,79.19824707508087,0.5780893947086195,2.430398464202881,3.361748066261737,3.9398374609703564,42.0,10.213350296020508,0.24317500704810732,0.8401837348937988,4.360366230919247,4.603541237967355,89.41159737110138,179.0,38,36,255,248,503,run12_g27_g27_23,bi-obj/run12/g27/g27_23.pdb,-497.555,-1.85,-60.359,-2.757,-51.641,-2.359,1184.262,2189.332,1005.069,17.0,-1.862,-1262.756,192.743,-331.727,2.095,29.523,133.61,738.114,0.261,-52.141,-64.899,-23.213,-59.828,13.0,-33.481,269.0,77.0,35.905,-52.394,0.625,-2.862,36.903,38.615,176.446,0.65,-2.816,-98.543,-2.901,-121.858,0.793,temp_g25_10_0001,bi-obj/run12/g27/g27_23.pdb.sc
502.0,743.6031984090805,1.481281271731236,3.457766056060791,0.0,1.481281271731236,137.0,78.87125647068024,0.5757026019757682,2.415350914001465,3.366907278986743,3.942609880962511,41.0,10.337951421737671,0.25214515662774806,0.8401837348937988,4.3525729353834945,4.604718092011242,89.20920789241791,178.0,38,36,255,248,503,run12_g27_g27_24,bi-obj/run12/g27/g27_24.pdb,-499.263,-1.856,-60.286,-2.749,-51.795,-2.362,1169.971,2192.808,1022.837,17.0,-1.872,-1260.807,192.69,-331.277,2.094,29.513,132.497,736.925,0.259,-52.22,-65.103,-23.132,-59.871,13.0,-33.533,269.0,77.0,36.217,-52.476,0.658,-2.868,35.602,38.251,176.446,0.652,-2.826,-98.921,-2.903,-121.911,0.793,temp_g27_06_0001,bi-obj/run12/g27/g27_24.pdb.sc
520.0,769.8352843523026,1.4804524699082742,3.3934824466705322,0.0,1.4804524699082742,131.0,76.48706066608429,0.5838706921075136,2.3344831466674805,3.350821830844151,3.9346925229516647,34.0,8.808054685592651,0.25906043192919564,1.016404628753662,4.522583204157212,4.781643636086407,85.29511535167694,165.0,38,38,257,264,521,run12_g27_g27_3,bi-obj/run12/g27/g27_3.pdb,-487.24,-1.811,-60.616,-2.703,-53.22,-2.373,1186.14,2242.389,1056.25,22.0,-1.747,-1263.755,195.14,-315.131,2.276,29.844,137.217,718.003,0.213,-53.208,-65.266,-21.37,-58.135,12.0,-34.241,269.0,77.0,35.457,-52.736,0.674,-2.583,34.169,41.821,183.807,0.689,-2.468,-91.333,-2.688,-107.522,0.616,temp_g23_04_0001,bi-obj/run12/g27/g27_3.pdb.sc
519.0,766.9172394275665,1.4776825422496465,3.3356821537017822,0.0,1.4776825422496465,147.0,81.50462698936462,0.5544532448256096,2.8688063621520996,3.337392116079525,3.8918453609051347,42.0,11.067968845367432,0.2635230677468436,0.8419356346130371,4.369352000100272,4.632875067847116,92.57259583473206,189.0,38,38,257,263,520,run12_g27_g27_4,bi-obj/run12/g27/g27_4.pdb,-517.988,-1.926,-62.795,-2.972,-55.79,-2.64,1163.605,2113.051,949.446,15.0,-1.895,-1270.213,192.087,-334.067,2.095,29.285,136.985,736.361,0.232,-54.308,-64.819,-24.193,-59.586,13.0,-34.027,269.0,76.0,35.463,-53.98,0.71,-3.061,27.837,38.779,179.456,0.673,-2.9,-104.386,-3.206,-128.241,0.751,temp_g26_02_0001,bi-obj/run12/g27/g27_4.pdb.sc
521.0,769.7528616189957,1.4774527094414505,3.396484851837158,0.0,1.4774527094414505,136.0,80.65570652484894,0.5930566656238893,3.0503089427948,3.3086452107219135,3.9017018763458027,34.0,9.865164041519165,0.2901518835740931,1.016404628753662,4.363442203577827,4.65359408715192,90.5208705663681,170.0,38,37,267,255,522,run12_g27_g27_5,bi-obj/run12/g27/g27_5.pdb,-489.279,-1.819,-57.612,-2.629,-51.148,-2.334,1159.814,2191.547,1031.733,20.0,-1.79,-1285.48,198.115,-314.338,2.357,30.437,142.082,723.083,0.242,-52.799,-61.934,-22.78,-56.956,13.0,-34.473,269.0,75.0,38.174,-49.458,0.73,-2.58,32.04,41.318,182.503,0.715,-2.381,-85.715,-2.763,-107.759,0.623,temp_g25_17_0001,bi-obj/run12/g27/g27_5.pdb.sc
495.0,731.4251621961594,1.4776265902952714,3.320247173309326,0.0,1.4776265902952714,133.0,80.02162575721741,0.6016663590768226,3.0758056640625,3.2875899443949077,3.88925630347173,36.0,9.177377700805664,0.2549271583557129,0.8451013565063477,4.305464009443919,4.560391167799632,89.19900345802307,169.0,38,35,255,241,496,run12_g27_g27_6,bi-obj/run12/g27/g27_6.pdb,-507.681,-1.887,-58.549,-2.824,-51.564,-2.487,1152.141,2072.98,920.839,13.0,-1.836,-1273.594,191.602,-332.653,2.195,28.936,143.698,737.277,0.285,-55.978,-65.846,-24.704,-59.411,13.0,-33.444,269.0,76.0,35.115,-54.928,0.703,-3.015,36.968,37.631,180.507,0.678,-2.864,-103.11,-3.151,-126.049,0.784,temp_g27_14_0001,bi-obj/run12/g27/g27_6.pdb.sc
499.0,736.970400929451,1.4768945910409839,3.3531134128570557,0.0,1.4768945910409839,135.0,79.00730204582214,0.5852392744134973,2.9166083335876465,3.316106506630226,3.901345781043724,39.0,9.806696891784668,0.25145376645601714,0.8421421051025391,4.383901327084272,4.63535509354029,88.81399893760681,174.0,38,36,252,248,500,run12_g27_g27_7,bi-obj/run12/g27/g27_7.pdb,-500.537,-1.861,-60.404,-2.891,-51.844,-2.482,1247.628,2089.186,841.558,15.0,-1.836,-1263.065,192.906,-330.863,2.185,28.841,136.483,731.365,0.243,-53.456,-64.996,-24.021,-59.538,12.0,-33.29,269.0,75.0,36.811,-54.217,0.673,-2.978,36.396,38.825,180.153,0.696,-2.865,-103.154,-3.081,-120.173,0.779,temp_g26_06_0001,bi-obj/run12/g27/g27_7.pdb.sc
558.0,819.4173828363419,1.468489933398462,3.135190963745117,0.0,1.468489933398462,151.0,88.54333353042603,0.586379692254477,2.1808669567108154,3.273563970793162,3.859943663047639,51.0,13.089149713516235,0.2566499943826713,1.312971591949463,4.235626108506146,4.492276102888818,101.63248324394226,202.0,38,39,289,270,559,run12_g27_g27_8,bi-obj/run12/g27/g27_8.pdb,-502.526,-1.868,-54.993,-2.459,-47.788,-2.137,1193.793,2235.939,1042.146,32.0,-0.826,-1302.211,203.719,-333.538,2.241,30.685,142.415,760.109,0.219,-50.406,-64.065,-27.112,-59.048,11.0,-34.464,269.0,78.0,43.274,-50.791,0.739,-2.854,26.861,37.966,172.088,0.68,-2.755,-101.924,-2.944,-120.723,0.575,temp_g27_22_0001,bi-obj/run12/g27/g27_8.pdb.sc
522.0,769.8818603754044,1.474869464320698,3.34932017326355,0.0,1.474869464320698,135.0,82.68005919456482,0.6124448829227024,2.3613507747650146,3.3143784770259153,3.9268233599486173,36.0,7.798855304718018,0.2166348695755005,0.9008288383483887,4.507959809568193,4.724594679143694,90.47891449928284,171.0,38,39,252,271,523,run12_g27_g27_9,bi-obj/run12/g27/g27_9.pdb,-478.754,-1.78,-55.912,-2.6,-50.244,-2.337,1040.188,2150.202,1110.013,21.0,-0.942,-1259.09,192.441,-322.792,2.086,29.43,136.635,739.074,0.254,-52.123,-64.11,-20.785,-59.238,13.0,-35.159,269.0,78.0,35.679,-52.579,0.648,-2.351,37.846,40.586,173.686,0.706,-2.351,-89.323,-2.352,-94.09,0.602,temp_g27_02_0001,bi-obj/run12/g27/g27_9.pdb.sc
520.0,767.0149985551834,1.4750288433753527,3.34932017326355,0.0,1.4750288433753527,136.0,82.12793803215027,0.6038818972952226,2.4630353450775146,3.316103333936018,3.919985231231241,38.0,7.891345739364624,0.20766699314117432,0.9008288383483887,4.545241374718516,4.75290836785969,90.01928377151489,174.0,38,39,250,271,521,run12_g28_g28_0,bi-obj/run12/g28/g28_0.pdb,-471.728,-1.754,-55.475,-2.58,-49.642,-2.309,1045.983,2150.385,1104.403,23.0,-0.942,-1256.042,192.723,-314.843,2.067,29.416,135.588,733.342,0.247,-52.062,-63.975,-20.699,-59.047,13.0,-35.615,269.0,78.0,35.358,-51.893,0.632,-2.337,37.846,41.677,174.774,0.696,-2.352,-89.378,-2.322,-92.881,0.602,temp_g16_16_0001,bi-obj/run12/g28/g28_0.pdb.sc
560.0,822.0713641643524,1.467984578864915,3.148944139480591,0.0,1.467984578864915,152.0,87.92942178249359,0.5784830380427209,2.0581893920898438,3.2779013240023662,3.8563843620450875,54.0,13.216699838638306,0.2447537007155242,1.287759780883789,4.2967711554633246,4.541524856178849,101.1461216211319,206.0,38,39,291,270,561,run12_g28_g28_1,bi-obj/run12/g28/g28_1.pdb,-503.067,-1.87,-58.94,-2.641,-52.455,-2.35,1196.692,2231.913,1035.221,29.0,-0.826,-1309.411,203.126,-332.585,2.253,30.9,146.295,765.445,0.264,-54.25,-62.329,-25.375,-59.229,12.0,-34.991,269.0,78.0,45.356,-50.612,0.721,-2.896,25.23,36.351,171.0,0.684,-2.846,-105.313,-2.941,-120.572,0.585,temp_g27_18_0001,bi-obj/run12/g28/g28_1.pdb.sc
544.0,799.9590641260147,1.4705129855257624,3.2597556114196777,0.0,1.4705129855257624,132.0,82.24346029758453,0.6230565174059435,2.3518991470336914,3.2887886356223714,3.911845153028315,39.0,10.493651151657104,0.2690679782476181,1.15047025680542,4.472233246534299,4.741301224781917,92.73711144924164,171.0,38,39,273,272,545,run12_g28_g28_10,bi-obj/run12/g28/g28_10.pdb,-481.737,-1.791,-48.49,-2.15,-37.362,-1.657,1107.586,2255.033,1147.446,19.0,-0.826,-1277.002,204.108,-331.899,2.098,31.136,145.629,744.482,0.315,-51.508,-61.929,-24.969,-57.012,12.0,-30.11,269.0,80.0,35.46,-51.781,0.695,-2.601,27.041,42.078,172.606,0.653,-2.406,-93.816,-2.787,-114.265,0.661,temp_g27_19_0001,bi-obj/run12/g28/g28_10.pdb.sc
558.0,819.4173828363419,1.468489933398462,3.135190963745117,0.0,1.468489933398462,151.0,88.54333353042603,0.586379692254477,2.1808669567108154,3.273563970793162,3.859943663047639,51.0,13.089149713516235,0.2566499943826713,1.312971591949463,4.235626108506146,4.492276102888818,101.63248324394226,202.0,38,39,289,270,559,run12_g28_g28_11,bi-obj/run12/g28/g28_11.pdb,-502.526,-1.868,-54.993,-2.459,-47.788,-2.137,1193.793,2235.939,1042.146,32.0,-0.826,-1302.211,203.719,-333.538,2.241,30.685,142.415,760.109,0.219,-50.406,-64.065,-27.112,-59.048,11.0,-34.464,269.0,78.0,43.274,-50.791,0.739,-2.854,26.861,37.966,172.088,0.68,-2.755,-101.924,-2.944,-120.723,0.575,temp_g27_22_0001,bi-obj/run12/g28/g28_11.pdb.sc
533.0,785.790036201477,1.4742777414661858,3.429292917251587,0.0,1.4742777414661858,139.0,82.62794172763824,0.5944456239398435,3.041334390640259,3.3246314276894218,3.9190770516292655,41.0,10.760022401809692,0.2624395707758462,0.9899411201477051,4.479921352572557,4.742360923348404,93.38796412944794,180.0,38,39,264,270,534,run12_g28_g28_12,bi-obj/run12/g28/g28_12.pdb,-497.827,-1.851,-58.474,-2.605,-51.651,-2.301,1127.312,2244.318,1117.006,21.0,-1.798,-1274.975,195.126,-335.714,2.17,29.308,139.635,742.334,0.272,-54.178,-66.011,-28.448,-58.458,13.0,-33.747,269.0,75.0,37.716,-47.401,0.691,-2.78,36.243,39.663,180.017,0.684,-2.606,-93.8,-2.941,-114.705,0.691,temp_g28_12_0001,bi-obj/run12/g28/g28_12.pdb.sc
556.0,816.8594744205475,1.4691717165837186,3.281160831451416,0.0,1.4691717165837186,150.0,87.36353254318237,0.5824235502878825,2.1808669567108154,3.285904687245687,3.8683282375335692,53.0,12.085519552230835,0.22802867079680822,1.312971591949463,4.281472273592679,4.509500944389488,99.44905209541321,203.0,38,39,287,270,557,run12_g28_g28_13,bi-obj/run12/g28/g28_13.pdb,-512.075,-1.904,-54.87,-2.482,-49.645,-2.246,1210.829,2210.468,999.639,30.0,-0.826,-1296.989,199.759,-333.451,2.216,30.038,141.197,753.71,0.211,-50.931,-64.336,-27.218,-58.896,11.0,-34.206,269.0,77.0,42.615,-51.877,0.672,-2.945,26.861,36.556,173.138,0.676,-2.769,-102.465,-3.108,-124.333,0.564,temp_g28_08_0001,bi-obj/run12/g28/g28_13.pdb.sc
528.0,779.7295639514923,1.4767605377869173,3.396484851837158,0.0,1.4767605377869173,134.0,80.62862157821655,0.6017061311807206,3.0503089427948,3.3104805554916608,3.9121866866723813,35.0,10.010422468185425,0.28601207051958355,1.016404628753662,4.363388463429042,4.649400533948626,90.63904404640198,169.0,38,38,265,264,529,run12_g28_g28_14,bi-obj/run12/g28/g28_14.pdb,-486.881,-1.81,-58.342,-2.66,-52.147,-2.378,1180.878,2193.099,1012.221,20.0,-1.79,-1285.044,197.09,-313.19,2.374,30.32,142.713,721.442,0.247,-50.863,-59.921,-22.78,-58.072,13.0,-34.929,269.0,75.0,38.342,-50.94,0.722,-2.564,32.04,42.112,183.591,0.722,-2.39,-86.032,-2.725,-106.26,0.624,temp_g28_05_0001,bi-obj/run12/g28/g28_14.pdb.sc
520.0,769.888877749443,1.4805555341335443,3.4759438037872314,0.0,1.4805555341335443,131.0,76.32117199897766,0.5826043664044096,2.486016035079956,3.3625060674798397,3.9451104338842495,35.0,9.52534294128418,0.2721526554652623,1.016404628753662,4.483649403708322,4.755802059173584,85.84651494026184,166.0,38,38,257,264,521,run12_g28_g28_15,bi-obj/run12/g28/g28_15.pdb,-490.76,-1.824,-61.113,-2.756,-52.744,-2.379,1202.194,2217.131,1014.938,21.0,-1.773,-1262.258,195.457,-315.582,2.241,29.807,134.436,718.176,0.209,-53.122,-65.257,-21.049,-58.278,12.0,-34.246,269.0,76.0,36.071,-52.757,0.65,-2.567,31.004,41.954,183.807,0.698,-2.527,-93.491,-2.605,-101.58,0.608,temp_g28_03_0001,bi-obj/run12/g28/g28_15.pdb.sc
522.0,769.8818603754044,1.474869464320698,3.34932017326355,0.0,1.474869464320698,135.0,82.68005919456482,0.6124448829227024,2.3613507747650146,3.3143784770259153,3.9268233599486173,36.0,7.798855304718018,0.2166348695755005,0.9008288383483887,4.507959809568193,4.724594679143694,90.47891449928284,171.0,38,39,252,271,523,run12_g28_g28_16,bi-obj/run12/g28/g28_16.pdb,-478.754,-1.78,-55.912,-2.6,-50.244,-2.337,1040.188,2150.202,1110.013,21.0,-0.942,-1259.09,192.441,-322.792,2.086,29.43,136.635,739.074,0.254,-52.123,-64.11,-20.785,-59.238,13.0,-35.159,269.0,78.0,35.679,-52.579,0.648,-2.351,37.846,40.586,173.686,0.706,-2.351,-89.323,-2.352,-94.09,0.602,temp_g27_02_0001,bi-obj/run12/g28/g28_16.pdb.sc
499.0,736.970400929451,1.4768945910409839,3.3531134128570557,0.0,1.4768945910409839,135.0,79.00730204582214,0.5852392744134973,2.9166083335876465,3.316106506630226,3.901345781043724,39.0,9.806696891784668,0.25145376645601714,0.8421421051025391,4.383901327084272,4.63535509354029,88.81399893760681,174.0,38,36,252,248,500,run12_g28_g28_17,bi-obj/run12/g28/g28_17.pdb,-500.537,-1.861,-60.404,-2.891,-51.844,-2.482,1247.628,2089.186,841.558,15.0,-1.836,-1263.065,192.906,-330.863,2.185,28.841,136.483,731.365,0.243,-53.456,-64.996,-24.021,-59.538,12.0,-33.29,269.0,75.0,36.811,-54.217,0.673,-2.978,36.396,38.825,180.153,0.696,-2.865,-103.154,-3.081,-120.173,0.779,temp_g26_06_0001,bi-obj/run12/g28/g28_17.pdb.sc
553.0,809.1176192760468,1.463142168672779,3.135190963745117,0.0,1.463142168672779,157.0,91.83463072776794,0.5849339536800506,2.4116063117980957,3.3031358642942585,3.8880698179743094,51.0,11.789919376373291,0.23117488973280964,1.2626657485961914,4.300814207862405,4.531989097595215,103.62455010414124,208.0,38,39,284,270,554,run12_g28_g28_18,bi-obj/run12/g28/g28_18.pdb,-508.811,-1.891,-53.595,-2.451,-48.854,-2.234,1163.622,2186.333,1022.712,32.0,-1.099,-1305.991,201.439,-335.686,2.211,30.483,148.216,764.755,0.286,-51.494,-64.043,-26.191,-59.818,13.0,-35.152,269.0,74.0,39.07,-50.317,0.713,-2.826,25.62,38.85,169.75,0.677,-2.583,-90.398,-3.044,-118.729,0.586,temp_g28_16_0001,bi-obj/run12/g28/g28_18.pdb.sc
520.0,766.7385709285736,1.4744972517857184,3.34932017326355,0.0,1.4744972517857184,137.0,82.52798104286194,0.6023940222106711,2.3652467727661133,3.3211297797460624,3.923523801956734,38.0,7.698976039886475,0.20260463262859144,0.9008288383483887,4.5403745864567,4.742979219085292,90.22695708274841,175.0,38,39,250,271,521,run12_g28_g28_19,bi-obj/run12/g28/g28_19.pdb,-476.883,-1.773,-55.868,-2.592,-49.961,-2.318,1052.307,2155.671,1103.363,21.0,-0.942,-1258.964,192.274,-322.573,2.073,29.397,136.73,738.783,0.247,-52.295,-64.223,-20.763,-59.127,13.0,-34.876,269.0,78.0,35.513,-52.515,0.616,-2.329,37.663,41.561,174.774,0.701,-2.353,-89.396,-2.306,-92.241,0.628,temp_g28_01_0001,bi-obj/run12/g28/g28_19.pdb.sc
497.0,734.4180941581726,1.4777024027327417,3.3531134128570557,0.0,1.4777024027327417,131.0,78.31483888626099,0.5978231976050457,2.851006507873535,3.318167943080873,3.9159911406859185,38.0,9.954283237457275,0.26195482203834936,0.8421421051025391,4.3050275099904916,4.56698233202884,88.26912212371826,169.0,38,36,250,248,498,run12_g28_g28_2,bi-obj/run12/g28/g28_2.pdb,-503.167,-1.871,-61.631,-2.903,-53.012,-2.497,1265.922,2123.207,857.285,15.0,-1.836,-1258.09,190.517,-329.882,2.179,28.435,134.7,726.509,0.246,-53.741,-64.992,-23.764,-59.691,12.0,-33.553,269.0,75.0,35.427,-53.675,0.671,-2.996,36.396,39.827,181.204,0.686,-2.866,-103.182,-3.115,-121.494,0.862,temp_g28_07_0001,bi-obj/run12/g28/g28_2.pdb.sc
563.0,829.1057603359222,1.4726567679146043,3.4022674560546875,0.0,1.4726567679146043,146.0,85.93893766403198,0.5886228607125479,2.4852120876312256,3.3116024536629247,3.9002253143754726,51.0,13.931187152862549,0.27316053240906957,1.0219941139221191,4.383583096896901,4.6567436293059705,99.87012481689453,197.0,38,39,292,272,564,run12_g28_g28_20,bi-obj/run12/g28/g28_20.pdb,-464.075,-1.725,-54.005,-2.298,-37.832,-1.61,1260.6,2349.577,1088.977,31.0,-0.826,-1301.857,213.807,-316.397,2.231,32.728,145.851,743.697,0.19,-46.554,-62.609,-23.98,-57.37,7.0,-34.585,269.0,76.0,41.372,-53.181,0.707,-2.389,39.171,35.488,178.241,0.65,-2.187,-78.728,-2.57,-102.806,0.696,temp_g27_24_0001,bi-obj/run12/g28/g28_20.pdb.sc
546.0,802.8122012615204,1.4703520169624915,3.1119563579559326,0.0,1.4703520169624915,137.0,83.67555010318756,0.6107704387093983,2.343534231185913,3.2875612521693656,3.8983316908787637,41.0,10.718357563018799,0.26142335519558046,0.8450937271118164,4.32214271731493,4.58356607251051,94.39390766620636,178.0,38,39,275,272,547,run12_g28_g28_21,bi-obj/run12/g28/g28_21.pdb,-451.981,-1.68,-44.507,-1.945,-31.422,-1.373,1164.311,2288.011,1123.7,28.0,-0.826,-1274.796,208.909,-319.428,2.094,31.816,144.9,744.116,0.275,-51.891,-59.767,-22.695,-56.479,9.0,-32.462,269.0,80.0,41.683,-48.751,0.731,-2.406,24.343,45.083,171.555,0.68,-2.127,-82.951,-2.671,-109.504,0.616,temp_g23_10_0001,bi-obj/run12/g28/g28_21.pdb.sc
554.0,810.5488394498825,1.4630845477434702,3.135190963745117,0.0,1.4630845477434702,157.0,92.51262187957764,0.5892523686597302,2.4116063117980957,3.2922892616053296,3.8815416302650596,54.0,11.910202980041504,0.22055931444521304,1.2387056350708008,4.292329748471578,4.512889062916791,104.42282485961914,211.0,38,39,285,270,555,run12_g28_g28_22,bi-obj/run12/g28/g28_22.pdb,-511.84,-1.903,-53.44,-2.441,-48.832,-2.231,1164.84,2189.12,1024.279,32.0,-1.099,-1309.476,200.185,-337.298,2.216,30.46,149.704,766.862,0.286,-51.389,-63.669,-27.677,-59.83,13.0,-34.774,269.0,75.0,39.191,-51.098,0.724,-2.855,25.62,38.456,171.191,0.678,-2.58,-90.311,-3.096,-123.826,0.583,temp_g21_18_0001,bi-obj/run12/g28/g28_22.pdb.sc
522.0,769.8326551914215,1.474775201516133,3.34932017326355,0.0,1.474775201516133,136.0,82.6479127407074,0.6077052407404956,2.4020137786865234,3.320018438731923,3.927723679472418,38.0,7.948666095733643,0.20917542357193797,0.9008288383483887,4.538618840669331,4.747794264241269,90.59657883644104,174.0,38,39,252,271,523,run12_g28_g28_23,bi-obj/run12/g28/g28_23.pdb,-478.792,-1.78,-55.794,-2.583,-50.292,-2.328,1042.088,2160.144,1118.056,21.0,-0.942,-1258.94,192.316,-322.723,2.09,29.432,136.645,738.93,0.246,-52.111,-64.082,-20.791,-59.179,13.0,-35.049,269.0,78.0,35.451,-52.645,0.642,-2.351,37.846,40.673,173.686,0.7,-2.35,-89.295,-2.353,-94.11,0.602,temp_g28_14_0001,bi-obj/run12/g28/g28_23.pdb.sc
519.0,766.9172394275665,1.4776825422496465,3.3356821537017822,0.0,1.4776825422496465,147.0,81.50462698936462,0.5544532448256096,2.8688063621520996,3.337392116079525,3.8918453609051347,42.0,11.067968845367432,0.2635230677468436,0.8419356346130371,4.369352000100272,4.632875067847116,92.57259583473206,189.0,38,38,257,263,520,run12_g28_g28_24,bi-obj/run12/g28/g28_24.pdb,-517.988,-1.926,-62.795,-2.972,-55.79,-2.64,1163.605,2113.051,949.446,15.0,-1.895,-1270.213,192.087,-334.067,2.095,29.285,136.985,736.361,0.232,-54.308,-64.819,-24.193,-59.586,13.0,-34.027,269.0,76.0,35.463,-53.98,0.71,-3.061,27.837,38.779,179.456,0.673,-2.9,-104.386,-3.206,-128.241,0.751,temp_g26_02_0001,bi-obj/run12/g28/g28_24.pdb.sc
546.0,803.8729037046432,1.4722946954297496,3.471705675125122,0.0,1.4722946954297496,141.0,83.70236611366272,0.5936338022245583,2.9768474102020264,3.329228377511315,3.9228621797358736,41.0,11.265418291091919,0.2747662997827297,0.9899411201477051,4.400080087708264,4.674846387490994,94.96778440475464,182.0,38,40,270,277,547,run12_g28_g28_3,bi-obj/run12/g28/g28_3.pdb,-502.323,-1.867,-57.13,-2.518,-49.496,-2.181,1131.627,2269.174,1137.547,22.0,-1.758,-1283.647,196.987,-332.235,2.205,29.503,144.087,739.855,0.285,-51.37,-65.926,-28.533,-58.237,13.0,-34.033,269.0,76.0,37.203,-47.011,0.705,-2.841,28.186,40.822,180.889,0.686,-2.617,-96.822,-3.053,-119.074,0.691,temp_g22_02_0001,bi-obj/run12/g28/g28_3.pdb.sc
526.0,776.2579736709595,1.4757756153440293,3.192565679550171,0.0,1.4757756153440293,135.0,79.16428899765015,0.5864021407233344,2.953403949737549,3.3122668460563376,3.898668986779672,39.0,10.266187191009521,0.26323556900024414,1.016404628753662,4.293106549825424,4.556342118825668,89.43047618865967,174.0,38,37,271,256,527,run12_g28_g28_4,bi-obj/run12/g28/g28_4.pdb,-486.171,-1.807,-61.157,-2.817,-55.174,-2.541,1142.986,2171.063,1028.077,19.0,-1.827,-1283.932,197.804,-310.269,2.407,30.351,141.625,720.015,0.237,-50.246,-61.243,-22.775,-58.362,13.0,-35.341,269.0,74.0,41.515,-51.334,0.712,-2.562,30.592,39.72,184.463,0.695,-2.467,-88.802,-2.652,-100.772,0.666,temp_g28_18_0001,bi-obj/run12/g28/g28_4.pdb.sc
520.0,768.1415526866913,1.4771952936282524,3.2821719646453857,0.0,1.4771952936282524,148.0,84.34563827514648,0.5699029613185573,2.8688063621520996,3.312798359909573,3.8827013212281303,46.0,11.012134313583374,0.23939422420833423,0.8401837348937988,4.3996294529541675,4.639023677162502,95.35777258872986,194.0,38,37,265,256,521,run12_g28_g28_5,bi-obj/run12/g28/g28_5.pdb,-522.592,-1.943,-64.758,-2.974,-58.068,-2.667,1183.38,2177.369,993.988,17.0,-1.862,-1280.481,193.798,-333.289,2.148,30.038,139.031,739.178,0.235,-55.115,-64.282,-24.277,-59.59,14.0,-34.738,269.0,76.0,35.824,-53.954,0.703,-3.099,28.035,36.939,179.24,0.7,-2.911,-104.781,-3.268,-130.738,0.765,temp_g28_04_0001,bi-obj/run12/g28/g28_5.pdb.sc
522.0,769.8631453514099,1.4748336117843102,3.34932017326355,0.0,1.4748336117843102,136.0,82.92715120315552,0.6097584647290847,2.3665313720703125,3.316389313515495,3.9261477782445797,35.0,7.994523763656616,0.22841496467590333,0.9008288383483887,4.50674648966108,4.735161454336984,90.92167496681213,171.0,38,39,252,271,523,run12_g28_g28_6,bi-obj/run12/g28/g28_6.pdb,-478.881,-1.78,-56.119,-2.589,-50.596,-2.334,1054.472,2167.565,1113.094,21.0,-0.942,-1259.251,192.401,-322.95,2.096,29.433,136.709,739.244,0.254,-52.156,-64.13,-20.796,-59.279,13.0,-35.144,269.0,78.0,35.722,-52.592,0.63,-2.353,37.846,40.623,173.686,0.706,-2.355,-89.48,-2.352,-94.064,0.602,temp_g28_09_0001,bi-obj/run12/g28/g28_6.pdb.sc
502.0,743.5828138589859,1.4812406650577408,3.457766056060791,0.0,1.4812406650577408,137.0,78.88383448123932,0.5757944122718198,2.415350914001465,3.3665443362980865,3.9423387485699064,41.0,10.326562643051147,0.2518673815378329,0.8283700942993164,4.352423755134025,4.604291136671857,89.21039712429047,178.0,38,36,255,248,503,run12_g28_g28_7,bi-obj/run12/g28/g28_7.pdb,-499.769,-1.858,-60.301,-2.745,-51.667,-2.352,1172.02,2196.396,1024.376,17.0,-1.872,-1260.854,192.706,-331.389,2.093,29.514,132.551,736.952,0.26,-52.218,-65.107,-23.129,-59.88,13.0,-33.535,269.0,77.0,36.238,-52.517,0.709,-2.871,35.227,38.212,176.446,0.652,-2.831,-99.08,-2.904,-121.979,0.793,temp_g28_24_0001,bi-obj/run12/g28/g28_7.pdb.sc
502.0,743.6031984090805,1.481281271731236,3.457766056060791,0.0,1.481281271731236,137.0,78.87125647068024,0.5757026019757682,2.415350914001465,3.366907278986743,3.942609880962511,41.0,10.337951421737671,0.25214515662774806,0.8401837348937988,4.3525729353834945,4.604718092011242,89.20920789241791,178.0,38,36,255,248,503,run12_g28_g28_8,bi-obj/run12/g28/g28_8.pdb,-499.263,-1.856,-60.286,-2.749,-51.795,-2.362,1169.971,2192.808,1022.837,17.0,-1.872,-1260.807,192.69,-331.277,2.094,29.513,132.497,736.925,0.259,-52.22,-65.103,-23.132,-59.871,13.0,-33.533,269.0,77.0,36.217,-52.476,0.658,-2.868,35.602,38.251,176.446,0.652,-2.826,-98.921,-2.903,-121.911,0.793,temp_g27_06_0001,bi-obj/run12/g28/g28_8.pdb.sc
544.0,802.0288152694702,1.4743176751277025,3.471705675125122,0.0,1.4743176751277025,142.0,82.77373051643372,0.5829135951861529,2.69730544090271,3.3337414466159445,3.9166550418020973,38.0,11.32172155380249,0.29794004088953924,1.155897617340088,4.414511536297045,4.7124515771865845,94.0954520702362,180.0,38,40,268,277,545,run12_g28_g28_9,bi-obj/run12/g28/g28_9.pdb,-507.537,-1.887,-57.803,-2.554,-50.652,-2.238,1175.563,2263.096,1087.533,25.0,-1.784,-1279.88,196.449,-332.836,2.178,29.57,139.699,733.728,0.233,-50.995,-65.947,-26.615,-58.186,11.0,-34.206,269.0,77.0,37.171,-47.809,0.692,-2.882,28.186,41.062,181.977,0.68,-2.693,-102.337,-3.067,-119.602,0.702,temp_g28_20_0001,bi-obj/run12/g28/g28_9.pdb.sc
520.0,767.0149985551834,1.4750288433753527,3.34932017326355,0.0,1.4750288433753527,136.0,82.12793803215027,0.6038818972952226,2.4630353450775146,3.316103333936018,3.919985231231241,38.0,7.891345739364624,0.20766699314117432,0.9008288383483887,4.545241374718516,4.75290836785969,90.01928377151489,174.0,38,39,250,271,521,run12_g29_g29_0,bi-obj/run12/g29/g29_0.pdb,-471.728,-1.754,-55.475,-2.58,-49.642,-2.309,1045.983,2150.385,1104.403,23.0,-0.942,-1256.042,192.723,-314.843,2.067,29.416,135.588,733.342,0.247,-52.062,-63.975,-20.699,-59.047,13.0,-35.615,269.0,78.0,35.358,-51.893,0.632,-2.337,37.846,41.677,174.774,0.696,-2.352,-89.378,-2.322,-92.881,0.602,temp_g16_16_0001,bi-obj/run12/g29/g29_0.pdb.sc
563.0,829.1057603359222,1.4726567679146043,3.4022674560546875,0.0,1.4726567679146043,146.0,85.93893766403198,0.5886228607125479,2.4852120876312256,3.3116024536629247,3.9002253143754726,51.0,13.931187152862549,0.27316053240906957,1.0219941139221191,4.383583096896901,4.6567436293059705,99.87012481689453,197.0,38,39,292,272,564,run12_g29_g29_1,bi-obj/run12/g29/g29_1.pdb,-464.075,-1.725,-54.005,-2.298,-37.832,-1.61,1260.6,2349.577,1088.977,31.0,-0.826,-1301.857,213.807,-316.397,2.231,32.728,145.851,743.697,0.19,-46.554,-62.609,-23.98,-57.37,7.0,-34.585,269.0,76.0,41.372,-53.181,0.707,-2.389,39.171,35.488,178.241,0.65,-2.187,-78.728,-2.57,-102.806,0.696,temp_g27_24_0001,bi-obj/run12/g29/g29_1.pdb.sc
533.0,785.790036201477,1.4742777414661858,3.429292917251587,0.0,1.4742777414661858,139.0,82.62794172763824,0.5944456239398435,3.041334390640259,3.3246314276894218,3.9190770516292655,41.0,10.760022401809692,0.2624395707758462,0.9899411201477051,4.479921352572557,4.742360923348404,93.38796412944794,180.0,38,39,264,270,534,run12_g29_g29_10,bi-obj/run12/g29/g29_10.pdb,-497.827,-1.851,-58.474,-2.605,-51.651,-2.301,1127.312,2244.318,1117.006,21.0,-1.798,-1274.975,195.126,-335.714,2.17,29.308,139.635,742.334,0.272,-54.178,-66.011,-28.448,-58.458,13.0,-33.747,269.0,75.0,37.716,-47.401,0.691,-2.78,36.243,39.663,180.017,0.684,-2.606,-93.8,-2.941,-114.705,0.691,temp_g28_12_0001,bi-obj/run12/g29/g29_10.pdb.sc
544.0,799.9590641260147,1.4705129855257624,3.2597556114196777,0.0,1.4705129855257624,132.0,82.24346029758453,0.6230565174059435,2.3518991470336914,3.2887886356223714,3.911845153028315,39.0,10.493651151657104,0.2690679782476181,1.15047025680542,4.472233246534299,4.741301224781917,92.73711144924164,171.0,38,39,273,272,545,run12_g29_g29_11,bi-obj/run12/g29/g29_11.pdb,-481.737,-1.791,-48.49,-2.15,-37.362,-1.657,1107.586,2255.033,1147.446,19.0,-0.826,-1277.002,204.108,-331.899,2.098,31.136,145.629,744.482,0.315,-51.508,-61.929,-24.969,-57.012,12.0,-30.11,269.0,80.0,35.46,-51.781,0.695,-2.601,27.041,42.078,172.606,0.653,-2.406,-93.816,-2.787,-114.265,0.661,temp_g27_19_0001,bi-obj/run12/g29/g29_11.pdb.sc
560.0,823.2093608379364,1.4700167157820292,3.1523075103759766,0.0,1.4700167157820292,154.0,87.81475186347961,0.5702256614511664,2.256195545196533,3.2872179003504964,3.8574435618016625,57.0,13.00418996810913,0.22814368365103738,1.312971591949463,4.358318379050807,4.586462062701845,100.81894183158875,211.0,38,39,291,270,561,run12_g29_g29_12,bi-obj/run12/g29/g29_12.pdb,-503.186,-1.871,-59.331,-2.663,-53.468,-2.4,1212.297,2227.729,1015.432,29.0,-0.826,-1307.706,204.149,-333.3,2.255,30.847,143.696,763.912,0.226,-54.664,-62.617,-23.821,-59.189,10.0,-34.73,269.0,77.0,44.056,-50.162,0.716,-2.842,25.889,37.227,171.0,0.696,-2.788,-100.362,-2.89,-118.509,0.8,temp_g29_11_0001,bi-obj/run12/g29/g29_12.pdb.sc
558.0,819.4173828363419,1.468489933398462,3.135190963745117,0.0,1.468489933398462,151.0,88.54333353042603,0.586379692254477,2.1808669567108154,3.273563970793162,3.859943663047639,51.0,13.089149713516235,0.2566499943826713,1.312971591949463,4.235626108506146,4.492276102888818,101.63248324394226,202.0,38,39,289,270,559,run12_g29_g29_13,bi-obj/run12/g29/g29_13.pdb,-502.526,-1.868,-54.993,-2.459,-47.788,-2.137,1193.793,2235.939,1042.146,32.0,-0.826,-1302.211,203.719,-333.538,2.241,30.685,142.415,760.109,0.219,-50.406,-64.065,-27.112,-59.048,11.0,-34.464,269.0,78.0,43.274,-50.791,0.739,-2.854,26.861,37.966,172.088,0.68,-2.755,-101.924,-2.944,-120.723,0.575,temp_g27_22_0001,bi-obj/run12/g29/g29_13.pdb.sc
544.0,802.0288152694702,1.4743176751277025,3.471705675125122,0.0,1.4743176751277025,142.0,82.77373051643372,0.5829135951861529,2.69730544090271,3.3337414466159445,3.9166550418020973,38.0,11.32172155380249,0.29794004088953924,1.155897617340088,4.414511536297045,4.7124515771865845,94.0954520702362,180.0,38,40,268,277,545,run12_g29_g29_14,bi-obj/run12/g29/g29_14.pdb,-507.537,-1.887,-57.803,-2.554,-50.652,-2.238,1175.563,2263.096,1087.533,25.0,-1.784,-1279.88,196.449,-332.836,2.178,29.57,139.699,733.728,0.233,-50.995,-65.947,-26.615,-58.186,11.0,-34.206,269.0,77.0,37.171,-47.809,0.692,-2.882,28.186,41.062,181.977,0.68,-2.693,-102.337,-3.067,-119.602,0.702,temp_g28_20_0001,bi-obj/run12/g29/g29_14.pdb.sc
544.0,802.0241104364395,1.4743090265375727,3.471705675125122,0.0,1.4743090265375727,141.0,82.70155119895935,0.5865358241060947,2.69730544090271,3.3240201084326344,3.9105559325387294,39.0,11.412559270858765,0.2926297248938145,1.155897617340088,4.390449646191719,4.683079371085534,94.11411046981812,180.0,38,40,268,277,545,run12_g29_g29_15,bi-obj/run12/g29/g29_15.pdb,-507.568,-1.887,-57.795,-2.55,-50.643,-2.234,1185.073,2266.548,1081.474,25.0,-1.784,-1280.407,196.392,-332.788,2.179,29.567,139.771,734.053,0.233,-51.03,-65.851,-26.593,-58.2,11.0,-34.159,269.0,77.0,37.266,-47.881,0.706,-2.881,28.186,41.034,181.977,0.683,-2.693,-102.345,-3.065,-119.52,0.7,temp_g29_09_0001,bi-obj/run12/g29/g29_15.pdb.sc
513.0,756.8192933797836,1.4752812736448024,3.34932017326355,0.0,1.4752812736448024,135.0,82.36989831924438,0.6101473949573658,2.3652467727661133,3.303120892136185,3.913268287093551,39.0,7.751128673553467,0.1987468890654735,0.8657240867614746,4.549565321359879,4.748312210425352,90.12102699279785,174.0,38,38,250,264,514,run12_g29_g29_16,bi-obj/run12/g29/g29_16.pdb,-477.541,-1.775,-55.521,-2.582,-49.433,-2.299,1050.609,2150.066,1099.457,21.0,-0.942,-1258.2,192.174,-322.098,2.072,29.393,136.426,738.447,0.25,-52.314,-64.532,-20.772,-59.422,13.0,-35.047,269.0,77.0,35.915,-52.19,0.634,-2.371,36.72,41.427,174.774,0.7,-2.436,-90.129,-2.31,-92.403,0.628,temp_g29_19_0001,bi-obj/run12/g29/g29_16.pdb.sc
546.0,802.936553478241,1.4705797682751667,3.248225688934326,0.0,1.4705797682751667,139.0,83.44958972930908,0.6003567606425114,2.3254411220550537,3.2897880952135266,3.890144855856038,49.0,10.92894434928894,0.2230396805977335,0.8450937271118164,4.400830278591234,4.623869959188967,94.37853407859802,188.0,38,38,283,264,547,run12_g29_g29_17,bi-obj/run12/g29/g29_17.pdb,-459.081,-1.707,-50.815,-2.279,-37.676,-1.69,1140.533,2229.611,1089.078,25.0,-0.826,-1288.192,210.686,-326.04,2.136,32.828,145.979,749.537,0.287,-51.315,-62.781,-27.488,-56.3,10.0,-32.103,269.0,77.0,43.709,-48.1,0.738,-2.536,34.793,42.421,171.34,0.654,-2.206,-83.833,-2.857,-111.417,0.636,temp_g29_21_0001,bi-obj/run12/g29/g29_17.pdb.sc
510.0,755.3249515295029,1.4810293167245154,3.4759438037872314,0.0,1.4810293167245154,127.0,73.2056440114975,0.5764223937913189,2.3816113471984863,3.3707775253010546,3.9471999190923737,32.0,7.49089503288269,0.23409046977758408,1.016404628753662,4.4284393191337585,4.662529788911343,80.69653904438019,159.0,38,37,255,256,511,run12_g29_g29_18,bi-obj/run12/g29/g29_18.pdb,-488.033,-1.814,-60.826,-2.713,-54.929,-2.45,1194.041,2242.291,1048.25,19.0,-0.826,-1253.12,194.335,-315.781,2.225,29.838,135.289,713.25,0.209,-53.625,-65.007,-21.4,-58.266,12.0,-33.906,269.0,74.0,38.194,-55.701,0.638,-2.564,32.346,42.158,181.35,0.704,-2.549,-89.209,-2.578,-100.543,0.615,temp_g29_15_0001,bi-obj/run12/g29/g29_18.pdb.sc
533.0,785.7880237102509,1.4742739656852737,3.429292917251587,0.0,1.4742739656852737,140.0,82.71298801898956,0.5908070572784969,3.041334390640259,3.3167117382798876,3.9075187955583846,42.0,11.00555944442749,0.262037129629226,1.042919635772705,4.428581953048706,4.690619082677932,93.71854746341705,182.0,38,39,264,270,534,run12_g29_g29_19,bi-obj/run12/g29/g29_19.pdb,-497.941,-1.851,-58.834,-2.63,-51.989,-2.324,1099.944,2236.837,1136.893,21.0,-1.798,-1276.27,194.889,-336.502,2.17,29.34,139.522,743.047,0.269,-54.282,-65.139,-28.404,-58.472,13.0,-33.746,269.0,75.0,37.724,-47.301,0.696,-2.779,36.243,40.333,180.017,0.692,-2.586,-93.111,-2.956,-115.289,0.689,temp_g29_12_0001,bi-obj/run12/g29/g29_19.pdb.sc
518.0,765.6991891860962,1.4781837629075216,3.2821719646453857,0.0,1.4781837629075216,147.0,83.251699924469,0.5663380947242789,2.3880226612091064,3.3368561154320124,3.9031942101562915,44.0,10.34940218925476,0.2352136861194264,0.7715473175048828,4.400325244123286,4.635538930242712,93.60110211372375,191.0,38,37,263,256,519,run12_g29_g29_2,bi-obj/run12/g29/g29_2.pdb,-520.969,-1.937,-65.575,-3.024,-58.623,-2.704,1154.803,2168.232,1013.43,19.0,-1.862,-1279.543,193.509,-332.036,2.147,29.925,139.168,736.03,0.24,-53.206,-65.426,-24.368,-59.558,14.0,-34.542,269.0,76.0,36.079,-54.328,0.703,-3.064,28.035,37.913,180.328,0.704,-2.892,-104.118,-3.218,-128.71,0.765,temp_g29_05_0001,bi-obj/run12/g29/g29_2.pdb.sc
493.0,729.4022668600082,1.4795177826775014,3.363236665725708,0.0,1.4795177826775014,132.0,77.64389443397522,0.5882113214695093,2.9166083335876465,3.3357723355293274,3.9239836569988364,37.0,9.226946115493774,0.2493769220403723,0.9273514747619629,4.421089700750403,4.670466622790775,86.870840549469,169.0,38,36,246,248,494,run12_g29_g29_20,bi-obj/run12/g29/g29_20.pdb,-501.813,-1.865,-59.443,-2.865,-53.346,-2.572,1178.542,2074.458,895.916,15.0,-1.857,-1254.916,189.245,-333.557,2.14,28.746,133.431,733.89,0.237,-54.631,-65.425,-24.057,-59.99,12.0,-32.44,269.0,74.0,35.92,-54.316,0.675,-2.988,36.636,39.306,179.281,0.689,-2.846,-99.611,-3.116,-121.52,0.779,temp_g29_17_0001,bi-obj/run12/g29/g29_20.pdb.sc
497.0,734.4180941581726,1.4777024027327417,3.3531134128570557,0.0,1.4777024027327417,131.0,78.31483888626099,0.5978231976050457,2.851006507873535,3.318167943080873,3.9159911406859185,38.0,9.954283237457275,0.26195482203834936,0.8421421051025391,4.3050275099904916,4.56698233202884,88.26912212371826,169.0,38,36,250,248,498,run12_g29_g29_21,bi-obj/run12/g29/g29_21.pdb,-503.167,-1.871,-61.631,-2.903,-53.012,-2.497,1265.922,2123.207,857.285,15.0,-1.836,-1258.09,190.517,-329.882,2.179,28.435,134.7,726.509,0.246,-53.741,-64.992,-23.764,-59.691,12.0,-33.553,269.0,75.0,35.427,-53.675,0.671,-2.996,36.396,39.827,181.204,0.686,-2.866,-103.182,-3.115,-121.494,0.862,temp_g28_07_0001,bi-obj/run12/g29/g29_21.pdb.sc
528.0,779.7295639514923,1.4767605377869173,3.396484851837158,0.0,1.4767605377869173,134.0,80.62862157821655,0.6017061311807206,3.0503089427948,3.3104805554916608,3.9121866866723813,35.0,10.010422468185425,0.28601207051958355,1.016404628753662,4.363388463429042,4.649400533948626,90.63904404640198,169.0,38,38,265,264,529,run12_g29_g29_22,bi-obj/run12/g29/g29_22.pdb,-486.881,-1.81,-58.342,-2.66,-52.147,-2.378,1180.878,2193.099,1012.221,20.0,-1.79,-1285.044,197.09,-313.19,2.374,30.32,142.713,721.442,0.247,-50.863,-59.921,-22.78,-58.072,13.0,-34.929,269.0,75.0,38.342,-50.94,0.722,-2.564,32.04,42.112,183.591,0.722,-2.39,-86.032,-2.725,-106.26,0.624,temp_g28_05_0001,bi-obj/run12/g29/g29_22.pdb.sc
513.0,756.491132736206,1.4746415842811034,3.259225845336914,0.0,1.4746415842811034,130.0,83.63830816745758,0.6433716012881352,2.3665313720703125,3.2903494257193344,3.93372102700747,32.0,7.893228054046631,0.24666337668895721,0.591731071472168,4.48674613982439,4.733409516513348,91.53153622150421,162.0,38,38,250,264,514,run12_g29_g29_23,bi-obj/run12/g29/g29_23.pdb,-483.854,-1.799,-55.914,-2.582,-46.761,-2.159,1075.037,2165.614,1090.577,21.0,-0.942,-1256.22,190.551,-324.132,2.115,29.582,133.999,736.054,0.278,-52.381,-65.322,-20.825,-59.476,13.0,-34.635,269.0,76.0,34.6,-53.296,0.695,-2.447,40.431,40.633,174.774,0.699,-2.631,-94.725,-2.281,-91.235,0.635,temp_g29_06_0001,bi-obj/run12/g29/g29_23.pdb.sc
552.0,808.0375761985779,1.4638361887655396,3.318631887435913,0.0,1.4638361887655396,150.0,91.58761668205261,0.610584111213684,2.648160219192505,3.2767358748118083,3.8873199860254926,52.0,11.701576232910156,0.22503031217134917,1.2387056350708008,4.285715153584113,4.510745465755463,103.28919291496277,202.0,38,39,283,270,553,run12_g29_g29_24,bi-obj/run12/g29/g29_24.pdb,-516.142,-1.919,-53.707,-2.457,-48.502,-2.219,1199.715,2185.935,986.22,28.0,-1.099,-1304.982,197.938,-336.891,2.199,29.9,148.706,761.469,0.29,-52.021,-63.97,-25.83,-59.782,13.0,-34.5,269.0,75.0,39.596,-52.162,0.671,-2.892,25.62,36.847,172.242,0.678,-2.58,-90.29,-3.164,-126.575,0.577,temp_g29_22_0001,bi-obj/run12/g29/g29_24.pdb.sc
555.0,811.9363014698029,1.4629482909365816,3.0909101963043213,0.0,1.4629482909365816,152.0,92.5784672498703,0.6090688634859888,2.695913791656494,3.256615739903952,3.8656846033899406,46.0,10.376437902450562,0.22557473700979483,1.2626657485961914,4.288966038952703,4.514540775962498,102.95490515232086,198.0,38,39,286,270,556,run12_g29_g29_3,bi-obj/run12/g29/g29_3.pdb,-519.462,-1.931,-53.474,-2.443,-48.979,-2.237,1174.251,2189.279,1015.028,30.0,-1.099,-1313.133,204.084,-336.837,2.228,30.501,152.033,767.984,0.317,-52.577,-63.592,-27.58,-59.498,14.0,-34.869,269.0,75.0,36.702,-51.023,0.72,-2.914,19.27,38.703,168.662,0.686,-2.518,-88.144,-3.26,-130.4,0.583,temp_g29_18_0001,bi-obj/run12/g29/g29_3.pdb.sc
548.0,806.726694226265,1.4721290040625272,3.471705675125122,0.0,1.4721290040625272,140.0,83.7787983417511,0.598419988155365,2.9768474102020264,3.321067372390202,3.919487360545567,40.0,11.411853551864624,0.2852963387966156,1.028951644897461,4.390331244468689,4.675627583265305,95.19065189361572,180.0,38,40,272,277,549,run12_g29_g29_4,bi-obj/run12/g29/g29_4.pdb,-503.277,-1.871,-57.361,-2.537,-50.062,-2.214,1124.705,2260.719,1136.015,22.0,-1.758,-1285.035,197.304,-332.817,2.212,29.551,144.26,741.278,0.282,-51.357,-65.32,-28.536,-58.24,13.0,-34.275,269.0,76.0,37.808,-47.444,0.703,-2.852,28.186,40.411,179.801,0.688,-2.608,-96.497,-3.083,-120.248,0.691,temp_g29_03_0001,bi-obj/run12/g29/g29_4.pdb.sc
500.0,740.6188995838165,1.481237799167633,3.4856624603271484,0.0,1.481237799167633,134.0,76.94730842113495,0.5742336449338429,2.3855104446411133,3.3748992992870845,3.9491329442209273,38.0,10.650292873382568,0.28027086508901494,0.840972900390625,4.359538134775664,4.6398089998646785,87.59760129451752,172.0,38,36,253,248,501,run12_g29_g29_5,bi-obj/run12/g29/g29_5.pdb,-506.294,-1.882,-60.014,-2.727,-52.731,-2.396,1172.061,2201.133,1029.072,17.0,-0.826,-1250.275,191.64,-332.312,2.051,29.511,129.963,733.795,0.256,-52.547,-65.122,-23.038,-59.713,13.0,-32.754,269.0,77.0,36.767,-56.073,0.712,-2.87,29.498,38.358,173.989,0.638,-2.824,-98.828,-2.909,-122.192,0.793,temp_g29_08_0001,bi-obj/run12/g29/g29_5.pdb.sc
520.0,768.1415526866913,1.4771952936282524,3.2821719646453857,0.0,1.4771952936282524,148.0,84.34563827514648,0.5699029613185573,2.8688063621520996,3.312798359909573,3.8827013212281303,46.0,11.012134313583374,0.23939422420833423,0.8401837348937988,4.3996294529541675,4.639023677162502,95.35777258872986,194.0,38,37,265,256,521,run12_g29_g29_6,bi-obj/run12/g29/g29_6.pdb,-522.592,-1.943,-64.758,-2.974,-58.068,-2.667,1183.38,2177.369,993.988,17.0,-1.862,-1280.481,193.798,-333.289,2.148,30.038,139.031,739.178,0.235,-55.115,-64.282,-24.277,-59.59,14.0,-34.738,269.0,76.0,35.824,-53.954,0.703,-3.099,28.035,36.939,179.24,0.7,-2.911,-104.781,-3.268,-130.738,0.765,temp_g28_04_0001,bi-obj/run12/g29/g29_6.pdb.sc
497.0,734.3499534130096,1.4775652986177257,3.3531134128570557,0.0,1.4775652986177257,134.0,78.18772149085999,0.5834904588870148,2.851006507873535,3.328072916215925,3.91156337510294,38.0,9.915826082229614,0.2609427916376214,0.8421421051025391,4.306423438222785,4.567366229860406,88.1035475730896,172.0,38,36,250,248,498,run12_g29_g29_7,bi-obj/run12/g29/g29_7.pdb,-502.806,-1.869,-61.88,-2.92,-52.89,-2.496,1279.723,2119.343,839.62,13.0,-1.836,-1258.015,190.566,-329.971,2.179,28.418,134.846,726.448,0.246,-53.689,-64.956,-23.772,-59.665,12.0,-33.591,269.0,75.0,35.821,-53.605,0.658,-2.991,36.396,39.555,181.204,0.685,-2.872,-103.387,-3.101,-120.958,0.862,temp_g29_02_0001,bi-obj/run12/g29/g29_7.pdb.sc
513.0,757.6897835731506,1.4769781356201768,3.34932017326355,0.0,1.4769781356201768,134.0,80.75421595573425,0.6026434026547333,2.3613507747650146,3.3502921435370374,3.9529355461917706,36.0,7.748337507247925,0.21523159742355347,0.9008288383483887,4.53657525115543,4.751806848578983,88.50255346298218,170.0,38,38,250,264,514,run12_g29_g29_8,bi-obj/run12/g29/g29_8.pdb,-482.67,-1.794,-53.985,-2.576,-48.339,-2.307,1008.554,2095.656,1087.101,20.0,-0.942,-1256.139,191.35,-324.305,2.087,29.243,134.135,737.069,0.232,-50.301,-65.245,-20.821,-59.813,12.0,-35.332,269.0,78.0,35.056,-53.107,0.687,-2.376,38.43,40.628,174.736,0.691,-2.405,-91.388,-2.349,-93.959,0.602,temp_g29_16_0001,bi-obj/run12/g29/g29_8.pdb.sc
520.0,767.0024050474167,1.475004625091186,3.34932017326355,0.0,1.475004625091186,135.0,82.37381529808044,0.6101764096154108,2.358733654022217,3.317614933296486,3.9277913429118967,36.0,7.806258916854858,0.21684052546819052,0.9008288383483887,4.507726344797346,4.724566870265537,90.1800742149353,171.0,38,39,250,271,521,run12_g29_g29_9,bi-obj/run12/g29/g29_9.pdb,-472.051,-1.755,-55.824,-2.6,-50.335,-2.344,1055.238,2147.393,1092.155,21.0,-0.942,-1257.072,192.396,-314.999,2.088,29.417,135.959,734.123,0.254,-52.156,-63.957,-20.675,-59.178,13.0,-35.689,269.0,78.0,35.754,-51.805,0.655,-2.334,37.846,41.465,174.774,0.708,-2.356,-89.536,-2.314,-92.551,0.602,temp_g29_00_0001,bi-obj/run12/g29/g29_9.pdb.sc
556.0,819.7854923009872,1.4744343386708403,3.2878096103668213,0.0,1.4744343386708403,159.0,93.48147964477539,0.5879338342438704,2.410245656967163,3.232724408683537,3.8206582429274074,40.0,12.836777448654175,0.3209194362163544,1.3588294982910156,4.174272376298904,4.495191812515259,106.31825709342957,199.0,38,39,287,270,557,run12_g3_g3_0,bi-obj/run12/g3/g3_0.pdb,-291.863,-1.085,0.518,0.021,28.393,1.174,1209.367,2418.027,1208.66,34.0,-1.903,-1309.748,239.66,-297.487,1.994,31.816,222.138,759.93,-0.243,-33.627,-56.276,-24.698,-52.15,8.0,-36.628,269.0,82.0,76.81,-46.47,0.727,-0.712,2.231,53.66,178.207,0.688,0.037,1.49,-1.425,-59.846,0.678,g0_10_0001,bi-obj/run12/g3/g3_0.pdb.sc
539.0,793.7914761304855,1.4727114584981178,3.28822660446167,0.0,1.4727114584981178,143.0,86.68638372421265,0.6061984875819066,2.7635252475738525,3.2824308772187134,3.88862936480062,36.0,11.460373163223267,0.3183436989784241,1.4188504219055176,4.21908132897483,4.537425027953254,98.14675688743591,179.0,38,39,270,270,540,run12_g3_g3_1,bi-obj/run12/g3/g3_1.pdb,-433.691,-1.612,-43.989,-1.925,-35.521,-1.554,1102.691,2285.328,1182.637,20.0,-1.882,-1276.613,216.932,-319.773,2.125,30.458,150.489,747.423,0.23,-46.447,-60.63,-21.223,-55.387,11.0,-35.958,269.0,79.0,51.354,-50.217,0.648,-2.245,16.137,40.976,177.99,0.627,-2.046,-79.792,-2.44,-97.589,0.554,temp_g3_21_0001,bi-obj/run12/g3/g3_1.pdb.sc
539.0,794.6330274343491,1.474272778171334,3.450584650039673,0.0,1.474272778171334,144.0,88.77179110050201,0.616470771531264,2.2861135005950928,3.2512459183732667,3.867716689904531,43.0,10.94933557510376,0.25463571104892463,1.311859130859375,4.34670809812324,4.601343809172165,99.72112667560577,187.0,38,38,277,263,540,run12_g3_g3_10,bi-obj/run12/g3/g3_10.pdb,-444.287,-1.652,-51.122,-2.339,-34.55,-1.581,991.386,2185.232,1193.846,23.0,-1.856,-1296.957,215.596,-325.092,2.152,31.136,153.011,755.469,0.444,-45.138,-63.975,-29.55,-56.185,16.0,-35.875,269.0,74.0,48.088,-48.632,0.741,-2.302,29.759,44.764,178.41,0.674,-1.917,-67.096,-2.648,-103.276,0.586,temp_g3_18_0001,bi-obj/run12/g3/g3_10.pdb.sc
546.0,805.1310889720917,1.47459906405145,3.2851128578186035,0.0,1.47459906405145,144.0,90.10953032970428,0.6257606272896131,2.2408134937286377,3.2674090555972524,3.8931696828868656,46.0,9.845116138458252,0.21402426387952722,1.2013659477233887,4.371503436047098,4.585527699926625,99.95464646816254,190.0,38,39,277,270,547,run12_g3_g3_11,bi-obj/run12/g3/g3_11.pdb,-416.695,-1.549,-35.366,-1.583,-19.669,-0.88,1071.751,2234.079,1162.327,25.0,-1.839,-1294.239,227.259,-315.924,2.144,31.549,162.726,750.745,0.434,-41.385,-61.293,-24.559,-54.188,10.0,-36.151,269.0,77.0,58.397,-47.246,0.755,-1.936,2.704,45.632,178.41,0.685,-1.474,-53.057,-2.343,-96.053,0.565,temp_g2_19_0001,bi-obj/run12/g3/g3_11.pdb.sc
539.0,793.9455986022949,1.4729974000042578,3.0733492374420166,0.0,1.4729974000042578,142.0,84.53865718841553,0.5953426562564473,2.3351104259490967,3.279403184501218,3.8747458407576656,44.0,11.120922088623047,0.25274822928688745,0.942631721496582,4.343428167429837,4.596176396716725,95.65957927703857,186.0,38,38,277,263,540,run12_g3_g3_12,bi-obj/run12/g3/g3_12.pdb,-434.997,-1.617,-40.604,-1.824,-26.014,-1.169,1093.773,2226.223,1132.45,31.0,-1.844,-1287.117,214.143,-320.334,2.207,31.477,153.89,744.736,0.346,-48.318,-58.301,-25.532,-55.502,11.0,-34.777,269.0,78.0,46.813,-48.665,0.738,-2.214,26.599,46.542,178.41,0.67,-1.896,-72.055,-2.516,-100.659,0.575,temp_g2_17_0001,bi-obj/run12/g3/g3_12.pdb.sc
550.0,811.8002461194992,1.4760004474899986,3.2051174640655518,0.0,1.4760004474899986,146.0,87.69938826560974,0.6006807415452722,2.410245656967163,3.2600617833333474,3.8607425248786194,42.0,11.141373634338379,0.2652708008175805,0.942631721496582,4.272804453259423,4.538075254077003,98.84076189994812,188.0,38,39,281,270,551,run12_g3_g3_13,bi-obj/run12/g3/g3_13.pdb,-346.096,-1.287,-6.249,-0.261,16.143,0.674,1223.846,2393.694,1169.848,37.0,-1.844,-1287.024,226.836,-302.248,2.02,31.245,193.428,747.099,-0.323,-38.502,-56.315,-21.14,-52.5,7.0,-34.708,269.0,82.0,63.703,-47.874,0.708,-1.248,1.98,51.829,177.335,0.664,-0.72,-28.07,-1.727,-74.266,0.585,g0_03_0001,bi-obj/run12/g3/g3_13.pdb.sc
547.0,805.2282749414444,1.4720809413920373,3.28822660446167,0.0,1.4720809413920373,150.0,90.79090166091919,0.6052726777394613,2.7635252475738525,3.2668473641077678,3.872120041847229,37.0,11.571175575256348,0.3127344750069283,1.4188504219055176,4.279151806960234,4.591886281967163,102.36207723617554,187.0,38,39,278,270,548,run12_g3_g3_14,bi-obj/run12/g3/g3_14.pdb,-432.411,-1.607,-42.582,-1.848,-32.986,-1.432,1106.522,2304.17,1197.648,20.0,-1.882,-1286.758,220.397,-318.892,2.175,31.249,153.94,749.257,0.248,-46.43,-59.917,-20.915,-54.326,10.0,-36.793,269.0,79.0,51.153,-50.139,0.671,-2.237,16.137,41.003,177.774,0.634,-2.038,-79.499,-2.431,-97.223,0.556,temp_g2_01_0001,bi-obj/run12/g3/g3_14.pdb.sc
536.0,789.6905738115311,1.4733033093498713,3.0732147693634033,0.0,1.4733033093498713,138.0,83.20497584342957,0.6029346075610839,2.3351104259490967,3.2812297447868017,3.8841643523478853,43.0,10.790532112121582,0.2509426072586414,0.942631721496582,4.362511856611385,4.613454463870027,93.99550795555115,181.0,38,38,274,263,537,run12_g3_g3_15,bi-obj/run12/g3/g3_15.pdb,-432.661,-1.608,-42.028,-1.88,-27.179,-1.216,1104.416,2235.438,1131.022,29.0,-1.844,-1282.509,214.587,-318.298,2.177,31.411,151.806,740.692,0.329,-48.559,-58.324,-24.863,-55.6,11.0,-35.215,269.0,78.0,46.297,-47.296,0.745,-2.225,26.599,47.654,178.057,0.664,-1.914,-72.731,-2.52,-100.814,0.569,temp_g3_07_0001,bi-obj/run12/g3/g3_15.pdb.sc
550.0,810.8986924886703,1.4743612590703097,3.2051174640655518,0.0,1.4743612590703097,154.0,89.74068915843964,0.5827317477820756,2.2093358039855957,3.343087641449718,3.925819389231793,47.0,10.108397483825684,0.21507228688990815,0.8099894523620605,4.3904561337004315,4.60552842059034,99.84908664226532,201.0,38,39,281,270,551,run12_g3_g3_16,bi-obj/run12/g3/g3_16.pdb,-439.151,-1.633,-42.197,-1.822,-25.004,-1.08,1194.292,2315.889,1121.597,26.0,-1.956,-1300.239,221.816,-322.935,2.154,32.6,154.429,751.883,0.312,-40.08,-59.903,-24.429,-55.59,9.0,-35.623,269.0,80.0,57.674,-48.286,0.734,-2.276,9.175,43.056,176.485,0.662,-2.049,-77.854,-2.482,-104.232,0.619,temp_g3_11_0001,bi-obj/run12/g3/g3_16.pdb.sc
549.0,809.5652334690094,1.47461791160111,3.2051174640655518,0.0,1.47461791160111,153.0,91.13217222690582,0.5956351125941557,2.261899709701538,3.2895770454718396,3.8852121580659955,49.0,12.362626075744629,0.2522984913417271,0.9065937995910645,4.42388365706619,4.676182148407917,103.49479830265045,202.0,38,39,280,270,550,run12_g3_g3_17,bi-obj/run12/g3/g3_17.pdb,-445.385,-1.656,-45.207,-2.027,-30.569,-1.37,1106.607,2230.645,1124.038,27.0,-1.808,-1295.377,219.549,-326.191,2.196,32.398,154.048,751.998,0.292,-41.581,-58.628,-27.004,-55.547,10.0,-34.29,269.0,78.0,55.468,-48.456,0.733,-2.279,9.293,41.942,175.976,0.662,-2.059,-78.225,-2.489,-99.563,0.628,temp_g3_23_0001,bi-obj/run12/g3/g3_17.pdb.sc
549.0,809.293238401413,1.4741224743195136,3.2051174640655518,0.0,1.4741224743195136,155.0,89.4682023525238,0.5772142087259601,2.2093358039855957,3.3272909687411403,3.9045051774671,48.0,9.926978826522827,0.20681205888589224,0.8099894523620605,4.367435743411382,4.574247802297275,99.39518117904663,203.0,38,39,280,270,550,run12_g3_g3_18,bi-obj/run12/g3/g3_18.pdb,-437.173,-1.625,-41.898,-1.824,-28.762,-1.252,1162.387,2296.436,1134.049,28.0,-1.956,-1299.921,220.641,-324.867,2.139,32.637,155.604,756.14,0.271,-39.995,-59.661,-25.933,-55.606,9.0,-35.194,269.0,81.0,58.432,-48.679,0.71,-2.266,9.175,43.278,175.976,0.671,-2.046,-77.748,-2.461,-105.826,0.615,temp_g2_03_0001,bi-obj/run12/g3/g3_18.pdb.sc
555.0,817.1736775636673,1.4723850046192204,3.2051174640655518,0.0,1.4723850046192204,154.0,88.58489155769348,0.5752265685564512,2.194518804550171,3.288825110955672,3.864051679512123,49.0,11.658610343933105,0.23793082334557358,0.8113036155700684,4.366987607917007,4.604918431262581,100.24350190162659,203.0,38,39,286,270,556,run12_g3_g3_19,bi-obj/run12/g3/g3_19.pdb,-442.448,-1.645,-41.899,-1.757,-33.567,-1.408,1194.185,2384.391,1190.206,30.0,-1.96,-1302.809,220.194,-325.106,2.129,32.903,157.31,759.99,0.291,-44.148,-58.52,-25.824,-56.233,10.0,-35.239,269.0,81.0,54.197,-48.125,0.76,-2.234,9.263,45.078,173.813,0.68,-2.069,-80.683,-2.387,-100.271,0.64,temp_g2_18_0001,bi-obj/run12/g3/g3_19.pdb.sc
551.0,811.6371437311172,1.4730256692034795,3.28822660446167,0.0,1.4730256692034795,151.0,89.64124310016632,0.5936506165573928,2.8568685054779053,3.2779199074435708,3.8715705240009637,38.0,11.690143346786499,0.30763535123122365,1.4188504219055176,4.225331469586021,4.5329668208172444,101.33138644695282,189.0,38,39,282,270,552,run12_g3_g3_2,bi-obj/run12/g3/g3_2.pdb,-363.332,-1.351,-19.033,-0.791,-4.053,-0.168,1172.716,2406.441,1233.725,26.0,-1.882,-1290.314,226.86,-307.355,2.044,31.244,183.834,753.526,1.618,-42.514,-57.967,-18.743,-52.685,9.0,-36.476,269.0,82.0,58.873,-50.512,0.637,-1.532,15.937,45.514,176.699,0.626,-1.096,-43.853,-1.947,-81.762,0.585,temp_g1_05_0001,bi-obj/run12/g3/g3_2.pdb.sc
531.0,782.5299115180969,1.4736909821433086,3.2523319721221924,0.0,1.4736909821433086,143.0,89.02211332321167,0.6225322610014802,2.2034502029418945,3.3341913673427555,3.9567236283442355,46.0,12.661772727966309,0.2752559288688328,0.9930686950683594,4.41826651925626,4.693522448125093,101.68388605117798,189.0,38,37,276,256,532,run12_g3_g3_20,bi-obj/run12/g3/g3_20.pdb,-461.614,-1.716,-33.854,-1.562,-24.742,-1.142,1055.697,2167.268,1111.572,28.0,-1.854,-1281.257,217.315,-328.988,2.206,31.619,150.957,754.869,0.192,-44.669,-59.929,-29.152,-54.223,6.0,-35.646,269.0,76.0,44.948,-51.125,0.751,-2.539,10.608,39.903,171.938,0.608,-2.438,-87.773,-2.629,-105.158,0.864,temp_g3_02_0001,bi-obj/run12/g3/g3_20.pdb.sc
539.0,793.3501436710358,1.4718926598720514,3.2523319721221924,0.0,1.4718926598720514,143.0,88.50668740272522,0.6189278839351414,2.2034502029418945,3.310777075640805,3.9297049595759463,46.0,12.234432220458984,0.2659659178360649,0.9930686950683594,4.405317519022071,4.671283436858135,100.7411196231842,189.0,38,38,277,263,540,run12_g3_g3_21,bi-obj/run12/g3/g3_21.pdb,-426.65,-1.586,-17.328,-0.789,-3.916,-0.178,1073.692,2197.085,1123.393,33.0,-1.854,-1282.746,221.936,-322.487,2.201,31.478,164.857,757.155,0.963,-44.011,-57.557,-29.061,-53.21,5.0,-35.559,269.0,79.0,50.679,-50.543,0.672,-2.132,5.621,42.202,173.38,0.617,-1.969,-74.83,-2.283,-93.599,0.869,temp_g1_11_0001,bi-obj/run12/g3/g3_21.pdb.sc
547.0,805.7170768976212,1.4729745464307518,3.2938930988311768,0.0,1.4729745464307518,149.0,87.26922941207886,0.5856995262555628,2.600381851196289,3.3012927890623978,3.8869923153179604,40.0,10.03190302848816,0.25079757571220396,1.3490943908691406,4.2645433962345125,4.515340971946716,97.30113244056702,189.0,38,39,278,270,548,run12_g3_g3_22,bi-obj/run12/g3/g3_22.pdb,-431.856,-1.605,-45.293,-1.944,-34.845,-1.496,1201.326,2329.849,1128.524,23.0,-1.877,-1286.19,222.07,-318.43,2.108,32.18,149.392,749.848,0.233,-45.723,-60.188,-22.008,-54.746,10.0,-36.915,269.0,82.0,52.256,-49.681,0.67,-2.258,16.282,41.456,177.774,0.652,-2.055,-82.216,-2.451,-102.939,0.537,temp_g3_08_0001,bi-obj/run12/g3/g3_22.pdb.sc
546.0,805.4575302600861,1.4751969418682895,3.2857086658477783,0.0,1.4751969418682895,145.0,87.66859209537506,0.6046109799681039,2.5271482467651367,3.291086329262832,3.895697309230936,42.0,9.260140419006348,0.22047953378586543,1.128394603729248,4.44856874148051,4.669048275266375,96.92873251438141,187.0,38,39,277,270,547,run12_g3_g3_23,bi-obj/run12/g3/g3_23.pdb,-417.395,-1.552,-34.119,-1.485,-15.523,-0.676,1197.562,2297.639,1100.077,25.0,-1.85,-1282.664,219.829,-313.72,2.115,31.678,159.038,744.449,0.463,-42.332,-60.561,-22.743,-54.453,9.0,-34.883,269.0,81.0,58.191,-47.164,0.673,-1.991,1.975,46.72,178.41,0.67,-1.739,-67.84,-2.224,-93.425,0.57,temp_g2_09_0001,bi-obj/run12/g3/g3_23.pdb.sc
561.0,826.7778928279877,1.4737573847201206,3.2051174640655518,0.0,1.4737573847201206,158.0,93.6789585351944,0.5929048008556608,2.410245656967163,3.1781676894501794,3.77107249030584,45.0,14.157074451446533,0.3146016544765896,1.28828763961792,4.127041069666545,4.441642724143135,107.83603298664093,203.0,38,39,292,270,562,run12_g3_g3_24,bi-obj/run12/g3/g3_24.pdb,-155.933,-0.58,74.588,3.099,113.358,4.709,1215.991,2407.156,1191.165,35.0,-1.995,-1327.618,257.231,-291.816,1.96,32.207,301.032,777.39,-0.024,-32.107,-49.521,-20.556,-51.523,5.0,-33.429,269.0,83.0,92.414,-45.788,0.712,0.818,1.946,58.96,174.685,0.681,1.643,64.068,0.088,3.864,0.597,g0_00_0001,bi-obj/run12/g3/g3_24.pdb.sc
556.0,819.8947093486786,1.4746307722098535,3.2938930988311768,0.0,1.4746307722098535,159.0,92.05693018436432,0.5789744036752473,2.410245656967163,3.2400920023708224,3.8190664060460695,40.0,12.830971479415894,0.32077428698539734,1.355844497680664,4.175011670589447,4.495785957574844,104.88790166378021,199.0,38,39,287,270,557,run12_g3_g3_3,bi-obj/run12/g3/g3_3.pdb,-292.496,-1.087,2.683,0.114,28.764,1.218,1217.776,2360.593,1142.817,31.0,-1.887,-1310.209,241.055,-299.486,2.005,31.712,221.814,758.264,-0.196,-35.788,-56.438,-21.604,-52.148,7.0,-35.91,269.0,83.0,77.195,-46.511,0.698,-0.724,2.572,53.916,178.207,0.687,0.031,1.231,-1.425,-61.291,0.745,g0_24_0001,bi-obj/run12/g3/g3_3.pdb.sc
537.0,791.4810847043991,1.4738940124849145,3.450584650039673,0.0,1.4738940124849145,143.0,86.8327807188034,0.607222242788835,2.81412672996521,3.265840267801618,3.873062510590453,42.0,10.97962236404419,0.26141958009629024,0.9989333152770996,4.37416030111767,4.63557988121396,97.8124030828476,185.0,38,38,275,263,538,run12_g3_g3_4,bi-obj/run12/g3/g3_4.pdb,-462.369,-1.719,-52.151,-2.371,-40.017,-1.819,998.566,2199.363,1200.796,19.0,-1.856,-1292.698,209.88,-325.643,2.14,30.991,147.195,750.728,0.373,-46.163,-63.835,-29.317,-56.186,16.0,-36.776,269.0,74.0,46.108,-48.961,0.764,-2.498,29.765,42.188,179.461,0.683,-2.192,-76.731,-2.773,-108.142,0.609,temp_g3_17_0001,bi-obj/run12/g3/g3_4.pdb.sc
546.0,804.4796139001846,1.4734058862640744,3.285231351852417,0.0,1.4734058862640744,149.0,87.60243034362793,0.5879357741183082,1.9685699939727783,3.2956212414991137,3.8835570156174217,39.0,10.388123035430908,0.266362129113613,1.19453763961792,4.2391832914107885,4.505545420524402,97.99055337905884,188.0,38,39,277,270,547,run12_g3_g3_5,bi-obj/run12/g3/g3_5.pdb,-438.927,-1.632,-49.336,-2.187,-32.889,-1.458,1131.507,2256.329,1124.822,27.0,-1.833,-1300.644,218.078,-322.685,2.09,31.812,155.184,756.818,0.355,-46.149,-62.837,-25.571,-55.524,12.0,-37.418,269.0,78.0,50.587,-48.881,0.738,-2.189,25.063,44.012,178.41,0.703,-1.712,-63.337,-2.62,-107.4,0.56,temp_g2_14_0001,bi-obj/run12/g3/g3_5.pdb.sc
546.0,806.2514092922211,1.4766509327696355,3.3959436416625977,0.0,1.4766509327696355,153.0,87.8981306552887,0.5744975859822791,2.364414930343628,3.298929027482575,3.8734266134648543,44.0,10.88439679145813,0.24737265435132114,1.2391996383666992,4.332133667035536,4.579506321386858,98.78252744674683,197.0,38,39,277,270,547,run12_g3_g3_6,bi-obj/run12/g3/g3_6.pdb,-433.319,-1.611,-42.0,-1.858,-24.683,-1.092,1199.234,2260.697,1061.463,24.0,-1.89,-1287.302,221.59,-318.841,2.119,31.858,152.728,746.398,0.383,-42.387,-62.045,-24.327,-55.059,11.0,-35.532,269.0,78.0,57.345,-47.692,0.713,-2.155,6.219,44.518,178.41,0.66,-1.869,-67.301,-2.4,-100.807,0.568,temp_g2_05_0001,bi-obj/run12/g3/g3_6.pdb.sc
553.0,815.6822643280029,1.4750131362170036,3.2051174640655518,0.0,1.4750131362170036,152.0,90.39412760734558,0.594698207943063,2.410245656967163,3.2723556537377205,3.867053861680784,48.0,12.77084755897522,0.2660593241453171,0.9065937995910645,4.371554493904114,4.637613818049431,103.1649751663208,200.0,38,39,284,270,554,run12_g3_g3_7,bi-obj/run12/g3/g3_7.pdb,-375.468,-1.396,-20.209,-0.858,0.843,0.036,1168.392,2356.208,1187.816,28.0,-1.808,-1298.45,224.836,-314.761,2.064,32.38,187.19,755.75,-9.131,-38.905,-56.587,-24.05,-53.912,9.0,-34.533,269.0,80.0,62.891,-49.015,0.736,-1.547,9.139,46.754,174.9,0.64,-1.106,-42.01,-1.947,-81.777,0.649,temp_g1_07_0001,bi-obj/run12/g3/g3_7.pdb.sc
546.0,803.7879608869553,1.4721391225035811,3.2851128578186035,0.0,1.4721391225035811,145.0,88.49962210655212,0.6103422214244975,2.2408134937286377,3.2503274851831896,3.860669706607687,48.0,9.637030124664307,0.20077146093050638,1.2013659477233887,4.387412741780281,4.588184202710788,98.13665223121643,193.0,38,39,277,270,547,run12_g3_g3_8,bi-obj/run12/g3/g3_8.pdb,-443.157,-1.647,-46.765,-2.143,-33.192,-1.521,1054.964,2182.234,1127.27,25.0,-1.839,-1305.087,221.997,-320.643,2.185,31.212,156.824,757.887,0.321,-47.356,-61.333,-24.652,-55.222,12.0,-35.612,269.0,76.0,49.913,-49.245,0.727,-2.213,13.598,45.244,178.41,0.706,-1.78,-64.081,-2.602,-104.089,0.565,temp_g3_19_0001,bi-obj/run12/g3/g3_8.pdb.sc
546.0,804.4380749464035,1.4733298075941457,3.285231351852417,0.0,1.4733298075941457,147.0,87.43734931945801,0.5948119001323674,1.9645116329193115,3.2902639366331554,3.8850758367655227,38.0,10.402202606201172,0.27374217384739924,1.19453763961792,4.226294567710475,4.500036741557874,97.83955192565918,185.0,38,39,277,270,547,run12_g3_g3_9,bi-obj/run12/g3/g3_9.pdb,-438.078,-1.629,-48.92,-2.186,-32.424,-1.449,1090.242,2238.079,1147.837,27.0,-1.833,-1300.287,218.525,-323.333,2.086,31.86,156.028,756.443,0.36,-46.259,-62.955,-25.413,-55.49,12.0,-37.85,269.0,78.0,50.648,-48.825,0.729,-2.175,25.502,44.105,178.41,0.7,-1.695,-62.719,-2.609,-106.963,0.561,temp_g2_16_0001,bi-obj/run12/g3/g3_9.pdb.sc
556.0,819.7854923009872,1.4744343386708403,3.2878096103668213,0.0,1.4744343386708403,159.0,93.48147964477539,0.5879338342438704,2.410245656967163,3.232724408683537,3.8206582429274074,40.0,12.836777448654175,0.3209194362163544,1.3588294982910156,4.174272376298904,4.495191812515259,106.31825709342957,199.0,38,39,287,270,557,run12_g4_g4_0,bi-obj/run12/g4/g4_0.pdb,-291.863,-1.085,0.518,0.021,28.393,1.174,1209.367,2418.027,1208.66,34.0,-1.903,-1309.748,239.66,-297.487,1.994,31.816,222.138,759.93,-0.243,-33.627,-56.276,-24.698,-52.15,8.0,-36.628,269.0,82.0,76.81,-46.47,0.727,-0.712,2.231,53.66,178.207,0.688,0.037,1.49,-1.425,-59.846,0.678,g0_10_0001,bi-obj/run12/g4/g4_0.pdb.sc
555.0,818.1094588041306,1.4740710969443793,3.2051174640655518,0.0,1.4740710969443793,150.0,91.1143490076065,0.6074289933840433,2.410245656967163,3.223770549297333,3.831199542681376,45.0,10.690256834030151,0.23756126297844782,0.8668861389160156,4.276614295111762,4.51417555809021,101.80460584163666,195.0,38,39,286,270,556,run12_g4_g4_1,bi-obj/run12/g4/g4_1.pdb,-310.643,-1.155,8.695,0.361,29.748,1.235,1146.381,2408.042,1261.661,34.0,-1.96,-1306.815,237.731,-306.11,2.053,32.099,214.29,766.015,-0.199,-36.554,-55.266,-24.143,-51.639,8.0,-34.119,269.0,83.0,74.912,-48.439,0.682,-0.971,1.961,50.943,173.813,0.649,-0.476,-18.548,-1.411,-62.076,0.585,temp_g4_24_0001,bi-obj/run12/g4/g4_1.pdb.sc
549.0,809.5652334690094,1.47461791160111,3.2051174640655518,0.0,1.47461791160111,153.0,91.13217222690582,0.5956351125941557,2.261899709701538,3.2895770454718396,3.8852121580659955,49.0,12.362626075744629,0.2522984913417271,0.9065937995910645,4.42388365706619,4.676182148407917,103.49479830265045,202.0,38,39,280,270,550,run12_g4_g4_10,bi-obj/run12/g4/g4_10.pdb,-445.385,-1.656,-45.207,-2.027,-30.569,-1.37,1106.607,2230.645,1124.038,27.0,-1.808,-1295.377,219.549,-326.191,2.196,32.398,154.048,751.998,0.292,-41.581,-58.628,-27.004,-55.547,10.0,-34.29,269.0,78.0,55.468,-48.456,0.733,-2.279,9.293,41.942,175.976,0.662,-2.059,-78.225,-2.489,-99.563,0.628,temp_g3_23_0001,bi-obj/run12/g4/g4_10.pdb.sc
551.0,811.6371437311172,1.4730256692034795,3.28822660446167,0.0,1.4730256692034795,151.0,89.64124310016632,0.5936506165573928,2.8568685054779053,3.2779199074435708,3.8715705240009637,38.0,11.690143346786499,0.30763535123122365,1.4188504219055176,4.225331469586021,4.5329668208172444,101.33138644695282,189.0,38,39,282,270,552,run12_g4_g4_11,bi-obj/run12/g4/g4_11.pdb,-363.332,-1.351,-19.033,-0.791,-4.053,-0.168,1172.716,2406.441,1233.725,26.0,-1.882,-1290.314,226.86,-307.355,2.044,31.244,183.834,753.526,1.618,-42.514,-57.967,-18.743,-52.685,9.0,-36.476,269.0,82.0,58.873,-50.512,0.637,-1.532,15.937,45.514,176.699,0.626,-1.096,-43.853,-1.947,-81.762,0.585,temp_g1_05_0001,bi-obj/run12/g4/g4_11.pdb.sc
547.0,805.4920531511307,1.472563168466418,3.28822660446167,0.0,1.472563168466418,148.0,87.9543879032135,0.5942864047514426,2.6063268184661865,3.2919537215619474,3.88624012631339,35.0,9.98773455619812,0.28536384446280344,1.4188504219055176,4.233811739512852,4.519175583975656,97.94212245941162,183.0,38,39,278,270,548,run12_g4_g4_12,bi-obj/run12/g4/g4_12.pdb,-431.449,-1.604,-44.002,-1.883,-33.451,-1.432,1200.763,2336.435,1135.672,21.0,-1.882,-1285.439,220.15,-317.698,2.111,31.635,149.931,749.309,0.212,-44.725,-60.213,-20.558,-54.688,9.0,-36.782,269.0,82.0,52.148,-50.194,0.674,-2.245,15.95,41.168,177.774,0.642,-2.045,-81.782,-2.437,-102.346,0.553,temp_g4_02_0001,bi-obj/run12/g4/g4_12.pdb.sc
539.0,794.6812952756882,1.4743623288973806,3.3959436416625977,0.0,1.4743623288973806,149.0,84.096346616745,0.5644050108506375,2.364414930343628,3.3040725960827513,3.868477606933389,44.0,10.992016553878784,0.24981855804269965,1.2391996383666992,4.360219570723447,4.6100381287661465,95.08836317062378,193.0,38,38,277,263,540,run12_g4_g4_13,bi-obj/run12/g4/g4_13.pdb,-450.533,-1.675,-51.969,-2.348,-36.55,-1.652,1148.292,2213.097,1064.805,24.0,-1.89,-1291.906,214.616,-324.606,2.153,32.036,146.438,748.275,0.333,-49.271,-61.932,-25.656,-56.25,14.0,-35.281,269.0,77.0,48.545,-49.077,0.715,-2.394,30.121,44.174,178.41,0.654,-2.079,-74.856,-2.67,-109.467,0.568,temp_g4_06_0001,bi-obj/run12/g4/g4_13.pdb.sc
547.0,805.7170768976212,1.4729745464307518,3.2938930988311768,0.0,1.4729745464307518,149.0,87.26922941207886,0.5856995262555628,2.600381851196289,3.3012927890623978,3.8869923153179604,40.0,10.03190302848816,0.25079757571220396,1.3490943908691406,4.2645433962345125,4.515340971946716,97.30113244056702,189.0,38,39,278,270,548,run12_g4_g4_14,bi-obj/run12/g4/g4_14.pdb,-431.856,-1.605,-45.293,-1.944,-34.845,-1.496,1201.326,2329.849,1128.524,23.0,-1.877,-1286.19,222.07,-318.43,2.108,32.18,149.392,749.848,0.233,-45.723,-60.188,-22.008,-54.746,10.0,-36.915,269.0,82.0,52.256,-49.681,0.67,-2.258,16.282,41.456,177.774,0.652,-2.055,-82.216,-2.451,-102.939,0.537,temp_g3_08_0001,bi-obj/run12/g4/g4_14.pdb.sc
536.0,789.7486720085144,1.4734117015084225,3.0780277252197266,0.0,1.4734117015084225,137.0,83.24812614917755,0.6076505558334128,2.3351104259490967,3.2820063098503724,3.889656865683785,43.0,10.845347881317139,0.2522173925887707,0.942631721496582,4.368476512820222,4.620693905408992,94.09347403049469,180.0,38,38,274,263,537,run12_g4_g4_15,bi-obj/run12/g4/g4_15.pdb,-432.776,-1.609,-41.9,-1.875,-27.118,-1.213,1105.172,2234.917,1129.745,29.0,-1.844,-1282.22,214.365,-317.964,2.168,31.396,151.631,740.518,0.328,-48.56,-58.397,-24.841,-55.6,11.0,-35.317,269.0,78.0,46.344,-47.327,0.694,-2.227,26.579,47.665,178.057,0.665,-1.913,-72.695,-2.525,-101.011,0.57,temp_g4_15_0001,bi-obj/run12/g4/g4_15.pdb.sc
537.0,790.4304984807968,1.471937613558281,3.2523319721221924,0.0,1.471937613558281,145.0,88.65217649936676,0.611394320685288,2.2034502029418945,3.360858242265109,3.9722525629503975,48.0,13.24429440498352,0.27592280010382336,0.9930686950683594,4.473452389240265,4.7493751893440885,101.89647090435028,193.0,38,38,275,263,538,run12_g4_g4_16,bi-obj/run12/g4/g4_16.pdb,-476.433,-1.771,-39.051,-1.798,-30.293,-1.395,1071.272,2171.801,1100.53,31.0,-1.854,-1281.488,212.469,-332.183,2.252,31.707,145.143,751.806,0.173,-45.211,-59.61,-29.198,-55.082,7.0,-34.667,269.0,77.0,43.691,-51.622,0.735,-2.657,12.501,39.525,174.468,0.598,-2.567,-94.961,-2.741,-109.652,0.919,temp_g4_21_0001,bi-obj/run12/g4/g4_16.pdb.sc
556.0,819.8947093486786,1.4746307722098535,3.2938930988311768,0.0,1.4746307722098535,159.0,92.05693018436432,0.5789744036752473,2.410245656967163,3.2400920023708224,3.8190664060460695,40.0,12.830971479415894,0.32077428698539734,1.355844497680664,4.175011670589447,4.495785957574844,104.88790166378021,199.0,38,39,287,270,557,run12_g4_g4_17,bi-obj/run12/g4/g4_17.pdb,-292.496,-1.087,2.683,0.114,28.764,1.218,1217.776,2360.593,1142.817,31.0,-1.887,-1310.209,241.055,-299.486,2.005,31.712,221.814,758.264,-0.196,-35.788,-56.438,-21.604,-52.148,7.0,-35.91,269.0,83.0,77.195,-46.511,0.698,-0.724,2.572,53.916,178.207,0.687,0.031,1.231,-1.425,-61.291,0.745,g0_24_0001,bi-obj/run12/g4/g4_17.pdb.sc
549.0,809.7629963159561,1.4749781353660403,3.2051174640655518,0.0,1.4749781353660403,153.0,88.81244778633118,0.580473514943341,2.180541515350342,3.321732712726967,3.902206227670308,49.0,11.002894639968872,0.22454887020344638,0.9065937995910645,4.417474576405117,4.642023446608563,99.81534242630005,202.0,38,39,280,270,550,run12_g4_g4_18,bi-obj/run12/g4/g4_18.pdb,-446.181,-1.659,-47.639,-2.092,-31.606,-1.388,1203.432,2277.701,1074.269,24.0,-1.808,-1294.009,217.633,-324.939,2.129,32.766,150.726,752.195,0.268,-41.292,-58.888,-25.838,-55.698,9.0,-35.153,269.0,80.0,56.84,-48.426,0.734,-2.315,9.158,41.822,175.976,0.668,-2.116,-80.411,-2.495,-104.804,0.625,temp_g4_07_0001,bi-obj/run12/g4/g4_18.pdb.sc
539.0,794.4026807546616,1.4738454188398173,3.450584650039673,0.0,1.4738454188398173,144.0,86.98687517642975,0.6040755220585399,2.81412672996521,3.2725312088926635,3.8766067309512033,42.0,11.107620239257812,0.2644671485537574,0.9989333152770996,4.37153586887178,4.636003017425537,98.09449541568756,186.0,38,38,277,263,540,run12_g4_g4_19,bi-obj/run12/g4/g4_19.pdb,-465.69,-1.731,-52.154,-2.377,-40.438,-1.843,997.96,2194.205,1196.245,19.0,-1.856,-1293.679,210.448,-326.202,2.147,31.075,147.052,752.061,0.37,-46.372,-64.407,-29.378,-56.491,16.0,-37.163,269.0,74.0,46.124,-49.559,0.767,-2.521,29.765,41.763,178.373,0.682,-2.186,-76.519,-2.822,-110.042,0.609,temp_g4_04_0001,bi-obj/run12/g4/g4_19.pdb.sc
546.0,805.6607018709183,1.4755690510456378,3.2051174640655518,0.0,1.4755690510456378,146.0,85.97100234031677,0.5888424817829916,2.3351104259490967,3.298911262864936,3.8877537446479273,41.0,9.438406944274902,0.23020504742133907,0.942631721496582,4.331011277873341,4.561216325294681,95.40940928459167,187.0,38,39,277,270,547,run12_g4_g4_2,bi-obj/run12/g4/g4_2.pdb,-417.764,-1.553,-33.711,-1.452,-16.404,-0.706,1272.954,2322.252,1049.298,32.0,-1.844,-1282.307,219.576,-312.616,2.086,31.665,156.638,743.479,0.366,-40.952,-58.523,-22.906,-54.508,7.0,-35.439,269.0,82.0,57.266,-47.264,0.69,-2.007,1.992,46.915,178.41,0.687,-1.73,-67.47,-2.257,-97.066,0.567,temp_g4_13_0001,bi-obj/run12/g4/g4_2.pdb.sc
546.0,805.4575302600861,1.4751969418682895,3.2857086658477783,0.0,1.4751969418682895,145.0,87.66859209537506,0.6046109799681039,2.5271482467651367,3.291086329262832,3.895697309230936,42.0,9.260140419006348,0.22047953378586543,1.128394603729248,4.44856874148051,4.669048275266375,96.92873251438141,187.0,38,39,277,270,547,run12_g4_g4_20,bi-obj/run12/g4/g4_20.pdb,-417.395,-1.552,-34.119,-1.485,-15.523,-0.676,1197.562,2297.639,1100.077,25.0,-1.85,-1282.664,219.829,-313.72,2.115,31.678,159.038,744.449,0.463,-42.332,-60.561,-22.743,-54.453,9.0,-34.883,269.0,81.0,58.191,-47.164,0.673,-1.991,1.975,46.72,178.41,0.67,-1.739,-67.84,-2.224,-93.425,0.57,temp_g2_09_0001,bi-obj/run12/g4/g4_20.pdb.sc
550.0,811.8002461194992,1.4760004474899986,3.2051174640655518,0.0,1.4760004474899986,146.0,87.69938826560974,0.6006807415452722,2.410245656967163,3.2600617833333474,3.8607425248786194,42.0,11.141373634338379,0.2652708008175805,0.942631721496582,4.272804453259423,4.538075254077003,98.84076189994812,188.0,38,39,281,270,551,run12_g4_g4_21,bi-obj/run12/g4/g4_21.pdb,-346.096,-1.287,-6.249,-0.261,16.143,0.674,1223.846,2393.694,1169.848,37.0,-1.844,-1287.024,226.836,-302.248,2.02,31.245,193.428,747.099,-0.323,-38.502,-56.315,-21.14,-52.5,7.0,-34.708,269.0,82.0,63.703,-47.874,0.708,-1.248,1.98,51.829,177.335,0.664,-0.72,-28.07,-1.727,-74.266,0.585,g0_03_0001,bi-obj/run12/g4/g4_21.pdb.sc
539.0,793.3501436710358,1.4718926598720514,3.2523319721221924,0.0,1.4718926598720514,143.0,88.50668740272522,0.6189278839351414,2.2034502029418945,3.310777075640805,3.9297049595759463,46.0,12.234432220458984,0.2659659178360649,0.9930686950683594,4.405317519022071,4.671283436858135,100.7411196231842,189.0,38,38,277,263,540,run12_g4_g4_22,bi-obj/run12/g4/g4_22.pdb,-426.65,-1.586,-17.328,-0.789,-3.916,-0.178,1073.692,2197.085,1123.393,33.0,-1.854,-1282.746,221.936,-322.487,2.201,31.478,164.857,757.155,0.963,-44.011,-57.557,-29.061,-53.21,5.0,-35.559,269.0,79.0,50.679,-50.543,0.672,-2.132,5.621,42.202,173.38,0.617,-1.969,-74.83,-2.283,-93.599,0.869,temp_g1_11_0001,bi-obj/run12/g4/g4_22.pdb.sc
549.0,809.293238401413,1.4741224743195136,3.2051174640655518,0.0,1.4741224743195136,155.0,89.4682023525238,0.5772142087259601,2.2093358039855957,3.3272909687411403,3.9045051774671,48.0,9.926978826522827,0.20681205888589224,0.8099894523620605,4.367435743411382,4.574247802297275,99.39518117904663,203.0,38,39,280,270,550,run12_g4_g4_23,bi-obj/run12/g4/g4_23.pdb,-437.173,-1.625,-41.898,-1.824,-28.762,-1.252,1162.387,2296.436,1134.049,28.0,-1.956,-1299.921,220.641,-324.867,2.139,32.637,155.604,756.14,0.271,-39.995,-59.661,-25.933,-55.606,9.0,-35.194,269.0,81.0,58.432,-48.679,0.71,-2.266,9.175,43.278,175.976,0.671,-2.046,-77.748,-2.461,-105.826,0.615,temp_g2_03_0001,bi-obj/run12/g4/g4_23.pdb.sc
537.0,792.2264726161957,1.475282071910979,3.2988479137420654,0.0,1.475282071910979,145.0,86.65738213062286,0.5976371181422266,2.10564923286438,3.309826769499943,3.90746388764217,38.0,10.588503360748291,0.2786448252828498,1.19453763961792,4.234692065339339,4.513336890622189,97.24588549137115,183.0,38,38,275,263,538,run12_g4_g4_24,bi-obj/run12/g4/g4_24.pdb,-446.133,-1.658,-52.096,-2.311,-35.614,-1.58,1119.483,2254.49,1135.007,25.0,-1.833,-1296.232,215.415,-329.852,2.103,31.261,153.646,757.48,0.38,-46.217,-63.088,-26.45,-55.637,14.0,-36.11,269.0,78.0,49.674,-49.054,0.761,-2.226,25.063,43.675,179.461,0.696,-1.735,-64.195,-2.669,-109.426,0.56,temp_g4_05_0001,bi-obj/run12/g4/g4_24.pdb.sc
546.0,806.2514092922211,1.4766509327696355,3.3959436416625977,0.0,1.4766509327696355,153.0,87.8981306552887,0.5744975859822791,2.364414930343628,3.298929027482575,3.8734266134648543,44.0,10.88439679145813,0.24737265435132114,1.2391996383666992,4.332133667035536,4.579506321386858,98.78252744674683,197.0,38,39,277,270,547,run12_g4_g4_3,bi-obj/run12/g4/g4_3.pdb,-433.319,-1.611,-42.0,-1.858,-24.683,-1.092,1199.234,2260.697,1061.463,24.0,-1.89,-1287.302,221.59,-318.841,2.119,31.858,152.728,746.398,0.383,-42.387,-62.045,-24.327,-55.059,11.0,-35.532,269.0,78.0,57.345,-47.692,0.713,-2.155,6.219,44.518,178.41,0.66,-1.869,-67.301,-2.4,-100.807,0.568,temp_g2_05_0001,bi-obj/run12/g4/g4_3.pdb.sc
546.0,804.0722510814667,1.4726598005155067,3.2857086658477783,0.0,1.4726598005155067,144.0,85.7894983291626,0.5957604050636292,2.5271482467651367,3.279812506503529,3.875572911567158,41.0,9.768324136734009,0.2382518082130246,1.1511859893798828,4.412882136135567,4.651133944348591,95.5578224658966,185.0,38,39,277,270,547,run12_g4_g4_4,bi-obj/run12/g4/g4_4.pdb,-431.992,-1.606,-41.924,-1.858,-25.686,-1.138,1174.544,2256.652,1082.108,25.0,-1.85,-1287.902,214.731,-320.378,2.142,32.005,153.137,746.964,0.309,-48.453,-60.52,-23.041,-55.674,10.0,-34.408,269.0,80.0,49.628,-48.637,0.72,-2.193,24.923,46.363,178.41,0.659,-1.917,-74.747,-2.455,-100.665,0.57,temp_g4_23_0001,bi-obj/run12/g4/g4_4.pdb.sc
548.0,807.6016010046005,1.4737255492784682,3.450584650039673,0.0,1.4737255492784682,150.0,87.14668023586273,0.5809778682390849,2.1432008743286133,3.2795538608233135,3.8605317290623984,45.0,11.505029678344727,0.25566732618543836,1.311859130859375,4.344446203443739,4.600113529629177,98.65170991420746,195.0,38,39,277,272,549,run12_g4_g4_5,bi-obj/run12/g4/g4_5.pdb,-463.2,-1.722,-57.672,-2.589,-43.936,-1.972,1049.115,2227.95,1178.835,26.0,-1.856,-1302.548,211.805,-327.837,2.148,31.051,151.117,755.735,0.356,-48.738,-64.322,-29.648,-57.106,16.0,-35.619,269.0,76.0,48.93,-49.16,0.716,-2.454,29.759,44.092,178.41,0.681,-2.062,-76.297,-2.826,-110.198,0.586,temp_g4_10_0001,bi-obj/run12/g4/g4_5.pdb.sc
547.0,805.2282749414444,1.4720809413920373,3.28822660446167,0.0,1.4720809413920373,150.0,90.79090166091919,0.6052726777394613,2.7635252475738525,3.2668473641077678,3.872120041847229,37.0,11.571175575256348,0.3127344750069283,1.4188504219055176,4.279151806960234,4.591886281967163,102.36207723617554,187.0,38,39,278,270,548,run12_g4_g4_6,bi-obj/run12/g4/g4_6.pdb,-432.411,-1.607,-42.582,-1.848,-32.986,-1.432,1106.522,2304.17,1197.648,20.0,-1.882,-1286.758,220.397,-318.892,2.175,31.249,153.94,749.257,0.248,-46.43,-59.917,-20.915,-54.326,10.0,-36.793,269.0,79.0,51.153,-50.139,0.671,-2.237,16.137,41.003,177.774,0.634,-2.038,-79.499,-2.431,-97.223,0.556,temp_g2_01_0001,bi-obj/run12/g4/g4_6.pdb.sc
546.0,805.1310889720917,1.47459906405145,3.2851128578186035,0.0,1.47459906405145,144.0,90.10953032970428,0.6257606272896131,2.2408134937286377,3.2674090555972524,3.8931696828868656,46.0,9.845116138458252,0.21402426387952722,1.2013659477233887,4.371503436047098,4.585527699926625,99.95464646816254,190.0,38,39,277,270,547,run12_g4_g4_7,bi-obj/run12/g4/g4_7.pdb,-416.695,-1.549,-35.366,-1.583,-19.669,-0.88,1071.751,2234.079,1162.327,25.0,-1.839,-1294.239,227.259,-315.924,2.144,31.549,162.726,750.745,0.434,-41.385,-61.293,-24.559,-54.188,10.0,-36.151,269.0,77.0,58.397,-47.246,0.755,-1.936,2.704,45.632,178.41,0.685,-1.474,-53.057,-2.343,-96.053,0.565,temp_g2_19_0001,bi-obj/run12/g4/g4_7.pdb.sc
537.0,791.4810847043991,1.4738940124849145,3.450584650039673,0.0,1.4738940124849145,143.0,86.8327807188034,0.607222242788835,2.81412672996521,3.265840267801618,3.873062510590453,42.0,10.97962236404419,0.26141958009629024,0.9989333152770996,4.37416030111767,4.63557988121396,97.8124030828476,185.0,38,38,275,263,538,run12_g4_g4_8,bi-obj/run12/g4/g4_8.pdb,-462.369,-1.719,-52.151,-2.371,-40.017,-1.819,998.566,2199.363,1200.796,19.0,-1.856,-1292.698,209.88,-325.643,2.14,30.991,147.195,750.728,0.373,-46.163,-63.835,-29.317,-56.186,16.0,-36.776,269.0,74.0,46.108,-48.961,0.764,-2.498,29.765,42.188,179.461,0.683,-2.192,-76.731,-2.773,-108.142,0.609,temp_g3_17_0001,bi-obj/run12/g4/g4_8.pdb.sc
555.0,815.5656636953354,1.4694876823339376,3.075467348098755,0.0,1.4694876823339376,153.0,86.23687613010406,0.563639713268654,2.194518804550171,3.2812781154719834,3.844917828740637,49.0,11.030003786087036,0.2251021180834089,0.7698454856872559,4.30213145820462,4.527233576288029,97.2668799161911,202.0,38,39,286,270,556,run12_g4_g4_9,bi-obj/run12/g4/g4_9.pdb,-465.829,-1.732,-51.04,-2.197,-41.227,-1.775,1182.596,2322.956,1140.36,30.0,-1.96,-1314.436,214.178,-331.767,2.167,32.468,152.328,766.415,0.259,-51.755,-59.528,-24.576,-57.3,11.0,-35.118,269.0,80.0,46.292,-49.534,0.764,-2.473,26.579,45.265,173.813,0.696,-2.277,-88.806,-2.658,-108.994,0.64,temp_g4_19_0001,bi-obj/run12/g4/g4_9.pdb.sc
557.0,818.3917099237442,1.4692849370264707,3.1248297691345215,0.0,1.4692849370264707,153.0,84.95241248607635,0.5552445260527866,2.0335211753845215,3.255266654725168,3.810511180777955,50.0,10.788428544998169,0.21576857089996337,0.7721576690673828,4.304417214393616,4.520185785293579,95.74084103107452,203.0,38,39,288,270,558,run12_g5_g5_0,bi-obj/run12/g5/g5_0.pdb,-481.68,-1.791,-57.959,-2.536,-47.608,-2.083,1206.514,2285.656,1079.141,25.0,-1.755,-1321.102,209.378,-332.421,2.243,32.95,154.551,771.572,0.29,-54.983,-59.33,-25.215,-58.247,13.0,-33.984,269.0,80.0,44.462,-49.241,0.708,-2.609,23.897,42.202,172.725,0.705,-2.432,-94.838,-2.777,-113.847,0.617,temp_g5_09_0001,bi-obj/run12/g5/g5_0.pdb.sc
536.0,790.0106459856033,1.4739004589283644,3.450584650039673,0.0,1.4739004589283644,141.0,86.00485944747925,0.6099635421807039,2.81412672996521,3.275097946748666,3.8850614889293698,42.0,11.125337600708008,0.2648889904930478,0.9989333152770996,4.383376467795599,4.6482654582886465,97.13019704818726,183.0,38,38,274,263,537,run12_g5_g5_1,bi-obj/run12/g5/g5_1.pdb,-461.858,-1.717,-52.135,-2.364,-40.425,-1.833,1022.493,2205.802,1183.31,21.0,-1.856,-1288.935,209.109,-323.584,2.138,30.967,146.014,747.723,0.369,-46.536,-64.583,-27.921,-56.506,15.0,-37.081,269.0,74.0,45.527,-47.749,0.729,-2.517,29.765,43.025,178.02,0.676,-2.186,-76.517,-2.815,-109.772,0.605,temp_g5_19_0001,bi-obj/run12/g5/g5_1.pdb.sc
539.0,794.853213429451,1.4746812865110408,3.419196367263794,0.0,1.4746812865110408,146.0,86.3943327665329,0.5917420052502254,2.387329578399658,3.3100966892830312,3.901838694533257,38.0,10.159828662872314,0.26736391218085037,0.7639174461364746,4.329280865819831,4.596644778000681,96.55416142940521,184.0,38,38,277,263,540,run12_g5_g5_10,bi-obj/run12/g5/g5_10.pdb,-475.755,-1.769,-56.427,-2.529,-42.075,-1.886,1114.316,2231.401,1117.085,22.0,-1.833,-1303.59,213.321,-335.192,2.147,31.589,150.403,760.248,0.361,-47.902,-63.562,-29.21,-55.969,15.0,-35.742,269.0,79.0,43.549,-51.265,0.706,-2.502,26.614,41.643,178.373,0.687,-2.027,-74.992,-2.922,-122.703,0.623,temp_g5_24_0001,bi-obj/run12/g5/g5_10.pdb.sc
537.0,791.1102187633514,1.4732033868963714,3.2789103984832764,0.0,1.4732033868963714,144.0,88.01363718509674,0.6112058137853941,2.2034502029418945,3.3654102426436214,3.976616056429015,47.0,13.302018880844116,0.28302167831583225,0.9930686950683594,4.455518859498044,4.7385405378138765,101.31565606594086,191.0,38,38,275,263,538,run12_g5_g5_11,bi-obj/run12/g5/g5_11.pdb,-479.065,-1.781,-40.187,-1.87,-31.249,-1.454,1069.046,2149.368,1080.322,28.0,-1.854,-1280.396,212.352,-332.182,2.252,31.69,144.518,750.078,0.179,-45.403,-60.16,-29.172,-55.188,7.0,-34.654,269.0,76.0,43.82,-51.627,0.746,-2.699,12.185,39.293,174.468,0.596,-2.608,-93.897,-2.782,-111.264,0.914,temp_g5_22_0001,bi-obj/run12/g5/g5_11.pdb.sc
547.0,805.7170768976212,1.4729745464307518,3.2938930988311768,0.0,1.4729745464307518,149.0,87.26922941207886,0.5856995262555628,2.600381851196289,3.3012927890623978,3.8869923153179604,40.0,10.03190302848816,0.25079757571220396,1.3490943908691406,4.2645433962345125,4.515340971946716,97.30113244056702,189.0,38,39,278,270,548,run12_g5_g5_12,bi-obj/run12/g5/g5_12.pdb,-431.856,-1.605,-45.293,-1.944,-34.845,-1.496,1201.326,2329.849,1128.524,23.0,-1.877,-1286.19,222.07,-318.43,2.108,32.18,149.392,749.848,0.233,-45.723,-60.188,-22.008,-54.746,10.0,-36.915,269.0,82.0,52.256,-49.681,0.67,-2.258,16.282,41.456,177.774,0.652,-2.055,-82.216,-2.451,-102.939,0.537,temp_g3_08_0001,bi-obj/run12/g5/g5_12.pdb.sc
535.0,789.5565629005432,1.4758066596271835,3.3959436416625977,0.0,1.4758066596271835,146.0,87.50382328033447,0.5993412553447567,2.364414930343628,3.292399481551288,3.8917407368960446,43.0,12.581495523452759,0.29259291915006413,1.5857396125793457,4.270566446836605,4.563159365986669,100.08531880378723,189.0,38,38,273,263,536,run12_g5_g5_13,bi-obj/run12/g5/g5_13.pdb,-460.743,-1.713,-52.152,-2.334,-41.284,-1.848,1178.367,2234.0,1055.633,27.0,-1.89,-1286.986,206.172,-315.514,2.19,30.914,140.915,734.84,0.244,-44.688,-62.694,-25.832,-57.311,12.0,-35.318,269.0,78.0,47.126,-47.685,0.687,-2.479,30.121,43.042,181.354,0.635,-2.304,-82.93,-2.63,-110.448,0.5,temp_g5_13_0001,bi-obj/run12/g5/g5_13.pdb.sc
556.0,819.7854923009872,1.4744343386708403,3.2878096103668213,0.0,1.4744343386708403,159.0,93.48147964477539,0.5879338342438704,2.410245656967163,3.232724408683537,3.8206582429274074,40.0,12.836777448654175,0.3209194362163544,1.3588294982910156,4.174272376298904,4.495191812515259,106.31825709342957,199.0,38,39,287,270,557,run12_g5_g5_14,bi-obj/run12/g5/g5_14.pdb,-291.863,-1.085,0.518,0.021,28.393,1.174,1209.367,2418.027,1208.66,34.0,-1.903,-1309.748,239.66,-297.487,1.994,31.816,222.138,759.93,-0.243,-33.627,-56.276,-24.698,-52.15,8.0,-36.628,269.0,82.0,76.81,-46.47,0.727,-0.712,2.231,53.66,178.207,0.688,0.037,1.49,-1.425,-59.846,0.678,g0_10_0001,bi-obj/run12/g5/g5_14.pdb.sc
556.0,819.8947093486786,1.4746307722098535,3.2938930988311768,0.0,1.4746307722098535,159.0,92.05693018436432,0.5789744036752473,2.410245656967163,3.2400920023708224,3.8190664060460695,40.0,12.830971479415894,0.32077428698539734,1.355844497680664,4.175011670589447,4.495785957574844,104.88790166378021,199.0,38,39,287,270,557,run12_g5_g5_15,bi-obj/run12/g5/g5_15.pdb,-292.496,-1.087,2.683,0.114,28.764,1.218,1217.776,2360.593,1142.817,31.0,-1.887,-1310.209,241.055,-299.486,2.005,31.712,221.814,758.264,-0.196,-35.788,-56.438,-21.604,-52.148,7.0,-35.91,269.0,83.0,77.195,-46.511,0.698,-0.724,2.572,53.916,178.207,0.687,0.031,1.231,-1.425,-61.291,0.745,g0_24_0001,bi-obj/run12/g5/g5_15.pdb.sc
550.0,811.8002461194992,1.4760004474899986,3.2051174640655518,0.0,1.4760004474899986,146.0,87.69938826560974,0.6006807415452722,2.410245656967163,3.2600617833333474,3.8607425248786194,42.0,11.141373634338379,0.2652708008175805,0.942631721496582,4.272804453259423,4.538075254077003,98.84076189994812,188.0,38,39,281,270,551,run12_g5_g5_16,bi-obj/run12/g5/g5_16.pdb,-346.096,-1.287,-6.249,-0.261,16.143,0.674,1223.846,2393.694,1169.848,37.0,-1.844,-1287.024,226.836,-302.248,2.02,31.245,193.428,747.099,-0.323,-38.502,-56.315,-21.14,-52.5,7.0,-34.708,269.0,82.0,63.703,-47.874,0.708,-1.248,1.98,51.829,177.335,0.664,-0.72,-28.07,-1.727,-74.266,0.585,g0_03_0001,bi-obj/run12/g5/g5_16.pdb.sc
546.0,803.6242190599442,1.4718392290475169,3.2851128578186035,0.0,1.4718392290475169,141.0,87.44478249549866,0.6201757623794231,2.2408134937286377,3.252885324735168,3.873061087114591,47.0,9.36859393119812,0.19933178577017277,1.2013659477233887,4.428471910192611,4.627803695962784,96.81337642669678,188.0,38,39,277,270,547,run12_g5_g5_17,bi-obj/run12/g5/g5_17.pdb,-442.613,-1.645,-44.676,-2.037,-31.577,-1.439,1087.945,2193.698,1105.753,25.0,-1.839,-1303.077,220.751,-318.949,2.184,31.185,156.67,756.261,0.299,-47.631,-61.449,-23.33,-55.235,11.0,-36.676,269.0,76.0,49.751,-49.409,0.753,-2.199,13.995,45.211,178.41,0.701,-1.758,-63.294,-2.595,-103.807,0.565,temp_g5_07_0001,bi-obj/run12/g5/g5_17.pdb.sc
546.0,805.6607018709183,1.4755690510456378,3.2051174640655518,0.0,1.4755690510456378,146.0,85.97100234031677,0.5888424817829916,2.3351104259490967,3.298911262864936,3.8877537446479273,41.0,9.438406944274902,0.23020504742133907,0.942631721496582,4.331011277873341,4.561216325294681,95.40940928459167,187.0,38,39,277,270,547,run12_g5_g5_18,bi-obj/run12/g5/g5_18.pdb,-417.764,-1.553,-33.711,-1.452,-16.404,-0.706,1272.954,2322.252,1049.298,32.0,-1.844,-1282.307,219.576,-312.616,2.086,31.665,156.638,743.479,0.366,-40.952,-58.523,-22.906,-54.508,7.0,-35.439,269.0,82.0,57.266,-47.264,0.69,-2.007,1.992,46.915,178.41,0.687,-1.73,-67.47,-2.257,-97.066,0.567,temp_g4_13_0001,bi-obj/run12/g5/g5_18.pdb.sc
546.0,804.1470775604248,1.4727968453487634,3.2938930988311768,0.0,1.4727968453487634,151.0,85.84361219406128,0.5685007430070284,2.0573527812957764,3.3164286881882625,3.8849294311952907,40.0,10.034354448318481,0.250858861207962,1.3490943908691406,4.318751847743988,4.56961070895195,95.87796664237976,191.0,38,39,277,270,547,run12_g5_g5_19,bi-obj/run12/g5/g5_19.pdb,-448.642,-1.668,-47.105,-2.043,-39.742,-1.723,1227.561,2305.906,1078.345,23.0,-1.877,-1281.496,218.861,-318.554,2.089,32.09,146.704,747.1,0.192,-48.487,-60.218,-22.074,-55.361,9.0,-38.031,269.0,80.0,48.371,-49.945,0.657,-2.423,16.282,40.525,174.842,0.639,-2.23,-89.201,-2.615,-104.601,0.536,temp_g5_14_0001,bi-obj/run12/g5/g5_19.pdb.sc
550.0,808.9055185317993,1.4707373064214533,3.4684085845947266,0.0,1.4707373064214533,150.0,87.07597959041595,0.580506530602773,2.2071094512939453,3.290620222886403,3.8711267534891762,43.0,11.83374571800232,0.2752033887907516,0.9894838333129883,4.325524834699409,4.600728223490161,98.90972530841827,193.0,38,39,279,272,551,run12_g5_g5_2,bi-obj/run12/g5/g5_2.pdb,-472.946,-1.758,-55.092,-2.438,-42.357,-1.875,1100.006,2259.544,1159.538,26.0,-1.746,-1307.651,210.556,-330.28,2.251,31.282,152.609,759.435,0.338,-49.705,-64.067,-29.637,-57.567,16.0,-33.847,269.0,75.0,46.469,-48.196,0.754,-2.578,27.841,41.351,177.323,0.689,-2.22,-79.936,-2.909,-113.436,0.633,temp_g5_05_0001,bi-obj/run12/g5/g5_2.pdb.sc
546.0,805.1310889720917,1.47459906405145,3.2851128578186035,0.0,1.47459906405145,144.0,90.10953032970428,0.6257606272896131,2.2408134937286377,3.2674090555972524,3.8931696828868656,46.0,9.845116138458252,0.21402426387952722,1.2013659477233887,4.371503436047098,4.585527699926625,99.95464646816254,190.0,38,39,277,270,547,run12_g5_g5_20,bi-obj/run12/g5/g5_20.pdb,-416.695,-1.549,-35.366,-1.583,-19.669,-0.88,1071.751,2234.079,1162.327,25.0,-1.839,-1294.239,227.259,-315.924,2.144,31.549,162.726,750.745,0.434,-41.385,-61.293,-24.559,-54.188,10.0,-36.151,269.0,77.0,58.397,-47.246,0.755,-1.936,2.704,45.632,178.41,0.685,-1.474,-53.057,-2.343,-96.053,0.565,temp_g2_19_0001,bi-obj/run12/g5/g5_20.pdb.sc
555.0,815.5656636953354,1.4694876823339376,3.075467348098755,0.0,1.4694876823339376,153.0,86.23687613010406,0.563639713268654,2.194518804550171,3.2812781154719834,3.844917828740637,49.0,11.030003786087036,0.2251021180834089,0.7698454856872559,4.30213145820462,4.527233576288029,97.2668799161911,202.0,38,39,286,270,556,run12_g5_g5_21,bi-obj/run12/g5/g5_21.pdb,-465.829,-1.732,-51.04,-2.197,-41.227,-1.775,1182.596,2322.956,1140.36,30.0,-1.96,-1314.436,214.178,-331.767,2.167,32.468,152.328,766.415,0.259,-51.755,-59.528,-24.576,-57.3,11.0,-35.118,269.0,80.0,46.292,-49.534,0.764,-2.473,26.579,45.265,173.813,0.696,-2.277,-88.806,-2.658,-108.994,0.64,temp_g4_19_0001,bi-obj/run12/g5/g5_21.pdb.sc
555.0,818.1094588041306,1.4740710969443793,3.2051174640655518,0.0,1.4740710969443793,150.0,91.1143490076065,0.6074289933840433,2.410245656967163,3.223770549297333,3.831199542681376,45.0,10.690256834030151,0.23756126297844782,0.8668861389160156,4.276614295111762,4.51417555809021,101.80460584163666,195.0,38,39,286,270,556,run12_g5_g5_22,bi-obj/run12/g5/g5_22.pdb,-310.643,-1.155,8.695,0.361,29.748,1.235,1146.381,2408.042,1261.661,34.0,-1.96,-1306.815,237.731,-306.11,2.053,32.099,214.29,766.015,-0.199,-36.554,-55.266,-24.143,-51.639,8.0,-34.119,269.0,83.0,74.912,-48.439,0.682,-0.971,1.961,50.943,173.813,0.649,-0.476,-18.548,-1.411,-62.076,0.585,temp_g4_24_0001,bi-obj/run12/g5/g5_22.pdb.sc
546.0,805.4575302600861,1.4751969418682895,3.2857086658477783,0.0,1.4751969418682895,145.0,87.66859209537506,0.6046109799681039,2.5271482467651367,3.291086329262832,3.895697309230936,42.0,9.260140419006348,0.22047953378586543,1.128394603729248,4.44856874148051,4.669048275266375,96.92873251438141,187.0,38,39,277,270,547,run12_g5_g5_23,bi-obj/run12/g5/g5_23.pdb,-417.395,-1.552,-34.119,-1.485,-15.523,-0.676,1197.562,2297.639,1100.077,25.0,-1.85,-1282.664,219.829,-313.72,2.115,31.678,159.038,744.449,0.463,-42.332,-60.561,-22.743,-54.453,9.0,-34.883,269.0,81.0,58.191,-47.164,0.673,-1.991,1.975,46.72,178.41,0.67,-1.739,-67.84,-2.224,-93.425,0.57,temp_g2_09_0001,bi-obj/run12/g5/g5_23.pdb.sc
551.0,811.6667982339859,1.4730794886279237,3.2938930988311768,0.0,1.4730794886279237,151.0,89.68866515159607,0.5939646698781197,2.8562819957733154,3.277277340162669,3.8712420100407883,38.0,11.686937093734741,0.30755097615091426,1.4093103408813477,4.225411515486868,4.532962491637782,101.37560224533081,189.0,38,39,282,270,552,run12_g5_g5_24,bi-obj/run12/g5/g5_24.pdb,-363.599,-1.352,-19.043,-0.789,-3.455,-0.143,1177.381,2412.416,1235.035,25.0,-1.882,-1290.397,226.835,-307.383,2.042,31.241,183.8,753.609,1.907,-42.537,-57.992,-18.746,-52.665,9.0,-36.477,269.0,82.0,58.865,-50.51,0.623,-1.534,15.791,45.522,176.699,0.625,-1.101,-44.043,-1.947,-81.756,0.585,temp_g5_17_0001,bi-obj/run12/g5/g5_24.pdb.sc
536.0,789.7486720085144,1.4734117015084225,3.0780277252197266,0.0,1.4734117015084225,137.0,83.24812614917755,0.6076505558334128,2.3351104259490967,3.2820063098503724,3.889656865683785,43.0,10.845347881317139,0.2522173925887707,0.942631721496582,4.368476512820222,4.620693905408992,94.09347403049469,180.0,38,38,274,263,537,run12_g5_g5_3,bi-obj/run12/g5/g5_3.pdb,-432.776,-1.609,-41.9,-1.875,-27.118,-1.213,1105.172,2234.917,1129.745,29.0,-1.844,-1282.22,214.365,-317.964,2.168,31.396,151.631,740.518,0.328,-48.56,-58.397,-24.841,-55.6,11.0,-35.317,269.0,78.0,46.344,-47.327,0.694,-2.227,26.579,47.665,178.057,0.665,-1.913,-72.695,-2.525,-101.011,0.57,temp_g4_15_0001,bi-obj/run12/g5/g5_3.pdb.sc
549.0,809.5652334690094,1.47461791160111,3.2051174640655518,0.0,1.47461791160111,153.0,91.13217222690582,0.5956351125941557,2.261899709701538,3.2895770454718396,3.8852121580659955,49.0,12.362626075744629,0.2522984913417271,0.9065937995910645,4.42388365706619,4.676182148407917,103.49479830265045,202.0,38,39,280,270,550,run12_g5_g5_4,bi-obj/run12/g5/g5_4.pdb,-445.385,-1.656,-45.207,-2.027,-30.569,-1.37,1106.607,2230.645,1124.038,27.0,-1.808,-1295.377,219.549,-326.191,2.196,32.398,154.048,751.998,0.292,-41.581,-58.628,-27.004,-55.547,10.0,-34.29,269.0,78.0,55.468,-48.456,0.733,-2.279,9.293,41.942,175.976,0.662,-2.059,-78.225,-2.489,-99.563,0.628,temp_g3_23_0001,bi-obj/run12/g5/g5_4.pdb.sc
538.0,792.6263184547424,1.473283119804354,3.1309475898742676,0.0,1.473283119804354,143.0,85.7907166481018,0.5999350814552574,2.533935546875,3.273228501940107,3.8731635833953644,43.0,9.66133451461792,0.22468219801437023,1.1511859893798828,4.516155725301698,4.740837923316068,95.45205116271973,186.0,38,38,276,263,539,run12_g5_g5_5,bi-obj/run12/g5/g5_5.pdb,-445.942,-1.658,-45.724,-2.087,-30.139,-1.375,1143.869,2191.315,1047.446,23.0,-1.85,-1291.772,214.923,-323.497,2.158,31.742,151.154,745.447,0.286,-49.095,-61.33,-23.124,-56.145,10.0,-35.24,269.0,78.0,48.357,-49.271,0.699,-2.347,29.178,44.88,176.969,0.663,-2.126,-78.675,-2.546,-104.366,0.572,temp_g5_04_0001,bi-obj/run12/g5/g5_5.pdb.sc
542.0,798.2538697719574,1.472793117660438,3.106433629989624,0.0,1.472793117660438,148.0,90.12013864517212,0.6089198557106225,2.3823657035827637,3.2902345770114176,3.89915443272204,47.0,12.509490489959717,0.26615937212680246,0.9742341041564941,4.377496693996673,4.643656066123476,102.62962913513184,195.0,38,38,280,263,543,run12_g5_g5_6,bi-obj/run12/g5/g5_6.pdb,-461.743,-1.717,-51.77,-2.358,-39.309,-1.79,1046.101,2195.776,1149.674,26.0,-1.808,-1300.458,215.657,-332.312,2.22,32.749,148.517,754.558,0.245,-47.755,-58.734,-27.384,-56.8,11.0,-34.002,269.0,76.0,45.229,-50.522,0.788,-2.513,30.824,41.675,175.976,0.665,-2.255,-83.446,-2.757,-107.506,0.628,temp_g5_10_0001,bi-obj/run12/g5/g5_6.pdb.sc
549.0,809.293238401413,1.4741224743195136,3.2051174640655518,0.0,1.4741224743195136,155.0,89.4682023525238,0.5772142087259601,2.2093358039855957,3.3272909687411403,3.9045051774671,48.0,9.926978826522827,0.20681205888589224,0.8099894523620605,4.367435743411382,4.574247802297275,99.39518117904663,203.0,38,39,280,270,550,run12_g5_g5_7,bi-obj/run12/g5/g5_7.pdb,-437.173,-1.625,-41.898,-1.824,-28.762,-1.252,1162.387,2296.436,1134.049,28.0,-1.956,-1299.921,220.641,-324.867,2.139,32.637,155.604,756.14,0.271,-39.995,-59.661,-25.933,-55.606,9.0,-35.194,269.0,81.0,58.432,-48.679,0.71,-2.266,9.175,43.278,175.976,0.671,-2.046,-77.748,-2.461,-105.826,0.615,temp_g2_03_0001,bi-obj/run12/g5/g5_7.pdb.sc
551.0,811.6371437311172,1.4730256692034795,3.28822660446167,0.0,1.4730256692034795,151.0,89.64124310016632,0.5936506165573928,2.8568685054779053,3.2779199074435708,3.8715705240009637,38.0,11.690143346786499,0.30763535123122365,1.4188504219055176,4.225331469586021,4.5329668208172444,101.33138644695282,189.0,38,39,282,270,552,run12_g5_g5_8,bi-obj/run12/g5/g5_8.pdb,-363.332,-1.351,-19.033,-0.791,-4.053,-0.168,1172.716,2406.441,1233.725,26.0,-1.882,-1290.314,226.86,-307.355,2.044,31.244,183.834,753.526,1.618,-42.514,-57.967,-18.743,-52.685,9.0,-36.476,269.0,82.0,58.873,-50.512,0.637,-1.532,15.937,45.514,176.699,0.626,-1.096,-43.853,-1.947,-81.762,0.585,temp_g1_05_0001,bi-obj/run12/g5/g5_8.pdb.sc
547.0,805.4920531511307,1.472563168466418,3.28822660446167,0.0,1.472563168466418,148.0,87.9543879032135,0.5942864047514426,2.6063268184661865,3.2919537215619474,3.88624012631339,35.0,9.98773455619812,0.28536384446280344,1.4188504219055176,4.233811739512852,4.519175583975656,97.94212245941162,183.0,38,39,278,270,548,run12_g5_g5_9,bi-obj/run12/g5/g5_9.pdb,-431.449,-1.604,-44.002,-1.883,-33.451,-1.432,1200.763,2336.435,1135.672,21.0,-1.882,-1285.439,220.15,-317.698,2.111,31.635,149.931,749.309,0.212,-44.725,-60.213,-20.558,-54.688,9.0,-36.782,269.0,82.0,52.148,-50.194,0.674,-2.245,15.95,41.168,177.774,0.642,-2.045,-81.782,-2.437,-102.346,0.553,temp_g4_02_0001,bi-obj/run12/g5/g5_9.pdb.sc
547.0,805.6070798635483,1.472773454960783,3.450584650039673,0.0,1.472773454960783,144.0,84.60908114910126,0.5875630635354254,2.1462464332580566,3.3078254287441573,3.8953884922795825,44.0,11.718794584274292,0.2663362405516885,0.9989333152770996,4.324598122726787,4.590934363278476,96.32787573337555,188.0,38,39,276,272,548,run12_g6_g6_0,bi-obj/run12/g6/g6_0.pdb,-484.926,-1.803,-57.424,-2.539,-49.684,-2.196,1077.713,2262.039,1184.326,23.0,-1.856,-1296.219,206.342,-330.81,2.134,31.235,145.38,752.331,0.321,-49.65,-66.118,-29.39,-57.779,15.0,-36.711,269.0,76.0,41.821,-47.302,0.755,-2.682,30.222,43.898,176.932,0.678,-2.395,-88.605,-2.954,-115.22,0.615,temp_g6_01_0001,bi-obj/run12/g6/g6_0.pdb.sc
546.0,803.6242190599442,1.4718392290475169,3.2851128578186035,0.0,1.4718392290475169,141.0,87.44478249549866,0.6201757623794231,2.2408134937286377,3.252885324735168,3.873061087114591,47.0,9.36859393119812,0.19933178577017277,1.2013659477233887,4.428471910192611,4.627803695962784,96.81337642669678,188.0,38,39,277,270,547,run12_g6_g6_1,bi-obj/run12/g6/g6_1.pdb,-442.613,-1.645,-44.676,-2.037,-31.577,-1.439,1087.945,2193.698,1105.753,25.0,-1.839,-1303.077,220.751,-318.949,2.184,31.185,156.67,756.261,0.299,-47.631,-61.449,-23.33,-55.235,11.0,-36.676,269.0,76.0,49.751,-49.409,0.753,-2.199,13.995,45.211,178.41,0.701,-1.758,-63.294,-2.595,-103.807,0.565,temp_g5_07_0001,bi-obj/run12/g6/g6_1.pdb.sc
550.0,811.8002461194992,1.4760004474899986,3.2051174640655518,0.0,1.4760004474899986,146.0,87.69938826560974,0.6006807415452722,2.410245656967163,3.2600617833333474,3.8607425248786194,42.0,11.141373634338379,0.2652708008175805,0.942631721496582,4.272804453259423,4.538075254077003,98.84076189994812,188.0,38,39,281,270,551,run12_g6_g6_10,bi-obj/run12/g6/g6_10.pdb,-346.096,-1.287,-6.249,-0.261,16.143,0.674,1223.846,2393.694,1169.848,37.0,-1.844,-1287.024,226.836,-302.248,2.02,31.245,193.428,747.099,-0.323,-38.502,-56.315,-21.14,-52.5,7.0,-34.708,269.0,82.0,63.703,-47.874,0.708,-1.248,1.98,51.829,177.335,0.664,-0.72,-28.07,-1.727,-74.266,0.585,g0_03_0001,bi-obj/run12/g6/g6_10.pdb.sc
539.0,794.350083231926,1.4737478353096958,3.1208884716033936,0.0,1.4737478353096958,142.0,83.75462782382965,0.5898213227030257,2.3351104259490967,3.3030753379136746,3.8928966606167,41.0,9.756759405136108,0.23796974158868556,1.0239276885986328,4.349174383209973,4.587144124798659,93.51138722896576,183.0,38,38,277,263,540,run12_g6_g6_11,bi-obj/run12/g6/g6_11.pdb,-433.007,-1.61,-40.984,-1.798,-25.91,-1.137,1213.416,2279.31,1065.893,31.0,-1.844,-1286.917,215.686,-320.145,2.11,32.141,150.377,746.196,0.26,-47.916,-58.54,-23.211,-55.62,8.0,-34.373,269.0,81.0,48.084,-48.89,0.747,-2.211,24.381,46.496,178.41,0.677,-1.914,-74.655,-2.487,-104.457,0.567,temp_g6_18_0001,bi-obj/run12/g6/g6_11.pdb.sc
543.0,799.8422274589539,1.4730059437549794,3.0780277252197266,0.0,1.4730059437549794,144.0,82.18861770629883,0.5707542896270752,2.3351104259490967,3.3208784328566656,3.891632722483741,44.0,12.01362681388855,0.27303697304292157,0.942631721496582,4.3103672807866875,4.58340425382961,94.20224452018738,188.0,38,39,272,272,544,run12_g6_g6_12,bi-obj/run12/g6/g6_12.pdb,-442.251,-1.644,-45.115,-2.005,-33.461,-1.487,1142.766,2250.144,1107.378,33.0,-1.844,-1282.72,209.655,-316.174,2.114,31.29,149.685,735.984,0.247,-48.311,-58.852,-24.45,-56.28,10.0,-35.782,269.0,80.0,46.162,-47.368,0.73,-2.285,26.579,48.345,179.145,0.674,-1.923,-74.987,-2.629,-107.784,0.569,temp_g6_03_0001,bi-obj/run12/g6/g6_12.pdb.sc
553.0,815.1500039100647,1.474050639982034,3.2051174640655518,0.0,1.474050639982034,152.0,91.00340604782104,0.5987066187356648,2.410245656967163,3.2793442512813367,3.8780508700170016,49.0,11.660659074783325,0.23797263417925155,0.8113036155700684,4.37576673468765,4.613739368866901,102.66406512260437,201.0,38,39,284,270,554,run12_g6_g6_13,bi-obj/run12/g6/g6_13.pdb,-365.929,-1.36,-14.506,-0.609,7.359,0.309,1133.145,2383.255,1250.111,33.0,-1.96,-1304.742,228.116,-314.78,2.08,32.243,192.393,760.109,-0.954,-37.798,-57.377,-24.189,-53.82,9.0,-34.457,269.0,81.0,65.08,-49.55,0.646,-1.501,8.976,48.209,174.9,0.642,-1.017,-38.637,-1.93,-82.969,0.637,temp_g6_22_0001,bi-obj/run12/g6/g6_13.pdb.sc
539.0,794.853213429451,1.4746812865110408,3.419196367263794,0.0,1.4746812865110408,146.0,86.3943327665329,0.5917420052502254,2.387329578399658,3.3100966892830312,3.901838694533257,38.0,10.159828662872314,0.26736391218085037,0.7639174461364746,4.329280865819831,4.596644778000681,96.55416142940521,184.0,38,38,277,263,540,run12_g6_g6_14,bi-obj/run12/g6/g6_14.pdb,-475.755,-1.769,-56.427,-2.529,-42.075,-1.886,1114.316,2231.401,1117.085,22.0,-1.833,-1303.59,213.321,-335.192,2.147,31.589,150.403,760.248,0.361,-47.902,-63.562,-29.21,-55.969,15.0,-35.742,269.0,79.0,43.549,-51.265,0.706,-2.502,26.614,41.643,178.373,0.687,-2.027,-74.992,-2.922,-122.703,0.623,temp_g5_24_0001,bi-obj/run12/g6/g6_14.pdb.sc
546.0,805.6607018709183,1.4755690510456378,3.2051174640655518,0.0,1.4755690510456378,146.0,85.97100234031677,0.5888424817829916,2.3351104259490967,3.298911262864936,3.8877537446479273,41.0,9.438406944274902,0.23020504742133907,0.942631721496582,4.331011277873341,4.561216325294681,95.40940928459167,187.0,38,39,277,270,547,run12_g6_g6_15,bi-obj/run12/g6/g6_15.pdb,-417.764,-1.553,-33.711,-1.452,-16.404,-0.706,1272.954,2322.252,1049.298,32.0,-1.844,-1282.307,219.576,-312.616,2.086,31.665,156.638,743.479,0.366,-40.952,-58.523,-22.906,-54.508,7.0,-35.439,269.0,82.0,57.266,-47.264,0.69,-2.007,1.992,46.915,178.41,0.687,-1.73,-67.47,-2.257,-97.066,0.567,temp_g4_13_0001,bi-obj/run12/g6/g6_15.pdb.sc
551.0,811.7971675395966,1.4733160935382879,3.2878096103668213,0.0,1.4733160935382879,151.0,91.13242018222809,0.6035259614717092,2.841921091079712,3.2648398505141403,3.8683658119858495,40.0,11.88727617263794,0.2971819043159485,1.4505958557128906,4.2431207478046415,4.54030265212059,103.01969635486603,191.0,38,39,282,270,552,run12_g6_g6_16,bi-obj/run12/g6/g6_16.pdb,-368.607,-1.37,-24.129,-0.988,-7.935,-0.325,1167.231,2441.119,1273.887,29.0,-1.91,-1293.904,226.118,-307.659,2.036,31.277,185.612,758.172,1.417,-40.242,-58.707,-25.26,-52.653,12.0,-37.483,269.0,81.0,58.059,-50.632,0.696,-1.583,15.349,45.937,176.699,0.649,-1.16,-46.417,-1.995,-81.797,0.585,temp_g6_14_0001,bi-obj/run12/g6/g6_16.pdb.sc
550.0,808.9055185317993,1.4707373064214533,3.4684085845947266,0.0,1.4707373064214533,150.0,87.07597959041595,0.580506530602773,2.2071094512939453,3.290620222886403,3.8711267534891762,43.0,11.83374571800232,0.2752033887907516,0.9894838333129883,4.325524834699409,4.600728223490161,98.90972530841827,193.0,38,39,279,272,551,run12_g6_g6_17,bi-obj/run12/g6/g6_17.pdb,-472.946,-1.758,-55.092,-2.438,-42.357,-1.875,1100.006,2259.544,1159.538,26.0,-1.746,-1307.651,210.556,-330.28,2.251,31.282,152.609,759.435,0.338,-49.705,-64.067,-29.637,-57.567,16.0,-33.847,269.0,75.0,46.469,-48.196,0.754,-2.578,27.841,41.351,177.323,0.689,-2.22,-79.936,-2.909,-113.436,0.633,temp_g5_05_0001,bi-obj/run12/g6/g6_17.pdb.sc
555.0,815.5656636953354,1.4694876823339376,3.075467348098755,0.0,1.4694876823339376,153.0,86.23687613010406,0.563639713268654,2.194518804550171,3.2812781154719834,3.844917828740637,49.0,11.030003786087036,0.2251021180834089,0.7698454856872559,4.30213145820462,4.527233576288029,97.2668799161911,202.0,38,39,286,270,556,run12_g6_g6_18,bi-obj/run12/g6/g6_18.pdb,-465.829,-1.732,-51.04,-2.197,-41.227,-1.775,1182.596,2322.956,1140.36,30.0,-1.96,-1314.436,214.178,-331.767,2.167,32.468,152.328,766.415,0.259,-51.755,-59.528,-24.576,-57.3,11.0,-35.118,269.0,80.0,46.292,-49.534,0.764,-2.473,26.579,45.265,173.813,0.696,-2.277,-88.806,-2.658,-108.994,0.64,temp_g4_19_0001,bi-obj/run12/g6/g6_18.pdb.sc
544.0,801.812267780304,1.4739196098902647,3.2938930988311768,0.0,1.4739196098902647,148.0,82.65767323970795,0.5584977921601888,2.0573527812957764,3.3135018501732802,3.871999642333469,41.0,9.59043264389038,0.23391299131439952,1.3490943908691406,4.353652843614904,4.587565834929303,92.24810588359833,189.0,38,39,275,270,545,run12_g6_g6_19,bi-obj/run12/g6/g6_19.pdb,-455.721,-1.694,-47.989,-2.108,-41.003,-1.801,1216.375,2276.776,1060.401,24.0,-1.877,-1276.937,215.556,-318.799,2.091,31.571,146.338,741.855,0.193,-49.208,-60.896,-20.169,-55.398,9.0,-38.345,269.0,80.0,48.558,-51.479,0.694,-2.489,16.282,38.73,175.893,0.639,-2.244,-89.759,-2.733,-109.323,0.514,temp_g6_19_0001,bi-obj/run12/g6/g6_19.pdb.sc
551.0,811.7920163869858,1.473306744803967,3.2938930988311768,0.0,1.473306744803967,152.0,89.6313179731369,0.5896797235074797,2.8549556732177734,3.266994328091019,3.8566740515984987,40.0,11.770716190338135,0.2942679047584534,1.3490943908691406,4.24978865981102,4.544056564569473,101.40203416347504,192.0,38,39,282,270,552,run12_g6_g6_2,bi-obj/run12/g6/g6_2.pdb,-362.928,-1.349,-20.553,-0.85,-5.992,-0.248,1165.947,2418.326,1252.379,29.0,-1.877,-1290.841,228.924,-308.018,2.044,31.754,183.777,753.566,1.262,-43.489,-57.962,-20.193,-52.683,10.0,-36.267,269.0,82.0,58.932,-49.978,0.653,-1.534,16.284,45.816,176.699,0.639,-1.11,-44.414,-1.938,-81.391,0.585,temp_g6_15_0001,bi-obj/run12/g6/g6_2.pdb.sc
539.0,793.6396331787109,1.4724297461571632,3.2851128578186035,0.0,1.4724297461571632,136.0,85.73546087741852,0.6304078005692538,2.2408134937286377,3.26682453909341,3.897232339662664,46.0,9.782213687896729,0.21265681930210278,1.2013659477233887,4.392679981563402,4.605336800865505,95.51767456531525,182.0,38,38,277,263,540,run12_g6_g6_20,bi-obj/run12/g6/g6_20.pdb,-434.275,-1.614,-45.523,-2.084,-32.511,-1.488,1032.527,2184.793,1152.266,23.0,-1.839,-1299.585,220.953,-322.398,2.173,31.785,156.741,752.009,0.348,-48.244,-62.206,-24.335,-55.341,13.0,-35.581,269.0,76.0,50.171,-48.78,0.71,-2.156,26.161,45.065,178.41,0.681,-1.683,-60.579,-2.582,-103.297,0.565,temp_g6_20_0001,bi-obj/run12/g6/g6_20.pdb.sc
535.0,789.5565629005432,1.4758066596271835,3.3959436416625977,0.0,1.4758066596271835,146.0,87.50382328033447,0.5993412553447567,2.364414930343628,3.292399481551288,3.8917407368960446,43.0,12.581495523452759,0.29259291915006413,1.5857396125793457,4.270566446836605,4.563159365986669,100.08531880378723,189.0,38,38,273,263,536,run12_g6_g6_21,bi-obj/run12/g6/g6_21.pdb,-460.743,-1.713,-52.152,-2.334,-41.284,-1.848,1178.367,2234.0,1055.633,27.0,-1.89,-1286.986,206.172,-315.514,2.19,30.914,140.915,734.84,0.244,-44.688,-62.694,-25.832,-57.311,12.0,-35.318,269.0,78.0,47.126,-47.685,0.687,-2.479,30.121,43.042,181.354,0.635,-2.304,-82.93,-2.63,-110.448,0.5,temp_g5_13_0001,bi-obj/run12/g6/g6_21.pdb.sc
550.0,809.4272425174713,1.4716858954863115,3.385357141494751,0.0,1.4716858954863115,148.0,83.00055038928986,0.5608145296573639,2.3587164878845215,3.2733010416095323,3.834115571266896,50.0,10.781917810440063,0.21563835620880126,0.721860408782959,4.320683097839355,4.5363214540481565,93.78246819972992,198.0,38,39,281,270,551,run12_g6_g6_22,bi-obj/run12/g6/g6_22.pdb,-470.746,-1.75,-52.101,-2.304,-42.701,-1.888,1179.385,2261.349,1081.964,27.0,-1.943,-1309.055,212.014,-330.394,2.154,31.867,150.626,760.082,0.262,-53.167,-60.235,-23.509,-57.224,12.0,-34.35,269.0,79.0,47.815,-50.188,0.755,-2.539,26.341,44.174,173.618,0.702,-2.317,-88.031,-2.746,-112.576,0.63,temp_g6_21_0001,bi-obj/run12/g6/g6_22.pdb.sc
536.0,790.0106459856033,1.4739004589283644,3.450584650039673,0.0,1.4739004589283644,141.0,86.00485944747925,0.6099635421807039,2.81412672996521,3.275097946748666,3.8850614889293698,42.0,11.125337600708008,0.2648889904930478,0.9989333152770996,4.383376467795599,4.6482654582886465,97.13019704818726,183.0,38,38,274,263,537,run12_g6_g6_23,bi-obj/run12/g6/g6_23.pdb,-461.858,-1.717,-52.135,-2.364,-40.425,-1.833,1022.493,2205.802,1183.31,21.0,-1.856,-1288.935,209.109,-323.584,2.138,30.967,146.014,747.723,0.369,-46.536,-64.583,-27.921,-56.506,15.0,-37.081,269.0,74.0,45.527,-47.749,0.729,-2.517,29.765,43.025,178.02,0.676,-2.186,-76.517,-2.815,-109.772,0.605,temp_g5_19_0001,bi-obj/run12/g6/g6_23.pdb.sc
557.0,818.3917099237442,1.4692849370264707,3.1248297691345215,0.0,1.4692849370264707,153.0,84.95241248607635,0.5552445260527866,2.0335211753845215,3.255266654725168,3.810511180777955,50.0,10.788428544998169,0.21576857089996337,0.7721576690673828,4.304417214393616,4.520185785293579,95.74084103107452,203.0,38,39,288,270,558,run12_g6_g6_24,bi-obj/run12/g6/g6_24.pdb,-481.68,-1.791,-57.959,-2.536,-47.608,-2.083,1206.514,2285.656,1079.141,25.0,-1.755,-1321.102,209.378,-332.421,2.243,32.95,154.551,771.572,0.29,-54.983,-59.33,-25.215,-58.247,13.0,-33.984,269.0,80.0,44.462,-49.241,0.708,-2.609,23.897,42.202,172.725,0.705,-2.432,-94.838,-2.777,-113.847,0.617,temp_g5_09_0001,bi-obj/run12/g6/g6_24.pdb.sc
549.0,809.293238401413,1.4741224743195136,3.2051174640655518,0.0,1.4741224743195136,155.0,89.4682023525238,0.5772142087259601,2.2093358039855957,3.3272909687411403,3.9045051774671,48.0,9.926978826522827,0.20681205888589224,0.8099894523620605,4.367435743411382,4.574247802297275,99.39518117904663,203.0,38,39,280,270,550,run12_g6_g6_3,bi-obj/run12/g6/g6_3.pdb,-437.173,-1.625,-41.898,-1.824,-28.762,-1.252,1162.387,2296.436,1134.049,28.0,-1.956,-1299.921,220.641,-324.867,2.139,32.637,155.604,756.14,0.271,-39.995,-59.661,-25.933,-55.606,9.0,-35.194,269.0,81.0,58.432,-48.679,0.71,-2.266,9.175,43.278,175.976,0.671,-2.046,-77.748,-2.461,-105.826,0.615,temp_g2_03_0001,bi-obj/run12/g6/g6_3.pdb.sc
556.0,819.7854923009872,1.4744343386708403,3.2878096103668213,0.0,1.4744343386708403,159.0,93.48147964477539,0.5879338342438704,2.410245656967163,3.232724408683537,3.8206582429274074,40.0,12.836777448654175,0.3209194362163544,1.3588294982910156,4.174272376298904,4.495191812515259,106.31825709342957,199.0,38,39,287,270,557,run12_g6_g6_4,bi-obj/run12/g6/g6_4.pdb,-291.863,-1.085,0.518,0.021,28.393,1.174,1209.367,2418.027,1208.66,34.0,-1.903,-1309.748,239.66,-297.487,1.994,31.816,222.138,759.93,-0.243,-33.627,-56.276,-24.698,-52.15,8.0,-36.628,269.0,82.0,76.81,-46.47,0.727,-0.712,2.231,53.66,178.207,0.688,0.037,1.49,-1.425,-59.846,0.678,g0_10_0001,bi-obj/run12/g6/g6_4.pdb.sc
553.0,813.2212728261948,1.4705628803366995,3.28822660446167,0.0,1.4705628803366995,153.0,91.36264884471893,0.5971414957171172,2.5926644802093506,3.2882474660873413,3.8853889618044586,42.0,11.285630226135254,0.2687054815746489,1.394629955291748,4.16816706884475,4.436872550419399,102.64827907085419,195.0,38,39,284,270,554,run12_g6_g6_5,bi-obj/run12/g6/g6_5.pdb,-442.305,-1.644,-46.727,-2.02,-35.175,-1.521,1175.372,2312.666,1137.294,23.0,-0.826,-1295.109,223.198,-321.0,2.265,32.147,154.793,750.543,0.213,-45.548,-62.19,-20.798,-55.288,9.0,-36.273,269.0,79.0,50.754,-51.064,0.72,-2.272,16.165,39.997,175.102,0.677,-1.933,-73.459,-2.586,-106.013,0.826,temp_g6_08_0001,bi-obj/run12/g6/g6_5.pdb.sc
542.0,797.6737359762192,1.4717227601037255,3.0505154132843018,0.0,1.4717227601037255,150.0,85.44012916088104,0.5696008610725403,2.2093358039855957,3.3322028072675067,3.901803668340047,49.0,10.260190725326538,0.20939164745564365,0.9035553932189941,4.395811329082567,4.6052029765382105,95.70031988620758,199.0,38,38,280,263,543,run12_g6_g6_6,bi-obj/run12/g6/g6_6.pdb,-454.244,-1.689,-51.904,-2.314,-36.585,-1.631,1135.569,2243.132,1107.564,26.0,-1.956,-1303.561,214.643,-330.823,2.173,33.058,148.255,758.052,0.283,-46.946,-59.668,-27.218,-56.718,12.0,-34.904,269.0,80.0,49.896,-50.108,0.714,-2.494,32.357,42.636,175.976,0.66,-2.238,-85.046,-2.726,-114.485,0.615,temp_g6_07_0001,bi-obj/run12/g6/g6_6.pdb.sc
532.0,782.15205347538,1.470210626833421,3.1309475898742676,0.0,1.470210626833421,141.0,83.53480994701385,0.5924454606171196,2.3212852478027344,3.2685166935548713,3.860962154171991,41.0,7.897017955780029,0.19261019404341534,1.1511859893798828,4.486503723191052,4.679113917234467,91.43182790279388,182.0,38,37,278,255,533,run12_g6_g6_7,bi-obj/run12/g6/g6_7.pdb,-457.235,-1.7,-47.329,-2.165,-31.752,-1.452,1171.135,2186.144,1015.009,21.0,-1.792,-1297.69,213.424,-327.031,2.252,31.907,149.646,751.697,0.284,-50.031,-61.686,-23.615,-56.62,10.0,-33.511,269.0,77.0,47.879,-48.456,0.754,-2.461,28.003,41.889,175.881,0.696,-2.267,-81.629,-2.632,-107.9,0.62,temp_g6_05_0001,bi-obj/run12/g6/g6_7.pdb.sc
542.0,797.74538230896,1.4718549489095203,3.106433629989624,0.0,1.4718549489095203,150.0,90.71651768684387,0.6047767845789591,2.3823657035827637,3.302873773574829,3.9076505581537884,52.0,12.72788143157959,0.2447669506072998,0.9742341041564941,4.430179779346172,4.674946729953472,103.44439911842346,202.0,38,38,280,263,543,run12_g6_g6_8,bi-obj/run12/g6/g6_8.pdb,-466.896,-1.736,-53.121,-2.424,-40.77,-1.86,1012.648,2191.627,1178.979,26.0,-0.826,-1296.633,215.079,-334.771,2.228,32.827,147.742,757.468,0.243,-48.062,-58.985,-27.532,-57.151,11.0,-33.959,269.0,75.0,42.622,-51.115,0.72,-2.552,30.084,41.022,172.431,0.667,-2.286,-84.572,-2.811,-106.81,0.633,temp_g6_06_0001,bi-obj/run12/g6/g6_8.pdb.sc
555.0,818.1094588041306,1.4740710969443793,3.2051174640655518,0.0,1.4740710969443793,150.0,91.1143490076065,0.6074289933840433,2.410245656967163,3.223770549297333,3.831199542681376,45.0,10.690256834030151,0.23756126297844782,0.8668861389160156,4.276614295111762,4.51417555809021,101.80460584163666,195.0,38,39,286,270,556,run12_g6_g6_9,bi-obj/run12/g6/g6_9.pdb,-310.643,-1.155,8.695,0.361,29.748,1.235,1146.381,2408.042,1261.661,34.0,-1.96,-1306.815,237.731,-306.11,2.053,32.099,214.29,766.015,-0.199,-36.554,-55.266,-24.143,-51.639,8.0,-34.119,269.0,83.0,74.912,-48.439,0.682,-0.971,1.961,50.943,173.813,0.649,-0.476,-18.548,-1.411,-62.076,0.585,temp_g4_24_0001,bi-obj/run12/g6/g6_9.pdb.sc
547.0,805.6070798635483,1.472773454960783,3.450584650039673,0.0,1.472773454960783,144.0,84.60908114910126,0.5875630635354254,2.1462464332580566,3.3078254287441573,3.8953884922795825,44.0,11.718794584274292,0.2663362405516885,0.9989333152770996,4.324598122726787,4.590934363278476,96.32787573337555,188.0,38,39,276,272,548,run12_g7_g7_0,bi-obj/run12/g7/g7_0.pdb,-484.926,-1.803,-57.424,-2.539,-49.684,-2.196,1077.713,2262.039,1184.326,23.0,-1.856,-1296.219,206.342,-330.81,2.134,31.235,145.38,752.331,0.321,-49.65,-66.118,-29.39,-57.779,15.0,-36.711,269.0,76.0,41.821,-47.302,0.755,-2.682,30.222,43.898,176.932,0.678,-2.395,-88.605,-2.954,-115.22,0.615,temp_g6_01_0001,bi-obj/run12/g7/g7_0.pdb.sc
544.0,801.825587272644,1.473944094251184,3.2938930988311768,0.0,1.473944094251184,147.0,82.67441415786743,0.5624109806657649,2.0573527812957764,3.311831842474386,3.874242823140151,40.0,9.649095296859741,0.24122738242149352,1.3490943908691406,4.312421441078186,4.55364882349968,92.32350945472717,187.0,38,39,275,270,545,run12_g7_g7_1,bi-obj/run12/g7/g7_1.pdb,-455.92,-1.695,-48.03,-2.108,-40.408,-1.773,1230.725,2278.623,1047.898,24.0,-1.877,-1276.812,215.596,-318.775,2.091,31.575,146.119,741.853,0.195,-49.18,-60.88,-20.24,-55.397,9.0,-38.371,269.0,80.0,48.596,-51.555,0.676,-2.491,16.282,38.649,175.893,0.64,-2.245,-89.816,-2.737,-109.485,0.513,temp_g7_19_0001,bi-obj/run12/g7/g7_1.pdb.sc
555.0,815.4027938842773,1.4691942232149142,3.28822660446167,0.0,1.4691942232149142,155.0,92.18958842754364,0.5947715382422171,2.5926644802093506,3.288387296276708,3.883158834518925,43.0,11.580014944076538,0.269302673118059,1.394629955291748,4.158602298692215,4.427904971810275,103.76960337162018,198.0,38,39,286,270,556,run12_g7_g7_10,bi-obj/run12/g7/g7_10.pdb,-450.92,-1.676,-48.087,-2.079,-36.849,-1.593,1169.429,2313.138,1143.709,23.0,-0.826,-1297.44,221.002,-321.984,2.277,32.165,154.842,753.529,0.244,-47.811,-62.221,-22.262,-55.496,11.0,-36.018,269.0,79.0,50.16,-51.641,0.712,-2.349,16.165,39.799,174.014,0.669,-1.947,-73.975,-2.722,-111.615,0.826,temp_g7_05_0001,bi-obj/run12/g7/g7_10.pdb.sc
549.0,809.293238401413,1.4741224743195136,3.2051174640655518,0.0,1.4741224743195136,155.0,89.4682023525238,0.5772142087259601,2.2093358039855957,3.3272909687411403,3.9045051774671,48.0,9.926978826522827,0.20681205888589224,0.8099894523620605,4.367435743411382,4.574247802297275,99.39518117904663,203.0,38,39,280,270,550,run12_g7_g7_11,bi-obj/run12/g7/g7_11.pdb,-437.173,-1.625,-41.898,-1.824,-28.762,-1.252,1162.387,2296.436,1134.049,28.0,-1.956,-1299.921,220.641,-324.867,2.139,32.637,155.604,756.14,0.271,-39.995,-59.661,-25.933,-55.606,9.0,-35.194,269.0,81.0,58.432,-48.679,0.71,-2.266,9.175,43.278,175.976,0.671,-2.046,-77.748,-2.461,-105.826,0.615,temp_g2_03_0001,bi-obj/run12/g7/g7_11.pdb.sc
541.0,796.9766532182693,1.4731546270208307,3.165647506713867,0.0,1.4731546270208307,142.0,83.97179114818573,0.591350641888632,2.704343557357788,3.278656738744655,3.870007380633287,43.0,10.665121793746948,0.2480260882266732,1.0239276885986328,4.304625927015793,4.552652015242466,94.63691294193268,185.0,38,38,279,263,542,run12_g7_g7_12,bi-obj/run12/g7/g7_12.pdb,-440.842,-1.639,-45.607,-2.025,-32.343,-1.436,1199.101,2252.127,1053.026,27.0,-1.665,-1295.026,214.704,-324.489,2.235,32.378,153.553,749.042,0.247,-49.075,-58.939,-24.531,-55.939,9.0,-33.306,269.0,81.0,47.404,-48.168,0.713,-2.283,28.927,44.131,177.323,0.694,-2.192,-85.501,-2.368,-99.44,0.599,temp_g7_11_0001,bi-obj/run12/g7/g7_12.pdb.sc
534.0,787.9480932950974,1.475558227144377,3.419196367263794,0.0,1.475558227144377,144.0,83.43736410140991,0.5794261395931244,2.387329578399658,3.317497635881106,3.8969237754742303,38.0,10.452284097671509,0.27506010783346074,0.7733335494995117,4.324210568478233,4.5992706763116935,93.88964819908142,182.0,38,38,272,263,535,run12_g7_g7_13,bi-obj/run12/g7/g7_13.pdb,-472.75,-1.757,-55.463,-2.556,-40.043,-1.845,1113.58,2169.883,1056.303,20.0,-1.737,-1296.649,212.152,-332.719,2.132,31.049,149.815,753.494,0.345,-47.884,-64.179,-26.154,-56.084,14.0,-35.233,269.0,79.0,44.522,-51.825,0.726,-2.476,26.538,41.216,178.178,0.688,-2.007,-74.249,-2.89,-121.365,0.621,temp_g7_14_0001,bi-obj/run12/g7/g7_13.pdb.sc
530.0,782.5785763263702,1.4765633515591892,3.3959436416625977,0.0,1.4765633515591892,144.0,86.64913201332092,0.6017300834258398,2.4202096462249756,3.2887243065569134,3.8904543899827533,42.0,12.75624394416809,0.3037200939087641,1.5857396125793457,4.26896611849467,4.5726862124034335,99.40537595748901,186.0,38,38,268,263,531,run12_g7_g7_14,bi-obj/run12/g7/g7_14.pdb,-459.609,-1.709,-52.13,-2.349,-40.701,-1.834,1167.241,2219.323,1052.082,26.0,-1.897,-1281.32,203.566,-313.166,2.148,30.287,140.56,731.459,0.249,-43.146,-62.874,-25.812,-57.382,11.0,-35.391,269.0,78.0,47.126,-48.174,0.676,-2.483,29.827,42.92,181.159,0.637,-2.309,-83.116,-2.633,-110.595,0.5,temp_g7_21_0001,bi-obj/run12/g7/g7_14.pdb.sc
551.0,811.7971675395966,1.4733160935382879,3.2878096103668213,0.0,1.4733160935382879,151.0,91.13242018222809,0.6035259614717092,2.841921091079712,3.2648398505141403,3.8683658119858495,40.0,11.88727617263794,0.2971819043159485,1.4505958557128906,4.2431207478046415,4.54030265212059,103.01969635486603,191.0,38,39,282,270,552,run12_g7_g7_15,bi-obj/run12/g7/g7_15.pdb,-368.607,-1.37,-24.129,-0.988,-7.935,-0.325,1167.231,2441.119,1273.887,29.0,-1.91,-1293.904,226.118,-307.659,2.036,31.277,185.612,758.172,1.417,-40.242,-58.707,-25.26,-52.653,12.0,-37.483,269.0,81.0,58.059,-50.632,0.696,-1.583,15.349,45.937,176.699,0.649,-1.16,-46.417,-1.995,-81.797,0.585,temp_g6_14_0001,bi-obj/run12/g7/g7_15.pdb.sc
535.0,788.6068085432053,1.474031417837767,3.450584650039673,0.0,1.474031417837767,141.0,84.8155562877655,0.6015287679983369,2.81412672996521,3.315577211109459,3.917105979107796,40.0,10.371097564697266,0.2592774391174316,0.8494658470153809,4.398165553808212,4.657442992925644,95.18665385246277,181.0,38,38,273,263,536,run12_g7_g7_16,bi-obj/run12/g7/g7_16.pdb,-480.023,-1.784,-55.512,-2.508,-44.452,-2.008,1042.152,2213.202,1171.051,20.0,-1.856,-1289.941,206.565,-328.0,2.237,30.979,145.335,750.013,0.375,-47.523,-65.983,-28.468,-56.314,17.0,-36.384,269.0,74.0,41.681,-49.118,0.702,-2.658,26.217,40.55,179.373,0.682,-2.346,-82.094,-2.939,-114.614,0.614,temp_g7_23_0001,bi-obj/run12/g7/g7_16.pdb.sc
551.0,811.7920163869858,1.473306744803967,3.2938930988311768,0.0,1.473306744803967,152.0,89.6313179731369,0.5896797235074797,2.8549556732177734,3.266994328091019,3.8566740515984987,40.0,11.770716190338135,0.2942679047584534,1.3490943908691406,4.24978865981102,4.544056564569473,101.40203416347504,192.0,38,39,282,270,552,run12_g7_g7_17,bi-obj/run12/g7/g7_17.pdb,-362.928,-1.349,-20.553,-0.85,-5.992,-0.248,1165.947,2418.326,1252.379,29.0,-1.877,-1290.841,228.924,-308.018,2.044,31.754,183.777,753.566,1.262,-43.489,-57.962,-20.193,-52.683,10.0,-36.267,269.0,82.0,58.932,-49.978,0.653,-1.534,16.284,45.816,176.699,0.639,-1.11,-44.414,-1.938,-81.391,0.585,temp_g6_15_0001,bi-obj/run12/g7/g7_17.pdb.sc
539.0,794.5411361455917,1.4741022934055505,3.1963021755218506,0.0,1.4741022934055505,143.0,81.89676415920258,0.5727046444699481,2.3351104259490967,3.3378871629288147,3.9105918073987627,40.0,11.493297338485718,0.28733243346214293,0.8991613388061523,4.309128028154373,4.596460461616516,93.3900614976883,183.0,38,39,268,272,540,run12_g7_g7_18,bi-obj/run12/g7/g7_18.pdb,-450.7,-1.675,-50.136,-2.222,-42.814,-1.897,1138.446,2256.8,1118.354,36.0,-1.844,-1275.037,200.046,-304.631,2.143,30.594,143.392,723.809,0.222,-47.191,-59.192,-22.784,-57.123,10.0,-36.07,269.0,80.0,44.473,-46.829,0.737,-2.354,26.579,46.321,182.089,0.689,-2.177,-84.915,-2.522,-103.418,0.554,temp_g7_12_0001,bi-obj/run12/g7/g7_18.pdb.sc
553.0,813.2212728261948,1.4705628803366995,3.28822660446167,0.0,1.4705628803366995,153.0,91.36264884471893,0.5971414957171172,2.5926644802093506,3.2882474660873413,3.8853889618044586,42.0,11.285630226135254,0.2687054815746489,1.394629955291748,4.16816706884475,4.436872550419399,102.64827907085419,195.0,38,39,284,270,554,run12_g7_g7_19,bi-obj/run12/g7/g7_19.pdb,-442.305,-1.644,-46.727,-2.02,-35.175,-1.521,1175.372,2312.666,1137.294,23.0,-0.826,-1295.109,223.198,-321.0,2.265,32.147,154.793,750.543,0.213,-45.548,-62.19,-20.798,-55.288,9.0,-36.273,269.0,79.0,50.754,-51.064,0.72,-2.272,16.165,39.997,175.102,0.677,-1.933,-73.459,-2.586,-106.013,0.826,temp_g6_08_0001,bi-obj/run12/g7/g7_19.pdb.sc
546.0,803.6242190599442,1.4718392290475169,3.2851128578186035,0.0,1.4718392290475169,141.0,87.44478249549866,0.6201757623794231,2.2408134937286377,3.252885324735168,3.873061087114591,47.0,9.36859393119812,0.19933178577017277,1.2013659477233887,4.428471910192611,4.627803695962784,96.81337642669678,188.0,38,39,277,270,547,run12_g7_g7_2,bi-obj/run12/g7/g7_2.pdb,-442.613,-1.645,-44.676,-2.037,-31.577,-1.439,1087.945,2193.698,1105.753,25.0,-1.839,-1303.077,220.751,-318.949,2.184,31.185,156.67,756.261,0.299,-47.631,-61.449,-23.33,-55.235,11.0,-36.676,269.0,76.0,49.751,-49.409,0.753,-2.199,13.995,45.211,178.41,0.701,-1.758,-63.294,-2.595,-103.807,0.565,temp_g5_07_0001,bi-obj/run12/g7/g7_2.pdb.sc
549.0,807.1947878599167,1.4703001600362782,3.4682679176330566,0.0,1.4703001600362782,142.0,85.03151428699493,0.5988134808943305,2.2151644229888916,3.3153123343494575,3.9141258152437883,41.0,11.534784078598022,0.28133619703897617,1.019327163696289,4.29257287048712,4.573909067526096,96.56629836559296,183.0,38,39,278,272,550,run12_g7_g7_20,bi-obj/run12/g7/g7_20.pdb,-493.003,-1.833,-53.65,-2.343,-47.707,-2.083,1129.071,2290.083,1161.012,23.0,-1.713,-1300.891,206.064,-333.423,2.222,31.552,146.656,756.746,0.296,-50.472,-65.822,-29.173,-58.143,13.0,-35.019,269.0,75.0,38.21,-46.386,0.707,-2.783,28.36,41.724,175.844,0.686,-2.555,-91.979,-2.993,-116.709,0.663,temp_g7_00_0001,bi-obj/run12/g7/g7_20.pdb.sc
550.0,809.4272425174713,1.4716858954863115,3.385357141494751,0.0,1.4716858954863115,148.0,83.00055038928986,0.5608145296573639,2.3587164878845215,3.2733010416095323,3.834115571266896,50.0,10.781917810440063,0.21563835620880126,0.721860408782959,4.320683097839355,4.5363214540481565,93.78246819972992,198.0,38,39,281,270,551,run12_g7_g7_21,bi-obj/run12/g7/g7_21.pdb,-470.746,-1.75,-52.101,-2.304,-42.701,-1.888,1179.385,2261.349,1081.964,27.0,-1.943,-1309.055,212.014,-330.394,2.154,31.867,150.626,760.082,0.262,-53.167,-60.235,-23.509,-57.224,12.0,-34.35,269.0,79.0,47.815,-50.188,0.755,-2.539,26.341,44.174,173.618,0.702,-2.317,-88.031,-2.746,-112.576,0.63,temp_g6_21_0001,bi-obj/run12/g7/g7_21.pdb.sc
536.0,790.0106459856033,1.4739004589283644,3.450584650039673,0.0,1.4739004589283644,141.0,86.00485944747925,0.6099635421807039,2.81412672996521,3.275097946748666,3.8850614889293698,42.0,11.125337600708008,0.2648889904930478,0.9989333152770996,4.383376467795599,4.6482654582886465,97.13019704818726,183.0,38,38,274,263,537,run12_g7_g7_22,bi-obj/run12/g7/g7_22.pdb,-461.858,-1.717,-52.135,-2.364,-40.425,-1.833,1022.493,2205.802,1183.31,21.0,-1.856,-1288.935,209.109,-323.584,2.138,30.967,146.014,747.723,0.369,-46.536,-64.583,-27.921,-56.506,15.0,-37.081,269.0,74.0,45.527,-47.749,0.729,-2.517,29.765,43.025,178.02,0.676,-2.186,-76.517,-2.815,-109.772,0.605,temp_g5_19_0001,bi-obj/run12/g7/g7_22.pdb.sc
539.0,794.2190406322479,1.4735047136034285,3.0673506259918213,0.0,1.4735047136034285,140.0,82.00900137424469,0.5857785812446049,2.3351104259490967,3.3060043377535684,3.891782918998173,41.0,9.571828842163086,0.2334592400527582,1.0013995170593262,4.355150397230939,4.588609637283698,91.58083021640778,181.0,38,38,277,263,540,run12_g7_g7_23,bi-obj/run12/g7/g7_23.pdb,-434.745,-1.616,-43.292,-1.907,-27.877,-1.228,1167.063,2269.603,1102.54,29.0,-1.844,-1286.782,214.081,-319.205,2.111,32.053,150.394,744.913,0.311,-47.458,-58.922,-22.619,-55.586,10.0,-34.761,269.0,81.0,47.891,-48.48,0.756,-2.221,23.842,46.65,178.41,0.678,-1.926,-75.125,-2.494,-104.753,0.567,temp_g7_15_0001,bi-obj/run12/g7/g7_23.pdb.sc
550.0,809.3906254768372,1.4716193190487947,3.262476682662964,0.0,1.4716193190487947,145.0,82.87798416614532,0.5715723045941057,2.3567190170288086,3.268036525824974,3.83960883041908,50.0,10.698896884918213,0.21397793769836426,0.721860408782959,4.323505001068115,4.5374829387664795,93.57688105106354,195.0,38,39,281,270,551,run12_g7_g7_24,bi-obj/run12/g7/g7_24.pdb,-470.751,-1.75,-52.153,-2.295,-42.634,-1.876,1188.2,2272.543,1084.343,27.0,-1.943,-1308.59,211.84,-330.361,2.151,31.859,150.67,759.986,0.265,-53.253,-60.438,-23.491,-57.201,12.0,-34.359,269.0,79.0,47.193,-50.177,0.738,-2.535,26.66,44.453,173.618,0.702,-2.32,-88.147,-2.735,-112.115,0.632,temp_g7_22_0001,bi-obj/run12/g7/g7_24.pdb.sc
542.0,797.74538230896,1.4718549489095203,3.106433629989624,0.0,1.4718549489095203,150.0,90.71651768684387,0.6047767845789591,2.3823657035827637,3.302873773574829,3.9076505581537884,52.0,12.72788143157959,0.2447669506072998,0.9742341041564941,4.430179779346172,4.674946729953472,103.44439911842346,202.0,38,38,280,263,543,run12_g7_g7_3,bi-obj/run12/g7/g7_3.pdb,-466.896,-1.736,-53.121,-2.424,-40.77,-1.86,1012.648,2191.627,1178.979,26.0,-0.826,-1296.633,215.079,-334.771,2.228,32.827,147.742,757.468,0.243,-48.062,-58.985,-27.532,-57.151,11.0,-33.959,269.0,75.0,42.622,-51.115,0.72,-2.552,30.084,41.022,172.431,0.667,-2.286,-84.572,-2.811,-106.81,0.633,temp_g6_06_0001,bi-obj/run12/g7/g7_3.pdb.sc
559.0,824.6956493854523,1.4753052761814889,3.2051174640655518,0.0,1.4753052761814889,150.0,87.85816693305969,0.5857211128870646,2.3746395111083984,3.304762369791667,3.8904834826787313,44.0,11.679823637008667,0.26545053720474243,0.942631721496582,4.298065803267739,4.563516340472481,99.53799057006836,194.0,38,40,281,279,560,run12_g7_g7_4,bi-obj/run12/g7/g7_4.pdb,-389.105,-1.446,-32.669,-1.388,-12.936,-0.55,1245.815,2353.891,1108.076,38.0,-1.844,-1284.747,222.319,-303.968,2.061,31.602,167.529,742.932,0.497,-39.988,-57.706,-21.001,-53.487,7.0,-36.567,269.0,81.0,61.942,-48.268,0.701,-1.751,1.98,50.149,177.335,0.68,-1.264,-49.293,-2.203,-92.519,0.619,temp_g7_10_0001,bi-obj/run12/g7/g7_4.pdb.sc
550.0,808.9055185317993,1.4707373064214533,3.4684085845947266,0.0,1.4707373064214533,150.0,87.07597959041595,0.580506530602773,2.2071094512939453,3.290620222886403,3.8711267534891762,43.0,11.83374571800232,0.2752033887907516,0.9894838333129883,4.325524834699409,4.600728223490161,98.90972530841827,193.0,38,39,279,272,551,run12_g7_g7_5,bi-obj/run12/g7/g7_5.pdb,-472.946,-1.758,-55.092,-2.438,-42.357,-1.875,1100.006,2259.544,1159.538,26.0,-1.746,-1307.651,210.556,-330.28,2.251,31.282,152.609,759.435,0.338,-49.705,-64.067,-29.637,-57.567,16.0,-33.847,269.0,75.0,46.469,-48.196,0.754,-2.578,27.841,41.351,177.323,0.689,-2.22,-79.936,-2.909,-113.436,0.633,temp_g5_05_0001,bi-obj/run12/g7/g7_5.pdb.sc
543.0,799.2367032766342,1.4718907979311864,3.2851128578186035,0.0,1.4718907979311864,142.0,86.89708423614502,0.611951297437641,2.2408134937286377,3.253562796283776,3.8655140937214165,46.0,9.514403104782104,0.2068348501039588,1.2118597030639648,4.435244166332742,4.642079016436702,96.41148734092712,188.0,38,39,274,270,544,run12_g7_g7_6,bi-obj/run12/g7/g7_6.pdb,-447.573,-1.664,-45.915,-2.112,-32.834,-1.51,1065.234,2174.466,1109.232,25.0,-1.955,-1302.296,216.307,-321.031,2.192,31.141,153.767,756.467,0.287,-45.762,-62.533,-22.081,-55.653,11.0,-36.132,269.0,77.0,45.197,-49.43,0.72,-2.124,21.493,44.143,178.057,0.695,-1.899,-68.36,-2.321,-95.162,0.537,temp_g7_01_0001,bi-obj/run12/g7/g7_6.pdb.sc
546.0,805.6607018709183,1.4755690510456378,3.2051174640655518,0.0,1.4755690510456378,146.0,85.97100234031677,0.5888424817829916,2.3351104259490967,3.298911262864936,3.8877537446479273,41.0,9.438406944274902,0.23020504742133907,0.942631721496582,4.331011277873341,4.561216325294681,95.40940928459167,187.0,38,39,277,270,547,run12_g7_g7_7,bi-obj/run12/g7/g7_7.pdb,-417.764,-1.553,-33.711,-1.452,-16.404,-0.706,1272.954,2322.252,1049.298,32.0,-1.844,-1282.307,219.576,-312.616,2.086,31.665,156.638,743.479,0.366,-40.952,-58.523,-22.906,-54.508,7.0,-35.439,269.0,82.0,57.266,-47.264,0.69,-2.007,1.992,46.915,178.41,0.687,-1.73,-67.47,-2.257,-97.066,0.567,temp_g4_13_0001,bi-obj/run12/g7/g7_7.pdb.sc
543.0,799.8422274589539,1.4730059437549794,3.0780277252197266,0.0,1.4730059437549794,144.0,82.18861770629883,0.5707542896270752,2.3351104259490967,3.3208784328566656,3.891632722483741,44.0,12.01362681388855,0.27303697304292157,0.942631721496582,4.3103672807866875,4.58340425382961,94.20224452018738,188.0,38,39,272,272,544,run12_g7_g7_8,bi-obj/run12/g7/g7_8.pdb,-442.251,-1.644,-45.115,-2.005,-33.461,-1.487,1142.766,2250.144,1107.378,33.0,-1.844,-1282.72,209.655,-316.174,2.114,31.29,149.685,735.984,0.247,-48.311,-58.852,-24.45,-56.28,10.0,-35.782,269.0,80.0,46.162,-47.368,0.73,-2.285,26.579,48.345,179.145,0.674,-1.923,-74.987,-2.629,-107.784,0.569,temp_g6_03_0001,bi-obj/run12/g7/g7_8.pdb.sc
547.0,805.6865268945694,1.4729186963337648,3.2938930988311768,0.0,1.4729186963337648,149.0,87.09534239768982,0.5845324993133545,2.601196765899658,3.3024455236908574,3.886978023004212,38.0,10.10283374786377,0.265864045996415,1.3490943908691406,4.235355847760251,4.501219893756666,97.19817614555359,187.0,38,39,278,270,548,run12_g7_g7_9,bi-obj/run12/g7/g7_9.pdb,-431.297,-1.603,-44.885,-1.937,-34.993,-1.51,1183.938,2317.418,1133.481,23.0,-1.877,-1285.891,222.34,-318.751,2.106,32.235,150.248,749.567,0.232,-45.789,-60.263,-21.847,-54.711,10.0,-37.396,269.0,82.0,52.254,-49.69,0.687,-2.25,16.295,41.561,177.774,0.648,-2.048,-81.931,-2.443,-102.608,0.538,temp_g7_02_0001,bi-obj/run12/g7/g7_9.pdb.sc
547.0,805.6070798635483,1.472773454960783,3.450584650039673,0.0,1.472773454960783,144.0,84.60908114910126,0.5875630635354254,2.1462464332580566,3.3078254287441573,3.8953884922795825,44.0,11.718794584274292,0.2663362405516885,0.9989333152770996,4.324598122726787,4.590934363278476,96.32787573337555,188.0,38,39,276,272,548,run12_g8_g8_0,bi-obj/run12/g8/g8_0.pdb,-484.926,-1.803,-57.424,-2.539,-49.684,-2.196,1077.713,2262.039,1184.326,23.0,-1.856,-1296.219,206.342,-330.81,2.134,31.235,145.38,752.331,0.321,-49.65,-66.118,-29.39,-57.779,15.0,-36.711,269.0,76.0,41.821,-47.302,0.755,-2.682,30.222,43.898,176.932,0.678,-2.395,-88.605,-2.954,-115.22,0.615,temp_g6_01_0001,bi-obj/run12/g8/g8_0.pdb.sc
550.0,809.3906254768372,1.4716193190487947,3.262476682662964,0.0,1.4716193190487947,145.0,82.87798416614532,0.5715723045941057,2.3567190170288086,3.268036525824974,3.83960883041908,50.0,10.698896884918213,0.21397793769836426,0.721860408782959,4.323505001068115,4.5374829387664795,93.57688105106354,195.0,38,39,281,270,551,run12_g8_g8_1,bi-obj/run12/g8/g8_1.pdb,-470.751,-1.75,-52.153,-2.295,-42.634,-1.876,1188.2,2272.543,1084.343,27.0,-1.943,-1308.59,211.84,-330.361,2.151,31.859,150.67,759.986,0.265,-53.253,-60.438,-23.491,-57.201,12.0,-34.359,269.0,79.0,47.193,-50.177,0.738,-2.535,26.66,44.453,173.618,0.702,-2.32,-88.147,-2.735,-112.115,0.632,temp_g7_22_0001,bi-obj/run12/g8/g8_1.pdb.sc
544.0,801.9333673715591,1.4741422194330132,3.2938930988311768,0.0,1.4741422194330132,147.0,82.46449279785156,0.5609829442030718,1.9953944683074951,3.312867651180345,3.8738505953834173,38.0,9.589629411697388,0.25235866872887863,1.3490943908691406,4.280685368337129,4.533044037066008,92.05412220954895,185.0,38,39,275,270,545,run12_g8_g8_10,bi-obj/run12/g8/g8_10.pdb,-456.085,-1.695,-47.561,-2.103,-40.123,-1.774,1174.992,2261.096,1086.105,20.0,-1.877,-1276.187,215.621,-318.95,2.092,31.599,146.843,741.264,0.196,-49.273,-60.849,-20.341,-55.453,9.0,-38.863,269.0,80.0,48.52,-51.557,0.645,-2.494,16.282,38.637,175.893,0.64,-2.24,-89.619,-2.747,-109.878,0.513,temp_g8_01_0001,bi-obj/run12/g8/g8_10.pdb.sc
549.0,808.49678170681,1.4726717335278872,3.2938930988311768,0.0,1.4726717335278872,151.0,86.27101516723633,0.5713312262730883,1.8463735580444336,3.318430570577154,3.8897617968502423,38.0,10.688387155532837,0.2812733461982326,1.3490943908691406,4.216332573639719,4.497605919837952,96.95940232276917,189.0,38,39,280,270,550,run12_g8_g8_11,bi-obj/run12/g8/g8_11.pdb,-451.312,-1.678,-48.185,-2.058,-41.25,-1.762,1230.509,2341.551,1111.042,20.0,-1.877,-1288.854,217.968,-321.35,2.119,32.57,149.286,751.208,0.217,-49.972,-60.477,-21.776,-55.621,11.0,-37.609,269.0,82.0,46.822,-49.159,0.721,-2.365,16.651,41.536,176.687,0.659,-2.206,-90.454,-2.524,-103.493,0.537,temp_g8_09_0001,bi-obj/run12/g8/g8_11.pdb.sc
541.0,796.9766532182693,1.4731546270208307,3.165647506713867,0.0,1.4731546270208307,142.0,83.97179114818573,0.591350641888632,2.704343557357788,3.278656738744655,3.870007380633287,43.0,10.665121793746948,0.2480260882266732,1.0239276885986328,4.304625927015793,4.552652015242466,94.63691294193268,185.0,38,38,279,263,542,run12_g8_g8_12,bi-obj/run12/g8/g8_12.pdb,-440.842,-1.639,-45.607,-2.025,-32.343,-1.436,1199.101,2252.127,1053.026,27.0,-1.665,-1295.026,214.704,-324.489,2.235,32.378,153.553,749.042,0.247,-49.075,-58.939,-24.531,-55.939,9.0,-33.306,269.0,81.0,47.404,-48.168,0.713,-2.283,28.927,44.131,177.323,0.694,-2.192,-85.501,-2.368,-99.44,0.599,temp_g7_11_0001,bi-obj/run12/g8/g8_12.pdb.sc
543.0,799.2367032766342,1.4718907979311864,3.2851128578186035,0.0,1.4718907979311864,142.0,86.89708423614502,0.611951297437641,2.2408134937286377,3.253562796283776,3.8655140937214165,46.0,9.514403104782104,0.2068348501039588,1.2118597030639648,4.435244166332742,4.642079016436702,96.41148734092712,188.0,38,39,274,270,544,run12_g8_g8_13,bi-obj/run12/g8/g8_13.pdb,-447.573,-1.664,-45.915,-2.112,-32.834,-1.51,1065.234,2174.466,1109.232,25.0,-1.955,-1302.296,216.307,-321.031,2.192,31.141,153.767,756.467,0.287,-45.762,-62.533,-22.081,-55.653,11.0,-36.132,269.0,77.0,45.197,-49.43,0.72,-2.124,21.493,44.143,178.057,0.695,-1.899,-68.36,-2.321,-95.162,0.537,temp_g7_01_0001,bi-obj/run12/g8/g8_13.pdb.sc
536.0,790.0106459856033,1.4739004589283644,3.450584650039673,0.0,1.4739004589283644,141.0,86.00485944747925,0.6099635421807039,2.81412672996521,3.275097946748666,3.8850614889293698,42.0,11.125337600708008,0.2648889904930478,0.9989333152770996,4.383376467795599,4.6482654582886465,97.13019704818726,183.0,38,38,274,263,537,run12_g8_g8_14,bi-obj/run12/g8/g8_14.pdb,-461.858,-1.717,-52.135,-2.364,-40.425,-1.833,1022.493,2205.802,1183.31,21.0,-1.856,-1288.935,209.109,-323.584,2.138,30.967,146.014,747.723,0.369,-46.536,-64.583,-27.921,-56.506,15.0,-37.081,269.0,74.0,45.527,-47.749,0.729,-2.517,29.765,43.025,178.02,0.676,-2.186,-76.517,-2.815,-109.772,0.605,temp_g5_19_0001,bi-obj/run12/g8/g8_14.pdb.sc
553.0,813.2212728261948,1.4705628803366995,3.28822660446167,0.0,1.4705628803366995,153.0,91.36264884471893,0.5971414957171172,2.5926644802093506,3.2882474660873413,3.8853889618044586,42.0,11.285630226135254,0.2687054815746489,1.394629955291748,4.16816706884475,4.436872550419399,102.64827907085419,195.0,38,39,284,270,554,run12_g8_g8_15,bi-obj/run12/g8/g8_15.pdb,-442.305,-1.644,-46.727,-2.02,-35.175,-1.521,1175.372,2312.666,1137.294,23.0,-0.826,-1295.109,223.198,-321.0,2.265,32.147,154.793,750.543,0.213,-45.548,-62.19,-20.798,-55.288,9.0,-36.273,269.0,79.0,50.754,-51.064,0.72,-2.272,16.165,39.997,175.102,0.677,-1.933,-73.459,-2.586,-106.013,0.826,temp_g6_08_0001,bi-obj/run12/g8/g8_15.pdb.sc
551.0,811.7920163869858,1.473306744803967,3.2938930988311768,0.0,1.473306744803967,152.0,89.6313179731369,0.5896797235074797,2.8549556732177734,3.266994328091019,3.8566740515984987,40.0,11.770716190338135,0.2942679047584534,1.3490943908691406,4.24978865981102,4.544056564569473,101.40203416347504,192.0,38,39,282,270,552,run12_g8_g8_16,bi-obj/run12/g8/g8_16.pdb,-362.928,-1.349,-20.553,-0.85,-5.992,-0.248,1165.947,2418.326,1252.379,29.0,-1.877,-1290.841,228.924,-308.018,2.044,31.754,183.777,753.566,1.262,-43.489,-57.962,-20.193,-52.683,10.0,-36.267,269.0,82.0,58.932,-49.978,0.653,-1.534,16.284,45.816,176.699,0.639,-1.11,-44.414,-1.938,-81.391,0.585,temp_g6_15_0001,bi-obj/run12/g8/g8_16.pdb.sc
532.0,786.0865778923035,1.4776063494216232,3.193488597869873,0.0,1.4776063494216232,136.0,81.06091225147247,0.5960361194961211,2.36051607131958,3.324053603936644,3.920089723432765,39.0,10.80898642539978,0.2771534980871739,1.016404628753662,4.362652179522392,4.639805677609566,91.86989867687225,175.0,38,38,269,264,533,run12_g8_g8_17,bi-obj/run12/g8/g8_17.pdb,-454.913,-1.691,-49.237,-2.191,-41.602,-1.851,1149.727,2247.519,1097.792,36.0,-1.835,-1273.932,200.338,-305.709,2.143,30.694,139.678,724.939,0.223,-46.812,-60.881,-22.727,-57.134,10.0,-35.808,269.0,80.0,44.114,-47.084,0.772,-2.369,26.579,46.505,181.453,0.681,-2.152,-83.945,-2.576,-105.604,0.566,temp_g8_18_0001,bi-obj/run12/g8/g8_17.pdb.sc
540.0,794.9832943677902,1.4721912858662782,3.2851128578186035,0.0,1.4721912858662782,139.0,85.74622786045074,0.6168793371255449,2.2408134937286377,3.2593537311759784,3.876233068301523,44.0,9.355050325393677,0.21261478012258356,1.2118597030639648,4.43766747821461,4.650282258337194,95.10127818584442,183.0,38,39,271,270,541,run12_g8_g8_18,bi-obj/run12/g8/g8_18.pdb,-446.329,-1.659,-47.129,-2.15,-33.791,-1.541,1082.081,2192.467,1110.386,24.0,-1.955,-1297.328,216.101,-319.91,2.154,31.04,151.846,752.511,0.276,-46.02,-62.556,-21.568,-55.717,11.0,-36.599,269.0,78.0,44.607,-47.898,0.704,-2.062,21.493,45.234,177.703,0.69,-1.763,-65.23,-2.332,-95.597,0.533,temp_g8_06_0001,bi-obj/run12/g8/g8_18.pdb.sc
524.0,774.7255452871323,1.478483865051779,3.3713393211364746,0.0,1.478483865051779,140.0,84.58630394935608,0.6041878853525434,2.461603879928589,3.2840355396270753,3.8882234249796186,38.0,12.65002965927124,0.33289551734924316,1.5857396125793457,4.291673904971073,4.624569422320316,97.23633360862732,178.0,38,38,262,263,525,run12_g8_g8_19,bi-obj/run12/g8/g8_19.pdb,-479.787,-1.784,-58.748,-2.621,-48.188,-2.15,1175.343,2241.676,1066.333,19.0,-1.898,-1270.943,200.166,-319.785,2.118,29.641,139.203,733.177,0.264,-46.244,-65.844,-23.952,-58.211,14.0,-34.803,269.0,79.0,40.607,-51.258,0.667,-2.695,26.478,40.935,180.287,0.649,-2.662,-98.512,-2.723,-114.383,0.538,temp_g8_14_0001,bi-obj/run12/g8/g8_19.pdb.sc
542.0,797.7025429010391,1.4717759094115113,3.0505154132843018,0.0,1.4717759094115113,147.0,84.83368802070618,0.5770999185082053,2.2093358039855957,3.3315560671747946,3.908655985683,49.0,10.154930353164673,0.2072434765951974,0.897799015045166,4.394952949212522,4.602196425807719,94.98861837387085,196.0,38,38,280,263,543,run12_g8_g8_2,bi-obj/run12/g8/g8_2.pdb,-454.889,-1.691,-51.829,-2.306,-41.234,-1.834,1126.121,2247.962,1121.841,24.0,-1.956,-1304.739,215.171,-331.436,2.17,33.099,148.924,757.622,0.254,-46.851,-60.358,-25.662,-56.723,12.0,-34.564,269.0,80.0,49.895,-49.995,0.693,-2.481,31.165,42.758,175.976,0.661,-2.248,-85.42,-2.692,-113.05,0.615,temp_g8_11_0001,bi-obj/run12/g8/g8_2.pdb.sc
546.0,805.6607018709183,1.4755690510456378,3.2051174640655518,0.0,1.4755690510456378,146.0,85.97100234031677,0.5888424817829916,2.3351104259490967,3.298911262864936,3.8877537446479273,41.0,9.438406944274902,0.23020504742133907,0.942631721496582,4.331011277873341,4.561216325294681,95.40940928459167,187.0,38,39,277,270,547,run12_g8_g8_20,bi-obj/run12/g8/g8_20.pdb,-417.764,-1.553,-33.711,-1.452,-16.404,-0.706,1272.954,2322.252,1049.298,32.0,-1.844,-1282.307,219.576,-312.616,2.086,31.665,156.638,743.479,0.366,-40.952,-58.523,-22.906,-54.508,7.0,-35.439,269.0,82.0,57.266,-47.264,0.69,-2.007,1.992,46.915,178.41,0.687,-1.73,-67.47,-2.257,-97.066,0.567,temp_g4_13_0001,bi-obj/run12/g8/g8_20.pdb.sc
534.0,787.9480932950974,1.475558227144377,3.419196367263794,0.0,1.475558227144377,144.0,83.43736410140991,0.5794261395931244,2.387329578399658,3.317497635881106,3.8969237754742303,38.0,10.452284097671509,0.27506010783346074,0.7733335494995117,4.324210568478233,4.5992706763116935,93.88964819908142,182.0,38,38,272,263,535,run12_g8_g8_21,bi-obj/run12/g8/g8_21.pdb,-472.75,-1.757,-55.463,-2.556,-40.043,-1.845,1113.58,2169.883,1056.303,20.0,-1.737,-1296.649,212.152,-332.719,2.132,31.049,149.815,753.494,0.345,-47.884,-64.179,-26.154,-56.084,14.0,-35.233,269.0,79.0,44.522,-51.825,0.726,-2.476,26.538,41.216,178.178,0.688,-2.007,-74.249,-2.89,-121.365,0.621,temp_g7_14_0001,bi-obj/run12/g8/g8_21.pdb.sc
534.0,787.5760849714279,1.474861582343498,3.413102388381958,0.0,1.474861582343498,144.0,84.32788038253784,0.5856102804342905,2.4376511573791504,3.316694820920626,3.902305101354917,44.0,11.0712251663208,0.2516187537800182,0.7950429916381836,4.30852994593707,4.560148699717089,95.39910554885864,188.0,38,38,272,263,535,run12_g8_g8_22,bi-obj/run12/g8/g8_22.pdb,-479.596,-1.783,-56.744,-2.588,-41.151,-1.877,1134.782,2192.464,1057.682,20.0,-0.826,-1291.382,210.003,-335.182,2.175,31.137,145.119,755.327,0.348,-48.253,-64.463,-26.569,-55.99,15.0,-34.294,269.0,79.0,43.358,-51.987,0.699,-2.538,26.62,40.358,174.634,0.687,-2.031,-75.135,-2.985,-125.389,0.621,temp_g8_13_0001,bi-obj/run12/g8/g8_22.pdb.sc
547.0,805.6184140443802,1.472794175583876,3.450584650039673,0.0,1.472794175583876,144.0,84.5829461812973,0.5873815707034535,2.1445984840393066,3.307617057528761,3.894998628232214,44.0,11.694076776504517,0.2657744721932845,0.9989333152770996,4.3245243646881795,4.590298836881464,96.27702295780182,188.0,38,39,276,272,548,run12_g8_g8_23,bi-obj/run12/g8/g8_23.pdb,-485.007,-1.803,-57.437,-2.537,-49.655,-2.193,1079.762,2264.213,1184.45,23.0,-1.856,-1296.3,206.36,-330.84,2.133,31.226,145.402,752.394,0.322,-49.609,-66.149,-29.401,-57.778,15.0,-36.73,269.0,76.0,41.822,-47.333,0.784,-2.683,30.222,43.882,176.932,0.679,-2.394,-88.571,-2.957,-115.311,0.615,temp_g8_00_0001,bi-obj/run12/g8/g8_23.pdb.sc
539.0,795.0779151916504,1.4750981728973105,3.165647506713867,0.0,1.4750981728973105,140.0,82.58325552940369,0.5898803966385978,2.704343557357788,3.2841958335467747,3.8740762301853726,44.0,10.692864418029785,0.2430196458643133,1.0239276885986328,4.303943617777391,4.546963263641704,93.27611994743347,184.0,38,38,277,263,540,run12_g8_g8_24,bi-obj/run12/g8/g8_24.pdb,-453.934,-1.687,-46.52,-2.071,-37.765,-1.681,1162.037,2246.48,1084.443,27.0,-1.665,-1294.282,207.339,-315.754,2.287,31.811,148.398,743.168,0.212,-48.479,-59.66,-24.664,-56.52,9.0,-33.813,269.0,81.0,46.414,-48.712,0.717,-2.398,28.927,41.472,179.179,0.682,-2.437,-95.024,-2.362,-99.22,0.621,temp_g8_12_0001,bi-obj/run12/g8/g8_24.pdb.sc
555.0,815.4027938842773,1.4691942232149142,3.28822660446167,0.0,1.4691942232149142,155.0,92.18958842754364,0.5947715382422171,2.5926644802093506,3.288387296276708,3.883158834518925,43.0,11.580014944076538,0.269302673118059,1.394629955291748,4.158602298692215,4.427904971810275,103.76960337162018,198.0,38,39,286,270,556,run12_g8_g8_3,bi-obj/run12/g8/g8_3.pdb,-450.92,-1.676,-48.087,-2.079,-36.849,-1.593,1169.429,2313.138,1143.709,23.0,-0.826,-1297.44,221.002,-321.984,2.277,32.165,154.842,753.529,0.244,-47.811,-62.221,-22.262,-55.496,11.0,-36.018,269.0,79.0,50.16,-51.641,0.712,-2.349,16.165,39.799,174.014,0.669,-1.947,-73.975,-2.722,-111.615,0.826,temp_g7_05_0001,bi-obj/run12/g8/g8_3.pdb.sc
544.0,801.825587272644,1.473944094251184,3.2938930988311768,0.0,1.473944094251184,147.0,82.67441415786743,0.5624109806657649,2.0573527812957764,3.311831842474386,3.874242823140151,40.0,9.649095296859741,0.24122738242149352,1.3490943908691406,4.312421441078186,4.55364882349968,92.32350945472717,187.0,38,39,275,270,545,run12_g8_g8_4,bi-obj/run12/g8/g8_4.pdb,-455.92,-1.695,-48.03,-2.108,-40.408,-1.773,1230.725,2278.623,1047.898,24.0,-1.877,-1276.812,215.596,-318.775,2.091,31.575,146.119,741.853,0.195,-49.18,-60.88,-20.24,-55.397,9.0,-38.371,269.0,80.0,48.596,-51.555,0.676,-2.491,16.282,38.649,175.893,0.64,-2.245,-89.816,-2.737,-109.485,0.513,temp_g7_19_0001,bi-obj/run12/g8/g8_4.pdb.sc
550.0,808.2214832305908,1.4694936058738015,3.315999746322632,0.0,1.4694936058738015,155.0,90.95153093338013,0.5867840705379364,2.5926644802093506,3.33184076124622,3.918624831784156,46.0,12.211976051330566,0.26547774024631665,1.5858449935913086,4.243350448815719,4.508828189062036,103.1635069847107,201.0,38,38,288,263,551,run12_g8_g8_5,bi-obj/run12/g8/g8_5.pdb,-482.531,-1.794,-52.877,-2.363,-43.483,-1.943,1245.794,2237.382,991.589,23.0,-0.826,-1305.557,217.262,-331.231,2.373,32.159,153.425,748.829,0.147,-44.497,-61.983,-20.55,-56.459,8.0,-35.424,269.0,80.0,45.266,-56.109,0.74,-2.597,16.048,36.912,177.024,0.639,-2.175,-84.808,-2.999,-122.965,0.807,temp_g8_19_0001,bi-obj/run12/g8/g8_5.pdb.sc
549.0,807.1651132106781,1.4702461078518727,3.4675815105438232,0.0,1.4702461078518727,142.0,85.04067552089691,0.5988779966260346,2.220198154449463,3.3149418201245053,3.91381981675054,41.0,11.582175970077515,0.2824920968311589,1.0331382751464844,4.322052217111355,4.6045443139425135,96.62285149097443,183.0,38,39,278,272,550,run12_g8_g8_6,bi-obj/run12/g8/g8_6.pdb,-492.434,-1.831,-53.177,-2.31,-46.516,-2.021,1138.342,2302.043,1163.701,23.0,-1.7,-1300.92,206.044,-332.69,2.219,31.556,147.412,756.673,0.316,-50.457,-65.801,-29.888,-58.152,14.0,-35.142,269.0,75.0,38.176,-46.368,0.711,-2.776,28.31,41.786,175.844,0.686,-2.55,-91.818,-2.983,-116.35,0.666,temp_g8_20_0001,bi-obj/run12/g8/g8_6.pdb.sc
547.0,805.6865268945694,1.4729186963337648,3.2938930988311768,0.0,1.4729186963337648,149.0,87.09534239768982,0.5845324993133545,2.601196765899658,3.3024455236908574,3.886978023004212,38.0,10.10283374786377,0.265864045996415,1.3490943908691406,4.235355847760251,4.501219893756666,97.19817614555359,187.0,38,39,278,270,548,run12_g8_g8_7,bi-obj/run12/g8/g8_7.pdb,-431.297,-1.603,-44.885,-1.937,-34.993,-1.51,1183.938,2317.418,1133.481,23.0,-1.877,-1285.891,222.34,-318.751,2.106,32.235,150.248,749.567,0.232,-45.789,-60.263,-21.847,-54.711,10.0,-37.396,269.0,82.0,52.254,-49.69,0.687,-2.25,16.295,41.561,177.774,0.648,-2.048,-81.931,-2.443,-102.608,0.538,temp_g7_02_0001,bi-obj/run12/g8/g8_7.pdb.sc
546.0,803.6242190599442,1.4718392290475169,3.2851128578186035,0.0,1.4718392290475169,141.0,87.44478249549866,0.6201757623794231,2.2408134937286377,3.252885324735168,3.873061087114591,47.0,9.36859393119812,0.19933178577017277,1.2013659477233887,4.428471910192611,4.627803695962784,96.81337642669678,188.0,38,39,277,270,547,run12_g8_g8_8,bi-obj/run12/g8/g8_8.pdb,-442.613,-1.645,-44.676,-2.037,-31.577,-1.439,1087.945,2193.698,1105.753,25.0,-1.839,-1303.077,220.751,-318.949,2.184,31.185,156.67,756.261,0.299,-47.631,-61.449,-23.33,-55.235,11.0,-36.676,269.0,76.0,49.751,-49.409,0.753,-2.199,13.995,45.211,178.41,0.701,-1.758,-63.294,-2.595,-103.807,0.565,temp_g5_07_0001,bi-obj/run12/g8/g8_8.pdb.sc
559.0,824.6956493854523,1.4753052761814889,3.2051174640655518,0.0,1.4753052761814889,150.0,87.85816693305969,0.5857211128870646,2.3746395111083984,3.304762369791667,3.8904834826787313,44.0,11.679823637008667,0.26545053720474243,0.942631721496582,4.298065803267739,4.563516340472481,99.53799057006836,194.0,38,40,281,279,560,run12_g8_g8_9,bi-obj/run12/g8/g8_9.pdb,-389.105,-1.446,-32.669,-1.388,-12.936,-0.55,1245.815,2353.891,1108.076,38.0,-1.844,-1284.747,222.319,-303.968,2.061,31.602,167.529,742.932,0.497,-39.988,-57.706,-21.001,-53.487,7.0,-36.567,269.0,81.0,61.942,-48.268,0.701,-1.751,1.98,50.149,177.335,0.68,-1.264,-49.293,-2.203,-92.519,0.619,temp_g7_10_0001,bi-obj/run12/g8/g8_9.pdb.sc
542.0,797.2810760736465,1.4709982953388312,3.0047607421875,0.0,1.4709982953388312,146.0,84.36983728408813,0.5778755978362201,2.2255237102508545,3.340034742877908,3.917910340714128,45.0,10.339340448379517,0.22976312107510036,0.897799015045166,4.352143632041083,4.581906753116184,94.70917773246765,191.0,38,38,280,263,543,run12_g9_g9_0,bi-obj/run12/g9/g9_0.pdb,-466.821,-1.735,-54.55,-2.441,-40.143,-1.796,1108.28,2234.96,1126.68,22.0,-0.826,-1296.797,211.679,-333.828,2.179,33.158,144.878,758.839,0.266,-47.468,-61.23,-25.603,-57.101,12.0,-34.037,269.0,80.0,45.455,-50.243,0.72,-2.551,30.061,41.033,172.431,0.662,-2.298,-87.342,-2.78,-116.771,0.601,temp_g9_02_0001,bi-obj/run12/g9/g9_0.pdb.sc
553.0,813.2212728261948,1.4705628803366995,3.28822660446167,0.0,1.4705628803366995,153.0,91.36264884471893,0.5971414957171172,2.5926644802093506,3.2882474660873413,3.8853889618044586,42.0,11.285630226135254,0.2687054815746489,1.394629955291748,4.16816706884475,4.436872550419399,102.64827907085419,195.0,38,39,284,270,554,run12_g9_g9_1,bi-obj/run12/g9/g9_1.pdb,-442.305,-1.644,-46.727,-2.02,-35.175,-1.521,1175.372,2312.666,1137.294,23.0,-0.826,-1295.109,223.198,-321.0,2.265,32.147,154.793,750.543,0.213,-45.548,-62.19,-20.798,-55.288,9.0,-36.273,269.0,79.0,50.754,-51.064,0.72,-2.272,16.165,39.997,175.102,0.677,-1.933,-73.459,-2.586,-106.013,0.826,temp_g6_08_0001,bi-obj/run12/g9/g9_1.pdb.sc
529.0,779.6960489749908,1.473905574621911,3.3395330905914307,0.0,1.473905574621911,141.0,82.90938365459442,0.5880098131531519,2.8128485679626465,3.310823569906519,3.898833383059671,42.0,10.580610752105713,0.2519193036215646,1.0866012573242188,4.279504435403006,4.531423739024571,93.48999440670013,183.0,38,37,274,256,530,run12_g9_g9_10,bi-obj/run12/g9/g9_10.pdb,-471.553,-1.753,-54.112,-2.485,-36.879,-1.693,1138.483,2177.862,1039.379,19.0,-1.688,-1300.125,212.963,-334.188,2.229,31.107,150.689,756.985,0.369,-49.273,-63.848,-27.439,-55.997,15.0,-33.792,269.0,79.0,45.263,-50.415,0.706,-2.537,29.563,38.691,177.09,0.701,-2.128,-78.725,-2.897,-121.685,0.633,temp_g9_21_0001,bi-obj/run12/g9/g9_10.pdb.sc
524.0,774.7255452871323,1.478483865051779,3.3713393211364746,0.0,1.478483865051779,140.0,84.58630394935608,0.6041878853525434,2.461603879928589,3.2840355396270753,3.8882234249796186,38.0,12.65002965927124,0.33289551734924316,1.5857396125793457,4.291673904971073,4.624569422320316,97.23633360862732,178.0,38,38,262,263,525,run12_g9_g9_11,bi-obj/run12/g9/g9_11.pdb,-479.787,-1.784,-58.748,-2.621,-48.188,-2.15,1175.343,2241.676,1066.333,19.0,-1.898,-1270.943,200.166,-319.785,2.118,29.641,139.203,733.177,0.264,-46.244,-65.844,-23.952,-58.211,14.0,-34.803,269.0,79.0,40.607,-51.258,0.667,-2.695,26.478,40.935,180.287,0.649,-2.662,-98.512,-2.723,-114.383,0.538,temp_g8_14_0001,bi-obj/run12/g9/g9_11.pdb.sc
523.0,772.8250906467438,1.4776770375654757,3.3713393211364746,0.0,1.4776770375654757,137.0,82.91745936870575,0.6052369296985821,2.461603879928589,3.289763226996373,3.8950001566949553,34.0,11.654696702957153,0.34278519714579864,0.8799171447753906,4.368611461975995,4.711396659121794,94.5721560716629,171.0,38,38,261,263,524,run12_g9_g9_12,bi-obj/run12/g9/g9_12.pdb,-496.039,-1.844,-59.82,-2.726,-51.722,-2.357,1150.599,2194.075,1043.477,20.0,-1.898,-1265.381,196.719,-320.636,2.103,29.655,136.467,730.939,0.236,-50.339,-65.584,-23.979,-59.024,13.0,-35.488,269.0,78.0,36.734,-51.79,0.682,-2.828,26.478,40.807,177.355,0.634,-2.839,-105.044,-2.818,-115.534,0.822,temp_g9_19_0001,bi-obj/run12/g9/g9_12.pdb.sc
549.0,808.49678170681,1.4726717335278872,3.2938930988311768,0.0,1.4726717335278872,151.0,86.27101516723633,0.5713312262730883,1.8463735580444336,3.318430570577154,3.8897617968502423,38.0,10.688387155532837,0.2812733461982326,1.3490943908691406,4.216332573639719,4.497605919837952,96.95940232276917,189.0,38,39,280,270,550,run12_g9_g9_13,bi-obj/run12/g9/g9_13.pdb,-451.312,-1.678,-48.185,-2.058,-41.25,-1.762,1230.509,2341.551,1111.042,20.0,-1.877,-1288.854,217.968,-321.35,2.119,32.57,149.286,751.208,0.217,-49.972,-60.477,-21.776,-55.621,11.0,-37.609,269.0,82.0,46.822,-49.159,0.721,-2.365,16.651,41.536,176.687,0.659,-2.206,-90.454,-2.524,-103.493,0.537,temp_g8_09_0001,bi-obj/run12/g9/g9_13.pdb.sc
545.0,802.6345771551132,1.4727239947800244,3.450584650039673,0.0,1.4727239947800244,143.0,82.62100803852081,0.577769286982663,2.333621025085449,3.31334459948373,3.891113886466393,41.0,10.862747192382812,0.26494505347275155,0.8479981422424316,4.330663477502218,4.595608530974969,93.48375523090363,184.0,38,39,274,272,546,run12_g9_g9_14,bi-obj/run12/g9/g9_14.pdb,-492.192,-1.83,-58.247,-2.601,-49.499,-2.21,1072.863,2239.722,1166.859,19.0,-1.856,-1291.071,204.055,-331.448,2.141,30.65,144.879,746.102,0.327,-51.125,-66.845,-27.407,-57.813,15.0,-36.01,269.0,76.0,40.742,-48.78,0.695,-2.752,30.222,42.691,177.982,0.672,-2.413,-89.277,-3.074,-119.869,0.699,temp_g9_23_0001,bi-obj/run12/g9/g9_14.pdb.sc
532.0,785.9870530366898,1.4774192726253568,3.2187087535858154,0.0,1.4774192726253568,138.0,80.9933397769928,0.586908259253571,2.36051607131958,3.3291459221770796,3.916054181430651,42.0,10.618125200271606,0.2528125047683716,1.016404628753662,4.40292041074662,4.655732915514991,91.6114649772644,180.0,38,38,269,264,533,run12_g9_g9_15,bi-obj/run12/g9/g9_15.pdb,-455.482,-1.693,-50.054,-2.214,-43.347,-1.917,1173.91,2260.934,1087.024,36.0,-1.835,-1276.626,200.51,-305.411,2.167,30.703,140.112,726.053,0.218,-47.103,-60.774,-22.725,-57.109,10.0,-35.987,269.0,81.0,44.549,-47.083,0.714,-2.355,26.579,46.471,181.453,0.691,-2.129,-85.178,-2.575,-105.578,0.576,temp_g9_17_0001,bi-obj/run12/g9/g9_15.pdb.sc
548.0,805.6738276481628,1.4702077146864285,3.28822660446167,0.0,1.4702077146864285,152.0,88.24531042575836,0.5805612528010419,2.052295446395874,3.3112719568767046,3.8918332096777464,40.0,11.56502914428711,0.2891257286071777,1.4928712844848633,4.171763563156128,4.460889291763306,99.81033957004547,192.0,38,38,286,263,549,run12_g9_g9_16,bi-obj/run12/g9/g9_16.pdb,-479.683,-1.783,-50.604,-2.21,-42.367,-1.85,1190.666,2289.932,1099.266,20.0,-0.826,-1303.514,215.565,-324.632,2.279,32.431,154.829,753.471,0.2,-50.729,-63.741,-19.588,-56.661,10.0,-37.211,269.0,79.0,45.894,-50.72,0.708,-2.48,8.684,39.945,174.014,0.696,-2.244,-87.497,-2.71,-108.389,0.826,temp_g9_15_0001,bi-obj/run12/g9/g9_16.pdb.sc
547.0,805.6184140443802,1.472794175583876,3.450584650039673,0.0,1.472794175583876,144.0,84.5829461812973,0.5873815707034535,2.1445984840393066,3.307617057528761,3.894998628232214,44.0,11.694076776504517,0.2657744721932845,0.9989333152770996,4.3245243646881795,4.590298836881464,96.27702295780182,188.0,38,39,276,272,548,run12_g9_g9_17,bi-obj/run12/g9/g9_17.pdb,-485.007,-1.803,-57.437,-2.537,-49.655,-2.193,1079.762,2264.213,1184.45,23.0,-1.856,-1296.3,206.36,-330.84,2.133,31.226,145.402,752.394,0.322,-49.609,-66.149,-29.401,-57.778,15.0,-36.73,269.0,76.0,41.822,-47.333,0.784,-2.683,30.222,43.882,176.932,0.679,-2.394,-88.571,-2.957,-115.311,0.615,temp_g8_00_0001,bi-obj/run12/g9/g9_17.pdb.sc
550.0,809.3906254768372,1.4716193190487947,3.262476682662964,0.0,1.4716193190487947,145.0,82.87798416614532,0.5715723045941057,2.3567190170288086,3.268036525824974,3.83960883041908,50.0,10.698896884918213,0.21397793769836426,0.721860408782959,4.323505001068115,4.5374829387664795,93.57688105106354,195.0,38,39,281,270,551,run12_g9_g9_18,bi-obj/run12/g9/g9_18.pdb,-470.751,-1.75,-52.153,-2.295,-42.634,-1.876,1188.2,2272.543,1084.343,27.0,-1.943,-1308.59,211.84,-330.361,2.151,31.859,150.67,759.986,0.265,-53.253,-60.438,-23.491,-57.201,12.0,-34.359,269.0,79.0,47.193,-50.177,0.738,-2.535,26.66,44.453,173.618,0.702,-2.32,-88.147,-2.735,-112.115,0.632,temp_g7_22_0001,bi-obj/run12/g9/g9_18.pdb.sc
543.0,799.2367032766342,1.4718907979311864,3.2851128578186035,0.0,1.4718907979311864,142.0,86.89708423614502,0.611951297437641,2.2408134937286377,3.253562796283776,3.8655140937214165,46.0,9.514403104782104,0.2068348501039588,1.2118597030639648,4.435244166332742,4.642079016436702,96.41148734092712,188.0,38,39,274,270,544,run12_g9_g9_19,bi-obj/run12/g9/g9_19.pdb,-447.573,-1.664,-45.915,-2.112,-32.834,-1.51,1065.234,2174.466,1109.232,25.0,-1.955,-1302.296,216.307,-321.031,2.192,31.141,153.767,756.467,0.287,-45.762,-62.533,-22.081,-55.653,11.0,-36.132,269.0,77.0,45.197,-49.43,0.72,-2.124,21.493,44.143,178.057,0.695,-1.899,-68.36,-2.321,-95.162,0.537,temp_g7_01_0001,bi-obj/run12/g9/g9_19.pdb.sc
544.0,801.825587272644,1.473944094251184,3.2938930988311768,0.0,1.473944094251184,147.0,82.67441415786743,0.5624109806657649,2.0573527812957764,3.311831842474386,3.874242823140151,40.0,9.649095296859741,0.24122738242149352,1.3490943908691406,4.312421441078186,4.55364882349968,92.32350945472717,187.0,38,39,275,270,545,run12_g9_g9_2,bi-obj/run12/g9/g9_2.pdb,-455.92,-1.695,-48.03,-2.108,-40.408,-1.773,1230.725,2278.623,1047.898,24.0,-1.877,-1276.812,215.596,-318.775,2.091,31.575,146.119,741.853,0.195,-49.18,-60.88,-20.24,-55.397,9.0,-38.371,269.0,80.0,48.596,-51.555,0.676,-2.491,16.282,38.649,175.893,0.64,-2.245,-89.816,-2.737,-109.485,0.513,temp_g7_19_0001,bi-obj/run12/g9/g9_2.pdb.sc
549.0,807.2064957618713,1.470321485905048,3.4711060523986816,0.0,1.470321485905048,142.0,85.07466650009155,0.5991173697189546,2.217374086380005,3.314658586408051,3.9137759561270054,41.0,11.599522590637207,0.28291518513749286,1.0320630073547363,4.3228422316109265,4.605757416748419,96.67418909072876,183.0,38,39,278,272,550,run12_g9_g9_20,bi-obj/run12/g9/g9_20.pdb,-492.351,-1.83,-53.211,-2.315,-46.662,-2.03,1133.986,2298.676,1164.689,23.0,-1.693,-1300.923,206.118,-332.752,2.221,31.554,147.122,756.698,0.315,-50.458,-65.797,-29.715,-58.151,14.0,-35.094,269.0,75.0,38.221,-46.359,0.712,-2.774,28.334,41.818,175.844,0.687,-2.55,-91.811,-2.981,-116.264,0.663,temp_g9_06_0001,bi-obj/run12/g9/g9_20.pdb.sc
544.0,801.4402323961258,1.4732357213164078,3.450584650039673,0.0,1.4732357213164078,141.0,84.50246405601501,0.5993082557164185,2.1462464332580566,3.2888434897077845,3.888151745424203,46.0,12.403148174285889,0.2696336559627367,0.9989333152770996,4.348536113034124,4.618169768996861,96.9056122303009,187.0,38,39,273,272,545,run12_g9_g9_21,bi-obj/run12/g9/g9_21.pdb,-475.868,-1.769,-55.907,-2.513,-45.764,-2.057,1019.758,2225.057,1205.298,19.0,-1.856,-1289.53,207.012,-327.213,2.122,30.864,145.967,750.92,0.334,-50.193,-65.049,-27.926,-57.088,16.0,-36.746,269.0,76.0,41.691,-47.597,0.759,-2.569,29.765,43.334,175.087,0.675,-2.222,-82.216,-2.898,-113.032,0.568,temp_g9_14_0001,bi-obj/run12/g9/g9_21.pdb.sc
556.0,816.5376096963882,1.4685928231949428,3.316152334213257,0.0,1.4685928231949428,159.0,95.05030119419098,0.5978006364414526,2.5926644802093506,3.261756644308942,3.8595572807503946,48.0,12.576626300811768,0.2620130479335785,1.394629955291748,4.15163407723109,4.413647125164668,107.62692749500275,207.0,38,39,287,270,557,run12_g9_g9_22,bi-obj/run12/g9/g9_22.pdb,-456.079,-1.695,-49.997,-2.167,-37.826,-1.639,1160.815,2307.716,1146.901,22.0,-0.826,-1299.178,220.082,-319.954,2.275,32.19,154.524,752.829,0.286,-46.359,-62.573,-23.936,-56.053,12.0,-36.772,269.0,79.0,48.788,-52.051,0.707,-2.408,15.635,39.572,174.691,0.677,-1.973,-74.957,-2.812,-115.306,1.039,temp_g9_03_0001,bi-obj/run12/g9/g9_22.pdb.sc
555.0,815.4027938842773,1.4691942232149142,3.28822660446167,0.0,1.4691942232149142,155.0,92.18958842754364,0.5947715382422171,2.5926644802093506,3.288387296276708,3.883158834518925,43.0,11.580014944076538,0.269302673118059,1.394629955291748,4.158602298692215,4.427904971810275,103.76960337162018,198.0,38,39,286,270,556,run12_g9_g9_23,bi-obj/run12/g9/g9_23.pdb,-450.92,-1.676,-48.087,-2.079,-36.849,-1.593,1169.429,2313.138,1143.709,23.0,-0.826,-1297.44,221.002,-321.984,2.277,32.165,154.842,753.529,0.244,-47.811,-62.221,-22.262,-55.496,11.0,-36.018,269.0,79.0,50.16,-51.641,0.712,-2.349,16.165,39.799,174.014,0.669,-1.947,-73.975,-2.722,-111.615,0.826,temp_g7_05_0001,bi-obj/run12/g9/g9_23.pdb.sc
543.0,799.3125672340393,1.472030510559925,3.2851128578186035,0.0,1.472030510559925,142.0,87.61188519001007,0.6169851069719019,2.2408134937286377,3.252361253113814,3.8693463600857156,44.0,9.363740682601929,0.2128122882409529,1.2118597030639648,4.375010517510501,4.587822805751454,96.975625872612,186.0,38,39,274,270,544,run12_g9_g9_24,bi-obj/run12/g9/g9_24.pdb,-446.748,-1.661,-46.718,-2.154,-34.176,-1.575,1040.724,2169.299,1128.575,25.0,-1.955,-1301.924,216.831,-324.162,2.18,31.1,154.264,755.728,0.284,-46.237,-63.487,-22.04,-55.564,11.0,-35.348,269.0,77.0,44.904,-49.424,0.696,-2.119,25.788,44.005,178.057,0.697,-1.86,-66.96,-2.346,-96.185,0.537,temp_g9_13_0001,bi-obj/run12/g9/g9_24.pdb.sc
553.0,812.4449141025543,1.4691589766773134,3.127643585205078,0.0,1.4691589766773134,150.0,85.30094277858734,0.568672951857249,2.2230446338653564,3.264408457279205,3.8330814091364545,52.0,11.35939073562622,0.21844982183896577,0.721860408782959,4.324124460036938,4.542574281875904,96.66033351421356,202.0,38,39,284,270,554,run12_g9_g9_3,bi-obj/run12/g9/g9_3.pdb,-474.235,-1.763,-54.007,-2.418,-43.969,-1.969,1157.28,2233.252,1075.972,29.0,-1.892,-1309.907,210.077,-328.124,2.16,31.711,152.747,758.157,0.304,-52.651,-61.283,-23.593,-57.435,13.0,-34.599,269.0,78.0,43.807,-51.405,0.697,-2.562,27.627,42.812,176.924,0.7,-2.354,-89.459,-2.758,-110.338,0.633,temp_g9_01_0001,bi-obj/run12/g9/g9_3.pdb.sc
534.0,787.5760849714279,1.474861582343498,3.413102388381958,0.0,1.474861582343498,144.0,84.32788038253784,0.5856102804342905,2.4376511573791504,3.316694820920626,3.902305101354917,44.0,11.0712251663208,0.2516187537800182,0.7950429916381836,4.30852994593707,4.560148699717089,95.39910554885864,188.0,38,38,272,263,535,run12_g9_g9_4,bi-obj/run12/g9/g9_4.pdb,-479.596,-1.783,-56.744,-2.588,-41.151,-1.877,1134.782,2192.464,1057.682,20.0,-0.826,-1291.382,210.003,-335.182,2.175,31.137,145.119,755.327,0.348,-48.253,-64.463,-26.569,-55.99,15.0,-34.294,269.0,79.0,43.358,-51.987,0.699,-2.538,26.62,40.358,174.634,0.687,-2.031,-75.135,-2.985,-125.389,0.621,temp_g8_13_0001,bi-obj/run12/g9/g9_4.pdb.sc
546.0,805.6607018709183,1.4755690510456378,3.2051174640655518,0.0,1.4755690510456378,146.0,85.97100234031677,0.5888424817829916,2.3351104259490967,3.298911262864936,3.8877537446479273,41.0,9.438406944274902,0.23020504742133907,0.942631721496582,4.331011277873341,4.561216325294681,95.40940928459167,187.0,38,39,277,270,547,run12_g9_g9_5,bi-obj/run12/g9/g9_5.pdb,-417.764,-1.553,-33.711,-1.452,-16.404,-0.706,1272.954,2322.252,1049.298,32.0,-1.844,-1282.307,219.576,-312.616,2.086,31.665,156.638,743.479,0.366,-40.952,-58.523,-22.906,-54.508,7.0,-35.439,269.0,82.0,57.266,-47.264,0.69,-2.007,1.992,46.915,178.41,0.687,-1.73,-67.47,-2.257,-97.066,0.567,temp_g4_13_0001,bi-obj/run12/g9/g9_5.pdb.sc
550.0,808.2214832305908,1.4694936058738015,3.315999746322632,0.0,1.4694936058738015,155.0,90.95153093338013,0.5867840705379364,2.5926644802093506,3.33184076124622,3.918624831784156,46.0,12.211976051330566,0.26547774024631665,1.5858449935913086,4.243350448815719,4.508828189062036,103.1635069847107,201.0,38,38,288,263,551,run12_g9_g9_6,bi-obj/run12/g9/g9_6.pdb,-482.531,-1.794,-52.877,-2.363,-43.483,-1.943,1245.794,2237.382,991.589,23.0,-0.826,-1305.557,217.262,-331.231,2.373,32.159,153.425,748.829,0.147,-44.497,-61.983,-20.55,-56.459,8.0,-35.424,269.0,80.0,45.266,-56.109,0.74,-2.597,16.048,36.912,177.024,0.639,-2.175,-84.808,-2.999,-122.965,0.807,temp_g8_19_0001,bi-obj/run12/g9/g9_6.pdb.sc
540.0,794.9360407590866,1.4721037791834937,3.2851128578186035,0.0,1.4721037791834937,137.0,84.10632908344269,0.6139148108280488,2.3585963249206543,3.2609119615415585,3.8748267723696075,42.0,8.623868703842163,0.2053302072343372,1.2118597030639648,4.419848583993458,4.625178791227794,92.73019778728485,179.0,38,39,271,270,541,run12_g9_g9_7,bi-obj/run12/g9/g9_7.pdb,-441.543,-1.641,-47.588,-2.199,-32.986,-1.524,1096.767,2164.395,1067.627,24.0,-1.955,-1297.432,215.23,-319.439,2.146,31.67,152.151,753.617,0.298,-45.775,-62.411,-20.257,-55.465,11.0,-35.194,269.0,77.0,46.307,-48.493,0.704,-2.091,21.493,44.028,177.703,0.669,-1.818,-65.457,-2.331,-95.554,0.532,temp_g9_18_0001,bi-obj/run12/g9/g9_7.pdb.sc
534.0,787.9480932950974,1.475558227144377,3.419196367263794,0.0,1.475558227144377,144.0,83.43736410140991,0.5794261395931244,2.387329578399658,3.317497635881106,3.8969237754742303,38.0,10.452284097671509,0.27506010783346074,0.7733335494995117,4.324210568478233,4.5992706763116935,93.88964819908142,182.0,38,38,272,263,535,run12_g9_g9_8,bi-obj/run12/g9/g9_8.pdb,-472.75,-1.757,-55.463,-2.556,-40.043,-1.845,1113.58,2169.883,1056.303,20.0,-1.737,-1296.649,212.152,-332.719,2.132,31.049,149.815,753.494,0.345,-47.884,-64.179,-26.154,-56.084,14.0,-35.233,269.0,79.0,44.522,-51.825,0.726,-2.476,26.538,41.216,178.178,0.688,-2.007,-74.249,-2.89,-121.365,0.621,temp_g7_14_0001,bi-obj/run12/g9/g9_8.pdb.sc
559.0,824.6956493854523,1.4753052761814889,3.2051174640655518,0.0,1.4753052761814889,150.0,87.85816693305969,0.5857211128870646,2.3746395111083984,3.304762369791667,3.8904834826787313,44.0,11.679823637008667,0.26545053720474243,0.942631721496582,4.298065803267739,4.563516340472481,99.53799057006836,194.0,38,40,281,279,560,run12_g9_g9_9,bi-obj/run12/g9/g9_9.pdb,-389.105,-1.446,-32.669,-1.388,-12.936,-0.55,1245.815,2353.891,1108.076,38.0,-1.844,-1284.747,222.319,-303.968,2.061,31.602,167.529,742.932,0.497,-39.988,-57.706,-21.001,-53.487,7.0,-36.567,269.0,81.0,61.942,-48.268,0.701,-1.751,1.98,50.149,177.335,0.68,-1.264,-49.293,-2.203,-92.519,0.619,temp_g7_10_0001,bi-obj/run12/g9/g9_9.pdb.sc
