mutation,PC1,PC2,cluster_kmeans,H0_count,H0_sum_persistence,H0_mean_persistence,H0_max_persistence,H0_birth_mean,H0_death_mean,H1_count,H1_sum_persistence,H1_mean_persistence,H1_max_persistence,H1_birth_mean,H1_death_mean,H2_count,H2_sum_persistence,H2_mean_persistence,H2_max_persistence,H2_birth_mean,H2_death_mean,H1H2_sum_persistence,H1H2_count,n_interface_points
run12_g0_g0_00,7.3849600460067695,2.87752748127345,2,561.0,826.7778928279877,1.4737573847201206,3.2051174640655518,0.0,1.4737573847201206,158.0,93.6789585351944,0.5929048008556608,2.410245656967163,3.1781676894501794,3.77107249030584,45.0,14.157074451446533,0.3146016544765896,1.28828763961792,4.127041069666545,4.441642724143135,107.83603298664093,203.0,562
run12_g0_g0_01,3.975074080994515,0.5929378262327091,2,555.0,817.8992280960083,1.4736923028756905,3.2051174640655518,0.0,1.4736923028756905,155.0,92.31205606460571,0.5955616520297142,2.410245656967163,3.2427158248039984,3.8382774768337127,41.0,10.750983715057373,0.2622191150013993,0.9206333160400391,4.235299505838534,4.497518620839933,103.06303977966309,196.0,556
run12_g0_g0_02,1.4202404086038194,-0.3121554759557448,1,550.0,811.8651988506317,1.476118543364785,3.2051174640655518,0.0,1.476118543364785,145.0,88.04017400741577,0.6071736138442467,2.464789390563965,3.260118103027344,3.8672917168715903,45.0,11.416579008102417,0.25370175573560927,1.0595102310180664,4.392537996504042,4.6462397522396515,99.45675301551819,190.0,551
run12_g0_g0_03,1.8023119411624766,0.6815202671906492,1,550.0,811.8002461194992,1.4760004474899986,3.2051174640655518,0.0,1.4760004474899986,146.0,87.69938826560974,0.6006807415452722,2.410245656967163,3.2600617833333474,3.8607425248786194,42.0,11.141373634338379,0.2652708008175805,0.942631721496582,4.272804453259423,4.538075254077003,98.84076189994812,188.0,551
run12_g0_g0_04,3.6167793765312104,-0.5043961587131214,2,555.0,818.1094588041306,1.4740710969443793,3.2051174640655518,0.0,1.4740710969443793,150.0,91.1143490076065,0.6074289933840433,2.410245656967163,3.223770549297333,3.831199542681376,45.0,10.690256834030151,0.23756126297844782,0.8668861389160156,4.276614295111762,4.51417555809021,101.80460584163666,195.0,556
run12_g0_g0_05,5.158498895259271,3.271565783499335,2,556.0,819.8739907741547,1.474593508586609,3.28822660446167,0.0,1.474593508586609,159.0,92.01716446876526,0.5787243048350016,2.410245656967163,3.240555040491452,3.8192793453264535,40.0,12.865096807479858,0.32162742018699647,1.3552765846252441,4.1744656503200535,4.496093070507049,104.88226127624512,199.0,557
run12_g0_g0_06,3.2394253737188854,0.43652898939630075,2,555.0,818.57357442379,1.474907341304126,3.2051174640655518,0.0,1.474907341304126,149.0,90.62463796138763,0.6082190467207224,2.410245656967163,3.228233738233579,3.8364527849543015,43.0,11.644829988479614,0.27080999973208403,0.8815231323242188,4.28759232232737,4.558402322059454,102.26946794986725,192.0,556
run12_g0_g0_07,3.6068765155414333,0.32324703742463085,2,555.0,818.5847207307816,1.474927424740147,3.2051174640655518,0.0,1.474927424740147,151.0,90.76335632801056,0.6010818299868249,2.410245656967163,3.230178251171744,3.8312600811585686,45.0,11.995069026947021,0.26655708948771156,0.9915823936462402,4.31324405670166,4.5798011461893715,102.75842535495758,196.0,556
run12_g0_g0_08,5.357912973421691,3.116014990810392,2,556.0,819.7936849594116,1.4744490736680065,3.2871057987213135,0.0,1.4744490736680065,158.0,93.51179027557373,0.5918467738960362,2.410245656967163,3.228721710700023,3.8205684845960595,40.0,12.828175067901611,0.32070437669754026,1.357628345489502,4.174471038579941,4.495175415277481,106.33996534347534,198.0,557
run12_g0_g0_09,1.8591960673032397,0.8144874726754893,1,542.0,800.1772997379303,1.4763418814352958,3.292567729949951,0.0,1.4763418814352958,147.0,89.22479331493378,0.6069713830947876,2.410245656967163,3.2662099421429795,3.873181325237767,45.0,11.2928307056427,0.25095179345872665,1.0595102310180664,4.247816350724962,4.498768144183689,100.51762402057648,192.0,543
run12_g0_g0_10,5.409160641403204,3.170121075450529,2,556.0,819.7854923009872,1.4744343386708403,3.2878096103668213,0.0,1.4744343386708403,159.0,93.48147964477539,0.5879338342438704,2.410245656967163,3.232724408683537,3.8206582429274074,40.0,12.836777448654175,0.3209194362163544,1.3588294982910156,4.174272376298904,4.495191812515259,106.31825709342957,199.0,557
run12_g0_g0_11,0.7097460858798238,0.27350349911567806,1,543.0,800.1754124164581,1.4736195440450426,3.2523319721221924,0.0,1.4736195440450426,145.0,87.2105313539505,0.6014519403720724,2.8444528579711914,3.3160611950117964,3.917513135383869,45.0,11.763424396514893,0.26140943103366426,0.9930686950683594,4.33598067495558,4.597390105989244,98.9739557504654,190.0,544
run12_g0_g0_12,1.2984814948994914,-0.12041490793981552,1,550.0,811.530974984169,1.47551086360758,3.278259754180908,0.0,1.47551086360758,144.0,89.41211879253387,0.6209174916148186,2.4622585773468018,3.2469239789578648,3.8678414705726833,41.0,10.33432126045227,0.252056616108592,1.0595102310180664,4.348847272919445,4.600903889028038,99.74644005298615,185.0,551
run12_g0_g0_13,2.0261992592537705,-0.16342289739587848,1,550.0,811.4067757129669,1.475285046750849,3.2851128578186035,0.0,1.475285046750849,147.0,89.41821229457855,0.6082871584665208,2.410245656967163,3.2632184377332933,3.871505596199814,44.0,10.330426692962646,0.23478242484006015,1.0595102310180664,4.293286041779951,4.528068466620012,99.7486389875412,191.0,551
run12_g0_g0_14,3.356687275037158,2.2979399716295177,2,550.0,811.927592754364,1.4762319868261164,3.285231351852417,0.0,1.4762319868261164,155.0,91.70477521419525,0.5916437110593242,2.410245656967163,3.257780385017395,3.8494240960767194,40.0,11.53731894493103,0.28843297362327575,1.0595102310180664,4.198221862316132,4.486654835939407,103.24209415912628,195.0,551
run12_g0_g0_15,5.147158585779033,3.264379415579231,2,556.0,819.8947093486786,1.4746307722098535,3.2938930988311768,0.0,1.4746307722098535,159.0,92.05693018436432,0.5789744036752473,2.410245656967163,3.2400920023708224,3.8190664060460695,40.0,12.830971479415894,0.32077428698539734,1.355844497680664,4.175011670589447,4.495785957574844,104.88790166378021,199.0,557
run12_g0_g0_16,2.8239905518164,1.5611129223881999,2,550.0,812.6425060033798,1.4775318290970543,3.450584650039673,0.0,1.4775318290970543,152.0,91.75258767604828,0.6036354452371597,2.410245656967163,3.2481139388523603,3.85174938408952,44.0,11.236483335494995,0.2553746212612499,1.0595102310180664,4.246981447393244,4.5023560686544934,102.98907101154327,196.0,551
run12_g0_g0_17,3.4661117372104324,-0.23420206917817535,2,555.0,818.1008968353271,1.4740556699735625,3.2051174640655518,0.0,1.4740556699735625,150.0,91.28931295871735,0.6085954197247823,2.410245656967163,3.2236554137865703,3.8322508335113525,43.0,10.602752685546875,0.24657564384992733,0.8765087127685547,4.2741276940634085,4.520703337913336,101.89206564426422,193.0,556
run12_g0_g0_18,5.153251844324565,3.2485801455836714,2,556.0,819.8887330293655,1.4746200234341107,3.2837913036346436,0.0,1.4746200234341107,159.0,92.03210246562958,0.5788182545008149,2.410245656967163,3.2404580048795015,3.8192762593803167,40.0,12.843276500701904,0.3210819125175476,1.3494668006896973,4.174738794565201,4.495820707082748,104.87537896633148,199.0,557
run12_g0_g0_19,1.3904429285002333,-0.28852847101048024,1,550.0,811.5330724716187,1.4755146772211247,3.2051174640655518,0.0,1.4755146772211247,145.0,88.02062094211578,0.6070387651180399,2.44047212600708,3.250667720827563,3.8577064859456027,42.0,10.517951488494873,0.2504274163927351,1.0229072570800781,4.35507983820779,4.605507254600525,98.53857243061066,187.0,551
run12_g0_g0_20,3.9494465358525677,0.9037683353844584,2,555.0,818.1197865009308,1.4740897054070825,3.2051174640655518,0.0,1.4740897054070825,153.0,91.38483905792236,0.5972865297903422,2.410245656967163,3.230579265582016,3.8278657953723583,41.0,11.032810926437378,0.2690929494253019,0.9257111549377441,4.21604336180338,4.485136311228683,102.41764998435974,194.0,556
run12_g0_g0_21,3.6167793765312104,-0.5043961587131214,2,555.0,818.1094588041306,1.4740710969443793,3.2051174640655518,0.0,1.4740710969443793,150.0,91.1143490076065,0.6074289933840433,2.410245656967163,3.223770549297333,3.831199542681376,45.0,10.690256834030151,0.23756126297844782,0.8668861389160156,4.276614295111762,4.51417555809021,101.80460584163666,195.0,556
run12_g0_g0_22,2.7003132938983194,1.6655454032405699,2,550.0,812.4134665727615,1.4771153937686574,3.3959436416625977,0.0,1.4771153937686574,152.0,89.63573324680328,0.5897087713605479,2.410245656967163,3.256255032984834,3.845963804345382,45.0,12.360982179641724,0.27468849288092717,1.0595102310180664,4.289825195736356,4.564513688617282,101.99671542644501,197.0,551
run12_g0_g0_23,1.2431133641319505,-0.307844121446179,1,550.0,811.6248853206635,1.4756816096739336,3.2857086658477783,0.0,1.4756816096739336,144.0,89.36252927780151,0.6205731199847327,2.5271482467651367,3.2459028396341534,3.8664759596188865,43.0,10.911290407180786,0.25375093970187873,1.0595102310180664,4.398543180421341,4.65229412012322,100.2738196849823,187.0,551
run12_g0_g0_24,5.147158585779033,3.264379415579231,2,556.0,819.8947093486786,1.4746307722098535,3.2938930988311768,0.0,1.4746307722098535,159.0,92.05693018436432,0.5789744036752473,2.410245656967163,3.2400920023708224,3.8190664060460695,40.0,12.830971479415894,0.32077428698539734,1.355844497680664,4.175011670589447,4.495785957574844,104.88790166378021,199.0,557
run12_g1_g1_0,5.409160641403204,3.170121075450529,2,556.0,819.7854923009872,1.4744343386708403,3.2878096103668213,0.0,1.4744343386708403,159.0,93.48147964477539,0.5879338342438704,2.410245656967163,3.232724408683537,3.8206582429274074,40.0,12.836777448654175,0.3209194362163544,1.3588294982910156,4.174272376298904,4.495191812515259,106.31825709342957,199.0,557
run12_g1_g1_1,2.8236325970037073,2.54728251195543,2,551.0,811.6371437311172,1.4730256692034795,3.28822660446167,0.0,1.4730256692034795,151.0,89.64124310016632,0.5936506165573928,2.8568685054779053,3.2779199074435708,3.8715705240009637,38.0,11.690143346786499,0.30763535123122365,1.4188504219055176,4.225331469586021,4.5329668208172444,101.33138644695282,189.0,552
run12_g1_g1_10,1.3970656737432827,0.6903828442579528,1,543.0,800.9518988132477,1.475049537409296,3.450584650039673,0.0,1.475049537409296,147.0,87.81189453601837,0.5973598267756351,2.410245656967163,3.2635505986051494,3.8609104253807844,44.0,11.23512077331543,0.25534365393898706,1.0595102310180664,4.301753894849257,4.557097548788244,99.0470153093338,191.0,544
run12_g1_g1_11,3.05038556777354,-1.7537308117443111,2,551.0,811.7912477254868,1.4733053497740232,3.2051174640655518,0.0,1.4733053497740232,148.0,91.86492216587067,0.6207089335531801,2.2847135066986084,3.2318851247027114,3.8525940582558915,47.0,10.409265279769897,0.22147372935680634,0.909935474395752,4.348182211530969,4.569655940887776,102.27418744564056,195.0,552
run12_g1_g1_12,-0.03508687982252505,-1.3324598488537849,1,546.0,805.3902037143707,1.475073633176503,3.2051174640655518,0.0,1.475073633176503,146.0,86.45973443984985,0.5921899619167799,2.44047212600708,3.2954140705605077,3.8876040324772876,41.0,8.969614267349243,0.21877107969144496,1.0229072570800781,4.410299353483246,4.629070433174691,95.4293487071991,187.0,547
run12_g1_g1_13,0.6891716766605479,-1.1329476207712545,1,546.0,805.301435470581,1.474911053975423,3.2851128578186035,0.0,1.474911053975423,145.0,87.74096536636353,0.6051101059749209,2.0162487030029297,3.3048628116476126,3.9099729176225333,42.0,9.049575805664062,0.2154660906110491,1.2013659477233887,4.321134300458999,4.536600391070048,96.79054117202759,187.0,547
run12_g1_g1_14,3.356687275037158,2.2979399716295177,2,550.0,811.927592754364,1.4762319868261164,3.285231351852417,0.0,1.4762319868261164,155.0,91.70477521419525,0.5916437110593242,2.410245656967163,3.257780385017395,3.8494240960767194,40.0,11.53731894493103,0.28843297362327575,1.0595102310180664,4.198221862316132,4.486654835939407,103.24209415912628,195.0,551
run12_g1_g1_15,3.0549021813667085,2.2650463194074586,2,551.0,811.7637095451355,1.4732553712252914,3.2878096103668213,0.0,1.4732553712252914,154.0,89.98949074745178,0.5843473425159207,2.8408043384552,3.277991112176474,3.8623384546923947,39.0,11.519316673278809,0.2953670941866361,1.369234561920166,4.242370299803905,4.537737393990541,101.50880742073059,193.0,552
run12_g1_g1_16,2.1102075430684133,1.2654123978755831,1,546.0,805.8724664449692,1.4759568982508593,3.285231351852417,0.0,1.4759568982508593,152.0,89.93894279003143,0.591703570987049,1.9645116329193115,3.299027995843636,3.890731566830685,39.0,10.404906272888184,0.26679246853559446,1.19453763961792,4.212271121832041,4.479063590367635,100.34384906291962,191.0,547
run12_g1_g1_17,1.2136798931200057,-0.29939705788516097,1,546.0,805.5536893606186,1.4753730574370303,3.2051174640655518,0.0,1.4753730574370303,145.0,88.21005988121033,0.6083452405600712,2.3351104259490967,3.268273213814045,3.8766184543741162,43.0,10.802641868591309,0.2512242295021235,0.942631721496582,4.332626891690631,4.583851121192755,99.01270174980164,188.0,547
run12_g1_g1_18,3.6167793765312104,-0.5043961587131214,2,555.0,818.1094588041306,1.4740710969443793,3.2051174640655518,0.0,1.4740710969443793,150.0,91.1143490076065,0.6074289933840433,2.410245656967163,3.223770549297333,3.831199542681376,45.0,10.690256834030151,0.23756126297844782,0.8668861389160156,4.276614295111762,4.51417555809021,101.80460584163666,195.0,556
run12_g1_g1_19,2.0261992592537705,-0.16342289739587848,1,550.0,811.4067757129669,1.475285046750849,3.2851128578186035,0.0,1.475285046750849,147.0,89.41821229457855,0.6082871584665208,2.410245656967163,3.2632184377332933,3.871505596199814,44.0,10.330426692962646,0.23478242484006015,1.0595102310180664,4.293286041779951,4.528068466620012,99.7486389875412,191.0,551
run12_g1_g1_2,3.4661117372104324,-0.23420206917817535,2,555.0,818.1008968353271,1.4740556699735625,3.2051174640655518,0.0,1.4740556699735625,150.0,91.28931295871735,0.6085954197247823,2.410245656967163,3.2236554137865703,3.8322508335113525,43.0,10.602752685546875,0.24657564384992733,0.8765087127685547,4.2741276940634085,4.520703337913336,101.89206564426422,193.0,556
run12_g1_g1_20,1.8023119411624766,0.6815202671906492,1,550.0,811.8002461194992,1.4760004474899986,3.2051174640655518,0.0,1.4760004474899986,146.0,87.69938826560974,0.6006807415452722,2.410245656967163,3.2600617833333474,3.8607425248786194,42.0,11.141373634338379,0.2652708008175805,0.942631721496582,4.272804453259423,4.538075254077003,98.84076189994812,188.0,551
run12_g1_g1_21,0.7003581906436512,-1.1649623799550561,1,539.0,793.3501436710358,1.4718926598720514,3.2523319721221924,0.0,1.4718926598720514,143.0,88.50668740272522,0.6189278839351414,2.2034502029418945,3.310777075640805,3.9297049595759463,46.0,12.234432220458984,0.2659659178360649,0.9930686950683594,4.405317519022071,4.671283436858135,100.7411196231842,189.0,540
run12_g1_g1_22,1.2984814948994914,-0.12041490793981552,1,550.0,811.530974984169,1.47551086360758,3.278259754180908,0.0,1.47551086360758,144.0,89.41211879253387,0.6209174916148186,2.4622585773468018,3.2469239789578648,3.8678414705726833,41.0,10.33432126045227,0.252056616108592,1.0595102310180664,4.348847272919445,4.600903889028038,99.74644005298615,185.0,551
run12_g1_g1_23,3.6167793765312104,-0.5043961587131214,2,555.0,818.1094588041306,1.4740710969443793,3.2051174640655518,0.0,1.4740710969443793,150.0,91.1143490076065,0.6074289933840433,2.410245656967163,3.223770549297333,3.831199542681376,45.0,10.690256834030151,0.23756126297844782,0.8668861389160156,4.276614295111762,4.51417555809021,101.80460584163666,195.0,556
run12_g1_g1_24,3.0254785549900722,-0.04302936762311876,2,553.0,815.6822643280029,1.4750131362170036,3.2051174640655518,0.0,1.4750131362170036,152.0,90.39412760734558,0.594698207943063,2.410245656967163,3.2723556537377205,3.867053861680784,48.0,12.77084755897522,0.2660593241453171,0.9065937995910645,4.371554493904114,4.637613818049431,103.1649751663208,200.0,554
run12_g1_g1_3,3.0714937722056033,-0.3135976034670696,2,553.0,815.148038983345,1.4740470867691593,3.2051174640655518,0.0,1.4740470867691593,153.0,90.89220690727234,0.5940667118122375,2.410245656967163,3.275500094968509,3.8695668067807465,46.0,11.596749782562256,0.2521032561426577,0.8099894523620605,4.3246314992075385,4.576734755350196,102.4889566898346,199.0,554
run12_g1_g1_4,3.6466491351095733,1.6202651565286659,2,551.0,811.91943359375,1.4735379920031761,3.2871057987213135,0.0,1.4735379920031761,151.0,90.36605644226074,0.598450704915634,1.9455974102020264,3.257165199873463,3.855615904789097,40.0,12.269054889678955,0.30672637224197385,1.492377758026123,4.245067816972733,4.551794189214706,102.6351113319397,191.0,552
run12_g1_g1_5,2.7003132938983194,1.6655454032405699,2,550.0,812.4134665727615,1.4771153937686574,3.3959436416625977,0.0,1.4771153937686574,152.0,89.63573324680328,0.5897087713605479,2.410245656967163,3.256255032984834,3.845963804345382,45.0,12.360982179641724,0.27468849288092717,1.0595102310180664,4.289825195736356,4.564513688617282,101.99671542644501,197.0,551
run12_g1_g1_6,1.8591960673032397,0.8144874726754893,1,542.0,800.1772997379303,1.4763418814352958,3.292567729949951,0.0,1.4763418814352958,147.0,89.22479331493378,0.6069713830947876,2.410245656967163,3.2662099421429795,3.873181325237767,45.0,11.2928307056427,0.25095179345872665,1.0595102310180664,4.247816350724962,4.498768144183689,100.51762402057648,192.0,543
run12_g1_g1_7,5.147158585779033,3.264379415579231,2,556.0,819.8947093486786,1.4746307722098535,3.2938930988311768,0.0,1.4746307722098535,159.0,92.05693018436432,0.5789744036752473,2.410245656967163,3.2400920023708224,3.8190664060460695,40.0,12.830971479415894,0.32077428698539734,1.355844497680664,4.175011670589447,4.495785957574844,104.88790166378021,199.0,557
run12_g1_g1_8,7.3849600460067695,2.87752748127345,2,561.0,826.7778928279877,1.4737573847201206,3.2051174640655518,0.0,1.4737573847201206,158.0,93.6789585351944,0.5929048008556608,2.410245656967163,3.1781676894501794,3.77107249030584,45.0,14.157074451446533,0.3146016544765896,1.28828763961792,4.127041069666545,4.441642724143135,107.83603298664093,203.0,562
run12_g1_g1_9,1.2431133641319505,-0.307844121446179,1,550.0,811.6248853206635,1.4756816096739336,3.2857086658477783,0.0,1.4756816096739336,144.0,89.36252927780151,0.6205731199847327,2.5271482467651367,3.2459028396341534,3.8664759596188865,43.0,10.911290407180786,0.25375093970187873,1.0595102310180664,4.398543180421341,4.65229412012322,100.2738196849823,187.0,551
run12_g10_g10_0,0.7028470520925371,-2.1208737043596084,1,542.0,797.2810760736465,1.4709982953388312,3.0047607421875,0.0,1.4709982953388312,146.0,84.36983728408813,0.5778755978362201,2.2255237102508545,3.340034742877908,3.917910340714128,45.0,10.339340448379517,0.22976312107510036,0.897799015045166,4.352143632041083,4.581906753116184,94.70917773246765,191.0,543
run12_g10_g10_1,0.6593647870074212,-0.08568233586246282,1,544.0,801.4402323961258,1.4732357213164078,3.450584650039673,0.0,1.4732357213164078,141.0,84.50246405601501,0.5993082557164185,2.1462464332580566,3.2888434897077845,3.888151745424203,46.0,12.403148174285889,0.2696336559627367,0.9989333152770996,4.348536113034124,4.618169768996861,96.9056122303009,187.0,545
run12_g10_g10_10,1.3055310915067326,-2.437664341299167,1,551.0,810.554391503334,1.4710606016394447,3.2851128578186035,0.0,1.4710606016394447,146.0,85.24907577037811,0.5838977792491652,2.5219104290008545,3.2825627792371463,3.8664605584863114,47.0,9.704972267150879,0.20648877164150806,1.2118597030639648,4.449003118149777,4.655491889791286,94.95404803752899,193.0,552
run12_g10_g10_11,0.2635150901894617,0.6307975971222047,1,546.0,804.0491572618484,1.4726175041425795,3.4545059204101562,0.0,1.4726175041425795,148.0,83.47281754016876,0.5640055239200592,2.871953248977661,3.324721517595085,3.888727041515144,41.0,9.957485437393188,0.2428654984730046,1.3663034439086914,4.335134029388428,4.577999527861432,93.43030297756195,189.0,547
run12_g10_g10_12,1.888528612248013,-1.8964409563123634,1,550.0,809.3906254768372,1.4716193190487947,3.262476682662964,0.0,1.4716193190487947,145.0,82.87798416614532,0.5715723045941057,2.3567190170288086,3.268036525824974,3.83960883041908,50.0,10.698896884918213,0.21397793769836426,0.721860408782959,4.323505001068115,4.5374829387664795,93.57688105106354,195.0,551
run12_g10_g10_13,-1.033692611207128,0.7639783032995603,1,529.0,779.6844829320908,1.4738837106466744,3.33817720413208,0.0,1.4738837106466744,141.0,82.90210604667664,0.5879581989126003,2.8104782104492188,3.3108175697056113,3.898775768618212,42.0,10.57065224647522,0.2516821963446481,1.089250087738037,4.279747928891863,4.531430125236511,93.47275829315186,183.0,530
run12_g10_g10_14,2.4321875212573927,0.4693217667665841,1,559.0,824.6956493854523,1.4753052761814889,3.2051174640655518,0.0,1.4753052761814889,150.0,87.85816693305969,0.5857211128870646,2.3746395111083984,3.304762369791667,3.8904834826787313,44.0,11.679823637008667,0.26545053720474243,0.942631721496582,4.298065803267739,4.563516340472481,99.53799057006836,194.0,560
run12_g10_g10_15,-0.665913042910501,-2.4457542565190997,1,540.0,794.9360967874527,1.4721038829397273,3.2851128578186035,0.0,1.4721038829397273,137.0,83.86015582084656,0.6121179256996099,2.3585963249206543,3.2623737798119983,3.874491705511608,42.0,8.607343673706055,0.20493675413585843,1.2004318237304688,4.418005721909659,4.622942476045518,92.46749949455261,179.0,541
run12_g10_g10_16,-1.037794230112345,0.778446975791805,1,529.0,779.6960489749908,1.473905574621911,3.3395330905914307,0.0,1.473905574621911,141.0,82.90938365459442,0.5880098131531519,2.8128485679626465,3.310823569906519,3.898833383059671,42.0,10.580610752105713,0.2519193036215646,1.0866012573242188,4.279504435403006,4.531423739024571,93.48999440670013,183.0,530
run12_g10_g10_17,1.0798075626068824,-2.0724355455637413,1,543.0,799.3125672340393,1.472030510559925,3.2851128578186035,0.0,1.472030510559925,142.0,87.61188519001007,0.6169851069719019,2.2408134937286377,3.252361253113814,3.8693463600857156,44.0,9.363740682601929,0.2128122882409529,1.2118597030639648,4.375010517510501,4.587822805751454,96.975625872612,186.0,544
run12_g10_g10_18,0.45339357851464007,2.2680125756323597,1,536.0,790.8109585046768,1.47539357929977,3.355527400970459,0.0,1.47539357929977,150.0,86.61122715473175,0.577408181031545,1.9147143363952637,3.315249189535777,3.892657370567322,35.0,10.85215950012207,0.3100617000034877,1.3490943908691406,4.2492505550384525,4.55931225504194,97.46338665485382,185.0,537
run12_g10_g10_19,-1.3787824362014423,0.2536197468328801,1,542.0,797.8337491750717,1.4720179874078814,3.4711060523986816,0.0,1.4720179874078814,137.0,81.33536803722382,0.5936888177899549,2.2620396614074707,3.3545370650117414,3.9482258828016965,41.0,11.690202474594116,0.28512688962424676,1.0887441635131836,4.353850888042915,4.6389777776671615,93.02557051181793,178.0,543
run12_g10_g10_2,-2.738632531191954,0.9261434540570483,0,528.0,779.2653167247772,1.4758812816757145,3.413102388381958,0.0,1.4758812816757145,139.0,81.66705667972565,0.5875327818685299,2.4426660537719727,3.3425331124298863,3.930065894298416,40.0,11.151535749435425,0.2787883937358856,0.8442115783691406,4.357276910543442,4.636065304279327,92.81859242916107,179.0,529
run12_g10_g10_20,3.6620250011759024,-2.5855239793275473,2,553.0,812.4449141025543,1.4691589766773134,3.127643585205078,0.0,1.4691589766773134,150.0,85.30094277858734,0.568672951857249,2.2230446338653564,3.264408457279205,3.8330814091364545,52.0,11.35939073562622,0.21844982183896577,0.721860408782959,4.324124460036938,4.542574281875904,96.66033351421356,202.0,554
run12_g10_g10_21,0.36194035513251843,-2.359967986825804,1,536.0,789.8397456407547,1.473581615001408,3.33253812789917,0.0,1.473581615001408,143.0,87.36034822463989,0.6109115260464328,2.2408134937286377,3.262860381519878,3.8737719075663106,48.0,9.720617532730103,0.20251286526521048,1.2239713668823242,4.4461323817571,4.648645247022311,97.08096575737,191.0,537
run12_g10_g10_22,2.709849848139634,0.6104020989205509,2,544.0,800.1459506750107,1.4708565269761227,3.28822660446167,0.0,1.4708565269761227,151.0,87.87963426113129,0.581984332855174,2.052295446395874,3.347740205707929,3.929724538563103,44.0,11.721787929534912,0.26640427112579346,1.4901137351989746,4.205748455090956,4.472152726216749,99.6014221906662,195.0,545
run12_g10_g10_23,1.230939701129763,-0.1498308400359,1,552.0,813.2524946928024,1.4732835048782653,3.075467348098755,0.0,1.4732835048782653,143.0,83.82198715209961,0.5861677423223749,2.3746395111083984,3.3068073796225597,3.8929751219449344,43.0,11.839235305786133,0.2753310536229333,0.9993977546691895,4.321202899134437,4.59653395275737,95.66122245788574,186.0,553
run12_g10_g10_24,4.645567997463555,1.8043902310772157,2,555.0,815.792605638504,1.4698965867360434,3.28822660446167,0.0,1.4698965867360434,156.0,92.1698487997055,0.5908323641006763,2.5826008319854736,3.3001243678423076,3.8909567319429836,40.0,11.496225833892822,0.28740564584732053,1.394629955291748,4.141367167234421,4.428772813081741,103.66607463359833,196.0,556
run12_g10_g10_3,-2.4594725286304295,-0.10237265387090815,0,532.0,785.9870530366898,1.4774192726253568,3.2187087535858154,0.0,1.4774192726253568,138.0,80.9933397769928,0.586908259253571,2.36051607131958,3.3291459221770796,3.916054181430651,42.0,10.618125200271606,0.2528125047683716,1.016404628753662,4.40292041074662,4.655732915514991,91.6114649772644,180.0,533
run12_g10_g10_4,0.7172932814785566,0.0010095793342440775,1,549.0,807.2064957618713,1.470321485905048,3.4711060523986816,0.0,1.470321485905048,142.0,85.07466650009155,0.5991173697189546,2.217374086380005,3.314658586408051,3.9137759561270054,41.0,11.599522590637207,0.28291518513749286,1.0320630073547363,4.3228422316109265,4.605757416748419,96.67418909072876,183.0,550
run12_g10_g10_5,4.000519330282251,0.7289045674076161,2,550.0,808.2214832305908,1.4694936058738015,3.315999746322632,0.0,1.4694936058738015,155.0,90.95153093338013,0.5867840705379364,2.5926644802093506,3.33184076124622,3.918624831784156,46.0,12.211976051330566,0.26547774024631665,1.5858449935913086,4.243350448815719,4.508828189062036,103.1635069847107,201.0,551
run12_g10_g10_6,-0.2715290548538544,0.11493141385002573,1,545.0,802.6345771551132,1.4727239947800244,3.450584650039673,0.0,1.4727239947800244,143.0,82.62100803852081,0.577769286982663,2.333621025085449,3.31334459948373,3.891113886466393,41.0,10.862747192382812,0.26494505347275155,0.8479981422424316,4.330663477502218,4.595608530974969,93.48375523090363,184.0,546
run12_g10_g10_7,4.970745515191936,1.0477940120711136,2,555.0,815.4027938842773,1.4691942232149142,3.28822660446167,0.0,1.4691942232149142,155.0,92.18958842754364,0.5947715382422171,2.5926644802093506,3.288387296276708,3.883158834518925,43.0,11.580014944076538,0.269302673118059,1.394629955291748,4.158602298692215,4.427904971810275,103.76960337162018,198.0,556
run12_g10_g10_8,0.8136069042146717,0.03021242461983318,1,547.0,805.6184140443802,1.472794175583876,3.450584650039673,0.0,1.472794175583876,144.0,84.5829461812973,0.5873815707034535,2.1445984840393066,3.307617057528761,3.894998628232214,44.0,11.694076776504517,0.2657744721932845,0.9989333152770996,4.3245243646881795,4.590298836881464,96.27702295780182,188.0,548
run12_g10_g10_9,-3.1891147320644735,2.534978242046426,0,523.0,772.8250906467438,1.4776770375654757,3.3713393211364746,0.0,1.4776770375654757,137.0,82.91745936870575,0.6052369296985821,2.461603879928589,3.289763226996373,3.8950001566949553,34.0,11.654696702957153,0.34278519714579864,0.8799171447753906,4.368611461975995,4.711396659121794,94.5721560716629,171.0,524
run12_g11_g11_0,0.7028470520925371,-2.1208737043596084,1,542.0,797.2810760736465,1.4709982953388312,3.0047607421875,0.0,1.4709982953388312,146.0,84.36983728408813,0.5778755978362201,2.2255237102508545,3.340034742877908,3.917910340714128,45.0,10.339340448379517,0.22976312107510036,0.897799015045166,4.352143632041083,4.581906753116184,94.70917773246765,191.0,543
run12_g11_g11_1,1.3237021530528326,0.8150865299402323,1,538.0,792.5876045227051,1.473211160822872,3.099545478820801,0.0,1.473211160822872,144.0,88.68698871135712,0.6158818660510911,2.2255237102508545,3.3280142173171043,3.9438960833681955,42.0,12.500503778457642,0.29763104234422955,1.5788493156433105,4.297156271480379,4.594787313824608,101.18749248981476,186.0,539
run12_g11_g11_10,-1.3787824362014423,0.2536197468328801,1,542.0,797.8337491750717,1.4720179874078814,3.4711060523986816,0.0,1.4720179874078814,137.0,81.33536803722382,0.5936888177899549,2.2620396614074707,3.3545370650117414,3.9482258828016965,41.0,11.690202474594116,0.28512688962424676,1.0887441635131836,4.353850888042915,4.6389777776671615,93.02557051181793,178.0,543
run12_g11_g11_11,2.709849848139634,0.6104020989205509,2,544.0,800.1459506750107,1.4708565269761227,3.28822660446167,0.0,1.4708565269761227,151.0,87.87963426113129,0.581984332855174,2.052295446395874,3.347740205707929,3.929724538563103,44.0,11.721787929534912,0.26640427112579346,1.4901137351989746,4.205748455090956,4.472152726216749,99.6014221906662,195.0,545
run12_g11_g11_12,1.4604464074577856,0.02473332089665918,1,548.0,807.734382390976,1.4739678510784233,3.106543779373169,0.0,1.4739678510784233,141.0,86.5433943271637,0.6137829384905227,2.3351104259490967,3.2834378472456693,3.897220785736192,44.0,12.324703454971313,0.2801068967038935,0.9993977546691895,4.304867018352855,4.584973915056749,98.86809778213501,185.0,549
run12_g11_g11_13,-1.7037431864166386,-1.4272551278656778,0,528.0,778.898705124855,1.4751869415243466,3.34053897857666,0.0,1.4751869415243466,142.0,84.5164510011673,0.5951862746561077,2.2408134937286377,3.3000618194190547,3.895248094075163,43.0,9.450830698013306,0.2197867604189141,1.2717738151550293,4.466829915379369,4.686616675798283,93.9672816991806,185.0,529
run12_g11_g11_14,0.6593647870074212,-0.08568233586246282,1,544.0,801.4402323961258,1.4732357213164078,3.450584650039673,0.0,1.4732357213164078,141.0,84.50246405601501,0.5993082557164185,2.1462464332580566,3.2888434897077845,3.888151745424203,46.0,12.403148174285889,0.2696336559627367,0.9989333152770996,4.348536113034124,4.618169768996861,96.9056122303009,187.0,545
run12_g11_g11_15,3.6620250011759024,-2.5855239793275473,2,553.0,812.4449141025543,1.4691589766773134,3.127643585205078,0.0,1.4691589766773134,150.0,85.30094277858734,0.568672951857249,2.2230446338653564,3.264408457279205,3.8330814091364545,52.0,11.35939073562622,0.21844982183896577,0.721860408782959,4.324124460036938,4.542574281875904,96.66033351421356,202.0,554
run12_g11_g11_16,4.035377516153242,1.4514716216585062,2,553.0,813.4854060411453,1.4710405172534273,3.28822660446167,0.0,1.4710405172534273,152.0,89.7177050113678,0.5902480592853144,2.5826008319854736,3.2996525325273214,3.8899005918126357,43.0,11.522327899932861,0.267961113951927,1.394629955291748,4.141449795212856,4.409410909164784,101.24003291130066,195.0,554
run12_g11_g11_17,-0.3904139575116989,0.34199447701247454,1,543.0,799.5018774271011,1.4723791481162083,3.450584650039673,0.0,1.4723791481162083,144.0,82.8382089138031,0.5752653396791882,2.333621025085449,3.3218129807048373,3.8970783203840256,40.0,10.961441040039062,0.27403602600097654,0.8703341484069824,4.331975573301316,4.606011599302292,93.79964995384216,184.0,544
run12_g11_g11_18,1.230939701129763,-0.1498308400359,1,552.0,813.2524946928024,1.4732835048782653,3.075467348098755,0.0,1.4732835048782653,143.0,83.82198715209961,0.5861677423223749,2.3746395111083984,3.3068073796225597,3.8929751219449344,43.0,11.839235305786133,0.2753310536229333,0.9993977546691895,4.321202899134437,4.59653395275737,95.66122245788574,186.0,553
run12_g11_g11_19,0.30774663442202865,-2.6166760239708866,1,547.0,804.8832312822342,1.4714501485964062,3.2851128578186035,0.0,1.4714501485964062,141.0,83.48223090171814,0.5920725595866535,2.0162487030029297,3.2744646562752147,3.8665372158618685,42.0,8.580639839172363,0.20430094855172293,1.2004318237304688,4.397187567892528,4.601488516444252,92.0628707408905,183.0,548
run12_g11_g11_2,0.8269749347912674,0.009906152680394303,1,547.0,805.5634706020355,1.4726937305338859,3.450584650039673,0.0,1.4726937305338859,144.0,84.51135265827179,0.5868843934602208,2.1445984840393066,3.3070079245501094,3.89389231801033,44.0,11.690178871154785,0.265685883435336,0.9989333152770996,4.32469082962383,4.5903767130591655,96.20153152942657,188.0,548
run12_g11_g11_20,1.3055310915067326,-2.437664341299167,1,551.0,810.554391503334,1.4710606016394447,3.2851128578186035,0.0,1.4710606016394447,146.0,85.24907577037811,0.5838977792491652,2.5219104290008545,3.2825627792371463,3.8664605584863114,47.0,9.704972267150879,0.20648877164150806,1.2118597030639648,4.449003118149777,4.655491889791286,94.95404803752899,193.0,552
run12_g11_g11_21,0.8136069042146717,0.03021242461983318,1,547.0,805.6184140443802,1.472794175583876,3.450584650039673,0.0,1.472794175583876,144.0,84.5829461812973,0.5873815707034535,2.1445984840393066,3.307617057528761,3.894998628232214,44.0,11.694076776504517,0.2657744721932845,0.9989333152770996,4.3245243646881795,4.590298836881464,96.27702295780182,188.0,548
run12_g11_g11_22,3.0349307068636318,1.7050098672634244,2,548.0,805.6597347259521,1.4701819976750952,3.315999746322632,0.0,1.4701819976750952,153.0,90.09894871711731,0.5888820177589367,2.587679624557495,3.3406007679459315,3.9294827857048684,41.0,12.11780858039856,0.29555630683898926,1.5858449935913086,4.227337558095048,4.522893864934037,102.21675729751587,194.0,549
run12_g11_g11_23,2.4321875212573927,0.4693217667665841,1,559.0,824.6956493854523,1.4753052761814889,3.2051174640655518,0.0,1.4753052761814889,150.0,87.85816693305969,0.5857211128870646,2.3746395111083984,3.304762369791667,3.8904834826787313,44.0,11.679823637008667,0.26545053720474243,0.942631721496582,4.298065803267739,4.563516340472481,99.53799057006836,194.0,560
run12_g11_g11_24,-2.3236588998515355,2.57131320949137,0,523.0,772.7366865873337,1.4775080049471008,3.3713393211364746,0.0,1.4775080049471008,143.0,83.16757273674011,0.5815914177394413,2.461603879928589,3.302436910309158,3.884028328048599,36.0,11.651564121246338,0.32365455892350936,0.8767681121826172,4.3370004362530175,4.660654995176527,94.81913685798645,179.0,524
run12_g11_g11_3,0.3942922537713308,1.9418775801404216,1,536.0,790.2738864421844,1.4743915791831799,3.352342128753662,0.0,1.4743915791831799,151.0,86.70613396167755,0.5742128076932288,1.9579339027404785,3.322141466551269,3.896354274244498,35.0,10.899115800857544,0.31140330859592985,1.3490943908691406,4.286863258906773,4.598266567502703,97.6052497625351,186.0,537
run12_g11_g11_4,-2.4925279790224013,-0.056825387334009284,0,532.0,786.1146674156189,1.477659149277479,3.213980197906494,0.0,1.477659149277479,139.0,80.99600481987,0.5827050706465468,2.36051607131958,3.335864101382468,3.918569172029015,42.0,10.575885534286499,0.25180679843539283,1.016404628753662,4.406199546087356,4.658006344522748,91.5718903541565,181.0,533
run12_g11_g11_5,-1.376657362545218,-0.9831705365169507,1,537.0,790.8356951475143,1.4726921697346635,3.2851128578186035,0.0,1.4726921697346635,137.0,84.79974579811096,0.6189762467015398,2.2408134937286377,3.283910084814921,3.9028863315164606,36.0,9.083889245986938,0.2523302568329705,0.8359570503234863,4.341853062311809,4.594183319144779,93.8836350440979,173.0,538
run12_g11_g11_6,-2.4594725286304295,-0.10237265387090815,0,532.0,785.9870530366898,1.4774192726253568,3.2187087535858154,0.0,1.4774192726253568,138.0,80.9933397769928,0.586908259253571,2.36051607131958,3.3291459221770796,3.916054181430651,42.0,10.618125200271606,0.2528125047683716,1.016404628753662,4.40292041074662,4.655732915514991,91.6114649772644,180.0,533
run12_g11_g11_7,-0.2715290548538544,0.11493141385002573,1,545.0,802.6345771551132,1.4727239947800244,3.450584650039673,0.0,1.4727239947800244,143.0,82.62100803852081,0.577769286982663,2.333621025085449,3.31334459948373,3.891113886466393,41.0,10.862747192382812,0.26494505347275155,0.8479981422424316,4.330663477502218,4.595608530974969,93.48375523090363,184.0,546
run12_g11_g11_8,1.510147917161171,-0.8564382711066332,1,551.0,810.9328045845032,1.4717473767413851,3.2851128578186035,0.0,1.4717473767413851,148.0,85.45754075050354,0.5774158158817807,2.5219104290008545,3.293264174783552,3.870679990665333,44.0,10.748857259750366,0.24429221044887195,1.217503547668457,4.398060966621745,4.642353177070618,96.2063980102539,192.0,552
run12_g11_g11_9,0.47696113444983745,0.647984489342326,1,546.0,804.0888736248016,1.4726902447340688,3.4545059204101562,0.0,1.4726902447340688,148.0,83.72003269195557,0.5656758965672674,2.871953248977661,3.3254156418748804,3.8910915384421476,42.0,10.042044639587402,0.2390963009425572,1.3663034439086914,4.316247548375811,4.555343849318368,93.76207733154297,190.0,547
run12_g12_g12_0,0.7028470520925371,-2.1208737043596084,1,542.0,797.2810760736465,1.4709982953388312,3.0047607421875,0.0,1.4709982953388312,146.0,84.36983728408813,0.5778755978362201,2.2255237102508545,3.340034742877908,3.917910340714128,45.0,10.339340448379517,0.22976312107510036,0.897799015045166,4.352143632041083,4.581906753116184,94.70917773246765,191.0,543
run12_g12_g12_1,1.510147917161171,-0.8564382711066332,1,551.0,810.9328045845032,1.4717473767413851,3.2851128578186035,0.0,1.4717473767413851,148.0,85.45754075050354,0.5774158158817807,2.5219104290008545,3.293264174783552,3.870679990665333,44.0,10.748857259750366,0.24429221044887195,1.217503547668457,4.398060966621745,4.642353177070618,96.2063980102539,192.0,552
run12_g12_g12_10,-1.5292788069472885,-2.4146076162154335,1,535.0,788.5196968317032,1.473868592208791,3.3396432399749756,0.0,1.473868592208791,139.0,85.51471400260925,0.6152137698029443,2.2408134937286377,3.289847367101436,3.90506113690438,43.0,8.976475715637207,0.20875524920086527,0.8502192497253418,4.4499878938808,4.658743143081665,94.49118971824646,182.0,536
run12_g12_g12_11,-2.3236588998515355,2.57131320949137,0,523.0,772.7366865873337,1.4775080049471008,3.3713393211364746,0.0,1.4775080049471008,143.0,83.16757273674011,0.5815914177394413,2.461603879928589,3.302436910309158,3.884028328048599,36.0,11.651564121246338,0.32365455892350936,0.8767681121826172,4.3370004362530175,4.660654995176527,94.81913685798645,179.0,524
run12_g12_g12_12,1.3055310915067326,-2.437664341299167,1,551.0,810.554391503334,1.4710606016394447,3.2851128578186035,0.0,1.4710606016394447,146.0,85.24907577037811,0.5838977792491652,2.5219104290008545,3.2825627792371463,3.8664605584863114,47.0,9.704972267150879,0.20648877164150806,1.2118597030639648,4.449003118149777,4.655491889791286,94.95404803752899,193.0,552
run12_g12_g12_13,0.47696113444983745,0.647984489342326,1,546.0,804.0888736248016,1.4726902447340688,3.4545059204101562,0.0,1.4726902447340688,148.0,83.72003269195557,0.5656758965672674,2.871953248977661,3.3254156418748804,3.8910915384421476,42.0,10.042044639587402,0.2390963009425572,1.3663034439086914,4.316247548375811,4.555343849318368,93.76207733154297,190.0,547
run12_g12_g12_14,1.8728529833274192,1.2973331997208923,1,544.0,801.0832439661026,1.4725794925847475,3.28822660446167,0.0,1.4725794925847475,147.0,88.25264799594879,0.6003581496323047,2.5826008319854736,3.3249694368466227,3.9253275864789274,42.0,11.387382984161377,0.2711281662895566,1.519881248474121,4.22384892758869,4.494977093878246,99.64003098011017,189.0,545
run12_g12_g12_15,-0.42259246303646886,-0.2526027151383661,1,541.0,796.5083026885986,1.4722889143966702,3.450584650039673,0.0,1.4722889143966702,143.0,82.7203140258789,0.5784637344467056,2.335179567337036,3.321356314879197,3.899820049325903,43.0,11.095632791519165,0.2580379718957945,0.8703341484069824,4.351759832958843,4.609797804854637,93.81594681739807,186.0,542
run12_g12_g12_16,0.9282566912178413,-0.7082394897734086,1,544.0,800.7705625295639,1.4720047105322867,3.450584650039673,0.0,1.4720047105322867,143.0,84.85518562793732,0.5933929064890722,2.1462464332580566,3.2994846889189073,3.8928775954079793,48.0,12.446847677230835,0.2593093266089757,0.8479981422424316,4.35997249186039,4.619281818469365,97.30203330516815,191.0,545
run12_g12_g12_17,0.8136069042146717,0.03021242461983318,1,547.0,805.6184140443802,1.472794175583876,3.450584650039673,0.0,1.472794175583876,144.0,84.5829461812973,0.5873815707034535,2.1445984840393066,3.307617057528761,3.894998628232214,44.0,11.694076776504517,0.2657744721932845,0.9989333152770996,4.3245243646881795,4.590298836881464,96.27702295780182,188.0,548
run12_g12_g12_18,-2.1509095289423428,2.527306835258187,0,523.0,772.7351546287537,1.4775050757719956,3.3713393211364746,0.0,1.4775050757719956,143.0,83.13567113876343,0.5813683296417023,2.461603879928589,3.301818672593657,3.8831870022353594,37.0,11.814921617507935,0.31932220587859284,0.8767681121826172,4.32863585369007,4.647958059568663,94.95059275627136,180.0,524
run12_g12_g12_19,1.0835099041059875,-2.271432605726239,1,544.0,800.152051448822,1.470867741633864,3.0896780490875244,0.0,1.470867741633864,147.0,84.77994346618652,0.5767343092937859,2.2255237102508545,3.3375910723290474,3.9143253816228336,47.0,10.261277914047241,0.21832506200100513,0.897799015045166,4.347504194746626,4.565829256747631,95.04122138023376,194.0,545
run12_g12_g12_2,4.035377516153242,1.4514716216585062,2,553.0,813.4854060411453,1.4710405172534273,3.28822660446167,0.0,1.4710405172534273,152.0,89.7177050113678,0.5902480592853144,2.5826008319854736,3.2996525325273214,3.8899005918126357,43.0,11.522327899932861,0.267961113951927,1.394629955291748,4.141449795212856,4.409410909164784,101.24003291130066,195.0,554
run12_g12_g12_20,2.709849848139634,0.6104020989205509,2,544.0,800.1459506750107,1.4708565269761227,3.28822660446167,0.0,1.4708565269761227,151.0,87.87963426113129,0.581984332855174,2.052295446395874,3.347740205707929,3.929724538563103,44.0,11.721787929534912,0.26640427112579346,1.4901137351989746,4.205748455090956,4.472152726216749,99.6014221906662,195.0,545
run12_g12_g12_21,-1.3787824362014423,0.2536197468328801,1,542.0,797.8337491750717,1.4720179874078814,3.4711060523986816,0.0,1.4720179874078814,137.0,81.33536803722382,0.5936888177899549,2.2620396614074707,3.3545370650117414,3.9482258828016965,41.0,11.690202474594116,0.28512688962424676,1.0887441635131836,4.353850888042915,4.6389777776671615,93.02557051181793,178.0,543
run12_g12_g12_22,-1.7037431864166386,-1.4272551278656778,0,528.0,778.898705124855,1.4751869415243466,3.34053897857666,0.0,1.4751869415243466,142.0,84.5164510011673,0.5951862746561077,2.2408134937286377,3.3000618194190547,3.895248094075163,43.0,9.450830698013306,0.2197867604189141,1.2717738151550293,4.466829915379369,4.686616675798283,93.9672816991806,185.0,529
run12_g12_g12_23,-0.2715290548538544,0.11493141385002573,1,545.0,802.6345771551132,1.4727239947800244,3.450584650039673,0.0,1.4727239947800244,143.0,82.62100803852081,0.577769286982663,2.333621025085449,3.31334459948373,3.891113886466393,41.0,10.862747192382812,0.26494505347275155,0.8479981422424316,4.330663477502218,4.595608530974969,93.48375523090363,184.0,546
run12_g12_g12_24,-0.3904139575116989,0.34199447701247454,1,543.0,799.5018774271011,1.4723791481162083,3.450584650039673,0.0,1.4723791481162083,144.0,82.8382089138031,0.5752653396791882,2.333621025085449,3.3218129807048373,3.8970783203840256,40.0,10.961441040039062,0.27403602600097654,0.8703341484069824,4.331975573301316,4.606011599302292,93.79964995384216,184.0,544
run12_g12_g12_3,-3.3310146153567386,1.320339142127782,0,530.0,783.7020652294159,1.478683141942294,3.4005658626556396,0.0,1.478683141942294,140.0,81.24397003650665,0.5803140716893332,2.378483295440674,3.371675115823746,3.951989187513079,40.0,11.10201382637024,0.27755034565925596,1.016404628753662,4.393320828676224,4.670871174335479,92.34598386287689,180.0,531
run12_g12_g12_4,0.8269749347912674,0.009906152680394303,1,547.0,805.5634706020355,1.4726937305338859,3.450584650039673,0.0,1.4726937305338859,144.0,84.51135265827179,0.5868843934602208,2.1445984840393066,3.3070079245501094,3.89389231801033,44.0,11.690178871154785,0.265685883435336,0.9989333152770996,4.32469082962383,4.5903767130591655,96.20153152942657,188.0,548
run12_g12_g12_5,0.7211368887231489,0.21566950092555867,1,547.0,805.601153254509,1.47276262020934,3.450584650039673,0.0,1.47276262020934,145.0,84.57479500770569,0.5832744483290048,2.1445984840393066,3.310416509365213,3.893690957694218,43.0,11.84724760055542,0.2755173860594284,0.9989333152770996,4.341996270556782,4.617513656616211,96.42204260826111,188.0,548
run12_g12_g12_6,2.4321875212573927,0.4693217667665841,1,559.0,824.6956493854523,1.4753052761814889,3.2051174640655518,0.0,1.4753052761814889,150.0,87.85816693305969,0.5857211128870646,2.3746395111083984,3.304762369791667,3.8904834826787313,44.0,11.679823637008667,0.26545053720474243,0.942631721496582,4.298065803267739,4.563516340472481,99.53799057006836,194.0,560
run12_g12_g12_7,1.230939701129763,-0.1498308400359,1,552.0,813.2524946928024,1.4732835048782653,3.075467348098755,0.0,1.4732835048782653,143.0,83.82198715209961,0.5861677423223749,2.3746395111083984,3.3068073796225597,3.8929751219449344,43.0,11.839235305786133,0.2753310536229333,0.9993977546691895,4.321202899134437,4.59653395275737,95.66122245788574,186.0,553
run12_g12_g12_8,-0.10361225899595493,-0.4255444894200299,1,538.0,792.8427436351776,1.4736853970914081,3.099545478820801,0.0,1.4736853970914081,143.0,87.16981661319733,0.609579137155226,2.2255237102508545,3.338253545594382,3.947832682749608,42.0,11.62914776802063,0.2768844706671579,0.897799015045166,4.351992811475482,4.628877282142639,98.79896438121796,185.0,539
run12_g12_g12_9,3.4206086834169493,-2.84397339051763,2,553.0,812.3186414241791,1.4689306354867615,3.127643585205078,0.0,1.4689306354867615,149.0,85.18070209026337,0.5716825643641836,2.2230446338653564,3.26403046374353,3.8357130281077136,52.0,11.412794589996338,0.2194768190383911,0.721860408782959,4.355222867085383,4.5746996861237745,96.5934966802597,201.0,554
run12_g13_g13_0,0.7028470520925371,-2.1208737043596084,1,542.0,797.2810760736465,1.4709982953388312,3.0047607421875,0.0,1.4709982953388312,146.0,84.36983728408813,0.5778755978362201,2.2255237102508545,3.340034742877908,3.917910340714128,45.0,10.339340448379517,0.22976312107510036,0.897799015045166,4.352143632041083,4.581906753116184,94.70917773246765,191.0,543
run12_g13_g13_1,0.0959671700060782,-0.45948812564387076,1,538.0,792.8409847021103,1.4736821276990897,3.099545478820801,0.0,1.4736821276990897,143.0,87.35907328128815,0.6109026103586583,2.2255237102508545,3.338744284389736,3.9496468947483945,43.0,11.70803165435791,0.2722798059153002,0.897799015045166,4.336878793184147,4.609158599099447,99.06710493564606,186.0,539
run12_g13_g13_10,0.47696113444983745,0.647984489342326,1,546.0,804.0888736248016,1.4726902447340688,3.4545059204101562,0.0,1.4726902447340688,148.0,83.72003269195557,0.5656758965672674,2.871953248977661,3.3254156418748804,3.8910915384421476,42.0,10.042044639587402,0.2390963009425572,1.3663034439086914,4.316247548375811,4.555343849318368,93.76207733154297,190.0,547
run12_g13_g13_11,1.510147917161171,-0.8564382711066332,1,551.0,810.9328045845032,1.4717473767413851,3.2851128578186035,0.0,1.4717473767413851,148.0,85.45754075050354,0.5774158158817807,2.5219104290008545,3.293264174783552,3.870679990665333,44.0,10.748857259750366,0.24429221044887195,1.217503547668457,4.398060966621745,4.642353177070618,96.2063980102539,192.0,552
run12_g13_g13_12,-1.7821419719701785,-2.7264804350992886,1,535.0,788.4816560745239,1.4737974879897644,3.3396432399749756,0.0,1.4737974879897644,137.0,85.44286632537842,0.6236705571195506,2.2408134937286377,3.2846601496647745,3.9083307067843247,43.0,8.768415927886963,0.2039166494857433,0.7624764442443848,4.451305245244225,4.655221894729969,94.21128225326538,180.0,536
run12_g13_g13_13,4.035377516153242,1.4514716216585062,2,553.0,813.4854060411453,1.4710405172534273,3.28822660446167,0.0,1.4710405172534273,152.0,89.7177050113678,0.5902480592853144,2.5826008319854736,3.2996525325273214,3.8899005918126357,43.0,11.522327899932861,0.267961113951927,1.394629955291748,4.141449795212856,4.409410909164784,101.24003291130066,195.0,554
run12_g13_g13_14,-1.5292788069472885,-2.4146076162154335,1,535.0,788.5196968317032,1.473868592208791,3.3396432399749756,0.0,1.473868592208791,139.0,85.51471400260925,0.6152137698029443,2.2408134937286377,3.289847367101436,3.90506113690438,43.0,8.976475715637207,0.20875524920086527,0.8502192497253418,4.4499878938808,4.658743143081665,94.49118971824646,182.0,536
run12_g13_g13_15,1.3055310915067326,-2.437664341299167,1,551.0,810.554391503334,1.4710606016394447,3.2851128578186035,0.0,1.4710606016394447,146.0,85.24907577037811,0.5838977792491652,2.5219104290008545,3.2825627792371463,3.8664605584863114,47.0,9.704972267150879,0.20648877164150806,1.2118597030639648,4.449003118149777,4.655491889791286,94.95404803752899,193.0,552
run12_g13_g13_16,-2.1509095289423428,2.527306835258187,0,523.0,772.7351546287537,1.4775050757719956,3.3713393211364746,0.0,1.4775050757719956,143.0,83.13567113876343,0.5813683296417023,2.461603879928589,3.301818672593657,3.8831870022353594,37.0,11.814921617507935,0.31932220587859284,0.8767681121826172,4.32863585369007,4.647958059568663,94.95059275627136,180.0,524
run12_g13_g13_17,-2.3236588998515355,2.57131320949137,0,523.0,772.7366865873337,1.4775080049471008,3.3713393211364746,0.0,1.4775080049471008,143.0,83.16757273674011,0.5815914177394413,2.461603879928589,3.302436910309158,3.884028328048599,36.0,11.651564121246338,0.32365455892350936,0.8767681121826172,4.3370004362530175,4.660654995176527,94.81913685798645,179.0,524
run12_g13_g13_18,3.9707224692533316,-1.432637568598448,2,551.0,809.9046722650528,1.4698814378676095,3.1472365856170654,0.0,1.4698814378676095,149.0,87.0727310180664,0.584380745087694,2.2230446338653564,3.2675783202152124,3.8519590653029065,51.0,12.446510076522827,0.2440492171867221,1.3428349494934082,4.336229899350335,4.580279116537056,99.51924109458923,200.0,552
run12_g13_g13_19,0.2522866569582799,1.007969831862294,1,546.0,804.1588505506516,1.472818407601926,3.4545059204101562,0.0,1.472818407601926,148.0,83.29308295249939,0.5627911010304013,2.871953248977661,3.3269304133750297,3.889721514405431,40.0,9.957483291625977,0.24893708229064943,1.3663034439086914,4.3090456306934355,4.557982712984085,93.25056624412537,188.0,547
run12_g13_g13_2,-3.3310146153567386,1.320339142127782,0,530.0,783.7020652294159,1.478683141942294,3.4005658626556396,0.0,1.478683141942294,140.0,81.24397003650665,0.5803140716893332,2.378483295440674,3.371675115823746,3.951989187513079,40.0,11.10201382637024,0.27755034565925596,1.016404628753662,4.393320828676224,4.670871174335479,92.34598386287689,180.0,531
run12_g13_g13_20,2.4321875212573927,0.4693217667665841,1,559.0,824.6956493854523,1.4753052761814889,3.2051174640655518,0.0,1.4753052761814889,150.0,87.85816693305969,0.5857211128870646,2.3746395111083984,3.304762369791667,3.8904834826787313,44.0,11.679823637008667,0.26545053720474243,0.942631721496582,4.298065803267739,4.563516340472481,99.53799057006836,194.0,560
run12_g13_g13_21,-0.2715290548538544,0.11493141385002573,1,545.0,802.6345771551132,1.4727239947800244,3.450584650039673,0.0,1.4727239947800244,143.0,82.62100803852081,0.577769286982663,2.333621025085449,3.31334459948373,3.891113886466393,41.0,10.862747192382812,0.26494505347275155,0.8479981422424316,4.330663477502218,4.595608530974969,93.48375523090363,184.0,546
run12_g13_g13_22,-2.0826537488571613,2.159624913445498,0,523.0,772.7766275405884,1.4775843738825782,3.3713393211364746,0.0,1.4775843738825782,143.0,83.10851812362671,0.58117844841697,2.4780547618865967,3.3062942895022305,3.8874727379192007,39.0,11.903473615646362,0.3052172721960606,0.9054751396179199,4.342613764298268,4.6478310364943285,95.01199173927307,182.0,524
run12_g13_g13_23,1.7143243234389787,0.01291679460972795,1,552.0,813.3812092542648,1.473516683431639,3.12357234954834,0.0,1.473516683431639,145.0,85.59425401687622,0.5903052001163878,2.3746395111083984,3.3034478516414247,3.8937530517578125,44.0,12.025487899780273,0.2733065431768244,1.0269365310668945,4.3147812485694885,4.588087791746313,97.6197419166565,189.0,553
run12_g13_g13_24,-2.5117080614465124,1.5138423785659025,0,531.0,785.162683725357,1.4786491218933278,3.4005658626556396,0.0,1.4786491218933278,143.0,82.02080273628235,0.5735720471068696,2.3728184700012207,3.366331787376137,3.9399038344830064,41.0,11.143076658248901,0.2717823575182659,1.016404628753662,4.354398099387565,4.62618045690583,93.16387939453125,184.0,532
run12_g13_g13_3,-1.2570077577230059,-0.8085904031026391,1,536.0,789.807329416275,1.4735211369706624,3.450584650039673,0.0,1.4735211369706624,137.0,82.39994490146637,0.601459451835521,2.1735963821411133,3.323961445014842,3.925420896850363,47.0,12.130735874176025,0.258100763280341,0.9394364356994629,4.413369412117816,4.671470175398157,94.5306807756424,184.0,537
run12_g13_g13_4,-1.3180694378699844,-1.0266641418160485,1,536.0,790.2198468446732,1.4742907590385694,3.34053897857666,0.0,1.4742907590385694,146.0,82.79021489620209,0.5670562664123431,2.536942720413208,3.328010969782529,3.8950672361948717,43.0,9.636625528335571,0.22410757042640864,1.2717738151550293,4.473269118819126,4.697376689245535,92.42684042453766,189.0,537
run12_g13_g13_5,-0.2846526310303354,0.4837557660588411,1,530.0,780.8425631523132,1.4732878550043647,3.28822660446167,0.0,1.4732878550043647,146.0,84.44585907459259,0.5783962950314561,2.052295446395874,3.37620861971215,3.9546049147436064,42.0,10.755050659179688,0.2560726347423735,1.472475528717041,4.263941429910206,4.520014064652579,95.20090973377228,188.0,531
run12_g13_g13_6,-1.7037431864166386,-1.4272551278656778,0,528.0,778.898705124855,1.4751869415243466,3.34053897857666,0.0,1.4751869415243466,142.0,84.5164510011673,0.5951862746561077,2.2408134937286377,3.3000618194190547,3.895248094075163,43.0,9.450830698013306,0.2197867604189141,1.2717738151550293,4.466829915379369,4.686616675798283,93.9672816991806,185.0,529
run12_g13_g13_7,1.0835099041059875,-2.271432605726239,1,544.0,800.152051448822,1.470867741633864,3.0896780490875244,0.0,1.470867741633864,147.0,84.77994346618652,0.5767343092937859,2.2255237102508545,3.3375910723290474,3.9143253816228336,47.0,10.261277914047241,0.21832506200100513,0.897799015045166,4.347504194746626,4.565829256747631,95.04122138023376,194.0,545
run12_g13_g13_8,-0.43870515955443395,0.26362757618892263,1,543.0,799.4647171497345,1.4723107129829365,3.450584650039673,0.0,1.4723107129829365,144.0,82.76378333568573,0.5747484953867065,2.333621025085449,3.3215766838855214,3.8963251792722278,40.0,10.918533086776733,0.27296332716941835,0.8112196922302246,4.331912124156952,4.60487545132637,93.68231642246246,184.0,544
run12_g13_g13_9,-0.10361225899595493,-0.4255444894200299,1,538.0,792.8427436351776,1.4736853970914081,3.099545478820801,0.0,1.4736853970914081,143.0,87.16981661319733,0.609579137155226,2.2255237102508545,3.338253545594382,3.947832682749608,42.0,11.62914776802063,0.2768844706671579,0.897799015045166,4.351992811475482,4.628877282142639,98.79896438121796,185.0,539
run12_g14_g14_0,-2.0826537488571613,2.159624913445498,0,523.0,772.7766275405884,1.4775843738825782,3.3713393211364746,0.0,1.4775843738825782,143.0,83.10851812362671,0.58117844841697,2.4780547618865967,3.3062942895022305,3.8874727379192007,39.0,11.903473615646362,0.3052172721960606,0.9054751396179199,4.342613764298268,4.6478310364943285,95.01199173927307,182.0,524
run12_g14_g14_1,-1.7037431864166386,-1.4272551278656778,0,528.0,778.898705124855,1.4751869415243466,3.34053897857666,0.0,1.4751869415243466,142.0,84.5164510011673,0.5951862746561077,2.2408134937286377,3.3000618194190547,3.895248094075163,43.0,9.450830698013306,0.2197867604189141,1.2717738151550293,4.466829915379369,4.686616675798283,93.9672816991806,185.0,529
run12_g14_g14_10,3.9707224692533316,-1.432637568598448,2,551.0,809.9046722650528,1.4698814378676095,3.1472365856170654,0.0,1.4698814378676095,149.0,87.0727310180664,0.584380745087694,2.2230446338653564,3.2675783202152124,3.8519590653029065,51.0,12.446510076522827,0.2440492171867221,1.3428349494934082,4.336229899350335,4.580279116537056,99.51924109458923,200.0,552
run12_g14_g14_11,-2.38819814014095,-1.4299070067820852,0,528.0,778.1795443296432,1.4738248945637182,3.34932017326355,0.0,1.4738248945637182,145.0,81.77362132072449,0.5639560091084448,2.536942720413208,3.3310961410917086,3.8950521502001534,42.0,9.080212593078613,0.21619553793044316,0.9123663902282715,4.46542873836699,4.681624276297433,90.8538339138031,187.0,529
run12_g14_g14_12,-2.5117080614465124,1.5138423785659025,0,531.0,785.162683725357,1.4786491218933278,3.4005658626556396,0.0,1.4786491218933278,143.0,82.02080273628235,0.5735720471068696,2.3728184700012207,3.366331787376137,3.9399038344830064,41.0,11.143076658248901,0.2717823575182659,1.016404628753662,4.354398099387565,4.62618045690583,93.16387939453125,184.0,532
run12_g14_g14_13,-0.3402169893025846,-0.6898782402314565,1,535.0,788.202739238739,1.4732761481097925,3.099545478820801,0.0,1.4732761481097925,140.0,86.12460541725159,0.6151757529803685,2.2255237102508545,3.3257694584982738,3.940945211478642,43.0,11.7141432762146,0.2724219366561535,0.897799015045166,4.347805183987285,4.620227120643438,97.83874869346619,183.0,536
run12_g14_g14_14,0.0959671700060782,-0.45948812564387076,1,538.0,792.8409847021103,1.4736821276990897,3.099545478820801,0.0,1.4736821276990897,143.0,87.35907328128815,0.6109026103586583,2.2255237102508545,3.338744284389736,3.9496468947483945,43.0,11.70803165435791,0.2722798059153002,0.897799015045166,4.336878793184147,4.609158599099447,99.06710493564606,186.0,539
run12_g14_g14_15,1.8491608137416071,-0.2988216711718617,1,552.0,813.3834056854248,1.4735206624735957,3.1119563579559326,0.0,1.4735206624735957,146.0,86.19058895111084,0.5903464996651427,2.3746395111083984,3.3056452894864017,3.8959917891515445,45.0,11.858189105987549,0.26351531346638996,0.942631721496582,4.314429103003608,4.577944416469998,98.04877805709839,191.0,553
run12_g14_g14_16,-2.3236588998515355,2.57131320949137,0,523.0,772.7366865873337,1.4775080049471008,3.3713393211364746,0.0,1.4775080049471008,143.0,83.16757273674011,0.5815914177394413,2.461603879928589,3.302436910309158,3.884028328048599,36.0,11.651564121246338,0.32365455892350936,0.8767681121826172,4.3370004362530175,4.660654995176527,94.81913685798645,179.0,524
run12_g14_g14_17,-0.10361225899595493,-0.4255444894200299,1,538.0,792.8427436351776,1.4736853970914081,3.099545478820801,0.0,1.4736853970914081,143.0,87.16981661319733,0.609579137155226,2.2255237102508545,3.338253545594382,3.947832682749608,42.0,11.62914776802063,0.2768844706671579,0.897799015045166,4.351992811475482,4.628877282142639,98.79896438121796,185.0,539
run12_g14_g14_18,0.9050248175599735,1.1704175951033526,1,550.0,811.0072575807571,1.474558650146831,3.373741388320923,0.0,1.474558650146831,148.0,85.0742689371109,0.5748261414669655,2.3746395111083984,3.3344847326343126,3.909310874101278,43.0,12.357870817184448,0.28739234458568486,1.0269365310668945,4.327286542848099,4.614678887433784,97.43213975429535,191.0,551
run12_g14_g14_19,1.7143243234389787,0.01291679460972795,1,552.0,813.3812092542648,1.473516683431639,3.12357234954834,0.0,1.473516683431639,145.0,85.59425401687622,0.5903052001163878,2.3746395111083984,3.3034478516414247,3.8937530517578125,44.0,12.025487899780273,0.2733065431768244,1.0269365310668945,4.3147812485694885,4.588087791746313,97.6197419166565,189.0,553
run12_g14_g14_2,-0.18351991393227465,0.47266429315043257,1,545.0,801.3410571813583,1.4703505636355199,3.4677393436431885,0.0,1.4703505636355199,144.0,83.49835729598999,0.5798497034443749,3.027132034301758,3.3338222901026406,3.9136719935470157,41.0,10.804948806762695,0.26353533675030966,0.970522403717041,4.324114956506869,4.5876502932571785,94.30330610275269,185.0,546
run12_g14_g14_20,0.8336843632742458,0.9431960259268907,1,548.0,807.0203793048859,1.472664925738843,3.4545059204101562,0.0,1.472664925738843,148.0,83.498202085495,0.5641770411182094,2.632429599761963,3.3245541469470874,3.888731188065297,41.0,10.310229301452637,0.2514690073525033,1.3663034439086914,4.2815006651529455,4.532969672505448,93.80843138694763,189.0,549
run12_g14_g14_21,4.097960306089229,-1.3497554804371232,2,553.0,812.7094979286194,1.4696374284423497,3.127643585205078,0.0,1.4696374284423497,148.0,87.05878901481628,0.5882350609109208,2.2230446338653564,3.2642102160969295,3.8524452770078503,50.0,12.376639604568481,0.24753279209136964,1.3428349494934082,4.3167140626907345,4.5642468547821045,99.43542861938477,198.0,554
run12_g14_g14_22,-4.232914587849243,1.782430075666439,0,526.0,778.3706061840057,1.4797920269657905,3.4005658626556396,0.0,1.4797920269657905,140.0,78.4065192937851,0.5600465663841793,2.378483295440674,3.3807448736258916,3.940791440010071,38.0,10.416931390762329,0.27412977344111394,1.016404628753662,4.369772653830679,4.643902427271793,88.82345068454742,178.0,527
run12_g14_g14_23,0.34657361442643453,0.5598800296331137,1,546.0,804.1282238960266,1.4727623148278877,3.462634801864624,0.0,1.4727623148278877,147.0,83.78788232803345,0.5699855940682548,2.871441125869751,3.3245927817156526,3.894578375783907,42.0,9.950270175933838,0.2369111946650914,1.3675456047058105,4.318429680097671,4.555340874762762,93.73815250396729,189.0,547
run12_g14_g14_24,3.742579751229717,1.1651505400804967,2,553.0,813.5068808794022,1.4710793505956639,3.3570878505706787,0.0,1.4710793505956639,152.0,91.01071870326996,0.5987547283109865,2.5826008319854736,3.3146948806549372,3.913449608965924,44.0,11.596291542053223,0.2635520805012096,1.394629955291748,4.182084116068753,4.445636196569963,102.60701024532318,196.0,554
run12_g14_g14_3,0.7028470520925371,-2.1208737043596084,1,542.0,797.2810760736465,1.4709982953388312,3.0047607421875,0.0,1.4709982953388312,146.0,84.36983728408813,0.5778755978362201,2.2255237102508545,3.340034742877908,3.917910340714128,45.0,10.339340448379517,0.22976312107510036,0.897799015045166,4.352143632041083,4.581906753116184,94.70917773246765,191.0,543
run12_g14_g14_4,-3.0387837427327185,1.8916159848690117,0,517.0,763.7374118566513,1.4772483788329813,3.446108818054199,0.0,1.4772483788329813,138.0,81.26922655105591,0.5889074387757675,2.5085625648498535,3.308728223261626,3.8976356620373935,39.0,10.878831624984741,0.2789444006406344,0.8177499771118164,4.273165910671919,4.552110311312553,92.14805817604065,177.0,518
run12_g14_g14_5,-0.43870515955443395,0.26362757618892263,1,543.0,799.4647171497345,1.4723107129829365,3.450584650039673,0.0,1.4723107129829365,144.0,82.76378333568573,0.5747484953867065,2.333621025085449,3.3215766838855214,3.8963251792722278,40.0,10.918533086776733,0.27296332716941835,0.8112196922302246,4.331912124156952,4.60487545132637,93.68231642246246,184.0,544
run12_g14_g14_6,-1.7152383269491713,-1.6507727241212204,0,529.0,779.3936966657639,1.4733340201621246,3.2379367351531982,0.0,1.4733340201621246,143.0,81.70983910560608,0.5713974762629795,2.411975145339966,3.348341973511489,3.9197394497744686,46.0,10.14989423751831,0.22064987472865893,0.897799015045166,4.42045856040457,4.641108435133229,91.85973334312439,189.0,530
run12_g14_g14_7,-0.2514776974721183,-1.4332625192326434,1,542.0,797.7953243255615,1.4719470928515894,3.3363726139068604,0.0,1.4719470928515894,141.0,81.46643686294556,0.5777761479641529,2.2255237102508545,3.330583481078452,3.908359629042605,46.0,10.249485969543457,0.2228149123813795,0.897799015045166,4.323441484700078,4.546256397081458,91.71592283248901,187.0,543
run12_g14_g14_8,-0.7792571245492678,-1.0076379982695085,1,537.0,791.6384690999985,1.4741870932960865,3.34053897857666,0.0,1.4741870932960865,148.0,81.91757416725159,0.5534971227516999,2.1433348655700684,3.3447673594629443,3.898264482214644,44.0,9.880021333694458,0.22454593940214676,1.2717738151550293,4.425366992300207,4.649912931702354,91.79759550094604,192.0,538
run12_g14_g14_9,1.5318296716405273,-2.412360445776413,1,553.0,813.3557398319244,1.4708060394790676,3.2851128578186035,0.0,1.4708060394790676,148.0,85.09227573871613,0.5749478090453792,2.5219104290008545,3.2917013095842824,3.866649118629662,47.0,9.662017822265625,0.20557484728224734,1.2118597030639648,4.4476781804510885,4.653253027733336,94.75429356098175,195.0,554
run12_g15_g15_0,-2.38819814014095,-1.4299070067820852,0,528.0,778.1795443296432,1.4738248945637182,3.34932017326355,0.0,1.4738248945637182,145.0,81.77362132072449,0.5639560091084448,2.536942720413208,3.3310961410917086,3.8950521502001534,42.0,9.080212593078613,0.21619553793044316,0.9123663902282715,4.46542873836699,4.681624276297433,90.8538339138031,187.0,529
run12_g15_g15_1,0.34657361442643453,0.5598800296331137,1,546.0,804.1282238960266,1.4727623148278877,3.462634801864624,0.0,1.4727623148278877,147.0,83.78788232803345,0.5699855940682548,2.871441125869751,3.3245927817156526,3.894578375783907,42.0,9.950270175933838,0.2369111946650914,1.3675456047058105,4.318429680097671,4.555340874762762,93.73815250396729,189.0,547
run12_g15_g15_10,-0.43870515955443395,0.26362757618892263,1,543.0,799.4647171497345,1.4723107129829365,3.450584650039673,0.0,1.4723107129829365,144.0,82.76378333568573,0.5747484953867065,2.333621025085449,3.3215766838855214,3.8963251792722278,40.0,10.918533086776733,0.27296332716941835,0.8112196922302246,4.331912124156952,4.60487545132637,93.68231642246246,184.0,544
run12_g15_g15_11,-2.0826537488571613,2.159624913445498,0,523.0,772.7766275405884,1.4775843738825782,3.3713393211364746,0.0,1.4775843738825782,143.0,83.10851812362671,0.58117844841697,2.4780547618865967,3.3062942895022305,3.8874727379192007,39.0,11.903473615646362,0.3052172721960606,0.9054751396179199,4.342613764298268,4.6478310364943285,95.01199173927307,182.0,524
run12_g15_g15_12,1.8491608137416071,-0.2988216711718617,1,552.0,813.3834056854248,1.4735206624735957,3.1119563579559326,0.0,1.4735206624735957,146.0,86.19058895111084,0.5903464996651427,2.3746395111083984,3.3056452894864017,3.8959917891515445,45.0,11.858189105987549,0.26351531346638996,0.942631721496582,4.314429103003608,4.577944416469998,98.04877805709839,191.0,553
run12_g15_g15_13,-1.7037431864166386,-1.4272551278656778,0,528.0,778.898705124855,1.4751869415243466,3.34053897857666,0.0,1.4751869415243466,142.0,84.5164510011673,0.5951862746561077,2.2408134937286377,3.3000618194190547,3.895248094075163,43.0,9.450830698013306,0.2197867604189141,1.2717738151550293,4.466829915379369,4.686616675798283,93.9672816991806,185.0,529
run12_g15_g15_14,-0.2514776974721183,-1.4332625192326434,1,542.0,797.7953243255615,1.4719470928515894,3.3363726139068604,0.0,1.4719470928515894,141.0,81.46643686294556,0.5777761479641529,2.2255237102508545,3.330583481078452,3.908359629042605,46.0,10.249485969543457,0.2228149123813795,0.897799015045166,4.323441484700078,4.546256397081458,91.71592283248901,187.0,543
run12_g15_g15_15,0.07069852061212245,1.5412266809487332,1,546.0,805.3021062612534,1.474912282529768,3.373741388320923,0.0,1.474912282529768,143.0,85.77603101730347,0.5998323847363879,2.4852120876312256,3.329668942031327,3.929501326767715,41.0,12.415513753890991,0.3028174086314876,1.0269365310668945,4.319204987549201,4.622022396180688,98.19154477119446,184.0,547
run12_g15_g15_16,-3.729184242935786,-0.9795872519948299,0,524.0,773.6716402769089,1.4764725959482994,3.34932017326355,0.0,1.4764725959482994,141.0,83.07860946655273,0.589209996216686,2.4630353450775146,3.33453098932902,3.9237409855457064,38.0,8.371748447418213,0.22030916966890035,0.89794921875,4.457796209736874,4.678105379405775,91.45035791397095,179.0,525
run12_g15_g15_17,-0.6067222571396779,0.4214970980512892,1,536.0,790.7022243738174,1.4751907171153311,3.298677682876587,0.0,1.4751907171153311,144.0,87.58599102497101,0.6082360487845209,2.2255237102508545,3.363951256705655,3.9721873054901757,43.0,11.90912652015686,0.2769564307013223,0.9709315299987793,4.3420204118240715,4.618976842525393,99.49511754512787,187.0,537
run12_g15_g15_18,4.130903999292875,-1.5749220111552305,2,553.0,812.6732156276703,1.469571818494883,3.127643585205078,0.0,1.469571818494883,149.0,86.97880864143372,0.5837503935666692,2.2230446338653564,3.2683882441296674,3.8521386376963367,51.0,12.295563459396362,0.2410894795960071,1.213247299194336,4.314433196011712,4.555522675607719,99.27437210083008,200.0,554
run12_g15_g15_19,-2.296912620360074,2.6771903770103966,0,523.0,772.6940716505051,1.4774265232323232,3.3713393211364746,0.0,1.4774265232323232,144.0,83.19606804847717,0.5777504725588692,2.461603879928589,3.3114538391431174,3.8892043117019863,36.0,11.747440576553345,0.32631779379314846,0.8767681121826172,4.335605952474806,4.661923746267955,94.94350862503052,180.0,524
run12_g15_g15_2,0.4327615772774946,0.9014284910222435,1,546.0,804.1557112932205,1.4728126580461913,3.4613399505615234,0.0,1.4728126580461913,148.0,83.77602887153625,0.5660542491320018,2.8723723888397217,3.3272035041370907,3.8932577532690926,41.0,9.945627927780151,0.2425762909214671,1.3675227165222168,4.298205782727497,4.540782073648964,93.7216567993164,189.0,547
run12_g15_g15_20,-4.551261424624388,1.5454715858320378,0,524.0,775.3146953582764,1.479608197248619,3.4005658626556396,0.0,1.479608197248619,138.0,77.82136118412018,0.5639229071313057,2.378483295440674,3.3653108235718547,3.92923373070316,37.0,9.890244007110596,0.2673038920840701,1.016404628753662,4.367439791962907,4.634743684046978,87.71160519123077,175.0,525
run12_g15_g15_21,-3.4177635780326256,2.24367220623009,0,527.0,779.6423118114471,1.4793971761128029,3.4005658626556396,0.0,1.4793971761128029,141.0,82.38318169116974,0.5842778843345372,3.094982385635376,3.3749561825542584,3.9592340668887958,41.0,11.081290006637573,0.2702753660155506,1.016404628753662,4.355744809639163,4.6260201756547135,93.46447169780731,182.0,528
run12_g15_g15_22,-1.3222923353926743,1.030340390558268,1,539.0,794.9721083641052,1.47490187080539,3.450584650039673,0.0,1.47490187080539,140.0,83.04110658168793,0.5931507612977709,2.4119176864624023,3.311378997564316,3.9045297588620866,39.0,11.218477725982666,0.28765327502519655,0.9882864952087402,4.351551630558112,4.639204905583308,94.2595843076706,179.0,540
run12_g15_g15_23,1.9079849647408897,-0.18606562100326907,1,554.0,816.2032063007355,1.4732909861024106,3.1314382553100586,0.0,1.4732909861024106,145.0,85.64009952545166,0.5906213760375977,2.3746395111083984,3.3055572180912414,3.896178594128839,45.0,12.04357385635376,0.2676349745856391,0.942631721496582,4.3055420557657875,4.5731770303514265,97.68367338180542,190.0,555
run12_g15_g15_24,-0.3402169893025846,-0.6898782402314565,1,535.0,788.202739238739,1.4732761481097925,3.099545478820801,0.0,1.4732761481097925,140.0,86.12460541725159,0.6151757529803685,2.2255237102508545,3.3257694584982738,3.940945211478642,43.0,11.7141432762146,0.2724219366561535,0.897799015045166,4.347805183987285,4.620227120643438,97.83874869346619,183.0,536
run12_g15_g15_3,-3.0387837427327185,1.8916159848690117,0,517.0,763.7374118566513,1.4772483788329813,3.446108818054199,0.0,1.4772483788329813,138.0,81.26922655105591,0.5889074387757675,2.5085625648498535,3.308728223261626,3.8976356620373935,39.0,10.878831624984741,0.2789444006406344,0.8177499771118164,4.273165910671919,4.552110311312553,92.14805817604065,177.0,518
run12_g15_g15_4,-0.7792571245492678,-1.0076379982695085,1,537.0,791.6384690999985,1.4741870932960865,3.34053897857666,0.0,1.4741870932960865,148.0,81.91757416725159,0.5534971227516999,2.1433348655700684,3.3447673594629443,3.898264482214644,44.0,9.880021333694458,0.22454593940214676,1.2717738151550293,4.425366992300207,4.649912931702354,91.79759550094604,192.0,538
run12_g15_g15_5,-4.232914587849243,1.782430075666439,0,526.0,778.3706061840057,1.4797920269657905,3.4005658626556396,0.0,1.4797920269657905,140.0,78.4065192937851,0.5600465663841793,2.378483295440674,3.3807448736258916,3.940791440010071,38.0,10.416931390762329,0.27412977344111394,1.016404628753662,4.369772653830679,4.643902427271793,88.82345068454742,178.0,527
run12_g15_g15_6,0.7028470520925371,-2.1208737043596084,1,542.0,797.2810760736465,1.4709982953388312,3.0047607421875,0.0,1.4709982953388312,146.0,84.36983728408813,0.5778755978362201,2.2255237102508545,3.340034742877908,3.917910340714128,45.0,10.339340448379517,0.22976312107510036,0.897799015045166,4.352143632041083,4.581906753116184,94.70917773246765,191.0,543
run12_g15_g15_7,0.0959671700060782,-0.45948812564387076,1,538.0,792.8409847021103,1.4736821276990897,3.099545478820801,0.0,1.4736821276990897,143.0,87.35907328128815,0.6109026103586583,2.2255237102508545,3.338744284389736,3.9496468947483945,43.0,11.70803165435791,0.2722798059153002,0.897799015045166,4.336878793184147,4.609158599099447,99.06710493564606,186.0,539
run12_g15_g15_8,-1.7152383269491713,-1.6507727241212204,0,529.0,779.3936966657639,1.4733340201621246,3.2379367351531982,0.0,1.4733340201621246,143.0,81.70983910560608,0.5713974762629795,2.411975145339966,3.348341973511489,3.9197394497744686,46.0,10.14989423751831,0.22064987472865893,0.897799015045166,4.42045856040457,4.641108435133229,91.85973334312439,189.0,530
run12_g15_g15_9,-0.06516307057569504,0.3327864307628664,1,550.0,808.3846592903137,1.4697902896187522,3.4677393436431885,0.0,1.4697902896187522,144.0,83.09469723701477,0.5770465085903803,3.027132034301758,3.3336079832580356,3.910654491848416,40.0,10.726586818695068,0.2681646704673767,0.970522403717041,4.344684541225433,4.61284921169281,93.82128405570984,184.0,551
run12_g16_g16_0,-2.3998322333693167,1.9892792031017663,0,521.0,769.9999490976334,1.4779269656384517,3.353508949279785,0.0,1.4779269656384517,143.0,82.67949640750885,0.5781782965560059,2.4338583946228027,3.3285845651493204,3.9067628617053267,40.0,11.761994123458862,0.2940498530864716,0.843773365020752,4.324756336212158,4.618806189298629,94.44149053096771,183.0,522
run12_g16_g16_1,-1.7046163381655661,-1.2027770905464383,0,528.0,778.2897378206253,1.474033594357245,3.267667531967163,0.0,1.474033594357245,144.0,82.25394463539124,0.5712079488568835,2.1529812812805176,3.333519571357303,3.9047275202141867,42.0,9.626332998275757,0.22919840472085135,1.190889835357666,4.423872527622041,4.653070932342892,91.88027763366699,186.0,529
run12_g16_g16_10,-4.232914587849243,1.782430075666439,0,526.0,778.3706061840057,1.4797920269657905,3.4005658626556396,0.0,1.4797920269657905,140.0,78.4065192937851,0.5600465663841793,2.378483295440674,3.3807448736258916,3.940791440010071,38.0,10.416931390762329,0.27412977344111394,1.016404628753662,4.369772653830679,4.643902427271793,88.82345068454742,178.0,527
run12_g16_g16_11,-1.7324001035310792,-1.3403956150934808,0,528.0,778.9662569761276,1.4753148806366054,3.34053897857666,0.0,1.4753148806366054,142.0,84.33294212818146,0.5938939586491652,2.2408134937286377,3.3009545962575455,3.894848554906711,43.0,9.542501211166382,0.22191863281782284,1.2717738151550293,4.466845939325732,4.688764572143555,93.87544333934784,185.0,529
run12_g16_g16_12,-3.0387837427327185,1.8916159848690117,0,517.0,763.7374118566513,1.4772483788329813,3.446108818054199,0.0,1.4772483788329813,138.0,81.26922655105591,0.5889074387757675,2.5085625648498535,3.308728223261626,3.8976356620373935,39.0,10.878831624984741,0.2789444006406344,0.8177499771118164,4.273165910671919,4.552110311312553,92.14805817604065,177.0,518
run12_g16_g16_13,4.074872737025762,-0.8201630717032112,2,553.0,812.4233893156052,1.4691200530119441,3.135190963745117,0.0,1.4691200530119441,147.0,86.815638422966,0.5905825743058912,2.1777970790863037,3.2708161663846904,3.8613987406905816,48.0,12.559443235397339,0.2616550674041112,1.213247299194336,4.255153397719066,4.516808465123177,99.37508165836334,195.0,554
run12_g16_g16_14,1.9079849647408897,-0.18606562100326907,1,554.0,816.2032063007355,1.4732909861024106,3.1314382553100586,0.0,1.4732909861024106,145.0,85.64009952545166,0.5906213760375977,2.3746395111083984,3.3055572180912414,3.896178594128839,45.0,12.04357385635376,0.2676349745856391,0.942631721496582,4.3055420557657875,4.5731770303514265,97.68367338180542,190.0,555
run12_g16_g16_15,-0.06516307057569504,0.3327864307628664,1,550.0,808.3846592903137,1.4697902896187522,3.4677393436431885,0.0,1.4697902896187522,144.0,83.09469723701477,0.5770465085903803,3.027132034301758,3.3336079832580356,3.910654491848416,40.0,10.726586818695068,0.2681646704673767,0.970522403717041,4.344684541225433,4.61284921169281,93.82128405570984,184.0,551
run12_g16_g16_16,-2.296912620360074,2.6771903770103966,0,523.0,772.6940716505051,1.4774265232323232,3.3713393211364746,0.0,1.4774265232323232,144.0,83.19606804847717,0.5777504725588692,2.461603879928589,3.3114538391431174,3.8892043117019863,36.0,11.747440576553345,0.32631779379314846,0.8767681121826172,4.335605952474806,4.661923746267955,94.94350862503052,180.0,524
run12_g16_g16_17,0.0959671700060782,-0.45948812564387076,1,538.0,792.8409847021103,1.4736821276990897,3.099545478820801,0.0,1.4736821276990897,143.0,87.35907328128815,0.6109026103586583,2.2255237102508545,3.338744284389736,3.9496468947483945,43.0,11.70803165435791,0.2722798059153002,0.897799015045166,4.336878793184147,4.609158599099447,99.06710493564606,186.0,539
run12_g16_g16_18,0.47582333258845977,-2.781457332848654,1,544.0,799.9763979911804,1.4705448492484934,3.0047607421875,0.0,1.4705448492484934,141.0,84.49069809913635,0.599224809213733,2.29742693901062,3.2958821117455233,3.895106920959256,42.0,8.749487400054932,0.20832112857273646,0.897799015045166,4.333526775950477,4.541847904523213,93.24018549919128,183.0,545
run12_g16_g16_19,-1.7152383269491713,-1.6507727241212204,0,529.0,779.3936966657639,1.4733340201621246,3.2379367351531982,0.0,1.4733340201621246,143.0,81.70983910560608,0.5713974762629795,2.411975145339966,3.348341973511489,3.9197394497744686,46.0,10.14989423751831,0.22064987472865893,0.897799015045166,4.42045856040457,4.641108435133229,91.85973334312439,189.0,530
run12_g16_g16_2,3.1827121194219483,0.11939282216409684,2,559.0,823.0080711841583,1.4722863527444692,3.1314382553100586,0.0,1.4722863527444692,149.0,85.89120173454285,0.5764510183526366,2.3746395111083984,3.301036359479763,3.8774873778324,46.0,12.578964710235596,0.27345575457033905,0.8779373168945312,4.264072122781173,4.537527877351512,98.47016644477844,195.0,560
run12_g16_g16_20,-1.0518139764396441,0.18955245671408422,1,533.0,786.0649344921112,1.4747934981090267,3.298677682876587,0.0,1.4747934981090267,141.0,86.35313200950623,0.612433560351108,2.2255237102508545,3.351502939318934,3.963936499670042,43.0,11.909692287445068,0.27696958808011785,0.9709315299987793,4.353110640547996,4.630080228628114,98.2628242969513,184.0,534
run12_g16_g16_21,-0.6067222571396779,0.4214970980512892,1,536.0,790.7022243738174,1.4751907171153311,3.298677682876587,0.0,1.4751907171153311,144.0,87.58599102497101,0.6082360487845209,2.2255237102508545,3.363951256705655,3.9721873054901757,43.0,11.90912652015686,0.2769564307013223,0.9709315299987793,4.3420204118240715,4.618976842525393,99.49511754512787,187.0,537
run12_g16_g16_22,-2.38819814014095,-1.4299070067820852,0,528.0,778.1795443296432,1.4738248945637182,3.34932017326355,0.0,1.4738248945637182,145.0,81.77362132072449,0.5639560091084448,2.536942720413208,3.3310961410917086,3.8950521502001534,42.0,9.080212593078613,0.21619553793044316,0.9123663902282715,4.46542873836699,4.681624276297433,90.8538339138031,187.0,529
run12_g16_g16_23,1.8491608137416071,-0.2988216711718617,1,552.0,813.3834056854248,1.4735206624735957,3.1119563579559326,0.0,1.4735206624735957,146.0,86.19058895111084,0.5903464996651427,2.3746395111083984,3.3056452894864017,3.8959917891515445,45.0,11.858189105987549,0.26351531346638996,0.942631721496582,4.314429103003608,4.577944416469998,98.04877805709839,191.0,553
run12_g16_g16_24,-0.2514776974721183,-1.4332625192326434,1,542.0,797.7953243255615,1.4719470928515894,3.3363726139068604,0.0,1.4719470928515894,141.0,81.46643686294556,0.5777761479641529,2.2255237102508545,3.330583481078452,3.908359629042605,46.0,10.249485969543457,0.2228149123813795,0.897799015045166,4.323441484700078,4.546256397081458,91.71592283248901,187.0,543
run12_g16_g16_3,-3.4177635780326256,2.24367220623009,0,527.0,779.6423118114471,1.4793971761128029,3.4005658626556396,0.0,1.4793971761128029,141.0,82.38318169116974,0.5842778843345372,3.094982385635376,3.3749561825542584,3.9592340668887958,41.0,11.081290006637573,0.2702753660155506,1.016404628753662,4.355744809639163,4.6260201756547135,93.46447169780731,182.0,528
run12_g16_g16_4,0.2656897700358828,1.1568639374192384,1,546.0,804.0605635643005,1.4726383948064112,3.4613399505615234,0.0,1.4726383948064112,147.0,83.2268055677414,0.566168745358785,3.1299357414245605,3.330120316168078,3.896289061526863,41.0,9.844663381576538,0.2401137410140619,1.3675227165222168,4.279350670372567,4.51946441138663,93.07146894931793,188.0,547
run12_g16_g16_5,-4.707834861558022,-2.3160472211845815,0,520.0,767.0149985551834,1.4750288433753527,3.34932017326355,0.0,1.4750288433753527,136.0,82.12793803215027,0.6038818972952226,2.4630353450775146,3.316103333936018,3.919985231231241,38.0,7.891345739364624,0.20766699314117432,0.9008288383483887,4.545241374718516,4.75290836785969,90.01928377151489,174.0,521
run12_g16_g16_6,-2.396659990799931,1.0927441990912654,0,544.0,800.9453275203705,1.4723259697065634,3.690859794616699,0.0,1.4723259697065634,141.0,80.97617387771606,0.5742991055157167,3.028298854827881,3.3713202848502086,3.945619390365925,39.0,10.729297876358032,0.27511020195789826,0.970522403717041,4.399160446264805,4.674270648222703,91.7054717540741,180.0,545
run12_g16_g16_7,-4.551261424624388,1.5454715858320378,0,524.0,775.3146953582764,1.479608197248619,3.4005658626556396,0.0,1.479608197248619,138.0,77.82136118412018,0.5639229071313057,2.378483295440674,3.3653108235718547,3.92923373070316,37.0,9.890244007110596,0.2673038920840701,1.016404628753662,4.367439791962907,4.634743684046978,87.71160519123077,175.0,525
run12_g16_g16_8,0.07069852061212245,1.5412266809487332,1,546.0,805.3021062612534,1.474912282529768,3.373741388320923,0.0,1.474912282529768,143.0,85.77603101730347,0.5998323847363879,2.4852120876312256,3.329668942031327,3.929501326767715,41.0,12.415513753890991,0.3028174086314876,1.0269365310668945,4.319204987549201,4.622022396180688,98.19154477119446,184.0,547
run12_g16_g16_9,-2.7938763777345645,-2.0533797581810815,0,525.0,773.7655794620514,1.4738391989753359,3.34932017326355,0.0,1.4738391989753359,143.0,80.99018049240112,0.5663648985482596,2.5400915145874023,3.3399345157863376,3.9062994143345975,45.0,8.97987699508667,0.1995528221130371,0.9123663902282715,4.481877920362685,4.6814307424757216,89.9700574874878,188.0,526
run12_g17_g17_0,-4.707834861558022,-2.3160472211845815,0,520.0,767.0149985551834,1.4750288433753527,3.34932017326355,0.0,1.4750288433753527,136.0,82.12793803215027,0.6038818972952226,2.4630353450775146,3.316103333936018,3.919985231231241,38.0,7.891345739364624,0.20766699314117432,0.9008288383483887,4.545241374718516,4.75290836785969,90.01928377151489,174.0,521
run12_g17_g17_1,-4.551261424624388,1.5454715858320378,0,524.0,775.3146953582764,1.479608197248619,3.4005658626556396,0.0,1.479608197248619,138.0,77.82136118412018,0.5639229071313057,2.378483295440674,3.3653108235718547,3.92923373070316,37.0,9.890244007110596,0.2673038920840701,1.016404628753662,4.367439791962907,4.634743684046978,87.71160519123077,175.0,525
run12_g17_g17_10,-0.2514776974721183,-1.4332625192326434,1,542.0,797.7953243255615,1.4719470928515894,3.3363726139068604,0.0,1.4719470928515894,141.0,81.46643686294556,0.5777761479641529,2.2255237102508545,3.330583481078452,3.908359629042605,46.0,10.249485969543457,0.2228149123813795,0.897799015045166,4.323441484700078,4.546256397081458,91.71592283248901,187.0,543
run12_g17_g17_11,-2.5235313963682193,1.0274229690923702,0,544.0,800.9946889877319,1.4724167076980366,3.690859794616699,0.0,1.4724167076980366,140.0,80.8707001209259,0.5776478580066136,3.028298854827881,3.370833252157484,3.9484811101640975,39.0,10.667680978775024,0.2735302815070519,0.970522403717041,4.3991779792003145,4.672708260707366,91.53838109970093,179.0,545
run12_g17_g17_12,-3.0387837427327185,1.8916159848690117,0,517.0,763.7374118566513,1.4772483788329813,3.446108818054199,0.0,1.4772483788329813,138.0,81.26922655105591,0.5889074387757675,2.5085625648498535,3.308728223261626,3.8976356620373935,39.0,10.878831624984741,0.2789444006406344,0.8177499771118164,4.273165910671919,4.552110311312553,92.14805817604065,177.0,518
run12_g17_g17_13,1.7903768254349226,-0.2465425160483549,1,554.0,816.0139663219452,1.472949397693042,3.138267755508423,0.0,1.472949397693042,145.0,85.66812181472778,0.5908146332050191,2.3746395111083984,3.2921132942725873,3.8829279274776063,43.0,11.61669635772705,0.2701557292494663,0.942631721496582,4.318258845528891,4.588414574778358,97.28481817245483,188.0,555
run12_g17_g17_14,-0.06605277494487155,0.34156364777600423,1,550.0,808.4121720790863,1.469840312871066,3.4677393436431885,0.0,1.469840312871066,144.0,83.09798574447632,0.5770693454477522,3.027132034301758,3.3331507593393326,3.9102201047870846,40.0,10.724650859832764,0.26811627149581907,0.970522403717041,4.344629871845245,4.612746143341065,93.82263660430908,184.0,551
run12_g17_g17_15,-3.3642061305308,-1.9387309778548214,0,520.0,766.78757584095,1.474591492001827,3.34932017326355,0.0,1.474591492001827,141.0,80.77900719642639,0.5729007602583432,2.5400915145874023,3.335939867276672,3.908840627535015,45.0,9.038918018341064,0.20086484485202366,0.9123663902282715,4.484234036339654,4.685098881191678,89.81792521476746,186.0,521
run12_g17_g17_16,1.8491608137416071,-0.2988216711718617,1,552.0,813.3834056854248,1.4735206624735957,3.1119563579559326,0.0,1.4735206624735957,146.0,86.19058895111084,0.5903464996651427,2.3746395111083984,3.3056452894864017,3.8959917891515445,45.0,11.858189105987549,0.26351531346638996,0.942631721496582,4.314429103003608,4.577944416469998,98.04877805709839,191.0,553
run12_g17_g17_17,0.2656897700358828,1.1568639374192384,1,546.0,804.0605635643005,1.4726383948064112,3.4613399505615234,0.0,1.4726383948064112,147.0,83.2268055677414,0.566168745358785,3.1299357414245605,3.330120316168078,3.896289061526863,41.0,9.844663381576538,0.2401137410140619,1.3675227165222168,4.279350670372567,4.51946441138663,93.07146894931793,188.0,547
run12_g17_g17_18,1.9079849647408897,-0.18606562100326907,1,554.0,816.2032063007355,1.4732909861024106,3.1314382553100586,0.0,1.4732909861024106,145.0,85.64009952545166,0.5906213760375977,2.3746395111083984,3.3055572180912414,3.896178594128839,45.0,12.04357385635376,0.2676349745856391,0.942631721496582,4.3055420557657875,4.5731770303514265,97.68367338180542,190.0,555
run12_g17_g17_19,0.0959671700060782,-0.45948812564387076,1,538.0,792.8409847021103,1.4736821276990897,3.099545478820801,0.0,1.4736821276990897,143.0,87.35907328128815,0.6109026103586583,2.2255237102508545,3.338744284389736,3.9496468947483945,43.0,11.70803165435791,0.2722798059153002,0.897799015045166,4.336878793184147,4.609158599099447,99.06710493564606,186.0,539
run12_g17_g17_2,-4.484493024185862,-2.3591306711491176,0,522.0,769.8693145513535,1.4748454301750067,3.34932017326355,0.0,1.4748454301750067,136.0,82.45807957649231,0.6063094086506787,2.4630353450775146,3.312571527326808,3.918880935977487,38.0,7.923712968826294,0.20851876233753405,0.9008288383483887,4.544545769691467,4.7530645320290015,90.3817925453186,174.0,523
run12_g17_g17_20,-3.6173767957802956,-0.44824147644524404,0,524.0,773.83367395401,1.47678182052292,3.34053897857666,0.0,1.47678182052292,140.0,85.48060023784637,0.6105757159846169,2.7233896255493164,3.307740534203393,3.91831625018801,36.0,8.568142652511597,0.23800396256976658,0.9170699119567871,4.468517833285862,4.706521795855628,94.04874289035797,176.0,525
run12_g17_g17_21,0.07069852061212245,1.5412266809487332,1,546.0,805.3021062612534,1.474912282529768,3.373741388320923,0.0,1.474912282529768,143.0,85.77603101730347,0.5998323847363879,2.4852120876312256,3.329668942031327,3.929501326767715,41.0,12.415513753890991,0.3028174086314876,1.0269365310668945,4.319204987549201,4.622022396180688,98.19154477119446,184.0,547
run12_g17_g17_22,0.5116631352894431,-0.8712649372578244,1,538.0,792.9937545061111,1.4739660864425859,3.099545478820801,0.0,1.4739660864425859,142.0,88.50331318378448,0.6232627688998907,2.1675937175750732,3.327781792257873,3.951044561157764,46.0,12.116331338882446,0.2633985073670097,0.9704461097717285,4.353336531182994,4.6167350385500034,100.61964452266693,188.0,539
run12_g17_g17_23,-5.0087431299981695,3.0452625127679678,0,521.0,771.2660117149353,1.4803570282436378,3.4005658626556396,0.0,1.4803570282436378,138.0,79.78910982608795,0.5781819552615068,3.1200368404388428,3.3999061385790506,3.9780880938405576,38.0,11.139192819595337,0.2931366531472457,1.016404628753662,4.356037566536351,4.649174219683597,90.92830264568329,176.0,522
run12_g17_g17_24,-4.595366169881733,-1.581588954475853,0,520.0,766.9668605327606,1.4749362702553088,3.3476171493530273,0.0,1.4749362702553088,138.0,78.68856394290924,0.5702069850935452,2.536942720413208,3.343620769355608,3.9138277544491533,40.0,8.576105117797852,0.2144026279449463,0.8909955024719238,4.49823482632637,4.7126374542713165,87.26466906070709,178.0,521
run12_g17_g17_3,1.2878694195880602,-0.7088789133250518,1,553.0,813.3103281259537,1.4707239206617606,3.1314382553100586,0.0,1.4707239206617606,143.0,83.44511795043945,0.5835322933597165,2.3746395111083984,3.3300419520664883,3.913574245426205,44.0,11.891043186187744,0.2702509815042669,0.8714165687561035,4.313329534097151,4.583580515601418,95.3361611366272,187.0,554
run12_g17_g17_4,-0.7703256237585554,0.5006659635480668,1,536.0,790.6891901493073,1.4751663995322897,3.298677682876587,0.0,1.4751663995322897,144.0,87.56069076061249,0.6080603525042534,2.2255237102508545,3.3639686298039226,3.972028982308176,42.0,11.901241302490234,0.28336288815452937,0.9709315299987793,4.354930224872771,4.6382931130273,99.46193206310272,186.0,537
run12_g17_g17_5,-0.6067222571396779,0.4214970980512892,1,536.0,790.7022243738174,1.4751907171153311,3.298677682876587,0.0,1.4751907171153311,144.0,87.58599102497101,0.6082360487845209,2.2255237102508545,3.363951256705655,3.9721873054901757,43.0,11.90912652015686,0.2769564307013223,0.9709315299987793,4.3420204118240715,4.618976842525393,99.49511754512787,187.0,537
run12_g17_g17_6,-2.4673283292665915,2.0858020117038945,0,523.0,772.9199420213699,1.4778583977464053,3.353508949279785,0.0,1.4778583977464053,142.0,82.83923399448395,0.5833748872850982,2.4338583946228027,3.329401495591016,3.912776382876114,39.0,11.770588159561157,0.30180995280926043,0.843773365020752,4.326084479307517,4.627894432116777,94.6098221540451,181.0,524
run12_g17_g17_7,1.8935511576821709,-0.9368886417636172,1,552.0,812.5742229223251,1.4720547516708788,3.1119563579559326,0.0,1.4720547516708788,145.0,85.30420804023743,0.5883048830361202,2.3746395111083984,3.294737062783077,3.883041945819197,45.0,11.253708124160767,0.25008240275912813,0.8450937271118164,4.302039162317912,4.55212156507704,96.5579161643982,190.0,553
run12_g17_g17_8,-1.0518139764396441,0.18955245671408422,1,533.0,786.0649344921112,1.4747934981090267,3.298677682876587,0.0,1.4747934981090267,141.0,86.35313200950623,0.612433560351108,2.2255237102508545,3.351502939318934,3.963936499670042,43.0,11.909692287445068,0.27696958808011785,0.9709315299987793,4.353110640547996,4.630080228628114,98.2628242969513,184.0,534
run12_g17_g17_9,4.231391731178069,-1.128592238634359,2,552.0,810.9544849395752,1.4691204437311145,3.135190963745117,0.0,1.4691204437311145,149.0,87.71104967594147,0.5886647629257816,2.1777970790863037,3.2822202780102723,3.870885040936054,50.0,12.67393684387207,0.2534787368774414,1.252683162689209,4.281653614044189,4.535132350921631,100.38498651981354,199.0,553
run12_g18_g18_0,-4.707834861558022,-2.3160472211845815,0,520.0,767.0149985551834,1.4750288433753527,3.34932017326355,0.0,1.4750288433753527,136.0,82.12793803215027,0.6038818972952226,2.4630353450775146,3.316103333936018,3.919985231231241,38.0,7.891345739364624,0.20766699314117432,0.9008288383483887,4.545241374718516,4.75290836785969,90.01928377151489,174.0,521
run12_g18_g18_1,0.2656897700358828,1.1568639374192384,1,546.0,804.0605635643005,1.4726383948064112,3.4613399505615234,0.0,1.4726383948064112,147.0,83.2268055677414,0.566168745358785,3.1299357414245605,3.330120316168078,3.896289061526863,41.0,9.844663381576538,0.2401137410140619,1.3675227165222168,4.279350670372567,4.51946441138663,93.07146894931793,188.0,547
run12_g18_g18_10,-2.5212936669964576,1.7298360979615361,0,520.0,768.2215855121613,1.4773492029080024,3.353508949279785,0.0,1.4773492029080024,142.0,82.71189177036285,0.5824781110588934,2.431262969970703,3.326100096736156,3.908578207795049,40.0,11.72807002067566,0.29320175051689146,0.843773365020752,4.336902439594269,4.63010419011116,94.43996179103851,182.0,521
run12_g18_g18_11,-2.5235313963682193,1.0274229690923702,0,544.0,800.9946889877319,1.4724167076980366,3.690859794616699,0.0,1.4724167076980366,140.0,80.8707001209259,0.5776478580066136,3.028298854827881,3.370833252157484,3.9484811101640975,39.0,10.667680978775024,0.2735302815070519,0.970522403717041,4.3991779792003145,4.672708260707366,91.53838109970093,179.0,545
run12_g18_g18_12,-5.0087431299981695,3.0452625127679678,0,521.0,771.2660117149353,1.4803570282436378,3.4005658626556396,0.0,1.4803570282436378,138.0,79.78910982608795,0.5781819552615068,3.1200368404388428,3.3999061385790506,3.9780880938405576,38.0,11.139192819595337,0.2931366531472457,1.016404628753662,4.356037566536351,4.649174219683597,90.92830264568329,176.0,522
run12_g18_g18_13,-0.8963256473220417,-0.14689456029520176,1,540.0,795.8280671834946,1.4737556799694345,3.3064956665039062,0.0,1.4737556799694345,140.0,80.35601484775543,0.5739715346268245,2.5292952060699463,3.3344637504645758,3.9084352850914,44.0,10.603832244873047,0.24099618738347833,0.897799015045166,4.296344236894087,4.5373404242775655,90.95984709262848,184.0,541
run12_g18_g18_14,4.231391731178069,-1.128592238634359,2,552.0,810.9544849395752,1.4691204437311145,3.135190963745117,0.0,1.4691204437311145,149.0,87.71104967594147,0.5886647629257816,2.1777970790863037,3.2822202780102723,3.870885040936054,50.0,12.67393684387207,0.2534787368774414,1.252683162689209,4.281653614044189,4.535132350921631,100.38498651981354,199.0,553
run12_g18_g18_15,-0.39440846218025927,-1.1093830277529841,1,548.0,806.4107414484024,1.4715524478985444,3.138267755508423,0.0,1.4715524478985444,141.0,81.99520671367645,0.5815262887494784,2.3746395111083984,3.3208537127109286,3.902380001460407,40.0,10.681714296340942,0.26704285740852357,0.7588968276977539,4.3837884902954105,4.650831347703933,92.6769210100174,181.0,549
run12_g18_g18_16,-0.07293694082741564,0.3147186804608462,1,550.0,808.43643450737,1.4698844263770363,3.467961549758911,0.0,1.4698844263770363,143.0,83.07459902763367,0.5809412519414942,3.0250284671783447,3.3254659759414777,3.9064072278829722,40.0,10.747817754745483,0.2686954438686371,0.9731302261352539,4.344518119096756,4.613213562965393,93.82241678237915,183.0,551
run12_g18_g18_17,-3.502516308043467,1.026361693327172,0,540.0,796.3615109920502,1.474743538874167,3.7007558345794678,0.0,1.474743538874167,137.0,80.60738325119019,0.5883750602276656,2.9929299354553223,3.368475522438105,3.9568505826657705,40.0,10.874977111816406,0.27187442779541016,0.9720563888549805,4.444083964824676,4.715958392620086,91.48236036300659,177.0,541
run12_g18_g18_18,-4.595366169881733,-1.581588954475853,0,520.0,766.9668605327606,1.4749362702553088,3.3476171493530273,0.0,1.4749362702553088,138.0,78.68856394290924,0.5702069850935452,2.536942720413208,3.343620769355608,3.9138277544491533,40.0,8.576105117797852,0.2144026279449463,0.8909955024719238,4.49823482632637,4.7126374542713165,87.26466906070709,178.0,521
run12_g18_g18_19,0.0959671700060782,-0.45948812564387076,1,538.0,792.8409847021103,1.4736821276990897,3.099545478820801,0.0,1.4736821276990897,143.0,87.35907328128815,0.6109026103586583,2.2255237102508545,3.338744284389736,3.9496468947483945,43.0,11.70803165435791,0.2722798059153002,0.897799015045166,4.336878793184147,4.609158599099447,99.06710493564606,186.0,539
run12_g18_g18_2,1.8491608137416071,-0.2988216711718617,1,552.0,813.3834056854248,1.4735206624735957,3.1119563579559326,0.0,1.4735206624735957,146.0,86.19058895111084,0.5903464996651427,2.3746395111083984,3.3056452894864017,3.8959917891515445,45.0,11.858189105987549,0.26351531346638996,0.942631721496582,4.314429103003608,4.577944416469998,98.04877805709839,191.0,553
run12_g18_g18_20,0.5116631352894431,-0.8712649372578244,1,538.0,792.9937545061111,1.4739660864425859,3.099545478820801,0.0,1.4739660864425859,142.0,88.50331318378448,0.6232627688998907,2.1675937175750732,3.327781792257873,3.951044561157764,46.0,12.116331338882446,0.2633985073670097,0.9704461097717285,4.353336531182994,4.6167350385500034,100.61964452266693,188.0,539
run12_g18_g18_21,2.000619672737224,-0.6739246167267406,1,551.0,810.5327695608139,1.4710213603644535,3.1119563579559326,0.0,1.4710213603644535,143.0,84.75765860080719,0.592710899306344,2.406137228012085,3.2728699262325582,3.865580825538902,43.0,11.191396951675415,0.2602650453878004,0.8450937271118164,4.265877535176831,4.526142580564632,95.9490555524826,186.0,552
run12_g18_g18_22,-1.2921875774887797,1.2009107950439644,1,532.0,784.9797103404999,1.4755257713167291,3.302917718887329,0.0,1.4755257713167291,141.0,87.74768686294556,0.6223240203045785,2.9951658248901367,3.336463299203426,3.9587873195080046,42.0,11.888750314712524,0.28306548368363155,0.9709315299987793,4.352531921295893,4.635597404979524,99.63643717765808,183.0,533
run12_g18_g18_23,-0.7703256237585554,0.5006659635480668,1,536.0,790.6891901493073,1.4751663995322897,3.298677682876587,0.0,1.4751663995322897,144.0,87.56069076061249,0.6080603525042534,2.2255237102508545,3.3639686298039226,3.972028982308176,42.0,11.901241302490234,0.28336288815452937,0.9709315299987793,4.354930224872771,4.6382931130273,99.46193206310272,186.0,537
run12_g18_g18_24,-4.712990383734439,-2.3838969320975663,0,520.0,766.9703433513641,1.4749429679833925,3.34932017326355,0.0,1.4749429679833925,136.0,82.13131582736969,0.6039067340247771,2.4630353450775146,3.316523633459035,3.9204303674838124,38.0,7.806516170501709,0.20543463606583445,0.9008288383483887,4.544872528628299,4.750307164694133,89.9378319978714,174.0,521
run12_g18_g18_3,0.07069852061212245,1.5412266809487332,1,546.0,805.3021062612534,1.474912282529768,3.373741388320923,0.0,1.474912282529768,143.0,85.77603101730347,0.5998323847363879,2.4852120876312256,3.329668942031327,3.929501326767715,41.0,12.415513753890991,0.3028174086314876,1.0269365310668945,4.319204987549201,4.622022396180688,98.19154477119446,184.0,547
run12_g18_g18_4,-4.5858365383077855,0.8971783430950503,0,524.0,775.3662136793137,1.4797065146551787,3.4005658626556396,0.0,1.4797065146551787,134.0,78.21536302566528,0.5836967389975021,2.378483295440674,3.3574016823697446,3.9410984213672466,40.0,10.098272800445557,0.2524568200111389,1.016404628753662,4.376026475429535,4.628483295440674,88.31363582611084,174.0,525
run12_g18_g18_5,-2.4673283292665915,2.0858020117038945,0,523.0,772.9199420213699,1.4778583977464053,3.353508949279785,0.0,1.4778583977464053,142.0,82.83923399448395,0.5833748872850982,2.4338583946228027,3.329401495591016,3.912776382876114,39.0,11.770588159561157,0.30180995280926043,0.843773365020752,4.326084479307517,4.627894432116777,94.6098221540451,181.0,524
run12_g18_g18_6,1.8935511576821709,-0.9368886417636172,1,552.0,812.5742229223251,1.4720547516708788,3.1119563579559326,0.0,1.4720547516708788,145.0,85.30420804023743,0.5883048830361202,2.3746395111083984,3.294737062783077,3.883041945819197,45.0,11.253708124160767,0.25008240275912813,0.8450937271118164,4.302039162317912,4.55212156507704,96.5579161643982,190.0,553
run12_g18_g18_7,-0.03585810499957457,0.3909372786407488,1,534.0,787.2533031702042,1.4742571220415808,3.1246612071990967,0.0,1.4742571220415808,141.0,88.98734271526337,0.6311159057820097,3.0365397930145264,3.3195207888352956,3.9506366946173053,45.0,12.214914560317993,0.2714425457848443,0.9704461097717285,4.332213560740153,4.603656106524998,101.20225727558136,186.0,535
run12_g18_g18_8,-2.9830805142616885,1.9469244078285124,0,517.0,763.7462019920349,1.477265381029081,3.446108818054199,0.0,1.477265381029081,138.0,81.19330036640167,0.5883572490318961,2.5085625648498535,3.305259028206701,3.893616277238597,39.0,10.937574863433838,0.28045063752394456,0.8177499771118164,4.271077639017349,4.551528276541294,92.13087522983551,177.0,518
run12_g18_g18_9,-3.8864985957440017,-2.408434475620458,0,520.0,766.9004969596863,1.4748086479993967,3.3590517044067383,0.0,1.4748086479993967,139.0,80.71194291114807,0.5806614597924322,2.5400915145874023,3.3343705376275152,3.9150319974199475,44.0,8.1405348777771,0.1850121563131159,0.9197077751159668,4.494215017015284,4.6792271733284,88.85247778892517,183.0,521
run12_g19_g19_0,-4.707834861558022,-2.3160472211845815,0,520.0,767.0149985551834,1.4750288433753527,3.34932017326355,0.0,1.4750288433753527,136.0,82.12793803215027,0.6038818972952226,2.4630353450775146,3.316103333936018,3.919985231231241,38.0,7.891345739364624,0.20766699314117432,0.9008288383483887,4.545241374718516,4.75290836785969,90.01928377151489,174.0,521
run12_g19_g19_1,-0.8963256473220417,-0.14689456029520176,1,540.0,795.8280671834946,1.4737556799694345,3.3064956665039062,0.0,1.4737556799694345,140.0,80.35601484775543,0.5739715346268245,2.5292952060699463,3.3344637504645758,3.9084352850914,44.0,10.603832244873047,0.24099618738347833,0.897799015045166,4.296344236894087,4.5373404242775655,90.95984709262848,184.0,541
run12_g19_g19_10,-0.05781951311372847,0.31209927987198177,1,550.0,808.3864464759827,1.4697935390472412,3.467961549758911,0.0,1.4697935390472412,143.0,83.0300645828247,0.5806298222575155,3.0250284671783447,3.325338435339761,3.9059682575972765,40.0,10.766472101211548,0.2691618025302887,0.9731302261352539,4.344183629751205,4.613345432281494,93.79653668403625,183.0,551
run12_g19_g19_11,-4.744978692995698,-1.9874323663876496,0,520.0,767.0024050474167,1.475004625091186,3.34932017326355,0.0,1.475004625091186,135.0,82.37381529808044,0.6101764096154108,2.358733654022217,3.317614933296486,3.9277913429118967,36.0,7.806258916854858,0.21684052546819052,0.9008288383483887,4.507726344797346,4.724566870265537,90.1800742149353,171.0,521
run12_g19_g19_12,1.8491608137416071,-0.2988216711718617,1,552.0,813.3834056854248,1.4735206624735957,3.1119563579559326,0.0,1.4735206624735957,146.0,86.19058895111084,0.5903464996651427,2.3746395111083984,3.3056452894864017,3.8959917891515445,45.0,11.858189105987549,0.26351531346638996,0.942631721496582,4.314429103003608,4.577944416469998,98.04877805709839,191.0,553
run12_g19_g19_13,-3.5065665379242983,2.0480750258190823,0,514.0,759.2350906133652,1.477111071232228,3.446108818054199,0.0,1.477111071232228,136.0,80.44553697109222,0.5915113012580311,2.5085625648498535,3.305321166620535,3.896832467878566,38.0,10.949534177780151,0.2881456362573724,0.8177499771118164,4.272831013328151,4.560976649585523,91.39507114887238,174.0,515
run12_g19_g19_14,-3.4802894120641037,-2.4523203435367296,0,522.0,769.0850573778152,1.4733430217965808,3.3055760860443115,0.0,1.4733430217965808,138.0,81.66986179351807,0.5918105927066527,2.5400915145874023,3.328654356624769,3.920464949331422,42.0,8.201208591461182,0.19526687122526623,0.927607536315918,4.471756333396549,4.667023204621815,89.87107038497925,180.0,523
run12_g19_g19_15,-4.5858365383077855,0.8971783430950503,0,524.0,775.3662136793137,1.4797065146551787,3.4005658626556396,0.0,1.4797065146551787,134.0,78.21536302566528,0.5836967389975021,2.378483295440674,3.3574016823697446,3.9410984213672466,40.0,10.098272800445557,0.2524568200111389,1.016404628753662,4.376026475429535,4.628483295440674,88.31363582611084,174.0,525
run12_g19_g19_16,1.8935511576821709,-0.9368886417636172,1,552.0,812.5742229223251,1.4720547516708788,3.1119563579559326,0.0,1.4720547516708788,145.0,85.30420804023743,0.5883048830361202,2.3746395111083984,3.294737062783077,3.883041945819197,45.0,11.253708124160767,0.25008240275912813,0.8450937271118164,4.302039162317912,4.55212156507704,96.5579161643982,190.0,553
run12_g19_g19_17,-0.07293694082741564,0.3147186804608462,1,550.0,808.43643450737,1.4698844263770363,3.467961549758911,0.0,1.4698844263770363,143.0,83.07459902763367,0.5809412519414942,3.0250284671783447,3.3254659759414777,3.9064072278829722,40.0,10.747817754745483,0.2686954438686371,0.9731302261352539,4.344518119096756,4.613213562965393,93.82241678237915,183.0,551
run12_g19_g19_18,-2.5212936669964576,1.7298360979615361,0,520.0,768.2215855121613,1.4773492029080024,3.353508949279785,0.0,1.4773492029080024,142.0,82.71189177036285,0.5824781110588934,2.431262969970703,3.326100096736156,3.908578207795049,40.0,11.72807002067566,0.29320175051689146,0.843773365020752,4.336902439594269,4.63010419011116,94.43996179103851,182.0,521
run12_g19_g19_19,2.100143451358914,-1.1860967032707195,1,554.0,815.0057139396667,1.471129447544525,3.1119563579559326,0.0,1.471129447544525,143.0,85.59440553188324,0.598562276446736,2.3746395111083984,3.2758084535598755,3.8743707300066115,44.0,11.216438055038452,0.25491904670541937,1.2244300842285156,4.3550475293939765,4.609966576099396,96.81084358692169,187.0,555
run12_g19_g19_2,0.5116631352894431,-0.8712649372578244,1,538.0,792.9937545061111,1.4739660864425859,3.099545478820801,0.0,1.4739660864425859,142.0,88.50331318378448,0.6232627688998907,2.1675937175750732,3.327781792257873,3.951044561157764,46.0,12.116331338882446,0.2633985073670097,0.9704461097717285,4.353336531182994,4.6167350385500034,100.61964452266693,188.0,539
run12_g19_g19_20,-2.4673283292665915,2.0858020117038945,0,523.0,772.9199420213699,1.4778583977464053,3.353508949279785,0.0,1.4778583977464053,142.0,82.83923399448395,0.5833748872850982,2.4338583946228027,3.329401495591016,3.912776382876114,39.0,11.770588159561157,0.30180995280926043,0.843773365020752,4.326084479307517,4.627894432116777,94.6098221540451,181.0,524
run12_g19_g19_21,-5.1290184188539785,-2.3561789594472087,0,522.0,769.6379047632217,1.4744021164046393,3.3500289916992188,0.0,1.4744021164046393,135.0,78.5244653224945,0.5816627060925519,2.536942720413208,3.331556955973307,3.9132196620658593,39.0,8.188275337219238,0.20995577787741637,0.7626256942749023,4.550156678908911,4.760112456786326,86.71274065971375,174.0,523
run12_g19_g19_22,0.0959671700060782,-0.45948812564387076,1,538.0,792.8409847021103,1.4736821276990897,3.099545478820801,0.0,1.4736821276990897,143.0,87.35907328128815,0.6109026103586583,2.2255237102508545,3.338744284389736,3.9496468947483945,43.0,11.70803165435791,0.2722798059153002,0.897799015045166,4.336878793184147,4.609158599099447,99.06710493564606,186.0,539
run12_g19_g19_23,1.734381398456397,0.9910138792658099,1,554.0,816.6728130578995,1.4741386517290604,3.291389226913452,0.0,1.4741386517290604,146.0,86.07696306705475,0.5895682401853065,2.4852120876312256,3.3245114014573294,3.914079641642636,45.0,12.727596998214722,0.28283548884921605,1.0269365310668945,4.288406409157647,4.571241898006863,98.80456006526947,191.0,555
run12_g19_g19_24,4.231391731178069,-1.128592238634359,2,552.0,810.9544849395752,1.4691204437311145,3.135190963745117,0.0,1.4691204437311145,149.0,87.71104967594147,0.5886647629257816,2.1777970790863037,3.2822202780102723,3.870885040936054,50.0,12.67393684387207,0.2534787368774414,1.252683162689209,4.281653614044189,4.535132350921631,100.38498651981354,199.0,553
run12_g19_g19_3,3.926593573133774,-0.9644419770247709,2,550.0,807.8220744132996,1.468767408024181,3.135190963745117,0.0,1.468767408024181,148.0,87.38151454925537,0.5904156388463201,2.2367801666259766,3.283617105032947,3.8740327438792668,49.0,12.739068984985352,0.25998099969357863,1.250894546508789,4.2796342713492255,4.539615271042805,100.12058353424072,197.0,551
run12_g19_g19_4,-0.7703256237585554,0.5006659635480668,1,536.0,790.6891901493073,1.4751663995322897,3.298677682876587,0.0,1.4751663995322897,144.0,87.56069076061249,0.6080603525042534,2.2255237102508545,3.3639686298039226,3.972028982308176,42.0,11.901241302490234,0.28336288815452937,0.9709315299987793,4.354930224872771,4.6382931130273,99.46193206310272,186.0,537
run12_g19_g19_5,-1.2921875774887797,1.2009107950439644,1,532.0,784.9797103404999,1.4755257713167291,3.302917718887329,0.0,1.4755257713167291,141.0,87.74768686294556,0.6223240203045785,2.9951658248901367,3.336463299203426,3.9587873195080046,42.0,11.888750314712524,0.28306548368363155,0.9709315299987793,4.352531921295893,4.635597404979524,99.63643717765808,183.0,533
run12_g19_g19_6,-3.8864985957440017,-2.408434475620458,0,520.0,766.9004969596863,1.4748086479993967,3.3590517044067383,0.0,1.4748086479993967,139.0,80.71194291114807,0.5806614597924322,2.5400915145874023,3.3343705376275152,3.9150319974199475,44.0,8.1405348777771,0.1850121563131159,0.9197077751159668,4.494215017015284,4.6792271733284,88.85247778892517,183.0,521
run12_g19_g19_7,-4.595366169881733,-1.581588954475853,0,520.0,766.9668605327606,1.4749362702553088,3.3476171493530273,0.0,1.4749362702553088,138.0,78.68856394290924,0.5702069850935452,2.536942720413208,3.343620769355608,3.9138277544491533,40.0,8.576105117797852,0.2144026279449463,0.8909955024719238,4.49823482632637,4.7126374542713165,87.26466906070709,178.0,521
run12_g19_g19_8,2.000619672737224,-0.6739246167267406,1,551.0,810.5327695608139,1.4710213603644535,3.1119563579559326,0.0,1.4710213603644535,143.0,84.75765860080719,0.592710899306344,2.406137228012085,3.2728699262325582,3.865580825538902,43.0,11.191396951675415,0.2602650453878004,0.8450937271118164,4.265877535176831,4.526142580564632,95.9490555524826,186.0,552
run12_g19_g19_9,-4.693192987187886,0.9729117382042792,0,534.0,787.9436565637589,1.4755499186587244,3.6771395206451416,0.0,1.4755499186587244,135.0,79.31379127502441,0.5875095650001808,2.6391196250915527,3.373073837492201,3.960583402492382,37.0,10.680761575698853,0.2886692317756447,0.9720563888549805,4.482126184411951,4.770795416187596,89.99455285072327,172.0,535
run12_g2_g2_0,5.409160641403204,3.170121075450529,2,556.0,819.7854923009872,1.4744343386708403,3.2878096103668213,0.0,1.4744343386708403,159.0,93.48147964477539,0.5879338342438704,2.410245656967163,3.232724408683537,3.8206582429274074,40.0,12.836777448654175,0.3209194362163544,1.3588294982910156,4.174272376298904,4.495191812515259,106.31825709342957,199.0,557
run12_g2_g2_1,3.2601413009215703,-1.4114648082307646,2,555.0,817.1736775636673,1.4723850046192204,3.2051174640655518,0.0,1.4723850046192204,154.0,88.58489155769348,0.5752265685564512,2.194518804550171,3.288825110955672,3.864051679512123,49.0,11.658610343933105,0.23793082334557358,0.8113036155700684,4.366987607917007,4.604918431262581,100.24350190162659,203.0,556
run12_g2_g2_10,2.6257714347212326,0.09592477456158659,2,553.0,815.7879859209061,1.475204314504351,3.25665545463562,0.0,1.475204314504351,150.0,90.09423208236694,0.6006282138824462,2.410245656967163,3.270757721265157,3.8713859351476034,46.0,11.857277154922485,0.25776689467222796,0.8099894523620605,4.316709622092869,4.574476516765097,101.95150923728943,196.0,554
run12_g2_g2_11,1.9764692887781232,-1.7858117099541386,1,549.0,809.293238401413,1.4741224743195136,3.2051174640655518,0.0,1.4741224743195136,155.0,89.4682023525238,0.5772142087259601,2.2093358039855957,3.3272909687411403,3.9045051774671,48.0,9.926978826522827,0.20681205888589224,0.8099894523620605,4.367435743411382,4.574247802297275,99.39518117904663,203.0,550
run12_g2_g2_12,5.147158585779033,3.264379415579231,2,556.0,819.8947093486786,1.4746307722098535,3.2938930988311768,0.0,1.4746307722098535,159.0,92.05693018436432,0.5789744036752473,2.410245656967163,3.2400920023708224,3.8190664060460695,40.0,12.830971479415894,0.32077428698539734,1.355844497680664,4.175011670589447,4.495785957574844,104.88790166378021,199.0,557
run12_g2_g2_13,7.3849600460067695,2.87752748127345,2,561.0,826.7778928279877,1.4737573847201206,3.2051174640655518,0.0,1.4737573847201206,158.0,93.6789585351944,0.5929048008556608,2.410245656967163,3.1781676894501794,3.77107249030584,45.0,14.157074451446533,0.3146016544765896,1.28828763961792,4.127041069666545,4.441642724143135,107.83603298664093,203.0,562
run12_g2_g2_14,-0.1262613583862724,-1.3183270227366215,1,546.0,805.4575302600861,1.4751969418682895,3.2857086658477783,0.0,1.4751969418682895,145.0,87.66859209537506,0.6046109799681039,2.5271482467651367,3.291086329262832,3.895697309230936,42.0,9.260140419006348,0.22047953378586543,1.128394603729248,4.44856874148051,4.669048275266375,96.92873251438141,187.0,547
run12_g2_g2_15,1.8023119411624766,0.6815202671906492,1,550.0,811.8002461194992,1.4760004474899986,3.2051174640655518,0.0,1.4760004474899986,146.0,87.69938826560974,0.6006807415452722,2.410245656967163,3.2600617833333474,3.8607425248786194,42.0,11.141373634338379,0.2652708008175805,0.942631721496582,4.272804453259423,4.538075254077003,98.84076189994812,188.0,551
run12_g2_g2_16,1.8354314347415555,0.5304955811202458,1,546.0,804.4796139001846,1.4734058862640744,3.285231351852417,0.0,1.4734058862640744,149.0,87.60243034362793,0.5879357741183082,1.9685699939727783,3.2956212414991137,3.8835570156174217,39.0,10.388123035430908,0.266362129113613,1.19453763961792,4.2391832914107885,4.505545420524402,97.99055337905884,188.0,547
run12_g2_g2_17,0.9611678056125048,-0.5191396826886184,1,539.0,794.5284433364868,1.4740787445945953,3.450584650039673,0.0,1.4740787445945953,143.0,88.5014317035675,0.6188911307941783,2.262166738510132,3.2518340257497935,3.8707251565439718,45.0,10.82142424583435,0.24047609435187445,1.311859130859375,4.37298256556193,4.613458659913805,99.32285594940186,188.0,540
run12_g2_g2_18,1.3970656737432827,0.6903828442579528,1,543.0,800.9518988132477,1.475049537409296,3.450584650039673,0.0,1.475049537409296,147.0,87.81189453601837,0.5973598267756351,2.410245656967163,3.2635505986051494,3.8609104253807844,44.0,11.23512077331543,0.25534365393898706,1.0595102310180664,4.301753894849257,4.557097548788244,99.0470153093338,191.0,544
run12_g2_g2_19,1.410648743369616,-1.5831356624355613,1,546.0,805.1310889720917,1.47459906405145,3.2851128578186035,0.0,1.47459906405145,144.0,90.10953032970428,0.6257606272896131,2.2408134937286377,3.2674090555972524,3.8931696828868656,46.0,9.845116138458252,0.21402426387952722,1.2013659477233887,4.371503436047098,4.585527699926625,99.95464646816254,190.0,547
run12_g2_g2_2,0.7003581906436512,-1.1649623799550561,1,539.0,793.3501436710358,1.4718926598720514,3.2523319721221924,0.0,1.4718926598720514,143.0,88.50668740272522,0.6189278839351414,2.2034502029418945,3.310777075640805,3.9297049595759463,46.0,12.234432220458984,0.2659659178360649,0.9930686950683594,4.405317519022071,4.671283436858135,100.7411196231842,189.0,540
run12_g2_g2_20,-0.814752701326534,-1.8639298650941403,1,539.0,793.7866307497025,1.4727024689233812,3.2851128578186035,0.0,1.4727024689233812,137.0,83.39826428890228,0.6087464546635203,2.09393572807312,3.3067935061280744,3.9155399607915946,42.0,8.961439609527588,0.21336760975065686,1.2013659477233887,4.344519558407011,4.557887168157668,92.35970389842987,179.0,540
run12_g2_g2_21,2.471823547329617,1.9758476100231264,2,547.0,805.2282749414444,1.4720809413920373,3.28822660446167,0.0,1.4720809413920373,150.0,90.79090166091919,0.6052726777394613,2.7635252475738525,3.2668473641077678,3.872120041847229,37.0,11.571175575256348,0.3127344750069283,1.4188504219055176,4.279151806960234,4.591886281967163,102.36207723617554,187.0,548
run12_g2_g2_22,1.5250323018703256,0.8628938708424839,1,546.0,806.2514092922211,1.4766509327696355,3.3959436416625977,0.0,1.4766509327696355,153.0,87.8981306552887,0.5744975859822791,2.364414930343628,3.298929027482575,3.8734266134648543,44.0,10.88439679145813,0.24737265435132114,1.2391996383666992,4.332133667035536,4.579506321386858,98.78252744674683,197.0,547
run12_g2_g2_23,3.0254785549900722,-0.04302936762311876,2,553.0,815.6822643280029,1.4750131362170036,3.2051174640655518,0.0,1.4750131362170036,152.0,90.39412760734558,0.594698207943063,2.410245656967163,3.2723556537377205,3.867053861680784,48.0,12.77084755897522,0.2660593241453171,0.9065937995910645,4.371554493904114,4.637613818049431,103.1649751663208,200.0,554
run12_g2_g2_24,1.6829555714187028,0.6868400299759435,1,546.0,804.4380749464035,1.4733298075941457,3.285231351852417,0.0,1.4733298075941457,147.0,87.43734931945801,0.5948119001323674,1.9645116329193115,3.2902639366331554,3.8850758367655227,38.0,10.402202606201172,0.27374217384739924,1.19453763961792,4.226294567710475,4.500036741557874,97.83955192565918,185.0,547
run12_g2_g2_3,3.4881761516616674,1.375045052334329,2,551.0,811.2308087348938,1.4722882191195894,3.2878096103668213,0.0,1.4722882191195894,151.0,89.86249494552612,0.5951158605663982,1.9455974102020264,3.257199394781858,3.8523152553482563,39.0,12.181869268417358,0.3123556222671118,1.2559428215026855,4.242805065252842,4.555160687519954,102.04436421394348,190.0,552
run12_g2_g2_4,2.7003132938983194,1.6655454032405699,2,550.0,812.4134665727615,1.4771153937686574,3.3959436416625977,0.0,1.4771153937686574,152.0,89.63573324680328,0.5897087713605479,2.410245656967163,3.256255032984834,3.845963804345382,45.0,12.360982179641724,0.27468849288092717,1.0595102310180664,4.289825195736356,4.564513688617282,101.99671542644501,197.0,551
run12_g2_g2_5,2.8236325970037073,2.54728251195543,2,551.0,811.6371437311172,1.4730256692034795,3.28822660446167,0.0,1.4730256692034795,151.0,89.64124310016632,0.5936506165573928,2.8568685054779053,3.2779199074435708,3.8715705240009637,38.0,11.690143346786499,0.30763535123122365,1.4188504219055176,4.225331469586021,4.5329668208172444,101.33138644695282,189.0,552
run12_g2_g2_6,3.0714937722056033,-0.3135976034670696,2,553.0,815.148038983345,1.4740470867691593,3.2051174640655518,0.0,1.4740470867691593,153.0,90.89220690727234,0.5940667118122375,2.410245656967163,3.275500094968509,3.8695668067807465,46.0,11.596749782562256,0.2521032561426577,0.8099894523620605,4.3246314992075385,4.576734755350196,102.4889566898346,199.0,554
run12_g2_g2_7,0.6148675161084928,-1.0033364049773796,1,539.0,793.9455986022949,1.4729974000042578,3.0733492374420166,0.0,1.4729974000042578,142.0,84.53865718841553,0.5953426562564473,2.3351104259490967,3.279403184501218,3.8747458407576656,44.0,11.120922088623047,0.25274822928688745,0.942631721496582,4.343428167429837,4.596176396716725,95.65957927703857,186.0,540
run12_g2_g2_8,3.014560032827121,2.125798871940454,2,551.0,811.7920163869858,1.473306744803967,3.2938930988311768,0.0,1.473306744803967,152.0,89.6313179731369,0.5896797235074797,2.8549556732177734,3.266994328091019,3.8566740515984987,40.0,11.770716190338135,0.2942679047584534,1.3490943908691406,4.24978865981102,4.544056564569473,101.40203416347504,192.0,552
run12_g2_g2_9,3.356687275037158,2.2979399716295177,2,550.0,811.927592754364,1.4762319868261164,3.285231351852417,0.0,1.4762319868261164,155.0,91.70477521419525,0.5916437110593242,2.410245656967163,3.257780385017395,3.8494240960767194,40.0,11.53731894493103,0.28843297362327575,1.0595102310180664,4.198221862316132,4.486654835939407,103.24209415912628,195.0,551
run12_g20_g20_0,-4.707834861558022,-2.3160472211845815,0,520.0,767.0149985551834,1.4750288433753527,3.34932017326355,0.0,1.4750288433753527,136.0,82.12793803215027,0.6038818972952226,2.4630353450775146,3.316103333936018,3.919985231231241,38.0,7.891345739364624,0.20766699314117432,0.9008288383483887,4.545241374718516,4.75290836785969,90.01928377151489,174.0,521
run12_g20_g20_1,-2.5212936669964576,1.7298360979615361,0,520.0,768.2215855121613,1.4773492029080024,3.353508949279785,0.0,1.4773492029080024,142.0,82.71189177036285,0.5824781110588934,2.431262969970703,3.326100096736156,3.908578207795049,40.0,11.72807002067566,0.29320175051689146,0.843773365020752,4.336902439594269,4.63010419011116,94.43996179103851,182.0,521
run12_g20_g20_10,2.2461564900729836,-1.3300778748030218,1,554.0,815.636873960495,1.4722687255604603,3.1119563579559326,0.0,1.4722687255604603,143.0,86.55371105670929,0.6052707066902747,2.45835280418396,3.28941698424466,3.894687690934935,49.0,12.051925897598267,0.24595767137955646,0.8450937271118164,4.331080324795781,4.577037996175338,98.60563695430756,192.0,555
run12_g20_g20_11,-4.744978692995698,-1.9874323663876496,0,520.0,767.0024050474167,1.475004625091186,3.34932017326355,0.0,1.475004625091186,135.0,82.37381529808044,0.6101764096154108,2.358733654022217,3.317614933296486,3.9277913429118967,36.0,7.806258916854858,0.21684052546819052,0.9008288383483887,4.507726344797346,4.724566870265537,90.1800742149353,171.0,521
run12_g20_g20_12,-1.3231832033998225,1.1862802994441914,1,532.0,784.9925767183304,1.4755499562374632,3.302917718887329,0.0,1.4755499562374632,141.0,87.6844654083252,0.6218756411937957,2.9951658248901367,3.3373633445577418,3.9592389857515378,42.0,11.863931894302368,0.28247456891196115,0.9709315299987793,4.353764000393095,4.636238569305057,99.54839730262756,183.0,533
run12_g20_g20_13,-0.33423926252110797,-0.02799590543330882,1,538.0,792.7797988653183,1.473568399377915,3.1949522495269775,0.0,1.473568399377915,144.0,86.4924179315567,0.600641791191366,2.2255237102508545,3.342924671868483,3.9435664630598493,41.0,11.64637017250061,0.28405780908538075,0.897799015045166,4.356146696137219,4.6402045052225995,98.13878810405731,185.0,539
run12_g20_g20_14,2.100143451358914,-1.1860967032707195,1,554.0,815.0057139396667,1.471129447544525,3.1119563579559326,0.0,1.471129447544525,143.0,85.59440553188324,0.598562276446736,2.3746395111083984,3.2758084535598755,3.8743707300066115,44.0,11.216438055038452,0.25491904670541937,1.2244300842285156,4.3550475293939765,4.609966576099396,96.81084358692169,187.0,555
run12_g20_g20_15,-0.7558346117012928,0.5247002521812067,1,536.0,790.6917256116867,1.4751711298725498,3.298677682876587,0.0,1.4751711298725498,144.0,87.6306585073471,0.608546239634355,2.2255237102508545,3.36378402594063,3.972330265574985,42.0,11.947591781616211,0.28446647099086214,0.9709315299987793,4.3551134552274435,4.639579926218305,99.57825028896332,186.0,537
run12_g20_g20_16,2.000619672737224,-0.6739246167267406,1,551.0,810.5327695608139,1.4710213603644535,3.1119563579559326,0.0,1.4710213603644535,143.0,84.75765860080719,0.592710899306344,2.406137228012085,3.2728699262325582,3.865580825538902,43.0,11.191396951675415,0.2602650453878004,0.8450937271118164,4.265877535176831,4.526142580564632,95.9490555524826,186.0,552
run12_g20_g20_17,-6.085052916437201,-1.9868950576992004,0,511.0,754.812059879303,1.4771273187461897,3.3624870777130127,0.0,1.4771273187461897,132.0,81.16909432411194,0.6149173812432722,2.4630353450775146,3.3402902068513813,3.9552075880946536,40.0,8.365897178649902,0.20914742946624756,0.9008288383483887,4.546079176664352,4.7552266061306,89.53499150276184,172.0,512
run12_g20_g20_18,4.040210614898576,-1.2584792409923025,2,550.0,807.6190575361252,1.4683982864293186,3.135190963745117,0.0,1.4683982864293186,149.0,87.05640411376953,0.5842711685487888,2.2367801666259766,3.296273732345376,3.880544900894165,51.0,12.853256225585938,0.2520246318742341,1.2387056350708008,4.286280622669294,4.538305254543529,99.90966033935547,200.0,551
run12_g20_g20_19,4.231391731178069,-1.128592238634359,2,552.0,810.9544849395752,1.4691204437311145,3.135190963745117,0.0,1.4691204437311145,149.0,87.71104967594147,0.5886647629257816,2.1777970790863037,3.2822202780102723,3.870885040936054,50.0,12.67393684387207,0.2534787368774414,1.252683162689209,4.281653614044189,4.535132350921631,100.38498651981354,199.0,553
run12_g20_g20_2,-0.7703256237585554,0.5006659635480668,1,536.0,790.6891901493073,1.4751663995322897,3.298677682876587,0.0,1.4751663995322897,144.0,87.56069076061249,0.6080603525042534,2.2255237102508545,3.3639686298039226,3.972028982308176,42.0,11.901241302490234,0.28336288815452937,0.9709315299987793,4.354930224872771,4.6382931130273,99.46193206310272,186.0,537
run12_g20_g20_20,1.734381398456397,0.9910138792658099,1,554.0,816.6728130578995,1.4741386517290604,3.291389226913452,0.0,1.4741386517290604,146.0,86.07696306705475,0.5895682401853065,2.4852120876312256,3.3245114014573294,3.914079641642636,45.0,12.727596998214722,0.28283548884921605,1.0269365310668945,4.288406409157647,4.571241898006863,98.80456006526947,191.0,555
run12_g20_g20_21,-3.1683154118931793,2.0024292354697053,0,521.0,770.7256006002426,1.4793197708258015,3.353508949279785,0.0,1.4793197708258015,141.0,82.67457187175751,0.5863444813599823,2.4338583946228027,3.3609784993719547,3.947322980731937,41.0,11.958792686462402,0.291677870401522,0.843773365020752,4.342417350629481,4.634095221031003,94.63336455821991,182.0,522
run12_g20_g20_22,4.07497952993465,0.48570198103517714,2,562.0,827.9403984546661,1.4732035559691568,3.248852252960205,0.0,1.4732035559691568,151.0,90.43523168563843,0.5989088191101882,2.4852120876312256,3.302114884584945,3.901023703695133,49.0,13.310790300369263,0.271648781640189,1.0269365310668945,4.275994748485331,4.54764353012552,103.74602198600769,200.0,563
run12_g20_g20_23,-4.5858365383077855,0.8971783430950503,0,524.0,775.3662136793137,1.4797065146551787,3.4005658626556396,0.0,1.4797065146551787,134.0,78.21536302566528,0.5836967389975021,2.378483295440674,3.3574016823697446,3.9410984213672466,40.0,10.098272800445557,0.2524568200111389,1.016404628753662,4.376026475429535,4.628483295440674,88.31363582611084,174.0,525
run12_g20_g20_24,1.3954649034398074,-0.28679922307817873,1,548.0,806.0023379325867,1.4708071860083698,3.1119563579559326,0.0,1.4708071860083698,144.0,84.00481355190277,0.5833667607771026,2.4116432666778564,3.299555287592941,3.8829220483700433,41.0,11.092349290847778,0.27054510465482384,0.8450937271118164,4.2600800235097,4.530625128164524,95.09716284275055,185.0,549
run12_g20_g20_3,1.4029504332483735,-1.2308917049334385,1,546.0,803.2263271808624,1.4711104893422389,3.1119563579559326,0.0,1.4711104893422389,143.0,85.97782897949219,0.6012435592971481,2.3746395111083984,3.2872802044128204,3.8885237637099688,44.0,11.25850248336792,0.25587505644018,1.051445484161377,4.353172540664673,4.609047597104853,97.23633146286011,187.0,547
run12_g20_g20_4,-3.4802894120641037,-2.4523203435367296,0,522.0,769.0850573778152,1.4733430217965808,3.3055760860443115,0.0,1.4733430217965808,138.0,81.66986179351807,0.5918105927066527,2.5400915145874023,3.328654356624769,3.920464949331422,42.0,8.201208591461182,0.19526687122526623,0.927607536315918,4.471756333396549,4.667023204621815,89.87107038497925,180.0,523
run12_g20_g20_5,1.8491608137416071,-0.2988216711718617,1,552.0,813.3834056854248,1.4735206624735957,3.1119563579559326,0.0,1.4735206624735957,146.0,86.19058895111084,0.5903464996651427,2.3746395111083984,3.3056452894864017,3.8959917891515445,45.0,11.858189105987549,0.26351531346638996,0.942631721496582,4.314429103003608,4.577944416469998,98.04877805709839,191.0,553
run12_g20_g20_6,-0.07293694082741564,0.3147186804608462,1,550.0,808.43643450737,1.4698844263770363,3.467961549758911,0.0,1.4698844263770363,143.0,83.07459902763367,0.5809412519414942,3.0250284671783447,3.3254659759414777,3.9064072278829722,40.0,10.747817754745483,0.2686954438686371,0.9731302261352539,4.344518119096756,4.613213562965393,93.82241678237915,183.0,551
run12_g20_g20_7,-4.619902669276972,1.303194704787138,0,526.0,778.4345877170563,1.4799136648613238,3.4005658626556396,0.0,1.4799136648613238,135.0,78.21335411071777,0.5793581785979094,2.378483295440674,3.3577037140175148,3.937061892615424,38.0,10.175558090209961,0.2677778444792095,1.016404628753662,4.385795474052429,4.653573318531639,88.38891220092773,173.0,527
run12_g20_g20_8,-4.595366169881733,-1.581588954475853,0,520.0,766.9668605327606,1.4749362702553088,3.3476171493530273,0.0,1.4749362702553088,138.0,78.68856394290924,0.5702069850935452,2.536942720413208,3.343620769355608,3.9138277544491533,40.0,8.576105117797852,0.2144026279449463,0.8909955024719238,4.49823482632637,4.7126374542713165,87.26466906070709,178.0,521
run12_g20_g20_9,-3.5065665379242983,2.0480750258190823,0,514.0,759.2350906133652,1.477111071232228,3.446108818054199,0.0,1.477111071232228,136.0,80.44553697109222,0.5915113012580311,2.5085625648498535,3.305321166620535,3.896832467878566,38.0,10.949534177780151,0.2881456362573724,0.8177499771118164,4.272831013328151,4.560976649585523,91.39507114887238,174.0,515
run12_g21_g21_0,-4.707834861558022,-2.3160472211845815,0,520.0,767.0149985551834,1.4750288433753527,3.34932017326355,0.0,1.4750288433753527,136.0,82.12793803215027,0.6038818972952226,2.4630353450775146,3.316103333936018,3.919985231231241,38.0,7.891345739364624,0.20766699314117432,0.9008288383483887,4.545241374718516,4.75290836785969,90.01928377151489,174.0,521
run12_g21_g21_1,-2.9959593216846794,1.7665929456578706,0,521.0,770.7300080060959,1.479328230337996,3.3356821537017822,0.0,1.479328230337996,143.0,82.3443056344986,0.5758343051363538,2.433521270751953,3.3634491408621514,3.9392834459985053,42.0,11.83655333518982,0.28182269845690044,0.8419356346130371,4.353161340668088,4.634984039124989,94.18085896968842,185.0,522
run12_g21_g21_10,4.231391731178069,-1.128592238634359,2,552.0,810.9544849395752,1.4691204437311145,3.135190963745117,0.0,1.4691204437311145,149.0,87.71104967594147,0.5886647629257816,2.1777970790863037,3.2822202780102723,3.870885040936054,50.0,12.67393684387207,0.2534787368774414,1.252683162689209,4.281653614044189,4.535132350921631,100.38498651981354,199.0,553
run12_g21_g21_11,-4.595366169881733,-1.581588954475853,0,520.0,766.9668605327606,1.4749362702553088,3.3476171493530273,0.0,1.4749362702553088,138.0,78.68856394290924,0.5702069850935452,2.536942720413208,3.343620769355608,3.9138277544491533,40.0,8.576105117797852,0.2144026279449463,0.8909955024719238,4.49823482632637,4.7126374542713165,87.26466906070709,178.0,521
run12_g21_g21_12,-2.5212936669964576,1.7298360979615361,0,520.0,768.2215855121613,1.4773492029080024,3.353508949279785,0.0,1.4773492029080024,142.0,82.71189177036285,0.5824781110588934,2.431262969970703,3.326100096736156,3.908578207795049,40.0,11.72807002067566,0.29320175051689146,0.843773365020752,4.336902439594269,4.63010419011116,94.43996179103851,182.0,521
run12_g21_g21_13,-3.4802894120641037,-2.4523203435367296,0,522.0,769.0850573778152,1.4733430217965808,3.3055760860443115,0.0,1.4733430217965808,138.0,81.66986179351807,0.5918105927066527,2.5400915145874023,3.328654356624769,3.920464949331422,42.0,8.201208591461182,0.19526687122526623,0.927607536315918,4.471756333396549,4.667023204621815,89.87107038497925,180.0,523
run12_g21_g21_14,4.040210614898576,-1.2584792409923025,2,550.0,807.6190575361252,1.4683982864293186,3.135190963745117,0.0,1.4683982864293186,149.0,87.05640411376953,0.5842711685487888,2.2367801666259766,3.296273732345376,3.880544900894165,51.0,12.853256225585938,0.2520246318742341,1.2387056350708008,4.286280622669294,4.538305254543529,99.90966033935547,200.0,551
run12_g21_g21_15,1.3954649034398074,-0.28679922307817873,1,548.0,806.0023379325867,1.4708071860083698,3.1119563579559326,0.0,1.4708071860083698,144.0,84.00481355190277,0.5833667607771026,2.4116432666778564,3.299555287592941,3.8829220483700433,41.0,11.092349290847778,0.27054510465482384,0.8450937271118164,4.2600800235097,4.530625128164524,95.09716284275055,185.0,549
run12_g21_g21_16,6.321338864726284,-2.9487459826154354,2,554.0,810.5488394498825,1.4630845477434702,3.135190963745117,0.0,1.4630845477434702,157.0,92.51262187957764,0.5892523686597302,2.4116063117980957,3.2922892616053296,3.8815416302650596,54.0,11.910202980041504,0.22055931444521304,1.2387056350708008,4.292329748471578,4.512889062916791,104.42282485961914,211.0,555
run12_g21_g21_17,1.8317309415090088,-0.06747059313054993,1,551.0,811.3567262887955,1.4725167446257632,3.1119563579559326,0.0,1.4725167446257632,143.0,85.65347266197205,0.5989753333005038,2.4138119220733643,3.284875701357435,3.8838510346579387,43.0,11.79244351387024,0.274242872415587,0.942631721496582,4.278582129367562,4.552825001783149,97.44591617584229,186.0,552
run12_g21_g21_18,-3.5065665379242983,2.0480750258190823,0,514.0,759.2350906133652,1.477111071232228,3.446108818054199,0.0,1.477111071232228,136.0,80.44553697109222,0.5915113012580311,2.5085625648498535,3.305321166620535,3.896832467878566,38.0,10.949534177780151,0.2881456362573724,0.8177499771118164,4.272831013328151,4.560976649585523,91.39507114887238,174.0,515
run12_g21_g21_19,2.122222387466641,-1.392271940703388,1,544.0,799.5506817102432,1.4697622825555943,3.1348843574523926,0.0,1.4697622825555943,143.0,83.96682381629944,0.5871805861279681,2.178122043609619,3.284042673511105,3.871223259639073,47.0,11.572043657302856,0.24621369483623098,1.252683162689209,4.306992916350669,4.5532066111869,95.5388674736023,190.0,545
run12_g21_g21_2,-0.9781556707816133,0.6255744642864685,1,546.0,803.8103277683258,1.4721800874877762,3.467961549758911,0.0,1.4721800874877762,141.0,83.64347767829895,0.593216153746801,2.970878839492798,3.33120393076687,3.924420084513671,40.0,11.176342487335205,0.2794085621833801,0.9899411201477051,4.38655298948288,4.66596155166626,94.81982016563416,181.0,547
run12_g21_g21_20,-5.704237217068905,-1.7904968941926465,0,516.0,762.3603321313858,1.4774425041305927,3.3476171493530273,0.0,1.4774425041305927,135.0,79.624666929245,0.589812347624037,2.442559242248535,3.3459815007668956,3.9357938483909325,39.0,7.76306676864624,0.19905299406785232,0.8909955024719238,4.5134451144780865,4.712498108545939,87.38773369789124,174.0,517
run12_g21_g21_21,-5.017657299927221,2.4330496456560393,0,507.0,749.9313943386078,1.4791546239420272,3.3152332305908203,0.0,1.4791546239420272,136.0,80.95761263370514,0.5952765634831261,2.534990072250366,3.3169078607769573,3.9121844242600834,35.0,11.52522873878479,0.32929224967956544,0.8702435493469238,4.402249431610107,4.731541681289673,92.48284137248993,171.0,508
run12_g21_g21_22,-5.107813658954361,-1.3509107481800722,0,512.0,754.8973265886307,1.4744088409934193,3.33815336227417,0.0,1.4744088409934193,133.0,82.2852703332901,0.6186862431074444,2.358733654022217,3.3264299451856685,3.9451161882931127,33.0,7.060372352600098,0.2139506773515181,0.8868227005004883,4.377859643011382,4.5918103203629,89.3456426858902,166.0,513
run12_g21_g21_23,1.734381398456397,0.9910138792658099,1,554.0,816.6728130578995,1.4741386517290604,3.291389226913452,0.0,1.4741386517290604,146.0,86.07696306705475,0.5895682401853065,2.4852120876312256,3.3245114014573294,3.914079641642636,45.0,12.727596998214722,0.28283548884921605,1.0269365310668945,4.288406409157647,4.571241898006863,98.80456006526947,191.0,555
run12_g21_g21_24,-4.744978692995698,-1.9874323663876496,0,520.0,767.0024050474167,1.475004625091186,3.34932017326355,0.0,1.475004625091186,135.0,82.37381529808044,0.6101764096154108,2.358733654022217,3.317614933296486,3.9277913429118967,36.0,7.806258916854858,0.21684052546819052,0.9008288383483887,4.507726344797346,4.724566870265537,90.1800742149353,171.0,521
run12_g21_g21_3,-4.011886206718601,2.0881075180004385,0,528.0,779.9415148496628,1.4771619599425432,3.4032764434814453,0.0,1.4771619599425432,137.0,79.352365732193,0.5792143484101678,2.953403949737549,3.340296158825394,3.919510507235562,35.0,10.31158971786499,0.29461684908185687,1.016404628753662,4.372808456420898,4.667425305502755,89.66395545005798,172.0,529
run12_g21_g21_4,-8.19111065416512,-2.2511730700851587,0,503.0,743.4368337392807,1.4780056336765024,3.3624870777130127,0.0,1.4780056336765024,124.0,78.14588069915771,0.630208715315788,2.4630353450775146,3.348632258753623,3.978840974069411,39.0,8.157636404037476,0.2091701642060891,0.9008288383483887,4.580536316602658,4.789706480808747,86.30351710319519,163.0,504
run12_g21_g21_5,1.7683775722180102,1.8994928236626265,1,554.0,816.3953549861908,1.473637824884821,3.291389226913452,0.0,1.473637824884821,148.0,85.21727335453033,0.5757923875306104,2.516040086746216,3.3390765842553733,3.9148689717859835,42.0,12.685283184051514,0.3020305520012265,1.0269365310668945,4.23397806144896,4.5360086134501865,97.90255653858185,190.0,555
run12_g21_g21_6,2.068101341085997,-0.7634414592715557,1,554.0,814.939400434494,1.471009748076704,3.117875814437866,0.0,1.471009748076704,143.0,85.15347063541412,0.5954788156322666,2.3746395111083984,3.2776327274896047,3.8731115431218712,43.0,11.579532146453857,0.2692914452663688,1.2716140747070312,4.35345626986304,4.6227477151294085,96.73300278186798,186.0,555
run12_g21_g21_7,-3.1683154118931793,2.0024292354697053,0,521.0,770.7256006002426,1.4793197708258015,3.353508949279785,0.0,1.4793197708258015,141.0,82.67457187175751,0.5863444813599823,2.4338583946228027,3.3609784993719547,3.947322980731937,41.0,11.958792686462402,0.291677870401522,0.843773365020752,4.342417350629481,4.634095221031003,94.63336455821991,182.0,522
run12_g21_g21_8,4.07497952993465,0.48570198103517714,2,562.0,827.9403984546661,1.4732035559691568,3.248852252960205,0.0,1.4732035559691568,151.0,90.43523168563843,0.5989088191101882,2.4852120876312256,3.302114884584945,3.901023703695133,49.0,13.310790300369263,0.271648781640189,1.0269365310668945,4.275994748485331,4.54764353012552,103.74602198600769,200.0,563
run12_g21_g21_9,-4.579812681392605,-2.298073682508145,0,520.0,766.930278301239,1.474865919810075,3.34932017326355,0.0,1.474865919810075,138.0,81.96577274799347,0.59395487498546,2.4630353450775146,3.3212872199390246,3.9152420949244844,38.0,7.803828954696655,0.2053639198604383,0.9008288383483887,4.546651049664146,4.752014969524584,89.76960170269012,176.0,521
run12_g22_g22_0,-4.707834861558022,-2.3160472211845815,0,520.0,767.0149985551834,1.4750288433753527,3.34932017326355,0.0,1.4750288433753527,136.0,82.12793803215027,0.6038818972952226,2.4630353450775146,3.316103333936018,3.919985231231241,38.0,7.891345739364624,0.20766699314117432,0.9008288383483887,4.545241374718516,4.75290836785969,90.01928377151489,174.0,521
run12_g22_g22_1,6.321338864726284,-2.9487459826154354,2,554.0,810.5488394498825,1.4630845477434702,3.135190963745117,0.0,1.4630845477434702,157.0,92.51262187957764,0.5892523686597302,2.4116063117980957,3.2922892616053296,3.8815416302650596,54.0,11.910202980041504,0.22055931444521304,1.2387056350708008,4.292329748471578,4.512889062916791,104.42282485961914,211.0,555
run12_g22_g22_10,1.3954649034398074,-0.28679922307817873,1,548.0,806.0023379325867,1.4708071860083698,3.1119563579559326,0.0,1.4708071860083698,144.0,84.00481355190277,0.5833667607771026,2.4116432666778564,3.299555287592941,3.8829220483700433,41.0,11.092349290847778,0.27054510465482384,0.8450937271118164,4.2600800235097,4.530625128164524,95.09716284275055,185.0,549
run12_g22_g22_11,4.231391731178069,-1.128592238634359,2,552.0,810.9544849395752,1.4691204437311145,3.135190963745117,0.0,1.4691204437311145,149.0,87.71104967594147,0.5886647629257816,2.1777970790863037,3.2822202780102723,3.870885040936054,50.0,12.67393684387207,0.2534787368774414,1.252683162689209,4.281653614044189,4.535132350921631,100.38498651981354,199.0,553
run12_g22_g22_12,-3.4802894120641037,-2.4523203435367296,0,522.0,769.0850573778152,1.4733430217965808,3.3055760860443115,0.0,1.4733430217965808,138.0,81.66986179351807,0.5918105927066527,2.5400915145874023,3.328654356624769,3.920464949331422,42.0,8.201208591461182,0.19526687122526623,0.927607536315918,4.471756333396549,4.667023204621815,89.87107038497925,180.0,523
run12_g22_g22_13,-5.296687893965464,-1.9688549440093008,0,515.0,760.0353479385376,1.4757967921136652,3.34932017326355,0.0,1.4757967921136652,132.0,82.19165134429932,0.6226640253356008,2.358733654022217,3.2999489361589607,3.9226129614945613,36.0,7.855952501296997,0.21822090281380546,0.8658332824707031,4.510965738031599,4.729186640845405,90.04760384559631,168.0,516
run12_g22_g22_14,4.358498662483894,-1.2787543514494861,2,552.0,810.8481409549713,1.468927791585093,3.135190963745117,0.0,1.468927791585093,150.0,87.43198370933533,0.5828798913955688,2.1777970790863037,3.2861125659942627,3.8689924573898313,51.0,12.661960124969482,0.2482737279405781,1.2899250984191895,4.288976795533124,4.537250523473702,100.09394383430481,201.0,553
run12_g22_g22_15,-4.744978692995698,-1.9874323663876496,0,520.0,767.0024050474167,1.475004625091186,3.34932017326355,0.0,1.475004625091186,135.0,82.37381529808044,0.6101764096154108,2.358733654022217,3.317614933296486,3.9277913429118967,36.0,7.806258916854858,0.21684052546819052,0.9008288383483887,4.507726344797346,4.724566870265537,90.1800742149353,171.0,521
run12_g22_g22_16,-5.4965435343208595,2.266191857786915,0,508.0,752.4563915729523,1.481213369238095,3.316951036453247,0.0,1.481213369238095,136.0,81.07790172100067,0.5961610420661814,2.542375326156616,3.356198744738803,3.9523597868049847,38.0,11.706999778747559,0.30807894154598836,0.859929084777832,4.41602004829206,4.724098989838048,92.78490149974823,174.0,509
run12_g22_g22_17,1.9542554713762268,-0.6028092397067353,1,554.0,814.9108939170837,1.4709582922691042,3.117875814437866,0.0,1.4709582922691042,142.0,85.18871188163757,0.5999205062087153,2.386108875274658,3.2726030064300753,3.8725235126387907,42.0,11.667023420333862,0.277786271912711,1.2716140747070312,4.354336590993972,4.632122862906683,96.85573530197144,184.0,555
run12_g22_g22_18,-3.735448994357603,-2.659054382983481,0,520.0,766.6304454803467,1.4742893182314358,3.3055760860443115,0.0,1.4742893182314358,138.0,81.05165195465088,0.5873308112655861,2.5400915145874023,3.33540830232095,3.922739113586536,44.0,7.927767753601074,0.18017653985456986,0.9674286842346191,4.477256764065135,4.657433303919706,88.97941970825195,182.0,521
run12_g22_g22_19,1.7683775722180102,1.8994928236626265,1,554.0,816.3953549861908,1.473637824884821,3.291389226913452,0.0,1.473637824884821,148.0,85.21727335453033,0.5757923875306104,2.516040086746216,3.3390765842553733,3.9148689717859835,42.0,12.685283184051514,0.3020305520012265,1.0269365310668945,4.23397806144896,4.5360086134501865,97.90255653858185,190.0,555
run12_g22_g22_2,-0.9429872942294746,0.4512875432530997,1,546.0,803.8729037046432,1.4722946954297496,3.471705675125122,0.0,1.4722946954297496,141.0,83.70236611366272,0.5936338022245583,2.9768474102020264,3.329228377511315,3.9228621797358736,41.0,11.265418291091919,0.2747662997827297,0.9899411201477051,4.400080087708264,4.674846387490994,94.96778440475464,182.0,547
run12_g22_g22_20,-2.5212936669964576,1.7298360979615361,0,520.0,768.2215855121613,1.4773492029080024,3.353508949279785,0.0,1.4773492029080024,142.0,82.71189177036285,0.5824781110588934,2.431262969970703,3.326100096736156,3.908578207795049,40.0,11.72807002067566,0.29320175051689146,0.843773365020752,4.336902439594269,4.63010419011116,94.43996179103851,182.0,521
run12_g22_g22_21,4.040210614898576,-1.2584792409923025,2,550.0,807.6190575361252,1.4683982864293186,3.135190963745117,0.0,1.4683982864293186,149.0,87.05640411376953,0.5842711685487888,2.2367801666259766,3.296273732345376,3.880544900894165,51.0,12.853256225585938,0.2520246318742341,1.2387056350708008,4.286280622669294,4.538305254543529,99.90966033935547,200.0,551
run12_g22_g22_22,1.734381398456397,0.9910138792658099,1,554.0,816.6728130578995,1.4741386517290604,3.291389226913452,0.0,1.4741386517290604,146.0,86.07696306705475,0.5895682401853065,2.4852120876312256,3.3245114014573294,3.914079641642636,45.0,12.727596998214722,0.28283548884921605,1.0269365310668945,4.288406409157647,4.571241898006863,98.80456006526947,191.0,555
run12_g22_g22_23,4.07497952993465,0.48570198103517714,2,562.0,827.9403984546661,1.4732035559691568,3.248852252960205,0.0,1.4732035559691568,151.0,90.43523168563843,0.5989088191101882,2.4852120876312256,3.302114884584945,3.901023703695133,49.0,13.310790300369263,0.271648781640189,1.0269365310668945,4.275994748485331,4.54764353012552,103.74602198600769,200.0,563
run12_g22_g22_24,1.7735929617914714,1.0663352700144337,1,554.0,816.6331944465637,1.4740671379901873,3.291389226913452,0.0,1.4740671379901873,147.0,86.3509259223938,0.5874212647781891,2.4785263538360596,3.334773980030397,3.922195244808586,45.0,12.788019180297852,0.2841782040066189,1.0269365310668945,4.285126807954576,4.5693050119611955,99.13894510269165,192.0,555
run12_g22_g22_3,-3.4132382499392597,1.2922480396613343,0,517.0,763.8881212472916,1.4775398863583975,3.3356821537017822,0.0,1.4775398863583975,139.0,82.06526350975037,0.5903975792068372,2.9166083335876465,3.328104099781393,3.91850167898823,43.0,12.160321712493896,0.2827981793603232,0.8419356346130371,4.422535990559777,4.705334169920101,94.22558522224426,182.0,518
run12_g22_g22_4,-4.011886206718601,2.0881075180004385,0,528.0,779.9415148496628,1.4771619599425432,3.4032764434814453,0.0,1.4771619599425432,137.0,79.352365732193,0.5792143484101678,2.953403949737549,3.340296158825394,3.919510507235562,35.0,10.31158971786499,0.29461684908185687,1.016404628753662,4.372808456420898,4.667425305502755,89.66395545005798,172.0,529
run12_g22_g22_5,-4.579812681392605,-2.298073682508145,0,520.0,766.930278301239,1.474865919810075,3.34932017326355,0.0,1.474865919810075,138.0,81.96577274799347,0.59395487498546,2.4630353450775146,3.3212872199390246,3.9152420949244844,38.0,7.803828954696655,0.2053639198604383,0.9008288383483887,4.546651049664146,4.752014969524584,89.76960170269012,176.0,521
run12_g22_g22_6,-2.737888342974345,1.5579852555602598,0,528.0,779.4077485799789,1.4761510389772328,3.192565679550171,0.0,1.4761510389772328,136.0,79.15908825397491,0.5820521195145214,2.953403949737549,3.314920824240236,3.8969729437547573,37.0,10.210106372833252,0.2759488208873852,1.016404628753662,4.283713031459499,4.559661852346884,89.36919462680817,173.0,529
run12_g22_g22_7,-3.1683154118931793,2.0024292354697053,0,521.0,770.7256006002426,1.4793197708258015,3.353508949279785,0.0,1.4793197708258015,141.0,82.67457187175751,0.5863444813599823,2.4338583946228027,3.3609784993719547,3.947322980731937,41.0,11.958792686462402,0.291677870401522,0.843773365020752,4.342417350629481,4.634095221031003,94.63336455821991,182.0,522
run12_g22_g22_8,4.3126498296686835,0.6690532943557961,2,564.0,831.2134447097778,1.4737827033861308,3.248852252960205,0.0,1.4737827033861308,151.0,90.53981184959412,0.5996014029774445,2.4852120876312256,3.3021578536128366,3.901759256590281,50.0,13.68379831314087,0.27367596626281737,1.0219941139221191,4.268905634880066,4.542581601142883,104.22361016273499,201.0,565
run12_g22_g22_9,2.122222387466641,-1.392271940703388,1,544.0,799.5506817102432,1.4697622825555943,3.1348843574523926,0.0,1.4697622825555943,143.0,83.96682381629944,0.5871805861279681,2.178122043609619,3.284042673511105,3.871223259639073,47.0,11.572043657302856,0.24621369483623098,1.252683162689209,4.306992916350669,4.5532066111869,95.5388674736023,190.0,545
run12_g23_g23_0,-4.707834861558022,-2.3160472211845815,0,520.0,767.0149985551834,1.4750288433753527,3.34932017326355,0.0,1.4750288433753527,136.0,82.12793803215027,0.6038818972952226,2.4630353450775146,3.316103333936018,3.919985231231241,38.0,7.891345739364624,0.20766699314117432,0.9008288383483887,4.545241374718516,4.75290836785969,90.01928377151489,174.0,521
run12_g23_g23_1,0.3546603983111172,-1.3976154086511043,1,546.0,802.8122012615204,1.4703520169624915,3.1119563579559326,0.0,1.4703520169624915,137.0,83.67555010318756,0.6107704387093983,2.343534231185913,3.2875612521693656,3.8983316908787637,41.0,10.718357563018799,0.26142335519558046,0.8450937271118164,4.32214271731493,4.58356607251051,94.39390766620636,178.0,547
run12_g23_g23_10,2.0052196992032307,0.3418380015527654,1,558.0,822.1704293489456,1.4734237085106552,3.248852252960205,0.0,1.4734237085106552,147.0,86.94930291175842,0.5914918565425743,2.4852120876312256,3.3417739576222947,3.933265814164869,46.0,12.558385610580444,0.2730083828387053,1.0219941139221191,4.312363412069238,4.585371794907943,99.50768852233887,193.0,559
run12_g23_g23_11,4.231391731178069,-1.128592238634359,2,552.0,810.9544849395752,1.4691204437311145,3.135190963745117,0.0,1.4691204437311145,149.0,87.71104967594147,0.5886647629257816,2.1777970790863037,3.2822202780102723,3.870885040936054,50.0,12.67393684387207,0.2534787368774414,1.252683162689209,4.281653614044189,4.535132350921631,100.38498651981354,199.0,553
run12_g23_g23_12,3.4780746409612204,-1.3049343338712196,2,550.0,807.9601002931595,1.4690183641693808,3.142017126083374,0.0,1.4690183641693808,147.0,87.22942781448364,0.593397468125739,2.1777970790863037,3.27876877784729,3.872166245973029,48.0,12.179050922393799,0.2537302275498708,0.9059343338012695,4.2642587423324585,4.517988969882329,99.40847873687744,195.0,551
run12_g23_g23_13,-6.083508668588749,1.7674258156360878,0,503.0,744.8233617544174,1.4807621506052036,3.2967588901519775,0.0,1.4807621506052036,131.0,81.84071350097656,0.624738270999821,2.531726837158203,3.310709285372086,3.935447556371907,35.0,10.75870966911316,0.30739170483180456,0.8401837348937988,4.422549779074533,4.729941483906337,92.59942317008972,166.0,504
run12_g23_g23_14,-3.4132382499392597,1.2922480396613343,0,517.0,763.8881212472916,1.4775398863583975,3.3356821537017822,0.0,1.4775398863583975,139.0,82.06526350975037,0.5903975792068372,2.9166083335876465,3.328104099781393,3.91850167898823,43.0,12.160321712493896,0.2827981793603232,0.8419356346130371,4.422535990559777,4.705334169920101,94.22558522224426,182.0,518
run12_g23_g23_15,-0.9408291901580086,0.44168641907121287,1,546.0,803.8638702630997,1.4722781506650178,3.4706296920776367,0.0,1.4722781506650178,141.0,83.68820035457611,0.5935333358480576,2.97453236579895,3.3292328102368836,3.9227661460849412,41.0,11.261961221694946,0.2746819810169499,0.9899411201477051,4.400166453384772,4.674848434401722,94.95016157627106,182.0,547
run12_g23_g23_16,1.7683775722180102,1.8994928236626265,1,554.0,816.3953549861908,1.473637824884821,3.291389226913452,0.0,1.473637824884821,148.0,85.21727335453033,0.5757923875306104,2.516040086746216,3.3390765842553733,3.9148689717859835,42.0,12.685283184051514,0.3020305520012265,1.0269365310668945,4.23397806144896,4.5360086134501865,97.90255653858185,190.0,555
run12_g23_g23_17,6.321338864726284,-2.9487459826154354,2,554.0,810.5488394498825,1.4630845477434702,3.135190963745117,0.0,1.4630845477434702,157.0,92.51262187957764,0.5892523686597302,2.4116063117980957,3.2922892616053296,3.8815416302650596,54.0,11.910202980041504,0.22055931444521304,1.2387056350708008,4.292329748471578,4.512889062916791,104.42282485961914,211.0,555
run12_g23_g23_18,1.7735929617914714,1.0663352700144337,1,554.0,816.6331944465637,1.4740671379901873,3.291389226913452,0.0,1.4740671379901873,147.0,86.3509259223938,0.5874212647781891,2.4785263538360596,3.334773980030397,3.922195244808586,45.0,12.788019180297852,0.2841782040066189,1.0269365310668945,4.285126807954576,4.5693050119611955,99.13894510269165,192.0,555
run12_g23_g23_19,1.734381398456397,0.9910138792658099,1,554.0,816.6728130578995,1.4741386517290604,3.291389226913452,0.0,1.4741386517290604,146.0,86.07696306705475,0.5895682401853065,2.4852120876312256,3.3245114014573294,3.914079641642636,45.0,12.727596998214722,0.28283548884921605,1.0269365310668945,4.288406409157647,4.571241898006863,98.80456006526947,191.0,555
run12_g23_g23_2,-2.737888342974345,1.5579852555602598,0,528.0,779.4077485799789,1.4761510389772328,3.192565679550171,0.0,1.4761510389772328,136.0,79.15908825397491,0.5820521195145214,2.953403949737549,3.314920824240236,3.8969729437547573,37.0,10.210106372833252,0.2759488208873852,1.016404628753662,4.283713031459499,4.559661852346884,89.36919462680817,173.0,529
run12_g23_g23_20,-4.921806479393225,-2.444006090519585,0,518.0,764.1324870586395,1.4751592414259451,3.34932017326355,0.0,1.4751592414259451,135.0,81.83820366859436,0.6062089160636619,2.3232104778289795,3.3165376910456903,3.922746607109352,39.0,8.488981485366821,0.2176661919324826,0.9008288383483887,4.577936643209213,4.795602835141695,90.32718515396118,174.0,519
run12_g23_g23_21,-4.579812681392605,-2.298073682508145,0,520.0,766.930278301239,1.474865919810075,3.34932017326355,0.0,1.474865919810075,138.0,81.96577274799347,0.59395487498546,2.4630353450775146,3.3212872199390246,3.9152420949244844,38.0,7.803828954696655,0.2053639198604383,0.9008288383483887,4.546651049664146,4.752014969524584,89.76960170269012,176.0,521
run12_g23_g23_22,-4.011886206718601,2.0881075180004385,0,528.0,779.9415148496628,1.4771619599425432,3.4032764434814453,0.0,1.4771619599425432,137.0,79.352365732193,0.5792143484101678,2.953403949737549,3.340296158825394,3.919510507235562,35.0,10.31158971786499,0.29461684908185687,1.016404628753662,4.372808456420898,4.667425305502755,89.66395545005798,172.0,529
run12_g23_g23_23,-6.855411007655521,0.23047766797547523,0,520.0,769.8352843523026,1.4804524699082742,3.3934824466705322,0.0,1.4804524699082742,131.0,76.48706066608429,0.5838706921075136,2.3344831466674805,3.350821830844151,3.9346925229516647,34.0,8.808054685592651,0.25906043192919564,1.016404628753662,4.522583204157212,4.781643636086407,85.29511535167694,165.0,521
run12_g23_g23_24,4.395145562014459,0.202537701168273,2,560.0,824.7276031970978,1.4727278628519602,3.248852252960205,0.0,1.4727278628519602,152.0,90.86480009555817,0.5977947374707774,2.387096881866455,3.293615799985434,3.891410537456211,51.0,14.100593328475952,0.2764822221269794,1.0269365310668945,4.314999645831538,4.591481867958517,104.96539342403412,203.0,561
run12_g23_g23_3,-4.744978692995698,-1.9874323663876496,0,520.0,767.0024050474167,1.475004625091186,3.34932017326355,0.0,1.475004625091186,135.0,82.37381529808044,0.6101764096154108,2.358733654022217,3.317614933296486,3.9277913429118967,36.0,7.806258916854858,0.21684052546819052,0.9008288383483887,4.507726344797346,4.724566870265537,90.1800742149353,171.0,521
run12_g23_g23_4,-5.4965435343208595,2.266191857786915,0,508.0,752.4563915729523,1.481213369238095,3.316951036453247,0.0,1.481213369238095,136.0,81.07790172100067,0.5961610420661814,2.542375326156616,3.356198744738803,3.9523597868049847,38.0,11.706999778747559,0.30807894154598836,0.859929084777832,4.41602004829206,4.724098989838048,92.78490149974823,174.0,509
run12_g23_g23_5,-0.9429872942294746,0.4512875432530997,1,546.0,803.8729037046432,1.4722946954297496,3.471705675125122,0.0,1.4722946954297496,141.0,83.70236611366272,0.5936338022245583,2.9768474102020264,3.329228377511315,3.9228621797358736,41.0,11.265418291091919,0.2747662997827297,0.9899411201477051,4.400080087708264,4.674846387490994,94.96778440475464,182.0,547
run12_g23_g23_6,2.214040499184343,-1.2832909695716528,1,544.0,799.7485486268997,1.4701260085053303,3.1482391357421875,0.0,1.4701260085053303,146.0,84.48394453525543,0.5786571543510646,2.199791669845581,3.2941462528215695,3.872803407172634,47.0,11.36107873916626,0.24172507955672892,1.252683162689209,4.310403854288953,4.552128933845682,95.84502327442169,193.0,545
run12_g23_g23_7,-3.661469477429698,1.894859159500176,0,513.0,758.1594520807266,1.4778936687733462,3.3356821537017822,0.0,1.4778936687733462,140.0,81.14668250083923,0.5796191607202802,2.9166083335876465,3.344207773889814,3.9238269346100942,43.0,12.59166932106018,0.2928295190944228,0.8419356346130371,4.39837404739025,4.691203566484673,93.73835182189941,183.0,514
run12_g23_g23_8,-3.671641044106025,2.009822945384504,0,526.0,777.3591240644455,1.4778690571567406,3.292856216430664,0.0,1.4778690571567406,135.0,79.38930356502533,0.588068915296484,2.946056604385376,3.326372777974164,3.914441693270648,36.0,10.051668882369995,0.27921302451027763,0.9242844581604004,4.290961106618245,4.570174131128523,89.44097244739532,171.0,527
run12_g23_g23_9,5.4966956872632435,-0.9010210551154149,2,558.0,819.380499124527,1.4684238335564999,3.135190963745117,0.0,1.4684238335564999,151.0,88.4886394739151,0.5860174799597027,2.1808669567108154,3.2728564194496106,3.8588738994093132,51.0,12.998619794845581,0.25487489793814866,1.2899250984191895,4.235766205133176,4.490641103071325,101.48725926876068,202.0,559
run12_g24_g24_0,-4.707834861558022,-2.3160472211845815,0,520.0,767.0149985551834,1.4750288433753527,3.34932017326355,0.0,1.4750288433753527,136.0,82.12793803215027,0.6038818972952226,2.4630353450775146,3.316103333936018,3.919985231231241,38.0,7.891345739364624,0.20766699314117432,0.9008288383483887,4.545241374718516,4.75290836785969,90.01928377151489,174.0,521
run12_g24_g24_1,2.334616920462837,-0.47925101522603275,1,560.0,824.9831382036209,1.4731841753636088,3.241875171661377,0.0,1.4731841753636088,148.0,87.07542514801025,0.5883474672162855,2.4852120876312256,3.338249367636603,3.9265968348528886,49.0,12.436909437179565,0.25381447830978704,1.0219941139221191,4.352622830137914,4.606437308447702,99.51233458518982,197.0,561
run12_g24_g24_10,-5.4965435343208595,2.266191857786915,0,508.0,752.4563915729523,1.481213369238095,3.316951036453247,0.0,1.481213369238095,136.0,81.07790172100067,0.5961610420661814,2.542375326156616,3.356198744738803,3.9523597868049847,38.0,11.706999778747559,0.30807894154598836,0.859929084777832,4.41602004829206,4.724098989838048,92.78490149974823,174.0,509
run12_g24_g24_11,-4.097094406112918,2.1698441410243174,0,517.0,764.252240896225,1.4782441796832204,3.292856216430664,0.0,1.4782441796832204,135.0,79.6293032169342,0.589846690495809,2.946056604385376,3.316498048217208,3.9063447387130172,36.0,10.08892011642456,0.2802477810117934,0.9242844581604004,4.289481216006809,4.569728997018602,89.71822333335876,171.0,518
run12_g24_g24_12,1.6316778753480907,0.16641319417613376,1,556.0,819.6322108507156,1.4741586526092008,3.3505496978759766,0.0,1.4741586526092008,144.0,87.44427633285522,0.6072519189781613,2.4785263538360596,3.317821779184871,3.9250736981630325,47.0,12.516631841659546,0.26631131577999034,1.0269365310668945,4.338537251695674,4.604848567475664,99.96090817451477,191.0,557
run12_g24_g24_13,-3.4460419562847586,1.2725188016385458,0,517.0,763.9227941036224,1.4776069518445307,3.3356821537017822,0.0,1.4776069518445307,139.0,82.08155989646912,0.5905148193990584,2.9166083335876465,3.3289032788585415,3.9194180982576,43.0,12.120757102966309,0.28187807216200716,0.8419356346130371,4.424023833385734,4.705901905547741,94.20231699943542,182.0,518
run12_g24_g24_14,6.321338864726284,-2.9487459826154354,2,554.0,810.5488394498825,1.4630845477434702,3.135190963745117,0.0,1.4630845477434702,157.0,92.51262187957764,0.5892523686597302,2.4116063117980957,3.2922892616053296,3.8815416302650596,54.0,11.910202980041504,0.22055931444521304,1.2387056350708008,4.292329748471578,4.512889062916791,104.42282485961914,211.0,555
run12_g24_g24_15,1.734381398456397,0.9910138792658099,1,554.0,816.6728130578995,1.4741386517290604,3.291389226913452,0.0,1.4741386517290604,146.0,86.07696306705475,0.5895682401853065,2.4852120876312256,3.3245114014573294,3.914079641642636,45.0,12.727596998214722,0.28283548884921605,1.0269365310668945,4.288406409157647,4.571241898006863,98.80456006526947,191.0,555
run12_g24_g24_16,-3.4132382499392597,1.2922480396613343,0,517.0,763.8881212472916,1.4775398863583975,3.3356821537017822,0.0,1.4775398863583975,139.0,82.06526350975037,0.5903975792068372,2.9166083335876465,3.328104099781393,3.91850167898823,43.0,12.160321712493896,0.2827981793603232,0.8419356346130371,4.422535990559777,4.705334169920101,94.22558522224426,182.0,518
run12_g24_g24_17,-4.340409690423021,2.0370436594294397,0,519.0,766.8257046937943,1.4775061747471951,3.4032764434814453,0.0,1.4775061747471951,138.0,79.57439827919006,0.5766260744868845,2.953403949737549,3.3346020121505293,3.911228086637414,36.0,10.328264236450195,0.2868962287902832,1.016404628753662,4.379294819302029,4.666191048092312,89.90266251564026,174.0,520
run12_g24_g24_18,-0.9429872942294746,0.4512875432530997,1,546.0,803.8729037046432,1.4722946954297496,3.471705675125122,0.0,1.4722946954297496,141.0,83.70236611366272,0.5936338022245583,2.9768474102020264,3.329228377511315,3.9228621797358736,41.0,11.265418291091919,0.2747662997827297,0.9899411201477051,4.400080087708264,4.674846387490994,94.96778440475464,182.0,547
run12_g24_g24_19,2.307494267762749,0.43200530480663957,1,545.0,803.6961034536362,1.4746717494562132,3.230220317840576,0.0,1.4746717494562132,147.0,89.67060649394989,0.610004125809183,2.3894529342651367,3.282731893922196,3.892736019731379,49.0,14.120022773742676,0.28816373007638113,1.0269365310668945,4.370397733182323,4.658561463258704,103.79062926769257,196.0,546
run12_g24_g24_2,-4.72247510858685,-2.4562667071438002,0,520.0,766.9954380989075,1.4749912271132837,3.34932017326355,0.0,1.4749912271132837,135.0,82.07421469688416,0.6079571459028456,2.4630353450775146,3.3064979570883293,3.914455102991175,38.0,7.789557218551636,0.20498834785662198,0.9002366065979004,4.547494743999682,4.752483091856304,89.86377191543579,173.0,521
run12_g24_g24_20,-2.737888342974345,1.5579852555602598,0,528.0,779.4077485799789,1.4761510389772328,3.192565679550171,0.0,1.4761510389772328,136.0,79.15908825397491,0.5820521195145214,2.953403949737549,3.314920824240236,3.8969729437547573,37.0,10.210106372833252,0.2759488208873852,1.016404628753662,4.283713031459499,4.559661852346884,89.36919462680817,173.0,529
run12_g24_g24_21,1.7735929617914714,1.0663352700144337,1,554.0,816.6331944465637,1.4740671379901873,3.291389226913452,0.0,1.4740671379901873,147.0,86.3509259223938,0.5874212647781891,2.4785263538360596,3.334773980030397,3.922195244808586,45.0,12.788019180297852,0.2841782040066189,1.0269365310668945,4.285126807954576,4.5693050119611955,99.13894510269165,192.0,555
run12_g24_g24_22,1.3370835337051135,2.1340901173900177,1,552.0,813.9240766763687,1.4745001389064651,3.291389226913452,0.0,1.4745001389064651,147.0,84.88036262989044,0.5774174328563976,2.516040086746216,3.337502446304373,3.9149198791607707,41.0,12.479277610778809,0.3043726246531417,1.1308398246765137,4.241663775792936,4.546036400446078,97.35964024066925,188.0,553
run12_g24_g24_23,1.7155589777199154,1.1921332069197335,1,553.0,814.7801070213318,1.473381748682336,3.291389226913452,0.0,1.473381748682336,148.0,85.28934502601624,0.5762793582838934,2.421138286590576,3.3398362881428487,3.916115646426742,44.0,12.824505805969238,0.29146604104475543,1.0269365310668945,4.280794154513966,4.572260195558721,98.11385083198547,192.0,554
run12_g24_g24_24,-4.011886206718601,2.0881075180004385,0,528.0,779.9415148496628,1.4771619599425432,3.4032764434814453,0.0,1.4771619599425432,137.0,79.352365732193,0.5792143484101678,2.953403949737549,3.340296158825394,3.919510507235562,35.0,10.31158971786499,0.29461684908185687,1.016404628753662,4.372808456420898,4.667425305502755,89.66395545005798,172.0,529
run12_g24_g24_3,4.264256558854377,-0.9255535916264955,2,551.0,809.5307412147522,1.4692027971229622,3.135190963745117,0.0,1.4692027971229622,146.0,87.34574508666992,0.5982585279908899,2.1808669567108154,3.2805082406083197,3.8787667685992098,51.0,12.947768211364746,0.25387780806597543,1.2899250984191895,4.237347682317098,4.491225490383074,100.29351329803467,197.0,552
run12_g24_g24_4,-5.059242822587927,1.1189729936078294,0,500.0,738.5817592144012,1.4771635184288026,3.3531134128570557,0.0,1.4771635184288026,137.0,79.43765556812286,0.5798369019571012,2.9166083335876465,3.3256043160918853,3.9054412180489866,40.0,10.246540546417236,0.2561635136604309,0.8421421051025391,4.367138797044754,4.623302310705185,89.6841961145401,177.0,501
run12_g24_g24_5,-6.855411007655521,0.23047766797547523,0,520.0,769.8352843523026,1.4804524699082742,3.3934824466705322,0.0,1.4804524699082742,131.0,76.48706066608429,0.5838706921075136,2.3344831466674805,3.350821830844151,3.9346925229516647,34.0,8.808054685592651,0.25906043192919564,1.016404628753662,4.522583204157212,4.781643636086407,85.29511535167694,165.0,521
run12_g24_g24_6,1.1505053615013425,-0.2773186892943386,1,548.0,805.5364060401917,1.4699569453288168,3.1119563579559326,0.0,1.4699569453288168,140.0,85.03591513633728,0.6073993938309806,2.587745428085327,3.2924985357693264,3.899897929600307,41.0,11.894774436950684,0.290116449681724,0.8599162101745605,4.296957399786972,4.5870738494686965,96.93068957328796,181.0,549
run12_g24_g24_7,5.4966956872632435,-0.9010210551154149,2,558.0,819.380499124527,1.4684238335564999,3.135190963745117,0.0,1.4684238335564999,151.0,88.4886394739151,0.5860174799597027,2.1808669567108154,3.2728564194496106,3.8588738994093132,51.0,12.998619794845581,0.25487489793814866,1.2899250984191895,4.235766205133176,4.490641103071325,101.48725926876068,202.0,559
run12_g24_g24_8,0.3546603983111172,-1.3976154086511043,1,546.0,802.8122012615204,1.4703520169624915,3.1119563579559326,0.0,1.4703520169624915,137.0,83.67555010318756,0.6107704387093983,2.343534231185913,3.2875612521693656,3.8983316908787637,41.0,10.718357563018799,0.26142335519558046,0.8450937271118164,4.32214271731493,4.58356607251051,94.39390766620636,178.0,547
run12_g24_g24_9,-4.579812681392605,-2.298073682508145,0,520.0,766.930278301239,1.474865919810075,3.34932017326355,0.0,1.474865919810075,138.0,81.96577274799347,0.59395487498546,2.4630353450775146,3.3212872199390246,3.9152420949244844,38.0,7.803828954696655,0.2053639198604383,0.9008288383483887,4.546651049664146,4.752014969524584,89.76960170269012,176.0,521
run12_g25_g25_0,-4.707834861558022,-2.3160472211845815,0,520.0,767.0149985551834,1.4750288433753527,3.34932017326355,0.0,1.4750288433753527,136.0,82.12793803215027,0.6038818972952226,2.4630353450775146,3.316103333936018,3.919985231231241,38.0,7.891345739364624,0.20766699314117432,0.9008288383483887,4.545241374718516,4.75290836785969,90.01928377151489,174.0,521
run12_g25_g25_1,-6.855411007655521,0.23047766797547523,0,520.0,769.8352843523026,1.4804524699082742,3.3934824466705322,0.0,1.4804524699082742,131.0,76.48706066608429,0.5838706921075136,2.3344831466674805,3.350821830844151,3.9346925229516647,34.0,8.808054685592651,0.25906043192919564,1.016404628753662,4.522583204157212,4.781643636086407,85.29511535167694,165.0,521
run12_g25_g25_10,-4.577174093049002,-2.395599023967634,0,520.0,766.8427612781525,1.474697617842601,3.34932017326355,0.0,1.474697617842601,138.0,82.0247210264206,0.5943820364233376,2.4630353450775146,3.321858018204786,3.9162400546281235,38.0,7.7103941440582275,0.2029051090541639,0.9008288383483887,4.547137003195913,4.750042112250077,89.73511517047882,176.0,521
run12_g25_g25_11,-5.4965435343208595,2.266191857786915,0,508.0,752.4563915729523,1.481213369238095,3.316951036453247,0.0,1.481213369238095,136.0,81.07790172100067,0.5961610420661814,2.542375326156616,3.356198744738803,3.9523597868049847,38.0,11.706999778747559,0.30807894154598836,0.859929084777832,4.41602004829206,4.724098989838048,92.78490149974823,174.0,509
run12_g25_g25_12,-4.097094406112918,2.1698441410243174,0,517.0,764.252240896225,1.4782441796832204,3.292856216430664,0.0,1.4782441796832204,135.0,79.6293032169342,0.589846690495809,2.946056604385376,3.316498048217208,3.9063447387130172,36.0,10.08892011642456,0.2802477810117934,0.9242844581604004,4.289481216006809,4.569728997018602,89.71822333335876,171.0,518
run12_g25_g25_13,-5.625442509856929,1.2380720810053456,0,502.0,743.400758266449,1.4808780045148386,3.4348785877227783,0.0,1.4808780045148386,137.0,79.19824707508087,0.5780893947086195,2.430398464202881,3.361748066261737,3.9398374609703564,42.0,10.213350296020508,0.24317500704810732,0.8401837348937988,4.360366230919247,4.603541237967355,89.41159737110138,179.0,503
run12_g25_g25_14,1.3370835337051135,2.1340901173900177,1,552.0,813.9240766763687,1.4745001389064651,3.291389226913452,0.0,1.4745001389064651,147.0,84.88036262989044,0.5774174328563976,2.516040086746216,3.337502446304373,3.9149198791607707,41.0,12.479277610778809,0.3043726246531417,1.1308398246765137,4.241663775792936,4.546036400446078,97.35964024066925,188.0,553
run12_g25_g25_15,6.321338864726284,-2.9487459826154354,2,554.0,810.5488394498825,1.4630845477434702,3.135190963745117,0.0,1.4630845477434702,157.0,92.51262187957764,0.5892523686597302,2.4116063117980957,3.2922892616053296,3.8815416302650596,54.0,11.910202980041504,0.22055931444521304,1.2387056350708008,4.292329748471578,4.512889062916791,104.42282485961914,211.0,555
run12_g25_g25_16,-4.499399304136592,-2.373289094897302,0,522.0,769.8905117511749,1.4748860378375,3.34932017326355,0.0,1.4748860378375,136.0,82.48032474517822,0.606472976067487,2.4630353450775146,3.312835305929184,3.919308281996671,38.0,7.895920038223267,0.20778736942692808,0.9008288383483887,4.54514047346617,4.752927842893098,90.37624478340149,174.0,523
run12_g25_g25_17,2.334616920462837,-0.47925101522603275,1,560.0,824.9831382036209,1.4731841753636088,3.241875171661377,0.0,1.4731841753636088,148.0,87.07542514801025,0.5883474672162855,2.4852120876312256,3.338249367636603,3.9265968348528886,49.0,12.436909437179565,0.25381447830978704,1.0219941139221191,4.352622830137914,4.606437308447702,99.51233458518982,197.0,561
run12_g25_g25_18,-4.2065013814563725,2.1171746405912724,0,521.0,769.7528616189957,1.4774527094414505,3.396484851837158,0.0,1.4774527094414505,136.0,80.65570652484894,0.5930566656238893,3.0503089427948,3.3086452107219135,3.9017018763458027,34.0,9.865164041519165,0.2901518835740931,1.016404628753662,4.363442203577827,4.65359408715192,90.5208705663681,170.0,522
run12_g25_g25_19,-0.9429872942294746,0.4512875432530997,1,546.0,803.8729037046432,1.4722946954297496,3.471705675125122,0.0,1.4722946954297496,141.0,83.70236611366272,0.5936338022245583,2.9768474102020264,3.329228377511315,3.9228621797358736,41.0,11.265418291091919,0.2747662997827297,0.9899411201477051,4.400080087708264,4.674846387490994,94.96778440475464,182.0,547
run12_g25_g25_2,-2.3787001608797858,1.223238806793839,0,519.0,766.808978676796,1.4774739473541347,3.3356821537017822,0.0,1.4774739473541347,146.0,81.65445017814636,0.5592770560147011,2.8688063621520996,3.3321514554219704,3.8914285114366716,44.0,11.131596565246582,0.2529908310283314,0.8419356346130371,4.359863167459315,4.612853998487646,92.78604674339294,190.0,520
run12_g25_g25_20,-5.127892407443464,1.0493200765074768,0,500.0,738.5093604326248,1.4770187208652497,3.3531134128570557,0.0,1.4770187208652497,137.0,79.39437735080719,0.5795210025606364,3.0758056640625,3.3222523579632277,3.9017733605238645,40.0,9.950284957885742,0.24875712394714355,0.8421421051025391,4.370007365942001,4.618764489889145,89.34466230869293,177.0,501
run12_g25_g25_21,-4.412570541817387,2.096348621945681,0,516.0,762.9651019573212,1.478614538676979,3.292856216430664,0.0,1.478614538676979,132.0,79.24457716941833,0.6003377058289268,2.9703872203826904,3.304731513514663,3.90506921934359,37.0,10.651196002960205,0.2878701622421677,0.9242844581604004,4.321781783490567,4.609651945732735,89.89577317237854,169.0,517
run12_g25_g25_22,1.6305879105716437,1.5780416590601845,1,543.0,800.5952398777008,1.4743927069570917,3.230220317840576,0.0,1.4743927069570917,144.0,87.65579867362976,0.6087208241224289,2.3894529342651367,3.285324177808232,3.8940450019306607,44.0,14.105478763580322,0.3205790628086437,1.0269365310668945,4.305832283063368,4.626411345872012,101.76127743721008,188.0,544
run12_g25_g25_23,-2.737888342974345,1.5579852555602598,0,528.0,779.4077485799789,1.4761510389772328,3.192565679550171,0.0,1.4761510389772328,136.0,79.15908825397491,0.5820521195145214,2.953403949737549,3.314920824240236,3.8969729437547573,37.0,10.210106372833252,0.2759488208873852,1.016404628753662,4.283713031459499,4.559661852346884,89.36919462680817,173.0,529
run12_g25_g25_24,1.1678513435510671,1.2489755262868725,1,548.0,807.7687188386917,1.4740305088297294,3.291389226913452,0.0,1.4740305088297294,146.0,85.46765887737274,0.5853949238176215,2.421138286590576,3.3379486252183783,3.923343549036,44.0,12.823750019073486,0.291448864069852,1.0269365310668945,4.281385963613337,4.572834827683189,98.29140889644623,190.0,549
run12_g25_g25_3,5.4966956872632435,-0.9010210551154149,2,558.0,819.380499124527,1.4684238335564999,3.135190963745117,0.0,1.4684238335564999,151.0,88.4886394739151,0.5860174799597027,2.1808669567108154,3.2728564194496106,3.8588738994093132,51.0,12.998619794845581,0.25487489793814866,1.2899250984191895,4.235766205133176,4.490641103071325,101.48725926876068,202.0,559
run12_g25_g25_4,-4.72247510858685,-2.4562667071438002,0,520.0,766.9954380989075,1.4749912271132837,3.34932017326355,0.0,1.4749912271132837,135.0,82.07421469688416,0.6079571459028456,2.4630353450775146,3.3064979570883293,3.914455102991175,38.0,7.789557218551636,0.20498834785662198,0.9002366065979004,4.547494743999682,4.752483091856304,89.86377191543579,173.0,521
run12_g25_g25_5,-4.579812681392605,-2.298073682508145,0,520.0,766.930278301239,1.474865919810075,3.34932017326355,0.0,1.474865919810075,138.0,81.96577274799347,0.59395487498546,2.4630353450775146,3.3212872199390246,3.9152420949244844,38.0,7.803828954696655,0.2053639198604383,0.9008288383483887,4.546651049664146,4.752014969524584,89.76960170269012,176.0,521
run12_g25_g25_6,-5.059242822587927,1.1189729936078294,0,500.0,738.5817592144012,1.4771635184288026,3.3531134128570557,0.0,1.4771635184288026,137.0,79.43765556812286,0.5798369019571012,2.9166083335876465,3.3256043160918853,3.9054412180489866,40.0,10.246540546417236,0.2561635136604309,0.8421421051025391,4.367138797044754,4.623302310705185,89.6841961145401,177.0,501
run12_g25_g25_7,-2.534272418647192,1.3509102443567225,0,519.0,766.8706232309341,1.4775927229883123,3.3356821537017822,0.0,1.4775927229883123,146.0,81.64279675483704,0.559197238046829,2.86649751663208,3.3326594290668017,3.8918566671136308,43.0,11.12136435508728,0.258636380350867,0.8419356346130371,4.367334903672684,4.625971284023551,92.76416110992432,189.0,520
run12_g25_g25_8,0.3546603983111172,-1.3976154086511043,1,546.0,802.8122012615204,1.4703520169624915,3.1119563579559326,0.0,1.4703520169624915,137.0,83.67555010318756,0.6107704387093983,2.343534231185913,3.2875612521693656,3.8983316908787637,41.0,10.718357563018799,0.26142335519558046,0.8450937271118164,4.32214271731493,4.58356607251051,94.39390766620636,178.0,547
run12_g25_g25_9,5.102183495090017,-0.6266254503077313,2,558.0,819.3949384689331,1.4684497105178012,3.135190963745117,0.0,1.4684497105178012,150.0,88.39183104038239,0.5892788736025493,2.1808669567108154,3.2697580313682555,3.8590369049708046,48.0,12.783801317214966,0.26632919410864514,1.287759780883789,4.238906001051267,4.505235195159912,101.17563235759735,198.0,559
run12_g26_g26_0,-4.707834861558022,-2.3160472211845815,0,520.0,767.0149985551834,1.4750288433753527,3.34932017326355,0.0,1.4750288433753527,136.0,82.12793803215027,0.6038818972952226,2.4630353450775146,3.316103333936018,3.919985231231241,38.0,7.891345739364624,0.20766699314117432,0.9008288383483887,4.545241374718516,4.75290836785969,90.01928377151489,174.0,521
run12_g26_g26_1,-4.577174093049002,-2.395599023967634,0,520.0,766.8427612781525,1.474697617842601,3.34932017326355,0.0,1.474697617842601,138.0,82.0247210264206,0.5943820364233376,2.4630353450775146,3.321858018204786,3.9162400546281235,38.0,7.7103941440582275,0.2029051090541639,0.9008288383483887,4.547137003195913,4.750042112250077,89.73511517047882,176.0,521
run12_g26_g26_10,-5.059242822587927,1.1189729936078294,0,500.0,738.5817592144012,1.4771635184288026,3.3531134128570557,0.0,1.4771635184288026,137.0,79.43765556812286,0.5798369019571012,2.9166083335876465,3.3256043160918853,3.9054412180489866,40.0,10.246540546417236,0.2561635136604309,0.8421421051025391,4.367138797044754,4.623302310705185,89.6841961145401,177.0,501
run12_g26_g26_11,-5.46344632962577,0.7782547344294114,0,499.0,736.970400929451,1.4768945910409839,3.3531134128570557,0.0,1.4768945910409839,135.0,79.00730204582214,0.5852392744134973,2.9166083335876465,3.316106506630226,3.901345781043724,39.0,9.806696891784668,0.25145376645601714,0.8421421051025391,4.383901327084272,4.63535509354029,88.81399893760681,174.0,500
run12_g26_g26_12,-2.737888342974345,1.5579852555602598,0,528.0,779.4077485799789,1.4761510389772328,3.192565679550171,0.0,1.4761510389772328,136.0,79.15908825397491,0.5820521195145214,2.953403949737549,3.314920824240236,3.8969729437547573,37.0,10.210106372833252,0.2759488208873852,1.016404628753662,4.283713031459499,4.559661852346884,89.36919462680817,173.0,529
run12_g26_g26_13,-8.101685463483342,-0.20519605387564444,0,512.0,758.7527680397034,1.4819390000775456,3.415562152862549,0.0,1.4819390000775456,129.0,75.05187225341797,0.5817974593288214,2.376692295074463,3.3681408250054647,3.9499382843342863,35.0,7.613133907318115,0.21751811163766044,1.016404628753662,4.502619198390415,4.720137310028076,82.66500616073608,164.0,513
run12_g26_g26_14,-5.127892407443464,1.0493200765074768,0,500.0,738.5093604326248,1.4770187208652497,3.3531134128570557,0.0,1.4770187208652497,137.0,79.39437735080719,0.5795210025606364,3.0758056640625,3.3222523579632277,3.9017733605238645,40.0,9.950284957885742,0.24875712394714355,0.8421421051025391,4.370007365942001,4.618764489889145,89.34466230869293,177.0,501
run12_g26_g26_15,-2.3787001608797858,1.223238806793839,0,519.0,766.808978676796,1.4774739473541347,3.3356821537017822,0.0,1.4774739473541347,146.0,81.65445017814636,0.5592770560147011,2.8688063621520996,3.3321514554219704,3.8914285114366716,44.0,11.131596565246582,0.2529908310283314,0.8419356346130371,4.359863167459315,4.612853998487646,92.78604674339294,190.0,520
run12_g26_g26_16,-5.557267609288544,2.161889453869294,0,508.0,752.4477691650391,1.4811963959941714,3.316951036453247,0.0,1.4811963959941714,136.0,80.86553013324738,0.5945994862738777,2.542375326156616,3.356385019772193,3.950984506046071,38.0,11.564911842346191,0.30433978532489975,0.859929084777832,4.419438732297797,4.723778517622697,92.43044197559357,174.0,509
run12_g26_g26_17,-0.9429872942294746,0.4512875432530997,1,546.0,803.8729037046432,1.4722946954297496,3.471705675125122,0.0,1.4722946954297496,141.0,83.70236611366272,0.5936338022245583,2.9768474102020264,3.329228377511315,3.9228621797358736,41.0,11.265418291091919,0.2747662997827297,0.9899411201477051,4.400080087708264,4.674846387490994,94.96778440475464,182.0,547
run12_g26_g26_18,5.086089980563245,-0.6024616906630402,2,558.0,819.4307574033737,1.4685139021565836,3.135190963745117,0.0,1.4685139021565836,150.0,88.40316116809845,0.589354407787323,2.1836631298065186,3.2704650060335796,3.8598194138209023,48.0,12.804870843887329,0.266768142580986,1.287759780883789,4.2393048504988355,4.506072993079822,101.20803201198578,198.0,559
run12_g26_g26_19,-1.8221712824092806,-1.740865115558472,1,542.0,797.591445684433,1.4715709329971087,3.2597556114196777,0.0,1.4715709329971087,131.0,81.90250265598297,0.6252099439388014,2.343534231185913,3.2972423511607047,3.922452295099506,40.0,10.353985786437988,0.25884964466094973,0.8077507019042969,4.4124439537525175,4.671293598413468,92.25648844242096,171.0,543
run12_g26_g26_2,-4.499399304136592,-2.373289094897302,0,522.0,769.8905117511749,1.4748860378375,3.34932017326355,0.0,1.4748860378375,136.0,82.48032474517822,0.606472976067487,2.4630353450775146,3.312835305929184,3.919308281996671,38.0,7.895920038223267,0.20778736942692808,0.9008288383483887,4.54514047346617,4.752927842893098,90.37624478340149,174.0,523
run12_g26_g26_20,-4.799866564731187,-2.5411096639234416,0,518.0,763.9525617361069,1.4748118952434495,3.34932017326355,0.0,1.4748118952434495,137.0,81.74319469928741,0.5966656547393242,2.332326650619507,3.3221770925243406,3.918842747263665,39.0,8.274477481842041,0.21216608927800104,0.9008288383483887,4.580623009265998,4.792789098543999,90.01767218112946,176.0,519
run12_g26_g26_21,0.3546603983111172,-1.3976154086511043,1,546.0,802.8122012615204,1.4703520169624915,3.1119563579559326,0.0,1.4703520169624915,137.0,83.67555010318756,0.6107704387093983,2.343534231185913,3.2875612521693656,3.8983316908787637,41.0,10.718357563018799,0.26142335519558046,0.8450937271118164,4.32214271731493,4.58356607251051,94.39390766620636,178.0,547
run12_g26_g26_22,5.4966956872632435,-0.9010210551154149,2,558.0,819.380499124527,1.4684238335564999,3.135190963745117,0.0,1.4684238335564999,151.0,88.4886394739151,0.5860174799597027,2.1808669567108154,3.2728564194496106,3.8588738994093132,51.0,12.998619794845581,0.25487489793814866,1.2899250984191895,4.235766205133176,4.490641103071325,101.48725926876068,202.0,559
run12_g26_g26_23,6.321338864726284,-2.9487459826154354,2,554.0,810.5488394498825,1.4630845477434702,3.135190963745117,0.0,1.4630845477434702,157.0,92.51262187957764,0.5892523686597302,2.4116063117980957,3.2922892616053296,3.8815416302650596,54.0,11.910202980041504,0.22055931444521304,1.2387056350708008,4.292329748471578,4.512889062916791,104.42282485961914,211.0,555
run12_g26_g26_24,2.0976621402939784,-0.3922561558771075,1,562.0,827.6841852664948,1.4727476606165386,3.4022674560546875,0.0,1.4727476606165386,147.0,86.2903596162796,0.5870092490903375,2.4852120876312256,3.3238831888250755,3.910892437915413,50.0,13.608921527862549,0.272178430557251,1.0219941139221191,4.4424883031845095,4.71466673374176,99.89928114414215,197.0,563
run12_g26_g26_3,-2.517988356796715,1.1432343651482904,0,526.0,776.2978349924088,1.475851397323971,3.192565679550171,0.0,1.475851397323971,135.0,79.34212183952332,0.587719421033506,2.953403949737549,3.309225889488503,3.8969453105220087,40.0,10.610837697982788,0.2652709424495697,1.016404628753662,4.287962710857391,4.553233653306961,89.9529595375061,175.0,527
run12_g26_g26_4,-4.2065013814563725,2.1171746405912724,0,521.0,769.7528616189957,1.4774527094414505,3.396484851837158,0.0,1.4774527094414505,136.0,80.65570652484894,0.5930566656238893,3.0503089427948,3.3086452107219135,3.9017018763458027,34.0,9.865164041519165,0.2901518835740931,1.016404628753662,4.363442203577827,4.65359408715192,90.5208705663681,170.0,522
run12_g26_g26_5,-2.628276785529974,1.5442143830706314,0,519.0,766.9172394275665,1.4776825422496465,3.3356821537017822,0.0,1.4776825422496465,147.0,81.50462698936462,0.5544532448256096,2.8688063621520996,3.337392116079525,3.8918453609051347,42.0,11.067968845367432,0.2635230677468436,0.8419356346130371,4.369352000100272,4.632875067847116,92.57259583473206,189.0,520
run12_g26_g26_6,-5.625442509856929,1.2380720810053456,0,502.0,743.400758266449,1.4808780045148386,3.4348785877227783,0.0,1.4808780045148386,137.0,79.19824707508087,0.5780893947086195,2.430398464202881,3.361748066261737,3.9398374609703564,42.0,10.213350296020508,0.24317500704810732,0.8401837348937988,4.360366230919247,4.603541237967355,89.41159737110138,179.0,503
run12_g26_g26_7,-6.855411007655521,0.23047766797547523,0,520.0,769.8352843523026,1.4804524699082742,3.3934824466705322,0.0,1.4804524699082742,131.0,76.48706066608429,0.5838706921075136,2.3344831466674805,3.350821830844151,3.9346925229516647,34.0,8.808054685592651,0.25906043192919564,1.016404628753662,4.522583204157212,4.781643636086407,85.29511535167694,165.0,521
run12_g26_g26_8,1.2188773765249454,1.8667436576058356,1,551.0,812.3474868535995,1.474314858173502,3.291389226913452,0.0,1.474314858173502,146.0,84.81205189228058,0.5809044650156204,2.5211312770843506,3.3420450091362,3.9229494741518205,42.0,12.462369441986084,0.2967230819520496,1.1308398246765137,4.24313007082258,4.539853152774629,97.27442133426666,188.0,552
run12_g26_g26_9,1.6305879105716437,1.5780416590601845,1,543.0,800.5952398777008,1.4743927069570917,3.230220317840576,0.0,1.4743927069570917,144.0,87.65579867362976,0.6087208241224289,2.3894529342651367,3.285324177808232,3.8940450019306607,44.0,14.105478763580322,0.3205790628086437,1.0269365310668945,4.305832283063368,4.626411345872012,101.76127743721008,188.0,544
run12_g27_g27_0,-4.707834861558022,-2.3160472211845815,0,520.0,767.0149985551834,1.4750288433753527,3.34932017326355,0.0,1.4750288433753527,136.0,82.12793803215027,0.6038818972952226,2.4630353450775146,3.316103333936018,3.919985231231241,38.0,7.891345739364624,0.20766699314117432,0.9008288383483887,4.545241374718516,4.75290836785969,90.01928377151489,174.0,521
run12_g27_g27_1,-4.6297406125541745,-2.651773578944074,0,520.0,766.8403613567352,1.4746930026091063,3.34932017326355,0.0,1.4746930026091063,136.0,82.20033252239227,0.6044142097234726,2.332326650619507,3.3141633298467186,3.918577539570191,39.0,8.279513835906982,0.2122952265617175,0.9008288383483887,4.580413262049357,4.7927084886110745,90.47984635829926,175.0,521
run12_g27_g27_10,5.642215906201041,-1.733246710871534,2,560.0,822.0713641643524,1.467984578864915,3.148944139480591,0.0,1.467984578864915,152.0,87.92942178249359,0.5784830380427209,2.0581893920898438,3.2779013240023662,3.8563843620450875,54.0,13.216699838638306,0.2447537007155242,1.287759780883789,4.2967711554633246,4.541524856178849,101.1461216211319,206.0,561
run12_g27_g27_11,0.3546603983111172,-1.3976154086511043,1,546.0,802.8122012615204,1.4703520169624915,3.1119563579559326,0.0,1.4703520169624915,137.0,83.67555010318756,0.6107704387093983,2.343534231185913,3.2875612521693656,3.8983316908787637,41.0,10.718357563018799,0.26142335519558046,0.8450937271118164,4.32214271731493,4.58356607251051,94.39390766620636,178.0,547
run12_g27_g27_12,-0.9429872942294746,0.4512875432530997,1,546.0,803.8729037046432,1.4722946954297496,3.471705675125122,0.0,1.4722946954297496,141.0,83.70236611366272,0.5936338022245583,2.9768474102020264,3.329228377511315,3.9228621797358736,41.0,11.265418291091919,0.2747662997827297,0.9899411201477051,4.400080087708264,4.674846387490994,94.96778440475464,182.0,547
run12_g27_g27_13,2.668213116985598,-0.060481298083897087,1,563.0,829.1057603359222,1.4726567679146043,3.4022674560546875,0.0,1.4726567679146043,146.0,85.93893766403198,0.5886228607125479,2.4852120876312256,3.3116024536629247,3.9002253143754726,51.0,13.931187152862549,0.27316053240906957,1.0219941139221191,4.383583096896901,4.6567436293059705,99.87012481689453,197.0,564
run12_g27_g27_14,-4.499399304136592,-2.373289094897302,0,522.0,769.8905117511749,1.4748860378375,3.34932017326355,0.0,1.4748860378375,136.0,82.48032474517822,0.606472976067487,2.4630353450775146,3.312835305929184,3.919308281996671,38.0,7.895920038223267,0.20778736942692808,0.9008288383483887,4.54514047346617,4.752927842893098,90.37624478340149,174.0,523
run12_g27_g27_15,-5.127892407443464,1.0493200765074768,0,500.0,738.5093604326248,1.4770187208652497,3.3531134128570557,0.0,1.4770187208652497,137.0,79.39437735080719,0.5795210025606364,3.0758056640625,3.3222523579632277,3.9017733605238645,40.0,9.950284957885742,0.24875712394714355,0.8421421051025391,4.370007365942001,4.618764489889145,89.34466230869293,177.0,501
run12_g27_g27_16,6.321338864726284,-2.9487459826154354,2,554.0,810.5488394498825,1.4630845477434702,3.135190963745117,0.0,1.4630845477434702,157.0,92.51262187957764,0.5892523686597302,2.4116063117980957,3.2922892616053296,3.8815416302650596,54.0,11.910202980041504,0.22055931444521304,1.2387056350708008,4.292329748471578,4.512889062916791,104.42282485961914,211.0,555
run12_g27_g27_17,-4.799866564731187,-2.5411096639234416,0,518.0,763.9525617361069,1.4748118952434495,3.34932017326355,0.0,1.4748118952434495,137.0,81.74319469928741,0.5966656547393242,2.332326650619507,3.3221770925243406,3.918842747263665,39.0,8.274477481842041,0.21216608927800104,0.9008288383483887,4.580623009265998,4.792789098543999,90.01767218112946,176.0,519
run12_g27_g27_18,-2.517988356796715,1.1432343651482904,0,526.0,776.2978349924088,1.475851397323971,3.192565679550171,0.0,1.475851397323971,135.0,79.34212183952332,0.587719421033506,2.953403949737549,3.309225889488503,3.8969453105220087,40.0,10.610837697982788,0.2652709424495697,1.016404628753662,4.287962710857391,4.553233653306961,89.9529595375061,175.0,527
run12_g27_g27_19,-2.846708727202044,1.492717084874896,0,512.0,756.8571668863297,1.4782366540748626,3.3356821537017822,0.0,1.4782366540748626,145.0,81.29364359378815,0.5606458178881941,2.8688063621520996,3.321283928279219,3.881929746167413,44.0,11.274826526641846,0.2562460574236783,0.862116813659668,4.358996792273088,4.615242849696767,92.56847012042999,189.0,513
run12_g27_g27_2,-8.101685463483342,-0.20519605387564444,0,512.0,758.7527680397034,1.4819390000775456,3.415562152862549,0.0,1.4819390000775456,129.0,75.05187225341797,0.5817974593288214,2.376692295074463,3.3681408250054647,3.9499382843342863,35.0,7.613133907318115,0.21751811163766044,1.016404628753662,4.502619198390415,4.720137310028076,82.66500616073608,164.0,513
run12_g27_g27_20,-1.6793062419900993,1.347970227860379,1,544.0,802.0501440763474,1.4743568824932856,3.471705675125122,0.0,1.4743568824932856,141.0,82.7321525812149,0.5867528551859214,2.69730544090271,3.333378787581802,3.9201316427677235,37.0,11.139124631881714,0.30105742248328954,1.155897617340088,4.410142151085106,4.711199573568396,93.87127721309662,178.0,545
run12_g27_g27_21,-1.458377775186239,-1.8008426855336377,1,544.0,799.9590641260147,1.4705129855257624,3.2597556114196777,0.0,1.4705129855257624,132.0,82.24346029758453,0.6230565174059435,2.3518991470336914,3.2887886356223714,3.911845153028315,39.0,10.493651151657104,0.2690679782476181,1.15047025680542,4.472233246534299,4.741301224781917,92.73711144924164,171.0,545
run12_g27_g27_22,-2.7285826745216437,1.6995300958472885,0,519.0,766.9272516965866,1.4777018337121128,3.3356821537017822,0.0,1.4777018337121128,146.0,81.41914629936218,0.5576653856120698,2.8688063621520996,3.3310740826881093,3.8887394683001792,41.0,11.081905364990234,0.2702903747558594,0.8419356346130371,4.366125130071873,4.636415504827732,92.50105166435242,187.0,520
run12_g27_g27_23,-5.625442509856929,1.2380720810053456,0,502.0,743.400758266449,1.4808780045148386,3.4348785877227783,0.0,1.4808780045148386,137.0,79.19824707508087,0.5780893947086195,2.430398464202881,3.361748066261737,3.9398374609703564,42.0,10.213350296020508,0.24317500704810732,0.8401837348937988,4.360366230919247,4.603541237967355,89.41159737110138,179.0,503
run12_g27_g27_24,-5.818742682369231,1.6485451677756087,0,502.0,743.6031984090805,1.481281271731236,3.457766056060791,0.0,1.481281271731236,137.0,78.87125647068024,0.5757026019757682,2.415350914001465,3.366907278986743,3.942609880962511,41.0,10.337951421737671,0.25214515662774806,0.8401837348937988,4.3525729353834945,4.604718092011242,89.20920789241791,178.0,503
run12_g27_g27_3,-6.855411007655521,0.23047766797547523,0,520.0,769.8352843523026,1.4804524699082742,3.3934824466705322,0.0,1.4804524699082742,131.0,76.48706066608429,0.5838706921075136,2.3344831466674805,3.350821830844151,3.9346925229516647,34.0,8.808054685592651,0.25906043192919564,1.016404628753662,4.522583204157212,4.781643636086407,85.29511535167694,165.0,521
run12_g27_g27_4,-2.628276785529974,1.5442143830706314,0,519.0,766.9172394275665,1.4776825422496465,3.3356821537017822,0.0,1.4776825422496465,147.0,81.50462698936462,0.5544532448256096,2.8688063621520996,3.337392116079525,3.8918453609051347,42.0,11.067968845367432,0.2635230677468436,0.8419356346130371,4.369352000100272,4.632875067847116,92.57259583473206,189.0,520
run12_g27_g27_5,-4.2065013814563725,2.1171746405912724,0,521.0,769.7528616189957,1.4774527094414505,3.396484851837158,0.0,1.4774527094414505,136.0,80.65570652484894,0.5930566656238893,3.0503089427948,3.3086452107219135,3.9017018763458027,34.0,9.865164041519165,0.2901518835740931,1.016404628753662,4.363442203577827,4.65359408715192,90.5208705663681,170.0,522
run12_g27_g27_6,-5.514656948744348,1.50568092138649,0,495.0,731.4251621961594,1.4776265902952714,3.320247173309326,0.0,1.4776265902952714,133.0,80.02162575721741,0.6016663590768226,3.0758056640625,3.2875899443949077,3.88925630347173,36.0,9.177377700805664,0.2549271583557129,0.8451013565063477,4.305464009443919,4.560391167799632,89.19900345802307,169.0,496
run12_g27_g27_7,-5.46344632962577,0.7782547344294114,0,499.0,736.970400929451,1.4768945910409839,3.3531134128570557,0.0,1.4768945910409839,135.0,79.00730204582214,0.5852392744134973,2.9166083335876465,3.316106506630226,3.901345781043724,39.0,9.806696891784668,0.25145376645601714,0.8421421051025391,4.383901327084272,4.63535509354029,88.81399893760681,174.0,500
run12_g27_g27_8,5.518957506472947,-0.8247917722412491,2,558.0,819.4173828363419,1.468489933398462,3.135190963745117,0.0,1.468489933398462,151.0,88.54333353042603,0.586379692254477,2.1808669567108154,3.273563970793162,3.859943663047639,51.0,13.089149713516235,0.2566499943826713,1.312971591949463,4.235626108506146,4.492276102888818,101.63248324394226,202.0,559
run12_g27_g27_9,-4.546804164847128,-2.0483920134345643,0,522.0,769.8818603754044,1.474869464320698,3.34932017326355,0.0,1.474869464320698,135.0,82.68005919456482,0.6124448829227024,2.3613507747650146,3.3143784770259153,3.9268233599486173,36.0,7.798855304718018,0.2166348695755005,0.9008288383483887,4.507959809568193,4.724594679143694,90.47891449928284,171.0,523
run12_g28_g28_0,-4.707834861558022,-2.3160472211845815,0,520.0,767.0149985551834,1.4750288433753527,3.34932017326355,0.0,1.4750288433753527,136.0,82.12793803215027,0.6038818972952226,2.4630353450775146,3.316103333936018,3.919985231231241,38.0,7.891345739364624,0.20766699314117432,0.9008288383483887,4.545241374718516,4.75290836785969,90.01928377151489,174.0,521
run12_g28_g28_1,5.642215906201041,-1.733246710871534,2,560.0,822.0713641643524,1.467984578864915,3.148944139480591,0.0,1.467984578864915,152.0,87.92942178249359,0.5784830380427209,2.0581893920898438,3.2779013240023662,3.8563843620450875,54.0,13.216699838638306,0.2447537007155242,1.287759780883789,4.2967711554633246,4.541524856178849,101.1461216211319,206.0,561
run12_g28_g28_10,-1.458377775186239,-1.8008426855336377,1,544.0,799.9590641260147,1.4705129855257624,3.2597556114196777,0.0,1.4705129855257624,132.0,82.24346029758453,0.6230565174059435,2.3518991470336914,3.2887886356223714,3.911845153028315,39.0,10.493651151657104,0.2690679782476181,1.15047025680542,4.472233246534299,4.741301224781917,92.73711144924164,171.0,545
run12_g28_g28_11,5.518957506472947,-0.8247917722412491,2,558.0,819.4173828363419,1.468489933398462,3.135190963745117,0.0,1.468489933398462,151.0,88.54333353042603,0.586379692254477,2.1808669567108154,3.273563970793162,3.859943663047639,51.0,13.089149713516235,0.2566499943826713,1.312971591949463,4.235626108506146,4.492276102888818,101.63248324394226,202.0,559
run12_g28_g28_12,-2.7262212594624256,0.053264529597264146,0,533.0,785.790036201477,1.4742777414661858,3.429292917251587,0.0,1.4742777414661858,139.0,82.62794172763824,0.5944456239398435,3.041334390640259,3.3246314276894218,3.9190770516292655,41.0,10.760022401809692,0.2624395707758462,0.9899411201477051,4.479921352572557,4.742360923348404,93.38796412944794,180.0,534
run12_g28_g28_13,4.503048997170713,-1.4909499653464144,2,556.0,816.8594744205475,1.4691717165837186,3.281160831451416,0.0,1.4691717165837186,150.0,87.36353254318237,0.5824235502878825,2.1808669567108154,3.285904687245687,3.8683282375335692,53.0,12.085519552230835,0.22802867079680822,1.312971591949463,4.281472273592679,4.509500944389488,99.44905209541321,203.0,557
run12_g28_g28_14,-3.8147807818732047,1.725038722479122,0,528.0,779.7295639514923,1.4767605377869173,3.396484851837158,0.0,1.4767605377869173,134.0,80.62862157821655,0.6017061311807206,3.0503089427948,3.3104805554916608,3.9121866866723813,35.0,10.010422468185425,0.28601207051958355,1.016404628753662,4.363388463429042,4.649400533948626,90.63904404640198,169.0,529
run12_g28_g28_15,-6.760957068867038,1.1108790135965347,0,520.0,769.888877749443,1.4805555341335443,3.4759438037872314,0.0,1.4805555341335443,131.0,76.32117199897766,0.5826043664044096,2.486016035079956,3.3625060674798397,3.9451104338842495,35.0,9.52534294128418,0.2721526554652623,1.016404628753662,4.483649403708322,4.755802059173584,85.84651494026184,166.0,521
run12_g28_g28_16,-4.546804164847128,-2.0483920134345643,0,522.0,769.8818603754044,1.474869464320698,3.34932017326355,0.0,1.474869464320698,135.0,82.68005919456482,0.6124448829227024,2.3613507747650146,3.3143784770259153,3.9268233599486173,36.0,7.798855304718018,0.2166348695755005,0.9008288383483887,4.507959809568193,4.724594679143694,90.47891449928284,171.0,523
run12_g28_g28_17,-5.46344632962577,0.7782547344294114,0,499.0,736.970400929451,1.4768945910409839,3.3531134128570557,0.0,1.4768945910409839,135.0,79.00730204582214,0.5852392744134973,2.9166083335876465,3.316106506630226,3.901345781043724,39.0,9.806696891784668,0.25145376645601714,0.8421421051025391,4.383901327084272,4.63535509354029,88.81399893760681,174.0,500
run12_g28_g28_18,5.750298975529119,-2.5929208524665275,2,553.0,809.1176192760468,1.463142168672779,3.135190963745117,0.0,1.463142168672779,157.0,91.83463072776794,0.5849339536800506,2.4116063117980957,3.3031358642942585,3.8880698179743094,51.0,11.789919376373291,0.23117488973280964,1.2626657485961914,4.300814207862405,4.531989097595215,103.62455010414124,208.0,554
run12_g28_g28_19,-4.527819230527022,-2.5709374336409163,0,520.0,766.7385709285736,1.4744972517857184,3.34932017326355,0.0,1.4744972517857184,137.0,82.52798104286194,0.6023940222106711,2.3652467727661133,3.3211297797460624,3.923523801956734,38.0,7.698976039886475,0.20260463262859144,0.9008288383483887,4.5403745864567,4.742979219085292,90.22695708274841,175.0,521
run12_g28_g28_2,-5.780832241065947,1.4779717819776723,0,497.0,734.4180941581726,1.4777024027327417,3.3531134128570557,0.0,1.4777024027327417,131.0,78.31483888626099,0.5978231976050457,2.851006507873535,3.318167943080873,3.9159911406859185,38.0,9.954283237457275,0.26195482203834936,0.8421421051025391,4.3050275099904916,4.56698233202884,88.26912212371826,169.0,498
run12_g28_g28_20,2.668213116985598,-0.060481298083897087,1,563.0,829.1057603359222,1.4726567679146043,3.4022674560546875,0.0,1.4726567679146043,146.0,85.93893766403198,0.5886228607125479,2.4852120876312256,3.3116024536629247,3.9002253143754726,51.0,13.931187152862549,0.27316053240906957,1.0219941139221191,4.383583096896901,4.6567436293059705,99.87012481689453,197.0,564
run12_g28_g28_21,0.3546603983111172,-1.3976154086511043,1,546.0,802.8122012615204,1.4703520169624915,3.1119563579559326,0.0,1.4703520169624915,137.0,83.67555010318756,0.6107704387093983,2.343534231185913,3.2875612521693656,3.8983316908787637,41.0,10.718357563018799,0.26142335519558046,0.8450937271118164,4.32214271731493,4.58356607251051,94.39390766620636,178.0,547
run12_g28_g28_22,6.321338864726284,-2.9487459826154354,2,554.0,810.5488394498825,1.4630845477434702,3.135190963745117,0.0,1.4630845477434702,157.0,92.51262187957764,0.5892523686597302,2.4116063117980957,3.2922892616053296,3.8815416302650596,54.0,11.910202980041504,0.22055931444521304,1.2387056350708008,4.292329748471578,4.512889062916791,104.42282485961914,211.0,555
run12_g28_g28_23,-4.490002828373765,-2.385850625184768,0,522.0,769.8326551914215,1.474775201516133,3.34932017326355,0.0,1.474775201516133,136.0,82.6479127407074,0.6077052407404956,2.4020137786865234,3.320018438731923,3.927723679472418,38.0,7.948666095733643,0.20917542357193797,0.9008288383483887,4.538618840669331,4.747794264241269,90.59657883644104,174.0,523
run12_g28_g28_24,-2.628276785529974,1.5442143830706314,0,519.0,766.9172394275665,1.4776825422496465,3.3356821537017822,0.0,1.4776825422496465,147.0,81.50462698936462,0.5544532448256096,2.8688063621520996,3.337392116079525,3.8918453609051347,42.0,11.067968845367432,0.2635230677468436,0.8419356346130371,4.369352000100272,4.632875067847116,92.57259583473206,189.0,520
run12_g28_g28_3,-0.9429872942294746,0.4512875432530997,1,546.0,803.8729037046432,1.4722946954297496,3.471705675125122,0.0,1.4722946954297496,141.0,83.70236611366272,0.5936338022245583,2.9768474102020264,3.329228377511315,3.9228621797358736,41.0,11.265418291091919,0.2747662997827297,0.9899411201477051,4.400080087708264,4.674846387490994,94.96778440475464,182.0,547
run12_g28_g28_4,-2.7368321078819586,1.0653828329454404,0,526.0,776.2579736709595,1.4757756153440293,3.192565679550171,0.0,1.4757756153440293,135.0,79.16428899765015,0.5864021407233344,2.953403949737549,3.3122668460563376,3.898668986779672,39.0,10.266187191009521,0.26323556900024414,1.016404628753662,4.293106549825424,4.556342118825668,89.43047618865967,174.0,527
run12_g28_g28_5,-1.6122681515615045,0.4041534061093634,0,520.0,768.1415526866913,1.4771952936282524,3.2821719646453857,0.0,1.4771952936282524,148.0,84.34563827514648,0.5699029613185573,2.8688063621520996,3.312798359909573,3.8827013212281303,46.0,11.012134313583374,0.23939422420833423,0.8401837348937988,4.3996294529541675,4.639023677162502,95.35777258872986,194.0,521
run12_g28_g28_6,-4.494787193512529,-1.706398688793968,0,522.0,769.8631453514099,1.4748336117843102,3.34932017326355,0.0,1.4748336117843102,136.0,82.92715120315552,0.6097584647290847,2.3665313720703125,3.316389313515495,3.9261477782445797,35.0,7.994523763656616,0.22841496467590333,0.9008288383483887,4.50674648966108,4.735161454336984,90.92167496681213,171.0,523
run12_g28_g28_7,-5.818178923343836,1.6254947773307855,0,502.0,743.5828138589859,1.4812406650577408,3.457766056060791,0.0,1.4812406650577408,137.0,78.88383448123932,0.5757944122718198,2.415350914001465,3.3665443362980865,3.9423387485699064,41.0,10.326562643051147,0.2518673815378329,0.8283700942993164,4.352423755134025,4.604291136671857,89.21039712429047,178.0,503
run12_g28_g28_8,-5.818742682369231,1.6485451677756087,0,502.0,743.6031984090805,1.481281271731236,3.457766056060791,0.0,1.481281271731236,137.0,78.87125647068024,0.5757026019757682,2.415350914001465,3.366907278986743,3.942609880962511,41.0,10.337951421737671,0.25214515662774806,0.8401837348937988,4.3525729353834945,4.604718092011242,89.20920789241791,178.0,503
run12_g28_g28_9,-1.476209620024628,1.285071443246342,1,544.0,802.0288152694702,1.4743176751277025,3.471705675125122,0.0,1.4743176751277025,142.0,82.77373051643372,0.5829135951861529,2.69730544090271,3.3337414466159445,3.9166550418020973,38.0,11.32172155380249,0.29794004088953924,1.155897617340088,4.414511536297045,4.7124515771865845,94.0954520702362,180.0,545
run12_g29_g29_0,-4.707834861558022,-2.3160472211845815,0,520.0,767.0149985551834,1.4750288433753527,3.34932017326355,0.0,1.4750288433753527,136.0,82.12793803215027,0.6038818972952226,2.4630353450775146,3.316103333936018,3.919985231231241,38.0,7.891345739364624,0.20766699314117432,0.9008288383483887,4.545241374718516,4.75290836785969,90.01928377151489,174.0,521
run12_g29_g29_1,2.668213116985598,-0.060481298083897087,1,563.0,829.1057603359222,1.4726567679146043,3.4022674560546875,0.0,1.4726567679146043,146.0,85.93893766403198,0.5886228607125479,2.4852120876312256,3.3116024536629247,3.9002253143754726,51.0,13.931187152862549,0.27316053240906957,1.0219941139221191,4.383583096896901,4.6567436293059705,99.87012481689453,197.0,564
run12_g29_g29_10,-2.7262212594624256,0.053264529597264146,0,533.0,785.790036201477,1.4742777414661858,3.429292917251587,0.0,1.4742777414661858,139.0,82.62794172763824,0.5944456239398435,3.041334390640259,3.3246314276894218,3.9190770516292655,41.0,10.760022401809692,0.2624395707758462,0.9899411201477051,4.479921352572557,4.742360923348404,93.38796412944794,180.0,534
run12_g29_g29_11,-1.458377775186239,-1.8008426855336377,1,544.0,799.9590641260147,1.4705129855257624,3.2597556114196777,0.0,1.4705129855257624,132.0,82.24346029758453,0.6230565174059435,2.3518991470336914,3.2887886356223714,3.911845153028315,39.0,10.493651151657104,0.2690679782476181,1.15047025680542,4.472233246534299,4.741301224781917,92.73711144924164,171.0,545
run12_g29_g29_12,5.25187834415348,-1.9189847441685353,2,560.0,823.2093608379364,1.4700167157820292,3.1523075103759766,0.0,1.4700167157820292,154.0,87.81475186347961,0.5702256614511664,2.256195545196533,3.2872179003504964,3.8574435618016625,57.0,13.00418996810913,0.22814368365103738,1.312971591949463,4.358318379050807,4.586462062701845,100.81894183158875,211.0,561
run12_g29_g29_13,5.518957506472947,-0.8247917722412491,2,558.0,819.4173828363419,1.468489933398462,3.135190963745117,0.0,1.468489933398462,151.0,88.54333353042603,0.586379692254477,2.1808669567108154,3.273563970793162,3.859943663047639,51.0,13.089149713516235,0.2566499943826713,1.312971591949463,4.235626108506146,4.492276102888818,101.63248324394226,202.0,559
run12_g29_g29_14,-1.476209620024628,1.285071443246342,1,544.0,802.0288152694702,1.4743176751277025,3.471705675125122,0.0,1.4743176751277025,142.0,82.77373051643372,0.5829135951861529,2.69730544090271,3.3337414466159445,3.9166550418020973,38.0,11.32172155380249,0.29794004088953924,1.155897617340088,4.414511536297045,4.7124515771865845,94.0954520702362,180.0,545
run12_g29_g29_15,-1.2195065242115068,1.25756515805588,1,544.0,802.0241104364395,1.4743090265375727,3.471705675125122,0.0,1.4743090265375727,141.0,82.70155119895935,0.5865358241060947,2.69730544090271,3.3240201084326344,3.9105559325387294,39.0,11.412559270858765,0.2926297248938145,1.155897617340088,4.390449646191719,4.683079371085534,94.11411046981812,180.0,545
run12_g29_g29_16,-5.0290690980557,-2.6700032482099303,0,513.0,756.8192933797836,1.4752812736448024,3.34932017326355,0.0,1.4752812736448024,135.0,82.36989831924438,0.6101473949573658,2.3652467727661133,3.303120892136185,3.913268287093551,39.0,7.751128673553467,0.1987468890654735,0.8657240867614746,4.549565321359879,4.748312210425352,90.12102699279785,174.0,514
run12_g29_g29_17,0.6100536778051087,-2.5939148404525745,1,546.0,802.936553478241,1.4705797682751667,3.248225688934326,0.0,1.4705797682751667,139.0,83.44958972930908,0.6003567606425114,2.3254411220550537,3.2897880952135266,3.890144855856038,49.0,10.92894434928894,0.2230396805977335,0.8450937271118164,4.400830278591234,4.623869959188967,94.37853407859802,188.0,547
run12_g29_g29_18,-8.432516539250138,0.6471225668563229,0,510.0,755.3249515295029,1.4810293167245154,3.4759438037872314,0.0,1.4810293167245154,127.0,73.2056440114975,0.5764223937913189,2.3816113471984863,3.3707775253010546,3.9471999190923737,32.0,7.49089503288269,0.23409046977758408,1.016404628753662,4.4284393191337585,4.662529788911343,80.69653904438019,159.0,511
run12_g29_g29_19,-2.053832614720974,0.44348107413181936,0,533.0,785.7880237102509,1.4742739656852737,3.429292917251587,0.0,1.4742739656852737,140.0,82.71298801898956,0.5908070572784969,3.041334390640259,3.3167117382798876,3.9075187955583846,42.0,11.00555944442749,0.262037129629226,1.042919635772705,4.428581953048706,4.690619082677932,93.71854746341705,182.0,534
run12_g29_g29_2,-2.5236060884852884,0.020304038034055085,0,518.0,765.6991891860962,1.4781837629075216,3.2821719646453857,0.0,1.4781837629075216,147.0,83.251699924469,0.5663380947242789,2.3880226612091064,3.3368561154320124,3.9031942101562915,44.0,10.34940218925476,0.2352136861194264,0.7715473175048828,4.400325244123286,4.635538930242712,93.60110211372375,191.0,519
run12_g29_g29_20,-7.272148612002398,1.0754298188170213,0,493.0,729.4022668600082,1.4795177826775014,3.363236665725708,0.0,1.4795177826775014,132.0,77.64389443397522,0.5882113214695093,2.9166083335876465,3.3357723355293274,3.9239836569988364,37.0,9.226946115493774,0.2493769220403723,0.9273514747619629,4.421089700750403,4.670466622790775,86.870840549469,169.0,494
run12_g29_g29_21,-5.780832241065947,1.4779717819776723,0,497.0,734.4180941581726,1.4777024027327417,3.3531134128570557,0.0,1.4777024027327417,131.0,78.31483888626099,0.5978231976050457,2.851006507873535,3.318167943080873,3.9159911406859185,38.0,9.954283237457275,0.26195482203834936,0.8421421051025391,4.3050275099904916,4.56698233202884,88.26912212371826,169.0,498
run12_g29_g29_22,-3.8147807818732047,1.725038722479122,0,528.0,779.7295639514923,1.4767605377869173,3.396484851837158,0.0,1.4767605377869173,134.0,80.62862157821655,0.6017061311807206,3.0503089427948,3.3104805554916608,3.9121866866723813,35.0,10.010422468185425,0.28601207051958355,1.016404628753662,4.363388463429042,4.649400533948626,90.63904404640198,169.0,529
run12_g29_g29_23,-5.556419844603706,-1.8577971523971044,0,513.0,756.491132736206,1.4746415842811034,3.259225845336914,0.0,1.4746415842811034,130.0,83.63830816745758,0.6433716012881352,2.3665313720703125,3.2903494257193344,3.93372102700747,32.0,7.893228054046631,0.24666337668895721,0.591731071472168,4.48674613982439,4.733409516513348,91.53153622150421,162.0,514
run12_g29_g29_24,5.016246990355694,-2.301493692267885,2,552.0,808.0375761985779,1.4638361887655396,3.318631887435913,0.0,1.4638361887655396,150.0,91.58761668205261,0.610584111213684,2.648160219192505,3.2767358748118083,3.8873199860254926,52.0,11.701576232910156,0.22503031217134917,1.2387056350708008,4.285715153584113,4.510745465755463,103.28919291496277,202.0,553
run12_g29_g29_3,5.370999653793811,-2.712306747033016,2,555.0,811.9363014698029,1.4629482909365816,3.0909101963043213,0.0,1.4629482909365816,152.0,92.5784672498703,0.6090688634859888,2.695913791656494,3.256615739903952,3.8656846033899406,46.0,10.376437902450562,0.22557473700979483,1.2626657485961914,4.288966038952703,4.514540775962498,102.95490515232086,198.0,556
run12_g29_g29_4,-0.776831734374986,0.6999291840379162,1,548.0,806.726694226265,1.4721290040625272,3.471705675125122,0.0,1.4721290040625272,140.0,83.7787983417511,0.598419988155365,2.9768474102020264,3.321067372390202,3.919487360545567,40.0,11.411853551864624,0.2852963387966156,1.028951644897461,4.390331244468689,4.675627583265305,95.19065189361572,180.0,549
run12_g29_g29_5,-6.777714916017546,2.2833358265628734,0,500.0,740.6188995838165,1.481237799167633,3.4856624603271484,0.0,1.481237799167633,134.0,76.94730842113495,0.5742336449338429,2.3855104446411133,3.3748992992870845,3.9491329442209273,38.0,10.650292873382568,0.28027086508901494,0.840972900390625,4.359538134775664,4.6398089998646785,87.59760129451752,172.0,501
run12_g29_g29_6,-1.6122681515615045,0.4041534061093634,0,520.0,768.1415526866913,1.4771952936282524,3.2821719646453857,0.0,1.4771952936282524,148.0,84.34563827514648,0.5699029613185573,2.8688063621520996,3.312798359909573,3.8827013212281303,46.0,11.012134313583374,0.23939422420833423,0.8401837348937988,4.3996294529541675,4.639023677162502,95.35777258872986,194.0,521
run12_g29_g29_7,-5.598524670157611,1.5872002040600992,0,497.0,734.3499534130096,1.4775652986177257,3.3531134128570557,0.0,1.4775652986177257,134.0,78.18772149085999,0.5834904588870148,2.851006507873535,3.328072916215925,3.91156337510294,38.0,9.915826082229614,0.2609427916376214,0.8421421051025391,4.306423438222785,4.567366229860406,88.1035475730896,172.0,498
run12_g29_g29_8,-6.24244462810637,-1.7300593411614662,0,513.0,757.6897835731506,1.4769781356201768,3.34932017326355,0.0,1.4769781356201768,134.0,80.75421595573425,0.6026434026547333,2.3613507747650146,3.3502921435370374,3.9529355461917706,36.0,7.748337507247925,0.21523159742355347,0.9008288383483887,4.53657525115543,4.751806848578983,88.50255346298218,170.0,514
run12_g29_g29_9,-4.744978692995698,-1.9874323663876496,0,520.0,767.0024050474167,1.475004625091186,3.34932017326355,0.0,1.475004625091186,135.0,82.37381529808044,0.6101764096154108,2.358733654022217,3.317614933296486,3.9277913429118967,36.0,7.806258916854858,0.21684052546819052,0.9008288383483887,4.507726344797346,4.724566870265537,90.1800742149353,171.0,521
run12_g3_g3_0,5.409160641403204,3.170121075450529,2,556.0,819.7854923009872,1.4744343386708403,3.2878096103668213,0.0,1.4744343386708403,159.0,93.48147964477539,0.5879338342438704,2.410245656967163,3.232724408683537,3.8206582429274074,40.0,12.836777448654175,0.3209194362163544,1.3588294982910156,4.174272376298904,4.495191812515259,106.31825709342957,199.0,557
run12_g3_g3_1,0.8852840333092903,2.499941588072177,1,539.0,793.7914761304855,1.4727114584981178,3.28822660446167,0.0,1.4727114584981178,143.0,86.68638372421265,0.6061984875819066,2.7635252475738525,3.2824308772187134,3.88862936480062,36.0,11.460373163223267,0.3183436989784241,1.4188504219055176,4.21908132897483,4.537425027953254,98.14675688743591,179.0,540
run12_g3_g3_10,1.0530529660857981,0.1356076592809049,1,539.0,794.6330274343491,1.474272778171334,3.450584650039673,0.0,1.474272778171334,144.0,88.77179110050201,0.616470771531264,2.2861135005950928,3.2512459183732667,3.867716689904531,43.0,10.94933557510376,0.25463571104892463,1.311859130859375,4.34670809812324,4.601343809172165,99.72112667560577,187.0,540
run12_g3_g3_11,1.410648743369616,-1.5831356624355613,1,546.0,805.1310889720917,1.47459906405145,3.2851128578186035,0.0,1.47459906405145,144.0,90.10953032970428,0.6257606272896131,2.2408134937286377,3.2674090555972524,3.8931696828868656,46.0,9.845116138458252,0.21402426387952722,1.2013659477233887,4.371503436047098,4.585527699926625,99.95464646816254,190.0,547
run12_g3_g3_12,0.6148675161084928,-1.0033364049773796,1,539.0,793.9455986022949,1.4729974000042578,3.0733492374420166,0.0,1.4729974000042578,142.0,84.53865718841553,0.5953426562564473,2.3351104259490967,3.279403184501218,3.8747458407576656,44.0,11.120922088623047,0.25274822928688745,0.942631721496582,4.343428167429837,4.596176396716725,95.65957927703857,186.0,540
run12_g3_g3_13,1.8023119411624766,0.6815202671906492,1,550.0,811.8002461194992,1.4760004474899986,3.2051174640655518,0.0,1.4760004474899986,146.0,87.69938826560974,0.6006807415452722,2.410245656967163,3.2600617833333474,3.8607425248786194,42.0,11.141373634338379,0.2652708008175805,0.942631721496582,4.272804453259423,4.538075254077003,98.84076189994812,188.0,551
run12_g3_g3_14,2.471823547329617,1.9758476100231264,2,547.0,805.2282749414444,1.4720809413920373,3.28822660446167,0.0,1.4720809413920373,150.0,90.79090166091919,0.6052726777394613,2.7635252475738525,3.2668473641077678,3.872120041847229,37.0,11.571175575256348,0.3127344750069283,1.4188504219055176,4.279151806960234,4.591886281967163,102.36207723617554,187.0,548
run12_g3_g3_15,-0.4020896652591973,-1.2211065512328532,1,536.0,789.6905738115311,1.4733033093498713,3.0732147693634033,0.0,1.4733033093498713,138.0,83.20497584342957,0.6029346075610839,2.3351104259490967,3.2812297447868017,3.8841643523478853,43.0,10.790532112121582,0.2509426072586414,0.942631721496582,4.362511856611385,4.613454463870027,93.99550795555115,181.0,537
run12_g3_g3_16,1.5476813436762162,-1.7071368768311062,1,550.0,810.8986924886703,1.4743612590703097,3.2051174640655518,0.0,1.4743612590703097,154.0,89.74068915843964,0.5827317477820756,2.2093358039855957,3.343087641449718,3.925819389231793,47.0,10.108397483825684,0.21507228688990815,0.8099894523620605,4.3904561337004315,4.60552842059034,99.84908664226532,201.0,551
run12_g3_g3_17,2.5724545053041217,-0.9202959614999945,1,549.0,809.5652334690094,1.47461791160111,3.2051174640655518,0.0,1.47461791160111,153.0,91.13217222690582,0.5956351125941557,2.261899709701538,3.2895770454718396,3.8852121580659955,49.0,12.362626075744629,0.2522984913417271,0.9065937995910645,4.42388365706619,4.676182148407917,103.49479830265045,202.0,550
run12_g3_g3_18,1.9764692887781232,-1.7858117099541386,1,549.0,809.293238401413,1.4741224743195136,3.2051174640655518,0.0,1.4741224743195136,155.0,89.4682023525238,0.5772142087259601,2.2093358039855957,3.3272909687411403,3.9045051774671,48.0,9.926978826522827,0.20681205888589224,0.8099894523620605,4.367435743411382,4.574247802297275,99.39518117904663,203.0,550
run12_g3_g3_19,3.2601413009215703,-1.4114648082307646,2,555.0,817.1736775636673,1.4723850046192204,3.2051174640655518,0.0,1.4723850046192204,154.0,88.58489155769348,0.5752265685564512,2.194518804550171,3.288825110955672,3.864051679512123,49.0,11.658610343933105,0.23793082334557358,0.8113036155700684,4.366987607917007,4.604918431262581,100.24350190162659,203.0,556
run12_g3_g3_2,2.8236325970037073,2.54728251195543,2,551.0,811.6371437311172,1.4730256692034795,3.28822660446167,0.0,1.4730256692034795,151.0,89.64124310016632,0.5936506165573928,2.8568685054779053,3.2779199074435708,3.8715705240009637,38.0,11.690143346786499,0.30763535123122365,1.4188504219055176,4.225331469586021,4.5329668208172444,101.33138644695282,189.0,552
run12_g3_g3_20,-0.25965327403590616,-0.6084153844703207,1,531.0,782.5299115180969,1.4736909821433086,3.2523319721221924,0.0,1.4736909821433086,143.0,89.02211332321167,0.6225322610014802,2.2034502029418945,3.3341913673427555,3.9567236283442355,46.0,12.661772727966309,0.2752559288688328,0.9930686950683594,4.41826651925626,4.693522448125093,101.68388605117798,189.0,532
run12_g3_g3_21,0.7003581906436512,-1.1649623799550561,1,539.0,793.3501436710358,1.4718926598720514,3.2523319721221924,0.0,1.4718926598720514,143.0,88.50668740272522,0.6189278839351414,2.2034502029418945,3.310777075640805,3.9297049595759463,46.0,12.234432220458984,0.2659659178360649,0.9930686950683594,4.405317519022071,4.671283436858135,100.7411196231842,189.0,540
run12_g3_g3_22,1.6136599746510147,0.6512870861967734,1,547.0,805.7170768976212,1.4729745464307518,3.2938930988311768,0.0,1.4729745464307518,149.0,87.26922941207886,0.5856995262555628,2.600381851196289,3.3012927890623978,3.8869923153179604,40.0,10.03190302848816,0.25079757571220396,1.3490943908691406,4.2645433962345125,4.515340971946716,97.30113244056702,189.0,548
run12_g3_g3_23,-0.1262613583862724,-1.3183270227366215,1,546.0,805.4575302600861,1.4751969418682895,3.2857086658477783,0.0,1.4751969418682895,145.0,87.66859209537506,0.6046109799681039,2.5271482467651367,3.291086329262832,3.895697309230936,42.0,9.260140419006348,0.22047953378586543,1.128394603729248,4.44856874148051,4.669048275266375,96.92873251438141,187.0,547
run12_g3_g3_24,7.3849600460067695,2.87752748127345,2,561.0,826.7778928279877,1.4737573847201206,3.2051174640655518,0.0,1.4737573847201206,158.0,93.6789585351944,0.5929048008556608,2.410245656967163,3.1781676894501794,3.77107249030584,45.0,14.157074451446533,0.3146016544765896,1.28828763961792,4.127041069666545,4.441642724143135,107.83603298664093,203.0,562
run12_g3_g3_3,5.147158585779033,3.264379415579231,2,556.0,819.8947093486786,1.4746307722098535,3.2938930988311768,0.0,1.4746307722098535,159.0,92.05693018436432,0.5789744036752473,2.410245656967163,3.2400920023708224,3.8190664060460695,40.0,12.830971479415894,0.32077428698539734,1.355844497680664,4.175011670589447,4.495785957574844,104.88790166378021,199.0,557
run12_g3_g3_4,-0.15214996584366672,0.4120849168673256,1,537.0,791.4810847043991,1.4738940124849145,3.450584650039673,0.0,1.4738940124849145,143.0,86.8327807188034,0.607222242788835,2.81412672996521,3.265840267801618,3.873062510590453,42.0,10.97962236404419,0.26141958009629024,0.9989333152770996,4.37416030111767,4.63557988121396,97.8124030828476,185.0,538
run12_g3_g3_5,1.8354314347415555,0.5304955811202458,1,546.0,804.4796139001846,1.4734058862640744,3.285231351852417,0.0,1.4734058862640744,149.0,87.60243034362793,0.5879357741183082,1.9685699939727783,3.2956212414991137,3.8835570156174217,39.0,10.388123035430908,0.266362129113613,1.19453763961792,4.2391832914107885,4.505545420524402,97.99055337905884,188.0,547
run12_g3_g3_6,1.5250323018703256,0.8628938708424839,1,546.0,806.2514092922211,1.4766509327696355,3.3959436416625977,0.0,1.4766509327696355,153.0,87.8981306552887,0.5744975859822791,2.364414930343628,3.298929027482575,3.8734266134648543,44.0,10.88439679145813,0.24737265435132114,1.2391996383666992,4.332133667035536,4.579506321386858,98.78252744674683,197.0,547
run12_g3_g3_7,3.0254785549900722,-0.04302936762311876,2,553.0,815.6822643280029,1.4750131362170036,3.2051174640655518,0.0,1.4750131362170036,152.0,90.39412760734558,0.594698207943063,2.410245656967163,3.2723556537377205,3.867053861680784,48.0,12.77084755897522,0.2660593241453171,0.9065937995910645,4.371554493904114,4.637613818049431,103.1649751663208,200.0,554
run12_g3_g3_8,1.9655214027385426,-2.4472120774888717,1,546.0,803.7879608869553,1.4721391225035811,3.2851128578186035,0.0,1.4721391225035811,145.0,88.49962210655212,0.6103422214244975,2.2408134937286377,3.2503274851831896,3.860669706607687,48.0,9.637030124664307,0.20077146093050638,1.2013659477233887,4.387412741780281,4.588184202710788,98.13665223121643,193.0,547
run12_g3_g3_9,1.6829555714187028,0.6868400299759435,1,546.0,804.4380749464035,1.4733298075941457,3.285231351852417,0.0,1.4733298075941457,147.0,87.43734931945801,0.5948119001323674,1.9645116329193115,3.2902639366331554,3.8850758367655227,38.0,10.402202606201172,0.27374217384739924,1.19453763961792,4.226294567710475,4.500036741557874,97.83955192565918,185.0,547
run12_g4_g4_0,5.409160641403204,3.170121075450529,2,556.0,819.7854923009872,1.4744343386708403,3.2878096103668213,0.0,1.4744343386708403,159.0,93.48147964477539,0.5879338342438704,2.410245656967163,3.232724408683537,3.8206582429274074,40.0,12.836777448654175,0.3209194362163544,1.3588294982910156,4.174272376298904,4.495191812515259,106.31825709342957,199.0,557
run12_g4_g4_1,3.6167793765312104,-0.5043961587131214,2,555.0,818.1094588041306,1.4740710969443793,3.2051174640655518,0.0,1.4740710969443793,150.0,91.1143490076065,0.6074289933840433,2.410245656967163,3.223770549297333,3.831199542681376,45.0,10.690256834030151,0.23756126297844782,0.8668861389160156,4.276614295111762,4.51417555809021,101.80460584163666,195.0,556
run12_g4_g4_10,2.5724545053041217,-0.9202959614999945,1,549.0,809.5652334690094,1.47461791160111,3.2051174640655518,0.0,1.47461791160111,153.0,91.13217222690582,0.5956351125941557,2.261899709701538,3.2895770454718396,3.8852121580659955,49.0,12.362626075744629,0.2522984913417271,0.9065937995910645,4.42388365706619,4.676182148407917,103.49479830265045,202.0,550
run12_g4_g4_11,2.8236325970037073,2.54728251195543,2,551.0,811.6371437311172,1.4730256692034795,3.28822660446167,0.0,1.4730256692034795,151.0,89.64124310016632,0.5936506165573928,2.8568685054779053,3.2779199074435708,3.8715705240009637,38.0,11.690143346786499,0.30763535123122365,1.4188504219055176,4.225331469586021,4.5329668208172444,101.33138644695282,189.0,552
run12_g4_g4_12,1.519047488526927,1.5963007225134431,1,547.0,805.4920531511307,1.472563168466418,3.28822660446167,0.0,1.472563168466418,148.0,87.9543879032135,0.5942864047514426,2.6063268184661865,3.2919537215619474,3.88624012631339,35.0,9.98773455619812,0.28536384446280344,1.4188504219055176,4.233811739512852,4.519175583975656,97.94212245941162,183.0,548
run12_g4_g4_13,0.48671047588259264,0.31094313033036014,1,539.0,794.6812952756882,1.4743623288973806,3.3959436416625977,0.0,1.4743623288973806,149.0,84.096346616745,0.5644050108506375,2.364414930343628,3.3040725960827513,3.868477606933389,44.0,10.992016553878784,0.24981855804269965,1.2391996383666992,4.360219570723447,4.6100381287661465,95.08836317062378,193.0,540
run12_g4_g4_14,1.6136599746510147,0.6512870861967734,1,547.0,805.7170768976212,1.4729745464307518,3.2938930988311768,0.0,1.4729745464307518,149.0,87.26922941207886,0.5856995262555628,2.600381851196289,3.3012927890623978,3.8869923153179604,40.0,10.03190302848816,0.25079757571220396,1.3490943908691406,4.2645433962345125,4.515340971946716,97.30113244056702,189.0,548
run12_g4_g4_15,-0.5565990059289386,-1.2512111955756169,1,536.0,789.7486720085144,1.4734117015084225,3.0780277252197266,0.0,1.4734117015084225,137.0,83.24812614917755,0.6076505558334128,2.3351104259490967,3.2820063098503724,3.889656865683785,43.0,10.845347881317139,0.2522173925887707,0.942631721496582,4.368476512820222,4.620693905408992,94.09347403049469,180.0,537
run12_g4_g4_16,0.14130482764611663,-1.222235212584252,1,537.0,790.4304984807968,1.471937613558281,3.2523319721221924,0.0,1.471937613558281,145.0,88.65217649936676,0.611394320685288,2.2034502029418945,3.360858242265109,3.9722525629503975,48.0,13.24429440498352,0.27592280010382336,0.9930686950683594,4.473452389240265,4.7493751893440885,101.89647090435028,193.0,538
run12_g4_g4_17,5.147158585779033,3.264379415579231,2,556.0,819.8947093486786,1.4746307722098535,3.2938930988311768,0.0,1.4746307722098535,159.0,92.05693018436432,0.5789744036752473,2.410245656967163,3.2400920023708224,3.8190664060460695,40.0,12.830971479415894,0.32077428698539734,1.355844497680664,4.175011670589447,4.495785957574844,104.88790166378021,199.0,557
run12_g4_g4_18,1.7502223712937572,-1.5200874448304733,1,549.0,809.7629963159561,1.4749781353660403,3.2051174640655518,0.0,1.4749781353660403,153.0,88.81244778633118,0.580473514943341,2.180541515350342,3.321732712726967,3.902206227670308,49.0,11.002894639968872,0.22454887020344638,0.9065937995910645,4.417474576405117,4.642023446608563,99.81534242630005,202.0,550
run12_g4_g4_19,0.04159164823007421,0.5263889928972466,1,539.0,794.4026807546616,1.4738454188398173,3.450584650039673,0.0,1.4738454188398173,144.0,86.98687517642975,0.6040755220585399,2.81412672996521,3.2725312088926635,3.8766067309512033,42.0,11.107620239257812,0.2644671485537574,0.9989333152770996,4.37153586887178,4.636003017425537,98.09449541568756,186.0,540
run12_g4_g4_2,0.3168574424380539,-0.5857846960361546,1,546.0,805.6607018709183,1.4755690510456378,3.2051174640655518,0.0,1.4755690510456378,146.0,85.97100234031677,0.5888424817829916,2.3351104259490967,3.298911262864936,3.8877537446479273,41.0,9.438406944274902,0.23020504742133907,0.942631721496582,4.331011277873341,4.561216325294681,95.40940928459167,187.0,547
run12_g4_g4_20,-0.1262613583862724,-1.3183270227366215,1,546.0,805.4575302600861,1.4751969418682895,3.2857086658477783,0.0,1.4751969418682895,145.0,87.66859209537506,0.6046109799681039,2.5271482467651367,3.291086329262832,3.895697309230936,42.0,9.260140419006348,0.22047953378586543,1.128394603729248,4.44856874148051,4.669048275266375,96.92873251438141,187.0,547
run12_g4_g4_21,1.8023119411624766,0.6815202671906492,1,550.0,811.8002461194992,1.4760004474899986,3.2051174640655518,0.0,1.4760004474899986,146.0,87.69938826560974,0.6006807415452722,2.410245656967163,3.2600617833333474,3.8607425248786194,42.0,11.141373634338379,0.2652708008175805,0.942631721496582,4.272804453259423,4.538075254077003,98.84076189994812,188.0,551
run12_g4_g4_22,0.7003581906436512,-1.1649623799550561,1,539.0,793.3501436710358,1.4718926598720514,3.2523319721221924,0.0,1.4718926598720514,143.0,88.50668740272522,0.6189278839351414,2.2034502029418945,3.310777075640805,3.9297049595759463,46.0,12.234432220458984,0.2659659178360649,0.9930686950683594,4.405317519022071,4.671283436858135,100.7411196231842,189.0,540
run12_g4_g4_23,1.9764692887781232,-1.7858117099541386,1,549.0,809.293238401413,1.4741224743195136,3.2051174640655518,0.0,1.4741224743195136,155.0,89.4682023525238,0.5772142087259601,2.2093358039855957,3.3272909687411403,3.9045051774671,48.0,9.926978826522827,0.20681205888589224,0.8099894523620605,4.367435743411382,4.574247802297275,99.39518117904663,203.0,550
run12_g4_g4_24,0.28848891579124264,1.3079395569711805,1,537.0,792.2264726161957,1.475282071910979,3.2988479137420654,0.0,1.475282071910979,145.0,86.65738213062286,0.5976371181422266,2.10564923286438,3.309826769499943,3.90746388764217,38.0,10.588503360748291,0.2786448252828498,1.19453763961792,4.234692065339339,4.513336890622189,97.24588549137115,183.0,538
run12_g4_g4_3,1.5250323018703256,0.8628938708424839,1,546.0,806.2514092922211,1.4766509327696355,3.3959436416625977,0.0,1.4766509327696355,153.0,87.8981306552887,0.5744975859822791,2.364414930343628,3.298929027482575,3.8734266134648543,44.0,10.88439679145813,0.24737265435132114,1.2391996383666992,4.332133667035536,4.579506321386858,98.78252744674683,197.0,547
run12_g4_g4_4,0.3120146884771704,-1.0933811082423863,1,546.0,804.0722510814667,1.4726598005155067,3.2857086658477783,0.0,1.4726598005155067,144.0,85.7894983291626,0.5957604050636292,2.5271482467651367,3.279812506503529,3.875572911567158,41.0,9.768324136734009,0.2382518082130246,1.1511859893798828,4.412882136135567,4.651133944348591,95.5578224658966,185.0,547
run12_g4_g4_5,2.111840790247599,0.2100155424735728,1,548.0,807.6016010046005,1.4737255492784682,3.450584650039673,0.0,1.4737255492784682,150.0,87.14668023586273,0.5809778682390849,2.1432008743286133,3.2795538608233135,3.8605317290623984,45.0,11.505029678344727,0.25566732618543836,1.311859130859375,4.344446203443739,4.600113529629177,98.65170991420746,195.0,549
run12_g4_g4_6,2.471823547329617,1.9758476100231264,2,547.0,805.2282749414444,1.4720809413920373,3.28822660446167,0.0,1.4720809413920373,150.0,90.79090166091919,0.6052726777394613,2.7635252475738525,3.2668473641077678,3.872120041847229,37.0,11.571175575256348,0.3127344750069283,1.4188504219055176,4.279151806960234,4.591886281967163,102.36207723617554,187.0,548
run12_g4_g4_7,1.410648743369616,-1.5831356624355613,1,546.0,805.1310889720917,1.47459906405145,3.2851128578186035,0.0,1.47459906405145,144.0,90.10953032970428,0.6257606272896131,2.2408134937286377,3.2674090555972524,3.8931696828868656,46.0,9.845116138458252,0.21402426387952722,1.2013659477233887,4.371503436047098,4.585527699926625,99.95464646816254,190.0,547
run12_g4_g4_8,-0.15214996584366672,0.4120849168673256,1,537.0,791.4810847043991,1.4738940124849145,3.450584650039673,0.0,1.4738940124849145,143.0,86.8327807188034,0.607222242788835,2.81412672996521,3.265840267801618,3.873062510590453,42.0,10.97962236404419,0.26141958009629024,0.9989333152770996,4.37416030111767,4.63557988121396,97.8124030828476,185.0,538
run12_g4_g4_9,3.829495506754957,-2.144158927842607,2,555.0,815.5656636953354,1.4694876823339376,3.075467348098755,0.0,1.4694876823339376,153.0,86.23687613010406,0.563639713268654,2.194518804550171,3.2812781154719834,3.844917828740637,49.0,11.030003786087036,0.2251021180834089,0.7698454856872559,4.30213145820462,4.527233576288029,97.2668799161911,202.0,556
run12_g5_g5_0,4.212272672543546,-2.5022059946533766,2,557.0,818.3917099237442,1.4692849370264707,3.1248297691345215,0.0,1.4692849370264707,153.0,84.95241248607635,0.5552445260527866,2.0335211753845215,3.255266654725168,3.810511180777955,50.0,10.788428544998169,0.21576857089996337,0.7721576690673828,4.304417214393616,4.520185785293579,95.74084103107452,203.0,558
run12_g5_g5_1,-0.629517442985882,0.38400272059825447,1,536.0,790.0106459856033,1.4739004589283644,3.450584650039673,0.0,1.4739004589283644,141.0,86.00485944747925,0.6099635421807039,2.81412672996521,3.275097946748666,3.8850614889293698,42.0,11.125337600708008,0.2648889904930478,0.9989333152770996,4.383376467795599,4.6482654582886465,97.13019704818726,183.0,537
run12_g5_g5_10,-0.6493229049287167,0.560156775532908,1,539.0,794.853213429451,1.4746812865110408,3.419196367263794,0.0,1.4746812865110408,146.0,86.3943327665329,0.5917420052502254,2.387329578399658,3.3100966892830312,3.901838694533257,38.0,10.159828662872314,0.26736391218085037,0.7639174461364746,4.329280865819831,4.596644778000681,96.55416142940521,184.0,540
run12_g5_g5_11,-0.2552001693669757,-0.6371454689607546,1,537.0,791.1102187633514,1.4732033868963714,3.2789103984832764,0.0,1.4732033868963714,144.0,88.01363718509674,0.6112058137853941,2.2034502029418945,3.3654102426436214,3.976616056429015,47.0,13.302018880844116,0.28302167831583225,0.9930686950683594,4.455518859498044,4.7385405378138765,101.31565606594086,191.0,538
run12_g5_g5_12,1.6136599746510147,0.6512870861967734,1,547.0,805.7170768976212,1.4729745464307518,3.2938930988311768,0.0,1.4729745464307518,149.0,87.26922941207886,0.5856995262555628,2.600381851196289,3.3012927890623978,3.8869923153179604,40.0,10.03190302848816,0.25079757571220396,1.3490943908691406,4.2645433962345125,4.515340971946716,97.30113244056702,189.0,548
run12_g5_g5_13,1.164069185719602,2.241930590561759,1,535.0,789.5565629005432,1.4758066596271835,3.3959436416625977,0.0,1.4758066596271835,146.0,87.50382328033447,0.5993412553447567,2.364414930343628,3.292399481551288,3.8917407368960446,43.0,12.581495523452759,0.29259291915006413,1.5857396125793457,4.270566446836605,4.563159365986669,100.08531880378723,189.0,536
run12_g5_g5_14,5.409160641403204,3.170121075450529,2,556.0,819.7854923009872,1.4744343386708403,3.2878096103668213,0.0,1.4744343386708403,159.0,93.48147964477539,0.5879338342438704,2.410245656967163,3.232724408683537,3.8206582429274074,40.0,12.836777448654175,0.3209194362163544,1.3588294982910156,4.174272376298904,4.495191812515259,106.31825709342957,199.0,557
run12_g5_g5_15,5.147158585779033,3.264379415579231,2,556.0,819.8947093486786,1.4746307722098535,3.2938930988311768,0.0,1.4746307722098535,159.0,92.05693018436432,0.5789744036752473,2.410245656967163,3.2400920023708224,3.8190664060460695,40.0,12.830971479415894,0.32077428698539734,1.355844497680664,4.175011670589447,4.495785957574844,104.88790166378021,199.0,557
run12_g5_g5_16,1.8023119411624766,0.6815202671906492,1,550.0,811.8002461194992,1.4760004474899986,3.2051174640655518,0.0,1.4760004474899986,146.0,87.69938826560974,0.6006807415452722,2.410245656967163,3.2600617833333474,3.8607425248786194,42.0,11.141373634338379,0.2652708008175805,0.942631721496582,4.272804453259423,4.538075254077003,98.84076189994812,188.0,551
run12_g5_g5_17,1.1079042358881097,-2.942312890247994,1,546.0,803.6242190599442,1.4718392290475169,3.2851128578186035,0.0,1.4718392290475169,141.0,87.44478249549866,0.6201757623794231,2.2408134937286377,3.252885324735168,3.873061087114591,47.0,9.36859393119812,0.19933178577017277,1.2013659477233887,4.428471910192611,4.627803695962784,96.81337642669678,188.0,547
run12_g5_g5_18,0.3168574424380539,-0.5857846960361546,1,546.0,805.6607018709183,1.4755690510456378,3.2051174640655518,0.0,1.4755690510456378,146.0,85.97100234031677,0.5888424817829916,2.3351104259490967,3.298911262864936,3.8877537446479273,41.0,9.438406944274902,0.23020504742133907,0.942631721496582,4.331011277873341,4.561216325294681,95.40940928459167,187.0,547
run12_g5_g5_19,1.3633743329209522,-0.09902795284590794,1,546.0,804.1470775604248,1.4727968453487634,3.2938930988311768,0.0,1.4727968453487634,151.0,85.84361219406128,0.5685007430070284,2.0573527812957764,3.3164286881882625,3.8849294311952907,40.0,10.034354448318481,0.250858861207962,1.3490943908691406,4.318751847743988,4.56961070895195,95.87796664237976,191.0,547
run12_g5_g5_2,2.1741204822246574,0.11004615515889311,1,550.0,808.9055185317993,1.4707373064214533,3.4684085845947266,0.0,1.4707373064214533,150.0,87.07597959041595,0.580506530602773,2.2071094512939453,3.290620222886403,3.8711267534891762,43.0,11.83374571800232,0.2752033887907516,0.9894838333129883,4.325524834699409,4.600728223490161,98.90972530841827,193.0,551
run12_g5_g5_20,1.410648743369616,-1.5831356624355613,1,546.0,805.1310889720917,1.47459906405145,3.2851128578186035,0.0,1.47459906405145,144.0,90.10953032970428,0.6257606272896131,2.2408134937286377,3.2674090555972524,3.8931696828868656,46.0,9.845116138458252,0.21402426387952722,1.2013659477233887,4.371503436047098,4.585527699926625,99.95464646816254,190.0,547
run12_g5_g5_21,3.829495506754957,-2.144158927842607,2,555.0,815.5656636953354,1.4694876823339376,3.075467348098755,0.0,1.4694876823339376,153.0,86.23687613010406,0.563639713268654,2.194518804550171,3.2812781154719834,3.844917828740637,49.0,11.030003786087036,0.2251021180834089,0.7698454856872559,4.30213145820462,4.527233576288029,97.2668799161911,202.0,556
run12_g5_g5_22,3.6167793765312104,-0.5043961587131214,2,555.0,818.1094588041306,1.4740710969443793,3.2051174640655518,0.0,1.4740710969443793,150.0,91.1143490076065,0.6074289933840433,2.410245656967163,3.223770549297333,3.831199542681376,45.0,10.690256834030151,0.23756126297844782,0.8668861389160156,4.276614295111762,4.51417555809021,101.80460584163666,195.0,556
run12_g5_g5_23,-0.1262613583862724,-1.3183270227366215,1,546.0,805.4575302600861,1.4751969418682895,3.2857086658477783,0.0,1.4751969418682895,145.0,87.66859209537506,0.6046109799681039,2.5271482467651367,3.291086329262832,3.895697309230936,42.0,9.260140419006348,0.22047953378586543,1.128394603729248,4.44856874148051,4.669048275266375,96.92873251438141,187.0,547
run12_g5_g5_24,2.8128244897502923,2.5567709728398236,2,551.0,811.6667982339859,1.4730794886279237,3.2938930988311768,0.0,1.4730794886279237,151.0,89.68866515159607,0.5939646698781197,2.8562819957733154,3.277277340162669,3.8712420100407883,38.0,11.686937093734741,0.30755097615091426,1.4093103408813477,4.225411515486868,4.532962491637782,101.37560224533081,189.0,552
run12_g5_g5_3,-0.5565990059289386,-1.2512111955756169,1,536.0,789.7486720085144,1.4734117015084225,3.0780277252197266,0.0,1.4734117015084225,137.0,83.24812614917755,0.6076505558334128,2.3351104259490967,3.2820063098503724,3.889656865683785,43.0,10.845347881317139,0.2522173925887707,0.942631721496582,4.368476512820222,4.620693905408992,94.09347403049469,180.0,537
run12_g5_g5_4,2.5724545053041217,-0.9202959614999945,1,549.0,809.5652334690094,1.47461791160111,3.2051174640655518,0.0,1.47461791160111,153.0,91.13217222690582,0.5956351125941557,2.261899709701538,3.2895770454718396,3.8852121580659955,49.0,12.362626075744629,0.2522984913417271,0.9065937995910645,4.42388365706619,4.676182148407917,103.49479830265045,202.0,550
run12_g5_g5_5,-0.4974984729657423,-2.285151746062775,1,538.0,792.6263184547424,1.473283119804354,3.1309475898742676,0.0,1.473283119804354,143.0,85.7907166481018,0.5999350814552574,2.533935546875,3.273228501940107,3.8731635833953644,43.0,9.66133451461792,0.22468219801437023,1.1511859893798828,4.516155725301698,4.740837923316068,95.45205116271973,186.0,539
run12_g5_g5_6,2.05524808597714,-0.7730130689735518,1,542.0,798.2538697719574,1.472793117660438,3.106433629989624,0.0,1.472793117660438,148.0,90.12013864517212,0.6089198557106225,2.3823657035827637,3.2902345770114176,3.89915443272204,47.0,12.509490489959717,0.26615937212680246,0.9742341041564941,4.377496693996673,4.643656066123476,102.62962913513184,195.0,543
run12_g5_g5_7,1.9764692887781232,-1.7858117099541386,1,549.0,809.293238401413,1.4741224743195136,3.2051174640655518,0.0,1.4741224743195136,155.0,89.4682023525238,0.5772142087259601,2.2093358039855957,3.3272909687411403,3.9045051774671,48.0,9.926978826522827,0.20681205888589224,0.8099894523620605,4.367435743411382,4.574247802297275,99.39518117904663,203.0,550
run12_g5_g5_8,2.8236325970037073,2.54728251195543,2,551.0,811.6371437311172,1.4730256692034795,3.28822660446167,0.0,1.4730256692034795,151.0,89.64124310016632,0.5936506165573928,2.8568685054779053,3.2779199074435708,3.8715705240009637,38.0,11.690143346786499,0.30763535123122365,1.4188504219055176,4.225331469586021,4.5329668208172444,101.33138644695282,189.0,552
run12_g5_g5_9,1.519047488526927,1.5963007225134431,1,547.0,805.4920531511307,1.472563168466418,3.28822660446167,0.0,1.472563168466418,148.0,87.9543879032135,0.5942864047514426,2.6063268184661865,3.2919537215619474,3.88624012631339,35.0,9.98773455619812,0.28536384446280344,1.4188504219055176,4.233811739512852,4.519175583975656,97.94212245941162,183.0,548
run12_g6_g6_0,0.8192985858251605,0.040385513595068735,1,547.0,805.6070798635483,1.472773454960783,3.450584650039673,0.0,1.472773454960783,144.0,84.60908114910126,0.5875630635354254,2.1462464332580566,3.3078254287441573,3.8953884922795825,44.0,11.718794584274292,0.2663362405516885,0.9989333152770996,4.324598122726787,4.590934363278476,96.32787573337555,188.0,548
run12_g6_g6_1,1.1079042358881097,-2.942312890247994,1,546.0,803.6242190599442,1.4718392290475169,3.2851128578186035,0.0,1.4718392290475169,141.0,87.44478249549866,0.6201757623794231,2.2408134937286377,3.252885324735168,3.873061087114591,47.0,9.36859393119812,0.19933178577017277,1.2013659477233887,4.428471910192611,4.627803695962784,96.81337642669678,188.0,547
run12_g6_g6_10,1.8023119411624766,0.6815202671906492,1,550.0,811.8002461194992,1.4760004474899986,3.2051174640655518,0.0,1.4760004474899986,146.0,87.69938826560974,0.6006807415452722,2.410245656967163,3.2600617833333474,3.8607425248786194,42.0,11.141373634338379,0.2652708008175805,0.942631721496582,4.272804453259423,4.538075254077003,98.84076189994812,188.0,551
run12_g6_g6_11,-0.37228669931516306,-1.0251667912660969,1,539.0,794.350083231926,1.4737478353096958,3.1208884716033936,0.0,1.4737478353096958,142.0,83.75462782382965,0.5898213227030257,2.3351104259490967,3.3030753379136746,3.8928966606167,41.0,9.756759405136108,0.23796974158868556,1.0239276885986328,4.349174383209973,4.587144124798659,93.51138722896576,183.0,540
run12_g6_g6_12,0.6720258945485158,-0.08412411920727932,1,543.0,799.8422274589539,1.4730059437549794,3.0780277252197266,0.0,1.4730059437549794,144.0,82.18861770629883,0.5707542896270752,2.3351104259490967,3.3208784328566656,3.891632722483741,44.0,12.01362681388855,0.27303697304292157,0.942631721496582,4.3103672807866875,4.58340425382961,94.20224452018738,188.0,544
run12_g6_g6_13,2.9184493825912337,-1.1011702778753778,2,553.0,815.1500039100647,1.474050639982034,3.2051174640655518,0.0,1.474050639982034,152.0,91.00340604782104,0.5987066187356648,2.410245656967163,3.2793442512813367,3.8780508700170016,49.0,11.660659074783325,0.23797263417925155,0.8113036155700684,4.37576673468765,4.613739368866901,102.66406512260437,201.0,554
run12_g6_g6_14,-0.6493229049287167,0.560156775532908,1,539.0,794.853213429451,1.4746812865110408,3.419196367263794,0.0,1.4746812865110408,146.0,86.3943327665329,0.5917420052502254,2.387329578399658,3.3100966892830312,3.901838694533257,38.0,10.159828662872314,0.26736391218085037,0.7639174461364746,4.329280865819831,4.596644778000681,96.55416142940521,184.0,540
run12_g6_g6_15,0.3168574424380539,-0.5857846960361546,1,546.0,805.6607018709183,1.4755690510456378,3.2051174640655518,0.0,1.4755690510456378,146.0,85.97100234031677,0.5888424817829916,2.3351104259490967,3.298911262864936,3.8877537446479273,41.0,9.438406944274902,0.23020504742133907,0.942631721496582,4.331011277873341,4.561216325294681,95.40940928459167,187.0,547
run12_g6_g6_16,3.2240088889474334,2.1813191525859756,2,551.0,811.7971675395966,1.4733160935382879,3.2878096103668213,0.0,1.4733160935382879,151.0,91.13242018222809,0.6035259614717092,2.841921091079712,3.2648398505141403,3.8683658119858495,40.0,11.88727617263794,0.2971819043159485,1.4505958557128906,4.2431207478046415,4.54030265212059,103.01969635486603,191.0,552
run12_g6_g6_17,2.1741204822246574,0.11004615515889311,1,550.0,808.9055185317993,1.4707373064214533,3.4684085845947266,0.0,1.4707373064214533,150.0,87.07597959041595,0.580506530602773,2.2071094512939453,3.290620222886403,3.8711267534891762,43.0,11.83374571800232,0.2752033887907516,0.9894838333129883,4.325524834699409,4.600728223490161,98.90972530841827,193.0,551
run12_g6_g6_18,3.829495506754957,-2.144158927842607,2,555.0,815.5656636953354,1.4694876823339376,3.075467348098755,0.0,1.4694876823339376,153.0,86.23687613010406,0.563639713268654,2.194518804550171,3.2812781154719834,3.844917828740637,49.0,11.030003786087036,0.2251021180834089,0.7698454856872559,4.30213145820462,4.527233576288029,97.2668799161911,202.0,556
run12_g6_g6_19,0.36749525879583017,-0.5257304534095277,1,544.0,801.812267780304,1.4739196098902647,3.2938930988311768,0.0,1.4739196098902647,148.0,82.65767323970795,0.5584977921601888,2.0573527812957764,3.3135018501732802,3.871999642333469,41.0,9.59043264389038,0.23391299131439952,1.3490943908691406,4.353652843614904,4.587565834929303,92.24810588359833,189.0,545
run12_g6_g6_2,3.014560032827121,2.125798871940454,2,551.0,811.7920163869858,1.473306744803967,3.2938930988311768,0.0,1.473306744803967,152.0,89.6313179731369,0.5896797235074797,2.8549556732177734,3.266994328091019,3.8566740515984987,40.0,11.770716190338135,0.2942679047584534,1.3490943908691406,4.24978865981102,4.544056564569473,101.40203416347504,192.0,552
run12_g6_g6_20,-0.032284682630147415,-2.36360569062745,1,539.0,793.6396331787109,1.4724297461571632,3.2851128578186035,0.0,1.4724297461571632,136.0,85.73546087741852,0.6304078005692538,2.2408134937286377,3.26682453909341,3.897232339662664,46.0,9.782213687896729,0.21265681930210278,1.2013659477233887,4.392679981563402,4.605336800865505,95.51767456531525,182.0,540
run12_g6_g6_21,1.164069185719602,2.241930590561759,1,535.0,789.5565629005432,1.4758066596271835,3.3959436416625977,0.0,1.4758066596271835,146.0,87.50382328033447,0.5993412553447567,2.364414930343628,3.292399481551288,3.8917407368960446,43.0,12.581495523452759,0.29259291915006413,1.5857396125793457,4.270566446836605,4.563159365986669,100.08531880378723,189.0,536
run12_g6_g6_22,1.997292121779111,-1.4449663608752334,1,550.0,809.4272425174713,1.4716858954863115,3.385357141494751,0.0,1.4716858954863115,148.0,83.00055038928986,0.5608145296573639,2.3587164878845215,3.2733010416095323,3.834115571266896,50.0,10.781917810440063,0.21563835620880126,0.721860408782959,4.320683097839355,4.5363214540481565,93.78246819972992,198.0,551
run12_g6_g6_23,-0.629517442985882,0.38400272059825447,1,536.0,790.0106459856033,1.4739004589283644,3.450584650039673,0.0,1.4739004589283644,141.0,86.00485944747925,0.6099635421807039,2.81412672996521,3.275097946748666,3.8850614889293698,42.0,11.125337600708008,0.2648889904930478,0.9989333152770996,4.383376467795599,4.6482654582886465,97.13019704818726,183.0,537
run12_g6_g6_24,4.212272672543546,-2.5022059946533766,2,557.0,818.3917099237442,1.4692849370264707,3.1248297691345215,0.0,1.4692849370264707,153.0,84.95241248607635,0.5552445260527866,2.0335211753845215,3.255266654725168,3.810511180777955,50.0,10.788428544998169,0.21576857089996337,0.7721576690673828,4.304417214393616,4.520185785293579,95.74084103107452,203.0,558
run12_g6_g6_3,1.9764692887781232,-1.7858117099541386,1,549.0,809.293238401413,1.4741224743195136,3.2051174640655518,0.0,1.4741224743195136,155.0,89.4682023525238,0.5772142087259601,2.2093358039855957,3.3272909687411403,3.9045051774671,48.0,9.926978826522827,0.20681205888589224,0.8099894523620605,4.367435743411382,4.574247802297275,99.39518117904663,203.0,550
run12_g6_g6_4,5.409160641403204,3.170121075450529,2,556.0,819.7854923009872,1.4744343386708403,3.2878096103668213,0.0,1.4744343386708403,159.0,93.48147964477539,0.5879338342438704,2.410245656967163,3.232724408683537,3.8206582429274074,40.0,12.836777448654175,0.3209194362163544,1.3588294982910156,4.174272376298904,4.495191812515259,106.31825709342957,199.0,557
run12_g6_g6_5,4.201834281831062,1.2029449278499527,2,553.0,813.2212728261948,1.4705628803366995,3.28822660446167,0.0,1.4705628803366995,153.0,91.36264884471893,0.5971414957171172,2.5926644802093506,3.2882474660873413,3.8853889618044586,42.0,11.285630226135254,0.2687054815746489,1.394629955291748,4.16816706884475,4.436872550419399,102.64827907085419,195.0,554
run12_g6_g6_6,1.2322139864914987,-2.6473483765838246,1,542.0,797.6737359762192,1.4717227601037255,3.0505154132843018,0.0,1.4717227601037255,150.0,85.44012916088104,0.5696008610725403,2.2093358039855957,3.3322028072675067,3.901803668340047,49.0,10.260190725326538,0.20939164745564365,0.9035553932189941,4.395811329082567,4.6052029765382105,95.70031988620758,199.0,543
run12_g6_g6_7,-0.9966058283950509,-3.620376988148606,1,532.0,782.15205347538,1.470210626833421,3.1309475898742676,0.0,1.470210626833421,141.0,83.53480994701385,0.5924454606171196,2.3212852478027344,3.2685166935548713,3.860962154171991,41.0,7.897017955780029,0.19261019404341534,1.1511859893798828,4.486503723191052,4.679113917234467,91.43182790279388,182.0,533
run12_g6_g6_8,2.4590181858422753,-1.843691304169911,1,542.0,797.74538230896,1.4718549489095203,3.106433629989624,0.0,1.4718549489095203,150.0,90.71651768684387,0.6047767845789591,2.3823657035827637,3.302873773574829,3.9076505581537884,52.0,12.72788143157959,0.2447669506072998,0.9742341041564941,4.430179779346172,4.674946729953472,103.44439911842346,202.0,543
run12_g6_g6_9,3.6167793765312104,-0.5043961587131214,2,555.0,818.1094588041306,1.4740710969443793,3.2051174640655518,0.0,1.4740710969443793,150.0,91.1143490076065,0.6074289933840433,2.410245656967163,3.223770549297333,3.831199542681376,45.0,10.690256834030151,0.23756126297844782,0.8668861389160156,4.276614295111762,4.51417555809021,101.80460584163666,195.0,556
run12_g7_g7_0,0.8192985858251605,0.040385513595068735,1,547.0,805.6070798635483,1.472773454960783,3.450584650039673,0.0,1.472773454960783,144.0,84.60908114910126,0.5875630635354254,2.1462464332580566,3.3078254287441573,3.8953884922795825,44.0,11.718794584274292,0.2663362405516885,0.9989333152770996,4.324598122726787,4.590934363278476,96.32787573337555,188.0,548
run12_g7_g7_1,0.4422397303737609,-0.11026494919109468,1,544.0,801.825587272644,1.473944094251184,3.2938930988311768,0.0,1.473944094251184,147.0,82.67441415786743,0.5624109806657649,2.0573527812957764,3.311831842474386,3.874242823140151,40.0,9.649095296859741,0.24122738242149352,1.3490943908691406,4.312421441078186,4.55364882349968,92.32350945472717,187.0,545
run12_g7_g7_10,4.970745515191936,1.0477940120711136,2,555.0,815.4027938842773,1.4691942232149142,3.28822660446167,0.0,1.4691942232149142,155.0,92.18958842754364,0.5947715382422171,2.5926644802093506,3.288387296276708,3.883158834518925,43.0,11.580014944076538,0.269302673118059,1.394629955291748,4.158602298692215,4.427904971810275,103.76960337162018,198.0,556
run12_g7_g7_11,1.9764692887781232,-1.7858117099541386,1,549.0,809.293238401413,1.4741224743195136,3.2051174640655518,0.0,1.4741224743195136,155.0,89.4682023525238,0.5772142087259601,2.2093358039855957,3.3272909687411403,3.9045051774671,48.0,9.926978826522827,0.20681205888589224,0.8099894523620605,4.367435743411382,4.574247802297275,99.39518117904663,203.0,550
run12_g7_g7_12,0.5335366887639689,-0.22185646540348353,1,541.0,796.9766532182693,1.4731546270208307,3.165647506713867,0.0,1.4731546270208307,142.0,83.97179114818573,0.591350641888632,2.704343557357788,3.278656738744655,3.870007380633287,43.0,10.665121793746948,0.2480260882266732,1.0239276885986328,4.304625927015793,4.552652015242466,94.63691294193268,185.0,542
run12_g7_g7_13,-1.527698394157288,1.0230751140994805,0,534.0,787.9480932950974,1.475558227144377,3.419196367263794,0.0,1.475558227144377,144.0,83.43736410140991,0.5794261395931244,2.387329578399658,3.317497635881106,3.8969237754742303,38.0,10.452284097671509,0.27506010783346074,0.7733335494995117,4.324210568478233,4.5992706763116935,93.88964819908142,182.0,535
run12_g7_g7_14,0.46190520321338496,2.7074117547365915,1,530.0,782.5785763263702,1.4765633515591892,3.3959436416625977,0.0,1.4765633515591892,144.0,86.64913201332092,0.6017300834258398,2.4202096462249756,3.2887243065569134,3.8904543899827533,42.0,12.75624394416809,0.3037200939087641,1.5857396125793457,4.26896611849467,4.5726862124034335,99.40537595748901,186.0,531
run12_g7_g7_15,3.2240088889474334,2.1813191525859756,2,551.0,811.7971675395966,1.4733160935382879,3.2878096103668213,0.0,1.4733160935382879,151.0,91.13242018222809,0.6035259614717092,2.841921091079712,3.2648398505141403,3.8683658119858495,40.0,11.88727617263794,0.2971819043159485,1.4505958557128906,4.2431207478046415,4.54030265212059,103.01969635486603,191.0,552
run12_g7_g7_16,-1.816748355190421,0.16501169765434778,0,535.0,788.6068085432053,1.474031417837767,3.450584650039673,0.0,1.474031417837767,141.0,84.8155562877655,0.6015287679983369,2.81412672996521,3.315577211109459,3.917105979107796,40.0,10.371097564697266,0.2592774391174316,0.8494658470153809,4.398165553808212,4.657442992925644,95.18665385246277,181.0,536
run12_g7_g7_17,3.014560032827121,2.125798871940454,2,551.0,811.7920163869858,1.473306744803967,3.2938930988311768,0.0,1.473306744803967,152.0,89.6313179731369,0.5896797235074797,2.8549556732177734,3.266994328091019,3.8566740515984987,40.0,11.770716190338135,0.2942679047584534,1.3490943908691406,4.24978865981102,4.544056564569473,101.40203416347504,192.0,552
run12_g7_g7_18,-0.6746296975849688,0.7140672364307054,1,539.0,794.5411361455917,1.4741022934055505,3.1963021755218506,0.0,1.4741022934055505,143.0,81.89676415920258,0.5727046444699481,2.3351104259490967,3.3378871629288147,3.9105918073987627,40.0,11.493297338485718,0.28733243346214293,0.8991613388061523,4.309128028154373,4.596460461616516,93.3900614976883,183.0,540
run12_g7_g7_19,4.201834281831062,1.2029449278499527,2,553.0,813.2212728261948,1.4705628803366995,3.28822660446167,0.0,1.4705628803366995,153.0,91.36264884471893,0.5971414957171172,2.5926644802093506,3.2882474660873413,3.8853889618044586,42.0,11.285630226135254,0.2687054815746489,1.394629955291748,4.16816706884475,4.436872550419399,102.64827907085419,195.0,554
run12_g7_g7_2,1.1079042358881097,-2.942312890247994,1,546.0,803.6242190599442,1.4718392290475169,3.2851128578186035,0.0,1.4718392290475169,141.0,87.44478249549866,0.6201757623794231,2.2408134937286377,3.252885324735168,3.873061087114591,47.0,9.36859393119812,0.19933178577017277,1.2013659477233887,4.428471910192611,4.627803695962784,96.81337642669678,188.0,547
run12_g7_g7_20,0.8636902813906518,0.1371681343812454,1,549.0,807.1947878599167,1.4703001600362782,3.4682679176330566,0.0,1.4703001600362782,142.0,85.03151428699493,0.5988134808943305,2.2151644229888916,3.3153123343494575,3.9141258152437883,41.0,11.534784078598022,0.28133619703897617,1.019327163696289,4.29257287048712,4.573909067526096,96.56629836559296,183.0,550
run12_g7_g7_21,1.997292121779111,-1.4449663608752334,1,550.0,809.4272425174713,1.4716858954863115,3.385357141494751,0.0,1.4716858954863115,148.0,83.00055038928986,0.5608145296573639,2.3587164878845215,3.2733010416095323,3.834115571266896,50.0,10.781917810440063,0.21563835620880126,0.721860408782959,4.320683097839355,4.5363214540481565,93.78246819972992,198.0,551
run12_g7_g7_22,-0.629517442985882,0.38400272059825447,1,536.0,790.0106459856033,1.4739004589283644,3.450584650039673,0.0,1.4739004589283644,141.0,86.00485944747925,0.6099635421807039,2.81412672996521,3.275097946748666,3.8850614889293698,42.0,11.125337600708008,0.2648889904930478,0.9989333152770996,4.383376467795599,4.6482654582886465,97.13019704818726,183.0,537
run12_g7_g7_23,-0.7425709322676619,-1.3632027707476486,1,539.0,794.2190406322479,1.4735047136034285,3.0673506259918213,0.0,1.4735047136034285,140.0,82.00900137424469,0.5857785812446049,2.3351104259490967,3.3060043377535684,3.891782918998173,41.0,9.571828842163086,0.2334592400527582,1.0013995170593262,4.355150397230939,4.588609637283698,91.58083021640778,181.0,540
run12_g7_g7_24,1.888528612248013,-1.8964409563123634,1,550.0,809.3906254768372,1.4716193190487947,3.262476682662964,0.0,1.4716193190487947,145.0,82.87798416614532,0.5715723045941057,2.3567190170288086,3.268036525824974,3.83960883041908,50.0,10.698896884918213,0.21397793769836426,0.721860408782959,4.323505001068115,4.5374829387664795,93.57688105106354,195.0,551
run12_g7_g7_3,2.4590181858422753,-1.843691304169911,1,542.0,797.74538230896,1.4718549489095203,3.106433629989624,0.0,1.4718549489095203,150.0,90.71651768684387,0.6047767845789591,2.3823657035827637,3.302873773574829,3.9076505581537884,52.0,12.72788143157959,0.2447669506072998,0.9742341041564941,4.430179779346172,4.674946729953472,103.44439911842346,202.0,543
run12_g7_g7_4,2.4321875212573927,0.4693217667665841,1,559.0,824.6956493854523,1.4753052761814889,3.2051174640655518,0.0,1.4753052761814889,150.0,87.85816693305969,0.5857211128870646,2.3746395111083984,3.304762369791667,3.8904834826787313,44.0,11.679823637008667,0.26545053720474243,0.942631721496582,4.298065803267739,4.563516340472481,99.53799057006836,194.0,560
run12_g7_g7_5,2.1741204822246574,0.11004615515889311,1,550.0,808.9055185317993,1.4707373064214533,3.4684085845947266,0.0,1.4707373064214533,150.0,87.07597959041595,0.580506530602773,2.2071094512939453,3.290620222886403,3.8711267534891762,43.0,11.83374571800232,0.2752033887907516,0.9894838333129883,4.325524834699409,4.600728223490161,98.90972530841827,193.0,551
run12_g7_g7_6,0.8804585976877627,-2.651173682328219,1,543.0,799.2367032766342,1.4718907979311864,3.2851128578186035,0.0,1.4718907979311864,142.0,86.89708423614502,0.611951297437641,2.2408134937286377,3.253562796283776,3.8655140937214165,46.0,9.514403104782104,0.2068348501039588,1.2118597030639648,4.435244166332742,4.642079016436702,96.41148734092712,188.0,544
run12_g7_g7_7,0.3168574424380539,-0.5857846960361546,1,546.0,805.6607018709183,1.4755690510456378,3.2051174640655518,0.0,1.4755690510456378,146.0,85.97100234031677,0.5888424817829916,2.3351104259490967,3.298911262864936,3.8877537446479273,41.0,9.438406944274902,0.23020504742133907,0.942631721496582,4.331011277873341,4.561216325294681,95.40940928459167,187.0,547
run12_g7_g7_8,0.6720258945485158,-0.08412411920727932,1,543.0,799.8422274589539,1.4730059437549794,3.0780277252197266,0.0,1.4730059437549794,144.0,82.18861770629883,0.5707542896270752,2.3351104259490967,3.3208784328566656,3.891632722483741,44.0,12.01362681388855,0.27303697304292157,0.942631721496582,4.3103672807866875,4.58340425382961,94.20224452018738,188.0,544
run12_g7_g7_9,1.5892084506678754,1.2202475519202844,1,547.0,805.6865268945694,1.4729186963337648,3.2938930988311768,0.0,1.4729186963337648,149.0,87.09534239768982,0.5845324993133545,2.601196765899658,3.3024455236908574,3.886978023004212,38.0,10.10283374786377,0.265864045996415,1.3490943908691406,4.235355847760251,4.501219893756666,97.19817614555359,187.0,548
run12_g8_g8_0,0.8192985858251605,0.040385513595068735,1,547.0,805.6070798635483,1.472773454960783,3.450584650039673,0.0,1.472773454960783,144.0,84.60908114910126,0.5875630635354254,2.1462464332580566,3.3078254287441573,3.8953884922795825,44.0,11.718794584274292,0.2663362405516885,0.9989333152770996,4.324598122726787,4.590934363278476,96.32787573337555,188.0,548
run12_g8_g8_1,1.888528612248013,-1.8964409563123634,1,550.0,809.3906254768372,1.4716193190487947,3.262476682662964,0.0,1.4716193190487947,145.0,82.87798416614532,0.5715723045941057,2.3567190170288086,3.268036525824974,3.83960883041908,50.0,10.698896884918213,0.21397793769836426,0.721860408782959,4.323505001068115,4.5374829387664795,93.57688105106354,195.0,551
run12_g8_g8_10,0.39899515980490724,0.37588717896702634,1,544.0,801.9333673715591,1.4741422194330132,3.2938930988311768,0.0,1.4741422194330132,147.0,82.46449279785156,0.5609829442030718,1.9953944683074951,3.312867651180345,3.8738505953834173,38.0,9.589629411697388,0.25235866872887863,1.3490943908691406,4.280685368337129,4.533044037066008,92.05412220954895,185.0,545
run12_g8_g8_11,2.160160481760945,1.0365470813857538,1,549.0,808.49678170681,1.4726717335278872,3.2938930988311768,0.0,1.4726717335278872,151.0,86.27101516723633,0.5713312262730883,1.8463735580444336,3.318430570577154,3.8897617968502423,38.0,10.688387155532837,0.2812733461982326,1.3490943908691406,4.216332573639719,4.497605919837952,96.95940232276917,189.0,550
run12_g8_g8_12,0.5335366887639689,-0.22185646540348353,1,541.0,796.9766532182693,1.4731546270208307,3.165647506713867,0.0,1.4731546270208307,142.0,83.97179114818573,0.591350641888632,2.704343557357788,3.278656738744655,3.870007380633287,43.0,10.665121793746948,0.2480260882266732,1.0239276885986328,4.304625927015793,4.552652015242466,94.63691294193268,185.0,542
run12_g8_g8_13,0.8804585976877627,-2.651173682328219,1,543.0,799.2367032766342,1.4718907979311864,3.2851128578186035,0.0,1.4718907979311864,142.0,86.89708423614502,0.611951297437641,2.2408134937286377,3.253562796283776,3.8655140937214165,46.0,9.514403104782104,0.2068348501039588,1.2118597030639648,4.435244166332742,4.642079016436702,96.41148734092712,188.0,544
run12_g8_g8_14,-0.629517442985882,0.38400272059825447,1,536.0,790.0106459856033,1.4739004589283644,3.450584650039673,0.0,1.4739004589283644,141.0,86.00485944747925,0.6099635421807039,2.81412672996521,3.275097946748666,3.8850614889293698,42.0,11.125337600708008,0.2648889904930478,0.9989333152770996,4.383376467795599,4.6482654582886465,97.13019704818726,183.0,537
run12_g8_g8_15,4.201834281831062,1.2029449278499527,2,553.0,813.2212728261948,1.4705628803366995,3.28822660446167,0.0,1.4705628803366995,153.0,91.36264884471893,0.5971414957171172,2.5926644802093506,3.2882474660873413,3.8853889618044586,42.0,11.285630226135254,0.2687054815746489,1.394629955291748,4.16816706884475,4.436872550419399,102.64827907085419,195.0,554
run12_g8_g8_16,3.014560032827121,2.125798871940454,2,551.0,811.7920163869858,1.473306744803967,3.2938930988311768,0.0,1.473306744803967,152.0,89.6313179731369,0.5896797235074797,2.8549556732177734,3.266994328091019,3.8566740515984987,40.0,11.770716190338135,0.2942679047584534,1.3490943908691406,4.24978865981102,4.544056564569473,101.40203416347504,192.0,552
run12_g8_g8_17,-2.598063618194463,0.6586849273288825,0,532.0,786.0865778923035,1.4776063494216232,3.193488597869873,0.0,1.4776063494216232,136.0,81.06091225147247,0.5960361194961211,2.36051607131958,3.324053603936644,3.920089723432765,39.0,10.80898642539978,0.2771534980871739,1.016404628753662,4.362652179522392,4.639805677609566,91.86989867687225,175.0,533
run12_g8_g8_18,-0.030535017469274048,-2.4966346209227672,1,540.0,794.9832943677902,1.4721912858662782,3.2851128578186035,0.0,1.4721912858662782,139.0,85.74622786045074,0.6168793371255449,2.2408134937286377,3.2593537311759784,3.876233068301523,44.0,9.355050325393677,0.21261478012258356,1.2118597030639648,4.43766747821461,4.650282258337194,95.10127818584442,183.0,541
run12_g8_g8_19,-1.1796223143160494,3.5620330018407302,0,524.0,774.7255452871323,1.478483865051779,3.3713393211364746,0.0,1.478483865051779,140.0,84.58630394935608,0.6041878853525434,2.461603879928589,3.2840355396270753,3.8882234249796186,38.0,12.65002965927124,0.33289551734924316,1.5857396125793457,4.291673904971073,4.624569422320316,97.23633360862732,178.0,525
run12_g8_g8_2,0.862768985832483,-2.8095210557700145,1,542.0,797.7025429010391,1.4717759094115113,3.0505154132843018,0.0,1.4717759094115113,147.0,84.83368802070618,0.5770999185082053,2.2093358039855957,3.3315560671747946,3.908655985683,49.0,10.154930353164673,0.2072434765951974,0.897799015045166,4.394952949212522,4.602196425807719,94.98861837387085,196.0,543
run12_g8_g8_20,0.3168574424380539,-0.5857846960361546,1,546.0,805.6607018709183,1.4755690510456378,3.2051174640655518,0.0,1.4755690510456378,146.0,85.97100234031677,0.5888424817829916,2.3351104259490967,3.298911262864936,3.8877537446479273,41.0,9.438406944274902,0.23020504742133907,0.942631721496582,4.331011277873341,4.561216325294681,95.40940928459167,187.0,547
run12_g8_g8_21,-1.527698394157288,1.0230751140994805,0,534.0,787.9480932950974,1.475558227144377,3.419196367263794,0.0,1.475558227144377,144.0,83.43736410140991,0.5794261395931244,2.387329578399658,3.317497635881106,3.8969237754742303,38.0,10.452284097671509,0.27506010783346074,0.7733335494995117,4.324210568478233,4.5992706763116935,93.88964819908142,182.0,535
run12_g8_g8_22,-0.608903098177391,0.3651730671936648,1,534.0,787.5760849714279,1.474861582343498,3.413102388381958,0.0,1.474861582343498,144.0,84.32788038253784,0.5856102804342905,2.4376511573791504,3.316694820920626,3.902305101354917,44.0,11.0712251663208,0.2516187537800182,0.7950429916381836,4.30852994593707,4.560148699717089,95.39910554885864,188.0,535
run12_g8_g8_23,0.8136069042146717,0.03021242461983318,1,547.0,805.6184140443802,1.472794175583876,3.450584650039673,0.0,1.472794175583876,144.0,84.5829461812973,0.5873815707034535,2.1445984840393066,3.307617057528761,3.894998628232214,44.0,11.694076776504517,0.2657744721932845,0.9989333152770996,4.3245243646881795,4.590298836881464,96.27702295780182,188.0,548
run12_g8_g8_24,-0.14206125444820913,0.0042222747920969955,1,539.0,795.0779151916504,1.4750981728973105,3.165647506713867,0.0,1.4750981728973105,140.0,82.58325552940369,0.5898803966385978,2.704343557357788,3.2841958335467747,3.8740762301853726,44.0,10.692864418029785,0.2430196458643133,1.0239276885986328,4.303943617777391,4.546963263641704,93.27611994743347,184.0,540
run12_g8_g8_3,4.970745515191936,1.0477940120711136,2,555.0,815.4027938842773,1.4691942232149142,3.28822660446167,0.0,1.4691942232149142,155.0,92.18958842754364,0.5947715382422171,2.5926644802093506,3.288387296276708,3.883158834518925,43.0,11.580014944076538,0.269302673118059,1.394629955291748,4.158602298692215,4.427904971810275,103.76960337162018,198.0,556
run12_g8_g8_4,0.4422397303737609,-0.11026494919109468,1,544.0,801.825587272644,1.473944094251184,3.2938930988311768,0.0,1.473944094251184,147.0,82.67441415786743,0.5624109806657649,2.0573527812957764,3.311831842474386,3.874242823140151,40.0,9.649095296859741,0.24122738242149352,1.3490943908691406,4.312421441078186,4.55364882349968,92.32350945472717,187.0,545
run12_g8_g8_5,4.000519330282251,0.7289045674076161,2,550.0,808.2214832305908,1.4694936058738015,3.315999746322632,0.0,1.4694936058738015,155.0,90.95153093338013,0.5867840705379364,2.5926644802093506,3.33184076124622,3.918624831784156,46.0,12.211976051330566,0.26547774024631665,1.5858449935913086,4.243350448815719,4.508828189062036,103.1635069847107,201.0,551
run12_g8_g8_6,0.7269792905266723,-0.020850630359917504,1,549.0,807.1651132106781,1.4702461078518727,3.4675815105438232,0.0,1.4702461078518727,142.0,85.04067552089691,0.5988779966260346,2.220198154449463,3.3149418201245053,3.91381981675054,41.0,11.582175970077515,0.2824920968311589,1.0331382751464844,4.322052217111355,4.6045443139425135,96.62285149097443,183.0,550
run12_g8_g8_7,1.5892084506678754,1.2202475519202844,1,547.0,805.6865268945694,1.4729186963337648,3.2938930988311768,0.0,1.4729186963337648,149.0,87.09534239768982,0.5845324993133545,2.601196765899658,3.3024455236908574,3.886978023004212,38.0,10.10283374786377,0.265864045996415,1.3490943908691406,4.235355847760251,4.501219893756666,97.19817614555359,187.0,548
run12_g8_g8_8,1.1079042358881097,-2.942312890247994,1,546.0,803.6242190599442,1.4718392290475169,3.2851128578186035,0.0,1.4718392290475169,141.0,87.44478249549866,0.6201757623794231,2.2408134937286377,3.252885324735168,3.873061087114591,47.0,9.36859393119812,0.19933178577017277,1.2013659477233887,4.428471910192611,4.627803695962784,96.81337642669678,188.0,547
run12_g8_g8_9,2.4321875212573927,0.4693217667665841,1,559.0,824.6956493854523,1.4753052761814889,3.2051174640655518,0.0,1.4753052761814889,150.0,87.85816693305969,0.5857211128870646,2.3746395111083984,3.304762369791667,3.8904834826787313,44.0,11.679823637008667,0.26545053720474243,0.942631721496582,4.298065803267739,4.563516340472481,99.53799057006836,194.0,560
run12_g9_g9_0,0.7028470520925371,-2.1208737043596084,1,542.0,797.2810760736465,1.4709982953388312,3.0047607421875,0.0,1.4709982953388312,146.0,84.36983728408813,0.5778755978362201,2.2255237102508545,3.340034742877908,3.917910340714128,45.0,10.339340448379517,0.22976312107510036,0.897799015045166,4.352143632041083,4.581906753116184,94.70917773246765,191.0,543
run12_g9_g9_1,4.201834281831062,1.2029449278499527,2,553.0,813.2212728261948,1.4705628803366995,3.28822660446167,0.0,1.4705628803366995,153.0,91.36264884471893,0.5971414957171172,2.5926644802093506,3.2882474660873413,3.8853889618044586,42.0,11.285630226135254,0.2687054815746489,1.394629955291748,4.16816706884475,4.436872550419399,102.64827907085419,195.0,554
run12_g9_g9_10,-1.037794230112345,0.778446975791805,1,529.0,779.6960489749908,1.473905574621911,3.3395330905914307,0.0,1.473905574621911,141.0,82.90938365459442,0.5880098131531519,2.8128485679626465,3.310823569906519,3.898833383059671,42.0,10.580610752105713,0.2519193036215646,1.0866012573242188,4.279504435403006,4.531423739024571,93.48999440670013,183.0,530
run12_g9_g9_11,-1.1796223143160494,3.5620330018407302,0,524.0,774.7255452871323,1.478483865051779,3.3713393211364746,0.0,1.478483865051779,140.0,84.58630394935608,0.6041878853525434,2.461603879928589,3.2840355396270753,3.8882234249796186,38.0,12.65002965927124,0.33289551734924316,1.5857396125793457,4.291673904971073,4.624569422320316,97.23633360862732,178.0,525
run12_g9_g9_12,-3.1891147320644735,2.534978242046426,0,523.0,772.8250906467438,1.4776770375654757,3.3713393211364746,0.0,1.4776770375654757,137.0,82.91745936870575,0.6052369296985821,2.461603879928589,3.289763226996373,3.8950001566949553,34.0,11.654696702957153,0.34278519714579864,0.8799171447753906,4.368611461975995,4.711396659121794,94.5721560716629,171.0,524
run12_g9_g9_13,2.160160481760945,1.0365470813857538,1,549.0,808.49678170681,1.4726717335278872,3.2938930988311768,0.0,1.4726717335278872,151.0,86.27101516723633,0.5713312262730883,1.8463735580444336,3.318430570577154,3.8897617968502423,38.0,10.688387155532837,0.2812733461982326,1.3490943908691406,4.216332573639719,4.497605919837952,96.95940232276917,189.0,550
run12_g9_g9_14,-0.2715290548538544,0.11493141385002573,1,545.0,802.6345771551132,1.4727239947800244,3.450584650039673,0.0,1.4727239947800244,143.0,82.62100803852081,0.577769286982663,2.333621025085449,3.31334459948373,3.891113886466393,41.0,10.862747192382812,0.26494505347275155,0.8479981422424316,4.330663477502218,4.595608530974969,93.48375523090363,184.0,546
run12_g9_g9_15,-2.4594725286304295,-0.10237265387090815,0,532.0,785.9870530366898,1.4774192726253568,3.2187087535858154,0.0,1.4774192726253568,138.0,80.9933397769928,0.586908259253571,2.36051607131958,3.3291459221770796,3.916054181430651,42.0,10.618125200271606,0.2528125047683716,1.016404628753662,4.40292041074662,4.655732915514991,91.6114649772644,180.0,533
run12_g9_g9_16,3.4241475744412173,1.2816689204856626,2,548.0,805.6738276481628,1.4702077146864285,3.28822660446167,0.0,1.4702077146864285,152.0,88.24531042575836,0.5805612528010419,2.052295446395874,3.3112719568767046,3.8918332096777464,40.0,11.56502914428711,0.2891257286071777,1.4928712844848633,4.171763563156128,4.460889291763306,99.81033957004547,192.0,549
run12_g9_g9_17,0.8136069042146717,0.03021242461983318,1,547.0,805.6184140443802,1.472794175583876,3.450584650039673,0.0,1.472794175583876,144.0,84.5829461812973,0.5873815707034535,2.1445984840393066,3.307617057528761,3.894998628232214,44.0,11.694076776504517,0.2657744721932845,0.9989333152770996,4.3245243646881795,4.590298836881464,96.27702295780182,188.0,548
run12_g9_g9_18,1.888528612248013,-1.8964409563123634,1,550.0,809.3906254768372,1.4716193190487947,3.262476682662964,0.0,1.4716193190487947,145.0,82.87798416614532,0.5715723045941057,2.3567190170288086,3.268036525824974,3.83960883041908,50.0,10.698896884918213,0.21397793769836426,0.721860408782959,4.323505001068115,4.5374829387664795,93.57688105106354,195.0,551
run12_g9_g9_19,0.8804585976877627,-2.651173682328219,1,543.0,799.2367032766342,1.4718907979311864,3.2851128578186035,0.0,1.4718907979311864,142.0,86.89708423614502,0.611951297437641,2.2408134937286377,3.253562796283776,3.8655140937214165,46.0,9.514403104782104,0.2068348501039588,1.2118597030639648,4.435244166332742,4.642079016436702,96.41148734092712,188.0,544
run12_g9_g9_2,0.4422397303737609,-0.11026494919109468,1,544.0,801.825587272644,1.473944094251184,3.2938930988311768,0.0,1.473944094251184,147.0,82.67441415786743,0.5624109806657649,2.0573527812957764,3.311831842474386,3.874242823140151,40.0,9.649095296859741,0.24122738242149352,1.3490943908691406,4.312421441078186,4.55364882349968,92.32350945472717,187.0,545
run12_g9_g9_20,0.7172932814785566,0.0010095793342440775,1,549.0,807.2064957618713,1.470321485905048,3.4711060523986816,0.0,1.470321485905048,142.0,85.07466650009155,0.5991173697189546,2.217374086380005,3.314658586408051,3.9137759561270054,41.0,11.599522590637207,0.28291518513749286,1.0320630073547363,4.3228422316109265,4.605757416748419,96.67418909072876,183.0,550
run12_g9_g9_21,0.6593647870074212,-0.08568233586246282,1,544.0,801.4402323961258,1.4732357213164078,3.450584650039673,0.0,1.4732357213164078,141.0,84.50246405601501,0.5993082557164185,2.1462464332580566,3.2888434897077845,3.888151745424203,46.0,12.403148174285889,0.2696336559627367,0.9989333152770996,4.348536113034124,4.618169768996861,96.9056122303009,187.0,545
run12_g9_g9_22,6.713598400893975,0.8571777175394238,2,556.0,816.5376096963882,1.4685928231949428,3.316152334213257,0.0,1.4685928231949428,159.0,95.05030119419098,0.5978006364414526,2.5926644802093506,3.261756644308942,3.8595572807503946,48.0,12.576626300811768,0.2620130479335785,1.394629955291748,4.15163407723109,4.413647125164668,107.62692749500275,207.0,557
run12_g9_g9_23,4.970745515191936,1.0477940120711136,2,555.0,815.4027938842773,1.4691942232149142,3.28822660446167,0.0,1.4691942232149142,155.0,92.18958842754364,0.5947715382422171,2.5926644802093506,3.288387296276708,3.883158834518925,43.0,11.580014944076538,0.269302673118059,1.394629955291748,4.158602298692215,4.427904971810275,103.76960337162018,198.0,556
run12_g9_g9_24,1.0798075626068824,-2.0724355455637413,1,543.0,799.3125672340393,1.472030510559925,3.2851128578186035,0.0,1.472030510559925,142.0,87.61188519001007,0.6169851069719019,2.2408134937286377,3.252361253113814,3.8693463600857156,44.0,9.363740682601929,0.2128122882409529,1.2118597030639648,4.375010517510501,4.587822805751454,96.975625872612,186.0,544
run12_g9_g9_3,3.6620250011759024,-2.5855239793275473,2,553.0,812.4449141025543,1.4691589766773134,3.127643585205078,0.0,1.4691589766773134,150.0,85.30094277858734,0.568672951857249,2.2230446338653564,3.264408457279205,3.8330814091364545,52.0,11.35939073562622,0.21844982183896577,0.721860408782959,4.324124460036938,4.542574281875904,96.66033351421356,202.0,554
run12_g9_g9_4,-0.608903098177391,0.3651730671936648,1,534.0,787.5760849714279,1.474861582343498,3.413102388381958,0.0,1.474861582343498,144.0,84.32788038253784,0.5856102804342905,2.4376511573791504,3.316694820920626,3.902305101354917,44.0,11.0712251663208,0.2516187537800182,0.7950429916381836,4.30852994593707,4.560148699717089,95.39910554885864,188.0,535
run12_g9_g9_5,0.3168574424380539,-0.5857846960361546,1,546.0,805.6607018709183,1.4755690510456378,3.2051174640655518,0.0,1.4755690510456378,146.0,85.97100234031677,0.5888424817829916,2.3351104259490967,3.298911262864936,3.8877537446479273,41.0,9.438406944274902,0.23020504742133907,0.942631721496582,4.331011277873341,4.561216325294681,95.40940928459167,187.0,547
run12_g9_g9_6,4.000519330282251,0.7289045674076161,2,550.0,808.2214832305908,1.4694936058738015,3.315999746322632,0.0,1.4694936058738015,155.0,90.95153093338013,0.5867840705379364,2.5926644802093506,3.33184076124622,3.918624831784156,46.0,12.211976051330566,0.26547774024631665,1.5858449935913086,4.243350448815719,4.508828189062036,103.1635069847107,201.0,551
run12_g9_g9_7,-0.6257015075512066,-2.451574309839787,1,540.0,794.9360407590866,1.4721037791834937,3.2851128578186035,0.0,1.4721037791834937,137.0,84.10632908344269,0.6139148108280488,2.3585963249206543,3.2609119615415585,3.8748267723696075,42.0,8.623868703842163,0.2053302072343372,1.2118597030639648,4.419848583993458,4.625178791227794,92.73019778728485,179.0,541
run12_g9_g9_8,-1.527698394157288,1.0230751140994805,0,534.0,787.9480932950974,1.475558227144377,3.419196367263794,0.0,1.475558227144377,144.0,83.43736410140991,0.5794261395931244,2.387329578399658,3.317497635881106,3.8969237754742303,38.0,10.452284097671509,0.27506010783346074,0.7733335494995117,4.324210568478233,4.5992706763116935,93.88964819908142,182.0,535
run12_g9_g9_9,2.4321875212573927,0.4693217667665841,1,559.0,824.6956493854523,1.4753052761814889,3.2051174640655518,0.0,1.4753052761814889,150.0,87.85816693305969,0.5857211128870646,2.3746395111083984,3.304762369791667,3.8904834826787313,44.0,11.679823637008667,0.26545053720474243,0.942631721496582,4.298065803267739,4.563516340472481,99.53799057006836,194.0,560
