H0_count,H0_sum_persistence,H0_mean_persistence,H0_max_persistence,H0_birth_mean,H0_death_mean,H1_count,H1_sum_persistence,H1_mean_persistence,H1_max_persistence,H1_birth_mean,H1_death_mean,H2_count,H2_sum_persistence,H2_mean_persistence,H2_max_persistence,H2_birth_mean,H2_death_mean,H1H2_sum_persistence,H1H2_count,n_mut_chain_residues,n_partner_residues,n_mut_chain_points,n_partner_points,n_interface_points,mutation,pdb_file,total_score,complex_normalized,dG_cross,dG_cross/dSASAx100,dG_separated,dG_separated/dSASAx100,dSASA_hphobic,dSASA_int,dSASA_polar,delta_unsatHbonds,dslf_fa13,fa_atr,fa_dun,fa_elec,fa_intra_rep,fa_intra_sol_xover4,fa_rep,fa_sol,hbond_E_fraction,hbond_bb_sc,hbond_lr_bb,hbond_sc,hbond_sr_bb,hbonds_int,lk_ball_wtd,nres_all,nres_int,omega,p_aa_pp,packstat,per_residue_energy_int,pro_close,rama_prepro,ref,sc_value,side1_normalized,side1_score,side2_normalized,side2_score,yhh_planarity,description,score_file,_key,score,ll,generation,run,quality_rank
539.0,793.3501436710358,1.4718926598720514,3.2523319721221924,0.0,1.4718926598720514,143.0,88.50668740272522,0.6189278839351414,2.2034502029418945,3.310777075640805,3.9297049595759463,46.0,12.234432220458984,0.2659659178360649,0.9930686950683594,4.405317519022071,4.671283436858135,100.7411196231842,189.0,38,38,277,263,540,run12_g1_g1_21,bi-obj/run12/g1/g1_21.pdb,-426.65,-1.586,-17.328,-0.789,-3.916,-0.178,1073.692,2197.085,1123.393,33.0,-1.854,-1282.746,221.936,-322.487,2.201,31.478,164.857,757.155,0.963,-44.011,-57.557,-29.061,-53.21,5.0,-35.559,269.0,79.0,50.679,-50.543,0.672,-2.132,5.621,42.202,173.38,0.617,-1.969,-74.83,-2.283,-93.599,0.869,temp_g1_11_0001,bi-obj/run12/g1/g1_21.pdb.sc,run12_g1_g1_21,-0.178,-0.8492355346679688,1,12,22
553.0,815.6822643280029,1.4750131362170036,3.205117464065552,0.0,1.4750131362170036,152.0,90.39412760734558,0.594698207943063,2.410245656967163,3.2723556537377205,3.867053861680784,48.0,12.77084755897522,0.2660593241453171,0.9065937995910645,4.371554493904114,4.637613818049431,103.1649751663208,200.0,38,39,284,270,554,run12_g1_g1_24,bi-obj/run12/g1/g1_24.pdb,-375.468,-1.396,-20.209,-0.858,0.843,0.036,1168.392,2356.208,1187.816,28.0,-1.808,-1298.45,224.836,-314.761,2.064,32.38,187.19,755.75,-9.131,-38.905,-56.587,-24.05,-53.912,9.0,-34.533,269.0,80.0,62.891,-49.015,0.736,-1.547,9.139,46.754,174.9,0.64,-1.106,-42.01,-1.947,-81.777,0.649,temp_g1_07_0001,bi-obj/run12/g1/g1_24.pdb.sc,run12_g1_g1_24,0.036,0.2613487243652344,1,12,13
551.0,810.554391503334,1.4710606016394447,3.2851128578186035,0.0,1.4710606016394447,146.0,85.24907577037811,0.5838977792491652,2.5219104290008545,3.2825627792371463,3.866460558486311,47.0,9.70497226715088,0.206488771641508,1.2118597030639648,4.449003118149777,4.655491889791286,94.954048037529,193.0,38,40,273,279,552,run12_g10_g10_10,bi-obj/run12/g10/g10_10.pdb,-467.013,-1.736,-49.076,-2.251,-38.985,-1.788,1075.949,2180.48,1104.53,27.0,-1.955,-1299.791,212.132,-323.591,2.17,31.06,150.929,756.3,0.238,-49.451,-62.78,-21.669,-56.31,10.0,-36.736,269.0,79.0,41.253,-49.442,0.698,-2.232,21.493,43.71,175.124,0.695,-2.005,-76.177,-2.442,-100.129,0.541,temp_g10_19_0001,bi-obj/run12/g10/g10_10.pdb.sc,run12_g10_g10_10,-1.788,-0.3318710327148437,10,12,16
546.0,804.0491572618484,1.4726175041425795,3.454505920410156,0.0,1.4726175041425795,148.0,83.47281754016876,0.5640055239200592,2.871953248977661,3.324721517595085,3.888727041515144,41.0,9.957485437393188,0.2428654984730046,1.3663034439086914,4.335134029388428,4.577999527861432,93.43030297756196,189.0,38,39,277,270,547,run12_g10_g10_11,bi-obj/run12/g10/g10_11.pdb,-472.913,-1.758,-52.984,-2.305,-45.243,-1.968,1273.24,2298.587,1025.347,20.0,-1.759,-1282.411,213.675,-323.437,2.171,31.662,141.511,746.971,0.204,-50.34,-61.42,-21.496,-55.631,10.0,-37.079,269.0,79.0,45.333,-50.162,0.662,-2.64,18.065,36.044,174.805,0.662,-2.502,-97.587,-2.775,-110.998,0.586,temp_g10_02_0001,bi-obj/run12/g10/g10_11.pdb.sc,run12_g10_g10_11,-1.968,0.5023136138916016,10,12,5
536.0,790.8109585046768,1.47539357929977,3.355527400970459,0.0,1.47539357929977,150.0,86.61122715473175,0.577408181031545,1.9147143363952637,3.315249189535777,3.892657370567322,35.0,10.85215950012207,0.3100617000034877,1.3490943908691406,4.2492505550384525,4.55931225504194,97.46338665485382,185.0,38,38,274,263,537,run12_g10_g10_18,bi-obj/run12/g10/g10_18.pdb,-456.445,-1.697,-53.422,-2.304,-46.495,-2.005,1219.196,2319.003,1099.807,19.0,-1.873,-1281.923,215.819,-327.36,2.093,32.428,142.822,754.879,0.221,-53.009,-60.39,-22.789,-57.071,11.0,-36.743,269.0,80.0,45.23,-49.976,0.698,-2.441,25.454,39.612,175.815,0.646,-2.312,-90.181,-2.564,-105.116,0.537,temp_g10_13_0001,bi-obj/run12/g10/g10_18.pdb.sc,run12_g10_g10_18,-2.005,0.1634559631347656,10,12,10
542.0,797.8337491750717,1.4720179874078814,3.4711060523986816,0.0,1.4720179874078814,137.0,81.33536803722382,0.5936888177899549,2.2620396614074707,3.3545370650117414,3.948225882801697,41.0,11.690202474594116,0.2851268896242467,1.0887441635131836,4.353850888042915,4.6389777776671615,93.02557051181792,178.0,38,39,271,272,543,run12_g10_g10_19,bi-obj/run12/g10/g10_19.pdb,-488.501,-1.816,-52.647,-2.281,-45.945,-1.99,1120.851,2308.445,1187.594,23.0,-1.834,-1277.507,203.383,-341.01,2.212,31.353,140.96,755.938,0.303,-50.624,-66.118,-28.939,-58.189,13.0,-34.537,269.0,76.0,37.129,-47.57,0.727,-2.719,28.334,42.431,175.424,0.636,-2.585,-95.629,-2.846,-111.008,0.663,temp_g10_20_0001,bi-obj/run12/g10/g10_19.pdb.sc,run12_g10_g10_19,-1.99,-0.2686347961425781,10,12,14
528.0,779.2653167247772,1.4758812816757143,3.413102388381958,0.0,1.4758812816757143,139.0,81.66705667972565,0.5875327818685299,2.4426660537719727,3.3425331124298863,3.930065894298416,40.0,11.151535749435425,0.2787883937358856,0.8442115783691406,4.357276910543442,4.636065304279327,92.81859242916109,179.0,38,38,266,263,529,run12_g10_g10_2,bi-obj/run12/g10/g10_2.pdb,-476.108,-1.77,-56.831,-2.616,-41.715,-1.92,1110.718,2172.484,1061.766,19.0,-0.826,-1282.673,209.544,-334.983,2.156,30.565,144.618,756.247,0.347,-48.944,-65.349,-26.665,-56.536,15.0,-34.357,269.0,79.0,43.18,-52.598,0.703,-2.502,26.62,39.519,173.762,0.685,-2.05,-75.847,-2.9,-121.801,0.611,temp_g10_04_0001,bi-obj/run12/g10/g10_2.pdb.sc,run12_g10_g10_2,-1.92,-0.3912944793701172,10,12,16
536.0,789.8397456407547,1.473581615001408,3.33253812789917,0.0,1.473581615001408,143.0,87.36034822463989,0.6109115260464328,2.2408134937286377,3.262860381519878,3.87377190756631,48.0,9.720617532730104,0.2025128652652104,1.2239713668823242,4.4461323817571,4.648645247022311,97.08096575737,191.0,38,39,267,270,537,run12_g10_g10_21,bi-obj/run12/g10/g10_21.pdb,-446.355,-1.659,-47.733,-2.213,-35.248,-1.634,1065.647,2156.825,1091.178,24.0,-1.969,-1293.616,213.854,-319.861,2.137,30.362,153.392,748.28,0.278,-44.829,-64.131,-21.977,-55.709,11.0,-35.592,269.0,76.0,44.227,-51.655,0.693,-2.187,27.744,43.5,178.95,0.699,-1.878,-67.599,-2.466,-98.622,0.539,temp_g10_24_0001,bi-obj/run12/g10/g10_21.pdb.sc,run12_g10_g10_21,-1.634,0.5619735717773438,10,12,8
544.0,800.1459506750107,1.470856526976123,3.28822660446167,0.0,1.470856526976123,151.0,87.87963426113129,0.581984332855174,2.052295446395874,3.347740205707929,3.929724538563103,44.0,11.721787929534912,0.2664042711257934,1.4901137351989746,4.205748455090956,4.472152726216749,99.6014221906662,195.0,38,38,282,263,545,run12_g10_g10_22,bi-obj/run12/g10/g10_22.pdb,-463.355,-1.723,-47.26,-2.097,-35.788,-1.588,1166.431,2253.153,1086.722,26.0,-0.826,-1293.529,215.745,-323.184,2.315,31.692,154.07,747.568,0.212,-47.223,-62.888,-19.886,-56.01,9.0,-36.748,269.0,79.0,49.731,-51.711,0.721,-2.414,10.924,39.571,176.152,0.672,-2.108,-80.111,-2.697,-110.596,0.881,temp_g10_01_0001,bi-obj/run12/g10/g10_22.pdb.sc,run12_g10_g10_22,-1.588,-0.7698078155517578,10,12,19
538.0,792.5876045227051,1.473211160822872,3.099545478820801,0.0,1.473211160822872,144.0,88.68698871135712,0.6158818660510911,2.2255237102508545,3.3280142173171043,3.943896083368195,42.0,12.500503778457642,0.2976310423442295,1.5788493156433103,4.297156271480379,4.594787313824608,101.18749248981476,186.0,38,38,276,263,539,run12_g11_g11_1,bi-obj/run12/g11/g11_1.pdb,-474.899,-1.765,-53.738,-2.357,-45.526,-1.997,1156.466,2279.516,1123.049,25.0,-0.826,-1291.205,204.46,-324.533,2.194,32.012,139.975,744.661,0.189,-42.927,-61.887,-25.689,-58.242,10.0,-34.745,269.0,80.0,43.931,-48.741,0.657,-2.608,30.061,40.661,175.375,0.648,-2.51,-95.382,-2.697,-113.267,0.565,temp_g11_00_0001,bi-obj/run12/g11/g11_1.pdb.sc,run12_g11_g11_1,-1.997,-0.3081836700439453,11,12,14
548.0,807.734382390976,1.473967851078423,3.106543779373169,0.0,1.473967851078423,141.0,86.5433943271637,0.6137829384905227,2.3351104259490967,3.2834378472456693,3.897220785736192,44.0,12.324703454971312,0.2801068967038935,0.9993977546691896,4.304867018352855,4.584973915056749,98.868097782135,185.0,38,39,277,272,549,run12_g11_g11_12,bi-obj/run12/g11/g11_12.pdb,-424.23,-1.577,-43.444,-1.873,-28.97,-1.249,1164.651,2319.952,1155.302,40.0,-1.844,-1283.501,205.856,-301.127,2.126,30.92,152.762,730.952,0.239,-42.135,-59.484,-21.274,-55.564,8.0,-35.935,269.0,80.0,49.803,-48.317,0.754,-2.142,23.983,47.716,180.279,0.667,-1.735,-67.675,-2.528,-103.668,0.553,temp_g11_23_0001,bi-obj/run12/g11/g11_12.pdb.sc,run12_g11_g11_12,-1.249,-0.2701187133789062,11,12,19
528.0,778.898705124855,1.4751869415243466,3.34053897857666,0.0,1.4751869415243466,142.0,84.5164510011673,0.5951862746561077,2.2408134937286377,3.3000618194190547,3.895248094075163,43.0,9.450830698013306,0.2197867604189141,1.2717738151550293,4.466829915379369,4.686616675798283,93.9672816991806,185.0,38,39,259,270,529,run12_g11_g11_13,bi-obj/run12/g11/g11_13.pdb,-439.178,-1.633,-49.93,-2.356,-37.395,-1.765,1039.997,2119.0,1079.003,24.0,-1.988,-1282.133,211.8,-322.407,2.11,30.274,148.148,747.369,0.279,-47.793,-63.347,-22.516,-57.077,12.0,-34.27,269.0,76.0,44.632,-52.559,0.686,-2.161,37.955,42.922,179.166,0.689,-1.935,-69.649,-2.365,-94.592,0.537,temp_g11_21_0001,bi-obj/run12/g11/g11_13.pdb.sc,run12_g11_g11_13,-1.765,-0.07427978515625,11,12,15
553.0,813.4854060411453,1.471040517253427,3.28822660446167,0.0,1.471040517253427,152.0,89.7177050113678,0.5902480592853144,2.5826008319854736,3.2996525325273214,3.889900591812636,43.0,11.52232789993286,0.267961113951927,1.394629955291748,4.141449795212856,4.409410909164784,101.24003291130066,195.0,38,39,284,270,554,run12_g11_g11_16,bi-obj/run12/g11/g11_16.pdb,-467.652,-1.738,-50.595,-2.199,-42.109,-1.83,1169.225,2301.005,1131.78,17.0,-0.826,-1289.835,212.411,-314.611,2.242,31.286,151.842,740.274,0.204,-48.158,-63.187,-20.068,-56.067,10.0,-38.4,269.0,78.0,49.617,-53.775,0.726,-2.546,16.165,37.539,175.065,0.654,-2.132,-80.997,-2.939,-117.579,0.834,temp_g11_24_0001,bi-obj/run12/g11/g11_16.pdb.sc,run12_g11_g11_16,-1.83,-0.4879951477050781,11,12,17
543.0,799.5018774271011,1.4723791481162083,3.450584650039673,0.0,1.4723791481162083,144.0,82.8382089138031,0.5752653396791882,2.333621025085449,3.3218129807048373,3.8970783203840256,40.0,10.961441040039062,0.2740360260009765,0.8703341484069824,4.331975573301316,4.606011599302292,93.79964995384216,184.0,38,39,272,272,544,run12_g11_g11_17,bi-obj/run12/g11/g11_17.pdb,-502.085,-1.866,-58.572,-2.643,-49.9,-2.251,1048.596,2216.391,1167.795,19.0,-1.856,-1288.158,200.825,-340.805,2.108,29.938,144.193,748.89,0.31,-52.908,-66.651,-28.973,-57.837,14.0,-34.115,269.0,76.0,40.536,-49.266,0.709,-2.823,30.222,42.038,179.033,0.67,-2.415,-89.359,-3.21,-125.206,0.699,temp_g11_06_0001,bi-obj/run12/g11/g11_17.pdb.sc,run12_g11_g11_17,-2.251,-0.2958869934082031,11,12,10
547.0,804.8832312822342,1.4714501485964062,3.2851128578186035,0.0,1.4714501485964062,141.0,83.48223090171814,0.5920725595866535,2.0162487030029297,3.2744646562752147,3.866537215861869,42.0,8.580639839172363,0.2043009485517229,1.2004318237304688,4.397187567892528,4.601488516444252,92.0628707408905,183.0,38,40,269,279,548,run12_g11_g11_19,bi-obj/run12/g11/g11_19.pdb,-447.376,-1.663,-52.086,-2.399,-40.954,-1.886,1132.184,2171.424,1039.241,24.0,-1.958,-1296.194,211.649,-320.639,2.209,31.598,151.079,750.774,0.257,-46.387,-63.809,-20.167,-56.344,12.0,-35.843,269.0,79.0,46.354,-48.235,0.694,-2.158,25.408,43.807,178.791,0.679,-1.974,-73.042,-2.32,-97.439,0.532,temp_g11_15_0001,bi-obj/run12/g11/g11_19.pdb.sc,run12_g11_g11_19,-1.886,-0.0237236022949218,11,12,13
548.0,805.6597347259521,1.4701819976750952,3.315999746322632,0.0,1.4701819976750952,153.0,90.09894871711732,0.5888820177589367,2.587679624557495,3.3406007679459315,3.929482785704869,41.0,12.11780858039856,0.2955563068389892,1.5858449935913086,4.227337558095048,4.522893864934037,102.21675729751588,194.0,38,38,286,263,549,run12_g11_g11_22,bi-obj/run12/g11/g11_22.pdb,-491.054,-1.825,-54.995,-2.431,-48.28,-2.134,1287.03,2261.965,974.936,22.0,-0.826,-1302.587,213.816,-327.514,2.37,32.035,150.674,741.433,0.122,-44.103,-62.308,-19.01,-57.004,7.0,-37.285,269.0,79.0,43.607,-56.17,0.699,-2.699,16.048,36.851,178.112,0.627,-2.326,-90.72,-3.063,-122.501,0.807,temp_g11_05_0001,bi-obj/run12/g11/g11_22.pdb.sc,run12_g11_g11_22,-2.134,-0.1499214172363281,11,12,11
537.0,790.8356951475143,1.4726921697346635,3.2851128578186035,0.0,1.4726921697346635,137.0,84.79974579811096,0.6189762467015398,2.2408134937286377,3.283910084814921,3.9028863315164606,36.0,9.083889245986938,0.2523302568329705,0.8359570503234863,4.341853062311809,4.594183319144779,93.8836350440979,173.0,38,39,268,270,538,run12_g11_g11_5,bi-obj/run12/g11/g11_5.pdb,-447.994,-1.665,-47.912,-2.207,-35.304,-1.627,1055.432,2170.533,1115.1,24.0,-1.955,-1293.351,214.392,-324.42,2.127,30.359,151.272,756.457,0.28,-46.895,-64.109,-22.147,-55.997,11.0,-34.933,269.0,77.0,44.817,-49.841,0.733,-2.138,25.788,42.718,177.185,0.693,-1.869,-67.288,-2.375,-97.369,0.541,temp_g11_17_0001,bi-obj/run12/g11/g11_5.pdb.sc,run12_g11_g11_5,-1.627,-0.0907878875732421,11,12,16
535.0,788.5196968317032,1.473868592208791,3.3396432399749756,0.0,1.473868592208791,139.0,85.51471400260925,0.6152137698029443,2.2408134937286377,3.289847367101436,3.90506113690438,43.0,8.976475715637207,0.2087552492008652,0.8502192497253418,4.4499878938808,4.658743143081665,94.49118971824646,182.0,38,40,258,278,536,run12_g12_g12_10,bi-obj/run12/g12/g12_10.pdb,-452.978,-1.684,-49.404,-2.317,-38.401,-1.801,1071.168,2132.304,1061.136,24.0,-1.988,-1284.856,214.599,-326.658,2.117,30.306,147.55,750.445,0.272,-50.099,-63.973,-24.253,-57.026,12.0,-33.523,269.0,74.0,45.487,-51.66,0.695,-2.339,26.293,43.205,180.519,0.695,-1.98,-69.294,-2.662,-103.82,0.537,temp_g12_13_0001,bi-obj/run12/g12/g12_10.pdb.sc,run12_g12_g12_10,-1.801,0.6063022613525391,12,12,6
544.0,801.0832439661026,1.4725794925847475,3.28822660446167,0.0,1.4725794925847475,147.0,88.25264799594879,0.6003581496323047,2.5826008319854736,3.3249694368466227,3.925327586478927,42.0,11.387382984161375,0.2711281662895566,1.519881248474121,4.22384892758869,4.494977093878246,99.64003098011015,189.0,38,38,282,263,545,run12_g12_g12_14,bi-obj/run12/g12/g12_14.pdb,-479.982,-1.784,-51.939,-2.261,-42.304,-1.842,1147.88,2297.101,1149.221,20.0,-0.826,-1289.405,209.194,-322.446,2.238,30.606,150.834,741.319,0.194,-48.838,-64.543,-20.436,-56.191,9.0,-37.425,269.0,78.0,49.932,-54.325,0.729,-2.632,16.165,37.216,176.115,0.643,-2.136,-81.182,-3.102,-124.076,0.834,temp_g12_16_0001,bi-obj/run12/g12/g12_14.pdb.sc,run12_g12_g12_14,-1.842,-0.6251811981201172,12,12,17
541.0,796.5083026885986,1.4722889143966702,3.450584650039673,0.0,1.4722889143966702,143.0,82.7203140258789,0.5784637344467056,2.335179567337036,3.321356314879197,3.899820049325903,43.0,11.095632791519163,0.2580379718957945,0.8703341484069824,4.351759832958843,4.609797804854637,93.81594681739809,186.0,38,39,270,272,542,run12_g12_g12_15,bi-obj/run12/g12/g12_15.pdb,-500.405,-1.86,-58.537,-2.651,-49.885,-2.259,1037.297,2208.277,1170.98,19.0,-1.856,-1287.632,200.675,-339.977,2.11,29.853,144.793,748.062,0.309,-53.016,-66.606,-28.972,-57.836,14.0,-34.097,269.0,75.0,40.576,-50.292,0.756,-2.821,30.222,42.747,180.121,0.669,-2.417,-89.412,-3.215,-122.182,0.721,temp_g12_17_0001,bi-obj/run12/g12/g12_15.pdb.sc,run12_g12_g12_15,-2.259,0.3223438262939453,12,12,6
544.0,800.7705625295639,1.4720047105322869,3.450584650039673,0.0,1.4720047105322869,143.0,84.85518562793732,0.5933929064890722,2.1462464332580566,3.2994846889189073,3.8928775954079793,48.0,12.446847677230837,0.2593093266089757,0.8479981422424316,4.35997249186039,4.619281818469365,97.30203330516817,191.0,38,39,273,272,545,run12_g12_g12_16,bi-obj/run12/g12/g12_16.pdb,-477.785,-1.776,-56.345,-2.513,-46.362,-2.068,1030.856,2242.088,1211.232,20.0,-0.826,-1288.556,207.07,-329.067,2.215,31.055,145.105,755.36,0.327,-50.197,-65.378,-27.851,-57.337,16.0,-35.988,269.0,76.0,40.779,-48.197,0.752,-2.604,29.607,42.299,171.543,0.682,-2.223,-82.257,-2.966,-115.664,0.58,temp_g12_14_0001,bi-obj/run12/g12/g12_16.pdb.sc,run12_g12_g12_16,-2.068,1.3534526824951172,12,12,3
544.0,800.152051448822,1.470867741633864,3.0896780490875244,0.0,1.470867741633864,147.0,84.77994346618652,0.5767343092937859,2.2255237102508545,3.3375910723290474,3.9143253816228336,47.0,10.26127791404724,0.2183250620010051,0.897799015045166,4.347504194746626,4.565829256747631,95.04122138023376,194.0,38,38,282,263,545,run12_g12_g12_19,bi-obj/run12/g12/g12_19.pdb,-472.775,-1.758,-54.711,-2.441,-40.271,-1.797,1094.031,2241.356,1147.325,22.0,-0.826,-1299.394,212.859,-342.85,2.177,33.208,146.074,765.304,0.264,-47.381,-61.628,-25.598,-57.131,12.0,-33.935,269.0,80.0,45.118,-50.985,0.733,-2.57,30.061,40.208,171.343,0.664,-2.294,-87.156,-2.821,-118.483,0.601,temp_g12_00_0001,bi-obj/run12/g12/g12_19.pdb.sc,run12_g12_g12_19,-1.797,-0.0419635772705078,12,12,14
530.0,783.7020652294159,1.478683141942294,3.4005658626556396,0.0,1.478683141942294,140.0,81.24397003650665,0.5803140716893332,2.378483295440674,3.371675115823746,3.951989187513079,40.0,11.10201382637024,0.2775503456592559,1.016404628753662,4.393320828676224,4.670871174335479,92.34598386287688,180.0,38,38,267,264,531,run12_g12_g12_3,bi-obj/run12/g12/g12_3.pdb,-471.536,-1.753,-55.96,-2.494,-49.373,-2.2,1194.208,2244.095,1049.887,31.0,-1.835,-1274.029,197.061,-309.723,2.203,30.946,133.971,719.171,0.192,-47.092,-62.427,-22.786,-57.196,10.0,-35.647,269.0,79.0,42.276,-47.466,0.673,-2.489,33.657,44.214,182.54,0.684,-2.432,-92.415,-2.543,-104.255,0.626,temp_g12_06_0001,bi-obj/run12/g12/g12_3.pdb.sc,run12_g12_g12_3,-2.2,-0.1509284973144531,12,12,9
551.0,809.9046722650528,1.4698814378676095,3.1472365856170654,0.0,1.4698814378676095,149.0,87.0727310180664,0.584380745087694,2.2230446338653564,3.2675783202152124,3.8519590653029065,51.0,12.446510076522827,0.2440492171867221,1.3428349494934082,4.336229899350335,4.580279116537056,99.51924109458923,200.0,38,39,282,270,552,run12_g13_g13_18,bi-obj/run12/g13/g13_18.pdb,-500.184,-1.859,-55.333,-2.499,-48.317,-2.182,1166.997,2214.214,1047.217,36.0,-1.892,-1310.938,201.063,-320.711,2.202,30.503,146.41,750.054,0.218,-51.152,-64.169,-23.619,-58.542,10.0,-36.561,269.0,79.0,42.954,-51.011,0.715,-2.836,27.257,38.618,178.781,0.691,-2.687,-102.119,-2.973,-121.898,0.571,temp_g13_09_0001,bi-obj/run12/g13/g13_18.pdb.sc,run12_g13_g13_18,-2.182,0.1811504364013672,13,12,9
531.0,785.162683725357,1.4786491218933278,3.4005658626556396,0.0,1.4786491218933278,143.0,82.02080273628235,0.5735720471068696,2.3728184700012207,3.366331787376137,3.9399038344830064,41.0,11.1430766582489,0.2717823575182659,1.016404628753662,4.354398099387565,4.62618045690583,93.16387939453124,184.0,38,38,268,264,532,run12_g13_g13_24,bi-obj/run12/g13/g13_24.pdb,-471.901,-1.754,-55.841,-2.503,-48.768,-2.186,1168.935,2231.199,1062.264,31.0,-1.839,-1272.54,197.123,-307.319,2.212,30.445,133.372,716.038,0.195,-46.381,-62.674,-22.8,-57.407,10.0,-36.295,269.0,78.0,43.061,-48.021,0.71,-2.473,32.761,44.517,183.217,0.679,-2.431,-92.376,-2.512,-100.489,0.629,temp_g13_03_0001,bi-obj/run12/g13/g13_24.pdb.sc,run12_g13_g13_24,-2.186,-0.5710353851318359,13,12,13
536.0,789.807329416275,1.4735211369706624,3.450584650039673,0.0,1.4735211369706624,137.0,82.39994490146637,0.601459451835521,2.1735963821411133,3.323961445014842,3.925420896850363,47.0,12.130735874176024,0.258100763280341,0.9394364356994628,4.413369412117816,4.671470175398157,94.5306807756424,184.0,38,39,265,272,537,run12_g13_g13_3,bi-obj/run12/g13/g13_3.pdb,-493.543,-1.835,-61.596,-2.704,-52.015,-2.283,1070.367,2278.152,1207.785,16.0,-0.826,-1274.806,205.439,-333.717,2.179,30.372,141.96,753.558,0.334,-51.169,-68.683,-27.715,-58.627,18.0,-35.968,269.0,77.0,35.296,-51.975,0.705,-2.723,26.644,42.161,171.759,0.651,-2.443,-90.401,-2.983,-119.308,0.574,temp_g13_16_0001,bi-obj/run12/g13/g13_3.pdb.sc,run12_g13_g13_3,-2.283,-0.4384021759033203,13,12,9
536.0,790.2198468446732,1.4742907590385694,3.34053897857666,0.0,1.4742907590385694,146.0,82.79021489620209,0.5670562664123431,2.536942720413208,3.328010969782529,3.895067236194872,43.0,9.636625528335571,0.2241075704264086,1.2717738151550293,4.473269118819126,4.697376689245535,92.42684042453766,189.0,38,40,258,279,537,run12_g13_g13_4,bi-obj/run12/g13/g13_4.pdb,-458.696,-1.705,-53.124,-2.497,-43.615,-2.05,1052.76,2127.115,1074.355,26.0,-1.988,-1279.62,207.635,-325.0,2.088,30.191,145.22,747.181,0.236,-51.472,-63.594,-22.105,-57.74,11.0,-34.87,269.0,78.0,40.686,-52.538,0.666,-2.271,37.955,42.5,176.233,0.69,-2.039,-77.497,-2.491,-99.624,0.541,temp_g13_22_0001,bi-obj/run12/g13/g13_4.pdb.sc,run12_g13_g13_4,-2.05,0.2202529907226562,13,12,9
528.0,778.1795443296432,1.4738248945637182,3.34932017326355,0.0,1.4738248945637182,145.0,81.77362132072449,0.5639560091084448,2.536942720413208,3.3310961410917086,3.8950521502001534,42.0,9.080212593078612,0.2161955379304431,0.9123663902282716,4.46542873836699,4.681624276297433,90.8538339138031,187.0,38,39,258,271,529,run12_g14_g14_11,bi-obj/run12/g14/g14_11.pdb,-468.23,-1.741,-54.821,-2.585,-45.372,-2.139,1048.43,2121.015,1072.584,26.0,-0.942,-1272.368,203.031,-326.74,2.098,30.167,141.992,747.879,0.232,-52.155,-63.53,-22.087,-57.796,11.0,-34.462,269.0,78.0,36.905,-52.862,0.657,-2.342,37.846,41.566,172.689,0.691,-2.083,-79.152,-2.588,-103.509,0.541,temp_g14_04_0001,bi-obj/run12/g14/g14_11.pdb.sc,run12_g14_g14_11,-2.139,1.8509788513183596,14,12,2
535.0,788.202739238739,1.4732761481097925,3.099545478820801,0.0,1.4732761481097925,140.0,86.12460541725159,0.6151757529803685,2.2255237102508545,3.3257694584982738,3.940945211478642,43.0,11.7141432762146,0.2724219366561535,0.897799015045166,4.347805183987285,4.620227120643438,97.8387486934662,183.0,38,38,273,263,536,run12_g14_g14_13,bi-obj/run12/g14/g14_13.pdb,-484.316,-1.8,-56.069,-2.449,-49.722,-2.172,1189.751,2289.23,1099.479,26.0,-0.944,-1284.433,197.21,-316.812,2.174,31.692,135.494,734.747,0.166,-41.014,-63.335,-24.285,-58.848,9.0,-36.699,269.0,80.0,38.979,-48.303,0.718,-2.632,33.578,40.902,175.021,0.638,-2.7,-102.594,-2.57,-107.955,0.557,temp_g14_01_0001,bi-obj/run12/g14/g14_13.pdb.sc,run12_g14_g14_13,-2.172,-0.2431240081787109,14,12,11
550.0,811.0072575807571,1.474558650146831,3.373741388320923,0.0,1.474558650146831,148.0,85.0742689371109,0.5748261414669655,2.3746395111083984,3.334484732634313,3.909310874101278,43.0,12.357870817184448,0.2873923445856848,1.0269365310668943,4.327286542848099,4.614678887433784,97.43213975429536,191.0,38,39,279,272,551,run12_g14_g14_18,bi-obj/run12/g14/g14_18.pdb,-419.421,-1.559,-45.406,-2.002,-29.093,-1.283,1188.399,2268.039,1079.64,32.0,-1.844,-1287.256,215.16,-315.659,2.139,32.287,154.744,739.434,0.25,-46.844,-59.229,-21.391,-54.885,8.0,-34.99,269.0,78.0,50.787,-49.811,0.745,-2.069,30.823,48.025,178.423,0.659,-1.692,-62.609,-2.409,-98.754,0.664,temp_g14_23_0001,bi-obj/run12/g14/g14_18.pdb.sc,run12_g14_g14_18,-1.283,0.15728759765625,14,12,12
545.0,801.3410571813583,1.47035056363552,3.4677393436431885,0.0,1.47035056363552,144.0,83.49835729598999,0.5798497034443749,3.027132034301758,3.3338222901026406,3.913671993547016,41.0,10.804948806762695,0.2635353367503096,0.970522403717041,4.324114956506869,4.5876502932571785,94.30330610275269,185.0,38,39,274,272,546,run12_g14_g14_2,bi-obj/run12/g14/g14_2.pdb,-509.447,-1.894,-54.994,-2.452,-47.413,-2.114,1080.339,2242.758,1162.419,20.0,-1.776,-1293.315,201.172,-343.415,2.196,30.131,145.3,752.963,0.288,-53.746,-66.26,-28.924,-58.196,12.0,-33.265,269.0,75.0,38.778,-48.055,0.748,-2.912,28.11,40.158,177.945,0.686,-2.559,-92.116,-3.238,-126.301,0.751,temp_g14_08_0001,bi-obj/run12/g14/g14_2.pdb.sc,run12_g14_g14_2,-2.114,0.3459281921386719,14,12,7
548.0,807.0203793048859,1.472664925738843,3.454505920410156,0.0,1.472664925738843,148.0,83.498202085495,0.5641770411182094,2.632429599761963,3.3245541469470874,3.888731188065297,41.0,10.310229301452637,0.2514690073525033,1.3663034439086914,4.2815006651529455,4.532969672505448,93.80843138694765,189.0,38,39,279,270,549,run12_g14_g14_20,bi-obj/run12/g14/g14_20.pdb,-476.213,-1.77,-52.249,-2.294,-46.21,-2.029,1176.998,2277.632,1100.634,18.0,-1.761,-1287.388,214.98,-325.23,2.198,31.844,143.627,749.603,0.196,-50.25,-61.903,-22.154,-55.658,10.0,-37.461,269.0,79.0,41.292,-50.951,0.662,-2.599,23.565,35.116,173.717,0.668,-2.458,-95.855,-2.736,-109.438,0.602,temp_g14_19_0001,bi-obj/run12/g14/g14_20.pdb.sc,run12_g14_g14_20,-2.029,-0.0762176513671875,14,12,12
553.0,812.7094979286194,1.4696374284423497,3.127643585205078,0.0,1.4696374284423497,148.0,87.05878901481628,0.5882350609109208,2.2230446338653564,3.2642102160969295,3.8524452770078503,50.0,12.37663960456848,0.2475327920913696,1.3428349494934082,4.3167140626907345,4.5642468547821045,99.43542861938477,198.0,38,39,284,270,554,run12_g14_g14_21,bi-obj/run12/g14/g14_21.pdb,-505.627,-1.88,-55.005,-2.477,-50.259,-2.263,1179.921,2221.05,1041.13,36.0,-1.892,-1311.468,201.472,-327.581,2.202,30.52,145.951,754.787,0.21,-51.077,-64.102,-25.086,-58.232,10.0,-35.333,269.0,79.0,43.006,-52.055,0.742,-2.854,27.257,37.742,177.693,0.683,-2.675,-101.639,-3.021,-123.855,0.571,temp_g14_18_0001,bi-obj/run12/g14/g14_21.pdb.sc,run12_g14_g14_21,-2.263,-0.1702346801757812,14,12,9
526.0,778.3706061840057,1.4797920269657905,3.4005658626556396,0.0,1.4797920269657905,140.0,78.4065192937851,0.5600465663841793,2.378483295440674,3.3807448736258916,3.940791440010071,38.0,10.416931390762327,0.2741297734411139,1.016404628753662,4.369772653830679,4.643902427271793,88.82345068454742,178.0,38,38,263,264,527,run12_g14_g14_22,bi-obj/run12/g14/g14_22.pdb,-479.865,-1.784,-58.808,-2.649,-51.191,-2.306,1225.668,2219.613,993.945,28.0,-1.835,-1269.706,194.802,-310.07,2.178,30.24,133.399,712.635,0.208,-48.773,-62.882,-21.036,-57.29,11.0,-35.489,269.0,78.0,41.212,-49.83,0.716,-2.552,33.657,43.63,184.679,0.682,-2.474,-94.019,-2.627,-105.074,0.613,temp_g14_02_0001,bi-obj/run12/g14/g14_22.pdb.sc,run12_g14_g14_22,-2.306,-0.0627899169921875,14,12,7
517.0,763.7374118566513,1.477248378832981,3.446108818054199,0.0,1.477248378832981,138.0,81.26922655105591,0.5889074387757675,2.5085625648498535,3.308728223261626,3.8976356620373935,39.0,10.87883162498474,0.2789444006406344,0.8177499771118164,4.273165910671919,4.552110311312553,92.14805817604064,177.0,38,37,263,255,518,run12_g14_g14_4,bi-obj/run12/g14/g14_4.pdb,-481.813,-1.791,-59.239,-2.668,-51.277,-2.309,1172.266,2220.299,1048.033,18.0,-1.86,-1274.744,197.892,-321.113,2.192,29.902,141.274,737.354,0.251,-51.18,-65.164,-24.54,-59.24,13.0,-35.165,269.0,78.0,36.588,-50.529,0.681,-2.829,39.426,40.042,176.267,0.674,-2.792,-100.498,-2.86,-120.136,0.783,temp_g14_16_0001,bi-obj/run12/g14/g14_4.pdb.sc,run12_g14_g14_4,-2.309,0.4314823150634765,14,12,5
553.0,813.3557398319244,1.4708060394790676,3.2851128578186035,0.0,1.4708060394790676,148.0,85.09227573871613,0.5749478090453792,2.5219104290008545,3.2917013095842824,3.866649118629662,47.0,9.662017822265623,0.2055748472822473,1.2118597030639648,4.4476781804510885,4.653253027733336,94.75429356098176,195.0,38,40,275,279,554,run12_g14_g14_9,bi-obj/run12/g14/g14_9.pdb,-469.781,-1.746,-49.278,-2.264,-39.18,-1.8,1075.74,2176.336,1100.596,27.0,-1.955,-1301.869,212.796,-324.409,2.172,31.101,151.316,758.027,0.237,-49.484,-63.379,-21.691,-56.429,10.0,-36.689,269.0,79.0,41.248,-49.961,0.722,-2.248,21.596,43.254,174.037,0.695,-1.996,-75.848,-2.482,-101.743,0.541,temp_g14_15_0001,bi-obj/run12/g14/g14_9.pdb.sc,run12_g14_g14_9,-1.8,0.1789398193359375,14,12,10
546.0,805.3021062612534,1.474912282529768,3.373741388320923,0.0,1.474912282529768,143.0,85.77603101730347,0.5998323847363879,2.4852120876312256,3.329668942031327,3.929501326767715,41.0,12.415513753890991,0.3028174086314876,1.0269365310668943,4.319204987549201,4.622022396180688,98.19154477119446,184.0,38,39,275,272,547,run12_g15_g15_15,bi-obj/run12/g15/g15_15.pdb,-438.669,-1.631,-48.878,-2.153,-36.296,-1.599,1184.168,2270.537,1086.369,36.0,-1.844,-1281.685,203.643,-306.255,2.184,31.706,145.457,728.979,0.196,-44.598,-61.172,-21.569,-55.542,8.0,-34.805,269.0,78.0,48.484,-49.538,0.705,-2.269,30.823,45.02,181.367,0.65,-2.052,-75.924,-2.465,-101.08,0.675,temp_g15_18_0001,bi-obj/run12/g15/g15_15.pdb.sc,run12_g15_g15_15,-1.599,-0.3733177185058594,15,12,18
524.0,773.6716402769089,1.4764725959482994,3.34932017326355,0.0,1.4764725959482994,141.0,83.07860946655273,0.589209996216686,2.463035345077514,3.33453098932902,3.9237409855457064,38.0,8.371748447418213,0.2203091696689003,0.89794921875,4.457796209736874,4.678105379405775,91.45035791397096,179.0,38,39,254,271,525,run12_g15_g15_16,bi-obj/run12/g15/g15_16.pdb,-475.316,-1.767,-57.933,-2.717,-52.082,-2.443,1049.73,2132.268,1082.538,23.0,-0.942,-1264.108,194.373,-314.766,2.087,29.47,136.045,734.004,0.233,-51.853,-63.9,-20.545,-58.305,13.0,-34.893,269.0,78.0,34.338,-51.672,0.648,-2.416,37.846,41.315,175.633,0.701,-2.386,-90.659,-2.444,-97.756,0.559,temp_g15_11_0001,bi-obj/run12/g15/g15_16.pdb.sc,run12_g15_g15_16,-2.443,-0.3331413269042969,15,12,4
536.0,790.7022243738174,1.4751907171153311,3.298677682876587,0.0,1.4751907171153311,144.0,87.58599102497101,0.6082360487845209,2.2255237102508545,3.363951256705655,3.972187305490176,43.0,11.90912652015686,0.2769564307013223,0.9709315299987792,4.3420204118240715,4.618976842525393,99.49511754512788,187.0,38,38,274,263,537,run12_g15_g15_17,bi-obj/run12/g15/g15_17.pdb,-490.445,-1.823,-55.694,-2.443,-48.376,-2.122,1131.439,2279.808,1148.369,25.0,-0.826,-1283.01,197.263,-324.15,2.172,31.089,136.595,736.513,0.17,-42.441,-62.891,-25.697,-58.669,9.0,-35.325,269.0,79.0,42.695,-50.298,0.606,-2.744,30.061,39.483,176.426,0.627,-2.653,-100.803,-2.83,-116.012,0.565,temp_g15_14_0001,bi-obj/run12/g15/g15_17.pdb.sc,run12_g15_g15_17,-2.122,-0.1439399719238281,15,12,12
524.0,775.3146953582764,1.479608197248619,3.4005658626556396,0.0,1.479608197248619,138.0,77.82136118412018,0.5639229071313057,2.378483295440674,3.3653108235718547,3.92923373070316,37.0,9.890244007110596,0.2673038920840701,1.016404628753662,4.367439791962907,4.634743684046978,87.71160519123077,175.0,38,38,261,264,525,run12_g15_g15_20,bi-obj/run12/g15/g15_20.pdb,-485.334,-1.804,-59.229,-2.656,-51.654,-2.316,1229.579,2229.906,1000.327,25.0,-1.835,-1271.009,193.822,-312.133,2.174,30.219,133.866,714.124,0.208,-51.836,-62.744,-21.036,-57.154,12.0,-34.79,269.0,78.0,38.075,-49.62,0.638,-2.599,33.657,44.506,185.767,0.68,-2.617,-99.439,-2.582,-103.266,0.613,temp_g15_22_0001,bi-obj/run12/g15/g15_20.pdb.sc,run12_g15_g15_20,-2.316,0.061920166015625,15,12,5
527.0,779.6423118114471,1.4793971761128029,3.4005658626556396,0.0,1.4793971761128029,141.0,82.38318169116974,0.5842778843345372,3.094982385635376,3.3749561825542584,3.959234066888796,41.0,11.081290006637571,0.2702753660155506,1.016404628753662,4.355744809639163,4.6260201756547135,93.46447169780733,182.0,38,38,264,264,528,run12_g15_g15_21,bi-obj/run12/g15/g15_21.pdb,-472.068,-1.755,-53.995,-2.415,-47.406,-2.12,1173.732,2236.132,1062.4,29.0,-1.839,-1268.616,195.58,-311.624,2.216,29.952,133.77,715.472,0.177,-45.245,-62.741,-23.309,-57.637,9.0,-35.916,269.0,77.0,42.447,-47.543,0.641,-2.474,32.179,44.783,185.356,0.678,-2.43,-92.35,-2.517,-98.147,0.648,temp_g15_12_0001,bi-obj/run12/g15/g15_21.pdb.sc,run12_g15_g15_21,-2.12,-0.4270763397216797,15,12,14
539.0,794.9721083641052,1.47490187080539,3.450584650039673,0.0,1.47490187080539,140.0,83.04110658168793,0.5931507612977709,2.4119176864624023,3.311378997564316,3.904529758862086,39.0,11.218477725982666,0.2876532750251965,0.9882864952087402,4.351551630558112,4.639204905583308,94.2595843076706,179.0,38,39,268,272,540,run12_g15_g15_22,bi-obj/run12/g15/g15_22.pdb,-495.677,-1.843,-60.532,-2.706,-50.821,-2.272,1095.135,2236.892,1141.756,21.0,-1.856,-1278.7,196.484,-330.318,2.125,29.304,142.9,736.272,0.304,-50.711,-66.462,-27.982,-57.836,14.0,-34.6,269.0,76.0,39.28,-48.269,0.754,-2.74,29.413,42.657,181.977,0.667,-2.436,-90.124,-3.028,-118.102,0.647,temp_g15_05_0001,bi-obj/run12/g15/g15_22.pdb.sc,run12_g15_g15_22,-2.272,-0.6497650146484375,15,12,10
554.0,816.2032063007355,1.4732909861024106,3.1314382553100586,0.0,1.4732909861024106,145.0,85.64009952545166,0.5906213760375977,2.3746395111083984,3.305557218091242,3.896178594128839,45.0,12.04357385635376,0.2676349745856391,0.942631721496582,4.3055420557657875,4.5731770303514265,97.68367338180542,190.0,38,39,283,272,555,run12_g15_g15_23,bi-obj/run12/g15/g15_23.pdb,-410.04,-1.524,-39.932,-1.737,-22.357,-0.973,1194.288,2298.552,1104.264,38.0,-1.844,-1294.794,219.337,-315.513,2.087,32.086,163.017,752.118,0.319,-47.198,-57.76,-24.155,-54.775,8.0,-35.811,269.0,80.0,53.463,-50.614,0.756,-1.995,24.236,49.212,176.247,0.669,-1.436,-55.987,-2.528,-103.631,0.619,temp_g15_15_0001,bi-obj/run12/g15/g15_23.pdb.sc,run12_g15_g15_23,-0.973,-0.0141983032226562,15,12,15
521.0,769.9999490976334,1.4779269656384515,3.353508949279785,0.0,1.4779269656384515,143.0,82.67949640750885,0.5781782965560059,2.4338583946228027,3.3285845651493204,3.9067628617053263,40.0,11.761994123458862,0.2940498530864716,0.843773365020752,4.324756336212158,4.618806189298629,94.44149053096773,183.0,38,38,259,263,522,run12_g16_g16_0,bi-obj/run12/g16/g16_0.pdb,-502.453,-1.868,-62.142,-2.836,-54.594,-2.491,1142.414,2191.456,1049.043,21.0,-1.884,-1265.094,194.698,-322.412,2.116,29.975,134.602,728.952,0.231,-50.847,-65.059,-24.137,-59.52,13.0,-35.636,269.0,79.0,35.886,-52.127,0.678,-2.95,27.841,40.979,178.443,0.631,-2.923,-105.237,-2.972,-127.795,0.771,temp_g16_11_0001,bi-obj/run12/g16/g16_0.pdb.sc,run12_g16_g16_0,-2.491,-0.0187549591064453,16,12,2
528.0,778.2897378206253,1.474033594357245,3.267667531967163,0.0,1.474033594357245,144.0,82.25394463539124,0.5712079488568835,2.1529812812805176,3.333519571357303,3.9047275202141862,42.0,9.626332998275757,0.2291984047208513,1.190889835357666,4.423872527622041,4.653070932342892,91.880277633667,186.0,38,39,257,272,529,run12_g16_g16_1,bi-obj/run12/g16/g16_1.pdb,-468.19,-1.74,-54.569,-2.506,-42.705,-1.961,1142.461,2177.34,1034.878,27.0,-1.988,-1285.329,205.295,-325.636,2.105,30.492,143.262,743.546,0.235,-51.845,-64.777,-22.771,-58.255,11.0,-34.703,269.0,76.0,39.918,-53.925,0.709,-2.453,42.732,42.855,180.254,0.694,-2.395,-86.233,-2.505,-100.195,0.581,temp_g16_04_0001,bi-obj/run12/g16/g16_1.pdb.sc,run12_g16_g16_1,-1.961,-0.1864604949951172,16,12,14
553.0,812.4233893156052,1.469120053011944,3.135190963745117,0.0,1.469120053011944,147.0,86.815638422966,0.5905825743058912,2.1777970790863037,3.2708161663846904,3.8613987406905816,48.0,12.55944323539734,0.2616550674041112,1.213247299194336,4.255153397719066,4.516808465123177,99.37508165836334,195.0,38,39,284,270,554,run12_g16_g16_13,bi-obj/run12/g16/g16_13.pdb,-508.228,-1.889,-55.271,-2.491,-48.384,-2.18,1173.11,2219.116,1046.006,36.0,-0.826,-1304.683,199.194,-329.417,2.229,30.593,142.225,756.283,0.217,-51.207,-64.037,-24.985,-58.345,10.0,-34.852,269.0,79.0,41.666,-51.766,0.712,-2.861,26.939,38.043,174.148,0.682,-2.681,-101.873,-3.028,-124.163,0.569,temp_g16_18_0001,bi-obj/run12/g16/g16_13.pdb.sc,run12_g16_g16_13,-2.18,0.50823974609375,16,12,4
544.0,799.9763979911804,1.4705448492484934,3.0047607421875,0.0,1.4705448492484934,141.0,84.49069809913635,0.599224809213733,2.29742693901062,3.2958821117455233,3.895106920959256,42.0,8.749487400054932,0.2083211285727364,0.897799015045166,4.333526775950477,4.541847904523213,93.24018549919128,183.0,38,38,282,263,545,run12_g16_g16_18,bi-obj/run12/g16/g16_18.pdb,-476.546,-1.772,-54.519,-2.439,-39.966,-1.788,1129.782,2235.748,1105.966,20.0,-0.826,-1305.266,214.346,-335.367,2.195,33.18,149.265,762.79,0.306,-48.375,-60.573,-26.952,-56.704,13.0,-33.978,269.0,81.0,43.938,-50.946,0.69,-2.638,24.235,40.56,171.343,0.67,-2.252,-85.593,-2.979,-128.115,0.592,temp_g16_06_0001,bi-obj/run12/g16/g16_18.pdb.sc,run12_g16_g16_18,-1.788,0.2851486206054687,16,12,9
559.0,823.0080711841583,1.4722863527444692,3.1314382553100586,0.0,1.4722863527444692,149.0,85.89120173454285,0.5764510183526366,2.3746395111083984,3.301036359479763,3.8774873778324,46.0,12.578964710235596,0.273455754570339,0.8779373168945312,4.264072122781173,4.537527877351512,98.47016644477844,195.0,38,39,288,272,560,run12_g16_g16_2,bi-obj/run12/g16/g16_2.pdb,-429.251,-1.596,-46.402,-2.031,-30.617,-1.34,1186.155,2284.96,1098.805,36.0,-1.906,-1301.782,216.494,-320.738,2.117,32.342,160.401,751.534,0.291,-45.385,-60.511,-22.77,-55.441,10.0,-35.66,269.0,81.0,48.762,-51.885,0.697,-2.092,30.518,48.388,175.678,0.675,-1.645,-64.158,-2.506,-105.271,0.594,temp_g16_23_0001,bi-obj/run12/g16/g16_2.pdb.sc,run12_g16_g16_2,-1.34,-0.6257362365722656,16,12,21
533.0,786.0649344921112,1.4747934981090267,3.298677682876587,0.0,1.4747934981090267,141.0,86.35313200950623,0.612433560351108,2.2255237102508545,3.351502939318934,3.963936499670042,43.0,11.909692287445068,0.2769695880801178,0.9709315299987792,4.353110640547996,4.630080228628114,98.2628242969513,184.0,38,38,271,263,534,run12_g16_g16_20,bi-obj/run12/g16/g16_20.pdb,-490.349,-1.823,-56.124,-2.454,-49.751,-2.176,1181.521,2286.695,1105.173,25.0,-0.948,-1281.164,195.19,-324.524,2.161,30.97,135.328,735.372,0.168,-40.921,-63.899,-24.329,-58.69,9.0,-35.114,269.0,80.0,39.217,-49.211,0.742,-2.641,33.548,40.034,176.072,0.624,-2.678,-101.761,-2.607,-109.495,0.557,temp_g16_17_0001,bi-obj/run12/g16/g16_20.pdb.sc,run12_g16_g16_20,-2.176,-0.2726325988769531,16,12,11
520.0,767.0149985551834,1.475028843375353,3.34932017326355,0.0,1.475028843375353,136.0,82.12793803215027,0.6038818972952226,2.463035345077514,3.316103333936018,3.919985231231241,38.0,7.891345739364624,0.2076669931411743,0.9008288383483888,4.545241374718516,4.75290836785969,90.01928377151489,174.0,38,39,250,271,521,run12_g16_g16_5,bi-obj/run12/g16/g16_5.pdb,-471.728,-1.754,-55.475,-2.58,-49.642,-2.309,1045.983,2150.385,1104.403,23.0,-0.942,-1256.042,192.723,-314.843,2.067,29.416,135.588,733.342,0.247,-52.062,-63.975,-20.699,-59.047,13.0,-35.615,269.0,78.0,35.358,-51.893,0.632,-2.337,37.846,41.677,174.774,0.696,-2.352,-89.378,-2.322,-92.881,0.602,temp_g16_16_0001,bi-obj/run12/g16/g16_5.pdb.sc,run12_g16_g16_5,-2.309,2.821072578430176,16,12,0
544.0,800.9453275203705,1.4723259697065634,3.690859794616699,0.0,1.4723259697065634,141.0,80.97617387771606,0.5742991055157167,3.028298854827881,3.3713202848502086,3.945619390365925,39.0,10.729297876358032,0.2751102019578982,0.970522403717041,4.399160446264805,4.674270648222703,91.7054717540741,180.0,38,40,268,277,545,run12_g16_g16_6,bi-obj/run12/g16/g16_6.pdb,-508.243,-1.889,-55.707,-2.484,-48.647,-2.169,1110.424,2242.359,1131.936,20.0,-1.776,-1285.133,200.19,-343.282,2.161,29.507,141.718,753.162,0.28,-53.137,-66.467,-29.091,-59.039,12.0,-33.689,269.0,75.0,38.936,-48.229,0.699,-2.883,28.11,40.05,177.073,0.674,-2.557,-92.063,-3.184,-124.179,0.694,temp_g16_09_0001,bi-obj/run12/g16/g16_6.pdb.sc,run12_g16_g16_6,-2.169,-0.2833938598632812,16,12,12
525.0,773.7655794620514,1.473839198975336,3.34932017326355,0.0,1.473839198975336,143.0,80.99018049240112,0.5663648985482596,2.5400915145874023,3.3399345157863376,3.9062994143345975,45.0,8.97987699508667,0.1995528221130371,0.9123663902282716,4.481877920362685,4.6814307424757216,89.9700574874878,188.0,38,39,255,271,526,run12_g16_g16_9,bi-obj/run12/g16/g16_9.pdb,-464.286,-1.726,-54.998,-2.596,-45.279,-2.137,1044.873,2118.773,1073.899,27.0,-0.942,-1267.038,202.56,-325.365,2.042,30.105,141.208,744.245,0.233,-52.34,-63.934,-21.351,-57.844,11.0,-34.445,269.0,78.0,36.688,-51.479,0.659,-2.332,37.846,42.885,172.335,0.688,-2.085,-79.213,-2.566,-102.644,0.539,temp_g16_00_0001,bi-obj/run12/g16/g16_9.pdb.sc,run12_g16_g16_9,-2.137,0.3446502685546875,16,12,7
520.0,766.78757584095,1.474591492001827,3.34932017326355,0.0,1.474591492001827,141.0,80.77900719642639,0.5729007602583432,2.5400915145874023,3.335939867276672,3.908840627535015,45.0,9.038918018341064,0.2008648448520236,0.9123663902282716,4.484234036339654,4.685098881191678,89.81792521476746,186.0,38,38,257,264,521,run12_g17_g17_15,bi-obj/run12/g17/g17_15.pdb,-468.305,-1.741,-54.693,-2.588,-44.967,-2.128,1043.127,2113.145,1070.017,26.0,-0.942,-1267.063,202.87,-325.635,2.044,30.178,140.992,745.116,0.234,-52.342,-64.16,-21.361,-58.104,11.0,-34.788,269.0,77.0,37.735,-50.374,0.707,-2.371,33.732,42.013,171.247,0.686,-2.162,-79.976,-2.564,-102.565,0.539,temp_g17_09_0001,bi-obj/run12/g17/g17_15.pdb.sc,run12_g17_g17_15,-2.128,-0.1107368469238281,17,12,11
522.0,769.8693145513535,1.474845430175007,3.34932017326355,0.0,1.474845430175007,136.0,82.45807957649231,0.6063094086506787,2.463035345077514,3.312571527326808,3.918880935977487,38.0,7.923712968826294,0.208518762337534,0.9008288383483888,4.544545769691467,4.7530645320290015,90.3817925453186,174.0,38,39,252,271,523,run12_g17_g17_2,bi-obj/run12/g17/g17_2.pdb,-477.267,-1.774,-55.598,-2.578,-49.906,-2.314,1032.47,2156.328,1123.859,21.0,-0.942,-1257.157,193.525,-323.048,2.064,29.466,135.964,738.685,0.246,-51.975,-64.182,-20.778,-59.089,13.0,-35.331,269.0,78.0,35.229,-52.682,0.626,-2.354,37.846,40.85,173.686,0.694,-2.346,-89.139,-2.361,-94.456,0.602,temp_g17_05_0001,bi-obj/run12/g17/g17_2.pdb.sc,run12_g17_g17_2,-2.314,-0.5141887664794922,17,12,7
524.0,773.83367395401,1.47678182052292,3.34053897857666,0.0,1.47678182052292,140.0,85.48060023784637,0.6105757159846169,2.7233896255493164,3.307740534203393,3.91831625018801,36.0,8.568142652511597,0.2380039625697665,0.9170699119567872,4.468517833285862,4.706521795855628,94.04874289035796,176.0,38,39,255,270,525,run12_g17_g17_20,bi-obj/run12/g17/g17_20.pdb,-450.304,-1.674,-53.043,-2.491,-44.29,-2.08,1038.426,2128.988,1090.562,25.0,-1.974,-1273.573,201.053,-310.264,2.114,29.483,141.776,734.037,0.261,-47.629,-64.144,-20.567,-57.627,12.0,-35.063,269.0,75.0,41.939,-51.487,0.735,-2.302,37.559,41.394,182.11,0.692,-2.328,-81.492,-2.279,-91.146,0.56,temp_g17_11_0001,bi-obj/run12/g17/g17_20.pdb.sc,run12_g17_g17_20,-2.08,-0.1785907745361328,17,12,13
521.0,771.2660117149353,1.4803570282436378,3.4005658626556396,0.0,1.4803570282436378,138.0,79.78910982608795,0.5781819552615068,3.1200368404388428,3.3999061385790506,3.9780880938405576,38.0,11.139192819595335,0.2931366531472457,1.016404628753662,4.356037566536351,4.649174219683597,90.92830264568327,176.0,38,38,258,264,522,run12_g17_g17_23,bi-obj/run12/g17/g17_23.pdb,-468.464,-1.742,-54.839,-2.454,-48.254,-2.159,1178.333,2234.549,1056.216,27.0,-1.839,-1260.754,195.151,-311.866,2.156,29.268,132.25,716.186,0.176,-45.433,-63.194,-23.339,-57.627,9.0,-35.912,269.0,77.0,41.893,-47.415,0.655,-2.442,32.179,44.719,184.484,0.68,-2.451,-93.121,-2.434,-94.94,0.629,temp_g17_03_0001,bi-obj/run12/g17/g17_23.pdb.sc,run12_g17_g17_23,-2.159,0.1205673217773437,17,12,10
520.0,766.9668605327606,1.4749362702553088,3.3476171493530273,0.0,1.4749362702553088,138.0,78.68856394290924,0.5702069850935452,2.536942720413208,3.343620769355608,3.9138277544491538,40.0,8.576105117797852,0.2144026279449463,0.8909955024719238,4.49823482632637,4.7126374542713165,87.26466906070709,178.0,38,39,250,271,521,run12_g17_g17_24,bi-obj/run12/g17/g17_24.pdb,-477.17,-1.774,-58.277,-2.683,-49.111,-2.261,1105.607,2172.112,1066.505,23.0,-0.942,-1259.401,202.567,-328.858,2.07,29.521,140.387,746.79,0.245,-51.931,-66.528,-22.271,-58.743,12.0,-34.443,269.0,78.0,36.525,-56.247,0.618,-2.439,29.648,41.212,172.905,0.686,-2.182,-82.926,-2.683,-107.34,0.569,temp_g17_22_0001,bi-obj/run12/g17/g17_24.pdb.sc,run12_g17_g17_24,-2.261,0.0017814636230468,17,12,7
553.0,813.3103281259537,1.4707239206617606,3.1314382553100586,0.0,1.4707239206617606,143.0,83.44511795043945,0.5835322933597165,2.3746395111083984,3.3300419520664883,3.913574245426205,44.0,11.891043186187744,0.2702509815042669,0.8714165687561035,4.313329534097151,4.583580515601418,95.3361611366272,187.0,38,39,282,272,554,run12_g17_g17_3,bi-obj/run12/g17/g17_3.pdb,-455.561,-1.694,-48.735,-2.137,-35.215,-1.544,1178.454,2280.633,1102.179,29.0,-1.906,-1292.922,212.637,-323.813,2.113,31.711,146.969,753.763,0.248,-45.98,-62.275,-24.781,-57.382,10.0,-34.601,269.0,81.0,44.213,-52.699,0.691,-2.363,30.518,43.465,174.806,0.657,-2.034,-79.323,-2.668,-112.05,0.6,temp_g17_02_0001,bi-obj/run12/g17/g17_3.pdb.sc,run12_g17_g17_3,-1.544,-0.4031639099121094,17,12,19
523.0,772.9199420213699,1.4778583977464053,3.353508949279785,0.0,1.4778583977464053,142.0,82.83923399448395,0.5833748872850982,2.4338583946228027,3.329401495591016,3.912776382876114,39.0,11.770588159561155,0.3018099528092604,0.843773365020752,4.326084479307517,4.627894432116777,94.6098221540451,181.0,38,38,261,263,524,run12_g17_g17_6,bi-obj/run12/g17/g17_6.pdb,-504.184,-1.874,-62.361,-2.851,-55.184,-2.523,1150.871,2187.459,1036.589,21.0,-1.884,-1265.841,195.161,-322.714,2.12,30.01,134.116,729.825,0.221,-50.829,-65.048,-23.728,-59.397,12.0,-35.64,269.0,79.0,35.972,-52.759,0.654,-2.967,27.841,40.486,177.355,0.631,-2.921,-105.138,-3.006,-129.243,0.771,temp_g17_00_0001,bi-obj/run12/g17/g17_6.pdb.sc,run12_g17_g17_6,-2.523,0.2225608825683593,17,12,1
552.0,812.5742229223251,1.4720547516708788,3.1119563579559326,0.0,1.4720547516708788,145.0,85.30420804023743,0.5883048830361202,2.3746395111083984,3.294737062783077,3.883041945819197,45.0,11.253708124160768,0.2500824027591281,0.8450937271118164,4.302039162317912,4.55212156507704,96.5579161643982,190.0,38,39,281,272,553,run12_g17_g17_7,bi-obj/run12/g17/g17_7.pdb,-409.008,-1.52,-41.699,-1.795,-24.149,-1.039,1184.835,2323.421,1138.585,35.0,-0.826,-1285.606,215.792,-312.052,2.098,31.996,160.276,748.045,0.3,-46.808,-57.853,-21.418,-54.965,8.0,-35.096,269.0,80.0,51.071,-50.888,0.745,-2.007,24.343,48.499,173.791,0.676,-1.458,-56.874,-2.529,-103.671,0.591,temp_g17_23_0001,bi-obj/run12/g17/g17_7.pdb.sc,run12_g17_g17_7,-1.039,1.1441192626953125,17,12,5
552.0,810.9544849395752,1.4691204437311145,3.135190963745117,0.0,1.4691204437311145,149.0,87.71104967594147,0.5886647629257816,2.1777970790863037,3.2822202780102723,3.870885040936054,50.0,12.67393684387207,0.2534787368774414,1.252683162689209,4.281653614044189,4.535132350921631,100.38498651981354,199.0,38,39,283,270,553,run12_g17_g17_9,bi-obj/run12/g17/g17_9.pdb,-504.56,-1.876,-55.268,-2.48,-48.119,-2.159,1190.79,2228.305,1037.515,33.0,-0.826,-1301.411,199.799,-329.508,2.208,30.513,141.541,759.467,0.218,-51.439,-64.095,-25.067,-58.668,10.0,-34.949,269.0,78.0,42.615,-51.142,0.715,-2.865,26.939,37.674,171.216,0.681,-2.777,-102.754,-2.945,-120.733,0.574,temp_g17_13_0001,bi-obj/run12/g17/g17_9.pdb.sc,run12_g17_g17_9,-2.159,-0.2688713073730469,17,12,12
520.0,768.2215855121613,1.4773492029080024,3.353508949279785,0.0,1.4773492029080024,142.0,82.71189177036285,0.5824781110588934,2.431262969970703,3.326100096736156,3.908578207795049,40.0,11.72807002067566,0.2932017505168914,0.843773365020752,4.336902439594269,4.63010419011116,94.43996179103851,182.0,38,38,258,263,521,run12_g18_g18_10,bi-obj/run12/g18/g18_10.pdb,-505.774,-1.88,-62.466,-2.873,-55.283,-2.543,1170.896,2174.226,1003.33,21.0,-2.031,-1266.386,194.269,-323.867,2.119,29.989,133.375,730.236,0.225,-48.701,-65.897,-22.242,-59.409,12.0,-35.107,269.0,79.0,35.296,-52.291,0.647,-2.822,26.818,40.281,177.002,0.635,-2.941,-105.86,-2.723,-117.068,0.771,temp_g18_06_0001,bi-obj/run12/g18/g18_10.pdb.sc,run12_g18_g18_10,-2.543,-0.1714630126953125,18,12,2
540.0,795.8280671834946,1.4737556799694345,3.3064956665039062,0.0,1.4737556799694345,140.0,80.35601484775543,0.5739715346268245,2.5292952060699463,3.334463750464576,3.9084352850914,44.0,10.603832244873049,0.2409961873834783,0.897799015045166,4.296344236894087,4.5373404242775655,90.95984709262848,184.0,38,38,278,263,541,run12_g18_g18_13,bi-obj/run12/g18/g18_13.pdb,-490.284,-1.823,-55.947,-2.525,-45.476,-2.053,1147.269,2215.538,1068.269,19.0,-0.826,-1292.776,203.453,-333.221,2.171,32.039,140.474,752.639,0.242,-48.014,-62.07,-23.923,-57.785,12.0,-34.76,269.0,80.0,43.586,-52.684,0.754,-2.717,30.061,36.474,174.25,0.659,-2.541,-96.558,-2.877,-120.82,0.629,temp_g18_10_0001,bi-obj/run12/g18/g18_13.pdb.sc,run12_g18_g18_13,-2.053,-0.7457141876220703,18,12,16
548.0,806.4107414484024,1.4715524478985444,3.138267755508423,0.0,1.4715524478985444,141.0,81.99520671367645,0.5815262887494784,2.3746395111083984,3.320853712710929,3.902380001460407,40.0,10.681714296340942,0.2670428574085235,0.7588968276977539,4.3837884902954105,4.650831347703933,92.6769210100174,181.0,38,39,277,272,549,run12_g18_g18_15,bi-obj/run12/g18/g18_15.pdb,-438.599,-1.63,-43.672,-1.916,-28.616,-1.255,1159.93,2279.677,1119.747,34.0,-1.844,-1286.302,214.309,-319.766,2.135,31.207,151.776,754.645,0.256,-49.014,-59.803,-25.911,-56.586,8.0,-35.106,269.0,80.0,47.721,-51.547,0.776,-2.321,24.612,44.897,175.376,0.657,-1.84,-71.775,-2.778,-113.893,0.602,temp_g18_13_0001,bi-obj/run12/g18/g18_15.pdb.sc,run12_g18_g18_15,-1.255,-0.2554988861083984,18,12,18
540.0,796.3615109920502,1.474743538874167,3.700755834579468,0.0,1.474743538874167,137.0,80.60738325119019,0.5883750602276656,2.9929299354553223,3.368475522438105,3.9568505826657705,40.0,10.874977111816406,0.2718744277954101,0.9720563888549804,4.444083964824676,4.715958392620086,91.4823603630066,177.0,38,40,264,277,541,run12_g18_g18_17,bi-obj/run12/g18/g18_17.pdb,-497.587,-1.85,-57.454,-2.548,-50.228,-2.227,1131.656,2254.974,1123.319,22.0,-1.776,-1274.625,196.188,-332.339,2.152,28.852,140.383,740.414,0.27,-50.658,-66.139,-27.896,-58.859,12.0,-33.698,269.0,75.0,38.247,-47.116,0.748,-2.763,28.11,40.558,180.017,0.674,-2.576,-92.748,-2.935,-114.457,0.597,temp_g18_11_0001,bi-obj/run12/g18/g18_17.pdb.sc,run12_g18_g18_17,-2.227,-0.4617881774902344,18,12,11
551.0,810.5327695608139,1.4710213603644535,3.1119563579559326,0.0,1.4710213603644535,143.0,84.75765860080719,0.592710899306344,2.406137228012085,3.2728699262325582,3.865580825538902,43.0,11.191396951675417,0.2602650453878004,0.8450937271118164,4.265877535176831,4.526142580564632,95.9490555524826,186.0,38,39,280,272,552,run12_g18_g18_21,bi-obj/run12/g18/g18_21.pdb,-427.394,-1.589,-42.215,-1.831,-28.906,-1.254,1167.87,2305.208,1137.339,35.0,-0.826,-1284.113,211.861,-314.443,2.086,32.158,155.711,750.943,0.246,-49.879,-57.94,-21.575,-54.928,8.0,-34.906,269.0,80.0,46.84,-50.626,0.761,-2.128,24.343,46.449,170.858,0.686,-1.715,-66.867,-2.522,-103.397,0.594,temp_g18_07_0001,bi-obj/run12/g18/g18_21.pdb.sc,run12_g18_g18_21,-1.254,-0.1827220916748047,18,12,17
532.0,784.9797103404999,1.4755257713167291,3.302917718887329,0.0,1.4755257713167291,141.0,87.74768686294556,0.6223240203045785,2.9951658248901367,3.336463299203426,3.958787319508005,42.0,11.888750314712524,0.2830654836836315,0.9709315299987792,4.352531921295893,4.635597404979524,99.63643717765808,183.0,38,38,270,263,533,run12_g18_g18_22,bi-obj/run12/g18/g18_22.pdb,-490.314,-1.823,-55.472,-2.517,-48.169,-2.186,1120.516,2203.813,1083.297,23.0,-0.826,-1281.369,195.919,-324.149,2.172,30.801,137.334,734.695,0.171,-42.385,-62.717,-25.652,-58.842,9.0,-35.202,269.0,79.0,41.812,-49.491,0.687,-2.742,28.463,39.993,178.564,0.65,-2.704,-102.752,-2.777,-113.863,0.567,temp_g18_04_0001,bi-obj/run12/g18/g18_22.pdb.sc,run12_g18_g18_22,-2.186,-0.5899295806884766,18,12,14
534.0,787.2533031702042,1.4742571220415808,3.1246612071990967,0.0,1.4742571220415808,141.0,88.98734271526337,0.6311159057820097,3.0365397930145264,3.3195207888352956,3.9506366946173057,45.0,12.214914560317991,0.2714425457848443,0.9704461097717284,4.332213560740153,4.603656106524998,101.20225727558136,186.0,38,38,272,263,535,run12_g18_g18_7,bi-obj/run12/g18/g18_7.pdb,-488.431,-1.816,-56.301,-2.56,-49.539,-2.252,1131.358,2199.478,1068.12,25.0,-0.826,-1285.372,195.313,-322.792,2.203,31.562,137.828,736.288,0.166,-43.439,-62.755,-22.865,-58.928,9.0,-35.103,269.0,76.0,42.344,-48.982,0.727,-2.787,29.076,39.935,177.513,0.656,-2.74,-101.393,-2.832,-110.435,0.567,temp_g18_22_0001,bi-obj/run12/g18/g18_7.pdb.sc,run12_g18_g18_7,-2.252,-0.5864925384521484,18,12,10
514.0,759.2350906133652,1.477111071232228,3.446108818054199,0.0,1.477111071232228,136.0,80.44553697109222,0.5915113012580311,2.5085625648498535,3.305321166620535,3.896832467878566,38.0,10.949534177780151,0.2881456362573724,0.8177499771118164,4.272831013328151,4.560976649585523,91.39507114887238,174.0,38,37,260,255,515,run12_g19_g19_13,bi-obj/run12/g19/g19_13.pdb,-476.379,-1.771,-59.6,-2.673,-51.182,-2.296,1178.369,2229.351,1050.982,18.0,-1.86,-1271.284,197.98,-320.052,2.19,29.896,140.618,735.294,0.251,-51.307,-65.252,-22.96,-59.231,13.0,-34.907,269.0,78.0,36.658,-49.304,0.67,-2.802,39.426,40.98,175.914,0.679,-2.792,-100.511,-2.81,-118.034,0.825,temp_g19_08_0001,bi-obj/run12/g19/g19_13.pdb.sc,run12_g19_g19_13,-2.296,-0.0982780456542968,19,12,8
522.0,769.0850573778152,1.4733430217965808,3.3055760860443115,0.0,1.4733430217965808,138.0,81.66986179351807,0.5918105927066527,2.5400915145874023,3.328654356624769,3.920464949331422,42.0,8.201208591461182,0.1952668712252662,0.927607536315918,4.471756333396549,4.667023204621815,89.87107038497925,180.0,38,38,259,264,523,run12_g19_g19_14,bi-obj/run12/g19/g19_14.pdb,-469.998,-1.747,-53.966,-2.515,-42.626,-1.986,1110.838,2146.022,1035.184,24.0,-0.942,-1270.167,204.655,-327.921,2.049,30.239,141.959,749.627,0.269,-54.821,-65.293,-20.894,-57.939,11.0,-33.391,269.0,76.0,37.793,-51.678,0.707,-2.459,35.545,40.434,170.16,0.692,-2.302,-85.165,-2.607,-101.684,0.588,temp_g19_09_0001,bi-obj/run12/g19/g19_14.pdb.sc,run12_g19_g19_14,-1.986,0.0427618026733398,19,12,12
554.0,815.0057139396667,1.471129447544525,3.1119563579559326,0.0,1.471129447544525,143.0,85.59440553188324,0.598562276446736,2.3746395111083984,3.2758084535598755,3.874370730006611,44.0,11.216438055038452,0.2549190467054193,1.2244300842285156,4.3550475293939765,4.609966576099396,96.81084358692168,187.0,38,39,283,272,555,run12_g19_g19_19,bi-obj/run12/g19/g19_19.pdb,-434.672,-1.616,-44.295,-1.919,-27.951,-1.211,1163.777,2308.316,1144.539,30.0,-0.826,-1295.382,214.517,-318.135,2.125,32.171,160.42,752.922,0.304,-48.13,-58.538,-23.958,-55.324,9.0,-34.27,269.0,80.0,45.467,-52.818,0.656,-2.226,26.517,45.228,172.703,0.652,-1.719,-67.025,-2.709,-111.089,0.639,temp_g19_06_0001,bi-obj/run12/g19/g19_19.pdb.sc,run12_g19_g19_19,-1.211,0.3213939666748047,19,12,12
522.0,769.6379047632217,1.4744021164046393,3.3500289916992188,0.0,1.4744021164046393,135.0,78.5244653224945,0.5816627060925519,2.536942720413208,3.331556955973307,3.9132196620658593,39.0,8.188275337219238,0.2099557778774163,0.7626256942749023,4.550156678908911,4.760112456786326,86.71274065971375,174.0,38,39,252,271,523,run12_g19_g19_21,bi-obj/run12/g19/g19_21.pdb,-476.225,-1.77,-55.798,-2.52,-45.823,-2.069,1109.333,2214.528,1105.195,22.0,-0.942,-1263.781,203.214,-328.346,2.057,29.59,143.051,749.927,0.264,-52.241,-67.305,-22.465,-58.72,12.0,-33.394,269.0,75.0,38.397,-56.406,0.63,-2.458,28.219,40.515,171.817,0.689,-2.228,-80.22,-2.67,-104.118,0.591,temp_g19_18_0001,bi-obj/run12/g19/g19_21.pdb.sc,run12_g19_g19_21,-2.069,0.3181161880493164,19,12,8
554.0,816.6728130578995,1.4741386517290604,3.291389226913452,0.0,1.4741386517290604,146.0,86.07696306705475,0.5895682401853065,2.4852120876312256,3.32451140145733,3.914079641642636,45.0,12.727596998214722,0.282835488849216,1.0269365310668943,4.288406409157647,4.571241898006863,98.80456006526948,191.0,38,39,283,272,555,run12_g19_g19_23,bi-obj/run12/g19/g19_23.pdb,-441.654,-1.642,-47.834,-2.122,-37.068,-1.644,1169.464,2254.32,1084.856,37.0,-1.893,-1287.897,205.827,-307.85,2.207,32.779,146.88,730.766,0.174,-42.934,-62.489,-22.249,-55.722,7.0,-34.767,269.0,76.0,49.71,-50.428,0.7,-2.303,32.233,42.343,181.151,0.645,-2.089,-77.303,-2.505,-97.702,0.677,temp_g19_03_0001,bi-obj/run12/g19/g19_23.pdb.sc,run12_g19_g19_23,-1.644,0.1444740295410156,19,12,11
550.0,807.8220744132996,1.468767408024181,3.135190963745117,0.0,1.468767408024181,148.0,87.38151454925537,0.5904156388463201,2.236780166625977,3.283617105032947,3.874032743879267,49.0,12.739068984985352,0.2599809996935786,1.250894546508789,4.2796342713492255,4.539615271042805,100.12058353424072,197.0,38,39,281,270,551,run12_g19_g19_3,bi-obj/run12/g19/g19_3.pdb,-507.879,-1.888,-55.214,-2.526,-48.002,-2.196,1151.187,2185.697,1034.509,31.0,-0.826,-1304.96,198.698,-331.54,2.211,30.228,143.046,761.157,0.219,-51.622,-63.72,-23.699,-58.541,10.0,-35.079,269.0,78.0,41.432,-50.699,0.752,-2.9,25.4,37.793,172.266,0.688,-2.83,-104.721,-2.963,-121.474,0.577,temp_g19_14_0001,bi-obj/run12/g19/g19_3.pdb.sc,run12_g19_g19_3,-2.196,-1.4052143096923828,19,12,13
534.0,787.9436565637589,1.4755499186587244,3.6771395206451416,0.0,1.4755499186587244,135.0,79.31379127502441,0.5875095650001808,2.6391196250915527,3.373073837492201,3.960583402492382,37.0,10.680761575698853,0.2886692317756447,0.9720563888549804,4.482126184411951,4.770795416187596,89.99455285072327,172.0,38,40,258,277,535,run12_g19_g19_9,bi-obj/run12/g19/g19_9.pdb,-492.702,-1.832,-57.779,-2.567,-50.602,-2.249,1129.604,2250.433,1120.829,22.0,-1.772,-1266.465,195.352,-333.45,2.128,28.38,141.509,741.324,0.266,-52.207,-66.568,-27.84,-59.431,12.0,-33.714,269.0,75.0,36.201,-48.087,0.721,-2.692,31.478,40.727,179.145,0.682,-2.569,-92.472,-2.805,-109.407,0.588,temp_g19_17_0001,bi-obj/run12/g19/g19_9.pdb.sc,run12_g19_g19_9,-2.249,0.1524677276611328,19,12,7
555.0,817.1736775636673,1.4723850046192204,3.205117464065552,0.0,1.4723850046192204,154.0,88.58489155769348,0.5752265685564512,2.194518804550171,3.288825110955672,3.864051679512123,49.0,11.658610343933104,0.2379308233455735,0.8113036155700684,4.366987607917007,4.604918431262581,100.2435019016266,203.0,38,39,286,270,556,run12_g2_g2_1,bi-obj/run12/g2/g2_1.pdb,-442.448,-1.645,-41.899,-1.757,-33.567,-1.408,1194.185,2384.391,1190.206,30.0,-1.96,-1302.809,220.194,-325.106,2.129,32.903,157.31,759.99,0.291,-44.148,-58.52,-25.824,-56.233,10.0,-35.239,269.0,81.0,54.197,-48.125,0.76,-2.234,9.263,45.078,173.813,0.68,-2.069,-80.683,-2.387,-100.271,0.64,temp_g2_18_0001,bi-obj/run12/g2/g2_1.pdb.sc,run12_g2_g2_1,-1.408,0.2483749389648437,2,12,11
554.0,815.636873960495,1.4722687255604603,3.1119563579559326,0.0,1.4722687255604603,143.0,86.55371105670929,0.6052707066902747,2.45835280418396,3.28941698424466,3.894687690934935,49.0,12.051925897598268,0.2459576713795564,0.8450937271118164,4.331080324795781,4.577037996175338,98.60563695430756,192.0,38,39,283,272,555,run12_g20_g20_10,bi-obj/run12/g20/g20_10.pdb,-421.541,-1.567,-46.778,-2.028,-29.795,-1.292,1189.706,2306.95,1117.245,32.0,-1.819,-1297.022,214.119,-314.117,2.208,32.249,156.954,748.123,0.248,-46.194,-59.081,-21.892,-55.383,8.0,-34.66,269.0,79.0,51.896,-49.593,0.708,-2.103,30.699,45.067,176.247,0.68,-1.666,-63.323,-2.508,-102.843,0.659,temp_g20_12_0001,bi-obj/run12/g20/g20_10.pdb.sc,run12_g20_g20_10,-1.292,0.3465499877929687,20,12,11
511.0,754.812059879303,1.4771273187461895,3.3624870777130127,0.0,1.4771273187461895,132.0,81.16909432411194,0.6149173812432722,2.463035345077514,3.3402902068513813,3.9552075880946536,40.0,8.365897178649902,0.2091474294662475,0.9008288383483888,4.546079176664352,4.7552266061306,89.53499150276184,172.0,38,38,248,264,512,run12_g20_g20_17,bi-obj/run12/g20/g20_17.pdb,-478.119,-1.777,-57.755,-2.689,-51.149,-2.381,1021.97,2148.219,1126.248,21.0,-0.942,-1252.631,190.013,-321.556,2.06,28.824,134.568,733.214,0.262,-51.851,-64.214,-20.919,-59.228,14.0,-33.783,269.0,78.0,35.24,-52.128,0.638,-2.35,37.846,40.943,175.824,0.693,-2.386,-90.662,-2.316,-92.626,0.602,temp_g20_00_0001,bi-obj/run12/g20/g20_17.pdb.sc,run12_g20_g20_17,-2.381,-1.4713497161865234,20,12,7
521.0,770.7256006002426,1.4793197708258017,3.353508949279785,0.0,1.4793197708258017,141.0,82.67457187175751,0.5863444813599823,2.4338583946228027,3.3609784993719547,3.947322980731937,41.0,11.958792686462402,0.291677870401522,0.843773365020752,4.342417350629481,4.634095221031003,94.63336455821992,182.0,38,38,259,263,522,run12_g20_g20_21,bi-obj/run12/g20/g20_21.pdb,-508.258,-1.889,-62.075,-2.835,-53.573,-2.447,1167.214,2189.569,1022.355,18.0,-1.884,-1262.309,194.499,-329.107,2.109,29.526,133.719,728.798,0.239,-50.638,-65.259,-22.806,-59.419,13.0,-34.811,269.0,79.0,35.047,-53.068,0.706,-2.955,27.841,40.326,178.406,0.623,-2.91,-104.776,-2.992,-128.658,0.771,temp_g20_20_0001,bi-obj/run12/g20/g20_21.pdb.sc,run12_g20_g20_21,-2.447,-0.8010807037353516,20,12,5
562.0,827.9403984546661,1.4732035559691568,3.248852252960205,0.0,1.4732035559691568,151.0,90.43523168563844,0.5989088191101882,2.4852120876312256,3.302114884584945,3.901023703695133,49.0,13.310790300369264,0.271648781640189,1.0269365310668943,4.275994748485331,4.54764353012552,103.74602198600768,200.0,38,39,291,272,563,run12_g20_g20_22,bi-obj/run12/g20/g20_22.pdb,-446.464,-1.66,-52.117,-2.233,-37.538,-1.608,1229.225,2333.768,1104.543,36.0,-1.893,-1298.178,209.073,-307.765,2.233,32.936,150.132,732.374,0.172,-43.169,-61.976,-22.162,-55.67,7.0,-35.092,269.0,77.0,48.641,-51.519,0.627,-2.355,32.089,41.87,180.935,0.654,-2.161,-82.112,-2.543,-99.189,0.678,temp_g20_23_0001,bi-obj/run12/g20/g20_22.pdb.sc,run12_g20_g20_22,-1.608,-0.4136276245117187,20,12,18
548.0,806.0023379325867,1.4708071860083698,3.1119563579559326,0.0,1.4708071860083698,144.0,84.00481355190277,0.5833667607771026,2.4116432666778564,3.299555287592941,3.8829220483700433,41.0,11.092349290847778,0.2705451046548238,0.8450937271118164,4.2600800235097,4.530625128164524,95.09716284275056,185.0,38,39,277,272,549,run12_g20_g20_24,bi-obj/run12/g20/g20_24.pdb,-425.034,-1.58,-42.347,-1.842,-29.406,-1.279,1159.91,2298.581,1138.67,35.0,-0.826,-1279.306,211.17,-313.374,2.088,32.171,154.028,746.654,0.244,-50.18,-58.634,-19.928,-55.109,8.0,-34.658,269.0,80.0,47.071,-49.222,0.764,-2.133,24.343,47.58,170.505,0.684,-1.719,-67.046,-2.526,-103.571,0.59,temp_g20_08_0001,bi-obj/run12/g20/g20_24.pdb.sc,run12_g20_g20_24,-1.279,-0.5438518524169922,20,12,21
546.0,803.2263271808624,1.4711104893422389,3.1119563579559326,0.0,1.4711104893422389,143.0,85.97782897949219,0.6012435592971481,2.3746395111083984,3.2872802044128204,3.8885237637099688,44.0,11.25850248336792,0.25587505644018,1.051445484161377,4.353172540664673,4.609047597104853,97.23633146286012,187.0,38,38,282,265,547,run12_g20_g20_3,bi-obj/run12/g20/g20_3.pdb,-438.273,-1.629,-45.585,-1.983,-30.036,-1.306,1161.963,2299.115,1137.152,29.0,-0.826,-1292.302,214.099,-321.736,2.112,32.182,156.38,760.122,0.281,-50.522,-59.74,-24.085,-56.04,9.0,-34.638,269.0,80.0,45.674,-53.339,0.675,-2.255,29.075,44.881,169.771,0.653,-1.776,-69.273,-2.71,-111.106,0.657,temp_g20_19_0001,bi-obj/run12/g20/g20_3.pdb.sc,run12_g20_g20_3,-1.306,-0.3764476776123047,20,12,19
526.0,778.4345877170563,1.4799136648613238,3.4005658626556396,0.0,1.4799136648613238,135.0,78.21335411071777,0.5793581785979094,2.378483295440674,3.3577037140175148,3.937061892615424,38.0,10.17555809020996,0.2677778444792095,1.016404628753662,4.385795474052429,4.653573318531639,88.38891220092773,173.0,38,38,263,264,527,run12_g20_g20_7,bi-obj/run12/g20/g20_7.pdb,-488.562,-1.816,-59.894,-2.669,-52.174,-2.325,1241.654,2243.857,1002.202,25.0,-1.835,-1271.734,194.436,-312.256,2.172,30.293,132.898,714.615,0.204,-51.649,-62.691,-21.041,-57.095,12.0,-35.035,269.0,78.0,37.704,-49.904,0.675,-2.623,33.657,43.613,184.679,0.69,-2.626,-99.792,-2.62,-104.807,0.612,temp_g20_15_0001,bi-obj/run12/g20/g20_7.pdb.sc,run12_g20_g20_7,-2.325,0.4340782165527344,20,12,4
554.0,810.5488394498825,1.4630845477434702,3.135190963745117,0.0,1.4630845477434702,157.0,92.51262187957764,0.5892523686597302,2.4116063117980957,3.2922892616053296,3.881541630265059,54.0,11.910202980041504,0.220559314445213,1.2387056350708008,4.292329748471578,4.512889062916791,104.42282485961914,211.0,38,39,285,270,555,run12_g21_g21_16,bi-obj/run12/g21/g21_16.pdb,-511.84,-1.903,-53.44,-2.441,-48.832,-2.231,1164.84,2189.12,1024.279,32.0,-1.099,-1309.476,200.185,-337.298,2.216,30.46,149.704,766.862,0.286,-51.389,-63.669,-27.677,-59.83,13.0,-34.774,269.0,75.0,39.191,-51.098,0.724,-2.855,25.62,38.456,171.191,0.678,-2.58,-90.311,-3.096,-123.826,0.583,temp_g21_18_0001,bi-obj/run12/g21/g21_16.pdb.sc,run12_g21_g21_16,-2.231,1.9061203002929688,21,12,1
551.0,811.3567262887955,1.4725167446257632,3.1119563579559326,0.0,1.4725167446257632,143.0,85.65347266197205,0.5989753333005038,2.4138119220733643,3.284875701357435,3.8838510346579382,43.0,11.79244351387024,0.274242872415587,0.942631721496582,4.278582129367562,4.552825001783149,97.44591617584229,186.0,38,39,280,272,552,run12_g21_g21_17,bi-obj/run12/g21/g21_17.pdb,-423.064,-1.573,-40.436,-1.758,-27.09,-1.178,1176.681,2299.951,1123.271,38.0,-1.844,-1288.581,213.805,-312.54,2.07,32.054,156.875,748.241,0.261,-49.31,-57.827,-21.56,-54.784,8.0,-36.116,269.0,80.0,48.628,-49.417,0.745,-2.074,24.236,47.984,174.403,0.683,-1.693,-66.008,-2.436,-99.89,0.617,temp_g21_05_0001,bi-obj/run12/g21/g21_17.pdb.sc,run12_g21_g21_17,-1.178,-0.2867965698242187,21,12,20
544.0,799.5506817102432,1.4697622825555945,3.1348843574523926,0.0,1.4697622825555945,143.0,83.96682381629944,0.5871805861279681,2.178122043609619,3.284042673511105,3.871223259639073,47.0,11.572043657302856,0.2462136948362309,1.252683162689209,4.306992916350669,4.5532066111869,95.5388674736023,190.0,38,39,275,270,545,run12_g21_g21_19,bi-obj/run12/g21/g21_19.pdb,-513.193,-1.908,-59.31,-2.641,-54.108,-2.41,1198.935,2245.485,1046.549,29.0,-0.826,-1288.834,199.02,-333.226,2.156,29.73,139.48,760.276,0.215,-53.015,-66.693,-26.822,-58.571,12.0,-34.562,269.0,79.0,41.15,-55.0,0.723,-2.966,23.249,37.299,171.432,0.701,-2.853,-108.42,-3.071,-125.92,0.566,temp_g21_19_0001,bi-obj/run12/g21/g21_19.pdb.sc,run12_g21_g21_19,-2.41,-0.8881492614746094,21,12,6
546.0,803.8103277683258,1.4721800874877762,3.467961549758911,0.0,1.4721800874877762,141.0,83.64347767829895,0.593216153746801,2.970878839492798,3.33120393076687,3.924420084513671,40.0,11.176342487335203,0.2794085621833801,0.9899411201477052,4.38655298948288,4.66596155166626,94.81982016563416,181.0,38,40,270,277,547,run12_g21_g21_2,bi-obj/run12/g21/g21_2.pdb,-502.874,-1.869,-57.488,-2.541,-49.776,-2.2,1131.116,2262.342,1131.226,22.0,-1.771,-1283.377,196.856,-332.992,2.202,29.499,143.322,739.931,0.271,-51.411,-65.971,-27.875,-58.2,12.0,-33.85,269.0,75.0,37.27,-47.03,0.713,-2.833,28.094,40.847,180.889,0.676,-2.585,-93.071,-3.062,-119.417,0.694,temp_g21_06_0001,bi-obj/run12/g21/g21_2.pdb.sc,run12_g21_g21_2,-2.2,-0.4971904754638672,21,12,12
516.0,762.3603321313858,1.4774425041305927,3.3476171493530273,0.0,1.4774425041305927,135.0,79.624666929245,0.589812347624037,2.442559242248535,3.3459815007668956,3.935793848390933,39.0,7.76306676864624,0.1990529940678523,0.8909955024719238,4.5134451144780865,4.712498108545939,87.38773369789124,174.0,38,39,246,271,517,run12_g21_g21_20,bi-obj/run12/g21/g21_20.pdb,-485.909,-1.806,-61.43,-2.811,-55.879,-2.557,1099.606,2185.28,1085.673,20.0,-0.942,-1251.978,193.688,-317.27,2.029,28.873,133.714,732.934,0.244,-51.377,-66.776,-20.833,-59.333,14.0,-34.669,269.0,78.0,34.396,-55.162,0.692,-2.525,29.648,40.709,175.849,0.687,-2.497,-94.896,-2.552,-102.089,0.593,temp_g21_08_0001,bi-obj/run12/g21/g21_20.pdb.sc,run12_g21_g21_20,-2.557,-0.4724597930908203,21,12,3
507.0,749.9313943386078,1.4791546239420272,3.3152332305908203,0.0,1.4791546239420272,136.0,80.95761263370514,0.5952765634831261,2.534990072250366,3.3169078607769573,3.9121844242600834,35.0,11.52522873878479,0.3292922496795654,0.8702435493469238,4.402249431610107,4.731541681289673,92.48284137248991,171.0,38,37,252,256,508,run12_g21_g21_21,bi-obj/run12/g21/g21_21.pdb,-499.892,-1.858,-62.712,-2.883,-55.152,-2.536,1156.675,2175.202,1018.527,21.0,-2.04,-1261.65,192.284,-327.58,2.094,29.944,130.624,734.959,0.226,-49.347,-65.849,-22.189,-59.815,12.0,-34.241,269.0,79.0,35.004,-52.919,0.645,-2.828,33.335,40.593,176.13,0.633,-2.95,-106.199,-2.726,-117.2,0.771,temp_g21_01_0001,bi-obj/run12/g21/g21_21.pdb.sc,run12_g21_g21_21,-2.536,0.4275989532470703,21,12,0
512.0,754.8973265886307,1.4744088409934193,3.33815336227417,0.0,1.4744088409934193,133.0,82.2852703332901,0.6186862431074444,2.358733654022217,3.3264299451856685,3.9451161882931127,33.0,7.060372352600098,0.2139506773515181,0.8868227005004883,4.377859643011382,4.5918103203629,89.3456426858902,166.0,38,38,249,264,513,run12_g21_g21_22,bi-obj/run12/g21/g21_22.pdb,-482.534,-1.794,-56.189,-2.637,-51.454,-2.415,1081.901,2131.036,1049.135,23.0,-0.942,-1253.043,192.303,-317.82,2.064,29.421,131.409,739.662,0.255,-52.519,-64.711,-21.04,-59.303,13.0,-36.027,269.0,77.0,34.197,-52.108,0.639,-2.365,31.886,41.561,171.841,0.719,-2.298,-85.014,-2.427,-97.081,0.635,temp_g21_11_0001,bi-obj/run12/g21/g21_22.pdb.sc,run12_g21_g21_22,-2.415,0.4178371429443359,21,12,2
528.0,779.9415148496628,1.4771619599425432,3.4032764434814453,0.0,1.4771619599425432,137.0,79.352365732193,0.5792143484101678,2.953403949737549,3.340296158825394,3.919510507235562,35.0,10.31158971786499,0.2946168490818568,1.016404628753662,4.372808456420898,4.667425305502755,89.66395545005798,172.0,38,38,265,264,529,run12_g21_g21_3,bi-obj/run12/g21/g21_3.pdb,-483.754,-1.798,-59.417,-2.688,-51.116,-2.312,1186.776,2210.796,1024.02,19.0,-1.79,-1277.527,195.891,-313.597,2.322,30.365,136.589,719.892,0.212,-52.536,-62.512,-21.231,-57.435,12.0,-34.665,269.0,76.0,38.591,-48.591,0.688,-2.525,36.447,41.817,183.591,0.722,-2.506,-92.725,-2.543,-99.188,0.624,temp_g21_07_0001,bi-obj/run12/g21/g21_3.pdb.sc,run12_g21_g21_3,-2.312,0.5718250274658203,21,12,3
503.0,743.4368337392807,1.4780056336765024,3.3624870777130127,0.0,1.4780056336765024,124.0,78.14588069915771,0.630208715315788,2.463035345077514,3.348632258753623,3.978840974069411,39.0,8.157636404037476,0.2091701642060891,0.9008288383483888,4.580536316602658,4.789706480808747,86.30351710319519,163.0,38,38,240,264,504,run12_g21_g21_4,bi-obj/run12/g21/g21_4.pdb,-469.378,-1.745,-58.374,-2.718,-51.117,-2.38,1023.874,2147.925,1124.052,20.0,-0.942,-1244.258,188.981,-320.932,2.004,28.117,133.122,733.118,0.266,-52.062,-63.888,-20.844,-59.339,14.0,-33.179,269.0,78.0,35.336,-51.535,0.651,-2.255,37.846,42.391,176.04,0.694,-2.391,-90.867,-2.126,-85.038,0.645,temp_g21_17_0001,bi-obj/run12/g21/g21_4.pdb.sc,run12_g21_g21_4,-2.38,1.0671796798706057,21,12,1
515.0,760.0353479385376,1.4757967921136652,3.34932017326355,0.0,1.4757967921136652,132.0,82.19165134429932,0.6226640253356008,2.358733654022217,3.2999489361589607,3.9226129614945617,36.0,7.855952501296997,0.2182209028138054,0.8658332824707031,4.510965738031599,4.729186640845405,90.04760384559631,168.0,38,38,252,264,516,run12_g22_g22_13,bi-obj/run12/g22/g22_13.pdb,-476.62,-1.772,-55.502,-2.588,-49.893,-2.326,1052.77,2144.826,1092.056,21.0,-0.942,-1257.133,192.689,-315.265,2.088,29.493,135.745,735.064,0.256,-52.161,-64.163,-20.67,-59.518,13.0,-36.029,269.0,77.0,36.135,-50.644,0.667,-2.375,33.85,40.554,173.686,0.707,-2.441,-90.315,-2.314,-92.563,0.602,temp_g22_24_0001,bi-obj/run12/g22/g22_13.pdb.sc,run12_g22_g22_13,-2.326,0.4908819198608398,22,12,3
508.0,752.4563915729523,1.481213369238095,3.316951036453247,0.0,1.481213369238095,136.0,81.07790172100067,0.5961610420661814,2.542375326156616,3.356198744738803,3.9523597868049847,38.0,11.70699977874756,0.3080789415459883,0.859929084777832,4.41602004829206,4.724098989838048,92.78490149974824,174.0,38,37,253,256,509,run12_g22_g22_16,bi-obj/run12/g22/g22_16.pdb,-501.851,-1.866,-62.218,-2.85,-53.906,-2.469,1149.078,2183.44,1034.363,18.0,-1.899,-1256.873,192.468,-332.476,2.087,29.441,130.708,733.372,0.238,-51.381,-65.202,-22.749,-59.863,13.0,-33.864,269.0,78.0,36.014,-53.634,0.634,-2.897,33.643,40.052,177.534,0.625,-2.917,-105.001,-2.88,-120.942,0.771,temp_g22_07_0001,bi-obj/run12/g22/g22_16.pdb.sc,run12_g22_g22_16,-2.469,0.1858768463134765,22,12,3
520.0,766.6304454803467,1.4742893182314358,3.3055760860443115,0.0,1.4742893182314358,138.0,81.05165195465088,0.5873308112655861,2.5400915145874023,3.33540830232095,3.922739113586536,44.0,7.927767753601074,0.1801765398545698,0.9674286842346193,4.477256764065135,4.657433303919706,88.97941970825195,182.0,38,38,257,264,521,run12_g22_g22_18,bi-obj/run12/g22/g22_18.pdb,-481.689,-1.791,-53.69,-2.474,-43.047,-1.984,1091.836,2169.966,1078.131,24.0,-0.942,-1265.944,205.256,-333.141,2.048,30.189,138.902,747.591,0.282,-55.116,-65.775,-22.29,-57.866,11.0,-32.902,269.0,77.0,36.778,-54.113,0.711,-2.468,33.212,40.588,171.247,0.686,-2.3,-85.083,-2.624,-104.961,0.588,temp_g22_13_0001,bi-obj/run12/g22/g22_18.pdb.sc,run12_g22_g22_18,-1.984,-0.3780174255371094,22,12,15
517.0,763.8881212472916,1.4775398863583975,3.3356821537017822,0.0,1.4775398863583975,139.0,82.06526350975037,0.5903975792068372,2.9166083335876465,3.328104099781393,3.91850167898823,43.0,12.160321712493896,0.2827981793603232,0.8419356346130371,4.422535990559777,4.705334169920101,94.22558522224426,182.0,38,38,255,263,518,run12_g22_g22_3,bi-obj/run12/g22/g22_3.pdb,-512.296,-1.904,-60.962,-2.886,-54.283,-2.57,1178.461,2112.364,933.903,16.0,-1.895,-1263.494,191.909,-331.567,2.104,29.196,134.477,730.958,0.22,-52.427,-65.004,-23.926,-59.335,12.0,-34.174,269.0,76.0,35.146,-53.301,0.688,-2.989,27.837,39.895,180.544,0.65,-2.921,-105.146,-3.051,-122.031,0.761,temp_g22_01_0001,bi-obj/run12/g22/g22_3.pdb.sc,run12_g22_g22_3,-2.57,-0.4923229217529297,22,12,3
528.0,779.4077485799789,1.4761510389772328,3.192565679550171,0.0,1.4761510389772328,136.0,79.15908825397491,0.5820521195145214,2.953403949737549,3.314920824240236,3.896972943754758,37.0,10.210106372833252,0.2759488208873852,1.016404628753662,4.283713031459499,4.559661852346884,89.36919462680817,173.0,38,37,273,256,529,run12_g22_g22_6,bi-obj/run12/g22/g22_6.pdb,-488.339,-1.815,-60.538,-2.763,-54.261,-2.477,1135.802,2191.016,1055.214,20.0,-1.827,-1284.142,198.813,-310.889,2.373,30.469,140.942,721.557,0.232,-52.169,-63.262,-22.775,-57.411,13.0,-34.994,269.0,74.0,41.252,-49.811,0.7,-2.57,30.592,38.899,183.375,0.689,-2.464,-88.721,-2.67,-101.447,0.668,temp_g22_03_0001,bi-obj/run12/g22/g22_6.pdb.sc,run12_g22_g22_6,-2.477,0.2624149322509765,22,12,2
564.0,831.2134447097778,1.4737827033861308,3.248852252960205,0.0,1.4737827033861308,151.0,90.53981184959412,0.5996014029774445,2.4852120876312256,3.3021578536128366,3.901759256590281,50.0,13.68379831314087,0.2736759662628173,1.0219941139221191,4.268905634880066,4.542581601142883,104.223610162735,201.0,38,39,293,272,565,run12_g22_g22_8,bi-obj/run12/g22/g22_8.pdb,-448.818,-1.668,-52.121,-2.237,-37.62,-1.615,1227.173,2329.721,1102.548,36.0,-1.893,-1302.982,210.708,-312.258,2.241,33.159,151.054,737.217,0.172,-44.199,-61.989,-24.096,-55.732,7.0,-34.579,269.0,77.0,49.062,-51.902,0.676,-2.363,32.089,41.215,183.392,0.654,-2.158,-81.999,-2.562,-99.914,0.678,temp_g22_08_0001,bi-obj/run12/g22/g22_8.pdb.sc,run12_g22_g22_8,-1.615,0.5190868377685547,22,12,9
546.0,802.8122012615204,1.4703520169624915,3.1119563579559326,0.0,1.4703520169624915,137.0,83.67555010318756,0.6107704387093983,2.343534231185913,3.2875612521693656,3.898331690878764,41.0,10.7183575630188,0.2614233551955804,0.8450937271118164,4.32214271731493,4.58356607251051,94.39390766620636,178.0,38,39,275,272,547,run12_g23_g23_1,bi-obj/run12/g23/g23_1.pdb,-451.981,-1.68,-44.507,-1.945,-31.422,-1.373,1164.311,2288.011,1123.7,28.0,-0.826,-1274.796,208.909,-319.428,2.094,31.816,144.9,744.116,0.275,-51.891,-59.767,-22.695,-56.479,9.0,-32.462,269.0,80.0,41.683,-48.751,0.731,-2.406,24.343,45.083,171.555,0.68,-2.127,-82.951,-2.671,-109.504,0.616,temp_g23_10_0001,bi-obj/run12/g23/g23_1.pdb.sc,run12_g23_g23_1,-1.373,-0.0148983001708984,23,12,15
558.0,822.1704293489456,1.4734237085106552,3.248852252960205,0.0,1.4734237085106552,147.0,86.94930291175842,0.5914918565425743,2.4852120876312256,3.3417739576222947,3.933265814164869,46.0,12.558385610580444,0.2730083828387053,1.0219941139221191,4.312363412069238,4.585371794907943,99.50768852233888,193.0,38,39,287,272,559,run12_g23_g23_10,bi-obj/run12/g23/g23_10.pdb,-462.273,-1.718,-51.961,-2.234,-40.212,-1.729,1232.171,2325.48,1093.31,30.0,-1.893,-1291.715,208.672,-314.092,2.219,32.595,142.478,737.406,0.16,-44.203,-62.497,-26.066,-57.278,7.0,-33.919,269.0,78.0,44.005,-52.088,0.659,-2.5,32.089,38.829,182.52,0.635,-2.489,-94.578,-2.511,-100.442,0.663,temp_g23_08_0001,bi-obj/run12/g23/g23_10.pdb.sc,run12_g23_g23_10,-1.729,-0.247079849243164,23,12,16
550.0,807.9601002931595,1.4690183641693808,3.142017126083374,0.0,1.4690183641693808,147.0,87.22942781448364,0.593397468125739,2.1777970790863037,3.27876877784729,3.872166245973029,48.0,12.1790509223938,0.2537302275498708,0.9059343338012696,4.2642587423324585,4.517988969882329,99.40847873687744,195.0,38,39,281,270,551,run12_g23_g23_12,bi-obj/run12/g23/g23_12.pdb,-508.045,-1.889,-55.761,-2.49,-48.948,-2.186,1212.106,2239.203,1027.097,28.0,-0.826,-1295.556,197.311,-330.959,2.193,30.26,139.833,755.852,0.212,-51.385,-63.815,-26.331,-58.669,10.0,-34.191,269.0,78.0,41.563,-51.472,0.719,-2.859,26.939,38.265,172.266,0.666,-2.706,-102.836,-3.005,-120.188,0.677,temp_g23_11_0001,bi-obj/run12/g23/g23_12.pdb.sc,run12_g23_g23_12,-2.186,-0.4286956787109375,23,12,12
503.0,744.8233617544174,1.4807621506052036,3.2967588901519775,0.0,1.4807621506052036,131.0,81.84071350097656,0.624738270999821,2.531726837158203,3.310709285372086,3.935447556371907,35.0,10.75870966911316,0.3073917048318045,0.8401837348937988,4.422549779074533,4.729941483906337,92.59942317008972,166.0,38,36,255,249,504,run12_g23_g23_13,bi-obj/run12/g23/g23_13.pdb,-504.795,-1.877,-61.202,-2.824,-53.569,-2.472,1175.674,2166.977,991.303,17.0,-1.899,-1263.79,192.552,-334.504,2.094,29.504,135.705,740.464,0.271,-52.48,-64.985,-22.439,-59.326,14.0,-33.88,269.0,78.0,35.446,-54.908,0.7,-2.955,31.257,39.184,176.446,0.618,-2.89,-106.94,-3.013,-123.523,0.766,temp_g23_16_0001,bi-obj/run12/g23/g23_13.pdb.sc,run12_g23_g23_13,-2.472,0.3897743225097656,23,12,2
518.0,764.1324870586395,1.4751592414259451,3.34932017326355,0.0,1.4751592414259451,135.0,81.83820366859436,0.6062089160636619,2.3232104778289795,3.3165376910456903,3.922746607109352,39.0,8.488981485366821,0.2176661919324826,0.9008288383483888,4.577936643209213,4.795602835141695,90.32718515396118,174.0,38,39,248,271,519,run12_g23_g23_20,bi-obj/run12/g23/g23_20.pdb,-469.176,-1.744,-55.385,-2.57,-49.861,-2.314,1062.962,2154.675,1091.713,25.0,-0.942,-1256.618,192.125,-314.534,2.065,29.383,135.71,733.646,0.247,-52.319,-63.85,-20.654,-59.11,12.0,-35.254,269.0,78.0,36.745,-51.979,0.613,-2.317,37.846,42.103,175.861,0.698,-2.348,-89.219,-2.287,-91.48,0.602,temp_g23_00_0001,bi-obj/run12/g23/g23_20.pdb.sc,run12_g23_g23_20,-2.314,-0.1166658401489257,23,12,6
520.0,769.8352843523026,1.4804524699082742,3.393482446670532,0.0,1.4804524699082742,131.0,76.48706066608429,0.5838706921075136,2.3344831466674805,3.350821830844151,3.9346925229516647,34.0,8.808054685592651,0.2590604319291956,1.016404628753662,4.522583204157212,4.781643636086407,85.29511535167694,165.0,38,38,257,264,521,run12_g23_g23_23,bi-obj/run12/g23/g23_23.pdb,-487.24,-1.811,-60.616,-2.703,-53.22,-2.373,1186.14,2242.389,1056.25,22.0,-1.747,-1263.755,195.14,-315.131,2.276,29.844,137.217,718.003,0.213,-53.208,-65.266,-21.37,-58.135,12.0,-34.241,269.0,77.0,35.457,-52.736,0.674,-2.583,34.169,41.821,183.807,0.689,-2.468,-91.333,-2.688,-107.522,0.616,temp_g23_04_0001,bi-obj/run12/g23/g23_23.pdb.sc,run12_g23_g23_23,-2.373,-0.3775310516357422,23,12,5
560.0,824.7276031970978,1.4727278628519602,3.248852252960205,0.0,1.4727278628519602,152.0,90.86480009555817,0.5977947374707774,2.387096881866455,3.293615799985434,3.891410537456211,51.0,14.100593328475952,0.2764822221269794,1.0269365310668943,4.314999645831538,4.591481867958517,104.96539342403412,203.0,38,39,289,272,561,run12_g23_g23_24,bi-obj/run12/g23/g23_24.pdb,-447.299,-1.663,-56.186,-2.385,-41.85,-1.776,1262.123,2356.163,1094.04,35.0,-1.893,-1300.467,208.84,-307.529,2.244,32.874,151.971,730.416,0.156,-43.264,-59.957,-22.506,-56.956,7.0,-35.605,269.0,79.0,48.332,-52.435,0.693,-2.293,32.089,43.844,182.023,0.664,-2.054,-80.096,-2.527,-101.078,0.68,temp_g23_23_0001,bi-obj/run12/g23/g23_24.pdb.sc,run12_g23_g23_24,-1.776,-0.1753787994384765,23,12,15
513.0,758.1594520807266,1.4778936687733462,3.3356821537017822,0.0,1.4778936687733462,140.0,81.14668250083923,0.5796191607202802,2.9166083335876465,3.344207773889814,3.9238269346100942,43.0,12.59166932106018,0.2928295190944228,0.8419356346130371,4.39837404739025,4.691203566484673,93.7383518218994,183.0,38,38,251,263,514,run12_g23_g23_7,bi-obj/run12/g23/g23_7.pdb,-513.315,-1.908,-61.36,-2.947,-54.348,-2.61,1182.63,2082.479,899.849,14.0,-1.895,-1258.538,190.114,-330.672,2.096,28.709,134.139,724.908,0.226,-52.553,-64.924,-23.918,-59.4,12.0,-33.602,269.0,75.0,36.563,-55.58,0.696,-3.024,27.837,39.951,182.683,0.654,-2.92,-105.123,-3.12,-121.663,0.767,temp_g23_03_0001,bi-obj/run12/g23/g23_7.pdb.sc,run12_g23_g23_7,-2.61,-0.4358024597167969,23,12,2
526.0,777.3591240644455,1.4778690571567406,3.292856216430664,0.0,1.4778690571567406,135.0,79.38930356502533,0.588068915296484,2.946056604385376,3.326372777974164,3.914441693270648,36.0,10.051668882369995,0.2792130245102776,0.9242844581604004,4.290961106618245,4.570174131128523,89.44097244739532,171.0,38,37,271,256,527,run12_g23_g23_8,bi-obj/run12/g23/g23_8.pdb,-493.371,-1.834,-60.819,-2.77,-54.401,-2.478,1120.786,2195.645,1074.859,16.0,-1.827,-1281.091,197.403,-315.271,2.351,29.95,141.752,719.226,0.235,-52.067,-64.364,-22.282,-57.669,13.0,-34.359,269.0,74.0,40.871,-50.38,0.665,-2.566,30.592,38.702,184.426,0.689,-2.478,-89.197,-2.65,-100.697,0.668,temp_g23_06_0001,bi-obj/run12/g23/g23_8.pdb.sc,run12_g23_g23_8,-2.478,-0.4606285095214844,23,12,3
558.0,819.380499124527,1.4684238335565,3.135190963745117,0.0,1.4684238335565,151.0,88.4886394739151,0.5860174799597027,2.180866956710815,3.2728564194496106,3.8588738994093137,51.0,12.99861979484558,0.2548748979381486,1.2899250984191897,4.235766205133176,4.490641103071325,101.48725926876068,202.0,38,39,289,270,559,run12_g23_g23_9,bi-obj/run12/g23/g23_9.pdb,-502.403,-1.868,-55.04,-2.459,-48.051,-2.146,1195.454,2238.625,1043.171,32.0,-0.826,-1302.421,203.502,-333.468,2.241,30.689,142.338,760.197,0.218,-50.359,-63.959,-27.116,-59.056,11.0,-34.489,269.0,78.0,43.595,-50.782,0.7,-2.855,26.861,37.987,172.088,0.679,-2.757,-102.022,-2.944,-120.689,0.577,temp_g23_14_0001,bi-obj/run12/g23/g23_9.pdb.sc,run12_g23_g23_9,-2.146,-0.6572952270507812,23,12,15
560.0,824.9831382036209,1.4731841753636088,3.241875171661377,0.0,1.4731841753636088,148.0,87.07542514801025,0.5883474672162855,2.4852120876312256,3.338249367636603,3.926596834852889,49.0,12.436909437179564,0.253814478309787,1.0219941139221191,4.352622830137914,4.606437308447702,99.51233458518982,197.0,38,39,289,272,561,run12_g24_g24_1,bi-obj/run12/g24/g24_1.pdb,-468.311,-1.741,-52.18,-2.246,-37.849,-1.629,1242.225,2323.075,1080.849,29.0,-1.867,-1297.844,210.387,-316.582,2.239,32.78,144.039,741.39,0.169,-44.694,-63.235,-26.378,-57.394,7.0,-34.381,269.0,78.0,40.65,-53.167,0.704,-2.472,36.182,37.467,181.432,0.632,-2.453,-93.196,-2.49,-99.599,0.663,temp_g24_10_0001,bi-obj/run12/g24/g24_1.pdb.sc,run12_g24_g24_1,-1.629,-0.3380928039550781,24,12,17
556.0,819.6322108507156,1.4741586526092008,3.350549697875977,0.0,1.4741586526092008,144.0,87.44427633285522,0.6072519189781613,2.4785263538360596,3.317821779184871,3.925073698163033,47.0,12.516631841659546,0.2663113157799903,1.0269365310668943,4.338537251695674,4.604848567475664,99.96090817451476,191.0,38,39,285,272,557,run12_g24_g24_12,bi-obj/run12/g24/g24_12.pdb,-443.974,-1.65,-51.2,-2.264,-39.544,-1.749,1209.455,2261.479,1052.024,38.0,-1.731,-1293.055,206.193,-308.33,2.231,32.913,149.315,734.603,0.237,-46.057,-61.031,-22.182,-56.26,9.0,-34.493,269.0,76.0,50.599,-50.042,0.707,-2.336,30.715,41.883,180.063,0.648,-2.185,-83.033,-2.487,-94.524,0.691,temp_g24_18_0001,bi-obj/run12/g24/g24_12.pdb.sc,run12_g24_g24_12,-1.749,0.4078788757324219,24,12,7
545.0,803.6961034536362,1.4746717494562132,3.230220317840576,0.0,1.4746717494562132,147.0,89.67060649394989,0.610004125809183,2.3894529342651367,3.282731893922196,3.892736019731379,49.0,14.120022773742676,0.2881637300763811,1.0269365310668943,4.370397733182323,4.658561463258704,103.79062926769257,196.0,38,38,281,265,546,run12_g24_g24_19,bi-obj/run12/g24/g24_19.pdb,-433.377,-1.611,-56.584,-2.439,-43.021,-1.854,1236.031,2320.159,1084.128,37.0,-1.882,-1288.282,206.243,-308.589,2.219,32.673,148.722,729.179,0.152,-45.626,-60.248,-22.519,-57.212,7.0,-35.065,269.0,78.0,50.591,-51.321,0.695,-2.282,40.785,44.044,182.239,0.665,-2.162,-82.15,-2.396,-95.821,0.671,temp_g24_24_0001,bi-obj/run12/g24/g24_19.pdb.sc,run12_g24_g24_19,-1.854,-0.0232067108154296,24,12,13
552.0,813.9240766763687,1.4745001389064651,3.291389226913452,0.0,1.4745001389064651,147.0,84.88036262989044,0.5774174328563976,2.516040086746216,3.337502446304373,3.91491987916077,41.0,12.479277610778809,0.3043726246531417,1.1308398246765137,4.241663775792936,4.546036400446078,97.35964024066924,188.0,38,39,281,272,553,run12_g24_g24_22,bi-obj/run12/g24/g24_22.pdb,-473.917,-1.762,-50.669,-2.216,-42.797,-1.872,1206.103,2286.708,1080.604,31.0,-1.893,-1277.998,197.834,-318.601,2.188,32.17,138.191,727.67,0.149,-44.821,-62.819,-21.098,-57.577,7.0,-35.048,269.0,76.0,44.829,-50.642,0.734,-2.58,32.233,38.616,182.202,0.636,-2.59,-95.848,-2.57,-100.22,0.647,temp_g24_16_0001,bi-obj/run12/g24/g24_22.pdb.sc,run12_g24_g24_22,-1.872,-0.2098655700683593,24,12,15
553.0,814.7801070213318,1.473381748682336,3.291389226913452,0.0,1.473381748682336,148.0,85.28934502601624,0.5762793582838934,2.421138286590576,3.3398362881428487,3.916115646426742,44.0,12.824505805969238,0.2914660410447554,1.0269365310668943,4.280794154513966,4.572260195558721,98.11385083198547,192.0,38,39,282,272,554,run12_g24_g24_23,bi-obj/run12/g24/g24_23.pdb,-446.174,-1.659,-48.69,-2.178,-37.979,-1.699,1153.212,2235.218,1082.006,34.0,-1.893,-1286.61,205.66,-310.515,2.205,32.791,147.918,734.735,0.168,-46.013,-62.35,-22.301,-55.772,7.0,-34.391,269.0,76.0,46.793,-49.88,0.725,-2.301,32.233,42.334,178.219,0.653,-2.105,-77.886,-2.487,-96.98,0.663,temp_g24_19_0001,bi-obj/run12/g24/g24_23.pdb.sc,run12_g24_g24_23,-1.699,-0.2430572509765625,24,12,16
500.0,738.5817592144012,1.4771635184288026,3.3531134128570557,0.0,1.4771635184288026,137.0,79.43765556812286,0.5798369019571012,2.9166083335876465,3.3256043160918853,3.9054412180489866,40.0,10.246540546417236,0.2561635136604309,0.8421421051025391,4.367138797044754,4.623302310705185,89.6841961145401,177.0,38,36,253,248,501,run12_g24_g24_4,bi-obj/run12/g24/g24_4.pdb,-502.014,-1.866,-60.121,-2.882,-51.544,-2.471,1245.562,2086.38,840.819,15.0,-1.836,-1264.507,192.762,-330.647,2.185,28.774,137.061,729.774,0.244,-53.333,-65.03,-24.162,-59.523,12.0,-33.398,269.0,75.0,36.762,-54.556,0.695,-2.989,36.396,38.889,181.595,0.691,-2.864,-103.087,-3.105,-121.097,0.78,temp_g24_07_0001,bi-obj/run12/g24/g24_4.pdb.sc,run12_g24_g24_4,-2.471,0.4578933715820312,24,12,1
548.0,805.5364060401917,1.4699569453288168,3.1119563579559326,0.0,1.4699569453288168,140.0,85.03591513633728,0.6073993938309806,2.587745428085327,3.2924985357693264,3.899897929600307,41.0,11.894774436950684,0.290116449681724,0.8599162101745605,4.296957399786972,4.5870738494686965,96.93068957328796,181.0,38,39,277,272,549,run12_g24_g24_6,bi-obj/run12/g24/g24_6.pdb,-459.883,-1.71,-48.902,-2.161,-37.055,-1.637,1137.058,2262.972,1125.915,27.0,-0.826,-1282.705,208.476,-324.628,2.215,32.054,148.744,747.556,0.305,-54.562,-60.109,-23.539,-56.685,11.0,-32.36,269.0,80.0,39.303,-47.511,0.69,-2.489,28.866,44.701,170.468,0.693,-2.478,-96.63,-2.499,-102.453,0.66,temp_g24_01_0001,bi-obj/run12/g24/g24_6.pdb.sc,run12_g24_g24_6,-1.637,0.3370952606201172,24,12,9
502.0,743.400758266449,1.4808780045148386,3.4348785877227783,0.0,1.4808780045148386,137.0,79.19824707508087,0.5780893947086195,2.430398464202881,3.361748066261737,3.939837460970357,42.0,10.213350296020508,0.2431750070481073,0.8401837348937988,4.360366230919247,4.603541237967355,89.41159737110138,179.0,38,36,255,248,503,run12_g25_g25_13,bi-obj/run12/g25/g25_13.pdb,-497.555,-1.85,-60.359,-2.757,-51.641,-2.359,1184.262,2189.332,1005.069,17.0,-1.862,-1262.756,192.743,-331.727,2.095,29.523,133.61,738.114,0.261,-52.141,-64.899,-23.213,-59.828,13.0,-33.481,269.0,77.0,35.905,-52.394,0.625,-2.862,36.903,38.615,176.446,0.65,-2.816,-98.543,-2.901,-121.858,0.793,temp_g25_10_0001,bi-obj/run12/g25/g25_13.pdb.sc,run12_g25_g25_13,-2.359,0.3257865905761719,25,12,3
521.0,769.7528616189957,1.4774527094414505,3.396484851837158,0.0,1.4774527094414505,136.0,80.65570652484894,0.5930566656238893,3.0503089427948,3.3086452107219135,3.9017018763458022,34.0,9.865164041519163,0.2901518835740931,1.016404628753662,4.363442203577827,4.65359408715192,90.5208705663681,170.0,38,37,267,255,522,run12_g25_g25_18,bi-obj/run12/g25/g25_18.pdb,-489.279,-1.819,-57.612,-2.629,-51.148,-2.334,1159.814,2191.547,1031.733,20.0,-1.79,-1285.48,198.115,-314.338,2.357,30.437,142.082,723.083,0.242,-52.799,-61.934,-22.78,-56.956,13.0,-34.473,269.0,75.0,38.174,-49.458,0.73,-2.58,32.04,41.318,182.503,0.715,-2.381,-85.715,-2.763,-107.759,0.623,temp_g25_17_0001,bi-obj/run12/g25/g25_18.pdb.sc,run12_g25_g25_18,-2.334,0.6037712097167969,25,12,2
516.0,762.9651019573212,1.478614538676979,3.292856216430664,0.0,1.478614538676979,132.0,79.24457716941833,0.6003377058289268,2.9703872203826904,3.304731513514663,3.90506921934359,37.0,10.651196002960203,0.2878701622421677,0.9242844581604004,4.321781783490567,4.609651945732735,89.89577317237854,169.0,38,36,270,247,517,run12_g25_g25_21,bi-obj/run12/g25/g25_21.pdb,-493.101,-1.833,-61.333,-2.822,-55.14,-2.537,1075.648,2173.531,1097.883,15.0,-1.903,-1275.484,197.445,-319.684,2.225,29.946,137.57,725.267,0.234,-53.82,-64.364,-22.204,-58.051,13.0,-34.061,269.0,73.0,37.303,-51.178,0.706,-2.37,37.332,38.452,181.493,0.688,-2.296,-80.349,-2.439,-92.667,0.617,temp_g25_11_0001,bi-obj/run12/g25/g25_21.pdb.sc,run12_g25_g25_21,-2.537,-0.1271705627441406,25,12,2
543.0,800.5952398777008,1.4743927069570917,3.230220317840576,0.0,1.4743927069570917,144.0,87.65579867362976,0.6087208241224289,2.3894529342651367,3.285324177808232,3.8940450019306607,44.0,14.105478763580322,0.3205790628086437,1.0269365310668943,4.305832283063368,4.626411345872012,101.76127743721008,188.0,38,38,279,265,544,run12_g25_g25_22,bi-obj/run12/g25/g25_22.pdb,-454.589,-1.69,-58.584,-2.473,-49.644,-2.096,1273.717,2368.49,1094.773,38.0,-1.882,-1281.602,200.739,-309.477,2.201,32.532,139.63,723.172,0.131,-45.981,-60.4,-20.601,-58.966,7.0,-35.735,269.0,78.0,46.561,-50.529,0.671,-2.513,40.785,40.999,183.327,0.664,-2.638,-100.251,-2.394,-95.766,0.638,temp_g25_19_0001,bi-obj/run12/g25/g25_22.pdb.sc,run12_g25_g25_22,-2.096,-0.7511444091796875,25,12,16
548.0,807.7687188386917,1.4740305088297294,3.291389226913452,0.0,1.4740305088297294,146.0,85.46765887737274,0.5853949238176215,2.421138286590576,3.3379486252183783,3.923343549036,44.0,12.823750019073486,0.291448864069852,1.0269365310668943,4.281385963613337,4.572834827683189,98.29140889644624,190.0,38,39,277,272,549,run12_g25_g25_24,bi-obj/run12/g25/g25_24.pdb,-445.307,-1.655,-48.76,-2.188,-36.85,-1.653,1149.874,2228.868,1078.994,34.0,-1.901,-1285.033,204.552,-308.871,2.182,32.268,147.485,733.951,0.173,-45.23,-62.449,-22.29,-55.788,7.0,-34.981,269.0,76.0,46.608,-50.366,0.74,-2.304,33.518,42.349,178.024,0.654,-2.108,-78.002,-2.49,-97.103,0.664,temp_g25_23_0001,bi-obj/run12/g25/g25_24.pdb.sc,run12_g25_g25_24,-1.653,0.6142024993896484,25,12,6
519.0,766.8706232309341,1.4775927229883123,3.3356821537017822,0.0,1.4775927229883123,146.0,81.64279675483704,0.559197238046829,2.86649751663208,3.3326594290668017,3.8918566671136303,43.0,11.12136435508728,0.258636380350867,0.8419356346130371,4.367334903672684,4.625971284023551,92.76416110992432,189.0,38,38,257,263,520,run12_g25_g25_7,bi-obj/run12/g25/g25_7.pdb,-517.131,-1.922,-62.998,-2.963,-56.6,-2.662,1142.743,2126.177,983.433,15.0,-1.895,-1269.819,190.143,-328.423,2.081,29.103,136.689,733.926,0.229,-54.273,-64.864,-24.119,-59.595,13.0,-34.771,269.0,76.0,35.852,-54.008,0.713,-3.066,27.837,38.796,179.456,0.674,-2.922,-105.189,-3.196,-127.843,0.751,temp_g25_13_0001,bi-obj/run12/g25/g25_7.pdb.sc,run12_g25_g25_7,-2.662,-0.2839393615722656,25,12,1
499.0,736.970400929451,1.476894591040984,3.3531134128570557,0.0,1.476894591040984,135.0,79.00730204582214,0.5852392744134973,2.9166083335876465,3.316106506630226,3.901345781043724,39.0,9.806696891784668,0.2514537664560171,0.8421421051025391,4.383901327084272,4.63535509354029,88.81399893760681,174.0,38,36,252,248,500,run12_g26_g26_11,bi-obj/run12/g26/g26_11.pdb,-500.537,-1.861,-60.404,-2.891,-51.844,-2.482,1247.628,2089.186,841.558,15.0,-1.836,-1263.065,192.906,-330.863,2.185,28.841,136.483,731.365,0.243,-53.456,-64.996,-24.021,-59.538,12.0,-33.29,269.0,75.0,36.811,-54.217,0.673,-2.978,36.396,38.825,180.153,0.696,-2.865,-103.154,-3.081,-120.173,0.779,temp_g26_06_0001,bi-obj/run12/g26/g26_11.pdb.sc,run12_g26_g26_11,-2.482,-0.5145187377929688,26,12,4
542.0,797.591445684433,1.4715709329971087,3.2597556114196777,0.0,1.4715709329971087,131.0,81.90250265598297,0.6252099439388014,2.343534231185913,3.2972423511607047,3.922452295099506,40.0,10.353985786437988,0.2588496446609497,0.8077507019042969,4.4124439537525175,4.671293598413468,92.25648844242096,171.0,38,39,271,272,543,run12_g26_g26_19,bi-obj/run12/g26/g26_19.pdb,-457.322,-1.7,-46.983,-2.073,-33.758,-1.49,1126.016,2266.39,1140.375,25.0,-0.826,-1267.073,205.523,-325.974,2.073,30.982,144.16,739.46,0.313,-50.193,-61.05,-22.181,-56.636,11.0,-30.827,269.0,80.0,41.213,-49.868,0.733,-2.394,24.343,45.241,173.694,0.676,-2.15,-83.842,-2.627,-107.712,0.616,temp_g26_08_0001,bi-obj/run12/g26/g26_19.pdb.sc,run12_g26_g26_19,-1.49,-0.0515613555908203,26,12,15
562.0,827.6841852664948,1.4727476606165386,3.4022674560546875,0.0,1.4727476606165386,147.0,86.2903596162796,0.5870092490903375,2.4852120876312256,3.3238831888250755,3.910892437915413,50.0,13.608921527862549,0.272178430557251,1.0219941139221191,4.4424883031845095,4.71466673374176,99.89928114414217,197.0,38,39,291,272,563,run12_g26_g26_24,bi-obj/run12/g26/g26_24.pdb,-462.723,-1.72,-52.966,-2.258,-36.417,-1.552,1258.175,2345.926,1087.751,31.0,-1.868,-1300.213,213.079,-314.84,2.27,32.528,146.149,742.568,0.192,-46.286,-62.613,-24.011,-57.434,7.0,-34.31,269.0,76.0,42.246,-52.183,0.735,-2.382,35.23,35.924,180.344,0.65,-2.259,-83.588,-2.498,-97.441,0.696,temp_g26_17_0001,bi-obj/run12/g26/g26_24.pdb.sc,run12_g26_g26_24,-1.552,0.2237281799316406,26,12,10
526.0,776.2978349924088,1.475851397323971,3.192565679550171,0.0,1.475851397323971,135.0,79.34212183952332,0.587719421033506,2.953403949737549,3.309225889488503,3.8969453105220087,40.0,10.610837697982788,0.2652709424495697,1.016404628753662,4.287962710857391,4.553233653306961,89.9529595375061,175.0,38,37,271,256,527,run12_g26_g26_3,bi-obj/run12/g26/g26_3.pdb,-485.644,-1.805,-61.368,-2.818,-55.373,-2.542,1149.551,2177.995,1028.444,22.0,-1.827,-1283.55,198.213,-309.332,2.397,30.353,141.689,719.514,0.237,-50.232,-61.221,-22.775,-58.48,13.0,-35.392,269.0,74.0,41.421,-51.424,0.72,-2.544,30.592,39.28,184.463,0.695,-2.475,-89.099,-2.61,-99.192,0.666,temp_g26_23_0001,bi-obj/run12/g26/g26_3.pdb.sc,run12_g26_g26_3,-2.542,-0.1498775482177734,26,12,2
551.0,812.3474868535995,1.474314858173502,3.291389226913452,0.0,1.474314858173502,146.0,84.81205189228058,0.5809044650156204,2.5211312770843506,3.3420450091362,3.922949474151821,42.0,12.462369441986084,0.2967230819520496,1.1308398246765137,4.24313007082258,4.539853152774629,97.27442133426666,188.0,38,39,280,272,552,run12_g26_g26_8,bi-obj/run12/g26/g26_8.pdb,-472.301,-1.756,-50.821,-2.22,-42.891,-1.873,1214.31,2289.64,1075.329,32.0,-1.893,-1276.153,198.094,-318.348,2.182,32.166,137.817,728.645,0.149,-44.93,-62.829,-21.089,-57.605,7.0,-34.846,269.0,76.0,44.835,-50.53,0.709,-2.561,32.233,38.542,180.76,0.637,-2.593,-95.948,-2.53,-98.684,0.647,temp_g26_14_0001,bi-obj/run12/g26/g26_8.pdb.sc,run12_g26_g26_8,-1.873,-0.7323837280273438,26,12,18
520.0,766.8403613567352,1.4746930026091063,3.34932017326355,0.0,1.4746930026091063,136.0,82.20033252239227,0.6044142097234726,2.332326650619507,3.3141633298467186,3.918577539570191,39.0,8.279513835906982,0.2122952265617175,0.9008288383483888,4.580413262049357,4.7927084886110745,90.47984635829926,175.0,38,39,250,271,521,run12_g27_g27_1,bi-obj/run12/g27/g27_1.pdb,-476.233,-1.77,-55.629,-2.577,-49.785,-2.306,1058.102,2158.568,1100.466,23.0,-0.942,-1259.04,192.306,-322.396,2.063,29.387,136.407,738.864,0.246,-52.288,-64.143,-20.758,-59.174,12.0,-34.669,269.0,78.0,36.686,-52.641,0.62,-2.337,37.663,41.044,174.774,0.697,-2.355,-89.507,-2.319,-92.756,0.625,temp_g27_20_0001,bi-obj/run12/g27/g27_1.pdb.sc,run12_g27_g27_1,-2.306,-0.7221641540527344,27,12,8
560.0,822.0713641643524,1.467984578864915,3.148944139480591,0.0,1.467984578864915,152.0,87.92942178249359,0.5784830380427209,2.058189392089844,3.2779013240023662,3.856384362045087,54.0,13.216699838638306,0.2447537007155242,1.287759780883789,4.2967711554633246,4.541524856178849,101.1461216211319,206.0,38,39,291,270,561,run12_g27_g27_10,bi-obj/run12/g27/g27_10.pdb,-503.067,-1.87,-58.94,-2.641,-52.455,-2.35,1196.692,2231.913,1035.221,29.0,-0.826,-1309.411,203.126,-332.585,2.253,30.9,146.295,765.445,0.264,-54.25,-62.329,-25.375,-59.229,12.0,-34.991,269.0,78.0,45.356,-50.612,0.721,-2.896,25.23,36.351,171.0,0.684,-2.846,-105.313,-2.941,-120.572,0.585,temp_g27_18_0001,bi-obj/run12/g27/g27_10.pdb.sc,run12_g27_g27_10,-2.35,0.3827781677246094,27,12,3
563.0,829.1057603359222,1.4726567679146043,3.4022674560546875,0.0,1.4726567679146043,146.0,85.93893766403198,0.5886228607125479,2.4852120876312256,3.3116024536629247,3.9002253143754726,51.0,13.931187152862549,0.2731605324090695,1.0219941139221191,4.383583096896901,4.6567436293059705,99.87012481689452,197.0,38,39,292,272,564,run12_g27_g27_13,bi-obj/run12/g27/g27_13.pdb,-464.075,-1.725,-54.005,-2.298,-37.832,-1.61,1260.6,2349.577,1088.977,31.0,-0.826,-1301.857,213.807,-316.397,2.231,32.728,145.851,743.697,0.19,-46.554,-62.609,-23.98,-57.37,7.0,-34.585,269.0,76.0,41.372,-53.181,0.707,-2.389,39.171,35.488,178.241,0.65,-2.187,-78.728,-2.57,-102.806,0.696,temp_g27_24_0001,bi-obj/run12/g27/g27_13.pdb.sc,run12_g27_g27_13,-1.61,0.0269279479980468,27,12,14
544.0,802.0501440763474,1.4743568824932856,3.471705675125122,0.0,1.4743568824932856,141.0,82.7321525812149,0.5867528551859214,2.69730544090271,3.333378787581802,3.920131642767723,37.0,11.139124631881714,0.3010574224832895,1.155897617340088,4.410142151085106,4.711199573568396,93.87127721309662,178.0,38,40,268,277,545,run12_g27_g27_20,bi-obj/run12/g27/g27_20.pdb,-507.053,-1.885,-57.451,-2.535,-50.318,-2.22,1195.417,2266.503,1071.085,25.0,-1.784,-1278.073,196.601,-331.789,2.179,29.534,139.605,732.789,0.235,-50.818,-66.813,-26.657,-58.246,11.0,-34.184,269.0,77.0,37.25,-47.927,0.705,-2.88,28.186,40.411,181.977,0.671,-2.704,-102.749,-3.051,-118.976,0.706,temp_g27_17_0001,bi-obj/run12/g27/g27_20.pdb.sc,run12_g27_g27_20,-2.22,-0.4187564849853515,27,12,11
544.0,799.9590641260147,1.4705129855257624,3.2597556114196777,0.0,1.4705129855257624,132.0,82.24346029758453,0.6230565174059435,2.3518991470336914,3.288788635622371,3.911845153028315,39.0,10.493651151657104,0.2690679782476181,1.15047025680542,4.472233246534299,4.741301224781917,92.73711144924164,171.0,38,39,273,272,545,run12_g27_g27_21,bi-obj/run12/g27/g27_21.pdb,-481.737,-1.791,-48.49,-2.15,-37.362,-1.657,1107.586,2255.033,1147.446,19.0,-0.826,-1277.002,204.108,-331.899,2.098,31.136,145.629,744.482,0.315,-51.508,-61.929,-24.969,-57.012,12.0,-30.11,269.0,80.0,35.46,-51.781,0.695,-2.601,27.041,42.078,172.606,0.653,-2.406,-93.816,-2.787,-114.265,0.661,temp_g27_19_0001,bi-obj/run12/g27/g27_21.pdb.sc,run12_g27_g27_21,-1.657,0.5787353515625,27,12,7
495.0,731.4251621961594,1.4776265902952714,3.320247173309326,0.0,1.4776265902952714,133.0,80.02162575721741,0.6016663590768226,3.0758056640625,3.2875899443949077,3.88925630347173,36.0,9.177377700805664,0.2549271583557129,0.8451013565063477,4.305464009443919,4.560391167799632,89.19900345802307,169.0,38,35,255,241,496,run12_g27_g27_6,bi-obj/run12/g27/g27_6.pdb,-507.681,-1.887,-58.549,-2.824,-51.564,-2.487,1152.141,2072.98,920.839,13.0,-1.836,-1273.594,191.602,-332.653,2.195,28.936,143.698,737.277,0.285,-55.978,-65.846,-24.704,-59.411,13.0,-33.444,269.0,76.0,35.115,-54.928,0.703,-3.015,36.968,37.631,180.507,0.678,-2.864,-103.11,-3.151,-126.049,0.784,temp_g27_14_0001,bi-obj/run12/g27/g27_6.pdb.sc,run12_g27_g27_6,-2.487,0.4258365631103515,27,12,1
533.0,785.790036201477,1.4742777414661858,3.429292917251587,0.0,1.4742777414661858,139.0,82.62794172763824,0.5944456239398435,3.041334390640259,3.3246314276894218,3.9190770516292655,41.0,10.760022401809692,0.2624395707758462,0.9899411201477052,4.479921352572557,4.742360923348404,93.38796412944794,180.0,38,39,264,270,534,run12_g28_g28_12,bi-obj/run12/g28/g28_12.pdb,-497.827,-1.851,-58.474,-2.605,-51.651,-2.301,1127.312,2244.318,1117.006,21.0,-1.798,-1274.975,195.126,-335.714,2.17,29.308,139.635,742.334,0.272,-54.178,-66.011,-28.448,-58.458,13.0,-33.747,269.0,75.0,37.716,-47.401,0.691,-2.78,36.243,39.663,180.017,0.684,-2.606,-93.8,-2.941,-114.705,0.691,temp_g28_12_0001,bi-obj/run12/g28/g28_12.pdb.sc,run12_g28_g28_12,-2.301,0.077951431274414,28,12,6
556.0,816.8594744205475,1.4691717165837186,3.281160831451416,0.0,1.4691717165837186,150.0,87.36353254318237,0.5824235502878825,2.180866956710815,3.285904687245687,3.8683282375335697,53.0,12.085519552230837,0.2280286707968082,1.312971591949463,4.281472273592679,4.509500944389488,99.4490520954132,203.0,38,39,287,270,557,run12_g28_g28_13,bi-obj/run12/g28/g28_13.pdb,-512.075,-1.904,-54.87,-2.482,-49.645,-2.246,1210.829,2210.468,999.639,30.0,-0.826,-1296.989,199.759,-333.451,2.216,30.038,141.197,753.71,0.211,-50.931,-64.336,-27.218,-58.896,11.0,-34.206,269.0,77.0,42.615,-51.877,0.672,-2.945,26.861,36.556,173.138,0.676,-2.769,-102.465,-3.108,-124.333,0.564,temp_g28_08_0001,bi-obj/run12/g28/g28_13.pdb.sc,run12_g28_g28_13,-2.246,-0.6549091339111328,28,12,11
528.0,779.7295639514923,1.4767605377869173,3.396484851837158,0.0,1.4767605377869173,134.0,80.62862157821655,0.6017061311807206,3.0503089427948,3.3104805554916608,3.912186686672382,35.0,10.010422468185425,0.2860120705195835,1.016404628753662,4.363388463429042,4.649400533948626,90.63904404640198,169.0,38,38,265,264,529,run12_g28_g28_14,bi-obj/run12/g28/g28_14.pdb,-486.881,-1.81,-58.342,-2.66,-52.147,-2.378,1180.878,2193.099,1012.221,20.0,-1.79,-1285.044,197.09,-313.19,2.374,30.32,142.713,721.442,0.247,-50.863,-59.921,-22.78,-58.072,13.0,-34.929,269.0,75.0,38.342,-50.94,0.722,-2.564,32.04,42.112,183.591,0.722,-2.39,-86.032,-2.725,-106.26,0.624,temp_g28_05_0001,bi-obj/run12/g28/g28_14.pdb.sc,run12_g28_g28_14,-2.378,-0.024087905883789,28,12,4
553.0,809.1176192760468,1.463142168672779,3.135190963745117,0.0,1.463142168672779,157.0,91.83463072776794,0.5849339536800506,2.4116063117980957,3.3031358642942585,3.8880698179743094,51.0,11.789919376373293,0.2311748897328096,1.2626657485961914,4.300814207862405,4.531989097595215,103.62455010414124,208.0,38,39,284,270,554,run12_g28_g28_18,bi-obj/run12/g28/g28_18.pdb,-508.811,-1.891,-53.595,-2.451,-48.854,-2.234,1163.622,2186.333,1022.712,32.0,-1.099,-1305.991,201.439,-335.686,2.211,30.483,148.216,764.755,0.286,-51.494,-64.043,-26.191,-59.818,13.0,-35.152,269.0,74.0,39.07,-50.317,0.713,-2.826,25.62,38.85,169.75,0.677,-2.583,-90.398,-3.044,-118.729,0.586,temp_g28_16_0001,bi-obj/run12/g28/g28_18.pdb.sc,run12_g28_g28_18,-2.234,-0.0048599243164062,28,12,8
497.0,734.4180941581726,1.4777024027327417,3.3531134128570557,0.0,1.4777024027327417,131.0,78.31483888626099,0.5978231976050457,2.851006507873535,3.318167943080873,3.9159911406859185,38.0,9.954283237457275,0.2619548220383493,0.8421421051025391,4.3050275099904916,4.56698233202884,88.26912212371826,169.0,38,36,250,248,498,run12_g28_g28_2,bi-obj/run12/g28/g28_2.pdb,-503.167,-1.871,-61.631,-2.903,-53.012,-2.497,1265.922,2123.207,857.285,15.0,-1.836,-1258.09,190.517,-329.882,2.179,28.435,134.7,726.509,0.246,-53.741,-64.992,-23.764,-59.691,12.0,-33.553,269.0,75.0,35.427,-53.675,0.671,-2.996,36.396,39.827,181.204,0.686,-2.866,-103.182,-3.115,-121.494,0.862,temp_g28_07_0001,bi-obj/run12/g28/g28_2.pdb.sc,run12_g28_g28_2,-2.497,0.6730155944824219,28,12,0
520.0,768.1415526866913,1.4771952936282524,3.2821719646453857,0.0,1.4771952936282524,148.0,84.34563827514648,0.5699029613185573,2.8688063621520996,3.312798359909573,3.8827013212281303,46.0,11.012134313583374,0.2393942242083342,0.8401837348937988,4.3996294529541675,4.639023677162502,95.35777258872986,194.0,38,37,265,256,521,run12_g28_g28_5,bi-obj/run12/g28/g28_5.pdb,-522.592,-1.943,-64.758,-2.974,-58.068,-2.667,1183.38,2177.369,993.988,17.0,-1.862,-1280.481,193.798,-333.289,2.148,30.038,139.031,739.178,0.235,-55.115,-64.282,-24.277,-59.59,14.0,-34.738,269.0,76.0,35.824,-53.954,0.703,-3.099,28.035,36.939,179.24,0.7,-2.911,-104.781,-3.268,-130.738,0.765,temp_g28_04_0001,bi-obj/run12/g28/g28_5.pdb.sc,run12_g28_g28_5,-2.667,0.4171943664550781,28,12,0
546.0,802.936553478241,1.470579768275167,3.248225688934326,0.0,1.470579768275167,139.0,83.44958972930908,0.6003567606425114,2.3254411220550537,3.2897880952135266,3.890144855856038,49.0,10.92894434928894,0.2230396805977335,0.8450937271118164,4.400830278591234,4.623869959188967,94.37853407859802,188.0,38,38,283,264,547,run12_g29_g29_17,bi-obj/run12/g29/g29_17.pdb,-459.081,-1.707,-50.815,-2.279,-37.676,-1.69,1140.533,2229.611,1089.078,25.0,-0.826,-1288.192,210.686,-326.04,2.136,32.828,145.979,749.537,0.287,-51.315,-62.781,-27.488,-56.3,10.0,-32.103,269.0,77.0,43.709,-48.1,0.738,-2.536,34.793,42.421,171.34,0.654,-2.206,-83.833,-2.857,-111.417,0.636,temp_g29_21_0001,bi-obj/run12/g29/g29_17.pdb.sc,run12_g29_g29_17,-1.69,-0.0239887237548828,29,12,14
510.0,755.3249515295029,1.4810293167245154,3.475943803787231,0.0,1.4810293167245154,127.0,73.2056440114975,0.5764223937913189,2.3816113471984863,3.3707775253010546,3.9471999190923737,32.0,7.49089503288269,0.234090469777584,1.016404628753662,4.4284393191337585,4.662529788911343,80.69653904438019,159.0,38,37,255,256,511,run12_g29_g29_18,bi-obj/run12/g29/g29_18.pdb,-488.033,-1.814,-60.826,-2.713,-54.929,-2.45,1194.041,2242.291,1048.25,19.0,-0.826,-1253.12,194.335,-315.781,2.225,29.838,135.289,713.25,0.209,-53.625,-65.007,-21.4,-58.266,12.0,-33.906,269.0,74.0,38.194,-55.701,0.638,-2.564,32.346,42.158,181.35,0.704,-2.549,-89.209,-2.578,-100.543,0.615,temp_g29_15_0001,bi-obj/run12/g29/g29_18.pdb.sc,run12_g29_g29_18,-2.45,1.591461181640625,29,12,0
518.0,765.6991891860962,1.4781837629075216,3.2821719646453857,0.0,1.4781837629075216,147.0,83.251699924469,0.5663380947242789,2.3880226612091064,3.3368561154320124,3.903194210156291,44.0,10.34940218925476,0.2352136861194264,0.7715473175048828,4.400325244123286,4.635538930242712,93.60110211372375,191.0,38,37,263,256,519,run12_g29_g29_2,bi-obj/run12/g29/g29_2.pdb,-520.969,-1.937,-65.575,-3.024,-58.623,-2.704,1154.803,2168.232,1013.43,19.0,-1.862,-1279.543,193.509,-332.036,2.147,29.925,139.168,736.03,0.24,-53.206,-65.426,-24.368,-59.558,14.0,-34.542,269.0,76.0,36.079,-54.328,0.703,-3.064,28.035,37.913,180.328,0.704,-2.892,-104.118,-3.218,-128.71,0.765,temp_g29_05_0001,bi-obj/run12/g29/g29_2.pdb.sc,run12_g29_g29_2,-2.704,-0.2406463623046875,29,12,0
493.0,729.4022668600082,1.4795177826775014,3.363236665725708,0.0,1.4795177826775014,132.0,77.64389443397522,0.5882113214695093,2.9166083335876465,3.3357723355293274,3.923983656998837,37.0,9.226946115493774,0.2493769220403723,0.9273514747619628,4.421089700750403,4.670466622790775,86.870840549469,169.0,38,36,246,248,494,run12_g29_g29_20,bi-obj/run12/g29/g29_20.pdb,-501.813,-1.865,-59.443,-2.865,-53.346,-2.572,1178.542,2074.458,895.916,15.0,-1.857,-1254.916,189.245,-333.557,2.14,28.746,133.431,733.89,0.237,-54.631,-65.425,-24.057,-59.99,12.0,-32.44,269.0,74.0,35.92,-54.316,0.675,-2.988,36.636,39.306,179.281,0.689,-2.846,-99.611,-3.116,-121.52,0.779,temp_g29_17_0001,bi-obj/run12/g29/g29_20.pdb.sc,run12_g29_g29_20,-2.572,-0.0152473449707031,29,12,1
513.0,756.491132736206,1.4746415842811034,3.259225845336914,0.0,1.4746415842811034,130.0,83.63830816745758,0.6433716012881352,2.3665313720703125,3.2903494257193344,3.93372102700747,32.0,7.893228054046631,0.2466633766889572,0.591731071472168,4.48674613982439,4.733409516513348,91.5315362215042,162.0,38,38,250,264,514,run12_g29_g29_23,bi-obj/run12/g29/g29_23.pdb,-483.854,-1.799,-55.914,-2.582,-46.761,-2.159,1075.037,2165.614,1090.577,21.0,-0.942,-1256.22,190.551,-324.132,2.115,29.582,133.999,736.054,0.278,-52.381,-65.322,-20.825,-59.476,13.0,-34.635,269.0,76.0,34.6,-53.296,0.695,-2.447,40.431,40.633,174.774,0.699,-2.631,-94.725,-2.281,-91.235,0.635,temp_g29_06_0001,bi-obj/run12/g29/g29_23.pdb.sc,run12_g29_g29_23,-2.159,-1.0729084014892578,29,12,15
552.0,808.0375761985779,1.4638361887655396,3.318631887435913,0.0,1.4638361887655396,150.0,91.5876166820526,0.610584111213684,2.648160219192505,3.2767358748118083,3.887319986025493,52.0,11.701576232910156,0.2250303121713491,1.2387056350708008,4.285715153584113,4.510745465755463,103.28919291496275,202.0,38,39,283,270,553,run12_g29_g29_24,bi-obj/run12/g29/g29_24.pdb,-516.142,-1.919,-53.707,-2.457,-48.502,-2.219,1199.715,2185.935,986.22,28.0,-1.099,-1304.982,197.938,-336.891,2.199,29.9,148.706,761.469,0.29,-52.021,-63.97,-25.83,-59.782,13.0,-34.5,269.0,75.0,39.596,-52.162,0.671,-2.892,25.62,36.847,172.242,0.678,-2.58,-90.29,-3.164,-126.575,0.577,temp_g29_22_0001,bi-obj/run12/g29/g29_24.pdb.sc,run12_g29_g29_24,-2.219,-0.19219970703125,29,12,10
555.0,811.9363014698029,1.4629482909365816,3.0909101963043213,0.0,1.4629482909365816,152.0,92.5784672498703,0.6090688634859888,2.695913791656494,3.256615739903952,3.865684603389941,46.0,10.376437902450562,0.2255747370097948,1.2626657485961914,4.288966038952703,4.514540775962498,102.95490515232086,198.0,38,39,286,270,556,run12_g29_g29_3,bi-obj/run12/g29/g29_3.pdb,-519.462,-1.931,-53.474,-2.443,-48.979,-2.237,1174.251,2189.279,1015.028,30.0,-1.099,-1313.133,204.084,-336.837,2.228,30.501,152.033,767.984,0.317,-52.577,-63.592,-27.58,-59.498,14.0,-34.869,269.0,75.0,36.702,-51.023,0.72,-2.914,19.27,38.703,168.662,0.686,-2.518,-88.144,-3.26,-130.4,0.583,temp_g29_18_0001,bi-obj/run12/g29/g29_3.pdb.sc,run12_g29_g29_3,-2.237,0.4237384796142578,29,12,6
548.0,806.726694226265,1.4721290040625272,3.471705675125122,0.0,1.4721290040625272,140.0,83.7787983417511,0.598419988155365,2.9768474102020264,3.321067372390202,3.919487360545567,40.0,11.411853551864624,0.2852963387966156,1.028951644897461,4.390331244468689,4.675627583265305,95.19065189361572,180.0,38,40,272,277,549,run12_g29_g29_4,bi-obj/run12/g29/g29_4.pdb,-503.277,-1.871,-57.361,-2.537,-50.062,-2.214,1124.705,2260.719,1136.015,22.0,-1.758,-1285.035,197.304,-332.817,2.212,29.551,144.26,741.278,0.282,-51.357,-65.32,-28.536,-58.24,13.0,-34.275,269.0,76.0,37.808,-47.444,0.703,-2.852,28.186,40.411,179.801,0.688,-2.608,-96.497,-3.083,-120.248,0.691,temp_g29_03_0001,bi-obj/run12/g29/g29_4.pdb.sc,run12_g29_g29_4,-2.214,0.3294563293457031,29,12,7
500.0,740.6188995838165,1.481237799167633,3.4856624603271484,0.0,1.481237799167633,134.0,76.94730842113495,0.5742336449338429,2.3855104446411133,3.3748992992870845,3.9491329442209273,38.0,10.650292873382568,0.2802708650890149,0.840972900390625,4.359538134775664,4.6398089998646785,87.59760129451752,172.0,38,36,253,248,501,run12_g29_g29_5,bi-obj/run12/g29/g29_5.pdb,-506.294,-1.882,-60.014,-2.727,-52.731,-2.396,1172.061,2201.133,1029.072,17.0,-0.826,-1250.275,191.64,-332.312,2.051,29.511,129.963,733.795,0.256,-52.547,-65.122,-23.038,-59.713,13.0,-32.754,269.0,77.0,36.767,-56.073,0.712,-2.87,29.498,38.358,173.989,0.638,-2.824,-98.828,-2.909,-122.192,0.793,temp_g29_08_0001,bi-obj/run12/g29/g29_5.pdb.sc,run12_g29_g29_5,-2.396,1.9772834777832031,29,12,0
513.0,757.6897835731506,1.4769781356201768,3.34932017326355,0.0,1.4769781356201768,134.0,80.75421595573425,0.6026434026547333,2.361350774765014,3.3502921435370374,3.9529355461917706,36.0,7.748337507247925,0.2152315974235534,0.9008288383483888,4.53657525115543,4.751806848578983,88.50255346298218,170.0,38,38,250,264,514,run12_g29_g29_8,bi-obj/run12/g29/g29_8.pdb,-482.67,-1.794,-53.985,-2.576,-48.339,-2.307,1008.554,2095.656,1087.101,20.0,-0.942,-1256.139,191.35,-324.305,2.087,29.243,134.135,737.069,0.232,-50.301,-65.245,-20.821,-59.813,12.0,-35.332,269.0,78.0,35.056,-53.107,0.687,-2.376,38.43,40.628,174.736,0.691,-2.405,-91.388,-2.349,-93.959,0.602,temp_g29_16_0001,bi-obj/run12/g29/g29_8.pdb.sc,run12_g29_g29_8,-2.307,-0.017918586730957,29,12,6
539.0,793.7914761304855,1.4727114584981178,3.28822660446167,0.0,1.4727114584981178,143.0,86.68638372421265,0.6061984875819066,2.7635252475738525,3.2824308772187134,3.88862936480062,36.0,11.460373163223268,0.3183436989784241,1.4188504219055176,4.21908132897483,4.537425027953254,98.14675688743591,179.0,38,39,270,270,540,run12_g3_g3_1,bi-obj/run12/g3/g3_1.pdb,-433.691,-1.612,-43.989,-1.925,-35.521,-1.554,1102.691,2285.328,1182.637,20.0,-1.882,-1276.613,216.932,-319.773,2.125,30.458,150.489,747.423,0.23,-46.447,-60.63,-21.223,-55.387,11.0,-35.958,269.0,79.0,51.354,-50.217,0.648,-2.245,16.137,40.976,177.99,0.627,-2.046,-79.792,-2.44,-97.589,0.554,temp_g3_21_0001,bi-obj/run12/g3/g3_1.pdb.sc,run12_g3_g3_1,-1.554,-0.221832275390625,3,12,17
550.0,810.8986924886703,1.4743612590703097,3.205117464065552,0.0,1.4743612590703097,154.0,89.74068915843964,0.5827317477820756,2.2093358039855957,3.343087641449718,3.925819389231793,47.0,10.108397483825684,0.2150722868899081,0.8099894523620605,4.3904561337004315,4.60552842059034,99.84908664226532,201.0,38,39,281,270,551,run12_g3_g3_16,bi-obj/run12/g3/g3_16.pdb,-439.151,-1.633,-42.197,-1.822,-25.004,-1.08,1194.292,2315.889,1121.597,26.0,-1.956,-1300.239,221.816,-322.935,2.154,32.6,154.429,751.883,0.312,-40.08,-59.903,-24.429,-55.59,9.0,-35.623,269.0,80.0,57.674,-48.286,0.734,-2.276,9.175,43.056,176.485,0.662,-2.049,-77.854,-2.482,-104.232,0.619,temp_g3_11_0001,bi-obj/run12/g3/g3_16.pdb.sc,run12_g3_g3_16,-1.08,-0.0932750701904296,3,12,17
531.0,782.5299115180969,1.4736909821433086,3.2523319721221924,0.0,1.4736909821433086,143.0,89.02211332321167,0.6225322610014802,2.2034502029418945,3.3341913673427555,3.956723628344235,46.0,12.661772727966309,0.2752559288688328,0.9930686950683594,4.41826651925626,4.693522448125093,101.68388605117798,189.0,38,37,276,256,532,run12_g3_g3_20,bi-obj/run12/g3/g3_20.pdb,-461.614,-1.716,-33.854,-1.562,-24.742,-1.142,1055.697,2167.268,1111.572,28.0,-1.854,-1281.257,217.315,-328.988,2.206,31.619,150.957,754.869,0.192,-44.669,-59.929,-29.152,-54.223,6.0,-35.646,269.0,76.0,44.948,-51.125,0.751,-2.539,10.608,39.903,171.938,0.608,-2.438,-87.773,-2.629,-105.158,0.864,temp_g3_02_0001,bi-obj/run12/g3/g3_20.pdb.sc,run12_g3_g3_20,-1.142,-0.2598686218261719,3,12,19
537.0,791.4810847043991,1.4738940124849145,3.450584650039673,0.0,1.4738940124849145,143.0,86.8327807188034,0.607222242788835,2.81412672996521,3.265840267801618,3.873062510590453,42.0,10.97962236404419,0.2614195800962902,0.9989333152770996,4.37416030111767,4.63557988121396,97.8124030828476,185.0,38,38,275,263,538,run12_g3_g3_4,bi-obj/run12/g3/g3_4.pdb,-462.369,-1.719,-52.151,-2.371,-40.017,-1.819,998.566,2199.363,1200.796,19.0,-1.856,-1292.698,209.88,-325.643,2.14,30.991,147.195,750.728,0.373,-46.163,-63.835,-29.317,-56.186,16.0,-36.776,269.0,74.0,46.108,-48.961,0.764,-2.498,29.765,42.188,179.461,0.683,-2.192,-76.731,-2.773,-108.142,0.609,temp_g3_17_0001,bi-obj/run12/g3/g3_4.pdb.sc,run12_g3_g3_4,-1.819,-0.473947525024414,3,12,17
539.0,794.4026807546616,1.4738454188398171,3.450584650039673,0.0,1.4738454188398171,144.0,86.98687517642975,0.6040755220585399,2.81412672996521,3.2725312088926635,3.8766067309512033,42.0,11.107620239257812,0.2644671485537574,0.9989333152770996,4.37153586887178,4.636003017425537,98.09449541568756,186.0,38,38,277,263,540,run12_g4_g4_19,bi-obj/run12/g4/g4_19.pdb,-465.69,-1.731,-52.154,-2.377,-40.438,-1.843,997.96,2194.205,1196.245,19.0,-1.856,-1293.679,210.448,-326.202,2.147,31.075,147.052,752.061,0.37,-46.372,-64.407,-29.378,-56.491,16.0,-37.163,269.0,74.0,46.124,-49.559,0.767,-2.521,29.765,41.763,178.373,0.682,-2.186,-76.519,-2.822,-110.042,0.609,temp_g4_04_0001,bi-obj/run12/g4/g4_19.pdb.sc,run12_g4_g4_19,-1.843,0.0886287689208984,4,12,12
557.0,818.3917099237442,1.469284937026471,3.1248297691345215,0.0,1.469284937026471,153.0,84.95241248607635,0.5552445260527866,2.0335211753845215,3.255266654725168,3.810511180777955,50.0,10.788428544998167,0.2157685708999633,0.7721576690673828,4.304417214393616,4.520185785293579,95.74084103107452,203.0,38,39,288,270,558,run12_g5_g5_0,bi-obj/run12/g5/g5_0.pdb,-481.68,-1.791,-57.959,-2.536,-47.608,-2.083,1206.514,2285.656,1079.141,25.0,-1.755,-1321.102,209.378,-332.421,2.243,32.95,154.551,771.572,0.29,-54.983,-59.33,-25.215,-58.247,13.0,-33.984,269.0,80.0,44.462,-49.241,0.708,-2.609,23.897,42.202,172.725,0.705,-2.432,-94.838,-2.777,-113.847,0.617,temp_g5_09_0001,bi-obj/run12/g5/g5_0.pdb.sc,run12_g5_g5_0,-2.083,0.1944828033447265,5,12,9
536.0,790.0106459856033,1.4739004589283644,3.450584650039673,0.0,1.4739004589283644,141.0,86.00485944747925,0.6099635421807039,2.81412672996521,3.275097946748666,3.8850614889293698,42.0,11.125337600708008,0.2648889904930478,0.9989333152770996,4.383376467795599,4.6482654582886465,97.13019704818726,183.0,38,38,274,263,537,run12_g5_g5_1,bi-obj/run12/g5/g5_1.pdb,-461.858,-1.717,-52.135,-2.364,-40.425,-1.833,1022.493,2205.802,1183.31,21.0,-1.856,-1288.935,209.109,-323.584,2.138,30.967,146.014,747.723,0.369,-46.536,-64.583,-27.921,-56.506,15.0,-37.081,269.0,74.0,45.527,-47.749,0.729,-2.517,29.765,43.025,178.02,0.676,-2.186,-76.517,-2.815,-109.772,0.605,temp_g5_19_0001,bi-obj/run12/g5/g5_1.pdb.sc,run12_g5_g5_1,-1.833,0.0758132934570312,5,12,13
539.0,794.853213429451,1.4746812865110408,3.419196367263794,0.0,1.4746812865110408,146.0,86.3943327665329,0.5917420052502254,2.387329578399658,3.3100966892830312,3.901838694533257,38.0,10.159828662872314,0.2673639121808503,0.7639174461364746,4.329280865819831,4.596644778000681,96.5541614294052,184.0,38,38,277,263,540,run12_g5_g5_10,bi-obj/run12/g5/g5_10.pdb,-475.755,-1.769,-56.427,-2.529,-42.075,-1.886,1114.316,2231.401,1117.085,22.0,-1.833,-1303.59,213.321,-335.192,2.147,31.589,150.403,760.248,0.361,-47.902,-63.562,-29.21,-55.969,15.0,-35.742,269.0,79.0,43.549,-51.265,0.706,-2.502,26.614,41.643,178.373,0.687,-2.027,-74.992,-2.922,-122.703,0.623,temp_g5_24_0001,bi-obj/run12/g5/g5_10.pdb.sc,run12_g5_g5_10,-1.886,0.3661384582519531,5,12,8
547.0,805.6070798635483,1.472773454960783,3.450584650039673,0.0,1.472773454960783,144.0,84.60908114910126,0.5875630635354254,2.1462464332580566,3.3078254287441573,3.8953884922795825,44.0,11.718794584274292,0.2663362405516885,0.9989333152770996,4.324598122726787,4.590934363278476,96.32787573337556,188.0,38,39,276,272,548,run12_g6_g6_0,bi-obj/run12/g6/g6_0.pdb,-484.926,-1.803,-57.424,-2.539,-49.684,-2.196,1077.713,2262.039,1184.326,23.0,-1.856,-1296.219,206.342,-330.81,2.134,31.235,145.38,752.331,0.321,-49.65,-66.118,-29.39,-57.779,15.0,-36.711,269.0,76.0,41.821,-47.302,0.755,-2.682,30.222,43.898,176.932,0.678,-2.395,-88.605,-2.954,-115.22,0.615,temp_g6_01_0001,bi-obj/run12/g6/g6_0.pdb.sc,run12_g6_g6_0,-2.196,0.2161216735839843,6,12,8
544.0,801.812267780304,1.4739196098902647,3.2938930988311768,0.0,1.4739196098902647,148.0,82.65767323970795,0.5584977921601888,2.0573527812957764,3.31350185017328,3.871999642333469,41.0,9.59043264389038,0.2339129913143995,1.3490943908691406,4.353652843614904,4.587565834929303,92.24810588359831,189.0,38,39,275,270,545,run12_g6_g6_19,bi-obj/run12/g6/g6_19.pdb,-455.721,-1.694,-47.989,-2.108,-41.003,-1.801,1216.375,2276.776,1060.401,24.0,-1.877,-1276.937,215.556,-318.799,2.091,31.571,146.338,741.855,0.193,-49.208,-60.896,-20.169,-55.398,9.0,-38.345,269.0,80.0,48.558,-51.479,0.694,-2.489,16.282,38.73,175.893,0.639,-2.244,-89.759,-2.733,-109.323,0.514,temp_g6_19_0001,bi-obj/run12/g6/g6_19.pdb.sc,run12_g6_g6_19,-1.801,-0.3777694702148437,6,12,16
550.0,809.4272425174713,1.4716858954863117,3.385357141494751,0.0,1.4716858954863117,148.0,83.00055038928986,0.5608145296573639,2.3587164878845215,3.2733010416095323,3.834115571266896,50.0,10.781917810440063,0.2156383562088012,0.721860408782959,4.320683097839355,4.5363214540481565,93.78246819972992,198.0,38,39,281,270,551,run12_g6_g6_22,bi-obj/run12/g6/g6_22.pdb,-470.746,-1.75,-52.101,-2.304,-42.701,-1.888,1179.385,2261.349,1081.964,27.0,-1.943,-1309.055,212.014,-330.394,2.154,31.867,150.626,760.082,0.262,-53.167,-60.235,-23.509,-57.224,12.0,-34.35,269.0,79.0,47.815,-50.188,0.755,-2.539,26.341,44.174,173.618,0.702,-2.317,-88.031,-2.746,-112.576,0.63,temp_g6_21_0001,bi-obj/run12/g6/g6_22.pdb.sc,run12_g6_g6_22,-1.888,0.5051651000976562,6,12,5
553.0,813.2212728261948,1.4705628803366997,3.28822660446167,0.0,1.4705628803366997,153.0,91.36264884471892,0.5971414957171172,2.5926644802093506,3.2882474660873413,3.8853889618044586,42.0,11.285630226135254,0.2687054815746489,1.394629955291748,4.16816706884475,4.436872550419399,102.6482790708542,195.0,38,39,284,270,554,run12_g6_g6_5,bi-obj/run12/g6/g6_5.pdb,-442.305,-1.644,-46.727,-2.02,-35.175,-1.521,1175.372,2312.666,1137.294,23.0,-0.826,-1295.109,223.198,-321.0,2.265,32.147,154.793,750.543,0.213,-45.548,-62.19,-20.798,-55.288,9.0,-36.273,269.0,79.0,50.754,-51.064,0.72,-2.272,16.165,39.997,175.102,0.677,-1.933,-73.459,-2.586,-106.013,0.826,temp_g6_08_0001,bi-obj/run12/g6/g6_5.pdb.sc,run12_g6_g6_5,-1.521,1.023782730102539,6,12,6
532.0,782.15205347538,1.470210626833421,3.1309475898742676,0.0,1.470210626833421,141.0,83.53480994701385,0.5924454606171196,2.3212852478027344,3.2685166935548713,3.860962154171991,41.0,7.897017955780029,0.1926101940434153,1.1511859893798828,4.486503723191052,4.679113917234467,91.43182790279388,182.0,38,37,278,255,533,run12_g6_g6_7,bi-obj/run12/g6/g6_7.pdb,-457.235,-1.7,-47.329,-2.165,-31.752,-1.452,1171.135,2186.144,1015.009,21.0,-1.792,-1297.69,213.424,-327.031,2.252,31.907,149.646,751.697,0.284,-50.031,-61.686,-23.615,-56.62,10.0,-33.511,269.0,77.0,47.879,-48.456,0.754,-2.461,28.003,41.889,175.881,0.696,-2.267,-81.629,-2.632,-107.9,0.62,temp_g6_05_0001,bi-obj/run12/g6/g6_7.pdb.sc,run12_g6_g6_7,-1.452,0.4222908020019531,6,12,10
555.0,815.4027938842773,1.4691942232149142,3.28822660446167,0.0,1.4691942232149142,155.0,92.18958842754364,0.5947715382422171,2.5926644802093506,3.288387296276708,3.883158834518925,43.0,11.580014944076538,0.269302673118059,1.394629955291748,4.158602298692215,4.427904971810275,103.76960337162018,198.0,38,39,286,270,556,run12_g7_g7_10,bi-obj/run12/g7/g7_10.pdb,-450.92,-1.676,-48.087,-2.079,-36.849,-1.593,1169.429,2313.138,1143.709,23.0,-0.826,-1297.44,221.002,-321.984,2.277,32.165,154.842,753.529,0.244,-47.811,-62.221,-22.262,-55.496,11.0,-36.018,269.0,79.0,50.16,-51.641,0.712,-2.349,16.165,39.799,174.014,0.669,-1.947,-73.975,-2.722,-111.615,0.826,temp_g7_05_0001,bi-obj/run12/g7/g7_10.pdb.sc,run12_g7_g7_10,-1.593,0.1345462799072265,7,12,12
534.0,787.9480932950974,1.475558227144377,3.419196367263794,0.0,1.475558227144377,144.0,83.43736410140991,0.5794261395931244,2.387329578399658,3.317497635881106,3.8969237754742303,38.0,10.452284097671509,0.2750601078334607,0.7733335494995117,4.324210568478233,4.5992706763116935,93.88964819908142,182.0,38,38,272,263,535,run12_g7_g7_13,bi-obj/run12/g7/g7_13.pdb,-472.75,-1.757,-55.463,-2.556,-40.043,-1.845,1113.58,2169.883,1056.303,20.0,-1.737,-1296.649,212.152,-332.719,2.132,31.049,149.815,753.494,0.345,-47.884,-64.179,-26.154,-56.084,14.0,-35.233,269.0,79.0,44.522,-51.825,0.726,-2.476,26.538,41.216,178.178,0.688,-2.007,-74.249,-2.89,-121.365,0.621,temp_g7_14_0001,bi-obj/run12/g7/g7_13.pdb.sc,run12_g7_g7_13,-1.845,0.5381736755371094,7,12,5
530.0,782.5785763263702,1.4765633515591892,3.3959436416625977,0.0,1.4765633515591892,144.0,86.64913201332092,0.6017300834258398,2.4202096462249756,3.2887243065569134,3.8904543899827537,42.0,12.75624394416809,0.3037200939087641,1.5857396125793457,4.26896611849467,4.5726862124034335,99.405375957489,186.0,38,38,268,263,531,run12_g7_g7_14,bi-obj/run12/g7/g7_14.pdb,-459.609,-1.709,-52.13,-2.349,-40.701,-1.834,1167.241,2219.323,1052.082,26.0,-1.897,-1281.32,203.566,-313.166,2.148,30.287,140.56,731.459,0.249,-43.146,-62.874,-25.812,-57.382,11.0,-35.391,269.0,78.0,47.126,-48.174,0.676,-2.483,29.827,42.92,181.159,0.637,-2.309,-83.116,-2.633,-110.595,0.5,temp_g7_21_0001,bi-obj/run12/g7/g7_14.pdb.sc,run12_g7_g7_14,-1.834,1.0598106384277344,7,12,5
535.0,788.6068085432053,1.474031417837767,3.450584650039673,0.0,1.474031417837767,141.0,84.8155562877655,0.6015287679983369,2.81412672996521,3.315577211109459,3.917105979107796,40.0,10.371097564697266,0.2592774391174316,0.8494658470153809,4.398165553808212,4.657442992925644,95.18665385246275,181.0,38,38,273,263,536,run12_g7_g7_16,bi-obj/run12/g7/g7_16.pdb,-480.023,-1.784,-55.512,-2.508,-44.452,-2.008,1042.152,2213.202,1171.051,20.0,-1.856,-1289.941,206.565,-328.0,2.237,30.979,145.335,750.013,0.375,-47.523,-65.983,-28.468,-56.314,17.0,-36.384,269.0,74.0,41.681,-49.118,0.702,-2.658,26.217,40.55,179.373,0.682,-2.346,-82.094,-2.939,-114.614,0.614,temp_g7_23_0001,bi-obj/run12/g7/g7_16.pdb.sc,run12_g7_g7_16,-2.008,0.6226119995117188,7,12,4
539.0,794.5411361455917,1.4741022934055503,3.1963021755218506,0.0,1.4741022934055503,143.0,81.89676415920258,0.5727046444699481,2.3351104259490967,3.3378871629288147,3.910591807398762,40.0,11.493297338485718,0.2873324334621429,0.8991613388061523,4.309128028154373,4.596460461616516,93.3900614976883,183.0,38,39,268,272,540,run12_g7_g7_18,bi-obj/run12/g7/g7_18.pdb,-450.7,-1.675,-50.136,-2.222,-42.814,-1.897,1138.446,2256.8,1118.354,36.0,-1.844,-1275.037,200.046,-304.631,2.143,30.594,143.392,723.809,0.222,-47.191,-59.192,-22.784,-57.123,10.0,-36.07,269.0,80.0,44.473,-46.829,0.737,-2.354,26.579,46.321,182.089,0.689,-2.177,-84.915,-2.522,-103.418,0.554,temp_g7_12_0001,bi-obj/run12/g7/g7_18.pdb.sc,run12_g7_g7_18,-1.897,-0.7004146575927734,7,12,17
549.0,807.1947878599167,1.4703001600362782,3.4682679176330566,0.0,1.4703001600362782,142.0,85.03151428699493,0.5988134808943305,2.2151644229888916,3.3153123343494575,3.914125815243788,41.0,11.534784078598022,0.2813361970389761,1.019327163696289,4.29257287048712,4.573909067526096,96.56629836559296,183.0,38,39,278,272,550,run12_g7_g7_20,bi-obj/run12/g7/g7_20.pdb,-493.003,-1.833,-53.65,-2.343,-47.707,-2.083,1129.071,2290.083,1161.012,23.0,-1.713,-1300.891,206.064,-333.423,2.222,31.552,146.656,756.746,0.296,-50.472,-65.822,-29.173,-58.143,13.0,-35.019,269.0,75.0,38.21,-46.386,0.707,-2.783,28.36,41.724,175.844,0.686,-2.555,-91.979,-2.993,-116.709,0.663,temp_g7_00_0001,bi-obj/run12/g7/g7_20.pdb.sc,run12_g7_g7_20,-2.083,0.388641357421875,7,12,7
532.0,786.0865778923035,1.4776063494216232,3.193488597869873,0.0,1.4776063494216232,136.0,81.06091225147247,0.5960361194961211,2.36051607131958,3.324053603936644,3.920089723432765,39.0,10.80898642539978,0.2771534980871739,1.016404628753662,4.362652179522392,4.639805677609566,91.86989867687224,175.0,38,38,269,264,533,run12_g8_g8_17,bi-obj/run12/g8/g8_17.pdb,-454.913,-1.691,-49.237,-2.191,-41.602,-1.851,1149.727,2247.519,1097.792,36.0,-1.835,-1273.932,200.338,-305.709,2.143,30.694,139.678,724.939,0.223,-46.812,-60.881,-22.727,-57.134,10.0,-35.808,269.0,80.0,44.114,-47.084,0.772,-2.369,26.579,46.505,181.453,0.681,-2.152,-83.945,-2.576,-105.604,0.566,temp_g8_18_0001,bi-obj/run12/g8/g8_17.pdb.sc,run12_g8_g8_17,-1.851,-0.3904399871826172,8,12,16
540.0,794.9832943677902,1.4721912858662782,3.2851128578186035,0.0,1.4721912858662782,139.0,85.74622786045074,0.6168793371255449,2.2408134937286377,3.2593537311759784,3.876233068301523,44.0,9.355050325393677,0.2126147801225835,1.2118597030639648,4.43766747821461,4.650282258337194,95.10127818584442,183.0,38,39,271,270,541,run12_g8_g8_18,bi-obj/run12/g8/g8_18.pdb,-446.329,-1.659,-47.129,-2.15,-33.791,-1.541,1082.081,2192.467,1110.386,24.0,-1.955,-1297.328,216.101,-319.91,2.154,31.04,151.846,752.511,0.276,-46.02,-62.556,-21.568,-55.717,11.0,-36.599,269.0,78.0,44.607,-47.898,0.704,-2.062,21.493,45.234,177.703,0.69,-1.763,-65.23,-2.332,-95.597,0.533,temp_g8_06_0001,bi-obj/run12/g8/g8_18.pdb.sc,run12_g8_g8_18,-1.541,-0.4362602233886719,8,12,20
524.0,774.7255452871323,1.478483865051779,3.3713393211364746,0.0,1.478483865051779,140.0,84.58630394935608,0.6041878853525434,2.461603879928589,3.2840355396270753,3.8882234249796186,38.0,12.65002965927124,0.3328955173492431,1.5857396125793457,4.291673904971073,4.624569422320316,97.23633360862732,178.0,38,38,262,263,525,run12_g8_g8_19,bi-obj/run12/g8/g8_19.pdb,-479.787,-1.784,-58.748,-2.621,-48.188,-2.15,1175.343,2241.676,1066.333,19.0,-1.898,-1270.943,200.166,-319.785,2.118,29.641,139.203,733.177,0.264,-46.244,-65.844,-23.952,-58.211,14.0,-34.803,269.0,79.0,40.607,-51.258,0.667,-2.695,26.478,40.935,180.287,0.649,-2.662,-98.512,-2.723,-114.383,0.538,temp_g8_14_0001,bi-obj/run12/g8/g8_19.pdb.sc,run12_g8_g8_19,-2.15,-0.2965621948242187,8,12,13
534.0,787.5760849714279,1.474861582343498,3.413102388381958,0.0,1.474861582343498,144.0,84.32788038253784,0.5856102804342905,2.4376511573791504,3.316694820920626,3.902305101354917,44.0,11.0712251663208,0.2516187537800182,0.7950429916381836,4.30852994593707,4.560148699717089,95.39910554885864,188.0,38,38,272,263,535,run12_g8_g8_22,bi-obj/run12/g8/g8_22.pdb,-479.596,-1.783,-56.744,-2.588,-41.151,-1.877,1134.782,2192.464,1057.682,20.0,-0.826,-1291.382,210.003,-335.182,2.175,31.137,145.119,755.327,0.348,-48.253,-64.463,-26.569,-55.99,15.0,-34.294,269.0,79.0,43.358,-51.987,0.699,-2.538,26.62,40.358,174.634,0.687,-2.031,-75.135,-2.985,-125.389,0.621,temp_g8_13_0001,bi-obj/run12/g8/g8_22.pdb.sc,run12_g8_g8_22,-1.877,1.2637662887573242,8,12,4
550.0,808.2214832305908,1.4694936058738015,3.315999746322632,0.0,1.4694936058738015,155.0,90.95153093338013,0.5867840705379364,2.5926644802093506,3.33184076124622,3.918624831784156,46.0,12.211976051330566,0.2654777402463166,1.5858449935913086,4.243350448815719,4.508828189062036,103.1635069847107,201.0,38,38,288,263,551,run12_g8_g8_5,bi-obj/run12/g8/g8_5.pdb,-482.531,-1.794,-52.877,-2.363,-43.483,-1.943,1245.794,2237.382,991.589,23.0,-0.826,-1305.557,217.262,-331.231,2.373,32.159,153.425,748.829,0.147,-44.497,-61.983,-20.55,-56.459,8.0,-35.424,269.0,80.0,45.266,-56.109,0.74,-2.597,16.048,36.912,177.024,0.639,-2.175,-84.808,-2.999,-122.965,0.807,temp_g8_19_0001,bi-obj/run12/g8/g8_5.pdb.sc,run12_g8_g8_5,-1.943,0.1431694030761718,8,12,11
529.0,779.6960489749908,1.473905574621911,3.3395330905914307,0.0,1.473905574621911,141.0,82.90938365459442,0.5880098131531519,2.8128485679626465,3.310823569906519,3.898833383059671,42.0,10.580610752105711,0.2519193036215646,1.0866012573242188,4.279504435403006,4.531423739024571,93.48999440670012,183.0,38,37,274,256,530,run12_g9_g9_10,bi-obj/run12/g9/g9_10.pdb,-471.553,-1.753,-54.112,-2.485,-36.879,-1.693,1138.483,2177.862,1039.379,19.0,-1.688,-1300.125,212.963,-334.188,2.229,31.107,150.689,756.985,0.369,-49.273,-63.848,-27.439,-55.997,15.0,-33.792,269.0,79.0,45.263,-50.415,0.706,-2.537,29.563,38.691,177.09,0.701,-2.128,-78.725,-2.897,-121.685,0.633,temp_g9_21_0001,bi-obj/run12/g9/g9_10.pdb.sc,run12_g9_g9_10,-1.693,0.302774429321289,9,12,9
523.0,772.8250906467438,1.4776770375654755,3.3713393211364746,0.0,1.4776770375654755,137.0,82.91745936870575,0.6052369296985821,2.461603879928589,3.289763226996373,3.8950001566949553,34.0,11.654696702957152,0.3427851971457986,0.8799171447753906,4.368611461975995,4.711396659121794,94.5721560716629,171.0,38,38,261,263,524,run12_g9_g9_12,bi-obj/run12/g9/g9_12.pdb,-496.039,-1.844,-59.82,-2.726,-51.722,-2.357,1150.599,2194.075,1043.477,20.0,-1.898,-1265.381,196.719,-320.636,2.103,29.655,136.467,730.939,0.236,-50.339,-65.584,-23.979,-59.024,13.0,-35.488,269.0,78.0,36.734,-51.79,0.682,-2.828,26.478,40.807,177.355,0.634,-2.839,-105.044,-2.818,-115.534,0.822,temp_g9_19_0001,bi-obj/run12/g9/g9_12.pdb.sc,run12_g9_g9_12,-2.357,-0.2454280853271484,9,12,5
545.0,802.6345771551132,1.4727239947800244,3.450584650039673,0.0,1.4727239947800244,143.0,82.62100803852081,0.577769286982663,2.333621025085449,3.31334459948373,3.891113886466393,41.0,10.862747192382812,0.2649450534727515,0.8479981422424316,4.330663477502218,4.595608530974969,93.48375523090364,184.0,38,39,274,272,546,run12_g9_g9_14,bi-obj/run12/g9/g9_14.pdb,-492.192,-1.83,-58.247,-2.601,-49.499,-2.21,1072.863,2239.722,1166.859,19.0,-1.856,-1291.071,204.055,-331.448,2.141,30.65,144.879,746.102,0.327,-51.125,-66.845,-27.407,-57.813,15.0,-36.01,269.0,76.0,40.742,-48.78,0.695,-2.752,30.222,42.691,177.982,0.672,-2.413,-89.277,-3.074,-119.869,0.699,temp_g9_23_0001,bi-obj/run12/g9/g9_14.pdb.sc,run12_g9_g9_14,-2.21,-0.4098777770996094,9,12,11
548.0,805.6738276481628,1.4702077146864283,3.28822660446167,0.0,1.4702077146864283,152.0,88.24531042575836,0.5805612528010419,2.052295446395874,3.3112719568767046,3.8918332096777464,40.0,11.56502914428711,0.2891257286071777,1.4928712844848633,4.171763563156128,4.460889291763306,99.81033957004549,192.0,38,38,286,263,549,run12_g9_g9_16,bi-obj/run12/g9/g9_16.pdb,-479.683,-1.783,-50.604,-2.21,-42.367,-1.85,1190.666,2289.932,1099.266,20.0,-0.826,-1303.514,215.565,-324.632,2.279,32.431,154.829,753.471,0.2,-50.729,-63.741,-19.588,-56.661,10.0,-37.211,269.0,79.0,45.894,-50.72,0.708,-2.48,8.684,39.945,174.014,0.696,-2.244,-87.497,-2.71,-108.389,0.826,temp_g9_15_0001,bi-obj/run12/g9/g9_16.pdb.sc,run12_g9_g9_16,-1.85,-0.1154804229736328,9,12,14
544.0,801.4402323961258,1.4732357213164078,3.450584650039673,0.0,1.4732357213164078,141.0,84.50246405601501,0.5993082557164185,2.1462464332580566,3.2888434897077845,3.888151745424203,46.0,12.403148174285889,0.2696336559627367,0.9989333152770996,4.348536113034124,4.618169768996861,96.9056122303009,187.0,38,39,273,272,545,run12_g9_g9_21,bi-obj/run12/g9/g9_21.pdb,-475.868,-1.769,-55.907,-2.513,-45.764,-2.057,1019.758,2225.057,1205.298,19.0,-1.856,-1289.53,207.012,-327.213,2.122,30.864,145.967,750.92,0.334,-50.193,-65.049,-27.926,-57.088,16.0,-36.746,269.0,76.0,41.691,-47.597,0.759,-2.569,29.765,43.334,175.087,0.675,-2.222,-82.216,-2.898,-113.032,0.568,temp_g9_14_0001,bi-obj/run12/g9/g9_21.pdb.sc,run12_g9_g9_21,-2.057,0.1080093383789062,9,12,11
556.0,816.5376096963882,1.4685928231949428,3.316152334213257,0.0,1.4685928231949428,159.0,95.05030119419098,0.5978006364414526,2.5926644802093506,3.261756644308942,3.8595572807503946,48.0,12.576626300811768,0.2620130479335785,1.394629955291748,4.15163407723109,4.413647125164668,107.62692749500276,207.0,38,39,287,270,557,run12_g9_g9_22,bi-obj/run12/g9/g9_22.pdb,-456.079,-1.695,-49.997,-2.167,-37.826,-1.639,1160.815,2307.716,1146.901,22.0,-0.826,-1299.178,220.082,-319.954,2.275,32.19,154.524,752.829,0.286,-46.359,-62.573,-23.936,-56.053,12.0,-36.772,269.0,79.0,48.788,-52.051,0.707,-2.408,15.635,39.572,174.691,0.677,-1.973,-74.957,-2.812,-115.306,1.039,temp_g9_03_0001,bi-obj/run12/g9/g9_22.pdb.sc,run12_g9_g9_22,-1.639,-0.1105899810791015,9,12,16
553.0,812.4449141025543,1.4691589766773134,3.127643585205078,0.0,1.4691589766773134,150.0,85.30094277858734,0.568672951857249,2.2230446338653564,3.264408457279205,3.8330814091364545,52.0,11.35939073562622,0.2184498218389657,0.721860408782959,4.324124460036938,4.542574281875904,96.66033351421356,202.0,38,39,284,270,554,run12_g9_g9_3,bi-obj/run12/g9/g9_3.pdb,-474.235,-1.763,-54.007,-2.418,-43.969,-1.969,1157.28,2233.252,1075.972,29.0,-1.892,-1309.907,210.077,-328.124,2.16,31.711,152.747,758.157,0.304,-52.651,-61.283,-23.593,-57.435,13.0,-34.599,269.0,78.0,43.807,-51.405,0.697,-2.562,27.627,42.812,176.924,0.7,-2.354,-89.459,-2.758,-110.338,0.633,temp_g9_01_0001,bi-obj/run12/g9/g9_3.pdb.sc,run12_g9_g9_3,-1.969,0.4683818817138672,9,12,5
